{"type":"FeatureCollection","features":[{"type":"Feature","geometry":{"type":"Polygon","coordinates":[[[-81.34532800025315,34.2050299998277],[-81.3451619996735,34.20490100024665],[-81.34494199956546,34.20475299985058],[-81.34466600027926,34.20450300035835],[-81.34438000004899,34.20398599984983],[-81.34397199961998,34.203570999972605],[-81.34363199986136,34.2029989996647],[-81.34342299962398,34.20270300010644],[-81.3431909998204,34.202490999773936],[-81.3429370002755,34.20224100025985],[-81.34267299978654,34.202029000251514],[-81.34238999992931,34.201823999908115],[-81.34235300011939,34.2017969998837],[-81.34203199972903,34.20162099987049],[-81.34177800018412,34.20152799993891],[-81.34154600038055,34.201434999904684],[-81.34131399967863,34.20115800000183],[-81.3410939995706,34.20083500033362],[-81.34085199972125,34.20066800017629],[-81.34061999991768,34.20036400024184],[-81.34061400006989,34.20034800025404],[-81.34044500001549,34.19990300025869],[-81.34033600023555,34.19953399993214],[-81.34006000005103,34.19932199980332],[-81.3398740002782,34.19901700015481],[-81.33987500010309,34.19874099980207],[-81.33973199998796,34.19846399996368],[-81.33954500039022,34.19819699992866],[-81.33925800033504,34.19798400007915],[-81.33907099983897,34.19780800027884],[-81.33896100023412,34.19758700030484],[-81.33869799957007,34.19721399991238],[-81.33832400037457,34.197086999685055],[-81.33811400031229,34.1969790001544],[-81.33788300033362,34.196824000097884],[-81.33769699966244,34.19662400017915],[-81.33753400035414,34.196269000195244],[-81.33745900001108,34.195994999957996],[-81.33731800044409,34.195621999953076],[-81.33723300005526,34.195278999994315],[-81.33666999981557,34.19498199997085],[-81.33616100000253,34.194916000153796],[-81.33588999984089,34.19496099989956],[-81.33552900016588,34.19511599966564],[-81.33506399983546,34.19502199987986],[-81.33457699976373,34.195019999661916],[-81.33398900030801,34.19521100019631],[-81.33372300016921,34.19519999976494],[-81.333468999726,34.19497999975196],[-81.33306500039328,34.19430599982755],[-81.33302000018742,34.19390000021217],[-81.33308799995949,34.19367000001662],[-81.33225899958101,34.193326000162216],[-81.33199400016545,34.19318699994176],[-81.33173999972223,34.19296500035469],[-81.33143000010085,34.19296400022136],[-81.331208000343,34.19302699968232],[-81.33088600012772,34.193201000284375],[-81.33052000042983,34.19330099990424],[-81.33008799971138,34.193355000184624],[-81.32967900035578,34.193252000239085],[-81.32943499995831,34.19290900029961],[-81.32943099976035,34.19287799985507],[-81.32940300017125,34.19283600014543],[-81.32922800026908,34.192501000368125],[-81.32916100032193,34.19237200019212],[-81.32907799958292,34.19214600011666],[-81.32904300032115,34.19202499981087],[-81.3290330002754,34.19174900034895],[-81.32906699971227,34.191642000074985],[-81.32917899986528,34.191299000274704],[-81.3293360002241,34.190903999807645],[-81.32940499982107,34.19041600016362],[-81.32924699963733,34.19015500016655],[-81.3290330002754,34.18970099981581],[-81.32900700033613,34.18964499982259],[-81.3288919998101,34.1897019999879],[-81.32873600017447,34.18977799965296],[-81.32852799976202,34.189878000359435],[-81.32833000029362,34.189955000034985],[-81.32815799986618,34.190009999654],[-81.32797899976603,34.19002100001932],[-81.3277939998181,34.18999299976208],[-81.32768199966512,34.189955000034985],[-81.3275689996872,34.189878000359435],[-81.3274630002803,34.18983400030096],[-81.32721800005793,34.18976300005689],[-81.32709300038444,34.189691000324],[-81.32705999987417,34.189625000081364],[-81.32703300010999,34.18946599992654],[-81.32697399966044,34.18938899980454],[-81.32689400019282,34.189349999629115],[-81.32676899962104,34.18931699975238],[-81.32660299993968,34.189328000208086],[-81.32646400002251,34.18936100008052],[-81.3262659996558,34.18940000025091],[-81.32612699973862,34.1894160000869],[-81.32593500011798,34.189410999952706],[-81.32573599992637,34.189410999952706],[-81.32556400039724,34.18945500023185],[-81.32539199996977,34.189503999873956],[-81.32502899974662,34.189570000211276],[-81.32459899957631,34.189570000211276],[-81.32442700004718,34.18956500008621],[-81.324280999559,34.18958700018846],[-81.32414900021284,34.18965299971776],[-81.32387100037847,34.18965299971776],[-81.32366600033907,34.18964200004746],[-81.3231959999858,34.18958200006441],[-81.32279900032576,34.1894770003628],[-81.32254099968458,34.18942799996194],[-81.3224019997674,34.18935599994306],[-81.3223230001247,34.18925200013753],[-81.32225600017755,34.1890919998433],[-81.32224299975876,34.188976999955216],[-81.32221699981947,34.18886199991034],[-81.3221769996365,34.18879000015132],[-81.32210399984157,34.188767999841176],[-81.32200500010737,34.188779000368484],[-81.32192599956633,34.1888180000649],[-81.32184600009872,34.18890000012988],[-81.3217740001287,34.18893300016978],[-81.32168799991497,34.18894399993254],[-81.32162099996782,34.18890000012988],[-81.32158199960976,34.18884499978702],[-81.32151600038584,34.18882300023425],[-81.32138999998914,34.18880700028572],[-81.3213170001942,34.188767999841176],[-81.32125100007197,34.18869700018587],[-81.32119800036851,34.188565000322555],[-81.32115800018555,34.188410999849346],[-81.32112499967526,34.18824000033588],[-81.32102599994106,34.187943000044015],[-81.32095999981883,34.187833999754645],[-81.3208600002597,34.18773499979245],[-81.32084699984091,34.187669000248455],[-81.32088700002389,34.18758100003305],[-81.32093300005464,34.187497999973786],[-81.32095999981883,34.187416000031945],[-81.32093999972734,34.18735499975166],[-81.32089299987167,34.18729999988746],[-81.3207680001982,34.18722300001738],[-81.32047699994507,34.187113000081],[-81.32039699957913,34.18705800005907],[-81.32037099963985,34.18700300000122],[-81.32037099963985,34.18678899990781],[-81.32034399987567,34.18666800009047],[-81.32029799984493,34.1865800003169],[-81.3202119996312,34.186491999708466],[-81.32013299998849,34.18644800011292],[-81.31999999991909,34.18641499984388],[-81.31987500024562,34.186360000109886],[-81.31979499987968,34.186288999913835],[-81.31971600023695,34.18619000036751],[-81.31968299972668,34.186013999731315],[-81.31964300044203,34.185952999923295],[-81.31959599968806,34.18592000020373],[-81.31951600022042,34.18589300028844],[-81.319311000181,34.18583299986776],[-81.31917899993651,34.18575499992588],[-81.31903300034666,34.18564599978146],[-81.31893399971415,34.185595999906695],[-81.31880800021577,34.18555799968479],[-81.31868299964398,34.185514000345194],[-81.31858999975755,34.185491999923634],[-81.31851699996263,34.18550799975788],[-81.31841800022842,34.18553600001788],[-81.31823999995319,34.18561299994173],[-81.3180080001496,34.18576099975244],[-81.31780300011017,34.18592600001857],[-81.3175510002151,34.186141000286405],[-81.31747900024509,34.18621199986391],[-81.31741999979555,34.1862389996771],[-81.31733399958182,34.18625100000414],[-81.31726499998486,34.18624200031637],[-81.31713600011341,34.186228000304695],[-81.3170230001355,34.18624999979119],[-81.31685800027907,34.18635499979448],[-81.31675199997386,34.18643700002467],[-81.31663999982086,34.1865470000995],[-81.31650699975148,34.18674499972409],[-81.31645400004801,34.186877000206394],[-81.31642100043607,34.18704199977572],[-81.31638200007801,34.18709200027952],[-81.31630199971207,34.18712999981035],[-81.31615699994711,34.18712999981035],[-81.31587900011274,34.18704199977572],[-81.31575299971605,34.18702600023244],[-81.3156139997989,34.18703099976492],[-81.31555500024766,34.187059000262444],[-81.31535000020824,34.18721799975318],[-81.31523700023034,34.18725700017138],[-81.3150720003739,34.18725700017138],[-81.31497199991648,34.18723500020443],[-81.31488599970275,34.18718000026199],[-81.31468800023434,34.18704199977572],[-81.31445600043077,34.18690500001193],[-81.31433099985897,34.18681099999109],[-81.314298000247,34.186586000084844],[-81.31427800015551,34.186376999990955],[-81.31422399972884,34.18624599968231],[-81.31419199994178,34.18626099990384],[-81.31401700003961,34.185894999979666],[-81.31071999969058,34.179309999707144],[-81.30997700042413,34.177826999912966],[-81.3096939996686,34.17726100005537],[-81.30811199997794,34.17409400029303],[-81.30717100034478,34.17221199993891],[-81.30652299971626,34.172027999792505],[-81.30577500042695,34.17180800028655],[-81.30491199971327,34.17154099985225],[-81.30352800038932,34.1710920001402],[-81.30274699969142,34.170813999775],[-81.3025900002309,34.17075799987933],[-81.30090200023504,34.17011800002597],[-81.29925000022416,34.16950400007654],[-81.2986200000373,34.16926899967055],[-81.297344999595,34.16879600009562],[-81.29673000037506,34.16856700025422],[-81.29610000018822,34.168334000319994],[-81.29537100026717,34.16806299981712],[-81.29461800005667,34.167782999760426],[-81.29318899962857,34.16724699994926],[-81.29269700043228,34.16706300012797],[-81.29246100043073,34.166977000114336],[-81.29229499985107,34.16691700036411],[-81.29179799973362,34.16673700011413],[-81.29163299987715,34.16667700019332],[-81.29161699998365,34.16667099975291],[-81.2915230002723,34.16663500007466],[-81.29119500020924,34.16651099974411],[-81.2910860004293,34.16646999999031],[-81.28913899996734,34.16573099981803],[-81.28770399969144,34.16519399989381],[-81.28277100012339,34.1633470001594],[-81.28062700001793,34.16254600002389],[-81.277548999952,34.16139699997058],[-81.27675700028178,34.161101999871846],[-81.27415899971656,34.16014600018737],[-81.27395399967715,34.16007100037082],[-81.27393799978361,34.16006500020422],[-81.27327699963463,34.15982499988048],[-81.27305700042491,34.15974500011653],[-81.27304099963308,34.15977900019273],[-81.27299100030268,34.15987699972356],[-81.27279100028613,34.16027499983495],[-81.2727250001639,34.160407999876035],[-81.27262999972935,34.16059999975589],[-81.27234699987213,34.1611770002592],[-81.27225300016079,34.16136999964156],[-81.27178700000549,34.16232400008339],[-81.27172599990611,34.16245000012125],[-81.27162999964663,34.16268200019462],[-81.27155799967662,34.1629189998484],[-81.27151199964587,34.16314299994137],[-81.27137500027682,34.16395999981958],[-81.27131400017745,34.16420399994941],[-81.27123800000948,34.1644439997182],[-81.27116600003946,34.16460900004605],[-81.27106099955917,34.164803999950216],[-81.27093599988568,34.16499999986883],[-81.27073000002136,34.165285000315144],[-81.27011099970515,34.16614800023482],[-81.2700350004355,34.16626300002306],[-81.27001199997098,34.16629300013596],[-81.26969800015159,34.16671599970076],[-81.26959400039453,34.166858000270736],[-81.26946200015006,34.16688600003047],[-81.26925799993555,34.16692200034489],[-81.26900000019269,34.1669540003638],[-81.26821799966989,34.16701499978544],[-81.2679800000185,34.167031000150445],[-81.26487299964026,34.16724799964427],[-81.26449000022394,34.167283000109784],[-81.26393700002997,34.16734800029875],[-81.26320599956078,34.16745599986169],[-81.26312799974298,34.167469000322804],[-81.26221999972178,34.16762299962959],[-81.26152699978574,34.16774400000267],[-81.26116799976053,34.16780699971675],[-81.26103300004132,34.1678279998587],[-81.26022399975433,34.16795899977703],[-81.25963299992553,34.168038999933586],[-81.2595469997118,34.168048999761986],[-81.25904999959434,34.168107999766114],[-81.25822600013706,34.16819299968694],[-81.25753400002593,34.16826999982992],[-81.25749600039109,34.16827499973056],[-81.25690999968684,34.16835500033089],[-81.25440300025656,34.16873800024968],[-81.25372799986387,34.16884999971126],[-81.25301800020938,34.168984999714176],[-81.25152199983413,34.16927200017004],[-81.25048699959133,34.16946899978871],[-81.24977199991396,34.16960600036541],[-81.24876599998349,34.169782999962024],[-81.2473740002636,34.17000399994932],[-81.24668499962722,34.17011500029976],[-81.24633300017304,34.170155999769555],[-81.24628299994431,34.170159999898026],[-81.24613200033157,34.17017200028237],[-81.24608299992778,34.170177000070346],[-81.2449020000951,34.17024900010646],[-81.2442259998775,34.17029099991332],[-81.24389000031682,34.17031000011994],[-81.24351200002505,34.170330999639205],[-81.24226599989505,34.17040600000313],[-81.24207500009935,34.17041800035249],[-81.24135899969876,34.170453000246745],[-81.2401779998661,34.17051200005699],[-81.23945899999079,34.17054299980219],[-81.23934500018797,34.170548000311435],[-81.23848300019753,34.17056899977149],[-81.23730200036485,34.17057099982594],[-81.23658299959123,34.170572999880385],[-81.23553300017812,34.17057499993474],[-81.23345199982185,34.1705799996989],[-81.23238499979199,34.170587999915526],[-81.23133600020383,34.17059600013132],[-81.23080599957608,34.17059600013132],[-81.23068199972751,34.17059899984045],[-81.23000200021025,34.170618999632744],[-81.22939799996269,34.170643999923925],[-81.22872299956998,34.170695999792294],[-81.22807200036505,34.17074799962862],[-81.22785599955667,34.17075900027594],[-81.22720899965138,34.170794000028856],[-81.22699399956623,34.17080699997584],[-81.22698699989353,34.17079199997969],[-81.22697299964983,34.17074799962862],[-81.22682200003709,34.1702950000354],[-81.22646899985966,34.169391000326684],[-81.22626999966805,34.16883700020611],[-81.22625100029978,34.1687989998687],[-81.22613199957578,34.168563999729614],[-81.22597099991731,34.16834600022068],[-81.22550899995994,34.16772200015045],[-81.22544799986058,34.16764199969351],[-81.22529800007274,34.167445000270384],[-81.22412100043802,34.1658970003145],[-81.22385299975112,34.16555199972731],[-81.22365600010762,34.16529800036731],[-81.22333899991521,34.16493099972563],[-81.22329299988446,34.164879000022125],[-81.2232309999602,34.16480800033232],[-81.22313300005088,34.16469500024229],[-81.22302300044605,34.1646259998498],[-81.22294499972992,34.16457699988156],[-81.22273499966764,34.16444500018966],[-81.222471000077,34.16434499981265],[-81.22229600017481,34.16428600015157],[-81.22214499966374,34.16425600006873],[-81.22206299964799,34.16424099965166],[-81.22113700008344,34.163992000217995],[-81.22107299961102,34.16397500028658],[-81.22045800039109,34.16381600010662],[-81.22035000043607,34.16378700033601],[-81.22027900029096,34.16376899988386],[-81.22022400003938,34.16375400012356],[-81.21993600015928,34.163640000371565],[-81.21966400017273,34.1634919996685],[-81.21949699976814,34.163402000028164],[-81.21916700005526,34.16318600005388],[-81.21895500034316,34.16299799983287],[-81.21851400030219,34.16252700029957],[-81.2181069996981,34.16207500019895],[-81.21776500028965,34.16169499980752],[-81.21736600008147,34.161159999761004],[-81.21715900039224,34.16073900014749],[-81.21713199972973,34.16061500007654],[-81.21707599965325,34.16036300028244],[-81.2171839996083,34.15956500018468],[-81.21738299979992,34.15866800010611],[-81.21742800000575,34.15847099981207],[-81.21763600041822,34.15809100029736],[-81.21785099960506,34.15767199986541],[-81.21788099974228,34.15754500032091],[-81.21788300029043,34.15753000019822],[-81.2178670003969,34.15747299985635],[-81.21785599962791,34.157432000173486],[-81.21782399984089,34.15736400034741],[-81.21779000040401,34.15731800006229],[-81.21775600006882,34.15727099993902],[-81.2176630001824,34.157145000349445],[-81.21751699969423,34.15694500002484],[-81.21744700027233,34.156822000147514],[-81.21741899978493,34.156748000171234],[-81.21740100024157,34.156673000309944],[-81.21739399967058,34.1565950001754],[-81.21741100028733,34.15646900032048],[-81.21745099957197,34.15636100008283],[-81.21753199976283,34.156192999768976],[-81.21760000043321,34.15605499989834],[-81.21764899993869,34.1559299998101],[-81.21769400014453,34.15578300029022],[-81.21771800043398,34.1556409996767],[-81.21779399970364,34.1549430000367],[-81.21784099955933,34.154516999932774],[-81.21787099969654,34.15416599983443],[-81.21788099974228,34.15405900021956],[-81.2178819995672,34.15379299999903],[-81.21786200037404,34.153528000284965],[-81.2178330000617,34.15333699979586],[-81.21778399965791,34.15311900036775],[-81.21777299978726,34.15307100027487],[-81.2177059998401,34.15284600035863],[-81.21768300027388,34.15278299988807],[-81.21762299999942,34.1526219997111],[-81.21760799993082,34.1525910000758],[-81.2175080003717,34.15237200033788],[-81.21737199992927,34.152124999846805],[-81.2173190002258,34.152046999972015],[-81.21723800003497,34.15192799990041],[-81.21720100022505,34.15187899999714],[-81.21706899998054,34.15170200003377],[-81.21689999992616,34.15150499984417],[-81.21652300035761,34.15110199985515],[-81.21554599984111,34.15005999981184],[-81.21534400017477,34.14983400015087],[-81.21526100033407,34.14972399980106],[-81.21515300037905,34.14955100014377],[-81.2150920002797,34.14942999971738],[-81.21491900002731,34.148987000081156],[-81.21483799983648,34.148795999730986],[-81.21474300030022,34.14861600025125],[-81.21470800014012,34.14854899993393],[-81.21463199997214,34.148432999891305],[-81.21451800016932,34.148282000283],[-81.21443299978051,34.1481810001728],[-81.21425799987833,34.148023999835274],[-81.2141630003421,34.14795300009824],[-81.21404399961807,34.147876999936635],[-81.21426799992408,34.147609999648544],[-81.21427799996981,34.14759499999158],[-81.21437900025217,34.14745800012668],[-81.21450499975055,34.14726899989956],[-81.21465399971346,34.14701299994429],[-81.21473300025448,34.14686000015528],[-81.21480299967635,34.14669899984001],[-81.21482299976786,34.146644000243825],[-81.21486899979861,34.14652300011404],[-81.21492999989796,34.146360999957714],[-81.21495099981436,34.146300999683284],[-81.21499199982225,34.14618199969442],[-81.21511599967081,34.145829000003395],[-81.21515800040191,34.145711000043114],[-81.21527700022762,34.145385000115205],[-81.21539900042636,34.145033000025734],[-81.21546999967315,34.14483399997465],[-81.21566600039003,34.14422800027566],[-81.21578799969045,34.14379699979647],[-81.21595400027012,34.143124999915464],[-81.21599000025513,34.14295999998699],[-81.21614800043889,34.14225899966782],[-81.21624499962495,34.141821000324796],[-81.21627099956423,34.141708999955085],[-81.21628499980793,34.14164700009822],[-81.21631900014312,34.14151600025091],[-81.21638100006737,34.14131800009627],[-81.21650499991594,34.140697000319015],[-81.21662000044199,34.14022599982943],[-81.21665300005395,34.140090999943745],[-81.21682100028345,34.13941100013175],[-81.21686999978893,34.139182000154044],[-81.21692000001765,34.13887800025083],[-81.21696100002552,34.138556000119436],[-81.21708900007205,34.1375670002229],[-81.21710599979048,34.137425000214414],[-81.21716100004207,34.13700199966014],[-81.21718000030864,34.13686100024411],[-81.2171839996083,34.136822000332444],[-81.21720100022505,34.13670100026323],[-81.21720500042301,34.136667999876266],[-81.217057000285,34.13659500014625],[-81.21673599989462,34.13643899990059],[-81.21661100022115,34.13638300025695],[-81.21646100043331,34.13631599990426],[-81.21555500006195,34.135909000060664],[-81.21274499978462,34.13462600011939],[-81.21258699960089,34.13454099987112],[-81.21209600022952,34.13427800016246],[-81.2119539999393,34.13419499973678],[-81.21111899971304,34.13371099973382],[-81.21065299955771,34.133408000321516],[-81.20932799978499,34.13246199980474],[-81.20808500002803,34.13135000018819],[-81.20781600041454,34.13108800033973],[-81.20546499972153,34.12879500022581],[-81.20418199978161,34.127563999777536],[-81.20309300001044,34.126496000056584],[-81.202892000169,34.12630000002113],[-81.2023990002495,34.1258189999851],[-81.20196800025427,34.12539700028315],[-81.20171600035918,34.12515399978635],[-81.20139599979375,34.12484400029921],[-81.19983300036964,34.123336000048425],[-81.19979800020954,34.1233020001775],[-81.1996540002695,34.12316400012378],[-81.19911799979397,34.122650000183526],[-81.19894000041705,34.122478999831905],[-81.19890299970882,34.12250799965494],[-81.19883900013471,34.12255600000693],[-81.19853799983584,34.122787000111316],[-81.19843800027674,34.12286500022618],[-81.19817399978776,34.12307200021072],[-81.1981550004195,34.12308799997641],[-81.1978109995646,34.123347999649646],[-81.19759100035489,34.123515999837025],[-81.19587599969654,34.124721999987884],[-81.19575799969576,34.124806000245506],[-81.19544499970131,34.12503599995719],[-81.19524499968476,34.125199999738086],[-81.19497500024634,34.12546400036764],[-81.19482899975816,34.12562599968669],[-81.19447499975583,34.12605000009816],[-81.19384299991917,34.12681000012983],[-81.19336500006827,34.12741099972226],[-81.19316599987663,34.12768500028616],[-81.19301699991371,34.12790699980415],[-81.19289399989007,34.12811799997465],[-81.19281699989719,34.128273999962936],[-81.19271700033806,34.128512999801366],[-81.19259000011645,34.128885999711095],[-81.19258699974341,34.12889500030858],[-81.19225200000766,34.1299929998321],[-81.19223799976396,34.13004099965249],[-81.19222299969533,34.13008800005437],[-81.19218199968745,34.13021799963767],[-81.19213200035706,34.13037400021215],[-81.19210300004474,34.1304700001366],[-81.19206200003686,34.13059899974719],[-81.19199099989174,34.130780999940846],[-81.19186799986811,34.13103100000117],[-81.19172899995093,34.13126799998234],[-81.19168499957,34.13134599970848],[-81.19129299993284,34.131983000106516],[-81.19107100017499,34.13236300033181],[-81.19081099988398,34.132842000107225],[-81.19061900026337,34.133237000166346],[-81.19045799970657,34.133595000138655],[-81.19009600020664,34.134402000234516],[-81.18996800016012,34.13469699990253],[-81.18975300007496,34.135193999688816],[-81.18962400020352,34.13553199963162],[-81.18960699958679,34.13559100004842],[-81.18957800017277,34.13570200027982],[-81.18954100036285,34.13590599986273],[-81.18948299973823,34.13663899970589],[-81.18932799992754,34.139714000327004],[-81.18931700005687,34.14011600035189],[-81.18932700010261,34.14032099970229],[-81.18935399986678,34.14052099998554],[-81.18941300031634,34.140773000248316],[-81.1894810000884,34.14098500027681],[-81.1895439998376,34.14112800025507],[-81.18963800044725,34.14128900003467],[-81.18974700022719,34.141443000247904],[-81.18991000043378,34.14164000011151],[-81.19008399961275,34.14182700030056],[-81.19059499997392,34.142326999759405],[-81.19106899962685,34.14278999981379],[-81.19137400012369,34.14311400012849],[-81.19162400036895,34.143409999843925],[-81.19238500007707,34.14433199980668],[-81.19275199959986,34.144755000097106],[-81.1938100003072,34.14589500029992],[-81.19479600014618,34.14695599993865],[-81.19490300027631,34.14706700010975],[-81.19495599997977,34.147122000173994],[-81.1949729996982,34.14713699991496],[-81.19512099983619,34.14726600010497],[-81.19518000028575,34.14731099998655],[-81.19520399967689,34.14732700036827],[-81.1952329999892,34.14734699972594],[-81.19528599969266,34.14738400012352],[-81.19532599987562,34.147409999790476],[-81.1953669998835,34.14743600019283],[-81.19540899971629,34.14745999998522],[-81.19547800021158,34.14749299987453],[-81.19558500034171,34.14754599980496],[-81.19577100011455,34.147615000029255],[-81.19598700002462,34.14767899982063],[-81.19610599985029,34.14770500014017],[-81.19632299958528,34.14775300030881],[-81.19670300042517,34.14783600005585],[-81.19784300024997,34.14808800006016],[-81.19822400001648,34.14817200014236],[-81.19873700002748,34.14830499991581],[-81.19883400011184,34.148335999637254],[-81.19905800041784,34.14840699979582],[-81.19934399974979,34.14851399988016],[-81.19960300021586,34.14862500023432],[-81.19977899994296,34.14871300018371],[-81.19997700030969,34.14882600010263],[-81.20016200025762,34.148951000297295],[-81.20032200009119,34.149077000217126],[-81.2004019995588,34.14913899982546],[-81.20049399962032,34.14922099978916],[-81.20057200033644,34.149291000039696],[-81.20073299999493,34.149453999686685],[-81.2008509999957,34.149590000127525],[-81.20092399979063,34.14968499987918],[-81.20105900040815,34.1498839996543],[-81.2011189997843,34.149984999958484],[-81.20116700036318,34.150065000047505],[-81.20129299986158,34.150324999999384],[-81.2015470003048,34.15097300031936],[-81.20167899965097,34.15130799993849],[-81.20124699983083,34.151439000213756],[-81.20104900036242,34.15149999969374],[-81.20023699970237,34.15176800020208],[-81.19969000025452,34.15194199965519],[-81.19929299969615,34.152047999847],[-81.19905800041784,34.15209300015465],[-81.19901900005978,34.152100999893015],[-81.19868699979875,34.15214600017243],[-81.19835999956061,34.15217099998696],[-81.19808299955118,34.152177999844504],[-81.19779200019634,34.15217299973392],[-81.19666499989205,34.152100999893015],[-81.19619200006402,34.152068000317094],[-81.1952689999742,34.15200400013417],[-81.19310599960218,34.151864000354806],[-81.19086600013559,34.15171300018929],[-81.18990200003788,34.15164799985767],[-81.18813299985115,34.15157299992759],[-81.18788400032913,34.15155499984523],[-81.18780999981097,34.15154700005521],[-81.18748799959567,34.15151500014412],[-81.18686900017781,34.15143400005943],[-81.18684499988835,34.15143099966933],[-81.18652299967307,34.15139600006632],[-81.18634000027329,34.15137600018053],[-81.1862570004326,34.15137100002246],[-81.18618499956428,34.151367999630125],[-81.18594500026308,34.15137100002246],[-81.18578600025442,34.151383999986734],[-81.18545900001628,34.15142800002255],[-81.18519500042562,34.151464000237496],[-81.18462399979,34.151540000145374],[-81.18380500035558,34.15165100024006],[-81.18341799984297,34.151712000310354],[-81.18322200002439,34.151753999675044],[-81.18302600020581,34.15180899966113],[-81.18292800029653,34.151844999713745],[-81.18286100034938,34.151870000360724],[-81.1827299999298,34.151933000025494],[-81.18262100014985,34.15199599964327],[-81.1824980001262,34.15208100017409],[-81.18243299982889,34.15213300032549],[-81.18224000038335,34.152287000099925],[-81.18216900023825,34.152345000096645],[-81.18199099996302,34.152472999897206],[-81.1818639997414,34.15255100012193],[-81.18171499977848,34.152630000142715],[-81.18161199984631,34.15267099992672],[-81.18157599986131,34.15268700003649],[-81.18143199992126,34.15273500034762],[-81.18137900021782,34.15274899996859],[-81.18111399990396,34.152816999793856],[-81.18100099992603,34.15284700022409],[-81.18066000034251,34.15294200002947],[-81.18039699967846,34.15303199966826],[-81.18013599956257,34.153143000032266],[-81.179907000132,34.1532540002504],[-81.17955700032765,34.1534250000398],[-81.17929899968648,34.153551999833255],[-81.17852499955957,34.1539359998556],[-81.17849500032065,34.15395199972572],[-81.1782659999918,34.15406099992182],[-81.17803300036329,34.153945000015256],[-81.1778929997229,34.15388599977735],[-81.17783400017167,34.15386499988432],[-81.17774899978285,34.15383499981568],[-81.17758700029947,34.15378799998406],[-81.17742900011571,34.15375100016154],[-81.17726900028214,34.15372199990753],[-81.17708000013624,34.153695000097876],[-81.1764349998808,34.15363300011684],[-81.1759639997026,34.15358799988626],[-81.17595500038007,34.15363300011684],[-81.17595500038007,34.15375399972583],[-81.17596799990055,34.15386400003089],[-81.17596799990055,34.153935000003024],[-81.17600100041084,34.15402900021985],[-81.17610099996995,34.15420499991739],[-81.17620599955194,34.154341999989875],[-81.17634500036743,34.15454000009799],[-81.17637799997938,34.15460600027866],[-81.17639800007086,34.15469999974862],[-81.17633899962131,34.15501899978749],[-81.17629900033668,34.15512899993162],[-81.17623300021442,34.15526000022724],[-81.17609400029725,34.155600999680615],[-81.17604099969549,34.15578300029022],[-81.17600800008353,34.155854000135776],[-81.17594799980907,34.155925999750664],[-81.17584900007486,34.155980999993304],[-81.17574299976965,34.156002999931665],[-81.17558499958591,34.15598599987844],[-81.17547300033124,34.15596700016472],[-81.17541899990456,34.15595900004922],[-81.17527999998738,34.15595300033382],[-81.17515500031392,34.15595300033382],[-81.17475799975557,34.15605800012416],[-81.17431500006478,34.15618399984894],[-81.17413000011685,34.15621100034961],[-81.17399100019969,34.15621100034961],[-81.17387800022176,34.15616199995774],[-81.17372599988582,34.15604599996359],[-81.17359399964134,34.15589300018259],[-81.17343499963266,34.15569500027317],[-81.17324399983697,34.15543099967181],[-81.17312400018636,34.155255000299114],[-81.17302499955385,34.155128000093164],[-81.17293300039066,34.15499099980902],[-81.17280100014618,34.154754000203425],[-81.1725490002511,34.15442999993001],[-81.17247700028108,34.15435799978307],[-81.17238400039467,34.15431399978689],[-81.17232499994512,34.15427600034623],[-81.17204700011077,34.15427600034623],[-81.17185499959184,34.154341999989875],[-81.17170900000197,34.15442400010596],[-81.17150399996255,34.15456199966835],[-81.17137199971808,34.15467199966435],[-81.17126600031116,34.15482600001281],[-81.17122000028041,34.15496900035036],[-81.17121299970943,34.15512300015724],[-81.1712460002197,34.155270999919345],[-81.17134599977881,34.155397000074984],[-81.17147800002327,34.15550199981331],[-81.17179500021568,34.155693999698045],[-81.17192099971408,34.15575999972022],[-81.17209300014152,34.15584299977622],[-81.17220500029451,34.15593600027052],[-81.17223799990647,34.15601299969903],[-81.17223799990647,34.15612300003517],[-81.17221199996719,34.15625000023153],[-81.17214599984497,34.15632700011711],[-81.1719929996841,34.15642599976062],[-81.17184799991914,34.156536000302125],[-81.17171599967466,34.1567110001588],[-81.17164299987974,34.156821000329046],[-81.17151700038134,34.157069000281915],[-81.17142500031984,34.157206000168344],[-81.17128600040267,34.15734399964478],[-81.17113999991447,34.1574699996808],[-81.1710140004161,34.1575420001479],[-81.17098900030174,34.15755000011343],[-81.17081600004938,34.15760800021248],[-81.17063100010145,34.15765199997908],[-81.17036599978758,34.15770600003295],[-81.16998900021903,34.15774999974849],[-81.16981699979159,34.15776099985964],[-81.16963199984366,34.157744999967804],[-81.16948700007869,34.15770600003295],[-81.16936800025302,34.157624000130276],[-81.16923500018362,34.15747500022108],[-81.16917599973407,34.157365000159395],[-81.16914300012212,34.15719999979815],[-81.16912999970333,34.15703000003485],[-81.16911700018285,34.156699999910884],[-81.16912300003064,34.15652999988432],[-81.16910299993914,34.15644699976016],[-81.16906399958108,34.15633199998175],[-81.16896499984688,34.15624899966298],[-81.16881300040923,34.156166999832166],[-81.16862699973808,34.15609499967938],[-81.1685220001561,34.15609499967938],[-81.1684090001782,34.15614499993653],[-81.16827000026102,34.15625999996965],[-81.16811700010014,34.15647699964428],[-81.16786699985488,34.15683699965258],[-81.1677339997855,34.15703499985788],[-81.16749000028634,34.157342999832494],[-81.16726500015544,34.15755199973302],[-81.16719900003321,34.157580000349085],[-81.16711899966725,34.157585000139534],[-81.16706000011602,34.157558000078204],[-81.16703300035185,34.15748600036805],[-81.16706599996381,34.157233000342224],[-81.1670729996365,34.156964000261894],[-81.16706599996381,34.15673299990697],[-81.167092999728,34.15660099984521],[-81.16713299991096,34.15647400017672],[-81.16717899994171,34.15630399969526],[-81.16740400007262,34.155737999718546],[-81.16741900014122,34.15569200003445],[-81.16747000019487,34.15554500010029],[-81.16750299980683,34.1553529998768],[-81.16751000037785,34.15521599995767],[-81.16751000037785,34.15495700003505],[-81.16749699995904,34.15485800015618],[-81.16744400025559,34.15479799997036],[-81.16735100036915,34.15474299970064],[-81.16721599975165,34.15470100033554],[-81.16699399999379,34.15463299979706],[-81.16697899992518,34.154628999676255],[-81.16678300010659,34.15458300013147],[-81.16639899996703,34.15446200022344],[-81.16626599989765,34.154426999646354],[-81.16616799998836,34.15440199975627],[-81.16602499987322,34.15437600001138],[-81.1659889998882,34.15436900033606],[-81.16581099961297,34.154325000345615],[-81.16548000007519,34.15423099971492],[-81.16526800036308,34.154186999652566],[-81.16503200036153,34.15412400018239],[-81.16499700020142,34.15411500004187],[-81.16482499977397,34.15406099992182],[-81.16464700039707,34.15402199977232],[-81.1644680002969,34.15398900020363],[-81.16411799959424,34.153905999812196],[-81.1639390003924,34.15389499994229],[-81.16370099984272,34.15391699968067],[-81.16351599989478,34.153945000015256],[-81.1631789996109,34.15398900020363],[-81.1629669998988,34.15400500006371],[-81.16271599982862,34.15404900022082],[-81.16247800017725,34.15407699976825],[-81.16221299986337,34.15413699972293],[-81.16205399985472,34.154164000134664],[-81.1620100003721,34.154175999819266],[-81.1618759995795,34.15421400004833],[-81.16168399995887,34.15427399990572],[-81.1615390001939,34.15434600012428],[-81.16138600003302,34.154395000083056],[-81.1612210001766,34.15441699969118],[-81.16109499977989,34.15444999983609],[-81.16103399968053,34.15446999973735],[-81.16094300034226,34.154500000323814],[-81.16077099991479,34.154582000286496],[-81.16063899967031,34.15465900020623],[-81.16049399990537,34.154713999787255],[-81.16026200010177,34.15481799978923],[-81.16003000029819,34.15491199976662],[-81.15969999968698,34.15503799971449],[-81.15936199957818,34.155242000187336],[-81.15920400029273,34.15531299974436],[-81.15903199986529,34.15536799964286],[-81.15889399977303,34.155397000074984],[-81.1588069997344,34.15541699975204],[-81.15867500038824,34.15543899983732],[-81.15850899980857,34.15543899983732],[-81.1582579997384,34.15540600007894],[-81.15801300041433,34.155394999661034],[-81.15780800037493,34.15540600007894],[-81.15764299962017,34.15542300024893],[-81.15747100009102,34.155515999718986],[-81.15739800029608,34.155576000138076],[-81.1572789995721,34.15571899994903],[-81.15713399980713,34.15591199991296],[-81.1570610000122,34.15601599992634],[-81.15690200000356,34.156153999860734],[-81.15671700005562,34.15628500005308],[-81.15655100037426,34.15636800033648],[-81.15642599980248,34.15640600032252],[-81.15626000012114,34.15641200000581],[-81.15610799978516,34.15641200000581],[-81.15592299983723,34.15636800033648],[-81.15576399982858,34.15630699991224],[-81.15555899978916,34.15620800012921],[-81.15543400011569,34.15613100013513],[-81.15530799971899,34.15602700026337],[-81.1550969998318,34.1558230002001],[-81.15475299987523,34.155581000047185],[-81.15461399995804,34.15549299981963],[-81.15450199980505,34.15541599991695],[-81.1543500003674,34.15527300033629],[-81.15424999990998,34.15516900015127],[-81.15410500014502,34.1550639999989],[-81.1539989998398,34.15494899982387],[-81.15389300043292,34.154816999947094],[-81.15365599970815,34.15444800014303],[-81.15356299982172,34.154337999855215],[-81.15347699960799,34.15420599976676],[-81.15333199984303,34.15404699977493],[-81.15325499985015,34.15395099987333],[-81.15314699989511,34.15381600036143],[-81.15309400019167,34.15375500032395],[-81.15294799970347,34.153568999633045],[-81.15280299993852,34.15341499996604],[-81.15257799980762,34.15323900010892],[-81.15241899979897,34.15315099967111],[-81.152274000034,34.15309599981559],[-81.15209499993388,34.153040999924194],[-81.15188400004666,34.15299600012159],[-81.15167200033456,34.15296300015201],[-81.15149400005933,34.152941000165065],[-81.15127499977622,34.15294700009452],[-81.15094599988824,34.15304900031611],[-81.1509070004285,34.15309300022789],[-81.15077500018403,34.15324199969139],[-81.15087700029127,34.15370799970445],[-81.15095900030703,34.15388800022704],[-81.15107899995763,34.15415099985489],[-81.15126100043082,34.15454699975915],[-81.15126700027861,34.154559999977955],[-81.15111300029282,34.155128000093164],[-81.14998799963834,34.15527500000981],[-81.14875400010222,34.15516500005578],[-81.14804000024976,34.15460200015657],[-81.14771999968431,34.15439400023592],[-81.14724900040443,34.15409000005937],[-81.14650600023968,34.15341199964633],[-81.14666400042343,34.15449299991533],[-81.1475079999722,34.155665000111235],[-81.14823900044141,34.156630999674626],[-81.14957799955951,34.15761600017176],[-81.1498439996983,34.15796600024952],[-81.1499779995926,34.15814299972163],[-81.15011300021011,34.15831899976543],[-81.1501550000429,34.15837499973617],[-81.1508229998646,34.15890099995869],[-81.15121500040007,34.159015000162825],[-81.15134400027151,34.15905199990908],[-81.15142000043949,34.1591169997455],[-81.15161700008298,34.15928699976726],[-81.15247999989833,34.160031000243194],[-81.15331000010174,34.16056699978441],[-81.15346800028547,34.16066899972221],[-81.15428400024516,34.16153599979343],[-81.15479999973087,34.16223099993486],[-81.15510000020484,34.162632999841385],[-81.15513600018986,34.162682999943684],[-81.15517299999979,34.162733000016374],[-81.15528400032787,34.1628809998201],[-81.15538899990986,34.1630410000192],[-81.1557799997221,34.16363699967188],[-81.15610500031042,34.16377100009948],[-81.1568490003001,34.16407900003196],[-81.15701699963127,34.16414800012823],[-81.15766600008469,34.164168999693885],[-81.15802900030785,34.16417999971207],[-81.16053400008833,34.164428000349446],[-81.1610739998635,34.16460399992827],[-81.162340000085,34.165015999872416],[-81.16360499958326,34.16542800003574],[-81.16373600000281,34.16547099972767],[-81.16586500003967,34.166986000370514],[-81.16762500000556,34.168260999710654],[-81.1681499997121,34.168641000277425],[-81.1710649995714,34.170678000070154],[-81.17132300021258,34.170858000091606],[-81.17266600042697,34.17179699977589],[-81.17400999956793,34.17273600016137],[-81.1741050000025,34.17280200023953],[-81.1762940003138,34.173847999789444],[-81.17791899966217,34.1744249996699],[-81.17829299975598,34.17455199983391],[-81.17865099995626,34.174733999723934],[-81.18202799977294,34.17645399992317],[-81.1849269997387,34.17799299965805],[-81.18682599962177,34.179196999710165],[-81.18744400011308,34.17967400012209],[-81.18887199981795,34.18077700020375],[-81.18980999997638,34.18159499984067],[-81.19063500015689,34.182312999824966],[-81.19213099963385,34.18343799980899],[-81.1935490001913,34.184246000259954],[-81.19366800001697,34.18431599971032],[-81.19372599974328,34.18434799982188],[-81.1939030001936,34.184450000003636],[-81.19680999965699,34.18611000032653],[-81.19853600018602,34.18716200034063],[-81.19867500010321,34.18724699964666],[-81.19883900013471,34.18734699963853],[-81.19914200008343,34.187530999819124],[-81.19977999976788,34.187920000062896],[-81.20004699973158,34.188044000145524],[-81.20165199988678,34.18878700034579],[-81.20279099988664,34.18969800004274],[-81.20352599965548,34.190500999905744],[-81.20433199956943,34.191382999717874],[-81.20513900020661,34.19226499996555],[-81.20520000030598,34.192331999769166],[-81.20616799970331,34.19295499976377],[-81.2066239998129,34.193252000239085],[-81.20744599962038,34.19371400030285],[-81.20841100044129,34.19432499982753],[-81.21118900003323,34.19494799995895],[-81.21285399956457,34.19506700031203],[-81.21371800010317,34.19512100020463],[-81.21432700037361,34.195276999782465],[-81.21665899990174,34.19595599986543],[-81.21873500023511,34.19679599987033],[-81.21920999971296,34.19743800036196],[-81.22069699986739,34.19944899963608],[-81.22149799975847,34.20173000017107],[-81.22183500004235,34.202957999810494],[-81.22185199976079,34.203019999962855],[-81.22230799987037,34.20339699996761],[-81.22246699987903,34.20352999965363],[-81.2226269997126,34.203662999872826],[-81.22299099976067,34.203964999792326],[-81.2232469998537,34.204114000087124],[-81.22329700008243,34.204143000113916],[-81.22457699964929,34.204889000344714],[-81.22641199995826,34.205686999762285],[-81.22803600038003,34.20567100004183],[-81.22806599961895,34.20567300000708],[-81.22824200024436,34.20568299983245],[-81.22841799997146,34.20569299965668],[-81.22895899957153,34.20572399984716],[-81.22949900024501,34.205755000026244],[-81.22981499971418,34.20577499965638],[-81.2301319999066,34.205794000043596],[-81.23046499999253,34.20581399966453],[-81.23072000026066,34.20577099973076],[-81.23132600015806,34.205664000163196],[-81.23193200005547,34.205556999716855],[-81.23340699961601,34.20529899974157],[-81.23599000011261,34.20463899976995],[-81.23879500036705,34.204454999770704],[-81.2398759997423,34.20438499994818],[-81.24095700001587,34.204314000068834],[-81.24107599984154,34.20430600007865],[-81.24119499966723,34.20429900008667],[-81.24225599984932,34.204229000134596],[-81.24453700022212,34.204029999953306],[-81.24581199976613,34.2039449997327],[-81.24591999972115,34.203937999710725],[-81.2474370000128,34.20311299973443],[-81.24745499955615,34.20310400036016],[-81.2478670001831,34.2028820001367],[-81.24880699999136,34.20270900021322],[-81.24981499957168,34.20279500021095],[-81.25033900035163,34.202849000354796],[-81.25086200040836,34.202902999721076],[-81.2512730003121,34.20294599963195],[-81.25147499997846,34.20305599971884],[-81.2527599995682,34.20375699968325],[-81.2530759999357,34.20392899968159],[-81.25417599957751,34.20463899976995],[-81.25824100020567,34.207815000153346],[-81.25826499959679,34.20783400008071],[-81.25922299984671,34.20886300003089],[-81.25929300016692,34.2089390002553],[-81.26018899959422,34.210510999849696],[-81.26074299961309,34.21148300028492],[-81.26169099981728,34.21285800036355],[-81.26179399974943,34.21300900032866],[-81.26211199976674,34.21346399986649],[-81.26215600014767,34.21359999967592],[-81.26222899994262,34.21384199984277],[-81.26250400030223,34.214078999900494],[-81.26254899960976,34.2141169998979],[-81.2628199997714,34.21435100028609],[-81.26309199975796,34.214585000024506],[-81.26318499964438,34.21466700028699],[-81.26330000017043,34.21476300020299],[-81.2634170003463,34.21485900000967],[-81.26352699995114,34.214958999939576],[-81.26394799990064,34.21532099977798],[-81.2643689998501,34.21568300028966],[-81.2645730000646,34.215858999910886],[-81.26506000013633,34.216718999931196],[-81.26536399990994,34.2172449996804],[-81.26589700001242,34.21816900023096],[-81.26631499958884,34.2188929997394],[-81.2684799996107,34.22109200009632],[-81.26950900000571,34.221842000245374],[-81.27106999977998,34.222163999841186],[-81.27282300007319,34.22270999983064],[-81.27313400041781,34.2228070000177],[-81.27446000001545,34.22393199971625],[-81.2757160001912,34.225331999831674],[-81.27635999972343,34.22628700012301],[-81.2768019995893,34.22694300022852],[-81.27716999983534,34.22798899969859],[-81.27724600000332,34.228205000108154],[-81.2773220001713,34.22842000025108],[-81.27824000023824,34.22963199978416],[-81.27851100039989,34.22983299980006],[-81.279568000384,34.23061899996751],[-81.2813490002663,34.23169300035484],[-81.28411299961455,34.2330329996992],[-81.28744699977351,34.23411099981355],[-81.28795700030976,34.23427399973609],[-81.28811899979314,34.23432599973155],[-81.28828100017486,34.234377999694914],[-81.28867000033729,34.234503000146724],[-81.2890589996014,34.234627000031296],[-81.28913700031751,34.23465100027531],[-81.28965600017628,34.23481700029071],[-81.29017400021016,34.23498299997883],[-81.29075800036625,34.23516999979477],[-81.29266800011996,34.23575699964436],[-81.29505499989966,34.23677199965327],[-81.2966049998033,34.2373910002444],[-81.29683499995706,34.23743100007688],[-81.2982400000957,34.237675999657164],[-81.29860699961851,34.237740000203026],[-81.30023299969011,34.23803900024041],[-81.30247100040522,34.23813199997839],[-81.30319399958017,34.23807899976496],[-81.30339100012198,34.23806300025448],[-81.30358799976545,34.2380480003393],[-81.30385700027729,34.23802899979929],[-81.30412599989081,34.2380110003391],[-81.30438000033404,34.23799199979074],[-81.30554299972505,34.23782499975043],[-81.30612400040641,34.237740000203026],[-81.30670500018945,34.23765499982714],[-81.30738999972957,34.23755700005613],[-81.30799900000004,34.23743199968254],[-81.31032499968036,34.23695599963247],[-81.31189200020074,34.237050999787236],[-81.31240699986154,34.23708299993247],[-81.31316000007205,34.23735000004364],[-81.3139740003819,34.23763999983928],[-81.31418400044419,34.23771499975188],[-81.3159319998162,34.238834000315734],[-81.31618100023655,34.23899300017254],[-81.31639499959847,34.23912900035355],[-81.31665300023965,34.239294000125355],[-81.31691099998251,34.2394579999921],[-81.31700700024199,34.23935899976661],[-81.31729500012206,34.23906399979205],[-81.31739200020645,34.238966000175964],[-81.31743099966619,34.238926000330224],[-81.3180369995636,34.23831799988879],[-81.31997399997981,34.2363760002714],[-81.32054600044036,34.2358039998564],[-81.32062099988511,34.23572899972678],[-81.32158599980772,34.23476099982103],[-81.32169899978562,34.23464399983353],[-81.32170899983137,34.23463500011338],[-81.32192800011448,34.23440899972917],[-81.32237900020118,34.233942999854754],[-81.32242799970668,34.23389299966083],[-81.32477500020171,34.23147400020718],[-81.32501500040124,34.231225000202045],[-81.32573699975129,34.23048100003249],[-81.3259779997757,34.23023299975314],[-81.32879300007589,34.22733499976398],[-81.32912100013895,34.22688800019511],[-81.33226199995406,34.22261899970678],[-81.33608300018474,34.21742200033901],[-81.33728800030686,34.215782999984484],[-81.34001099964722,34.212081999930064],[-81.34002999991378,34.21205600012689],[-81.34028099998396,34.21172200011311],[-81.3410929997457,34.21064500012041],[-81.34136399990733,34.210286000035715],[-81.34264000017457,34.20859500029574],[-81.34337599976831,34.20761800018523],[-81.34532800025315,34.2050299998277]]]},"properties":{"GEOID":"45079010313","TRACT":"010313","NAME":"Census Tract 103.13","county_name":"Richland","aland_sqkm":80.7464,"is_greater_area":true,"pop_2020":6724,"pop_2010":null,"has_2010":false,"growth_pct":null,"growth_abs":null,"density_per_sqkm":70.0,"pct_nonwhite":17.1,"median_income":129718,"median_age":43.9,"median_home_value":340900,"median_gross_rent":1720,"poverty_rate":1.5,"pct_bachelors_plus":58.0,"unemployment_rate":0.9,"pct_wfh":25.6,"total_housing_units":2269,"vacancy_rate":0.0,"owner_occ_rate":93.7,"pct_single_family":95.1,"median_year_built":1997,"pop_2021":7027,"pop_2022":7330,"pop_2023":6851,"pop_2024":6910}},{"type":"Feature","geometry":{"type":"Polygon","coordinates":[[[-81.27304099963308,34.15977900019273],[-81.27305700042491,34.15974500011653],[-81.27299799997537,34.15972199988232],[-81.27293400040128,34.159697999857514],[-81.27256600015524,34.15955999976811],[-81.2724439999565,34.159513999935996],[-81.26863899961936,34.158084999990066],[-81.26795999992702,34.15783099972237],[-81.26419099957488,34.15641600004217],[-81.26377100034863,34.15625400027557],[-81.26103499969115,34.155250000370756],[-81.2596880001771,34.1547070001399],[-81.25723100007721,34.153787000129725],[-81.25624199986518,34.15341699968349],[-81.25507799975092,34.15298400026927],[-81.25342300026533,34.15236800010993],[-81.25150099991772,34.151652000119725],[-81.24965300008827,34.15096399984305],[-81.24574499981898,34.149482000014004],[-81.24523199980798,34.14928800031691],[-81.24384799958573,34.14870699995354],[-81.24365099994223,34.14862400031887],[-81.24346799964412,34.148539999942706],[-81.24293600026488,34.148295999898636],[-81.24238899991869,34.14805099997094],[-81.24233600021526,34.148027000346396],[-81.24195899974839,34.14785799988558],[-81.24157999963171,34.14768799990351],[-81.24131299966801,34.14757000030956],[-81.23937199995214,34.14671299971801],[-81.23872599987178,34.146427999780066],[-81.23793800039948,34.14605799980888],[-81.2376079997883,34.14590099998642],[-81.23525699999361,34.14483000013318],[-81.23472300006621,34.14458000000179],[-81.23388000034235,34.14420099966159],[-81.2330679996823,34.143837000178486],[-81.231362999968,34.143045999926805],[-81.2312859999751,34.14301099982355],[-81.23052000024411,34.14267100008383],[-81.2293710001985,34.14216199975953],[-81.22801399974043,34.141549000231585],[-81.22797500028067,34.14153200024316],[-81.22794900034141,34.14152000024927],[-81.22792199967891,34.14150900025335],[-81.22787599964816,34.14148600025733],[-81.22627100039128,34.14074900004325],[-81.22182099979865,34.13875300002227],[-81.22051100009455,34.13815500014765],[-81.21998700021291,34.137916000062226],[-81.21843499976114,34.13721500027774],[-81.21800999961371,34.137026000185934],[-81.21784899995525,34.13695400007518],[-81.21736600008147,34.13673900017457],[-81.21727400001997,34.13669800009337],[-81.21720500042301,34.136667999876266],[-81.21720100022505,34.13670100026323],[-81.2171839996083,34.136822000332444],[-81.21718000030864,34.13686100024411],[-81.21716100004207,34.13700199966014],[-81.21710599979048,34.137425000214414],[-81.21708900007205,34.1375670002229],[-81.21696100002552,34.138556000119436],[-81.21692000001765,34.13887800025083],[-81.21686999978893,34.139182000154044],[-81.21682100028345,34.13941100013175],[-81.21665300005395,34.140090999943745],[-81.21662000044199,34.14022599982943],[-81.21650499991594,34.140697000319015],[-81.21638100006737,34.14131800009627],[-81.21631900014312,34.14151600025091],[-81.21628499980793,34.14164700009822],[-81.21627099956423,34.141708999955085],[-81.21624499962495,34.141821000324796],[-81.21614800043889,34.14225899966782],[-81.21599000025513,34.14295999998699],[-81.21595400027012,34.143124999915464],[-81.21578799969045,34.14379699979647],[-81.21566600039003,34.14422800027566],[-81.21546999967315,34.14483399997465],[-81.21539900042636,34.145033000025734],[-81.21527700022762,34.145385000115205],[-81.21515800040191,34.145711000043114],[-81.21511599967081,34.145829000003395],[-81.21499199982225,34.14618199969442],[-81.21495099981436,34.146300999683284],[-81.21492999989796,34.146360999957714],[-81.21486899979861,34.14652300011404],[-81.21482299976786,34.146644000243825],[-81.21480299967635,34.14669899984001],[-81.21473300025448,34.14686000015528],[-81.21465399971346,34.14701299994429],[-81.21450499975055,34.14726899989956],[-81.21437900025217,34.14745800012668],[-81.21427799996981,34.14759499999158],[-81.21426799992408,34.147609999648544],[-81.21404399961807,34.147876999936635],[-81.2141630003421,34.14795300009824],[-81.21425799987833,34.148023999835274],[-81.21443299978051,34.1481810001728],[-81.21451800016932,34.148282000283],[-81.21463199997214,34.148432999891305],[-81.21470800014012,34.14854899993393],[-81.21474300030022,34.14861600025125],[-81.21483799983648,34.148795999730986],[-81.21491900002731,34.148987000081156],[-81.2150920002797,34.14942999971738],[-81.21515300037905,34.14955100014377],[-81.21526100033407,34.14972399980106],[-81.21534400017477,34.14983400015087],[-81.21554599984111,34.15005999981184],[-81.21652300035761,34.15110199985515],[-81.21689999992616,34.15150499984417],[-81.21706899998054,34.15170200003377],[-81.21720100022505,34.15187899999714],[-81.21723800003497,34.15192799990041],[-81.2173190002258,34.152046999972015],[-81.21737199992927,34.152124999846805],[-81.2175080003717,34.15237200033788],[-81.21760799993082,34.1525910000758],[-81.21762299999942,34.1526219997111],[-81.21768300027388,34.15278299988807],[-81.2177059998401,34.15284600035863],[-81.21777299978726,34.15307100027487],[-81.21778399965791,34.15311900036775],[-81.2178330000617,34.15333699979586],[-81.21786200037404,34.153528000284965],[-81.2178819995672,34.15379299999903],[-81.21788099974228,34.15405900021956],[-81.21787099969654,34.15416599983443],[-81.21784099955933,34.154516999932774],[-81.21779399970364,34.1549430000367],[-81.21771800043398,34.1556409996767],[-81.21769400014453,34.15578300029022],[-81.21764899993869,34.1559299998101],[-81.21760000043321,34.15605499989834],[-81.21753199976283,34.156192999768976],[-81.21745099957197,34.15636100008283],[-81.21741100028733,34.15646900032048],[-81.21739399967058,34.1565950001754],[-81.21740100024157,34.156673000309944],[-81.21741899978493,34.156748000171234],[-81.21744700027233,34.156822000147514],[-81.21751699969423,34.15694500002484],[-81.2176630001824,34.157145000349445],[-81.21775600006882,34.15727099993902],[-81.21779000040401,34.15731800006229],[-81.21782399984089,34.15736400034741],[-81.21785599962791,34.157432000173486],[-81.2178670003969,34.15747299985635],[-81.21788300029043,34.15753000019822],[-81.21788099974228,34.15754500032091],[-81.21785099960506,34.15767199986541],[-81.21763600041822,34.15809100029736],[-81.21742800000575,34.15847099981207],[-81.21738299979992,34.15866800010611],[-81.2171839996083,34.15956500018468],[-81.21707599965325,34.16036300028244],[-81.21713199972973,34.16061500007654],[-81.21715900039224,34.16073900014749],[-81.21736600008147,34.161159999761004],[-81.21776500028965,34.16169499980752],[-81.2181069996981,34.16207500019895],[-81.21851400030219,34.16252700029957],[-81.21895500034316,34.16299799983287],[-81.21916700005526,34.16318600005388],[-81.21949699976814,34.163402000028164],[-81.21966400017273,34.1634919996685],[-81.21993600015928,34.163640000371565],[-81.22022400003938,34.16375400012356],[-81.22027900029096,34.16376899988386],[-81.22035000043607,34.16378700033601],[-81.22045800039109,34.16381600010662],[-81.22107299961102,34.16397500028658],[-81.22113700008344,34.163992000217995],[-81.22206299964799,34.16424099965166],[-81.22214499966374,34.16425600006873],[-81.22229600017481,34.16428600015157],[-81.222471000077,34.16434499981265],[-81.22273499966764,34.16444500018966],[-81.22294499972992,34.16457699988156],[-81.22302300044605,34.1646259998498],[-81.22313300005088,34.16469500024229],[-81.2232309999602,34.16480800033232],[-81.22329299988446,34.164879000022125],[-81.22333899991521,34.16493099972563],[-81.22365600010762,34.16529800036731],[-81.22385299975112,34.16555199972731],[-81.22412100043802,34.1658970003145],[-81.22529800007274,34.167445000270384],[-81.22544799986058,34.16764199969351],[-81.22550899995994,34.16772200015045],[-81.22597099991731,34.16834600022068],[-81.22613199957578,34.168563999729614],[-81.22625100029978,34.1687989998687],[-81.22626999966805,34.16883700020611],[-81.22646899985966,34.169391000326684],[-81.22682200003709,34.1702950000354],[-81.22697299964983,34.17074799962862],[-81.22698699989353,34.17079199997969],[-81.22699399956623,34.17080699997584],[-81.22720899965138,34.170794000028856],[-81.22785599955667,34.17075900027594],[-81.22807200036505,34.17074799962862],[-81.22872299956998,34.170695999792294],[-81.22939799996269,34.170643999923925],[-81.23000200021025,34.170618999632744],[-81.23068199972751,34.17059899984045],[-81.23080599957608,34.17059600013132],[-81.23133600020383,34.17059600013132],[-81.23238499979199,34.170587999915526],[-81.23345199982185,34.1705799996989],[-81.23553300017812,34.17057499993474],[-81.23658299959123,34.170572999880385],[-81.23730200036485,34.17057099982594],[-81.23848300019753,34.17056899977149],[-81.23934500018797,34.170548000311435],[-81.23945899999079,34.17054299980219],[-81.2401779998661,34.17051200005699],[-81.24135899969876,34.170453000246745],[-81.24207500009935,34.17041800035249],[-81.24226599989505,34.17040600000313],[-81.24351200002505,34.170330999639205],[-81.24389000031682,34.17031000011994],[-81.2442259998775,34.17029099991332],[-81.2449020000951,34.17024900010646],[-81.24608299992778,34.170177000070346],[-81.24613200033157,34.17017200028237],[-81.24628299994431,34.170159999898026],[-81.24633300017304,34.170155999769555],[-81.24668499962722,34.17011500029976],[-81.2473740002636,34.17000399994932],[-81.24876599998349,34.169782999962024],[-81.24977199991396,34.16960600036541],[-81.25048699959133,34.16946899978871],[-81.25152199983413,34.16927200017004],[-81.25301800020938,34.168984999714176],[-81.25372799986387,34.16884999971126],[-81.25440300025656,34.16873800024968],[-81.25690999968684,34.16835500033089],[-81.25749600039109,34.16827499973056],[-81.25753400002593,34.16826999982992],[-81.25822600013706,34.16819299968694],[-81.25904999959434,34.168107999766114],[-81.2595469997118,34.168048999761986],[-81.25963299992553,34.168038999933586],[-81.26022399975433,34.16795899977703],[-81.26103300004132,34.1678279998587],[-81.26116799976053,34.16780699971675],[-81.26152699978574,34.16774400000267],[-81.26221999972178,34.16762299962959],[-81.26312799974298,34.167469000322804],[-81.26320599956078,34.16745599986169],[-81.26393700002997,34.16734800029875],[-81.26449000022394,34.167283000109784],[-81.26487299964026,34.16724799964427],[-81.2679800000185,34.167031000150445],[-81.26821799966989,34.16701499978544],[-81.26900000019269,34.1669540003638],[-81.26925799993555,34.16692200034489],[-81.26946200015006,34.16688600003047],[-81.26959400039453,34.166858000270736],[-81.26969800015159,34.16671599970076],[-81.27001199997098,34.16629300013596],[-81.2700350004355,34.16626300002306],[-81.27011099970515,34.16614800023482],[-81.27073000002136,34.165285000315144],[-81.27093599988568,34.16499999986883],[-81.27106099955917,34.164803999950216],[-81.27116600003946,34.16460900004605],[-81.27123800000948,34.1644439997182],[-81.27131400017745,34.16420399994941],[-81.27137500027682,34.16395999981958],[-81.27151199964587,34.16314299994137],[-81.27155799967662,34.1629189998484],[-81.27162999964663,34.16268200019462],[-81.27172599990611,34.16245000012125],[-81.27178700000549,34.16232400008339],[-81.27225300016079,34.16136999964156],[-81.27234699987213,34.1611770002592],[-81.27262999972935,34.16059999975589],[-81.2727250001639,34.160407999876035],[-81.27279100028613,34.16027499983495],[-81.27299100030268,34.15987699972356],[-81.27304099963308,34.15977900019273]]]},"properties":{"GEOID":"45079010312","TRACT":"010312","NAME":"Census Tract 103.12","county_name":"Richland","aland_sqkm":11.2636,"is_greater_area":true,"pop_2020":6573,"pop_2010":null,"has_2010":false,"growth_pct":null,"growth_abs":null,"density_per_sqkm":545.9,"pct_nonwhite":26.6,"median_income":134722,"median_age":37.7,"median_home_value":344800,"median_gross_rent":2187,"poverty_rate":0.0,"pct_bachelors_plus":58.9,"unemployment_rate":2.6,"pct_wfh":17.2,"total_housing_units":1896,"vacancy_rate":3.7,"owner_occ_rate":89.3,"pct_single_family":100.0,"median_year_built":2004,"pop_2021":6113,"pop_2022":5950,"pop_2023":6128,"pop_2024":5404}},{"type":"Feature","geometry":{"type":"Polygon","coordinates":[[[-81.17639800007086,34.15469999974862],[-81.17637799997938,34.15460600027866],[-81.17634500036743,34.15454000009799],[-81.17620599955194,34.154341999989875],[-81.17610099996995,34.15420499991739],[-81.17600100041084,34.15402900021985],[-81.17596799990055,34.153935000003024],[-81.17596799990055,34.15386400003089],[-81.17595500038007,34.15375399972583],[-81.17595500038007,34.15363300011684],[-81.1759639997026,34.15358799988626],[-81.17514400044327,34.15350900001824],[-81.17487400010653,34.15348299999843],[-81.17464599960257,34.15345600011238],[-81.17444800013418,34.15342000000304],[-81.17426300018624,34.15336799990068],[-81.1741269997438,34.15331400004641],[-81.17403899988027,34.15327199997066],[-81.17391900022966,34.15320200004583],[-81.17378699998518,34.153106999789564],[-81.17368800025098,34.153020999684465],[-81.17359700001438,34.15292900030499],[-81.1735209998464,34.152832000010335],[-81.17342399976202,34.1526790003537],[-81.173211000225,34.152264000064534],[-81.17283499958305,34.151532000353924],[-81.1726050003276,34.151081000013306],[-81.1719159996912,34.14972700025179],[-81.17173099974327,34.1493630000457],[-81.17168700026066,34.14927699984556],[-81.17115900018105,34.148261999659795],[-81.17114300028753,34.148229999991074],[-81.17103399960926,34.14803900015952],[-81.17090700028596,34.14785300026271],[-81.17079299958486,34.14771300029407],[-81.1706980000486,34.147615000029255],[-81.16997800034838,34.1469730003226],[-81.16872800002041,34.14587000011487],[-81.16833100036038,34.14551999972025],[-81.1681349996435,34.145324999891066],[-81.1680300000615,34.145202000190466],[-81.16792799995426,34.14505899967278],[-81.1679029998399,34.145020999785665],[-81.16787799972553,34.14498199992285],[-81.16787199987776,34.144972000336395],[-81.16784500011359,34.14492300011523],[-81.16781300032653,34.1448620003464],[-81.16775800007494,34.14473800001027],[-81.16774200018142,34.144695000169],[-81.16770899967115,34.14459900004669],[-81.16767199986121,34.1444730001388],[-81.16765799961752,34.14440199964768],[-81.16731200001111,34.14431800027758],[-81.16695600035897,34.144101999814474],[-81.16663099977062,34.14389600000104],[-81.16629600003488,34.143664000360445],[-81.16594000038272,34.14343200008278],[-81.16543900006731,34.14308399995882],[-81.16535100020376,34.14301799969667],[-81.1653110000208,34.14298400030754],[-81.16514799981417,34.14284599967246],[-81.16508300041515,34.14278399990642],[-81.16498999963044,34.14269499974297],[-81.16469799955237,34.14238499990363],[-81.1645589996352,34.14222599996444],[-81.16426800028037,34.14189100001578],[-81.16417100019599,34.14177199976313],[-81.16401899986002,34.141586000194565],[-81.16390099985927,34.14141600023077],[-81.16379600027727,34.14123899990506],[-81.16369599981984,34.1410319997972],[-81.16359799991055,34.1407690002146],[-81.16354400038219,34.1405899999994],[-81.16344200027494,34.14016100032443],[-81.16330400018268,34.13958099966839],[-81.1632070000983,34.13915100004765],[-81.16305099956438,34.13845700034967],[-81.1629040001496,34.137866000167335],[-81.16287999986015,34.13776999972107],[-81.1628330000045,34.13762700000809],[-81.16276199985938,34.13745099997204],[-81.16272099985149,34.137371999883115],[-81.16261200007155,34.137160999763566],[-81.16259600017803,34.1371359999682],[-81.16254900032236,34.13706199984655],[-81.16251499998717,34.137009000031085],[-81.1624320001465,34.13689800002926],[-81.16236400037442,34.136822000332444],[-81.16230699957471,34.136758999807995],[-81.16214000006845,34.13659300003051],[-81.1619600001434,34.1364349996617],[-81.16168599960868,34.13621899986548],[-81.16144799995732,34.13603199990585],[-81.16065299991402,34.13540699965847],[-81.1604269999582,34.13521900005866],[-81.16030800013253,34.1351200000973],[-81.16010899994089,34.1349399997353],[-81.16005200003949,34.134881999685724],[-81.15987100028951,34.13470800004164],[-81.1589320003062,34.13371400000968],[-81.15858499997654,34.1333130001128],[-81.15838699960983,34.133050999656895],[-81.15821000005782,34.132779000333684],[-81.1580689995925,34.132523999708475],[-81.15791600032995,34.132247999739434],[-81.1575100004491,34.13151100000727],[-81.15728100012022,34.131108999945965],[-81.15686299964548,34.13035100015983],[-81.15672899975118,34.13010699963988],[-81.15586099991296,34.12849500001127],[-81.15569100003364,34.128154999869196],[-81.1556459998278,34.12805800013129],[-81.15553399967482,34.127817000170324],[-81.15540499980338,34.127505999871794],[-81.15531299974187,34.12726099989493],[-81.15522999990118,34.127035999654986],[-81.15512600014412,34.12675199970679],[-81.15502200038705,34.12643800016169],[-81.1549970002727,34.12635900018964],[-81.15492600012757,34.12613099997866],[-81.15491199988388,34.126087000154165],[-81.15491000023405,34.12607800000135],[-81.15485400015756,34.1258770003046],[-81.15464300027037,34.1251170000656],[-81.15457299995018,34.1248639997727],[-81.15453000029245,34.12470500033284],[-81.15440100042103,34.12422800021914],[-81.15435899968992,34.124069999789235],[-81.15431100000934,34.12389300031723],[-81.15428099987211,34.123779000309895],[-81.15426099978062,34.12365699994906],[-81.15425599975777,34.12349300014976],[-81.15426199960554,34.123431000315136],[-81.15426400015367,34.123413999656854],[-81.15427599984925,34.123352999978735],[-81.15428800044313,34.12329399994348],[-81.15432400042813,34.12317699996599],[-81.15436999956057,34.12306900030075],[-81.15437700013157,34.123052999787795],[-81.15443800023095,34.12294399974477],[-81.15453600014024,34.12281100021149],[-81.15456600027747,34.12277800035082],[-81.15464699957,34.12269300008702],[-81.15465900016389,34.122680000170384],[-81.15476600029402,34.122584000323634],[-81.15511299972533,34.12229399967523],[-81.15560599964482,34.121882999804164],[-81.15603599981513,34.12154100011487],[-81.15675999971332,34.12099700014649],[-81.15700099973775,34.12080599974175],[-81.15731399973218,34.1205390001855],[-81.1573849998773,34.12047799992068],[-81.1581179999963,34.119833000023874],[-81.15883199984876,34.119204999690005],[-81.15886100016108,34.11918400010153],[-81.15894599965156,34.11910099972932],[-81.15928999960815,34.118804000131426],[-81.15941299963181,34.118699000151736],[-81.15948600032506,34.11863600025004],[-81.15973499984707,34.11843199989233],[-81.15994699955918,34.11827500006202],[-81.16020400037546,34.118103999787394],[-81.16038799960015,34.117998000148106],[-81.16040900041486,34.11798700006563],[-81.16079100000628,34.1177880002879],[-81.16096000006068,34.11769899983217],[-81.1614670002239,34.11743299967486],[-81.1616370001032,34.117344999874824],[-81.16240100018436,34.11694399967734],[-81.16254199975134,34.116864000211606],[-81.16267099962279,34.11679300032494],[-81.16283999967719,34.116683000100004],[-81.16295100000525,34.116595999813995],[-81.16310300034122,34.11645600012329],[-81.1632489999311,34.11629199974463],[-81.16336600010698,34.11612900009163],[-81.1634189998104,34.11603800026279],[-81.16349900017634,34.11587699998248],[-81.16355000022998,34.115748000220364],[-81.16359100023786,34.11561600008718],[-81.16361999965187,34.11548399974798],[-81.16363999974335,34.11531400008937],[-81.16363899991843,34.11512000004401],[-81.16362399984983,34.11497800025778],[-81.16358299984194,34.11478200029741],[-81.16351900026784,34.114580999779015],[-81.16340000044214,34.11425700015791],[-81.16312599990745,34.11350699993692],[-81.16310900018901,34.11343200036717],[-81.16310300034122,34.11335699998714],[-81.16316799974025,34.11332200023331],[-81.16300899973159,34.113190000032624],[-81.16295600002815,34.11313799971669],[-81.16294799963222,34.11313000000852],[-81.1625669998657,34.11268200026822],[-81.16241399970482,34.11249500030552],[-81.16223799997773,34.112277999981764],[-81.162079999794,34.11208399966658],[-81.16193699967887,34.111909000350074],[-81.16173199963943,34.111657000311446],[-81.1616089996158,34.111503000124856],[-81.16145399980509,34.11130799990652],[-81.16136799959138,34.11136500015415],[-81.16116299955196,34.11144700032558],[-81.16112999993999,34.111501999770184],[-81.16110300017581,34.11155699992279],[-81.16109700032803,34.11163399963008],[-81.16106999966554,34.11172800004706],[-81.16101699996209,34.11179899972308],[-81.16094400016716,34.11187599995389],[-81.16069999976969,34.11196899975275],[-81.1605740002713,34.11206800005014],[-81.16048800005758,34.112122999834725],[-81.16033599972162,34.11218899967774],[-81.1601449999259,34.11226100005633],[-81.15992599964278,34.1123489999399],[-81.15979400029661,34.11243099990119],[-81.15944399959395,34.11260899990642],[-81.15941699982976,34.11262300022519],[-81.15913300014763,34.11276099963106],[-81.15888999957508,34.112896000028435],[-81.15883600004672,34.112925999756946],[-81.15872300006882,34.11299699991492],[-81.15859800039533,34.11311300025426],[-81.15845899957985,34.11325000001416],[-81.15831999966268,34.11337600035746],[-81.15815499980624,34.113470000326025],[-81.15793600042144,34.113580000267405],[-81.15779099975818,34.11361800015984],[-81.15757900004606,34.11365700036439],[-81.15726199985366,34.113672999680325],[-81.15687900043733,34.11366199977909],[-81.15640900008405,34.11362900006681],[-81.15562599973632,34.11353300035731],[-81.15554999956834,34.1135240003557],[-81.15531899958965,34.11349099984584],[-81.15496200011258,34.11337600035746],[-81.1548559998074,34.11335399973259],[-81.15465099976795,34.113347999966805],[-81.15449299958422,34.1133260000784],[-81.15432699990286,34.113259999635055],[-81.15417600029014,34.11318800010688],[-81.15404300022074,34.11311700010924],[-81.15389799955747,34.11302299974832],[-81.15377200005908,34.11296799980522],[-81.15360700020264,34.112923999824964],[-81.15342200025472,34.112908000367355],[-81.15323700030679,34.112908000367355],[-81.15309800038963,34.112923999824964],[-81.1529789996656,34.1129630003495],[-81.15286700041094,34.11306200022722],[-81.15270099983127,34.11323199994975],[-81.1525760001578,34.113375000024895],[-81.15246999985258,34.113523000024934],[-81.15231099984395,34.113863999833235],[-81.152238000049,34.11406200033862],[-81.15215199983528,34.11421100020294],[-81.15208599971304,34.11429299984656],[-81.1519140001839,34.11457300020733],[-81.1517030002967,34.1147709997967],[-81.15157000022731,34.11483699980468],[-81.15138500027939,34.11490299976121],[-81.15118000023998,34.114947000199464],[-81.15085700019978,34.11500200034318],[-81.15067800009963,34.115006999678315],[-81.15028100043959,34.115006999678315],[-81.15008999974559,34.115028999873275],[-81.14973300026853,34.11506199978306],[-81.14960100002403,34.11506800017089],[-81.14944200001538,34.11506800017089],[-81.14917800042474,34.115051000062465],[-81.14895900014162,34.115011999756945],[-81.14847700009278,34.11489700010535],[-81.14821900034993,34.114791999737186],[-81.14790899983021,34.114676999786475],[-81.14743900037524,34.11445099995157],[-81.14712200018283,34.11428599982565],[-81.14681800040923,34.114153999641964],[-81.14658700043054,34.11406600014872],[-81.14644799961503,34.11402199999594],[-81.14643099989661,34.11402099967101],[-81.14635599955355,34.11401699985879],[-81.14616399993292,34.11403299985032],[-81.1459720003123,34.11405999968975],[-81.14595300004572,34.11406100001422],[-81.14579999988484,34.11407100028298],[-81.14565500011989,34.11405999968975],[-81.14549600011124,34.11402199999594],[-81.14530500031552,34.113949999628915],[-81.1451060001239,34.11390100001548],[-81.14496700020672,34.113890000143876],[-81.14466300043311,34.113917000028955],[-81.14458700026513,34.11391599970284],[-81.14437899985266,34.113917000028955],[-81.14420099957744,34.11392799989704],[-81.14416799996546,34.11400499967722],[-81.14416799996546,34.11405999968975],[-81.14420099957744,34.11417499973564],[-81.14420700032352,34.114257999736296],[-81.14420700032352,34.1143400000781],[-81.14417399981326,34.11442800002995],[-81.14411100006406,34.11448099987232],[-81.14407500007906,34.11451099978235],[-81.14398200019264,34.11455999978609],[-81.14371900042691,34.11457300020733],[-81.1435799996114,34.11466299980766],[-81.14349900031888,34.11490299976121],[-81.14331400037095,34.115044000104284],[-81.14327300036307,34.11519900010468],[-81.14324999989852,34.11528800021648],[-81.14317899975342,34.11548800023457],[-81.14318200012647,34.1155659996449],[-81.14317600027869,34.11558500026266],[-81.14316600023294,34.11561999982379],[-81.1431489996162,34.11567599983523],[-81.14307599982125,34.11586800023029],[-81.14301600044512,34.11599999997022],[-81.14295699999556,34.116105000326094],[-81.14283800016989,34.116219999822555],[-81.14277200004764,34.11630800004953],[-81.14270599992541,34.11638499989409],[-81.1424940002133,34.11675900005433],[-81.1424940002133,34.11685799995115],[-81.14247400012181,34.117038999688276],[-81.14244700035763,34.11718800025768],[-81.14238799990808,34.1173079997118],[-81.14228800034897,34.117424000088256],[-81.14208300030957,34.11758299983286],[-81.14199700009584,34.1177039997516],[-81.14195100006509,34.11780900022303],[-81.14194400039239,34.117923999633575],[-81.14196399958556,34.118055999883],[-81.14202399986002,34.11829200026618],[-81.14203499973068,34.11836200010822],[-81.14204300012659,34.118409000309605],[-81.1420720004389,34.11857899969655],[-81.14208900015734,34.11867700016781],[-81.14208900015734,34.118760000212454],[-81.14208900015734,34.11895799966752],[-81.14203599955557,34.11917800000566],[-81.14195500026304,34.11939599999253],[-81.14185800017867,34.11955700026682],[-81.14178200001068,34.11964800002757],[-81.14162399982692,34.11964999980055],[-81.14151900024494,34.11975900037139],[-81.14146999984115,34.119801000001196],[-81.14141600031279,34.119833000023874],[-81.14136600008406,34.11987299984921],[-81.14129699958879,34.119929000019184],[-81.14123399983959,34.119980999878216],[-81.14118399961087,34.120033999959034],[-81.1411209998617,34.12004100024783],[-81.14104999971659,34.120029999687475],[-81.14092900024107,34.12000600028529],[-81.14085800009596,34.11997499983891],[-81.14080899969215,34.119938000082925],[-81.14075000014093,34.1198699998258],[-81.14070099973712,34.11980800030929],[-81.14059100013228,34.11973000034924],[-81.14052199963697,34.11970999966139],[-81.1404039996362,34.11970400034655],[-81.14027300011495,34.11970400034655],[-81.14018600007633,34.119694000000145],[-81.14015400028926,34.11968900019831],[-81.14014400024351,34.119683000138295],[-81.1400660004257,34.11963299986946],[-81.13995599992253,34.11957700024715],[-81.13991400008973,34.11955600000741],[-81.13974900023331,34.11950699992342],[-81.13957000013316,34.11948999996358],[-81.13939000020811,34.11948999996358],[-81.13937199976644,34.11948999996358],[-81.13921299975779,34.119534000246425],[-81.13898900035011,34.119588999638125],[-81.13878400031071,34.11961599993489],[-81.13862500030204,34.119583000314705],[-81.13848600038487,34.11950099985048],[-81.13838699975234,34.11940699989171],[-81.13829499969084,34.119241999766714],[-81.13818900028396,34.118972999945356],[-81.13811700031393,34.118813999839375],[-81.13805700003948,34.11868099975965],[-81.13797800039676,34.1184610003596],[-81.13786899971849,34.118295999876224],[-81.13785200000005,34.11827000017635],[-81.13783699993144,34.11824800008081],[-81.13780099994644,34.11819400009248],[-81.13778500005292,34.118168999893356],[-81.13773700037233,34.11809700008189],[-81.13771599955761,34.11806699995643],[-81.13758199966331,34.11787300027643],[-81.13752700031004,34.117804000309754],[-81.13739699971539,34.11764200013449],[-81.13713300012475,34.11727900033652],[-81.13700699972804,34.11714700036176],[-81.13684299969653,34.11699200021288],[-81.13676900007667,34.11692199998057],[-81.13655800018948,34.11673400017478],[-81.1364390003638,34.116645999647346],[-81.13624099999707,34.11652499970232],[-81.13610799992769,34.11645900026781],[-81.13596300016273,34.116371000198015],[-81.135876999949,34.11631100019929],[-81.1357780002148,34.11617900020108],[-81.13567899958228,34.11609099983995],[-81.13557999984808,34.11605200001399],[-81.1353349996257,34.115986000210356],[-81.13514999967776,34.115925999938554],[-81.1349189996991,34.11585399970495],[-81.13434399976381,34.11568400004632],[-81.13403999999021,34.11561699964952],[-81.13379599959273,34.11555100025016],[-81.13346500005494,34.11548000000494],[-81.1330819997403,34.11538600003901],[-81.13301099959519,34.11534899976266],[-81.13296600028767,34.11532499977578],[-81.13295600024192,34.11531999971565],[-81.13283800024114,34.115243999955624],[-81.13282300017252,34.11523399982555],[-81.13279600040835,34.11521699975048],[-81.13275299985233,34.11518899996928],[-81.13271400039258,34.11516400036932],[-81.13269199975296,34.11514999972745],[-81.13262800017885,34.11510400025811],[-81.1326170003082,34.11509599999215],[-81.13258799999589,34.11507500012709],[-81.13252600007162,34.115028999873275],[-81.13248199969068,34.1149979998336],[-81.13243400001011,34.11496300001508],[-81.1323439995984,34.114888999819826],[-81.13228500004719,34.114841000321874],[-81.13217700009214,34.114753000055984],[-81.13205800026647,34.11463800005224],[-81.13199200014422,34.11455000031888],[-81.13192600002199,34.114440000151575],[-81.1318990002578,34.114334999959794],[-81.13187800034142,34.11420200027347],[-81.13185999989975,34.11408299971145],[-81.13182700028779,34.11394500023125],[-81.13174100007406,34.11376399982257],[-81.13162899992106,34.113593000095534],[-81.13139799994238,34.11335699998714],[-81.13119899975075,34.11320800010591],[-81.13102700022161,34.11309799968073],[-81.13090900022083,34.11301600036605],[-81.13067700041725,34.11291099989403],[-81.13034199978318,34.112778999795644],[-81.13022899980528,34.11273499971713],[-81.130018999743,34.11265199970941],[-81.1299700002375,34.112632999920216],[-81.12995000014602,34.112625000164286],[-81.12991499998591,34.11261499972457],[-81.12986300010738,34.112599999806484],[-81.1296530000451,34.11254200004869],[-81.12947499976987,34.112475999737356],[-81.12946399989922,34.112469999909344],[-81.12931599976122,34.11238799998585],[-81.12915099990477,34.11225599981506],[-81.12899199989612,34.112101999975295],[-81.12881399962087,34.111887999693735],[-81.12876400029047,34.11183600006491],[-81.12862200000023,34.11169000004931],[-81.12850399999948,34.111579999881336],[-81.1283850001738,34.111507999666856],[-81.12810700033944,34.11142499994269],[-81.12757800043492,34.111398000005934],[-81.12728100033402,34.11141399974917],[-81.12691700028593,34.11144099968081],[-81.12669899982774,34.111451999870845],[-81.12641500014561,34.111501999770184],[-81.1262100001062,34.11155100002955],[-81.12606000031838,34.11157700030747],[-81.125991999648,34.11158900008975],[-81.12551600034524,34.11163300002067],[-81.12534399991779,34.11163800029877],[-81.12530399973483,34.11173000000732],[-81.12524199981053,34.11183099979853],[-81.12517700041154,34.11190999995616],[-81.12505000018992,34.11198500013169],[-81.12483099990679,34.112090999869736],[-81.12470500040841,34.11213199998535],[-81.12458499985951,34.11216000003478],[-81.12449500034614,34.11217599963383],[-81.12432999959138,34.112167000231594],[-81.12422500000939,34.11215099988708],[-81.12419400004725,34.11205499998763],[-81.12402499999287,34.11200000015883],[-81.12388500025077,34.11192899990775],[-81.12375100035646,34.11183899962955],[-81.1234090000497,34.111627999742346],[-81.12332000036126,34.11153199999305],[-81.12317200022324,34.11141599971685],[-81.12301900006237,34.11133200028945],[-81.12282599971853,34.111213000152205],[-81.1227189995884,34.11116799964414],[-81.12251199989917,34.11115300021323],[-81.12236499958607,34.111184000174646],[-81.12232399957819,34.11119900034383],[-81.12223800026277,34.11120500026198],[-81.12219899990473,34.11122199965594],[-81.12208000007904,34.11132100008383],[-81.12204099972097,34.11138899977715],[-81.12196700010112,34.11148099975658],[-81.1219160000475,34.111579999881336],[-81.12178399980303,34.111771999905685],[-81.12169400028965,34.11186899973294],[-81.12161499974863,34.111936000123734],[-81.12152600006017,34.11200799997392],[-81.12145200044033,34.11205199968689],[-81.12134699996002,34.1120860003622],[-81.1212330001572,34.11209800007226],[-81.12111500015644,34.11208500001442],[-81.12092400036072,34.112096000120694],[-81.12027800028034,34.11226899984667],[-81.12029400017387,34.11231700006046],[-81.12032199976295,34.11239999965308],[-81.1204170001975,34.11268099992744],[-81.12047800029688,34.11289000023022],[-81.12059499957444,34.113382000121206],[-81.1206480001762,34.11355500019187],[-81.12066599971953,34.11364599971737],[-81.12074899956022,34.114048999838886],[-81.1208049996367,34.114259000058425],[-81.12087800032998,34.11450199988481],[-81.12093100003341,34.11471199972335],[-81.12097100021639,34.11485200006979],[-81.12117000040801,34.11543799971661],[-81.12124400002786,34.115680999874265],[-81.12137100024947,34.11602300020804],[-81.1216480002589,34.11666399972887],[-81.12176600025967,34.116895000311054],[-81.12178700017607,34.11692599965541],[-81.12183800022969,34.11698499967162],[-81.12203200039845,34.11717800035746],[-81.12206800038346,34.1172190002383],[-81.12216000044496,34.11732300028237],[-81.1222750000727,34.11747499971618],[-81.1223179997304,34.117537999739056],[-81.12242900005849,34.11777099998248],[-81.1224929996326,34.117942000186794],[-81.12254000038656,34.118041999719814],[-81.12272100013654,34.1183279997247],[-81.12295499958995,34.1188109997784],[-81.12346000010334,34.11951100021972],[-81.12348900041566,34.119551000197426],[-81.12409399958985,34.12020099978596],[-81.12411500040454,34.120223000117115],[-81.1246960001876,34.12079500002455],[-81.1250769999541,34.121047000352554],[-81.12526299972693,34.12124700013733],[-81.12550399975137,34.12150499979309],[-81.12587100017248,34.12163499993244],[-81.12648799994055,34.121885000267966],[-81.12695400009586,34.12204399980533],[-81.12773599972037,34.1223120000419],[-81.12863899971869,34.12256000015898],[-81.1294210002415,34.122916000290935],[-81.1301950003684,34.12340699964722],[-81.13176299981536,34.12440099966874],[-81.13183099958744,34.12444400016904],[-81.13200100036505,34.12451999984119],[-81.13203200032719,34.12453399967545],[-81.13219800000854,34.12460800035462],[-81.13239600037527,34.12466300016429],[-81.1330740002427,34.125149999757014],[-81.13313199996902,34.12523899980696],[-81.13322099965747,34.12537499981091],[-81.13425000005249,34.126944999665525],[-81.13486799964546,34.128204000146766],[-81.13508000025588,34.128637000151336],[-81.1353909997022,34.12922599988753],[-81.13616700037723,34.130691999776616],[-81.1369170002147,34.13296100029486],[-81.13691999968941,34.13297099981558],[-81.13709600031483,34.133332999813405],[-81.13710299998752,34.13334899986789],[-81.13715200039132,34.13344899976814],[-81.13749700017281,34.13415700016865],[-81.1381859999109,34.13557000006859],[-81.13888899989269,34.13690899988189],[-81.13900799971837,34.137134999916725],[-81.13912700044239,34.13736100009075],[-81.13957299960789,34.13820599991037],[-81.13962399966152,34.13830600001178],[-81.1403400000621,34.14031500036305],[-81.14112000003678,34.14117199968501],[-81.14171800043658,34.142526999755376],[-81.14221800002878,34.14325600024195],[-81.14231299956502,34.1434379999442],[-81.142500999886,34.14372800017109],[-81.14257700005398,34.143827999685264],[-81.14273799971244,34.14404000022659],[-81.1429159999877,34.14428999972553],[-81.14334000031022,34.14488800004607],[-81.14361700031967,34.145933999741274],[-81.14430000020995,34.14707299971296],[-81.14434700006562,34.14744900001928],[-81.14437100035506,34.147643000222715],[-81.1443949997462,34.14783699998067],[-81.14443499992917,34.14816200019006],[-81.14447500011215,34.1484859999754],[-81.14447699976196,34.14850200013451],[-81.14463099974773,34.149744000078094],[-81.14517100042123,34.151812999915556],[-81.14650600023968,34.15341199964633],[-81.14724900040443,34.15409000005937],[-81.14771999968431,34.15439400023592],[-81.14804000024976,34.15460200015657],[-81.14875400010222,34.15516500005578],[-81.14998799963834,34.15527500000981],[-81.15111300029282,34.155128000093164],[-81.15126700027861,34.154559999977955],[-81.15126100043082,34.15454699975915],[-81.15107899995763,34.15415099985489],[-81.15095900030703,34.15388800022704],[-81.15087700029127,34.15370799970445],[-81.15077500018403,34.15324199969139],[-81.1509070004285,34.15309300022789],[-81.15094599988824,34.15304900031611],[-81.15127499977622,34.15294700009452],[-81.15149400005933,34.152941000165065],[-81.15167200033456,34.15296300015201],[-81.15188400004666,34.15299600012159],[-81.15209499993388,34.153040999924194],[-81.152274000034,34.15309599981559],[-81.15241899979897,34.15315099967111],[-81.15257799980762,34.15323900010892],[-81.15280299993852,34.15341499996604],[-81.15294799970347,34.153568999633045],[-81.15309400019167,34.15375500032395],[-81.15314699989511,34.15381600036143],[-81.15325499985015,34.15395099987333],[-81.15333199984303,34.15404699977493],[-81.15347699960799,34.15420599976676],[-81.15356299982172,34.154337999855215],[-81.15365599970815,34.15444800014303],[-81.15389300043292,34.154816999947094],[-81.1539989998398,34.15494899982387],[-81.15410500014502,34.1550639999989],[-81.15424999990998,34.15516900015127],[-81.1543500003674,34.15527300033629],[-81.15450199980505,34.15541599991695],[-81.15461399995804,34.15549299981963],[-81.15475299987523,34.155581000047185],[-81.1550969998318,34.1558230002001],[-81.15530799971899,34.15602700026337],[-81.15543400011569,34.15613100013513],[-81.15555899978916,34.15620800012921],[-81.15576399982858,34.15630699991224],[-81.15592299983723,34.15636800033648],[-81.15610799978516,34.15641200000581],[-81.15626000012114,34.15641200000581],[-81.15642599980248,34.15640600032252],[-81.15655100037426,34.15636800033648],[-81.15671700005562,34.15628500005308],[-81.15690200000356,34.156153999860734],[-81.1570610000122,34.15601599992634],[-81.15713399980713,34.15591199991296],[-81.1572789995721,34.15571899994903],[-81.15739800029608,34.155576000138076],[-81.15747100009102,34.155515999718986],[-81.15764299962017,34.15542300024893],[-81.15780800037493,34.15540600007894],[-81.15801300041433,34.155394999661034],[-81.1582579997384,34.15540600007894],[-81.15850899980857,34.15543899983732],[-81.15867500038824,34.15543899983732],[-81.1588069997344,34.15541699975204],[-81.15889399977303,34.155397000074984],[-81.15903199986529,34.15536799964286],[-81.15920400029273,34.15531299974436],[-81.15936199957818,34.155242000187336],[-81.15969999968698,34.15503799971449],[-81.16003000029819,34.15491199976662],[-81.16026200010177,34.15481799978923],[-81.16049399990537,34.154713999787255],[-81.16063899967031,34.15465900020623],[-81.16077099991479,34.154582000286496],[-81.16094300034226,34.154500000323814],[-81.16103399968053,34.15446999973735],[-81.16109499977989,34.15444999983609],[-81.1612210001766,34.15441699969118],[-81.16138600003302,34.154395000083056],[-81.1615390001939,34.15434600012428],[-81.16168399995887,34.15427399990572],[-81.1618759995795,34.15421400004833],[-81.1620100003721,34.154175999819266],[-81.16205399985472,34.154164000134664],[-81.16221299986337,34.15413699972293],[-81.16247800017725,34.15407699976825],[-81.16271599982862,34.15404900022082],[-81.1629669998988,34.15400500006371],[-81.1631789996109,34.15398900020363],[-81.16351599989478,34.153945000015256],[-81.16370099984272,34.15391699968067],[-81.1639390003924,34.15389499994229],[-81.16411799959424,34.153905999812196],[-81.1644680002969,34.15398900020363],[-81.16464700039707,34.15402199977232],[-81.16482499977397,34.15406099992182],[-81.16499700020142,34.15411500004187],[-81.16503200036153,34.15412400018239],[-81.16526800036308,34.154186999652566],[-81.16548000007519,34.15423099971492],[-81.16581099961297,34.154325000345615],[-81.1659889998882,34.15436900033606],[-81.16602499987322,34.15437600001138],[-81.16616799998836,34.15440199975627],[-81.16626599989765,34.154426999646354],[-81.16639899996703,34.15446200022344],[-81.16678300010659,34.15458300013147],[-81.16697899992518,34.154628999676255],[-81.16699399999379,34.15463299979706],[-81.16721599975165,34.15470100033554],[-81.16735100036915,34.15474299970064],[-81.16744400025559,34.15479799997036],[-81.16749699995904,34.15485800015618],[-81.16751000037785,34.15495700003505],[-81.16751000037785,34.15521599995767],[-81.16750299980683,34.1553529998768],[-81.16747000019487,34.15554500010029],[-81.16741900014122,34.15569200003445],[-81.16740400007262,34.155737999718546],[-81.16717899994171,34.15630399969526],[-81.16713299991096,34.15647400017672],[-81.167092999728,34.15660099984521],[-81.16706599996381,34.15673299990697],[-81.1670729996365,34.156964000261894],[-81.16706599996381,34.157233000342224],[-81.16703300035185,34.15748600036805],[-81.16706000011602,34.157558000078204],[-81.16711899966725,34.157585000139534],[-81.16719900003321,34.157580000349085],[-81.16726500015544,34.15755199973302],[-81.16749000028634,34.157342999832494],[-81.1677339997855,34.15703499985788],[-81.16786699985488,34.15683699965258],[-81.16811700010014,34.15647699964428],[-81.16827000026102,34.15625999996965],[-81.1684090001782,34.15614499993653],[-81.1685220001561,34.15609499967938],[-81.16862699973808,34.15609499967938],[-81.16881300040923,34.156166999832166],[-81.16896499984688,34.15624899966298],[-81.16906399958108,34.15633199998175],[-81.16910299993914,34.15644699976016],[-81.16912300003064,34.15652999988432],[-81.16911700018285,34.156699999910884],[-81.16912999970333,34.15703000003485],[-81.16914300012212,34.15719999979815],[-81.16917599973407,34.157365000159395],[-81.16923500018362,34.15747500022108],[-81.16936800025302,34.157624000130276],[-81.16948700007869,34.15770600003295],[-81.16963199984366,34.157744999967804],[-81.16981699979159,34.15776099985964],[-81.16998900021903,34.15774999974849],[-81.17036599978758,34.15770600003295],[-81.17063100010145,34.15765199997908],[-81.17081600004938,34.15760800021248],[-81.17098900030174,34.15755000011343],[-81.1710140004161,34.1575420001479],[-81.17113999991447,34.1574699996808],[-81.17128600040267,34.15734399964478],[-81.17142500031984,34.157206000168344],[-81.17151700038134,34.157069000281915],[-81.17164299987974,34.156821000329046],[-81.17171599967466,34.1567110001588],[-81.17184799991914,34.156536000302125],[-81.1719929996841,34.15642599976062],[-81.17214599984497,34.15632700011711],[-81.17221199996719,34.15625000023153],[-81.17223799990647,34.15612300003517],[-81.17223799990647,34.15601299969903],[-81.17220500029451,34.15593600027052],[-81.17209300014152,34.15584299977622],[-81.17192099971408,34.15575999972022],[-81.17179500021568,34.155693999698045],[-81.17147800002327,34.15550199981331],[-81.17134599977881,34.155397000074984],[-81.1712460002197,34.155270999919345],[-81.17121299970943,34.15512300015724],[-81.17122000028041,34.15496900035036],[-81.17126600031116,34.15482600001281],[-81.17137199971808,34.15467199966435],[-81.17150399996255,34.15456199966835],[-81.17170900000197,34.15442400010596],[-81.17185499959184,34.154341999989875],[-81.17204700011077,34.15427600034623],[-81.17232499994512,34.15427600034623],[-81.17238400039467,34.15431399978689],[-81.17247700028108,34.15435799978307],[-81.1725490002511,34.15442999993001],[-81.17280100014618,34.154754000203425],[-81.17293300039066,34.15499099980902],[-81.17302499955385,34.155128000093164],[-81.17312400018636,34.155255000299114],[-81.17324399983697,34.15543099967181],[-81.17343499963266,34.15569500027317],[-81.17359399964134,34.15589300018259],[-81.17372599988582,34.15604599996359],[-81.17387800022176,34.15616199995774],[-81.17399100019969,34.15621100034961],[-81.17413000011685,34.15621100034961],[-81.17431500006478,34.15618399984894],[-81.17475799975557,34.15605800012416],[-81.17515500031392,34.15595300033382],[-81.17527999998738,34.15595300033382],[-81.17541899990456,34.15595900004922],[-81.17547300033124,34.15596700016472],[-81.17558499958591,34.15598599987844],[-81.17574299976965,34.156002999931665],[-81.17584900007486,34.155980999993304],[-81.17594799980907,34.155925999750664],[-81.17600800008353,34.155854000135776],[-81.17604099969549,34.15578300029022],[-81.17609400029725,34.155600999680615],[-81.17623300021442,34.15526000022724],[-81.17629900033668,34.15512899993162],[-81.17633899962131,34.15501899978749],[-81.17639800007086,34.15469999974862]]]},"properties":{"GEOID":"45079010314","TRACT":"010314","NAME":"Census Tract 103.14","county_name":"Richland","aland_sqkm":10.5471,"is_greater_area":true,"pop_2020":4042,"pop_2010":null,"has_2010":false,"growth_pct":null,"growth_abs":null,"density_per_sqkm":428.8,"pct_nonwhite":37.6,"median_income":97621,"median_age":39.3,"median_home_value":243300,"median_gross_rent":2007,"poverty_rate":2.0,"pct_bachelors_plus":42.5,"unemployment_rate":3.6,"pct_wfh":20.1,"total_housing_units":1476,"vacancy_rate":7.4,"owner_occ_rate":93.4,"pct_single_family":100.0,"median_year_built":1997,"pop_2021":3836,"pop_2022":3867,"pop_2023":3771,"pop_2024":3520}},{"type":"Feature","geometry":{"type":"Polygon","coordinates":[[[-81.31459600017284,34.147296000276484],[-81.3150370002138,34.146140999734435],[-81.31360299976282,34.144946999878144],[-81.31173400001698,34.14339600016211],[-81.31171899994837,34.14338399968946],[-81.31148600031986,34.14319000011419],[-81.3119039998963,34.14117999971406],[-81.31099300040037,34.1401140003195],[-81.30884599992186,34.1375840002655],[-81.30882400018055,34.137556999758814],[-81.30862499998894,34.13734400000328],[-81.30861300029335,34.13732900001071],[-81.30852100023185,34.13722299993788],[-81.30621700029282,34.1345280002893],[-81.3060890002463,34.13437400011424],[-81.30282000038468,34.13055000011424],[-81.30244000044308,34.13010500011421],[-81.30154499994235,34.12906600032478],[-81.29985799977139,34.12708600000792],[-81.29801099976687,34.12491699976741],[-81.29662200042004,34.12336999990563],[-81.29434299969707,34.1208320001493],[-81.29101600010911,34.11715599997785],[-81.29037000002872,34.11732000016845],[-81.28995599975195,34.11752499977357],[-81.28992899998777,34.11755399980822],[-81.28982199985765,34.11755300026878],[-81.288312000137,34.117529000163614],[-81.28826699993115,34.11754200012849],[-81.28809500040202,34.11764099985243],[-81.28800199961728,34.117772999799854],[-81.28802900027978,34.11790500028496],[-81.28818699956521,34.11800400032768],[-81.28457799994496,34.12196100000928],[-81.28374500026683,34.12287599967406],[-81.2830880003158,34.123596999914284],[-81.28294500020067,34.123736999681334],[-81.28277000029848,34.1239199999834],[-81.28257299975668,34.12410699996816],[-81.28170999994133,34.12458800007697],[-81.28158500026785,34.124642999899606],[-81.28116299959515,34.12483099996967],[-81.28112999998318,34.12484499975248],[-81.28097400034757,34.12491200027442],[-81.28059900042885,34.12508099977914],[-81.28051099966697,34.12511999990285],[-81.28040799973483,34.125167000066234],[-81.2803580004044,34.12519100023448],[-81.28022899963467,34.12525399971423],[-81.28009200026564,34.12533199978411],[-81.27991499981532,34.12544899975403],[-81.27976099982953,34.12556799993865],[-81.27961600006458,34.125698999966986],[-81.27950999975937,34.125796000180735],[-81.27933200038244,34.12596799995642],[-81.27883799973972,34.126518999670516],[-81.27867899973107,34.126659999979836],[-81.27856400010333,34.12674600014796],[-81.27840500009468,34.12684699985329],[-81.27822500016963,34.126944000237096],[-81.27803799967356,34.12702799977423],[-81.27763500016574,34.12717800001497],[-81.27745199986764,34.1272410002449],[-81.27659999992294,34.12753900011791],[-81.27664299958064,34.12765300026066],[-81.27668600013666,34.127749000300796],[-81.2767100004261,34.127803000136026],[-81.2769990001311,34.12835700025408],[-81.27710500043632,34.12856000030921],[-81.27741900025568,34.12917499991104],[-81.27751499961683,34.129363000313504],[-81.27757400006637,34.12947600008523],[-81.27762400029509,34.129599999766214],[-81.27768000037159,34.12979099963854],[-81.2776950004402,34.12990099991426],[-81.27770200011288,34.13002999964959],[-81.27769100024224,34.13020299986755],[-81.27766899960261,34.13031300035068],[-81.2776319997927,34.130436000160316],[-81.27758199956398,34.130555000017374],[-81.27751999963971,34.13066999993881],[-81.27743199977616,34.13079799986131],[-81.27727600014055,34.13096299974268],[-81.27719599977459,34.13103300024852],[-81.2771320002005,34.13109099996509],[-81.27665299962638,34.13145899980367],[-81.27631100021793,34.13171999987385],[-81.2759289997282,34.13201299975593],[-81.2752879996707,34.13250399981644],[-81.27494700008715,34.13276599973726],[-81.27474799989552,34.13291799966529],[-81.27415200004387,34.13337400003993],[-81.27408199972368,34.13342900009499],[-81.27395700005019,34.13353100008878],[-81.27343999984126,34.133911000046496],[-81.27286900010394,34.13432200018489],[-81.27285499986024,34.134332000288154],[-81.2725340003682,34.13454700036386],[-81.27203800007564,34.134851000232594],[-81.27152099986668,34.13516799998037],[-81.27035299955449,34.13589100035847],[-81.26880799967375,34.136821000277294],[-81.26872099963512,34.13687999979416],[-81.2685440000831,34.13698200008423],[-81.26842600008234,34.13706099979425],[-81.26794099966044,34.137351999651216],[-81.26643099993979,34.13827400028964],[-81.26602300040912,34.13852599981846],[-81.26571899973719,34.13871300020749],[-81.2618830003362,34.14109900012826],[-81.26165999985513,34.14125199994159],[-81.26123600043091,34.14110100013734],[-81.26098100016279,34.14099500033514],[-81.26062100031268,34.140821999902386],[-81.260382999763,34.14068500020654],[-81.26015400033243,34.14053700016616],[-81.2600530000501,34.14046400006085],[-81.25997100003433,34.140405000072214],[-81.25977299966762,34.140243000080616],[-81.25958600006987,34.1400719996286],[-81.25887999971503,34.139334999720944],[-81.25727700010796,34.137645000084085],[-81.25693200032647,34.137281999917676],[-81.25629299991878,34.1366090002114],[-81.25505699983452,34.13530599977121],[-81.2546109997707,34.13489399987873],[-81.25459800025021,34.134881999685724],[-81.2536249999317,34.13403499991343],[-81.25318899991362,34.13365000004992],[-81.25310600007292,34.133576999943635],[-81.25273000032931,34.13322800003118],[-81.25243499987819,34.13295499968953],[-81.25155199997135,34.132136000066104],[-81.25125800024348,34.13186400002912],[-81.25065900001877,34.13130999984381],[-81.2504990001852,34.131161000364926],[-81.25030099981848,34.130962000361755],[-81.25025099958977,34.13091200007064],[-81.24887499976343,34.12963699975574],[-81.2488239997098,34.129589999846644],[-81.24825899982028,34.129105000097375],[-81.2481550000632,34.129021999797054],[-81.24806499965152,34.128961999851704],[-81.24729999974547,34.1285010001896],[-81.24689300003968,34.128256000122],[-81.2458310000327,34.12762299980747],[-81.24547600020546,34.12741599981105],[-81.24436999981754,34.12676999986797],[-81.24339099965123,34.12619800022511],[-81.24279999982244,34.125900000086936],[-81.24241999988085,34.12572400017072],[-81.24206900025156,34.12557700014576],[-81.24178700021926,34.125471000206964],[-81.2414599999811,34.125354000267485],[-81.24108699971221,34.12523700016616],[-81.24065099969413,34.1251170000656],[-81.23887900003265,34.12470699998622],[-81.23836299964861,34.12458299982093],[-81.23775299955325,34.12444400016904],[-81.23735800044135,34.12437999988338],[-81.23696300043115,34.12435200016143],[-81.23655400017722,34.12437700001983],[-81.23633300024429,34.12439700034744],[-81.23624000035787,34.12441400006442],[-81.23542400039817,34.12461299986559],[-81.23398900012229,34.12493400012348],[-81.23382400026586,34.12484099970853],[-81.23331999957739,34.12449900008539],[-81.23259099965632,34.12398799995809],[-81.23232399969264,34.12380899989618],[-81.23204099983542,34.123620999784585],[-81.23142999991515,34.123205000077064],[-81.23107300043807,34.122950000317076],[-81.23089500016286,34.122812999909726],[-81.23070699984187,34.12265099966267],[-81.23036700008323,34.1223230003054],[-81.23029000009035,34.12224000003959],[-81.23024099968654,34.1221829996844],[-81.23010599996734,34.122027000355466],[-81.2299350002631,34.121806999992735],[-81.22979200014797,34.12160500031849],[-81.22977100023158,34.12157199998714],[-81.22965099968268,34.121381999631666],[-81.2295329996819,34.12117499997184],[-81.22942300007702,34.120954000124144],[-81.22931400029708,34.1206950000286],[-81.22921499966456,34.120417999861075],[-81.228906999693,34.11940800015289],[-81.22876799977583,34.11894699970993],[-81.22855299969068,34.11823099986782],[-81.22840999957555,34.1177539996736],[-81.22835299967413,34.117566999769195],[-81.22821499958187,34.117106999990675],[-81.22816899955112,34.11695900031242],[-81.2280339998319,34.11651499972371],[-81.22798899962606,34.1163669997532],[-81.22795299964105,34.11624999985955],[-81.22786599960241,34.115966999682676],[-81.22784600040924,34.11589899995108],[-81.22781100024915,34.115782000153736],[-81.22775500017264,34.11559900008889],[-81.22764100036983,34.115219999938944],[-81.227519999996,34.11482200028071],[-81.22742899975943,34.11451999967894],[-81.22713099983358,34.11353399994426],[-81.22696099995427,34.112973000004345],[-81.22691400009859,34.11281799964334],[-81.22677500018142,34.11235400017565],[-81.22672900015067,34.11219999977054],[-81.22667399989909,34.11201799974164],[-81.22651099969245,34.11147299989165],[-81.22645700016412,34.11129200014324],[-81.22638099999612,34.11104199973056],[-81.22617699978161,34.110369000124535],[-81.22615500004031,34.11029499962893],[-81.22607999969725,34.11004600036048],[-81.2260279998187,34.10987200017678],[-81.2258720001831,34.109353000106196],[-81.22582000030457,34.109180000366806],[-81.22497400020765,34.10919799980589],[-81.2248290004427,34.10920199984599],[-81.22420500010362,34.10920700026779],[-81.22390899982761,34.10919999982597],[-81.22363699984105,34.10917800034627],[-81.22336599967939,34.10914300035086],[-81.22306799975357,34.10908800011623],[-81.22275599958402,34.10901300034727],[-81.22265699984982,34.10898599964064],[-81.22246500022922,34.108935000100516],[-81.22209399961012,34.10883500021289],[-81.22164900026952,34.10871699992573],[-81.22160200041385,34.10870400009205],[-81.22146099994853,34.108666000223444],[-81.22141400009289,34.108654000026526],[-81.22127000015283,34.108614999746614],[-81.2208380003327,34.108500999969635],[-81.22069500021756,34.1084630000098],[-81.22065199966154,34.108452000174886],[-81.22062599972227,34.108444999670596],[-81.22033700001728,34.10836500034791],[-81.22024800032882,34.108340999866925],[-81.22014500039666,34.10831300004099],[-81.21983800025,34.10822899976375],[-81.21973600014275,34.108200999900745],[-81.21936200004893,34.10808900035603],[-81.21921499973584,34.108040999974456],[-81.2178819995672,34.10760899977771],[-81.21773400032751,34.10757300021961],[-81.21765399996157,34.10756000021012],[-81.21755199985432,34.10754399973796],[-81.21736199988351,34.107540000363265],[-81.2172199995933,34.10755100031681],[-81.2171130003615,34.10756700004379],[-81.21707700037648,34.10757199981842],[-81.21702600032286,34.10758499982606],[-81.21691300034496,34.107616000351186],[-81.21679699999399,34.10766200017364],[-81.21677400042778,34.107673000111326],[-81.21669400006184,34.1077120000817],[-81.21665300005395,34.10773599999732],[-81.2166430000082,34.10774299981649],[-81.21655000012179,34.107802999942656],[-81.21639699996092,34.10792100001714],[-81.21630999992226,34.107998000058906],[-81.21597299963838,34.10829899975266],[-81.21593300035373,34.10833499974564],[-81.21564700012345,34.10859599979446],[-81.21551499987899,34.108718999957176],[-81.21538199980961,34.1088469996404],[-81.21534199962663,34.10888700019897],[-81.21520400043268,34.10904099994153],[-81.21517099992239,34.109084000070744],[-81.2151080001732,34.10916499983962],[-81.21507800003597,34.109203000227915],[-81.21504600024893,34.109248999931246],[-81.2149600000352,34.109379000315926],[-81.2148830000423,34.10951499979511],[-81.2148329998136,34.10960599994796],[-81.21476000001867,34.10975799986238],[-81.21454099973555,34.1102160001943],[-81.21446899976553,34.110369000124535],[-81.21443399960542,34.11044000019749],[-81.2142699995739,34.11078200015387],[-81.21408499962597,34.11117099997628],[-81.21400599998324,34.111340000167715],[-81.21381500018754,34.111686999735625],[-81.21372099957789,34.11181500013423],[-81.21360199975221,34.11197999987417],[-81.21233800007886,34.113338000356315],[-81.21039099961689,34.11539699971604],[-81.21038099957114,34.115408000135325],[-81.2099970003299,34.115880000147584],[-81.20969000018326,34.116334000352595],[-81.20943900011308,34.116719000243464],[-81.20930299967065,34.11693000007379],[-81.2091579999057,34.11715999964163],[-81.20890900038366,34.11755300026878],[-81.20880300007845,34.11771799997073],[-81.20860700025987,34.11802000030868],[-81.20848400023621,34.11821300011983],[-81.208454000099,34.11825999966036],[-81.20837799993102,34.11837900029482],[-81.2081729998916,34.11869700035626],[-81.20808300037822,34.11883599978768],[-81.20799899981432,34.11896600031186],[-81.20780899984352,34.11926199982155],[-81.20755799977337,34.11965200031719],[-81.20735399955886,34.119971000308254],[-81.2070749998996,34.11985799973102],[-81.20678899966933,34.11975800011436],[-81.20674500018671,34.119744999746445],[-81.20604200020493,34.11953499976239],[-81.20569999989816,34.11941799978941],[-81.2054210002389,34.1193049999606],[-81.20515000007725,34.11918100005368],[-81.20492599977128,34.11906400033456],[-81.20487200024291,34.11903600033965],[-81.20436000005684,34.11874900022917],[-81.2040470000624,34.11905099986001],[-81.20387399981004,34.11919099971705],[-81.20369100041025,34.11929899987331],[-81.2034649995561,34.11938500009196],[-81.2030560002005,34.11952500013969],[-81.2026469999466,34.11967700007789],[-81.2023010003402,34.1198570002188],[-81.20200300041435,34.12002799992349],[-81.20164699986391,34.12027300003715],[-81.19982199960069,34.12178099988505],[-81.19964500004868,34.121920999684285],[-81.19911699996906,34.122340999922216],[-81.19910400044859,34.12235200018194],[-81.19895700013551,34.12246599988237],[-81.19894000041705,34.122478999831905],[-81.19911799979397,34.122650000183526],[-81.1996540002695,34.12316400012378],[-81.19979800020954,34.1233020001775],[-81.19983300036964,34.123336000048425],[-81.20139599979375,34.12484400029921],[-81.20171600035918,34.12515399978635],[-81.20196800025427,34.12539700028315],[-81.2023990002495,34.1258189999851],[-81.202892000169,34.12630000002113],[-81.20309300001044,34.126496000056584],[-81.20418199978161,34.127563999777536],[-81.20546499972153,34.12879500022581],[-81.20781600041454,34.13108800033973],[-81.20808500002803,34.13135000018819],[-81.20932799978499,34.13246199980474],[-81.21065299955771,34.133408000321516],[-81.21111899971304,34.13371099973382],[-81.2119539999393,34.13419499973678],[-81.21209600022952,34.13427800016246],[-81.21258699960089,34.13454099987112],[-81.21274499978462,34.13462600011939],[-81.21555500006195,34.135909000060664],[-81.21646100043331,34.13631599990426],[-81.21661100022115,34.13638300025695],[-81.21673599989462,34.13643899990059],[-81.217057000285,34.13659500014625],[-81.21720500042301,34.136667999876266],[-81.21727400001997,34.13669800009337],[-81.21736600008147,34.13673900017457],[-81.21784899995525,34.13695400007518],[-81.21800999961371,34.137026000185934],[-81.21843499976114,34.13721500027774],[-81.21998700021291,34.137916000062226],[-81.22051100009455,34.13815500014765],[-81.22182099979865,34.13875300002227],[-81.22627100039128,34.14074900004325],[-81.22787599964816,34.14148600025733],[-81.22792199967891,34.14150900025335],[-81.22794900034141,34.14152000024927],[-81.22797500028067,34.14153200024316],[-81.22801399974043,34.141549000231585],[-81.2293710001985,34.14216199975953],[-81.23052000024411,34.14267100008383],[-81.2312859999751,34.14301099982355],[-81.231362999968,34.143045999926805],[-81.2330679996823,34.143837000178486],[-81.23388000034235,34.14420099966159],[-81.23472300006621,34.14458000000179],[-81.23525699999361,34.14483000013318],[-81.2376079997883,34.14590099998642],[-81.23793800039948,34.14605799980888],[-81.23872599987178,34.146427999780066],[-81.23937199995214,34.14671299971801],[-81.24131299966801,34.14757000030956],[-81.24157999963171,34.14768799990351],[-81.24195899974839,34.14785799988558],[-81.24233600021526,34.148027000346396],[-81.24238899991869,34.14805099997094],[-81.24293600026488,34.148295999898636],[-81.24346799964412,34.148539999942706],[-81.24365099994223,34.14862400031887],[-81.24384799958573,34.14870699995354],[-81.24523199980798,34.14928800031691],[-81.24574499981898,34.149482000014004],[-81.24965300008827,34.15096399984305],[-81.25150099991772,34.151652000119725],[-81.25342300026533,34.15236800010993],[-81.25507799975092,34.15298400026927],[-81.25624199986518,34.15341699968349],[-81.25723100007721,34.153787000129725],[-81.2596880001771,34.1547070001399],[-81.26103499969115,34.155250000370756],[-81.26377100034863,34.15625400027557],[-81.26419099957488,34.15641600004217],[-81.26795999992702,34.15783099972237],[-81.26863899961936,34.158084999990066],[-81.2724439999565,34.159513999935996],[-81.27256600015524,34.15955999976811],[-81.27293400040128,34.159697999857514],[-81.27299799997537,34.15972199988232],[-81.27305700042491,34.15974500011653],[-81.27327699963463,34.15982499988048],[-81.27393799978361,34.16006500020422],[-81.27395399967715,34.16007100037082],[-81.27415899971656,34.16014600018737],[-81.27675700028178,34.161101999871846],[-81.277548999952,34.16139699997058],[-81.28062700001793,34.16254600002389],[-81.28277100012339,34.1633470001594],[-81.28770399969144,34.16519399989381],[-81.28913899996734,34.16573099981803],[-81.2910860004293,34.16646999999031],[-81.29119500020924,34.16651099974411],[-81.2915230002723,34.16663500007466],[-81.29161699998365,34.16667099975291],[-81.29163299987715,34.16667700019332],[-81.29179799973362,34.16673700011413],[-81.29229499985107,34.16691700036411],[-81.29246100043073,34.166977000114336],[-81.29269700043228,34.16706300012797],[-81.29318899962857,34.16724699994926],[-81.29461800005667,34.167782999760426],[-81.29537100026717,34.16806299981712],[-81.29610000018822,34.168334000319994],[-81.29673000037506,34.16856700025422],[-81.297344999595,34.16879600009562],[-81.2986200000373,34.16926899967055],[-81.29925000022416,34.16950400007654],[-81.30090200023504,34.17011800002597],[-81.3025900002309,34.17075799987933],[-81.30274699969142,34.170813999775],[-81.30352800038932,34.1710920001402],[-81.30491199971327,34.17154099985225],[-81.30577500042695,34.17180800028655],[-81.30652299971626,34.172027999792505],[-81.30717100034478,34.17221199993891],[-81.30699499971936,34.171860000181],[-81.30339000029707,34.16464600031411],[-81.30237699979558,34.16261799987925],[-81.3022660003658,34.16239499963234],[-81.30235599987918,34.16231899983027],[-81.30412800043895,34.16081899971299],[-81.31040900024426,34.15550099997922],[-81.31163799975752,34.15446499976247],[-81.31259099998455,34.15219099968457],[-81.31376199977147,34.14940900020328],[-81.31410699955299,34.14855700000789],[-81.31459600017284,34.147296000276484]]]},"properties":{"GEOID":"45079010311","TRACT":"010311","NAME":"Census Tract 103.11","county_name":"Richland","aland_sqkm":29.2007,"is_greater_area":true,"pop_2020":6736,"pop_2010":null,"has_2010":false,"growth_pct":null,"growth_abs":null,"density_per_sqkm":245.3,"pct_nonwhite":25.1,"median_income":92288,"median_age":39.7,"median_home_value":364400,"median_gross_rent":1602,"poverty_rate":13.3,"pct_bachelors_plus":42.0,"unemployment_rate":5.2,"pct_wfh":14.0,"total_housing_units":2678,"vacancy_rate":6.3,"owner_occ_rate":85.2,"pct_single_family":89.2,"median_year_built":2005,"pop_2021":6416,"pop_2022":6902,"pop_2023":7155,"pop_2024":7161}},{"type":"Feature","geometry":{"type":"Polygon","coordinates":[[[-81.28826699993115,34.11754200012849],[-81.288312000137,34.117529000163614],[-81.28737999982636,34.115920000355274],[-81.28581999987699,34.11322800010021],[-81.28381700023687,34.10996400031851],[-81.28201500043816,34.10702700033263],[-81.2798350003477,34.10385500014782],[-81.27904399960406,34.10270499963578],[-81.27759499998277,34.10022800017033],[-81.2758450000626,34.09738100007248],[-81.27283599959368,34.09847000026661],[-81.27095000012939,34.099044000252725],[-81.26993699962789,34.099353000082104],[-81.2699299999552,34.09941699996589],[-81.26899500016982,34.099651999786616],[-81.26617200037202,34.100359999768045],[-81.26211500013979,34.101256999915485],[-81.25806299993044,34.10192900013],[-81.25375399980314,34.10215299975939],[-81.24981899976963,34.102160000040456],[-81.24981899976963,34.102141000126345],[-81.24821399961444,34.10215599966735],[-81.24518999997518,34.10218699995019],[-81.2451690000588,34.10218699995019],[-81.243732999958,34.10219799985583],[-81.24169000013488,34.10213699975239],[-81.24163300023346,34.10213600003078],[-81.24051299960185,34.10210400000732],[-81.24048300036294,34.10210300028537],[-81.23833500005954,34.102032999633174],[-81.2383059997472,34.102029999720806],[-81.23827300013524,34.10203100018752],[-81.23790499988922,34.1020180000703],[-81.23782299987346,34.10201299996753],[-81.23779399956112,34.1020109997775],[-81.23519699971915,34.101853999965485],[-81.2351580002594,34.10185100004676],[-81.23349200000483,34.101770999696],[-81.23343299955529,34.101767999774395],[-81.23228400040799,34.10166399994545],[-81.23190699994112,34.10162899981698],[-81.23132699998298,34.1015450003421],[-81.23122099967776,34.10153800001016],[-81.22803300000699,34.10129299992942],[-81.22795500018918,34.1012860003205],[-81.22774199975385,34.10122600003586],[-81.22762600030123,34.10121500000387],[-81.22715599994794,34.10117999968961],[-81.22675000006707,34.101150999992136],[-81.22663100024137,34.101139000216996],[-81.22621500031477,34.10109599976904],[-81.22599699985656,34.101077000359886],[-81.22562699996072,34.1010360000935],[-81.22462299968004,34.10092699994185],[-81.22328399966364,34.10077700000173],[-81.22330600030325,34.100831999688296],[-81.2235070001447,34.1015260002899],[-81.22356700041915,34.101729000039484],[-81.22386100014702,34.102703999920934],[-81.22397300030002,34.10307600015563],[-81.22402500017857,34.10325099989237],[-81.22405899961544,34.103360999732914],[-81.22411899988988,34.10355900027568],[-81.22416599974557,34.10371300004689],[-81.22418900021009,34.1037920003472],[-81.224450000326,34.10465200006876],[-81.22474599970369,34.10563099994983],[-81.2250410001548,34.10660699990991],[-81.22519599996549,34.10712099991858],[-81.2254429998377,34.10793800007102],[-81.22566399977065,34.10866499983523],[-81.22582000030457,34.109180000366806],[-81.2258720001831,34.109353000106196],[-81.2260279998187,34.10987200017678],[-81.22607999969725,34.11004600036048],[-81.22615500004031,34.11029499962893],[-81.22617699978161,34.110369000124535],[-81.22638099999612,34.11104199973056],[-81.22645700016412,34.11129200014324],[-81.22651099969245,34.11147299989165],[-81.22667399989909,34.11201799974164],[-81.22672900015067,34.11219999977054],[-81.22677500018142,34.11235400017565],[-81.22691400009859,34.11281799964334],[-81.22696099995427,34.112973000004345],[-81.22713099983358,34.11353399994426],[-81.22742899975943,34.11451999967894],[-81.227519999996,34.11482200028071],[-81.22764100036983,34.115219999938944],[-81.22775500017264,34.11559900008889],[-81.22781100024915,34.115782000153736],[-81.22784600040924,34.11589899995108],[-81.22786599960241,34.115966999682676],[-81.22795299964105,34.11624999985955],[-81.22798899962606,34.1163669997532],[-81.2280339998319,34.11651499972371],[-81.22816899955112,34.11695900031242],[-81.22821499958187,34.117106999990675],[-81.22835299967413,34.117566999769195],[-81.22840999957555,34.1177539996736],[-81.22855299969068,34.11823099986782],[-81.22876799977583,34.11894699970993],[-81.228906999693,34.11940800015289],[-81.22921499966456,34.120417999861075],[-81.22931400029708,34.1206950000286],[-81.22942300007702,34.120954000124144],[-81.2295329996819,34.12117499997184],[-81.22965099968268,34.121381999631666],[-81.22977100023158,34.12157199998714],[-81.22979200014797,34.12160500031849],[-81.2299350002631,34.121806999992735],[-81.23010599996734,34.122027000355466],[-81.23024099968654,34.1221829996844],[-81.23029000009035,34.12224000003959],[-81.23036700008323,34.1223230003054],[-81.23070699984187,34.12265099966267],[-81.23089500016286,34.122812999909726],[-81.23107300043807,34.122950000317076],[-81.23142999991515,34.123205000077064],[-81.23204099983542,34.123620999784585],[-81.23232399969264,34.12380899989618],[-81.23259099965632,34.12398799995809],[-81.23331999957739,34.12449900008539],[-81.23382400026586,34.12484099970853],[-81.23398900012229,34.12493400012348],[-81.23542400039817,34.12461299986559],[-81.23624000035787,34.12441400006442],[-81.23633300024429,34.12439700034744],[-81.23655400017722,34.12437700001983],[-81.23696300043115,34.12435200016143],[-81.23735800044135,34.12437999988338],[-81.23775299955325,34.12444400016904],[-81.23836299964861,34.12458299982093],[-81.23887900003265,34.12470699998622],[-81.24065099969413,34.1251170000656],[-81.24108699971221,34.12523700016616],[-81.2414599999811,34.125354000267485],[-81.24178700021926,34.125471000206964],[-81.24206900025156,34.12557700014576],[-81.24241999988085,34.12572400017072],[-81.24279999982244,34.125900000086936],[-81.24339099965123,34.12619800022511],[-81.24436999981754,34.12676999986797],[-81.24547600020546,34.12741599981105],[-81.2458310000327,34.12762299980747],[-81.24689300003968,34.128256000122],[-81.24729999974547,34.1285010001896],[-81.24806499965152,34.128961999851704],[-81.2481550000632,34.129021999797054],[-81.24825899982028,34.129105000097375],[-81.2488239997098,34.129589999846644],[-81.24887499976343,34.12963699975574],[-81.25025099958977,34.13091200007064],[-81.25030099981848,34.130962000361755],[-81.2504990001852,34.131161000364926],[-81.25065900001877,34.13130999984381],[-81.25125800024348,34.13186400002912],[-81.25155199997135,34.132136000066104],[-81.25243499987819,34.13295499968953],[-81.25273000032931,34.13322800003118],[-81.25310600007292,34.133576999943635],[-81.25318899991362,34.13365000004992],[-81.2536249999317,34.13403499991343],[-81.25459800025021,34.134881999685724],[-81.2546109997707,34.13489399987873],[-81.25505699983452,34.13530599977121],[-81.25629299991878,34.1366090002114],[-81.25693200032647,34.137281999917676],[-81.25727700010796,34.137645000084085],[-81.25887999971503,34.139334999720944],[-81.25958600006987,34.1400719996286],[-81.25977299966762,34.140243000080616],[-81.25997100003433,34.140405000072214],[-81.2600530000501,34.14046400006085],[-81.26015400033243,34.14053700016616],[-81.260382999763,34.14068500020654],[-81.26062100031268,34.140821999902386],[-81.26098100016279,34.14099500033514],[-81.26123600043091,34.14110100013734],[-81.26165999985513,34.14125199994159],[-81.2618830003362,34.14109900012826],[-81.26571899973719,34.13871300020749],[-81.26602300040912,34.13852599981846],[-81.26643099993979,34.13827400028964],[-81.26794099966044,34.137351999651216],[-81.26842600008234,34.13706099979425],[-81.2685440000831,34.13698200008423],[-81.26872099963512,34.13687999979416],[-81.26880799967375,34.136821000277294],[-81.27035299955449,34.13589100035847],[-81.27152099986668,34.13516799998037],[-81.27203800007564,34.134851000232594],[-81.2725340003682,34.13454700036386],[-81.27285499986024,34.134332000288154],[-81.27286900010394,34.13432200018489],[-81.27343999984126,34.133911000046496],[-81.27395700005019,34.13353100008878],[-81.27408199972368,34.13342900009499],[-81.27415200004387,34.13337400003993],[-81.27474799989552,34.13291799966529],[-81.27494700008715,34.13276599973726],[-81.2752879996707,34.13250399981644],[-81.2759289997282,34.13201299975593],[-81.27631100021793,34.13171999987385],[-81.27665299962638,34.13145899980367],[-81.2771320002005,34.13109099996509],[-81.27719599977459,34.13103300024852],[-81.27727600014055,34.13096299974268],[-81.27743199977616,34.13079799986131],[-81.27751999963971,34.13066999993881],[-81.27758199956398,34.130555000017374],[-81.2776319997927,34.130436000160316],[-81.27766899960261,34.13031300035068],[-81.27769100024224,34.13020299986755],[-81.27770200011288,34.13002999964959],[-81.2776950004402,34.12990099991426],[-81.27768000037159,34.12979099963854],[-81.27762400029509,34.129599999766214],[-81.27757400006637,34.12947600008523],[-81.27751499961683,34.129363000313504],[-81.27741900025568,34.12917499991104],[-81.27710500043632,34.12856000030921],[-81.2769990001311,34.12835700025408],[-81.2767100004261,34.127803000136026],[-81.27668600013666,34.127749000300796],[-81.27664299958064,34.12765300026066],[-81.27659999992294,34.12753900011791],[-81.27745199986764,34.1272410002449],[-81.27763500016574,34.12717800001497],[-81.27803799967356,34.12702799977423],[-81.27822500016963,34.126944000237096],[-81.27840500009468,34.12684699985329],[-81.27856400010333,34.12674600014796],[-81.27867899973107,34.126659999979836],[-81.27883799973972,34.126518999670516],[-81.27933200038244,34.12596799995642],[-81.27950999975937,34.125796000180735],[-81.27961600006458,34.125698999966986],[-81.27976099982953,34.12556799993865],[-81.27991499981532,34.12544899975403],[-81.28009200026564,34.12533199978411],[-81.28022899963467,34.12525399971423],[-81.2803580004044,34.12519100023448],[-81.28040799973483,34.125167000066234],[-81.28051099966697,34.12511999990285],[-81.28059900042885,34.12508099977914],[-81.28097400034757,34.12491200027442],[-81.28112999998318,34.12484499975248],[-81.28116299959515,34.12483099996967],[-81.28158500026785,34.124642999899606],[-81.28170999994133,34.12458800007697],[-81.28257299975668,34.12410699996816],[-81.28277000029848,34.1239199999834],[-81.28294500020067,34.123736999681334],[-81.2830880003158,34.123596999914284],[-81.28374500026683,34.12287599967406],[-81.28457799994496,34.12196100000928],[-81.28818699956521,34.11800400032768],[-81.28802900027978,34.11790500028496],[-81.28800199961728,34.117772999799854],[-81.28809500040202,34.11764099985243],[-81.28826699993115,34.11754200012849]]]},"properties":{"GEOID":"45079010310","TRACT":"010310","NAME":"Census Tract 103.10","county_name":"Richland","aland_sqkm":9.9091,"is_greater_area":true,"pop_2020":5051,"pop_2010":null,"has_2010":false,"growth_pct":null,"growth_abs":null,"density_per_sqkm":521.7,"pct_nonwhite":14.3,"median_income":124569,"median_age":45.0,"median_home_value":424000,"median_gross_rent":1708,"poverty_rate":2.3,"pct_bachelors_plus":59.1,"unemployment_rate":3.2,"pct_wfh":15.9,"total_housing_units":1992,"vacancy_rate":3.6,"owner_occ_rate":80.7,"pct_single_family":84.8,"median_year_built":2002,"pop_2021":4758,"pop_2022":4735,"pop_2023":4743,"pop_2024":4826}},{"type":"Feature","geometry":{"type":"Polygon","coordinates":[[[-81.20167899965097,34.15130799993849],[-81.2015470003048,34.15097300031936],[-81.20129299986158,34.150324999999384],[-81.20116700036318,34.150065000047505],[-81.2011189997843,34.149984999958484],[-81.20105900040815,34.1498839996543],[-81.20092399979063,34.14968499987918],[-81.2008509999957,34.149590000127525],[-81.20073299999493,34.149453999686685],[-81.20057200033644,34.149291000039696],[-81.20049399962032,34.14922099978916],[-81.2004019995588,34.14913899982546],[-81.20032200009119,34.149077000217126],[-81.20016200025762,34.148951000297295],[-81.19997700030969,34.14882600010263],[-81.19977899994296,34.14871300018371],[-81.19960300021586,34.14862500023432],[-81.19934399974979,34.14851399988016],[-81.19905800041784,34.14840699979582],[-81.19883400011184,34.148335999637254],[-81.19873700002748,34.14830499991581],[-81.19822400001648,34.14817200014236],[-81.19784300024997,34.14808800006016],[-81.19670300042517,34.14783600005585],[-81.19632299958528,34.14775300030881],[-81.19610599985029,34.14770500014017],[-81.19598700002462,34.14767899982063],[-81.19577100011455,34.147615000029255],[-81.19558500034171,34.14754599980496],[-81.19547800021158,34.14749299987453],[-81.19540899971629,34.14745999998522],[-81.1953669998835,34.14743600019283],[-81.19532599987562,34.147409999790476],[-81.19528599969266,34.14738400012352],[-81.1952329999892,34.14734699972594],[-81.19520399967689,34.14732700036827],[-81.19518000028575,34.14731099998655],[-81.19512099983619,34.14726600010497],[-81.1949729996982,34.14713699991496],[-81.19495599997977,34.147122000173994],[-81.19490300027631,34.14706700010975],[-81.19479600014618,34.14695599993865],[-81.1938100003072,34.14589500029992],[-81.19275199959986,34.144755000097106],[-81.19238500007707,34.14433199980668],[-81.19162400036895,34.143409999843925],[-81.19137400012369,34.14311400012849],[-81.19106899962685,34.14278999981379],[-81.19059499997392,34.142326999759405],[-81.19008399961275,34.14182700030056],[-81.18991000043378,34.14164000011151],[-81.18974700022719,34.141443000247904],[-81.18963800044725,34.14128900003467],[-81.1895439998376,34.14112800025507],[-81.1894810000884,34.14098500027681],[-81.18941300031634,34.140773000248316],[-81.18935399986678,34.14052099998554],[-81.18932700010261,34.14032099970229],[-81.18931700005687,34.14011600035189],[-81.18932799992754,34.139714000327004],[-81.18948299973823,34.13663899970589],[-81.18954100036285,34.13590599986273],[-81.18957800017277,34.13570200027982],[-81.18960699958679,34.13559100004842],[-81.18962400020352,34.13553199963162],[-81.18975300007496,34.135193999688816],[-81.18996800016012,34.13469699990253],[-81.19009600020664,34.134402000234516],[-81.19045799970657,34.133595000138655],[-81.19061900026337,34.133237000166346],[-81.19081099988398,34.132842000107225],[-81.19107100017499,34.13236300033181],[-81.19129299993284,34.131983000106516],[-81.19168499957,34.13134599970848],[-81.19172899995093,34.13126799998234],[-81.19186799986811,34.13103100000117],[-81.19199099989174,34.130780999940846],[-81.19206200003686,34.13059899974719],[-81.19210300004474,34.1304700001366],[-81.19213200035706,34.13037400021215],[-81.19218199968745,34.13021799963767],[-81.19222299969533,34.13008800005437],[-81.19223799976396,34.13004099965249],[-81.19225200000766,34.1299929998321],[-81.19258699974341,34.12889500030858],[-81.19259000011645,34.128885999711095],[-81.19271700033806,34.128512999801366],[-81.19281699989719,34.128273999962936],[-81.19289399989007,34.12811799997465],[-81.19301699991371,34.12790699980415],[-81.19316599987663,34.12768500028616],[-81.19336500006827,34.12741099972226],[-81.19384299991917,34.12681000012983],[-81.19447499975583,34.12605000009816],[-81.19482899975816,34.12562599968669],[-81.19497500024634,34.12546400036764],[-81.19524499968476,34.125199999738086],[-81.19544499970131,34.12503599995719],[-81.19575799969576,34.124806000245506],[-81.19587599969654,34.124721999987884],[-81.19759100035489,34.123515999837025],[-81.1978109995646,34.123347999649646],[-81.1981550004195,34.12308799997641],[-81.19817399978776,34.12307200021072],[-81.19843800027674,34.12286500022618],[-81.19853799983584,34.122787000111316],[-81.19883900013471,34.12255600000693],[-81.19890299970882,34.12250799965494],[-81.19894000041705,34.122478999831905],[-81.198865000074,34.12240500026401],[-81.19864199959291,34.12218500014111],[-81.19856799997308,34.122111999801476],[-81.19792899956539,34.121482999795475],[-81.19705800025241,34.12067299982029],[-81.1964239998676,34.120064999640086],[-81.19541000043952,34.11909299984145],[-81.19444700016673,34.11815299994055],[-81.19351499985609,34.117279999879194],[-81.1926200002537,34.11638900033807],[-81.19198099984601,34.11578099984962],[-81.19103099999201,34.11483800011996],[-81.19009500038172,34.11394799972109],[-81.19003199973422,34.113886999908225],[-81.1879110000933,34.1118179996996],[-81.18784699962087,34.1117549998785],[-81.18765599982517,34.1115689997079],[-81.18762300021321,34.1115370002771],[-81.18759300007598,34.111507999666856],[-81.18696000041439,34.11090199977172],[-81.18656299985605,34.11052199977804],[-81.18601300003515,34.10999499997182],[-81.18506999985384,34.10908000002505],[-81.18444300004003,34.10847100015938],[-81.18429499990202,34.10832700032704],[-81.18385300003617,34.107897999807484],[-81.18370599972306,34.107755000142674],[-81.18344899980512,34.10750600009207],[-81.18220699987309,34.106270999706844],[-81.18182699993149,34.10588300008797],[-81.1813420004079,34.1054440000204],[-81.18041199974707,34.10449799977515],[-81.1787510004137,34.102880000139805],[-81.17759999981993,34.10175800028274],[-81.17632699992576,34.100557999894406],[-81.17611199984061,34.10036299973963],[-81.17546900013328,34.09978100029073],[-81.17530900029969,34.0996360000506],[-81.17525499987302,34.099587000328825],[-81.175146999918,34.099489000056266],[-81.17501700022166,34.09937199987832],[-81.17487999995431,34.09925000001636],[-81.17482100040307,34.09919899981463],[-81.17478700006788,34.09916899968162],[-81.17471300044804,34.09910300009547],[-81.17309999989692,34.098958000181355],[-81.17271300028264,34.098928999722425],[-81.17260000030474,34.098918000135676],[-81.1724360002732,34.09890099975723],[-81.17238500021956,34.09889499971032],[-81.17236699977792,34.09889300019053],[-81.17216000008867,34.09887299978278],[-81.17148499969598,34.09880999999235],[-81.17126100028831,34.09879000030881],[-81.17122799977803,34.098787000281526],[-81.17113200041686,34.09877800019887],[-81.1710999997315,34.09877599993243],[-81.17101799971576,34.098768000353964],[-81.17078699973706,34.098747000155015],[-81.1707740002166,34.098744000126146],[-81.17069399985066,34.0987310002479],[-81.1705990003144,34.098713999831844],[-81.17044000030573,34.0986949998879],[-81.17018900023558,34.09865300019245],[-81.16991700024901,34.09860900020576],[-81.16868299981456,34.09838200008003],[-81.16818200039747,34.09828999999007],[-81.16805900037383,34.09826700013794],[-81.16769100012779,34.098199000312086],[-81.16761699960962,34.09818600035006],[-81.16756899992906,34.09817700020355],[-81.16731500038416,34.098129999918775],[-81.16685199970357,34.09804599994624],[-81.16655499960265,34.09799099993679],[-81.16630199988266,34.097945000063675],[-81.16627500011847,34.09793999972018],[-81.16619399992763,34.09792500017578],[-81.16616700016345,34.097919999831106],[-81.16612699998048,34.09791200017167],[-81.16600700032987,34.09788999998858],[-81.16596799997181,34.09788300009819],[-81.16591400044346,34.09787300014748],[-81.16575399971157,34.0978430002883],[-81.16570100000813,34.09783400010532],[-81.16526599981493,34.097753999676435],[-81.1650309996383,34.0977109997401],[-81.16391400027804,34.09750499994975],[-81.16352599994052,34.09743400018024],[-81.16337399960456,34.09740700024177],[-81.16310699964087,34.09735199981706],[-81.16304999973946,34.097340000247115],[-81.16282999963143,34.09729600032164],[-81.16244399984207,34.09721999999083],[-81.16215500013706,34.09713999972546],[-81.16179799976169,34.097026999891206],[-81.16153300034613,34.09694300031172],[-81.16136699976646,34.09688100035604],[-81.1610310002058,34.096754000209096],[-81.1607569996711,34.09663300007921],[-81.16047700018693,34.09649799976704],[-81.16040100001895,34.09688500023455],[-81.16034499994247,34.097290999939865],[-81.16029499971373,34.097761000321384],[-81.16026999959938,34.09829699984681],[-81.16026299992669,34.0988870001431],[-81.16026200010177,34.09896700024482],[-81.16025999955365,34.09920300032748],[-81.16025899972873,34.099273000345235],[-81.1602579999038,34.09951900007584],[-81.16025500042907,34.100123999936486],[-81.1602579999038,34.100468000164895],[-81.16025999955365,34.100702000303926],[-81.16026200010177,34.10078500013421],[-81.16027399979733,34.10111199997287],[-81.16028300001817,34.1013440003569],[-81.16032300020115,34.10209300008946],[-81.16034099974448,34.10242000008055],[-81.16035199961513,34.10262700026792],[-81.16038500012542,34.10325000018397],[-81.16039699982099,34.103458000278366],[-81.16040799969163,34.10369899974115],[-81.16044399967664,34.10442299965619],[-81.16045000042276,34.104536000028176],[-81.16046399976814,34.10466400008956],[-81.16048399985962,34.10479600020568],[-81.16051300017193,34.10492699968346],[-81.1605530003549,34.10505600032807],[-81.16055699965455,34.105066000173736],[-81.16060299968531,34.10518200023154],[-81.16091499985484,34.10583200016485],[-81.16109300013007,34.106185999959806],[-81.16127999972784,34.1065559996794],[-81.16136199974359,34.106718999928944],[-81.1616089996158,34.10720800028103],[-81.16169200035479,34.10737199967793],[-81.16181200000538,34.107621000122855],[-81.16188300015051,34.10780900010174],[-81.16191499993755,34.1079270001678],[-81.1619259998082,34.10796800007028],[-81.16194900027274,34.10814100005683],[-81.16195199974747,34.108226000071056],[-81.16194300042496,34.108357999836414],[-81.16190900008976,34.10855399980674],[-81.16186600043207,34.108698999640566],[-81.16181600020333,34.10881499992371],[-81.1617350000125,34.10895699964342],[-81.16134400020023,34.10957100012958],[-81.16130700039032,34.10963099970308],[-81.1611790003438,34.10987000017259],[-81.16113599978779,34.10996899995148],[-81.16108999975701,34.1101129999639],[-81.16106600036589,34.11026200009065],[-81.16106299999284,34.11036999974887],[-81.16106299999284,34.11038100007822],[-81.1610730000386,34.1105110002108],[-81.16109700032803,34.110645000115525],[-81.16113300031304,34.11077699982524],[-81.16119600006223,34.11093400018651],[-81.16125799998652,34.11104599968347],[-81.16129599962134,34.111101999748264],[-81.16133199960636,34.1111550001871],[-81.16145399980509,34.11130799990652],[-81.1616089996158,34.111503000124856],[-81.16173199963943,34.111657000311446],[-81.16193699967887,34.111909000350074],[-81.162079999794,34.11208399966658],[-81.16223799997773,34.112277999981764],[-81.16241399970482,34.11249500030552],[-81.1625669998657,34.11268200026822],[-81.16294799963222,34.11313000000852],[-81.16295600002815,34.11313799971669],[-81.16300899973159,34.113190000032624],[-81.16316799974025,34.11332200023331],[-81.16310300034122,34.11335699998714],[-81.16310900018901,34.11343200036717],[-81.16312599990745,34.11350699993692],[-81.16340000044214,34.11425700015791],[-81.16351900026784,34.114580999779015],[-81.16358299984194,34.11478200029741],[-81.16362399984983,34.11497800025778],[-81.16363899991843,34.11512000004401],[-81.16363999974335,34.11531400008937],[-81.16361999965187,34.11548399974798],[-81.16359100023786,34.11561600008718],[-81.16355000022998,34.115748000220364],[-81.16349900017634,34.11587699998248],[-81.1634189998104,34.11603800026279],[-81.16336600010698,34.11612900009163],[-81.1632489999311,34.11629199974463],[-81.16310300034122,34.11645600012329],[-81.16295100000525,34.116595999813995],[-81.16283999967719,34.116683000100004],[-81.16267099962279,34.11679300032494],[-81.16254199975134,34.116864000211606],[-81.16240100018436,34.11694399967734],[-81.1616370001032,34.117344999874824],[-81.1614670002239,34.11743299967486],[-81.16096000006068,34.11769899983217],[-81.16079100000628,34.1177880002879],[-81.16040900041486,34.11798700006563],[-81.16038799960015,34.117998000148106],[-81.16020400037546,34.118103999787394],[-81.15994699955918,34.11827500006202],[-81.15973499984707,34.11843199989233],[-81.15948600032506,34.11863600025004],[-81.15941299963181,34.118699000151736],[-81.15928999960815,34.118804000131426],[-81.15894599965156,34.11910099972932],[-81.15886100016108,34.11918400010153],[-81.15883199984876,34.119204999690005],[-81.1581179999963,34.119833000023874],[-81.1573849998773,34.12047799992068],[-81.15731399973218,34.1205390001855],[-81.15700099973775,34.12080599974175],[-81.15675999971332,34.12099700014649],[-81.15603599981513,34.12154100011487],[-81.15560599964482,34.121882999804164],[-81.15511299972533,34.12229399967523],[-81.15476600029402,34.122584000323634],[-81.15465900016389,34.122680000170384],[-81.15464699957,34.12269300008702],[-81.15456600027747,34.12277800035082],[-81.15453600014024,34.12281100021149],[-81.15443800023095,34.12294399974477],[-81.15437700013157,34.123052999787795],[-81.15436999956057,34.12306900030075],[-81.15432400042813,34.12317699996599],[-81.15428800044313,34.12329399994348],[-81.15427599984925,34.123352999978735],[-81.15426400015367,34.123413999656854],[-81.15426199960554,34.123431000315136],[-81.15425599975777,34.12349300014976],[-81.15426099978062,34.12365699994906],[-81.15428099987211,34.123779000309895],[-81.15431100000934,34.12389300031723],[-81.15435899968992,34.124069999789235],[-81.15440100042103,34.12422800021914],[-81.15453000029245,34.12470500033284],[-81.15457299995018,34.1248639997727],[-81.15464300027037,34.1251170000656],[-81.15485400015756,34.1258770003046],[-81.15491000023405,34.12607800000135],[-81.15491199988388,34.126087000154165],[-81.15492600012757,34.12613099997866],[-81.1549970002727,34.12635900018964],[-81.15502200038705,34.12643800016169],[-81.15512600014412,34.12675199970679],[-81.15522999990118,34.127035999654986],[-81.15531299974187,34.12726099989493],[-81.15540499980338,34.127505999871794],[-81.15553399967482,34.127817000170324],[-81.1556459998278,34.12805800013129],[-81.15569100003364,34.128154999869196],[-81.15586099991296,34.12849500001127],[-81.15672899975118,34.13010699963988],[-81.15686299964548,34.13035100015983],[-81.15728100012022,34.131108999945965],[-81.1575100004491,34.13151100000727],[-81.15791600032995,34.132247999739434],[-81.1580689995925,34.132523999708475],[-81.15821000005782,34.132779000333684],[-81.15838699960983,34.133050999656895],[-81.15858499997654,34.1333130001128],[-81.1589320003062,34.13371400000968],[-81.15987100028951,34.13470800004164],[-81.16005200003949,34.134881999685724],[-81.16010899994089,34.1349399997353],[-81.16030800013253,34.1351200000973],[-81.1604269999582,34.13521900005866],[-81.16065299991402,34.13540699965847],[-81.16144799995732,34.13603199990585],[-81.16168599960868,34.13621899986548],[-81.1619600001434,34.1364349996617],[-81.16214000006845,34.13659300003051],[-81.16230699957471,34.136758999807995],[-81.16236400037442,34.136822000332444],[-81.1624320001465,34.13689800002926],[-81.16251499998717,34.137009000031085],[-81.16254900032236,34.13706199984655],[-81.16259600017803,34.1371359999682],[-81.16261200007155,34.137160999763566],[-81.16272099985149,34.137371999883115],[-81.16276199985938,34.13745099997204],[-81.1628330000045,34.13762700000809],[-81.16287999986015,34.13776999972107],[-81.1629040001496,34.137866000167335],[-81.16305099956438,34.13845700034967],[-81.1632070000983,34.13915100004765],[-81.16330400018268,34.13958099966839],[-81.16344200027494,34.14016100032443],[-81.16354400038219,34.1405899999994],[-81.16359799991055,34.1407690002146],[-81.16369599981984,34.1410319997972],[-81.16379600027727,34.14123899990506],[-81.16390099985927,34.14141600023077],[-81.16401899986002,34.141586000194565],[-81.16417100019599,34.14177199976313],[-81.16426800028037,34.14189100001578],[-81.1645589996352,34.14222599996444],[-81.16469799955237,34.14238499990363],[-81.16498999963044,34.14269499974297],[-81.16508300041515,34.14278399990642],[-81.16514799981417,34.14284599967246],[-81.1653110000208,34.14298400030754],[-81.16535100020376,34.14301799969667],[-81.16543900006731,34.14308399995882],[-81.16594000038272,34.14343200008278],[-81.16629600003488,34.143664000360445],[-81.16663099977062,34.14389600000104],[-81.16695600035897,34.144101999814474],[-81.16731200001111,34.14431800027758],[-81.16765799961752,34.14440199964768],[-81.16767199986121,34.1444730001388],[-81.16770899967115,34.14459900004669],[-81.16774200018142,34.144695000169],[-81.16775800007494,34.14473800001027],[-81.16781300032653,34.1448620003464],[-81.16784500011359,34.14492300011523],[-81.16787199987776,34.144972000336395],[-81.16787799972553,34.14498199992285],[-81.1679029998399,34.145020999785665],[-81.16792799995426,34.14505899967278],[-81.1680300000615,34.145202000190466],[-81.1681349996435,34.145324999891066],[-81.16833100036038,34.14551999972025],[-81.16872800002041,34.14587000011487],[-81.16997800034838,34.1469730003226],[-81.1706980000486,34.147615000029255],[-81.17079299958486,34.14771300029407],[-81.17090700028596,34.14785300026271],[-81.17103399960926,34.14803900015952],[-81.17114300028753,34.148229999991074],[-81.17115900018105,34.148261999659795],[-81.17168700026066,34.14927699984556],[-81.17173099974327,34.1493630000457],[-81.1719159996912,34.14972700025179],[-81.1726050003276,34.151081000013306],[-81.17283499958305,34.151532000353924],[-81.173211000225,34.152264000064534],[-81.17342399976202,34.1526790003537],[-81.1735209998464,34.152832000010335],[-81.17359700001438,34.15292900030499],[-81.17368800025098,34.153020999684465],[-81.17378699998518,34.153106999789564],[-81.17391900022966,34.15320200004583],[-81.17403899988027,34.15327199997066],[-81.1741269997438,34.15331400004641],[-81.17426300018624,34.15336799990068],[-81.17444800013418,34.15342000000304],[-81.17464599960257,34.15345600011238],[-81.17487400010653,34.15348299999843],[-81.17514400044327,34.15350900001824],[-81.1759639997026,34.15358799988626],[-81.1764349998808,34.15363300011684],[-81.17708000013624,34.153695000097876],[-81.17726900028214,34.15372199990753],[-81.17742900011571,34.15375100016154],[-81.17758700029947,34.15378799998406],[-81.17774899978285,34.15383499981568],[-81.17783400017167,34.15386499988432],[-81.1778929997229,34.15388599977735],[-81.17803300036329,34.153945000015256],[-81.1782659999918,34.15406099992182],[-81.17849500032065,34.15395199972572],[-81.17852499955957,34.1539359998556],[-81.17929899968648,34.153551999833255],[-81.17955700032765,34.1534250000398],[-81.179907000132,34.1532540002504],[-81.18013599956257,34.153143000032266],[-81.18039699967846,34.15303199966826],[-81.18066000034251,34.15294200002947],[-81.18100099992603,34.15284700022409],[-81.18111399990396,34.152816999793856],[-81.18137900021782,34.15274899996859],[-81.18143199992126,34.15273500034762],[-81.18157599986131,34.15268700003649],[-81.18161199984631,34.15267099992672],[-81.18171499977848,34.152630000142715],[-81.1818639997414,34.15255100012193],[-81.18199099996302,34.152472999897206],[-81.18216900023825,34.152345000096645],[-81.18224000038335,34.152287000099925],[-81.18243299982889,34.15213300032549],[-81.1824980001262,34.15208100017409],[-81.18262100014985,34.15199599964327],[-81.1827299999298,34.151933000025494],[-81.18286100034938,34.151870000360724],[-81.18292800029653,34.151844999713745],[-81.18302600020581,34.15180899966113],[-81.18322200002439,34.151753999675044],[-81.18341799984297,34.151712000310354],[-81.18380500035558,34.15165100024006],[-81.18462399979,34.151540000145374],[-81.18519500042562,34.151464000237496],[-81.18545900001628,34.15142800002255],[-81.18578600025442,34.151383999986734],[-81.18594500026308,34.15137100002246],[-81.18618499956428,34.151367999630125],[-81.1862570004326,34.15137100002246],[-81.18634000027329,34.15137600018053],[-81.18652299967307,34.15139600006632],[-81.18684499988835,34.15143099966933],[-81.18686900017781,34.15143400005943],[-81.18748799959567,34.15151500014412],[-81.18780999981097,34.15154700005521],[-81.18788400032913,34.15155499984523],[-81.18813299985115,34.15157299992759],[-81.18990200003788,34.15164799985767],[-81.19086600013559,34.15171300018929],[-81.19310599960218,34.151864000354806],[-81.1952689999742,34.15200400013417],[-81.19619200006402,34.152068000317094],[-81.19666499989205,34.152100999893015],[-81.19779200019634,34.15217299973392],[-81.19808299955118,34.152177999844504],[-81.19835999956061,34.15217099998696],[-81.19868699979875,34.15214600017243],[-81.19901900005978,34.152100999893015],[-81.19905800041784,34.15209300015465],[-81.19929299969615,34.152047999847],[-81.19969000025452,34.15194199965519],[-81.20023699970237,34.15176800020208],[-81.20104900036242,34.15149999969374],[-81.20124699983083,34.151439000213756],[-81.20167899965097,34.15130799993849]]]},"properties":{"GEOID":"45079010308","TRACT":"010308","NAME":"Census Tract 103.08","county_name":"Richland","aland_sqkm":15.843,"is_greater_area":true,"pop_2020":5266,"pop_2010":5857,"has_2010":true,"growth_pct":-2.9,"growth_abs":-170,"density_per_sqkm":359.0,"pct_nonwhite":33.6,"median_income":108536,"median_age":42.7,"median_home_value":276100,"median_gross_rent":1827,"poverty_rate":4.4,"pct_bachelors_plus":47.3,"unemployment_rate":1.4,"pct_wfh":12.1,"total_housing_units":1937,"vacancy_rate":0.0,"owner_occ_rate":92.2,"pct_single_family":97.8,"median_year_built":1996,"pop_2014":5487,"pop_2015":5625,"pop_2016":5823,"pop_2017":5864,"pop_2018":5851,"pop_2019":5724,"pop_2021":5203,"pop_2022":5306,"pop_2023":5354,"pop_2024":5471}},{"type":"Feature","geometry":{"type":"Polygon","coordinates":[[[-81.22582000030457,34.109180000366806],[-81.22566399977065,34.10866499983523],[-81.2254429998377,34.10793800007102],[-81.22519599996549,34.10712099991858],[-81.2250410001548,34.10660699990991],[-81.22474599970369,34.10563099994983],[-81.224450000326,34.10465200006876],[-81.22418900021009,34.1037920003472],[-81.22416599974557,34.10371300004689],[-81.22411899988988,34.10355900027568],[-81.22405899961544,34.103360999732914],[-81.22402500017857,34.10325099989237],[-81.22397300030002,34.10307600015563],[-81.22386100014702,34.102703999920934],[-81.22356700041915,34.101729000039484],[-81.2235070001447,34.1015260002899],[-81.22330600030325,34.100831999688296],[-81.22328399966364,34.10077700000173],[-81.22184199971505,34.10055700015413],[-81.22155300001005,34.10051299966971],[-81.22112100018991,34.10044699964393],[-81.21948699972239,34.10019799965823],[-81.21899399980289,34.1001230001911],[-81.21605300000432,34.09967599975686],[-81.21548999976463,34.099590000327744],[-81.2154739998711,34.099588000080495],[-81.21410499971745,34.099378999645566],[-81.213643999585,34.09930899971549],[-81.21294399997628,34.09920199982737],[-81.2123830002847,34.09911699967386],[-81.21123099986603,34.098942000314146],[-81.20959999977156,34.098694000125676],[-81.20898800002638,34.09862100033967],[-81.20895899971406,34.09861800030634],[-81.2079340004153,34.09842699995017],[-81.20712000010543,34.09827499976375],[-81.20632400023725,34.09812699986809],[-81.20603100033429,34.09807100014159],[-81.20566300008825,34.097997000047734],[-81.205308000261,34.0979050002831],[-81.20183900038285,34.09716800027327],[-81.19933100022932,34.09653299978598],[-81.19805499996208,34.09625500029903],[-81.1966339999299,34.09586899972203],[-81.19656699998275,34.09584999988329],[-81.19576000024388,34.0956189998583],[-81.19473500004682,34.09534100034485],[-81.19427999976216,34.09522999994686],[-81.19362399963603,34.095025999680324],[-81.19302799978438,34.09484099973543],[-81.1924870001843,34.09468599963121],[-81.19197699964805,34.09453999977732],[-81.19020699963642,34.0940109997312],[-81.18975700027292,34.09385600033878],[-81.1884879996784,34.09341499997249],[-81.18651299962733,34.09277100036418],[-81.18623700034112,34.092728000128],[-81.18606400008876,34.092678000293105],[-81.18423499962758,34.09196699975693],[-81.1824909995552,34.091290000049305],[-81.18057400012879,34.0905419997919],[-81.17955399995459,34.09058399979257],[-81.17923400028745,34.09053800035761],[-81.17912499960919,34.09053900021618],[-81.17768699985857,34.09055400032559],[-81.17403700023044,34.090503999950506],[-81.17289999988039,34.09045400028986],[-81.17288900000973,34.09014499996121],[-81.17198199981344,34.09048799997308],[-81.17155400019126,34.090644000182365],[-81.171520999681,34.09065500010047],[-81.17142799979457,34.09068299981784],[-81.17132700041054,34.090713999839494],[-81.17123699999887,34.09073700025623],[-81.17118699977014,34.0907540000427],[-81.17111899999807,34.09077800030437],[-81.17104700002807,34.09080799969191],[-81.17075099975204,34.090877000102765],[-81.17035599974183,34.09095099972616],[-81.16997400015042,34.0910069996998],[-81.16946299978926,34.09106500008513],[-81.1686130003927,34.09107599994846],[-81.16855200029332,34.09107400024394],[-81.168486999996,34.09107299964769],[-81.16836899999522,34.09106599993746],[-81.16830899972076,34.09106299963639],[-81.16826000021527,34.091060000079125],[-81.168114999552,34.091050999918764],[-81.16806699987143,34.091048000361056],[-81.16788000027368,34.09103699975014],[-81.167789999862,34.09103199974249],[-81.16732200005686,34.090995999827456],[-81.16721900012469,34.09098900011085],[-81.16713600028402,34.090983000247],[-81.16695100033608,34.09096999992067],[-81.16648400035585,34.090938999992694],[-81.16639599959399,34.090934999833195],[-81.1663470000885,34.090933999979256],[-81.16621099964607,34.09092899996552],[-81.16595200007829,34.0909239999515],[-81.16573299979517,34.09091999979129],[-81.16583200042768,34.09100800029678],[-81.16602800024627,34.09119099998996],[-81.16609299964529,34.09125299964991],[-81.1661350003764,34.09129300034238],[-81.16620899999624,34.091359999916214],[-81.16656399982347,34.09167699977914],[-81.16668299964917,34.0917829996656],[-81.16673000040313,34.09182599963786],[-81.16680900004587,34.091896999648014],[-81.1668740003432,34.09195500016743],[-81.16692299984868,34.09199899989371],[-81.16715399982735,34.092206000277045],[-81.16735700021695,34.092386999938626],[-81.16758999984545,34.09261799985704],[-81.16782699967192,34.09285200012684],[-81.16804900032808,34.09307100008895],[-81.16806199984855,34.09308300026412],[-81.16810100020662,34.09312099969177],[-81.16811399972711,34.093133999687765],[-81.16812799997079,34.093148000253564],[-81.16817200035173,34.093192000103606],[-81.16818700042035,34.093206999742925],[-81.16820099976573,34.09322100029659],[-81.16824699979648,34.093261000059044],[-81.1682610000402,34.09327999973507],[-81.16902400029643,34.09394899985953],[-81.17035800028998,34.09511999995173],[-81.17130099957298,34.09597299997754],[-81.17193699960758,34.09654900010863],[-81.17205399978346,34.096655999631515],[-81.17256299959648,34.09712100017204],[-81.1738589999552,34.09830699974742],[-81.17408699956083,34.098521000163764],[-81.17453900037076,34.09894399983277],[-81.17459100024932,34.09899299992686],[-81.17461499964044,34.09901499982326],[-81.17468800033367,34.09908100022193],[-81.17471300044804,34.09910300009547],[-81.17478700006788,34.09916899968162],[-81.17482100040307,34.09919899981463],[-81.17487999995431,34.09925000001636],[-81.17501700022166,34.09937199987832],[-81.175146999918,34.099489000056266],[-81.17525499987302,34.099587000328825],[-81.17530900029969,34.0996360000506],[-81.17546900013328,34.09978100029073],[-81.17611199984061,34.10036299973963],[-81.17632699992576,34.100557999894406],[-81.17759999981993,34.10175800028274],[-81.1787510004137,34.102880000139805],[-81.18041199974707,34.10449799977515],[-81.1813420004079,34.1054440000204],[-81.18182699993149,34.10588300008797],[-81.18220699987309,34.106270999706844],[-81.18344899980512,34.10750600009207],[-81.18370599972306,34.107755000142674],[-81.18385300003617,34.107897999807484],[-81.18429499990202,34.10832700032704],[-81.18444300004003,34.10847100015938],[-81.18506999985384,34.10908000002505],[-81.18601300003515,34.10999499997182],[-81.18656299985605,34.11052199977804],[-81.18696000041439,34.11090199977172],[-81.18759300007598,34.111507999666856],[-81.18762300021321,34.1115370002771],[-81.18765599982517,34.1115689997079],[-81.18784699962087,34.1117549998785],[-81.1879110000933,34.1118179996996],[-81.19003199973422,34.113886999908225],[-81.19009500038172,34.11394799972109],[-81.19103099999201,34.11483800011996],[-81.19198099984601,34.11578099984962],[-81.1926200002537,34.11638900033807],[-81.19351499985609,34.117279999879194],[-81.19444700016673,34.11815299994055],[-81.19541000043952,34.11909299984145],[-81.1964239998676,34.120064999640086],[-81.19705800025241,34.12067299982029],[-81.19792899956539,34.121482999795475],[-81.19856799997308,34.122111999801476],[-81.19864199959291,34.12218500014111],[-81.198865000074,34.12240500026401],[-81.19894000041705,34.122478999831905],[-81.19895700013551,34.12246599988237],[-81.19910400044859,34.12235200018194],[-81.19911699996906,34.122340999922216],[-81.19964500004868,34.121920999684285],[-81.19982199960069,34.12178099988505],[-81.20164699986391,34.12027300003715],[-81.20200300041435,34.12002799992349],[-81.2023010003402,34.1198570002188],[-81.2026469999466,34.11967700007789],[-81.2030560002005,34.11952500013969],[-81.2034649995561,34.11938500009196],[-81.20369100041025,34.11929899987331],[-81.20387399981004,34.11919099971705],[-81.2040470000624,34.11905099986001],[-81.20436000005684,34.11874900022917],[-81.20487200024291,34.11903600033965],[-81.20492599977128,34.11906400033456],[-81.20515000007725,34.11918100005368],[-81.2054210002389,34.1193049999606],[-81.20569999989816,34.11941799978941],[-81.20604200020493,34.11953499976239],[-81.20674500018671,34.119744999746445],[-81.20678899966933,34.11975800011436],[-81.2070749998996,34.11985799973102],[-81.20735399955886,34.119971000308254],[-81.20755799977337,34.11965200031719],[-81.20780899984352,34.11926199982155],[-81.20799899981432,34.11896600031186],[-81.20808300037822,34.11883599978768],[-81.2081729998916,34.11869700035626],[-81.20837799993102,34.11837900029482],[-81.208454000099,34.11825999966036],[-81.20848400023621,34.11821300011983],[-81.20860700025987,34.11802000030868],[-81.20880300007845,34.11771799997073],[-81.20890900038366,34.11755300026878],[-81.2091579999057,34.11715999964163],[-81.20930299967065,34.11693000007379],[-81.20943900011308,34.116719000243464],[-81.20969000018326,34.116334000352595],[-81.2099970003299,34.115880000147584],[-81.21038099957114,34.115408000135325],[-81.21039099961689,34.11539699971604],[-81.21233800007886,34.113338000356315],[-81.21360199975221,34.11197999987417],[-81.21372099957789,34.11181500013423],[-81.21381500018754,34.111686999735625],[-81.21400599998324,34.111340000167715],[-81.21408499962597,34.11117099997628],[-81.2142699995739,34.11078200015387],[-81.21443399960542,34.11044000019749],[-81.21446899976553,34.110369000124535],[-81.21454099973555,34.1102160001943],[-81.21476000001867,34.10975799986238],[-81.2148329998136,34.10960599994796],[-81.2148830000423,34.10951499979511],[-81.2149600000352,34.109379000315926],[-81.21504600024893,34.109248999931246],[-81.21507800003597,34.109203000227915],[-81.2151080001732,34.10916499983962],[-81.21517099992239,34.109084000070744],[-81.21520400043268,34.10904099994153],[-81.21534199962663,34.10888700019897],[-81.21538199980961,34.1088469996404],[-81.21551499987899,34.108718999957176],[-81.21564700012345,34.10859599979446],[-81.21593300035373,34.10833499974564],[-81.21597299963838,34.10829899975266],[-81.21630999992226,34.107998000058906],[-81.21639699996092,34.10792100001714],[-81.21655000012179,34.107802999942656],[-81.2166430000082,34.10774299981649],[-81.21665300005395,34.10773599999732],[-81.21669400006184,34.1077120000817],[-81.21677400042778,34.107673000111326],[-81.21679699999399,34.10766200017364],[-81.21691300034496,34.107616000351186],[-81.21702600032286,34.10758499982606],[-81.21707700037648,34.10757199981842],[-81.2171130003615,34.10756700004379],[-81.2172199995933,34.10755100031681],[-81.21736199988351,34.107540000363265],[-81.21755199985432,34.10754399973796],[-81.21765399996157,34.10756000021012],[-81.21773400032751,34.10757300021961],[-81.2178819995672,34.10760899977771],[-81.21921499973584,34.108040999974456],[-81.21936200004893,34.10808900035603],[-81.21973600014275,34.108200999900745],[-81.21983800025,34.10822899976375],[-81.22014500039666,34.10831300004099],[-81.22024800032882,34.108340999866925],[-81.22033700001728,34.10836500034791],[-81.22062599972227,34.108444999670596],[-81.22065199966154,34.108452000174886],[-81.22069500021756,34.1084630000098],[-81.2208380003327,34.108500999969635],[-81.22127000015283,34.108614999746614],[-81.22141400009289,34.108654000026526],[-81.22146099994853,34.108666000223444],[-81.22160200041385,34.10870400009205],[-81.22164900026952,34.10871699992573],[-81.22209399961012,34.10883500021289],[-81.22246500022922,34.108935000100516],[-81.22265699984982,34.10898599964064],[-81.22275599958402,34.10901300034727],[-81.22306799975357,34.10908800011623],[-81.22336599967939,34.10914300035086],[-81.22363699984105,34.10917800034627],[-81.22390899982761,34.10919999982597],[-81.22420500010362,34.10920700026779],[-81.2248290004427,34.10920199984599],[-81.22497400020765,34.10919799980589],[-81.22582000030457,34.109180000366806]]]},"properties":{"GEOID":"45079010305","TRACT":"010305","NAME":"Census Tract 103.05","county_name":"Richland","aland_sqkm":8.7876,"is_greater_area":true,"pop_2020":7251,"pop_2010":7004,"has_2010":true,"growth_pct":2.3,"growth_abs":161,"density_per_sqkm":815.4,"pct_nonwhite":46.5,"median_income":76912,"median_age":41.6,"median_home_value":192900,"median_gross_rent":1538,"poverty_rate":4.7,"pct_bachelors_plus":42.8,"unemployment_rate":12.1,"pct_wfh":16.6,"total_housing_units":2919,"vacancy_rate":3.9,"owner_occ_rate":84.0,"pct_single_family":100.0,"median_year_built":1987,"pop_2014":7046,"pop_2015":7009,"pop_2016":6747,"pop_2017":6924,"pop_2018":7227,"pop_2019":7209,"pop_2021":7387,"pop_2022":7182,"pop_2023":7168,"pop_2024":7031}},{"type":"Feature","geometry":{"type":"Polygon","coordinates":[[[-81.22328399966364,34.10077700000173],[-81.2230900003932,34.100129999896204],[-81.22278099969839,34.099102000338],[-81.22272999964476,34.09893199974468],[-81.2220280003862,34.09664099985954],[-81.22149699993355,34.09643099979664],[-81.22079899997465,34.096155000303085],[-81.21808099975883,34.095077999969995],[-81.21790900022968,34.095009999813634],[-81.21734699981491,34.09478800023566],[-81.21713799957753,34.09470499973124],[-81.21659600015253,34.09449100008077],[-81.21595000007216,34.09423500023304],[-81.2158549996376,34.0941919999967],[-81.21498900034753,34.093797999634056],[-81.21461299970557,34.09362800028954],[-81.21378500005032,34.0932430002055],[-81.21306799982482,34.09292300002038],[-81.2126929999061,34.092746000091125],[-81.21164799961754,34.09228100006455],[-81.21088000023676,34.091922000171806],[-81.21059099963344,34.09179500002335],[-81.2103839999442,34.09171200030377],[-81.21009299969106,34.091614999685774],[-81.20976399980309,34.09152000013854],[-81.20959800012174,34.09147799985837],[-81.20931699991434,34.09141499977104],[-81.20892399955396,34.09133400012117],[-81.20784499982854,34.0910879996625],[-81.2075469999027,34.09101699971776],[-81.20712000010543,34.09090300003817],[-81.20682700020248,34.0908050001256],[-81.20636699989494,34.090649000212935],[-81.20587999982321,34.09045400028986],[-81.20550900010245,34.09031500034901],[-81.20528200032174,34.090226000004726],[-81.20458299963961,34.08995200009618],[-81.2043090000032,34.08984100007086],[-81.2035969998006,34.089568000274134],[-81.2032660002628,34.089431999981485],[-81.20288100029833,34.08928599999308],[-81.20172999970457,34.08882399994016],[-81.20161699972667,34.0887800000516],[-81.2005709996132,34.088370000160005],[-81.20035300005333,34.08827800034705],[-81.20016999975522,34.08822100017015],[-81.2000130002947,34.08817299967821],[-81.19986699980652,34.088132999743394],[-81.19957800010152,34.088076000212915],[-81.19921300022854,34.088018999900044],[-81.19893399967096,34.08799299982289],[-81.19863400009531,34.08798400008049],[-81.19859300008743,34.08772199980252],[-81.19850400039897,34.087601000152944],[-81.19847699973649,34.087307999664134],[-81.19846699969074,34.087195999993995],[-81.19844699959924,34.08697699971273],[-81.19840300011661,34.08684799978135],[-81.19835899973569,34.08672200010847],[-81.19839300007088,34.08657699981591],[-81.19848299958426,34.08640299973223],[-81.19850500022389,34.086359999981426],[-81.19855299990446,34.08627000003429],[-81.19883499993675,34.08596399979618],[-81.198865000074,34.08596299988353],[-81.19886199970092,34.08571600027009],[-81.19886099987603,34.08562599963842],[-81.19893799986892,34.08560300006513],[-81.1991119999462,34.08532700023413],[-81.1997959996614,34.08535600014545],[-81.19993200010383,34.08537999970538],[-81.20036999977177,34.08505200017089],[-81.2004919999705,34.084845000150914],[-81.20047500025207,34.084654999892116],[-81.20045500016057,34.08453299964991],[-81.20041199960457,34.084257999983926],[-81.20048299974967,34.08390699978914],[-81.20062000001701,34.08323600002651],[-81.20077099962975,34.083068000198374],[-81.20087699993498,34.08280900018234],[-81.20092399979063,34.08244199992336],[-81.20093499966127,34.08235899996256],[-81.2010419997914,34.08228199965721],[-81.20108699999724,34.08210699971752],[-81.20112999965495,34.08174799983591],[-81.20144699984735,34.081214000367424],[-81.2017039997653,34.08100899983588],[-81.20187000034498,34.080695000131826],[-81.2019139998276,34.08038999981409],[-81.20197499992697,34.08026000028398],[-81.20248899976286,34.07960399971399],[-81.20223199984491,34.07946899977489],[-81.20202900035363,34.079373999991944],[-81.20186699997193,34.0792119998969],[-81.20180599987255,34.07906300016051],[-81.20167899965097,34.07879899981418],[-81.20157400006897,34.078840999687586],[-81.20130100025749,34.07895000000593],[-81.2011539999444,34.07900799972221],[-81.20043000004621,34.07929499996592],[-81.20028299973312,34.078960999955164],[-81.19996499971582,34.07851400012298],[-81.19923499996985,34.07820300010978],[-81.19826199965131,34.07785400013234],[-81.1968380001444,34.07742399989673],[-81.19621700017838,34.07731099978753],[-81.1947479995673,34.07716099966647],[-81.19462899974162,34.07716199968301],[-81.19451199956576,34.077178999962854],[-81.19413599982211,34.077288000188005],[-81.19362399963603,34.07840499998757],[-81.1930920002568,34.07962400021021],[-81.19229899986331,34.08112999997733],[-81.19199000006684,34.08172599991596],[-81.19191499972375,34.08186899966555],[-81.19183899955578,34.082015999754766],[-81.19180500011892,34.08220799989693],[-81.19180500011892,34.08242400000154],[-81.19183199988309,34.08268399965845],[-81.19174900004242,34.08271700027896],[-81.1916639996536,34.08275000014254],[-81.19141099993361,34.08285000034965],[-81.19072600039348,34.08312200028579],[-81.18964599994483,34.08354999998082],[-81.18924099988888,34.083710000083116],[-81.18890799980296,34.083843000082204],[-81.18869500026594,34.08392700001311],[-81.18860900005221,34.08396100008552],[-81.18674899962889,34.08469100027147],[-81.18642499976379,34.08481899984307],[-81.18621499970149,34.0849030002938],[-81.1846449997064,34.08553000014882],[-81.18354900026254,34.0859770001473],[-81.18416100000772,34.086975999812104],[-81.18425700026721,34.08714200027281],[-81.18468499988937,34.08790900020584],[-81.18493199976159,34.08840499981997],[-81.18521799999183,34.088907000259425],[-81.18552099994055,34.08951800006066],[-81.18577899968341,34.09018100023809],[-81.18605700041607,34.09111099997762],[-81.18651299962733,34.09277100036418],[-81.1884879996784,34.09341499997249],[-81.18975700027292,34.09385600033878],[-81.19020699963642,34.0940109997312],[-81.19197699964805,34.09453999977732],[-81.1924870001843,34.09468599963121],[-81.19302799978438,34.09484099973543],[-81.19362399963603,34.095025999680324],[-81.19427999976216,34.09522999994686],[-81.19473500004682,34.09534100034485],[-81.19576000024388,34.0956189998583],[-81.19656699998275,34.09584999988329],[-81.1966339999299,34.09586899972203],[-81.19805499996208,34.09625500029903],[-81.19933100022932,34.09653299978598],[-81.20183900038285,34.09716800027327],[-81.205308000261,34.0979050002831],[-81.20566300008825,34.097997000047734],[-81.20603100033429,34.09807100014159],[-81.20632400023725,34.09812699986809],[-81.20712000010543,34.09827499976375],[-81.2079340004153,34.09842699995017],[-81.20895899971406,34.09861800030634],[-81.20898800002638,34.09862100033967],[-81.20959999977156,34.098694000125676],[-81.21123099986603,34.098942000314146],[-81.2123830002847,34.09911699967386],[-81.21294399997628,34.09920199982737],[-81.213643999585,34.09930899971549],[-81.21410499971745,34.099378999645566],[-81.2154739998711,34.099588000080495],[-81.21548999976463,34.099590000327744],[-81.21605300000432,34.09967599975686],[-81.21899399980289,34.1001230001911],[-81.21948699972239,34.10019799965823],[-81.22112100018991,34.10044699964393],[-81.22155300001005,34.10051299966971],[-81.22184199971505,34.10055700015413],[-81.22328399966364,34.10077700000173]]]},"properties":{"GEOID":"45063021113","TRACT":"021113","NAME":"Census Tract 211.13","county_name":"Lexington","aland_sqkm":3.637,"is_greater_area":true,"pop_2020":3488,"pop_2010":3074,"has_2010":true,"growth_pct":2.7,"growth_abs":82,"density_per_sqkm":867.7,"pct_nonwhite":43.2,"median_income":78611,"median_age":37.0,"median_home_value":205200,"median_gross_rent":887,"poverty_rate":13.0,"pct_bachelors_plus":35.4,"unemployment_rate":2.2,"pct_wfh":16.5,"total_housing_units":1444,"vacancy_rate":7.1,"owner_occ_rate":76.7,"pct_single_family":84.6,"median_year_built":1990,"pop_2014":3138,"pop_2015":3364,"pop_2016":3289,"pop_2017":3305,"pop_2018":3242,"pop_2019":3407,"pop_2021":3239,"pop_2022":3311,"pop_2023":3403,"pop_2024":3309}},{"type":"Feature","geometry":{"type":"Polygon","coordinates":[[[-81.19528400004282,34.0741340003223],[-81.19528200039301,34.073871000293686],[-81.19523499963901,34.07316800008771],[-81.19521299989772,34.07275300016058],[-81.19520200002705,34.07265900035549],[-81.19517500026288,34.07252699997813],[-81.1951409999277,34.072399999759185],[-81.19509099969898,34.07220999985532],[-81.19505600043719,34.07211099981097],[-81.19498500029208,34.071940000003025],[-81.19489700042854,34.07176300011243],[-81.19479799979601,34.07159299968432],[-81.1946630000768,34.07139400018553],[-81.1945500000989,34.07125099986446],[-81.19432900016596,34.070993000261595],[-81.19427399991437,34.070922999928115],[-81.19422899970854,34.07086499988437],[-81.19412300030163,34.07071799978807],[-81.19396199974484,34.07046699997567],[-81.1939159997141,34.07038699973093],[-81.19388300010213,34.07032900006436],[-81.19375300040579,34.07006999978571],[-81.19319400036404,34.06819100035024],[-81.19187200006607,34.068354000064105],[-81.19055999981381,34.06851899970158],[-81.19028799982726,34.06854499980459],[-81.1900369997571,34.0685589999712],[-81.18968000028003,34.06855799985305],[-81.18933799997328,34.06854499980459],[-81.18901900013104,34.0685230001759],[-81.188650999885,34.06848500012729],[-81.18836300000491,34.06844599994217],[-81.18816299998838,34.06841499995397],[-81.18775200008464,34.068332999762426],[-81.18752199993087,34.06827799979826],[-81.18728199973135,34.06821300006514],[-81.1870249998134,34.06813400004758],[-81.18682099959891,34.06806499970824],[-81.18658399977244,34.06797599979149],[-81.18637899973304,34.06789199966728],[-81.18491000002027,34.06734499967407],[-81.1842150004344,34.06708900035378],[-81.18404600038001,34.06703599985423],[-81.18389300021913,34.066996999746344],[-81.18379799978457,34.066978000126134],[-81.1837369996852,34.06696599997209],[-81.18358000022468,34.066942999796254],[-81.18344299995734,34.06693099963731],[-81.18319199988717,34.06692300002648],[-81.18296400028153,34.06693299991195],[-81.18284499955752,34.06694600020781],[-81.1817230001744,34.06707399980855],[-81.18139400028643,34.0670930001514],[-81.18113399999544,34.0670930001514],[-81.18089499962085,34.06708300028481],[-81.17987000032208,34.066996999746344],[-81.17964699984101,34.06698500033916],[-81.17945100002244,34.06698300006574],[-81.17925600002876,34.066989000141746],[-81.17869699998703,34.06702499984472],[-81.17841599977962,34.067050000270235],[-81.17781200043035,34.067121000218044],[-81.17795499964717,34.06690499978318],[-81.1780340001882,34.06680399995929],[-81.17810699998314,34.066693000102454],[-81.17816999973235,34.0665780002784],[-81.17823500002966,34.06642500006993],[-81.17827400038772,34.06630200021274],[-81.17830100015189,34.06617800003069],[-81.17833100028913,34.06593700016616],[-81.1783439998096,34.06574699990703],[-81.17835999970313,34.06562100009557],[-81.17839300021339,34.0654420000885],[-81.1784280003735,34.06530400017832],[-81.1785470001992,34.06495700021457],[-81.17870000036007,34.06457999983578],[-81.17876200028435,34.064444000343485],[-81.17891700009505,34.06419699973894],[-81.17911700011157,34.06384500032676],[-81.17919999995227,34.06367800016612],[-81.17927600012025,34.06350799988734],[-81.17933100037182,34.063370999983654],[-81.17940300034185,34.063162999630336],[-81.17953600041126,34.06270799977535],[-81.17970000044278,34.06213600017007],[-81.1801459996083,34.060478999736766],[-81.18019099981413,34.06030999995409],[-81.18022699979915,34.06011399991181],[-81.18024900043878,34.05991599972024],[-81.18025799976128,34.05977099967742],[-81.18026699998211,34.05943599986161],[-81.17926799972432,34.05951600002684],[-81.17788400040037,34.05960399967484],[-81.17694000039417,34.059726000101236],[-81.17629900033668,34.059834999711484],[-81.17567199962454,34.0600030002222],[-81.17433400033136,34.06060000018003],[-81.17387900004668,34.060865000147444],[-81.17317500023998,34.06126500017189],[-81.17193999998064,34.061915999637314],[-81.17028899979469,34.06285800018558],[-81.16970299998876,34.06308100030963],[-81.16915200034295,34.06322400028061],[-81.16883099995258,34.063283999962394],[-81.16850600026257,34.063345999961],[-81.16793499962695,34.06332700026634],[-81.1674169995931,34.06332600008643],[-81.16668600002221,34.06322700007966],[-81.1660230002234,34.06310299986289],[-81.16622900008772,34.063307999823216],[-81.16649799970124,34.063562999971055],[-81.16753100029423,34.06449200014547],[-81.1687330000433,34.06557200003561],[-81.16958199961495,34.066334999774455],[-81.17231800027241,34.06879399987163],[-81.17270999990957,34.0691460003048],[-81.17329700043872,34.06971200033226],[-81.1743309999583,34.07070800034932],[-81.17450400021066,34.070894000283246],[-81.17468300031081,34.071098999997396],[-81.17484300014438,34.07129299976004],[-81.1750359995899,34.07154400010169],[-81.17513500022243,34.07168699992818],[-81.17523700032969,34.071847000119234],[-81.1756819996703,34.07261200004174],[-81.17585999994553,34.07291499995989],[-81.17605400011428,34.073245999813004],[-81.17678700023329,34.07444899984484],[-81.17712299979397,34.075017000242305],[-81.17828400043345,34.07698200023093],[-81.17899400008794,34.07818500003103],[-81.17952499964228,34.0790830000405],[-81.1796960002448,34.07937200001099],[-81.17979199960597,34.079534999788564],[-81.18111599955378,34.08177700022901],[-81.18166700009792,34.082708999926815],[-81.1818839998329,34.08312899990879],[-81.18245299992036,34.084092999755626],[-81.18298699984776,34.08499699990227],[-81.18354900026254,34.0859770001473],[-81.1846449997064,34.08553000014882],[-81.18621499970149,34.0849030002938],[-81.18642499976379,34.08481899984307],[-81.18674899962889,34.08469100027147],[-81.18860900005221,34.08396100008552],[-81.18869500026594,34.08392700001311],[-81.18890799980296,34.083843000082204],[-81.18924099988888,34.083710000083116],[-81.18964599994483,34.08354999998082],[-81.19072600039348,34.08312200028579],[-81.19141099993361,34.08285000034965],[-81.1916639996536,34.08275000014254],[-81.19174900004242,34.08271700027896],[-81.19183199988309,34.08268399965845],[-81.19180500011892,34.08242400000154],[-81.19180500011892,34.08220799989693],[-81.19183899955578,34.082015999754766],[-81.19191499972375,34.08186899966555],[-81.19199000006684,34.08172599991596],[-81.19229899986331,34.08112999997733],[-81.1930920002568,34.07962400021021],[-81.19362399963603,34.07840499998757],[-81.19413599982211,34.077288000188005],[-81.19458199988594,34.0762819998826],[-81.195022000102,34.075289000037685],[-81.19507499980544,34.0751580000784],[-81.1951350000799,34.0749869997245],[-81.19519500035436,34.074776000221824],[-81.19524300003494,34.074541999848456],[-81.19527200034727,34.07432599973135],[-81.19528400004282,34.0741340003223]]]},"properties":{"GEOID":"45063021110","TRACT":"021110","NAME":"Census Tract 211.10","county_name":"Lexington","aland_sqkm":3.4702,"is_greater_area":true,"pop_2020":2816,"pop_2010":2859,"has_2010":true,"growth_pct":-1.4,"growth_abs":-40,"density_per_sqkm":812.3,"pct_nonwhite":31.2,"median_income":92109,"median_age":49.4,"median_home_value":227200,"median_gross_rent":1703,"poverty_rate":4.5,"pct_bachelors_plus":51.7,"unemployment_rate":0.9,"pct_wfh":9.2,"total_housing_units":1148,"vacancy_rate":9.2,"owner_occ_rate":91.0,"pct_single_family":100.0,"median_year_built":1978,"pop_2014":3266,"pop_2015":2975,"pop_2016":2916,"pop_2017":3045,"pop_2018":3062,"pop_2019":2979,"pop_2021":2618,"pop_2022":2663,"pop_2023":2666,"pop_2024":2605}},{"type":"Feature","geometry":{"type":"Polygon","coordinates":[[[-81.31400100014608,34.06303200026928],[-81.31089899979072,34.06214999990727],[-81.3048780002764,34.06108700010018],[-81.2997940001973,34.0602760000628],[-81.2949999996481,34.059660000282754],[-81.29050499974794,34.05961099975286],[-81.28565900021852,34.06003899991622],[-81.2853980001026,34.0598249997326],[-81.28384499982594,34.05997399981675],[-81.28243800003746,34.06048899963849],[-81.28081899963857,34.06132899982197],[-81.27896800033437,34.06112199987206],[-81.27706400042844,34.059619000053914],[-81.27411199986089,34.05663300005986],[-81.27358600032943,34.05658700004677],[-81.26900500021557,34.062396999780624],[-81.26521099974907,34.06597300031604],[-81.26290299961208,34.06776999983467],[-81.26265900011292,34.06801299994386],[-81.26073000009262,34.068185000359364],[-81.26033099988445,34.06822000017613],[-81.25982799991921,34.06826499970678],[-81.25891499987515,34.06846299973887],[-81.25813099970249,34.068594999751255],[-81.25797500006689,34.06861100014463],[-81.2577869997459,34.06861700010535],[-81.25763100011031,34.06861100014463],[-81.2573509997278,34.06856600005367],[-81.2569549998927,34.06848600024625],[-81.2568219998233,34.06844100008889],[-81.25673599960959,34.06843299987647],[-81.25664400044639,34.0684490003005],[-81.25622199977367,34.068613999752976],[-81.25612999971217,34.06862900002556],[-81.25578400010576,34.068606000301095],[-81.25593899991645,34.06894199969919],[-81.25598800032027,34.06906600030094],[-81.25602699978002,34.06921900020517],[-81.25604600004658,34.069375000158686],[-81.25604600004658,34.069479000216134],[-81.25603799965067,34.06958300014596],[-81.25605699991725,34.070110000067196],[-81.2559690000537,34.07203299978474],[-81.2559559996349,34.07213700029981],[-81.25593700026664,34.07223899979377],[-81.25591499962704,34.072315000226915],[-81.25587600016728,34.072414000032865],[-81.25584000018226,34.07248700009374],[-81.25543099992834,34.07319100006191],[-81.25524400033059,34.07318499968103],[-81.25508799979669,34.0731859997445],[-81.25469199996155,34.07321199990346],[-81.25447100002862,34.07325499963359],[-81.25435100037801,34.07328700014539],[-81.25423400020216,34.07332500027241],[-81.25403599983544,34.07340299985314],[-81.25378899996323,34.07351499990771],[-81.25365599989384,34.073583000214086],[-81.25347500014388,34.07368600025685],[-81.2533859995571,34.07374499991428],[-81.25325500003584,34.073832999667495],[-81.25279499972831,34.07409200034705],[-81.25255500042711,34.07421600010765],[-81.25241599961163,34.07427700024128],[-81.25227400021971,34.07433099998142],[-81.25189099990506,34.07445199999057],[-81.25169599991139,34.07450999981075],[-81.25137700006917,34.07457299982694],[-81.25119100029633,34.07460099965373],[-81.25100499962518,34.07462299993639],[-81.25048300029168,34.074662000254214],[-81.25013099993917,34.07467700019998],[-81.2496680001569,34.07468199968528],[-81.24924999968215,34.074657000023684],[-81.24887599958832,34.07462600007594],[-81.24850200039283,34.074586999741484],[-81.24770499980141,34.07448099990559],[-81.24738500013427,34.07444400034584],[-81.24709300005621,34.07439800032763],[-81.24700099999471,34.07438399963774],[-81.24677099984095,34.074332000031355],[-81.2466479998173,34.07429599971284],[-81.24628899979211,34.07416799986178],[-81.2459449998355,34.074013999912594],[-81.24580799956817,34.073959999970384],[-81.24538300031904,34.07382299985238],[-81.24520800041687,34.07378099972291],[-81.24496200036955,34.07373500008878],[-81.24472399981987,34.07372300014776],[-81.24431700011408,34.07366900002003],[-81.24402199966299,34.07361100036817],[-81.24383500006525,34.073564999897556],[-81.24376200027031,34.07354099996564],[-81.24347799968987,34.07343400024849],[-81.24321199955108,34.07335499989068],[-81.24290199992969,34.0732819998337],[-81.24272200000463,34.07325100012682],[-81.24250500026965,34.07321199990346],[-81.24231899959851,34.07318499968103],[-81.24141200030053,34.0730819997732],[-81.24102599961283,34.073044000281236],[-81.24087699964993,34.073033999628876],[-81.24079200015943,34.073033999628876],[-81.2406850000293,34.07304200015087],[-81.24061100040946,34.07305799970443],[-81.24044200035505,34.07311100015724],[-81.24029500004195,34.07317699991659],[-81.23892800043646,34.073920000018596],[-81.2382970004247,34.074259000072225],[-81.2378830001479,34.07449099964309],[-81.23778900043656,34.07453799965837],[-81.23773800038295,34.07458799978846],[-81.23761299981116,34.074604999840844],[-81.23722700002179,34.07472300006673],[-81.23677099991221,34.074841000128174],[-81.23647800000926,34.074905999984644],[-81.2363120003279,34.07494700025767],[-81.23586700008897,34.07502399979116],[-81.23556400014026,34.075042999839255],[-81.23521799963554,34.07502699991652],[-81.23476499989901,34.0749869997245],[-81.23425100006311,34.0749189998011],[-81.23407500033602,34.074901999811736],[-81.23361000000561,34.074813999680885],[-81.23348399960891,34.0747859999245],[-81.23327799974459,34.07472999963983],[-81.2330180003519,34.074652999839074],[-81.23258099961059,34.074504000267325],[-81.23213100024711,34.07427999964901],[-81.23162499990882,34.07400899964383],[-81.23132899963281,34.07386900018284],[-81.2310609998442,34.07370399980356],[-81.23030500015896,34.07321299996661],[-81.23003499982222,34.07307399999904],[-81.2297929999729,34.07299199985233],[-81.22957100021505,34.072941000201965],[-81.22937799987119,34.07291499995989],[-81.22922100041067,34.07290500003636],[-81.22894400040124,34.0729280000819],[-81.22916699998399,34.07325699975898],[-81.22926700044144,34.073419000082616],[-81.22940499963538,34.073665999846575],[-81.22949599987196,34.07384999987146],[-81.22959999962904,34.074090000241426],[-81.22968400019295,34.07431499992419],[-81.22976600020871,34.07457900010951],[-81.22981899991215,34.07479200019198],[-81.22986199956986,34.07500699982287],[-81.22988900023235,34.07518699975172],[-81.22990900032384,34.07536800007993],[-81.22992400039247,34.07560399972955],[-81.22992600004228,34.07578499991072],[-81.2299200001945,34.07600300008827],[-81.22990400030096,34.076201999920826],[-81.22986999996579,34.07645499990416],[-81.22982999978281,34.07666999977834],[-81.22978899977494,34.07684799985302],[-81.22973400042166,34.077042999860716],[-81.22965800025368,34.07726999991472],[-81.22959200013145,34.0774430001505],[-81.22949500004705,34.07766499982356],[-81.22929500003052,34.078052000074344],[-81.22926400006838,34.078111999672274],[-81.22790499996049,34.08077700026163],[-81.22684899980128,34.080465999630135],[-81.22674400021928,34.08044000020982],[-81.22663799991409,34.08041999990624],[-81.22644299992041,34.080400000342],[-81.22624700010182,34.080400000342],[-81.22605200010815,34.08042099988435],[-81.22586200013735,34.080462999697424],[-81.22571999984714,34.080508000164876],[-81.22554599976986,34.080583999875024],[-81.22421900034733,34.08129899989789],[-81.22404600009496,34.081409999961615],[-81.22388200006343,34.0815290003442],[-81.22375599966674,34.08162999972492],[-81.22360900025194,34.08176399997703],[-81.22333200024252,34.08198300034913],[-81.22317900008163,34.08208499989082],[-81.22303400031667,34.08216600020526],[-81.22291999961557,34.08221900016699],[-81.22278300024652,34.082274999964206],[-81.2226619998727,34.08231700034578],[-81.22251799993265,34.0823570000521],[-81.22239099971105,34.082386000236625],[-81.22226299966452,34.08240700003048],[-81.2221120000518,34.08242400000154],[-81.22196399991378,34.08243300033491],[-81.22174700017881,34.082442999877586],[-81.22152799989568,34.08243400028925],[-81.22133499955184,34.08240899993971],[-81.22114399975614,34.08236800030284],[-81.22089400040919,34.082291999961754],[-81.22069799969229,34.08221299968169],[-81.22051000026963,34.08212099987481],[-81.22033299981932,34.0820149997955],[-81.22021499981854,34.08193400008065],[-81.2201200002823,34.081859000055104],[-81.22002900004571,34.08178000011517],[-81.21991600006781,34.08166999975574],[-81.21981300013564,34.081552000280034],[-81.21926599978946,34.080851999757364],[-81.21918499959861,34.08075700003771],[-81.21907699964356,34.08064199996029],[-81.21894799977214,34.0805199998887],[-81.21885599971064,34.08044100018768],[-81.21872900038734,34.080342000090994],[-81.21859499959473,34.080248999759405],[-81.21849099983766,34.08018300030222],[-81.21836600016418,34.08011000017759],[-81.21821800002618,34.08003300005945],[-81.21734500016508,34.079623000222746],[-81.21513300028757,34.07858300013623],[-81.21497599992873,34.07851400012298],[-81.21483600018665,34.07846000007347],[-81.21468700022373,34.078412000000505],[-81.21451499979628,34.07836899991204],[-81.21430700028213,34.07832799980738],[-81.21411999978606,34.07829999972449],[-81.21390800007396,34.07827899965623],[-81.21273700028704,34.07819600007962],[-81.21236800021609,34.078171999971715],[-81.21222599992588,34.07817099996711],[-81.2120590004196,34.078177999999326],[-81.2119179999543,34.07819000005329],[-81.21172999963332,34.07821700016842],[-81.21156899997484,34.07824900029378],[-81.21143199970747,34.0782819996663],[-81.21129799981318,34.07832199979039],[-81.2111659995687,34.0783669999074],[-81.2109329999402,34.07846500007948],[-81.20914700003503,34.079064000154645],[-81.20889500013995,34.07913199972649],[-81.20749699967399,34.07950700010472],[-81.20731799957385,34.079560000242445],[-81.20712000010543,34.079628000160106],[-81.2069279995865,34.07970599988897],[-81.20674099998875,34.07979300015996],[-81.20660000042176,34.07986599981385],[-81.20596400038711,34.0801980000143],[-81.20580299983033,34.080259000304025],[-81.20560199998889,34.080318999826474],[-81.20548700036116,34.08034600000693],[-81.20534800044398,34.080371000221454],[-81.20520699997867,34.080390999792556],[-81.20508899997789,34.080401000320336],[-81.20494699968768,34.08040700019006],[-81.20482799986198,34.08040700019006],[-81.20470999986121,34.08040200029868],[-81.20451700041566,34.08038299996469],[-81.20433400011757,34.080352999859436],[-81.20417400028401,34.08031599988856],[-81.20399500018385,34.08026300022389],[-81.20382199993149,34.0801980000143],[-81.20248899976286,34.07960399971399],[-81.20197499992697,34.08026000028398],[-81.2019139998276,34.08038999981409],[-81.20187000034498,34.080695000131826],[-81.2017039997653,34.08100899983588],[-81.20144699984735,34.081214000367424],[-81.20112999965495,34.08174799983591],[-81.20108699999724,34.08210699971752],[-81.2010419997914,34.08228199965721],[-81.20093499966127,34.08235899996256],[-81.20092399979063,34.08244199992336],[-81.20087699993498,34.08280900018234],[-81.20077099962975,34.083068000198374],[-81.20062000001701,34.08323600002651],[-81.20048299974967,34.08390699978914],[-81.20041199960457,34.084257999983926],[-81.20045500016057,34.08453299964991],[-81.20047500025207,34.084654999892116],[-81.2004919999705,34.084845000150914],[-81.20036999977177,34.08505200017089],[-81.19993200010383,34.08537999970538],[-81.1997959996614,34.08535600014545],[-81.1991119999462,34.08532700023413],[-81.19893799986892,34.08560300006513],[-81.19886099987603,34.08562599963842],[-81.19886199970092,34.08571600027009],[-81.198865000074,34.08596299988353],[-81.19883499993675,34.08596399979618],[-81.19855299990446,34.08627000003429],[-81.19850500022389,34.086359999981426],[-81.19848299958426,34.08640299973223],[-81.19839300007088,34.08657699981591],[-81.19835899973569,34.08672200010847],[-81.19840300011661,34.08684799978135],[-81.19844699959924,34.08697699971273],[-81.19846699969074,34.087195999993995],[-81.19847699973649,34.087307999664134],[-81.19850400039897,34.087601000152944],[-81.19859300008743,34.08772199980252],[-81.19863400009531,34.08798400008049],[-81.19893399967096,34.08799299982289],[-81.19921300022854,34.088018999900044],[-81.19957800010152,34.088076000212915],[-81.19986699980652,34.088132999743394],[-81.2000130002947,34.08817299967821],[-81.20016999975522,34.08822100017015],[-81.20035300005333,34.08827800034705],[-81.2005709996132,34.088370000160005],[-81.20161699972667,34.0887800000516],[-81.20172999970457,34.08882399994016],[-81.20288100029833,34.08928599999308],[-81.2032660002628,34.089431999981485],[-81.2035969998006,34.089568000274134],[-81.2043090000032,34.08984100007086],[-81.20458299963961,34.08995200009618],[-81.20528200032174,34.090226000004726],[-81.20550900010245,34.09031500034901],[-81.20587999982321,34.09045400028986],[-81.20636699989494,34.090649000212935],[-81.20682700020248,34.0908050001256],[-81.20712000010543,34.09090300003817],[-81.2075469999027,34.09101699971776],[-81.20784499982854,34.0910879996625],[-81.20892399955396,34.09133400012117],[-81.20931699991434,34.09141499977104],[-81.20959800012174,34.09147799985837],[-81.20976399980309,34.09152000013854],[-81.21009299969106,34.091614999685774],[-81.2103839999442,34.09171200030377],[-81.21059099963344,34.09179500002335],[-81.21088000023676,34.091922000171806],[-81.21164799961754,34.09228100006455],[-81.2126929999061,34.092746000091125],[-81.21306799982482,34.09292300002038],[-81.21378500005032,34.0932430002055],[-81.21461299970557,34.09362800028954],[-81.21498900034753,34.093797999634056],[-81.2158549996376,34.0941919999967],[-81.21595000007216,34.09423500023304],[-81.21659600015253,34.09449100008077],[-81.21713799957753,34.09470499973124],[-81.21734699981491,34.09478800023566],[-81.21790900022968,34.095009999813634],[-81.21808099975883,34.095077999969995],[-81.22079899997465,34.096155000303085],[-81.22149699993355,34.09643099979664],[-81.2220280003862,34.09664099985954],[-81.22272999964476,34.09893199974468],[-81.22278099969839,34.099102000338],[-81.2230900003932,34.100129999896204],[-81.22328399966364,34.10077700000173],[-81.22462299968004,34.10092699994185],[-81.22562699996072,34.1010360000935],[-81.22599699985656,34.101077000359886],[-81.22621500031477,34.10109599976904],[-81.22663100024137,34.101139000216996],[-81.22675000006707,34.101150999992136],[-81.22715599994794,34.10117999968961],[-81.22762600030123,34.10121500000387],[-81.22774199975385,34.10122600003586],[-81.22795500018918,34.1012860003205],[-81.22803300000699,34.10129299992942],[-81.23122099967776,34.10153800001016],[-81.23132699998298,34.1015450003421],[-81.23190699994112,34.10162899981698],[-81.23228400040799,34.10166399994545],[-81.23343299955529,34.101767999774395],[-81.23349200000483,34.101770999696],[-81.2351580002594,34.10185100004676],[-81.23519699971915,34.101853999965485],[-81.23779399956112,34.1020109997775],[-81.23782299987346,34.10201299996753],[-81.23790499988922,34.1020180000703],[-81.23827300013524,34.10203100018752],[-81.2383059997472,34.102029999720806],[-81.23833500005954,34.102032999633174],[-81.24048300036294,34.10210300028537],[-81.24051299960185,34.10210400000732],[-81.24163300023346,34.10213600003078],[-81.24169000013488,34.10213699975239],[-81.243732999958,34.10219799985583],[-81.2451690000588,34.10218699995019],[-81.24518999997518,34.10218699995019],[-81.24821399961444,34.10215599966735],[-81.24981899976963,34.102141000126345],[-81.24981899976963,34.102160000040456],[-81.25375399980314,34.10215299975939],[-81.25806299993044,34.10192900013],[-81.26211500013979,34.101256999915485],[-81.26617200037202,34.100359999768045],[-81.26899500016982,34.099651999786616],[-81.2699299999552,34.09941699996589],[-81.26993699962789,34.099353000082104],[-81.27095000012939,34.099044000252725],[-81.2726130000109,34.09275800031237],[-81.2746680004279,34.08873799989997],[-81.28057000011651,34.08395199991449],[-81.28737599962838,34.07961800028509],[-81.2923180003156,34.076776999872266],[-81.29367300022554,34.07599999999748],[-81.29849799983856,34.07331799983911],[-81.3041329995635,34.06983100003574],[-81.30466700038922,34.06950100034072],[-81.30975300011815,34.066039999830885],[-81.31400100014608,34.06303200026928]]]},"properties":{"GEOID":"45063021114","TRACT":"021114","NAME":"Census Tract 211.14","county_name":"Lexington","aland_sqkm":7.7166,"is_greater_area":true,"pop_2020":3679,"pop_2010":3653,"has_2010":true,"growth_pct":0.4,"growth_abs":15,"density_per_sqkm":475.3,"pct_nonwhite":18.8,"median_income":98333,"median_age":51.1,"median_home_value":372600,"median_gross_rent":null,"poverty_rate":2.3,"pct_bachelors_plus":56.6,"unemployment_rate":3.3,"pct_wfh":13.2,"total_housing_units":1715,"vacancy_rate":3.3,"owner_occ_rate":86.1,"pct_single_family":88.6,"median_year_built":1992,"pop_2014":3765,"pop_2015":3585,"pop_2016":3551,"pop_2017":3636,"pop_2018":3580,"pop_2019":3648,"pop_2021":3678,"pop_2022":3641,"pop_2023":3769,"pop_2024":3672}},{"type":"Feature","geometry":{"type":"Polygon","coordinates":[[[-81.43701899998072,34.13017300031933],[-81.43717200014162,34.129963000209344],[-81.43687800041373,34.12995399972557],[-81.43677399975836,34.129951000059854],[-81.43643099962667,34.12976099994415],[-81.43608599984519,34.129589999846644],[-81.43587099976003,34.129392000006085],[-81.43584200034603,34.129364999856705],[-81.43577299985073,34.12930000017776],[-81.43564800017727,34.12912000006234],[-81.43549300036655,34.12889900016072],[-81.4353119997183,34.12857300006535],[-81.43519299989259,34.128357999665795],[-81.43503200023412,34.12806899964718],[-81.43457199992656,34.1270470000475],[-81.4343560000165,34.12656599979976],[-81.43413900028153,34.12608400035124],[-81.43409099970263,34.125978000304464],[-81.43400399966401,34.1257840001833],[-81.43369900006547,34.125180000344145],[-81.43366100043066,34.1251250001272],[-81.43274500001353,34.122154999978626],[-81.4326510003022,34.12195800005995],[-81.43253300030142,34.121710999898504],[-81.43220299969022,34.12125400032571],[-81.43171099959564,34.12085799980511],[-81.43167100031097,34.12082499992592],[-81.43113900003341,34.120396999830184],[-81.43103799975108,34.1203159996621],[-81.43012300005718,34.11984699989054],[-81.42980500003986,34.119684999910504],[-81.42960800039637,34.1194960000373],[-81.4295680002134,34.11945799981111],[-81.42944900038772,34.119343999773825],[-81.42941000002966,34.11930699974168],[-81.42899199955492,34.11890700019023],[-81.42883400026948,34.118755999880634],[-81.42859800026793,34.118581999765816],[-81.42789000026328,34.118058999970756],[-81.42761400007875,34.11785499970851],[-81.42718200025861,34.117535999916136],[-81.42714899974833,34.11751199980614],[-81.42694999955671,34.11736499963459],[-81.42621200031314,34.11709000029204],[-81.42553299972246,34.1168390003631],[-81.42454299968551,34.1167809997935],[-81.42375600003814,34.116489000220014],[-81.42367099964933,34.116452999978605],[-81.42337600009657,34.11632600020298],[-81.42233900020392,34.11588200000967],[-81.42091200032395,34.115493000284715],[-81.42038800044232,34.11482200028071],[-81.4202329997333,34.11403900031121],[-81.42086499956997,34.113135999789705],[-81.4215840003436,34.1121039999267],[-81.42199199987428,34.111265999777764],[-81.42208700030885,34.11054799962846],[-81.42215799955565,34.110006999978566],[-81.42177000011644,34.109514000160665],[-81.42132300022769,34.10944900009706],[-81.42089600043043,34.109697999635195],[-81.42051700031374,34.109632999712915],[-81.42008999961817,34.109414999849356],[-81.41972100044555,34.1093340003198],[-81.41938699963639,34.109504000096926],[-81.41926500033595,34.10956700010693],[-81.41868600020274,34.1097519998416],[-81.41828399962151,34.109880000193066],[-81.41755600042369,34.11000000034673],[-81.41708000022261,34.109814000035996],[-81.41700499987955,34.10964899978998],[-81.41697599956724,34.109585000207446],[-81.41694700015324,34.10952099983271],[-81.41685699974155,34.10932200021764],[-81.41672799987012,34.10828300016406],[-81.41670500030389,34.10810099988929],[-81.41663800035674,34.1075569997499],[-81.41661599971714,34.107375999804425],[-81.416508999587,34.107069999997904],[-81.41620800018643,34.107100999967926],[-81.4159169999333,34.10733500035879],[-81.41548000009028,34.10748800029305],[-81.41516399972281,34.10739999981531],[-81.41513000028594,34.10739000024549],[-81.41479999967473,34.10702700033263],[-81.41460600040429,34.10685700004079],[-81.41435699998394,34.106837000027745],[-81.41387800030815,34.106799000064356],[-81.4133829998405,34.10671800026152],[-81.41297600013472,34.10636199963018],[-81.41293699977668,34.10610399989542],[-81.41317100012841,34.104514999773],[-81.41320999958815,34.104248000111944],[-81.41302600036346,34.10379599989912],[-81.41275699985162,34.10352100032766],[-81.41212400019003,34.10287500008796],[-81.4112499996057,34.10238899988308],[-81.41038699979033,34.10190400033049],[-81.40991099958927,34.10151699975474],[-81.40965700004438,34.101168999651634],[-81.40944600015719,34.100878999960194],[-81.40922799969898,34.100350999852736],[-81.4091160004443,34.10007900022482],[-81.40899099987253,34.098819999832344],[-81.40882600001606,34.098528999765584],[-81.40828299986785,34.09833499990914],[-81.40784500019994,34.0983609997853],[-81.40722400023392,34.09839800005318],[-81.4064059997261,34.0983959997777],[-81.40559399996437,34.09839500001194],[-81.40480999979174,34.09826899967251],[-81.40402099959623,34.09814299988939],[-81.40381599955681,34.09807800001643],[-81.40375000033288,34.09805699964632],[-81.40368400021065,34.09803600001477],[-81.40325400004033,34.09789999993723],[-81.40289599984006,34.09748800003131],[-81.40282800006798,34.097026999891206],[-81.40324499981949,34.09634500004556],[-81.40340100035343,34.0960919999772],[-81.40381899992985,34.09551999965462],[-81.40391699983914,34.09495500006293],[-81.40381100043226,34.094633000034385],[-81.40367499998982,34.09422000003201],[-81.40326699956081,34.09363099975582],[-81.4031259999938,34.09359000034557],[-81.40264599959478,34.093452000170814],[-81.40229699961533,34.09335500005888],[-81.40211300039063,34.0931039996367],[-81.40208400007832,34.09277300002859],[-81.40200700008542,34.0923620002961],[-81.40174500014459,34.0922319998042],[-81.4013369997156,34.09216699985539],[-81.40090999991833,34.092181999676335],[-81.40050200038766,34.09185100018263],[-81.40033400015815,34.09148500027847],[-81.4001049998293,34.09098699966034],[-81.40001600014085,34.0906559999577],[-81.39986299997997,34.09009099988909],[-81.39930099956517,34.089357999774215],[-81.39700599984698,34.093045000075556],[-81.39519200035274,34.095296000321696],[-81.39371199987099,34.09646800016437],[-81.39080399968438,34.09822699976565],[-81.3883540001555,34.099578000331306],[-81.38704899957595,34.10055299970531],[-81.38634800014229,34.101959999752076],[-81.38564000013764,34.10346400000169],[-81.38515499971577,34.10434300024947],[-81.38441300027422,34.105451000029205],[-81.38407799964016,34.10566700033428],[-81.3835660003524,34.10600099986515],[-81.38209400026659,34.10659999999676],[-81.38112900034398,34.10630100029727],[-81.38116000030611,34.10618500028608],[-81.38121700020753,34.106046999821956],[-81.38119799994097,34.1059450001427],[-81.3811669999788,34.10587600011491],[-81.3811240003211,34.10581300033151],[-81.38106800024461,34.10575699974084],[-81.38100100029746,34.10570900026759],[-81.38092599995437,34.10567099979756],[-81.38084399993862,34.10564400025574],[-81.38072099991498,34.10559399986932],[-81.38042899983692,34.10581699978784],[-81.3797850003047,34.10630800023512],[-81.37968200037253,34.10638100008406],[-81.3795409999072,34.1064690001341],[-81.3793939995941,34.106548999762026],[-81.37924100033156,34.10662099973441],[-81.37908300014782,34.106683999660035],[-81.3788789999333,34.10675099969469],[-81.37871099970381,34.10679400024405],[-81.3784970003419,34.1068349999518],[-81.3782799997086,34.10686199985738],[-81.3780610003238,34.106872999899075],[-81.37784100021578,34.1068700001583],[-81.37766600031358,34.106855999631186],[-81.37745200005334,34.10682599998136],[-81.37753099969605,34.1093340003198],[-81.37754599976466,34.10947999993909],[-81.3775690002292,34.10962499967327],[-81.37760100001627,34.1097679998961],[-81.37764100019923,34.1099109998772],[-81.3777240000399,34.11013400031713],[-81.37817699977643,34.11123899979025],[-81.37826499964,34.11149300029624],[-81.37832400008953,34.11163100005812],[-81.37840799975511,34.11179899972308],[-81.37850300018967,34.11196400023799],[-81.3786310002362,34.112156000134554],[-81.37875000006187,34.11230999987601],[-81.3789059996975,34.11248800013586],[-81.37910200041439,34.112730999844025],[-81.37923999960833,34.11291800002874],[-81.37941200003579,34.113173000290416],[-81.37950999994507,34.11333599969031],[-81.37961500042537,34.113535000274894],[-81.37972500003023,34.11377000030248],[-81.37993400026761,34.11424100020875],[-81.38005999976599,34.114426000133484],[-81.38010499997183,34.11453100021228],[-81.38021799994974,34.11482600005487],[-81.38027800022418,34.11494599988548],[-81.38042299998914,34.11514999972745],[-81.3805889996705,34.115331000145005],[-81.38064300009717,34.115382999856365],[-81.38079200006008,34.11550299964049],[-81.3809540004418,34.115609000175816],[-81.38185300024216,34.116449999833875],[-81.38212100003076,34.11677500027087],[-81.38239100036749,34.11707999963651],[-81.38251799969078,34.1172149998336],[-81.38308699977827,34.11779699983577],[-81.38323300026646,34.11799600033605],[-81.38339999977272,34.118294000071224],[-81.38358399989573,34.118656999974604],[-81.38480599973629,34.12113900023793],[-81.3849260002852,34.12136600028678],[-81.38498599966134,34.121494999659674],[-81.38505299960849,34.121656999890504],[-81.38515300006593,34.12195500011047],[-81.38521300034039,34.12219100002361],[-81.38525199980012,34.1223940000112],[-81.38528399958717,34.122667999730695],[-81.38529399963292,34.12287399997736],[-81.3852429995793,34.12512200029007],[-81.38519400007381,34.12673099976176],[-81.38519800027177,34.127005999726485],[-81.3852080003175,34.12721199981435],[-81.38524500012744,34.12762399997151],[-81.38530000037902,34.12799899966126],[-81.38535800010534,34.12830500034102],[-81.38543000007537,34.12860900035207],[-81.38551399974095,34.1289100003108],[-81.38588199998698,34.13063800029967],[-81.38622299957052,34.13216699977146],[-81.38624100001218,34.13230399989229],[-81.38624799968488,34.132475999810964],[-81.38624000018726,34.132648000123204],[-81.38622500011866,34.132737999818524],[-81.38613200023224,34.13295200013031],[-81.38609500042232,34.133013000318],[-81.3859459995611,34.13319399967718],[-81.3857499997425,34.13336100027855],[-81.38557599966522,34.133477000194866],[-81.38142999974454,34.135312000209574],[-81.37760699986404,34.13700499981918],[-81.37739099995397,34.1371059999066],[-81.37707499958648,34.13727000006378],[-81.37677599983573,34.1374459997333],[-81.37648100028296,34.137641999947775],[-81.37620400027352,34.13784800013842],[-81.37592999973882,34.13798199984853],[-81.3756610001253,34.138139000259486],[-81.37552999970573,34.13822599994009],[-81.37537400007011,34.13833899975909],[-81.37522500010722,34.13845799964197],[-81.37512100035013,34.138549999911405],[-81.37494499972473,34.13869799971444],[-81.3747589999519,34.13888199963055],[-81.37463799957806,34.13902200010654],[-81.37448799979025,34.13921899966646],[-81.37437300016252,34.139360999634384],[-81.37425199978868,34.13950100006025],[-81.3740989996278,34.13966299998736],[-81.37385400030374,34.13989600022381],[-81.37359200036292,34.14011600035189],[-81.37351399964679,34.1401749997988],[-81.37337700027776,34.14027699982921],[-81.37318599958373,34.140408000110426],[-81.37143300018886,34.1415230002479],[-81.37094799976695,34.14185200019511],[-81.37029800038692,34.14227900022525],[-81.36987700043747,34.14262200001511],[-81.36942800000057,34.143008999859696],[-81.36908400004397,34.143323000296434],[-81.36875000013315,34.14364300015641],[-81.36851099975856,34.14388300037127],[-81.36823499957401,34.14417099987788],[-81.36735199966718,34.14506200028921],[-81.36779199988322,34.146401999810934],[-81.36812199959611,34.14796599984512],[-81.3685850002767,34.15045299988755],[-81.36936799972611,34.152250000363175],[-81.36942100032788,34.15240800015047],[-81.36949499994772,34.15259700003006],[-81.36958100016146,34.15278200002184],[-81.36966400000212,34.1529379998285],[-81.36977299978206,34.1531179997621],[-81.37031199973232,34.15370900030311],[-81.37041800003755,34.15384300013239],[-81.37059700013768,34.154041999775],[-81.37048800035772,34.15428999971181],[-81.37040100031909,34.15453400028171],[-81.37034000021974,34.15475500004636],[-81.3702749999224,34.15505099985773],[-81.36980999959198,34.15699300014593],[-81.36974000017011,34.15721000016708],[-81.36962499964406,34.15750700010403],[-81.36950400016855,34.157771000162136],[-81.36936600007628,34.158029999631104],[-81.36921299991542,34.158283000242456],[-81.36906200030268,34.15850399985941],[-81.36889900009606,34.15871999991842],[-81.36872500001878,34.15892900012742],[-81.36856000016235,34.15910899992843],[-81.36838699990999,34.15928399965615],[-81.36634200043703,34.161075000191765],[-81.36613599967438,34.161222999928654],[-81.3659459997036,34.161384999825415],[-81.36583600009877,34.16149300032722],[-81.36573200034168,34.161604999738145],[-81.36561799964053,34.161744999721996],[-81.36554800021867,34.16184200018524],[-81.3654670000278,34.16196699969831],[-81.36537999998917,34.16212100012242],[-81.36530600036933,34.162279000024306],[-81.36525299976756,34.16241299963412],[-81.36520099988901,34.16257800021496],[-81.36517300029993,34.16268800017524],[-81.36462900032681,34.1644029997038],[-81.36461000006024,34.164521000307744],[-81.36456800022745,34.16468700021043],[-81.36451999964856,34.16482299990535],[-81.36446199992223,34.16495499974952],[-81.36440699967066,34.16505800005328],[-81.36432899985284,34.16518200028835],[-81.36425900043095,34.16527800005752],[-81.3641630001715,34.16539300028767],[-81.36405699986626,34.16550100012198],[-81.36396599962968,34.16558400026556],[-81.36384400032927,34.16568199974788],[-81.36368699997043,34.16579099966801],[-81.36356399994676,34.16586299972895],[-81.36341900018182,34.16593499972854],[-81.36330500037901,34.1659829999419],[-81.36318999985296,34.16602499964161],[-81.3630309998443,34.16607400025594],[-81.36290899964557,34.16610299998422],[-81.36278599962192,34.16612699967491],[-81.36260200039722,34.166153000261204],[-81.3603340004432,34.16651400034169],[-81.36013899955122,34.166537999915526],[-81.35996500037227,34.16657200022921],[-81.35983899997558,34.16661000008262],[-81.35971900032496,34.16665799991218],[-81.35960600034706,34.16671700014528],[-81.35952000013334,34.16677100034766],[-81.35950000004183,34.16678499987147],[-81.35943399991962,34.16683499974448],[-81.35937299982025,34.16688899987144],[-81.35930099985022,34.16696400032073],[-81.35924700032186,34.167043999933725],[-81.35874699983135,34.16779300036243],[-81.35871900024227,34.16784800030765],[-81.35886200035739,34.1678870000173],[-81.3590590000009,34.16797499996306],[-81.35928800032973,34.16809200034857],[-81.35938000039127,34.168145999671346],[-81.35958100023271,34.16826299981979],[-81.35976100015776,34.168379999806106],[-81.35983999980047,34.168435999793],[-81.35993600005995,34.16850400036415],[-81.36018499958197,34.16869499999224],[-81.36031400035172,34.168793999999046],[-81.36050000012456,34.168936999721375],[-81.36063200036904,34.169038000278434],[-81.36410899974481,34.171860000181],[-81.36575499990789,34.17317900006811],[-81.36636300035343,34.173639999716556],[-81.36705299991642,34.17413599967291],[-81.3678599996553,34.17468999994166],[-81.3686349996071,34.17524200034577],[-81.36939600021353,34.175781999783695],[-81.36979200004865,34.17608200004274],[-81.37015100007385,34.176376999814764],[-81.37044300015188,34.17663200034867],[-81.3713029995942,34.17737899977696],[-81.37169799960441,34.17775400008292],[-81.37194200000188,34.178031000314796],[-81.37327400034559,34.179598999819994],[-81.37384699973273,34.17937200015424],[-81.37476599962459,34.17900900022159],[-81.37561500009456,34.17885300028052],[-81.3762030004486,34.17874499969505],[-81.37622199981686,34.17874299983433],[-81.37636400010709,34.17872599990118],[-81.37679299955417,34.17867599964086],[-81.3768789997679,34.1786669998881],[-81.37693599966931,34.178656000271594],[-81.37757799955172,34.17853600024065],[-81.37950400009728,34.17817599986706],[-81.38014699980462,34.17805700020674],[-81.38156000033919,34.177792999674224],[-81.38579999997121,34.1770009998093],[-81.38713899998763,34.1767520001147],[-81.38721500015562,34.17675799983836],[-81.38706799984253,34.17651100008357],[-81.38694700036703,34.17624800024793],[-81.38704000025342,34.17625599992721],[-81.38744000028652,34.17629199996106],[-81.38804700000883,34.17634599998294],[-81.39263899999337,34.17675400002261],[-81.39288300039082,34.17677599975015],[-81.39314600015656,34.17679800021509],[-81.39726299976493,34.1771360001514],[-81.39951599965033,34.17732099988403],[-81.39982899964478,34.17734699999475],[-81.40284899998439,34.177582000203],[-81.402976000206,34.17759100007143],[-81.40305900004667,34.17759800005105],[-81.40382700032578,34.17765799964007],[-81.40626000013623,34.17424499982401],[-81.40917599982045,34.17014800025524],[-81.4092439995925,34.1700520000786],[-81.40931300008779,34.16995599979277],[-81.40942000021792,34.16980500002033],[-81.40952700034804,34.16965399997777],[-81.41022600013187,34.16867199996654],[-81.41049999976825,34.16829000017409],[-81.41132199957572,34.1671440000866],[-81.41159699993536,34.166762999769304],[-81.41283800004247,34.16495199983982],[-81.41656399983857,34.15951900035529],[-81.41780599977062,34.15770900020013],[-81.4182269997201,34.1570930003106],[-81.41949200011669,34.15524799995327],[-81.41991499971599,34.15463299979706],[-81.42275400030562,34.150567000344864],[-81.42731699997782,34.14389100014369],[-81.42752799986502,34.14359699983296],[-81.42816200024981,34.14271600018258],[-81.42823099984682,34.14262200001511],[-81.42836899993907,34.1424200002662],[-81.42882599987355,34.14174899983864],[-81.43019900022517,34.139736000041204],[-81.43065699998456,34.13906599988954],[-81.43079599990173,34.138860999725026],[-81.43082900041202,34.138813999740535],[-81.43090399985678,34.138703999911954],[-81.43100099994115,34.13856200032709],[-81.43117900021639,34.13830199986133],[-81.43121600002631,34.13824599996514],[-81.43135699959332,34.138042000082606],[-81.43148100034018,34.137859999910255],[-81.4316660002881,34.13760200035064],[-81.43260799974617,34.136295000104575],[-81.43292300028875,34.13585999978838],[-81.43296400029665,34.1358000002357],[-81.43308899997011,34.13562300004302],[-81.43313199962783,34.13556399964853],[-81.43359899960805,34.13491500002649],[-81.43421100025155,34.134066999753614],[-81.43641200025841,34.13101599963172],[-81.43656299987114,34.130805000002525],[-81.43701899998072,34.13017300031933]]]},"properties":{"GEOID":"45063021206","TRACT":"021206","NAME":"Census Tract 212.06","county_name":"Lexington","aland_sqkm":31.4626,"is_greater_area":true,"pop_2020":3229,"pop_2010":2752,"has_2010":true,"growth_pct":16.6,"growth_abs":456,"density_per_sqkm":102.0,"pct_nonwhite":15.6,"median_income":100119,"median_age":56.0,"median_home_value":362100,"median_gross_rent":null,"poverty_rate":5.9,"pct_bachelors_plus":43.8,"unemployment_rate":4.5,"pct_wfh":15.6,"total_housing_units":1559,"vacancy_rate":17.4,"owner_occ_rate":97.7,"pct_single_family":89.7,"median_year_built":1991,"pop_2014":2952,"pop_2015":3127,"pop_2016":2822,"pop_2017":3116,"pop_2018":3247,"pop_2019":3326,"pop_2021":3064,"pop_2022":3055,"pop_2023":3152,"pop_2024":3167}},{"type":"Feature","geometry":{"type":"Polygon","coordinates":[[[-81.37251600011224,34.18010899996486],[-81.37327400034559,34.179598999819994],[-81.37194200000188,34.178031000314796],[-81.37169799960441,34.17775400008292],[-81.3713029995942,34.17737899977696],[-81.37044300015188,34.17663200034867],[-81.37015100007385,34.176376999814764],[-81.36979200004865,34.17608200004274],[-81.36939600021353,34.175781999783695],[-81.3686349996071,34.17524200034577],[-81.3678599996553,34.17468999994166],[-81.36705299991642,34.17413599967291],[-81.36636300035343,34.173639999716556],[-81.36575499990789,34.17317900006811],[-81.36410899974481,34.171860000181],[-81.36063200036904,34.169038000278434],[-81.36050000012456,34.168936999721375],[-81.36031400035172,34.168793999999046],[-81.36018499958197,34.16869499999224],[-81.35993600005995,34.16850400036415],[-81.35983999980047,34.168435999793],[-81.35976100015776,34.168379999806106],[-81.35958100023271,34.16826299981979],[-81.35938000039127,34.168145999671346],[-81.35928800032973,34.16809200034857],[-81.3590590000009,34.16797499996306],[-81.35886200035739,34.1678870000173],[-81.35871900024227,34.16784800030765],[-81.35874699983135,34.16779300036243],[-81.35924700032186,34.167043999933725],[-81.35930099985022,34.16696400032073],[-81.35937299982025,34.16688899987144],[-81.35943399991962,34.16683499974448],[-81.35950000004183,34.16678499987147],[-81.35952000013334,34.16677100034766],[-81.35960600034706,34.16671700014528],[-81.35971900032496,34.16665799991218],[-81.35983899997558,34.16661000008262],[-81.35996500037227,34.16657200022921],[-81.36013899955122,34.166537999915526],[-81.3603340004432,34.16651400034169],[-81.36260200039722,34.166153000261204],[-81.36278599962192,34.16612699967491],[-81.36290899964557,34.16610299998422],[-81.3630309998443,34.16607400025594],[-81.36318999985296,34.16602499964161],[-81.36330500037901,34.1659829999419],[-81.36341900018182,34.16593499972854],[-81.36356399994676,34.16586299972895],[-81.36368699997043,34.16579099966801],[-81.36384400032927,34.16568199974788],[-81.36396599962968,34.16558400026556],[-81.36405699986626,34.16550100012198],[-81.3641630001715,34.16539300028767],[-81.36425900043095,34.16527800005752],[-81.36432899985284,34.16518200028835],[-81.36440699967066,34.16505800005328],[-81.36446199992223,34.16495499974952],[-81.36451999964856,34.16482299990535],[-81.36456800022745,34.16468700021043],[-81.36461000006024,34.164521000307744],[-81.36462900032681,34.1644029997038],[-81.36517300029993,34.16268800017524],[-81.36520099988901,34.16257800021496],[-81.36525299976756,34.16241299963412],[-81.36530600036933,34.162279000024306],[-81.36537999998917,34.16212100012242],[-81.3654670000278,34.16196699969831],[-81.36554800021867,34.16184200018524],[-81.36561799964053,34.161744999721996],[-81.36573200034168,34.161604999738145],[-81.36583600009877,34.16149300032722],[-81.3659459997036,34.161384999825415],[-81.36613599967438,34.161222999928654],[-81.36634200043703,34.161075000191765],[-81.36838699990999,34.15928399965615],[-81.36856000016235,34.15910899992843],[-81.36872500001878,34.15892900012742],[-81.36889900009606,34.15871999991842],[-81.36906200030268,34.15850399985941],[-81.36921299991542,34.158283000242456],[-81.36936600007628,34.158029999631104],[-81.36950400016855,34.157771000162136],[-81.36962499964406,34.15750700010403],[-81.36974000017011,34.15721000016708],[-81.36980999959198,34.15699300014593],[-81.3702749999224,34.15505099985773],[-81.37034000021974,34.15475500004636],[-81.37040100031909,34.15453400028171],[-81.37048800035772,34.15428999971181],[-81.37059700013768,34.154041999775],[-81.37041800003755,34.15384300013239],[-81.37031199973232,34.15370900030311],[-81.36977299978206,34.1531179997621],[-81.36966400000212,34.1529379998285],[-81.36958100016146,34.15278200002184],[-81.36949499994772,34.15259700003006],[-81.36942100032788,34.15240800015047],[-81.36936799972611,34.152250000363175],[-81.3685850002767,34.15045299988755],[-81.36812199959611,34.14796599984512],[-81.36779199988322,34.146401999810934],[-81.36735199966718,34.14506200028921],[-81.36823499957401,34.14417099987788],[-81.36851099975856,34.14388300037127],[-81.36875000013315,34.14364300015641],[-81.36908400004397,34.143323000296434],[-81.36942800000057,34.143008999859696],[-81.36987700043747,34.14262200001511],[-81.37029800038692,34.14227900022525],[-81.37094799976695,34.14185200019511],[-81.37089900026146,34.14152500024692],[-81.37058700009193,34.13991499983502],[-81.37047599976385,34.13995599984239],[-81.370330000174,34.14002000023126],[-81.37018700005885,34.14008999992724],[-81.37014299967792,34.14011500033573],[-81.37005099961642,34.140166999674605],[-81.36991900027024,34.14025100019762],[-81.3698239998357,34.14031699964717],[-81.36970300036018,34.14041100014853],[-81.36958199998635,34.14051499991699],[-81.36939000036574,34.14064599982922],[-81.369156000014,34.140786000356535],[-81.36908300021908,34.14082399991795],[-81.36887499980662,34.1409319999478],[-81.36858199990365,34.14105899993704],[-81.36830999991709,34.14116599966269],[-81.36801100016635,34.141276000003785],[-81.36764999959301,34.14138600020169],[-81.36742100016245,34.141438000245394],[-81.36729599959068,34.14146700025586],[-81.3671779995899,34.14145800025366],[-81.36701500028161,34.141484000257364],[-81.3668110000671,34.141510000253064],[-81.36647399978321,34.141538000239436],[-81.36586899971071,34.14154000023813],[-81.36569600035666,34.1415290002448],[-81.36536800029361,34.14149500025649],[-81.36504299970527,34.141442000247395],[-81.3649099996359,34.14143400024316],[-81.3648479997116,34.14141600023077],[-81.36480300040408,34.141403000219476],[-81.36449000040963,34.14135200015582],[-81.3643120001344,34.1413110000823],[-81.36414100043018,34.141280000013516],[-81.36389000036002,34.14125199994159],[-81.36371299990968,34.14124999993608],[-81.3634679996873,34.141205999803304],[-81.3633260002954,34.14120799980985],[-81.36313600032459,34.141196999773314],[-81.36268600006281,34.14112900025931],[-81.36051600001808,34.14062699963887],[-81.36026099974995,34.14056799976404],[-81.35942999972167,34.14007299964527],[-81.35893500015234,34.140060000170884],[-81.35825999975962,34.14004199986579],[-81.35751400012015,34.139994999794666],[-81.35600699987423,34.13978000019599],[-81.35557199968106,34.13971799966716],[-81.3552710002805,34.139658999901144],[-81.35520799963298,34.139630000013625],[-81.35509600037831,34.13955999993658],[-81.35504899962433,34.13951499964396],[-81.3548920001638,34.13939299968841],[-81.35483199988934,34.139334999720944],[-81.354766999592,34.13929600020752],[-81.35465299978921,34.1392029999798],[-81.35451499969693,34.13909900008354],[-81.35441400031293,34.13903100036816],[-81.35419699967963,34.13892400016947],[-81.35365199988158,34.138785000306605],[-81.35348100017737,34.13872199975852],[-81.35298599970972,34.13852799988838],[-81.35281300035568,34.13847300017764],[-81.3526889996088,34.1384500000987],[-81.3525620002855,34.13843500030249],[-81.35189500028874,34.138388000081065],[-81.34971199982523,34.13712500014512],[-81.3495620000374,34.13704899990889],[-81.3494359996407,34.1369939999791],[-81.34930599994435,34.13694500033586],[-81.34922300010368,34.13691899967906],[-81.34917299987495,34.13690300030042],[-81.34903700033084,34.13686799988317],[-81.34889900023857,34.13683899978142],[-81.34875899959819,34.1368170000565],[-81.34870199969677,34.13681099972494],[-81.34861800003118,34.13680300002581],[-81.34829400016608,34.13677900018019],[-81.34796199990507,34.13676300003155],[-81.34762999964404,34.13675500032781],[-81.34734500013701,34.13675500032781],[-81.34701299987599,34.13676199997565],[-81.34668099961496,34.13677800012454],[-81.34635000007717,34.13680199997038],[-81.34606300002199,34.136830000029846],[-81.34548899991164,34.13691700031455],[-81.34499900036519,34.136976999817755],[-81.34492599967194,34.13698700035041],[-81.34443899960021,34.1370059998722],[-81.34365799980063,34.13703900012712],[-81.34330999964608,34.13705300011871],[-81.34195800010917,34.13711100016545],[-81.34168299974957,34.13712400009356],[-81.34011299975448,34.13702800029141],[-81.33997899986018,34.137016999710774],[-81.33982900007234,34.13700499981918],[-81.3395939998957,34.136976999817755],[-81.33922399999985,34.13691800036861],[-81.33898200015051,34.13686799988317],[-81.33861999975227,34.136773999901685],[-81.33844200037534,34.136718999792905],[-81.33826599974994,34.136659000106484],[-81.33480799974242,34.135336999800955],[-81.3337780004208,34.13494700027704],[-81.33336699961875,34.13461999963227],[-81.33268000042882,34.13407499971179],[-81.33201900027983,34.13357499975653],[-81.33192300002034,34.13348600030352],[-81.33167500032324,34.13328300018126],[-81.33154800010162,34.13317899969159],[-81.33049399959224,34.132038000323135],[-81.32978200028795,34.13132899989823],[-81.32948799966175,34.13107799985258],[-81.32917499966732,34.13078699995692],[-81.32893700001593,34.13054600034023],[-81.3287450003953,34.13033799993355],[-81.32857200014294,34.13013900022365],[-81.32838800001994,34.12991300007085],[-81.3281889998283,34.1296489999498],[-81.32805699958382,34.12946100018345],[-81.32730799957129,34.12820199983252],[-81.32665800019127,34.12708499983758],[-81.32574099994925,34.12550300031474],[-81.32552699968899,34.125154999979536],[-81.32527899999187,34.12477200022213],[-81.3251469997474,34.12452100004188],[-81.32502500044697,34.12426800019641],[-81.32484999964647,34.12386400022561],[-81.32476500015598,34.12364199975846],[-81.32465999967567,34.12334199984926],[-81.32458600005583,34.12310300026536],[-81.32419600006848,34.121735999794105],[-81.32409200031142,34.1213280001573],[-81.32396400026491,34.12091200032338],[-81.32379900040844,34.120464999663454],[-81.32375000000467,34.12034800023358],[-81.32370700034696,34.12024400019123],[-81.32360799971443,34.12002499990558],[-81.32348600041402,34.11977199999346],[-81.32339199980436,34.119592999930546],[-81.32317199969634,34.119204999690005],[-81.32293200039514,34.118824999814265],[-81.32268100032498,34.118466999762624],[-81.32139900020995,34.11643499985218],[-81.32096099964375,34.11574000001532],[-81.32083900034331,34.11557300030355],[-81.32067899961143,34.115380999982484],[-81.32054100041749,34.11523300025875],[-81.32034999972346,34.115051000062465],[-81.32021900020221,34.11493800034831],[-81.32008299975975,34.11483100014414],[-81.31994300001767,34.114728000327155],[-81.31970399964308,34.11456800010275],[-81.31945400029613,34.11439100007825],[-81.31897800009507,34.1140369996618],[-81.31874799994131,34.113854999866845],[-81.31859499978043,34.113720000256386],[-81.31758999967487,34.11272800031103],[-81.31680100037767,34.1134180001823],[-81.31599700011354,34.11420200027347],[-81.31561299997398,34.11403099994452],[-81.3154230000032,34.11395400018801],[-81.31509800031318,34.11383600034793],[-81.31480899970985,34.113743999954956],[-81.31464899987628,34.11369700013598],[-81.31443200014131,34.113641999887406],[-81.31400500034404,34.11354800010993],[-81.31376900034249,34.11348300017106],[-81.31359799973995,34.1134470001377],[-81.31338699985275,34.113414000341535],[-81.31311800023924,34.113389999805534],[-81.31294199961384,34.11338400004236],[-81.31280900044277,34.11338599996347],[-81.3125449999538,34.11340299966287],[-81.3122839998379,34.113438000126926],[-81.31202799974487,34.11349299976447],[-81.31177800039791,34.11356499977677],[-81.31153599965026,34.113654000120476],[-81.31126200001387,34.11377999986196],[-81.31106500037039,34.11388300008967],[-81.31090899983646,34.11397299968048],[-81.31083400039171,34.11402099967101],[-81.31056900007783,34.114206999655956],[-81.30842900017034,34.11595900024209],[-81.30836899989589,34.11600100027169],[-81.30829299972791,34.116046999996904],[-81.30817100042748,34.116105000326094],[-81.30804199965775,34.11615099999469],[-81.30788000017435,34.11618900021948],[-81.30772199999059,34.11620699965452],[-81.3075810004236,34.116207999953545],[-81.3074419996081,34.11619499978368],[-81.30735000044491,34.11617900020108],[-81.30726000003322,34.116157000305314],[-81.30583999982596,34.115670999795846],[-81.30550000006734,34.11553699967229],[-81.30515299973769,34.1154189998095],[-81.30484399994123,34.11532699965098],[-81.30461999963524,34.11526900027566],[-81.30434799964866,34.11520700036089],[-81.30412000004304,34.115161999746576],[-81.30242700002428,34.115187999658204],[-81.3021890003729,34.11520499973916],[-81.30191200036347,34.115245000266086],[-81.30169700027832,34.11531200021385],[-81.30157000005671,34.11536200006262],[-81.30144700003306,34.11541800024484],[-81.30132800020739,34.11548000000494],[-81.30121299968133,34.115548000073424],[-81.30106899974129,34.115646999900335],[-81.30097599985486,34.11572100017611],[-81.30084199996057,34.11584300008735],[-81.30069999967036,34.11599899966869],[-81.3006250002256,34.116097000154824],[-81.30053700036206,34.116234000287356],[-81.30047899973741,34.1163399999065],[-81.30042900040701,34.116449999833875],[-81.29838800023373,34.11940899967039],[-81.29829199997425,34.1195869998637],[-81.29824799959333,34.119698000287585],[-81.29821300033153,34.11981100033495],[-81.29818900004209,34.11992599999777],[-81.29817800017143,34.12000399977703],[-81.29816999977552,34.12012000017382],[-81.29816999977552,34.120199000026005],[-81.29820199956255,34.12041700035555],[-81.29824699976841,34.1206089996549],[-81.29832100028658,34.12083399989429],[-81.29840400012723,34.12102299975162],[-81.29846100002865,34.121083000125644],[-81.29853999967136,34.12117999968575],[-81.29862900025813,34.12131699976431],[-81.29868199996159,34.12142500018005],[-81.29871100027391,34.1215000000984],[-81.29938900014133,34.122781000271104],[-81.29946600013423,34.12290800002033],[-81.29960199967836,34.12311300020855],[-81.29974800016653,34.12331300031226],[-81.29990299997725,34.123508000366854],[-81.30004100006948,34.12366600035967],[-81.30015599969722,34.123818999755926],[-81.2990920000404,34.124430000319876],[-81.29898599973521,34.12450700020541],[-81.29883699977229,34.12460099970024],[-81.29871899977151,34.12466499981867],[-81.29855700028811,34.12474299968829],[-81.29843099989141,34.12479400010757],[-81.29830100019507,34.124840000255226],[-81.2981689999506,34.12487899974651],[-81.2980340002314,34.124912999726874],[-81.29801099976687,34.12491699976741],[-81.29985799977139,34.12708600000792],[-81.30154499994235,34.12906600032478],[-81.30244000044308,34.13010500011421],[-81.30282000038468,34.13055000011424],[-81.3060890002463,34.13437400011424],[-81.30621700029282,34.1345280002893],[-81.30852100023185,34.13722299993788],[-81.30861300029335,34.13732900001071],[-81.30862499998894,34.13734400000328],[-81.30882400018055,34.137556999758814],[-81.30884599992186,34.1375840002655],[-81.31099300040037,34.1401140003195],[-81.3119039998963,34.14117999971406],[-81.31148600031986,34.14319000011419],[-81.31171899994837,34.14338399968946],[-81.31173400001698,34.14339600016211],[-81.31360299976282,34.144946999878144],[-81.3150370002138,34.146140999734435],[-81.31459600017284,34.147296000276484],[-81.31410699955299,34.14855700000789],[-81.31376199977147,34.14940900020328],[-81.31259099998455,34.15219099968457],[-81.31163799975752,34.15446499976247],[-81.31040900024426,34.15550099997922],[-81.30412800043895,34.16081899971299],[-81.30235599987918,34.16231899983027],[-81.3022660003658,34.16239499963234],[-81.30237699979558,34.16261799987925],[-81.30339000029707,34.16464600031411],[-81.30699499971936,34.171860000181],[-81.30717100034478,34.17221199993891],[-81.30811199997794,34.17409400029303],[-81.3096939996686,34.17726100005537],[-81.30997700042413,34.177826999912966],[-81.31071999969058,34.179309999707144],[-81.31401700003961,34.185894999979666],[-81.31419199994178,34.18626099990384],[-81.31422399972884,34.18624599968231],[-81.31427800015551,34.186376999990955],[-81.314298000247,34.186586000084844],[-81.31433099985897,34.18681099999109],[-81.31445600043077,34.18690500001193],[-81.31468800023434,34.18704199977572],[-81.31488599970275,34.18718000026199],[-81.31497199991648,34.18723500020443],[-81.3150720003739,34.18725700017138],[-81.31523700023034,34.18725700017138],[-81.31535000020824,34.18721799975318],[-81.31555500024766,34.187059000262444],[-81.3156139997989,34.18703099976492],[-81.31575299971605,34.18702600023244],[-81.31587900011274,34.18704199977572],[-81.31615699994711,34.18712999981035],[-81.31630199971207,34.18712999981035],[-81.31638200007801,34.18709200027952],[-81.31642100043607,34.18704199977572],[-81.31645400004801,34.186877000206394],[-81.31650699975148,34.18674499972409],[-81.31663999982086,34.1865470000995],[-81.31675199997386,34.18643700002467],[-81.31685800027907,34.18635499979448],[-81.3170230001355,34.18624999979119],[-81.31713600011341,34.186228000304695],[-81.31726499998486,34.18624200031637],[-81.31733399958182,34.18625100000414],[-81.31741999979555,34.1862389996771],[-81.31747900024509,34.18621199986391],[-81.3175510002151,34.186141000286405],[-81.31780300011017,34.18592600001857],[-81.3180080001496,34.18576099975244],[-81.31823999995319,34.18561299994173],[-81.31841800022842,34.18553600001788],[-81.31851699996263,34.18550799975788],[-81.31858999975755,34.185491999923634],[-81.31868299964398,34.185514000345194],[-81.31880800021577,34.18555799968479],[-81.31893399971415,34.185595999906695],[-81.31903300034666,34.18564599978146],[-81.31917899993651,34.18575499992588],[-81.319311000181,34.18583299986776],[-81.31951600022042,34.18589300028844],[-81.31959599968806,34.18592000020373],[-81.31964300044203,34.185952999923295],[-81.31968299972668,34.186013999731315],[-81.31971600023695,34.18619000036751],[-81.31979499987968,34.186288999913835],[-81.31987500024562,34.186360000109886],[-81.31999999991909,34.18641499984388],[-81.32013299998849,34.18644800011292],[-81.3202119996312,34.186491999708466],[-81.32029799984493,34.1865800003169],[-81.32034399987567,34.18666800009047],[-81.32037099963985,34.18678899990781],[-81.32037099963985,34.18700300000122],[-81.32039699957913,34.18705800005907],[-81.32047699994507,34.187113000081],[-81.3207680001982,34.18722300001738],[-81.32089299987167,34.18729999988746],[-81.32093999972734,34.18735499975166],[-81.32095999981883,34.187416000031945],[-81.32093300005464,34.187497999973786],[-81.32088700002389,34.18758100003305],[-81.32084699984091,34.187669000248455],[-81.3208600002597,34.18773499979245],[-81.32095999981883,34.187833999754645],[-81.32102599994106,34.187943000044015],[-81.32112499967526,34.18824000033588],[-81.32115800018555,34.188410999849346],[-81.32119800036851,34.188565000322555],[-81.32125100007197,34.18869700018587],[-81.3213170001942,34.188767999841176],[-81.32138999998914,34.18880700028572],[-81.32151600038584,34.18882300023425],[-81.32158199960976,34.18884499978702],[-81.32162099996782,34.18890000012988],[-81.32168799991497,34.18894399993254],[-81.3217740001287,34.18893300016978],[-81.32184600009872,34.18890000012988],[-81.32192599956633,34.1888180000649],[-81.32200500010737,34.188779000368484],[-81.32210399984157,34.188767999841176],[-81.3221769996365,34.18879000015132],[-81.32221699981947,34.18886199991034],[-81.32224299975876,34.188976999955216],[-81.32225600017755,34.1890919998433],[-81.3223230001247,34.18925200013753],[-81.3224019997674,34.18935599994306],[-81.32254099968458,34.18942799996194],[-81.32279900032576,34.1894770003628],[-81.3231959999858,34.18958200006441],[-81.32366600033907,34.18964200004746],[-81.32387100037847,34.18965299971776],[-81.32414900021284,34.18965299971776],[-81.324280999559,34.18958700018846],[-81.32442700004718,34.18956500008621],[-81.32459899957631,34.189570000211276],[-81.32502899974662,34.189570000211276],[-81.32539199996977,34.189503999873956],[-81.32556400039724,34.18945500023185],[-81.32573599992637,34.189410999952706],[-81.32593500011798,34.189410999952706],[-81.32612699973862,34.1894160000869],[-81.3262659996558,34.18940000025091],[-81.32646400002251,34.18936100008052],[-81.32660299993968,34.189328000208086],[-81.32676899962104,34.18931699975238],[-81.32689400019282,34.189349999629115],[-81.32697399966044,34.18938899980454],[-81.32703300010999,34.18946599992654],[-81.32705999987417,34.189625000081364],[-81.32709300038444,34.189691000324],[-81.32721800005793,34.18976300005689],[-81.3274630002803,34.18983400030096],[-81.3275689996872,34.189878000359435],[-81.32768199966512,34.189955000034985],[-81.3277939998181,34.18999299976208],[-81.32797899976603,34.19002100001932],[-81.32815799986618,34.190009999654],[-81.32833000029362,34.189955000034985],[-81.32852799976202,34.189878000359435],[-81.32873600017447,34.18977799965296],[-81.3288919998101,34.1897019999879],[-81.32900700033613,34.18964499982259],[-81.3290330002754,34.18970099981581],[-81.32924699963733,34.19015500016655],[-81.32940499982107,34.19041600016362],[-81.3293360002241,34.190903999807645],[-81.32917899986528,34.191299000274704],[-81.32906699971227,34.191642000074985],[-81.3290330002754,34.19174900034895],[-81.32904300032115,34.19202499981087],[-81.32907799958292,34.19214600011666],[-81.32916100032193,34.19237200019212],[-81.32922800026908,34.192501000368125],[-81.32940300017125,34.19283600014543],[-81.32943099976035,34.19287799985507],[-81.32943499995831,34.19290900029961],[-81.32967900035578,34.193252000239085],[-81.33008799971138,34.193355000184624],[-81.33052000042983,34.19330099990424],[-81.33088600012772,34.193201000284375],[-81.331208000343,34.19302699968232],[-81.33143000010085,34.19296400022136],[-81.33173999972223,34.19296500035469],[-81.33199400016545,34.19318699994176],[-81.33225899958101,34.193326000162216],[-81.33308799995949,34.19367000001662],[-81.33302000018742,34.19390000021217],[-81.33306500039328,34.19430599982755],[-81.333468999726,34.19497999975196],[-81.33372300016921,34.19519999976494],[-81.33398900030801,34.19521100019631],[-81.33457699976373,34.195019999661916],[-81.33506399983546,34.19502199987986],[-81.33552900016588,34.19511599966564],[-81.33588999984089,34.19496099989956],[-81.33616100000253,34.194916000153796],[-81.33666999981557,34.19498199997085],[-81.33723300005526,34.195278999994315],[-81.33731800044409,34.195621999953076],[-81.33745900001108,34.195994999957996],[-81.33753400035414,34.196269000195244],[-81.33769699966244,34.19662400017915],[-81.33788300033362,34.196824000097884],[-81.33811400031229,34.1969790001544],[-81.33832400037457,34.197086999685055],[-81.33869799957007,34.19721399991238],[-81.33896100023412,34.19758700030484],[-81.33897899977747,34.19758600022634],[-81.33903200037923,34.19758400006927],[-81.3390509997475,34.19758400006927],[-81.33981700037678,34.19755999966655],[-81.3421149995697,34.19749000006277],[-81.34267600015959,34.19747300019267],[-81.342881000199,34.1974620000564],[-81.34331300001914,34.197426000140645],[-81.34461000020275,34.19731899963993],[-81.34504299984779,34.197283999745295],[-81.34604799995338,34.197201000319126],[-81.34906400009501,34.19695300015046],[-81.35007000002551,34.196870999742444],[-81.35090600007669,34.196803999830166],[-81.35234899985018,34.19668900005617],[-81.35310799990845,34.19593700023289],[-81.35370499958502,34.195346999737424],[-81.35372100037688,34.19533100028356],[-81.35376800023252,34.195282999674774],[-81.35378499995097,34.19526800031478],[-81.35384400040051,34.19521000008962],[-81.35393200026407,34.19512700010797],[-81.35402400032557,34.195038000135334],[-81.35408500042493,34.19498099986144],[-81.35448000043516,34.19459499983419],[-81.35566499956747,34.19343600016891],[-81.35606100030091,34.193050999889216],[-81.35610800015657,34.19300400034455],[-81.35625100027171,34.19286500033639],[-81.35629899995227,34.19281900008008],[-81.35681399961311,34.192319000166336],[-81.35835900039216,34.190822000204946],[-81.35887499987787,34.19032399992658],[-81.35896799976429,34.19023100016649],[-81.35924800014678,34.189955000034985],[-81.3593419998581,34.189864000208246],[-81.35964200033207,34.18956600025986],[-81.36015199997001,34.18906500020026],[-81.36069099992027,34.188660000059244],[-81.3610449999226,34.18839600001017],[-81.36142499986418,34.18811699998908],[-81.36269799975838,34.18718899984974],[-81.36291299984353,34.18703199996862],[-81.3630380004153,34.18693999975578],[-81.36324799957929,34.186787999701245],[-81.36341499998385,34.186665000209466],[-81.36354100038055,34.18657399980547],[-81.364439000356,34.18591700029613],[-81.36580799961135,34.18491699963957],[-81.36713400010728,34.1839479997841],[-81.36803299990764,34.183292999639306],[-81.36876100000379,34.182757999752624],[-81.37094799976695,34.18115500034753],[-81.37167699968802,34.18062200009553],[-81.3716919997566,34.18061299980724],[-81.37184400009258,34.18051900020658],[-81.37234799988275,34.18021100006978],[-81.37251600011224,34.18010899996486]]]},"properties":{"GEOID":"45063021204","TRACT":"021204","NAME":"Census Tract 212.04","county_name":"Lexington","aland_sqkm":37.3899,"is_greater_area":true,"pop_2020":4418,"pop_2010":3654,"has_2010":true,"growth_pct":33.4,"growth_abs":1219,"density_per_sqkm":130.3,"pct_nonwhite":19.3,"median_income":91576,"median_age":40.2,"median_home_value":257300,"median_gross_rent":1464,"poverty_rate":5.0,"pct_bachelors_plus":35.0,"unemployment_rate":5.9,"pct_wfh":15.2,"total_housing_units":1803,"vacancy_rate":4.3,"owner_occ_rate":91.4,"pct_single_family":92.7,"median_year_built":1998,"pop_2014":3624,"pop_2015":3777,"pop_2016":3858,"pop_2017":4115,"pop_2018":4060,"pop_2019":4370,"pop_2021":4182,"pop_2022":4290,"pop_2023":4385,"pop_2024":4449}},{"type":"Feature","geometry":{"type":"Polygon","coordinates":[[[-81.49264500002684,34.035200000054736],[-81.49305400028075,34.03440099983192],[-81.4906840002195,34.03391600028233],[-81.48968699961152,34.033737000326724],[-81.48877500029069,34.03356400020206],[-81.48759600010784,34.0333379997444],[-81.48729200033422,34.03327399980844],[-81.48711900008186,34.03323099989415],[-81.48701299977665,34.03320500012585],[-81.4866570001245,34.03310900005335],[-81.48634400013003,34.033015000202795],[-81.48603399961033,34.03291499999398],[-81.48571700031624,34.03280600001926],[-81.4854889998123,34.032722000031974],[-81.4852639996814,34.03263199968746],[-81.48504199992355,34.032537000254166],[-81.48475099967042,34.03240199977942],[-81.48401599990157,34.03204200019284],[-81.48350200006568,34.0317899999456],[-81.48272600028896,34.031399999682634],[-81.48229600011865,34.03117599979007],[-81.48212799988916,34.03108900023069],[-81.48145000002174,34.030754000247086],[-81.48045599978681,34.03027100034468],[-81.47983700036893,34.02995700024514],[-81.4791800004179,34.02961499993842],[-81.47851599989585,34.029280000090885],[-81.47844399992584,34.02924800008737],[-81.47805999978627,34.029093999668916],[-81.4776399996617,34.02894799993267],[-81.47725499969722,34.02883099984543],[-81.47646499967682,34.02866599963914],[-81.47571300018954,34.02859199996128],[-81.47494800028348,34.02853700026952],[-81.47378699964398,34.0284350003002],[-81.47269299984995,34.02834700031575],[-81.47231200008343,34.02830599983495],[-81.47196899995177,34.02825799964643],[-81.47159999988082,34.02819299975105],[-81.47127000016793,34.02812399965877],[-81.46982900004427,34.027678000309166],[-81.46751900025747,34.026866000235046],[-81.46665100041925,34.02657000006902],[-81.46650499993105,34.02652599986561],[-81.46637000021184,34.02648400012397],[-81.46598100004941,34.02633900023577],[-81.4655850002143,34.02620699994236],[-81.46406700009773,34.02566599977012],[-81.46343600008596,34.0254579999791],[-81.46269899976899,34.025212000334285],[-81.46222599994097,34.02506499998821],[-81.4615589999442,34.02482799969939],[-81.46114200019267,34.02469600003374],[-81.46071899969506,34.02455000017575],[-81.46029100007289,34.02439299973712],[-81.45977600041208,34.024225000145826],[-81.45867500004704,34.02384000035545],[-81.45760299999431,34.02344700031715],[-81.45739799995489,34.02337700018189],[-81.45715399955742,34.02330600008143],[-81.4569469998682,34.02323900029925],[-81.4565800003454,34.023106999651205],[-81.4554339997745,34.02272700031696],[-81.45500299977927,34.022572999976916],[-81.45392599970369,34.022255999925086],[-81.45358599994505,34.022168000233876],[-81.45292499979605,34.0220099999333],[-81.45277599983314,34.021989000064394],[-81.45264699996171,34.02196099998292],[-81.45207200002645,34.021862000072886],[-81.45180300041294,34.021805999816955],[-81.45158599977965,34.02176599982423],[-81.45123599997528,34.02171599980686],[-81.45076999981995,34.02163299993627],[-81.45037599963464,34.02157900012941],[-81.44997999979951,34.021517000115786],[-81.44937100042739,34.02141100017969],[-81.44899300013562,34.02135099990431],[-81.4485970003005,34.02127400000992],[-81.44836499959858,34.021230999970854],[-81.44776399972405,34.0211319999539],[-81.44724599969018,34.02102800015011],[-81.44694000026675,34.020973000023446],[-81.44654799973128,34.02091100031166],[-81.446197000102,34.02086299966307],[-81.44554000015097,34.02074800021691],[-81.44471300032063,34.02060300020759],[-81.44424600034039,34.0205280002596],[-81.4441769998451,34.0205180001126],[-81.44349700032785,34.0204219998329],[-81.4427049997593,34.02028900007262],[-81.44252300018442,34.020273000238554],[-81.44230300007638,34.020243999647505],[-81.44169499963084,34.02013800035526],[-81.44073700027926,34.01997900005186],[-81.44023299959078,34.01988000006376],[-81.43942099982905,34.019732000212066],[-81.43916300008618,34.019678999890544],[-81.43890000032044,34.01961799992907],[-81.43818200027006,34.019465999809896],[-81.43791699995619,34.01939800002117],[-81.43773500038132,34.01935099996011],[-81.43726199965498,34.01925000007364],[-81.43689199975911,34.019150000023394],[-81.43678700017715,34.01912800023479],[-81.43654799980254,34.01907700019524],[-81.4360730003247,34.01894499977545],[-81.43589599987438,34.01890100008633],[-81.43520299993834,34.0187290002026],[-81.4344539999258,34.018526000354605],[-81.43407099961115,34.01841799973152],[-81.4333700001775,34.01822800020456],[-81.43295300042598,34.018121999883945],[-81.43265399977692,34.0180469999775],[-81.43230800017052,34.01794899994037],[-81.43171899999155,34.01778200022422],[-81.43146999957122,34.01772800020116],[-81.4312570000342,34.01767700006506],[-81.43083600008471,34.01756000007507],[-81.4301740001108,34.01738899968505],[-81.42973800009271,34.017258000342004],[-81.42957800025914,34.017210999840636],[-81.42944600001466,34.01718600035552],[-81.42926199989165,34.01713599987396],[-81.42907000027103,34.01709599991423],[-81.42875499972845,34.01705299999239],[-81.42848199991697,34.01702299980889],[-81.42816300007475,34.016996000304786],[-81.4279079998066,34.01698199981395],[-81.42743099978065,34.016969000047546],[-81.4269279998154,34.01697699990405],[-81.42647099988089,34.01700400015874],[-81.42624300027528,34.01702399979037],[-81.42597100028871,34.01705499995462],[-81.42556500040784,34.017112000347154],[-81.42511799962078,34.01719400019158],[-81.42485099965708,34.01725099974619],[-81.4238869995594,34.01747399993506],[-81.42338000029451,34.01759100004353],[-81.42270300025199,34.0177469996892],[-81.42059599995646,34.01823300004084],[-81.41926000031307,34.01854199977339],[-81.41899400017431,34.01859600002328],[-81.41872499966247,34.018641999795335],[-81.41836300016256,34.01869000021076],[-81.41799900011448,34.018725000356966],[-81.41758800021073,34.018746000288836],[-81.41719099965239,34.01875000013349],[-81.41685599991662,34.01874099973824],[-81.41649000021874,34.018715999959134],[-81.41617300002633,34.018682999733045],[-81.41585599983394,34.01863899990811],[-81.41549799963363,34.01857600001743],[-81.41518800001224,34.01851000018827],[-81.41488099986557,34.01843199998551],[-81.41457799991689,34.01834500001844],[-81.41427999999104,34.018247000325346],[-81.4139450002553,34.01812299985248],[-81.41374000021587,34.0180390002219],[-81.41353699982629,34.01794999991094],[-81.41013700044341,34.01659599994449],[-81.40275500027305,34.013654999864976],[-81.39793099958662,34.01173400005966],[-81.39782799965445,34.01170100009804],[-81.39759400020104,34.011629999911456],[-81.39733300008513,34.0115580003643],[-81.3970700003194,34.01149200029144],[-81.3967609996246,34.011423000025],[-81.39635899994171,34.01134199986728],[-81.3961339998108,34.01130200015623],[-81.39589000031164,34.011266999928175],[-81.39552299989052,34.01122500008227],[-81.3950559999103,34.01118899977228],[-81.39461499986933,34.011172999712365],[-81.39439399993638,34.011172999712365],[-81.39413000034574,34.011177999964104],[-81.39368900030478,34.01120299972914],[-81.39303099963053,34.01126099963234],[-81.3924170002355,34.011325999836195],[-81.39163200023798,34.01142400007244],[-81.38962100020188,34.01166199985605],[-81.38892499989281,34.01174399975216],[-81.38767899976281,34.01189100008504],[-81.38718599984331,34.01194900026286],[-81.38701599996399,34.011969000340635],[-81.3832509998098,34.01241400029489],[-81.38271000020973,34.01247700029073],[-81.38258600036117,34.012492000070075],[-81.38206400012935,34.01255399997387],[-81.38170699975397,34.01259599990701],[-81.37918500025506,34.01289399972251],[-81.37882500040496,34.01293100008383],[-81.37843000039474,34.01296100022415],[-81.37803299983639,34.01298100006354],[-81.37791499983561,34.01298300012171],[-81.37759199979543,34.012990000324834],[-81.37713499986094,34.012992999667105],[-81.37653200033658,34.01298700023783],[-81.37582599998174,34.01296699965522],[-81.37416899994801,34.01287499989291],[-81.36626399972091,34.012435000298666],[-81.36450499957994,34.01233699974009],[-81.36411399976768,34.0123009999016],[-81.36376499978823,34.01225200030376],[-81.36342099983165,34.012187000064166],[-81.3630369996921,34.012098000319774],[-81.3627289997205,34.0120119998591],[-81.3624540002592,34.01192500001435],[-81.36221999990748,34.011845999675835],[-81.36188199979868,34.01172100023424],[-81.36167500010944,34.01163600018122],[-81.36154899971275,34.01157799978959],[-81.36143599973485,34.01152599963587],[-81.36122099964969,34.01141599969266],[-81.36102200035637,34.01130500030272],[-81.36068300042267,34.01110700008483],[-81.36033299971997,34.010882000190655],[-81.36009400024369,34.01070400010677],[-81.35989599987697,34.01054800017822],[-81.35966300024847,34.01035299986452],[-81.35946999990463,34.0104889997296],[-81.35903700025958,34.01085400016872],[-81.35776699984012,34.01192900018033],[-81.35591800018578,34.01378200022164],[-81.35472700030736,34.01740400008575],[-81.35416900009054,34.02198999998737],[-81.3530180003951,34.02843799984124],[-81.35158599959394,34.03357899997725],[-81.34977200009968,34.03812200007292],[-81.34701700007395,34.042313000021565],[-81.3429869996059,34.04582299989395],[-81.3398960000195,34.04722300011137],[-81.33647300017208,34.04877399992538],[-81.32629699961794,34.053949000276106],[-81.31917899993651,34.05852700034632],[-81.31400100014608,34.06303200026928],[-81.31858899993266,34.06344899979844],[-81.32220599994884,34.063952000247745],[-81.32598299979857,34.06438299982729],[-81.33089899964818,34.06496100011289],[-81.3318629997459,34.065149000329384],[-81.33529499981414,34.06581800020256],[-81.33541299981492,34.06583599993261],[-81.33560399961063,34.06586599997034],[-81.33592500000098,34.06591700015894],[-81.3450570000915,34.067378000317895],[-81.34768400007071,34.06787900026073],[-81.34985999996323,34.068294000251555],[-81.35289500037145,34.06823499977432],[-81.35713300035364,34.06774900013245],[-81.36116100027355,34.06703200005392],[-81.36836299962054,34.06541000033426],[-81.37002200020241,34.06537799982377],[-81.37177200012256,34.06568000016051],[-81.37205099978182,34.06575099976805],[-81.3748230004243,34.06646200015544],[-81.37745799990113,34.06738900028164],[-81.37772999988769,34.06743300012221],[-81.38887600038731,34.069265000059175],[-81.39188800033101,34.07023300034934],[-81.39408299959176,34.071545000184535],[-81.39412399959966,34.071487999906076],[-81.39422300023217,34.07147200005599],[-81.39473000039537,34.07139400018553],[-81.39490000027469,34.0713690002977],[-81.3952600001248,34.07136499995782],[-81.39634100039834,34.07135599993644],[-81.39650100023192,34.071354999851316],[-81.39670200007336,34.071346999914105],[-81.39672499963959,34.07134599982888],[-81.39679400013488,34.07134300031726],[-81.39681800042432,34.07134300031726],[-81.39857800039023,34.07127799995918],[-81.40088800017703,34.071046999862766],[-81.40134400028661,34.07099799996428],[-81.40281999967206,34.0708389997492],[-81.4035469999433,34.07125999989699],[-81.40359299997405,34.071327999781126],[-81.40380999970901,34.071646999647214],[-81.40387699965616,34.07174500015329],[-81.40443900007097,34.07246399992845],[-81.40546699974276,34.072836999929834],[-81.40585199970724,34.072891999910766],[-81.40670899967479,34.07301599993979],[-81.40884399955942,34.073100000192305],[-81.41128999978866,34.073127999761944],[-81.413142999641,34.07353400029429],[-81.41412299963221,34.07384200016982],[-81.41473399955248,34.0741900002569],[-81.41576200012261,34.07523200004624],[-81.41738300017133,34.076905000245134],[-81.41850799992751,34.07791599988587],[-81.41920599988642,34.078933000081555],[-81.41999199970887,34.07990299998133],[-81.42090200027822,34.08048699990011],[-81.421893999965,34.08112400015886],[-81.42295799962181,34.08187500017528],[-81.42352900025743,34.08228300035736],[-81.42492500017524,34.08295400023148],[-81.42643800026894,34.0832870001741],[-81.4286669998649,34.083432000148775],[-81.43041799960996,34.08328199970875],[-81.43254400017207,34.08267899990151],[-81.43500799994466,34.08179600025022],[-81.43718399983717,34.08061999975306],[-81.43897999978809,34.07950900008242],[-81.44117400012226,34.078180000008416],[-81.44296900024825,34.07777900021385],[-81.44487200032927,34.07766799985538],[-81.44572500009889,34.07795200015395],[-81.44759999969253,34.078799999811366],[-81.44950000029881,34.079886000248244],[-81.45123599997528,34.08064299993578],[-81.45307200010916,34.081262000340374],[-81.45436199972177,34.08164200003373],[-81.45483299989995,34.08187500017528],[-81.45610900016719,34.083113000025584],[-81.4568270002176,34.08329900024816],[-81.45871000020713,34.08345500031175],[-81.46010799977478,34.084100999977025],[-81.46112399975101,34.08513299987919],[-81.46204900038896,34.08588599987955],[-81.46251100034632,34.086190999745654],[-81.4631990002595,34.08668699975276],[-81.46399500012771,34.08709399991311],[-81.46486499961576,34.08727799978033],[-81.46550300019852,34.08731499968508],[-81.46691300036005,34.08492999975671],[-81.46899299999309,34.0814089999952],[-81.4718579996237,34.07656000022235],[-81.47197200032481,34.07655200003262],[-81.47209699999829,34.07626700022106],[-81.47227400044862,34.075868999649636],[-81.47257400002427,34.07534700002878],[-81.47309200005812,34.074311999773606],[-81.47453200035687,34.071424999827855],[-81.47469100036554,34.071128999659855],[-81.47497400022276,34.07056099998066],[-81.47527799999638,34.06993300007378],[-81.47583500038829,34.06882699995109],[-81.47681899967914,34.066860000274396],[-81.47699399958132,34.06652500020344],[-81.4772520002225,34.06599700015946],[-81.47808900009859,34.06431999967503],[-81.4784129999637,34.06364500031379],[-81.47863300007172,34.063236999657114],[-81.4789639996095,34.06256999987785],[-81.47905700039425,34.06238700010404],[-81.48189699991048,34.056685000109326],[-81.4820380003758,34.056437999962306],[-81.48221599975271,34.05606499996101],[-81.48612300019711,34.0482509997527],[-81.48671599967572,34.04705399995131],[-81.4867840003461,34.04692900026369],[-81.4868689998366,34.046758999886606],[-81.48763799994063,34.04521999994488],[-81.49193399964913,34.03659999995271],[-81.49264500002684,34.035200000054736]]]},"properties":{"GEOID":"45063021303","TRACT":"021303","NAME":"Census Tract 213.03","county_name":"Lexington","aland_sqkm":45.1259,"is_greater_area":true,"pop_2020":4119,"pop_2010":3272,"has_2010":true,"growth_pct":39.9,"growth_abs":1305,"density_per_sqkm":101.4,"pct_nonwhite":5.9,"median_income":113036,"median_age":54.6,"median_home_value":493800,"median_gross_rent":null,"poverty_rate":7.6,"pct_bachelors_plus":37.3,"unemployment_rate":7.1,"pct_wfh":19.4,"total_housing_units":2346,"vacancy_rate":21.0,"owner_occ_rate":94.1,"pct_single_family":92.5,"median_year_built":1997,"pop_2014":3043,"pop_2015":3075,"pop_2016":3546,"pop_2017":3652,"pop_2018":3858,"pop_2019":4309,"pop_2021":4118,"pop_2022":4369,"pop_2023":4572,"pop_2024":4531}},{"type":"Feature","geometry":{"type":"Polygon","coordinates":[[[-81.31917899993651,34.05852700034632],[-81.31703499983107,34.05674300018415],[-81.31459500034792,34.05480299998699],[-81.31101500014168,34.05152200016484],[-81.30994800011182,34.05041499982982],[-81.30924500013003,34.04806699996515],[-81.30766300043936,34.043443000294644],[-81.3066509997628,34.040269999802334],[-81.30665300031092,34.03906699992985],[-81.30749799968461,34.035220999632074],[-81.30825099989511,34.032867999974236],[-81.30875999970813,34.031465999910395],[-81.30945699984214,34.03044299991614],[-81.31085199993505,34.02811699995916],[-81.31079699968346,34.02673599975104],[-81.31076700044456,34.02566100037169],[-81.31075400002575,34.02517199971323],[-81.31011100031843,34.02273700020366],[-81.31009299987677,34.021037000302854],[-81.30996300018043,34.02063399980933],[-81.30806299957413,34.02087099989716],[-81.30762499990621,34.02092999983184],[-81.30578899977233,34.02111500034547],[-81.30557700006023,34.021120000011706],[-81.30545499986151,34.02112700028838],[-81.30525900004291,34.02111900007848],[-81.30519100027084,34.02110800006775],[-81.3051090002551,34.0211029996563],[-81.30498899970618,34.021085000108485],[-81.30424300006668,34.020927999960904],[-81.30411599984508,34.02089699972199],[-81.30390699960769,34.0208790001305],[-81.30374400029939,34.02088199993855],[-81.3036589999106,34.02087499964162],[-81.30357699989483,34.02087299976944],[-81.30349499987906,34.020878000194436],[-81.30339399959672,34.02089200004268],[-81.30328700036492,34.02089900033822],[-81.30316599999108,34.02091899979667],[-81.30308700034836,34.02093899999497],[-81.30277099998088,34.021033999755716],[-81.29947799982979,34.02241000009579],[-81.29706699976064,34.02252299969039],[-81.29320899972005,34.02269500007592],[-81.29295799964989,34.02272900014552],[-81.29279100014362,34.02277000034266],[-81.29269400005924,34.02280199981088],[-81.29255900034002,34.02285499967142],[-81.29241600022488,34.02293099970866],[-81.29232699963812,34.02298899978927],[-81.29222399970595,34.02304699983023],[-81.29199899957506,34.023223000276715],[-81.29184499958926,34.02339699980098],[-81.29170099964922,34.0236200002229],[-81.29158900039455,34.02381399994307],[-81.29155300040954,34.0239129998098],[-81.29151900007436,34.024081999917044],[-81.2913829996319,34.02448399978015],[-81.29132699955541,34.024615999775484],[-81.29120699990482,34.0248259999203],[-81.2911430003307,34.0249139998336],[-81.29105399974392,34.02502400015524],[-81.29096599988038,34.025119999696734],[-81.29088600041277,34.025199000339256],[-81.29077900028264,34.02529399979875],[-81.29070200028974,34.025351999753504],[-81.29058799958862,34.02542600002326],[-81.29043600015096,34.02551599982177],[-81.29009600039234,34.02569300023892],[-81.28843000013778,34.02653699991859],[-81.28828299982467,34.026600999724835],[-81.28807699996035,34.0266729999144],[-81.28786000022538,34.026716000174304],[-81.28771700011025,34.02673400001692],[-81.28727500024438,34.02676200001265],[-81.28355500029603,34.02697000033002],[-81.28328300030947,34.026999999975786],[-81.28310199966118,34.02703399980965],[-81.28268699955949,34.02715799992041],[-81.2825390003198,34.027221000141495],[-81.28234699980086,34.02732800012607],[-81.28210800032458,34.027493999814325],[-81.28201999956272,34.027565999990706],[-81.28187999982063,34.02770000011504],[-81.28145100037355,34.02819699989493],[-81.28113800037912,34.028559999698246],[-81.28104299994455,34.02866499979483],[-81.2808990000045,34.02881000017541],[-81.28080199992013,34.028885000249346],[-81.28064200008654,34.028995999730924],[-81.28046600035945,34.029099000354044],[-81.28018699980188,34.029225999938355],[-81.27741300040789,34.03032300018266],[-81.27716399998756,34.030130000280124],[-81.276851999818,34.02990299977898],[-81.27664199975574,34.02972900019381],[-81.27592700007838,34.029188999979404],[-81.27497200020153,34.02846600001921],[-81.27415200004387,34.027839000042626],[-81.27407300040115,34.02777600028042],[-81.27357000043591,34.02733999993502],[-81.27333899955892,34.02711099968965],[-81.27304999985391,34.026825999649155],[-81.27187599969393,34.025604999644415],[-81.2715779997681,34.02533700001289],[-81.27146999981308,34.025246000139994],[-81.2713889996222,34.02517799977037],[-81.27023200007899,34.024267000260956],[-81.26910399994976,34.023378000088506],[-81.26846999956494,34.022877999895584],[-81.26716599970864,34.0218510001585],[-81.26522699964258,34.0203319998444],[-81.2645520001482,34.01979100019396],[-81.26435700015455,34.019641000285844],[-81.26414000041956,34.01945800018797],[-81.26390299969478,34.01922499969981],[-81.2636290000584,34.01893300026864],[-81.26343400006473,34.01870600034322],[-81.2632769997059,34.01850199973165],[-81.26318499964438,34.01839499978789],[-81.26308199971223,34.018263999763526],[-81.26298499962785,34.01812499978951],[-81.26238999960108,34.0173189997657],[-81.26229500006485,34.01716899995681],[-81.26070599980318,34.01664599999957],[-81.26038199993808,34.01654399988579],[-81.26028400002879,34.01652700010312],[-81.26012199964707,34.016515000254486],[-81.25658599982175,34.01671599972927],[-81.25638199960726,34.016721999639635],[-81.25619900020746,34.01671999966956],[-81.25603600000085,34.01671199978884],[-81.25585299970274,34.01669799999578],[-81.25551499959394,34.01665499987227],[-81.25515499974384,34.01659599994449],[-81.25436800009646,34.01645100028853],[-81.25373100023691,34.01635299989804],[-81.25354899976372,34.01633800005623],[-81.25336499964071,34.01634200001428],[-81.25322400007371,34.0163579998447],[-81.25306599988994,34.016386000285266],[-81.25300899998857,34.01639700016332],[-81.2529060000564,34.01642499984642],[-81.25283499991129,34.016445000359006],[-81.25270500021495,34.01649299978298],[-81.25261499980324,34.01653300002685],[-81.25251100004618,34.01658700006547],[-81.25230900037981,34.01671599972927],[-81.2522590001511,34.016747999990734],[-81.25198799998945,34.016893999867015],[-81.25181100043744,34.016977999886066],[-81.2516120002458,34.01705699991675],[-81.25137500041933,34.017118000229466],[-81.2511190003263,34.01716999993656],[-81.25089800039338,34.0172010000475],[-81.25056799978218,34.017235000084064],[-81.2502099995819,34.017295000290616],[-81.25005200029645,34.017331000245264],[-81.24869200036363,34.01766800030065],[-81.24856599996693,34.01768799977578],[-81.24842399967673,34.01769500033556],[-81.24832199956948,34.01768099996002],[-81.24821299978952,34.01763599964141],[-81.24812499992596,34.017565999925736],[-81.2480699996744,34.01749100027264],[-81.24801699997094,34.01738099986737],[-81.24799400040472,34.017285999741105],[-81.24799799970437,34.017166999997265],[-81.2480289996665,34.01705399997351],[-81.24955299963086,34.01389700016967],[-81.24970999998969,34.01357000025885],[-81.24972699970813,34.01346900019581],[-81.24971400018765,34.01336800001256],[-81.24969200044634,34.013316000210494],[-81.2496329999968,34.013230000238885],[-81.24949400007962,34.01310599988398],[-81.2494210002847,34.013075999794964],[-81.24928099964428,34.013055999977894],[-81.24915900034387,34.013075999794964],[-81.24900199998503,34.01310999999438],[-81.24805899980375,34.01340400014328],[-81.24780199988578,34.01350700032947],[-81.24752999989923,34.01365999997053],[-81.24704100017767,34.01387699980142],[-81.24677099984095,34.013967999949706],[-81.2465289999916,34.0140429997368],[-81.24642699988436,34.01406300006594],[-81.24632300012729,34.014073000228755],[-81.24621799964697,34.014073000228755],[-81.24605899963834,34.0140459997865],[-81.245964999927,34.014007999894034],[-81.24578599982685,34.01391799980669],[-81.24519499999806,34.01351699981315],[-81.24508799986795,34.01343400011641],[-81.24496400001938,34.013323999666646],[-81.24477499987348,34.01313599996243],[-81.24417999984675,34.01245800036782],[-81.24412200012041,34.012382999925215],[-81.24406100002103,34.01227200031022],[-81.24402599986095,34.0121710001923],[-81.24396499976159,34.01187500015735],[-81.24392499957861,34.01163900031597],[-81.24387600007313,34.0114509998593],[-81.24375999972217,34.011245000330575],[-81.24353999961414,34.010985999765744],[-81.24324199968832,34.01071399992058],[-81.24320900007636,34.01072499978882],[-81.24297100042497,34.01079399987788],[-81.24273100022546,34.01085600027698],[-81.23962800004517,34.01149100024481],[-81.23946800021163,34.01153299995913],[-81.23921700014145,34.011608999708585],[-81.23906300015568,34.011664999989875],[-81.23889999994904,34.01173300001587],[-81.23859500035053,34.01189100008504],[-81.23838100009029,34.01201900014228],[-81.23779699993418,34.01244900005013],[-81.23760299976541,34.01259299980613],[-81.236924999898,34.01308400001832],[-81.23661699992641,34.01331000005946],[-81.2360739997782,34.01371300032702],[-81.23596699964808,34.01378500028056],[-81.23501000012139,34.01444000017683],[-81.23497599978622,34.01446299970278],[-81.23462699980675,34.01470399992941],[-81.23399199959702,34.01514099966741],[-81.23386600009866,34.01522799993974],[-81.23369200002138,34.015332000148234],[-81.23364400034079,34.01536100018372],[-81.23362800044727,34.015372000194525],[-81.23359199956394,34.01539500021261],[-81.23347299973825,34.01547100022801],[-81.23328600014051,34.0155920001122],[-81.23318900005611,34.01565099999314],[-81.23306600003248,34.015725999782624],[-81.23280699956639,34.015874999912484],[-81.23236700024864,34.01611999982228],[-81.23191100013908,34.01636599975878],[-81.23177200022191,34.0164299997889],[-81.2313139995642,34.016645000013646],[-81.23076600029141,34.01688100008711],[-81.23047599986319,34.01701399997514],[-81.23029400028831,34.01707900024209],[-81.2299770000959,34.01720699992353],[-81.22933500021348,34.017447999806286],[-81.22915100009048,34.017508999838036],[-81.22862700020883,34.01766800030065],[-81.22807400001487,34.01783300029723],[-81.22784499968601,34.017890000167355],[-81.22763100032408,34.017943000116794],[-81.22707700030521,34.018052999793795],[-81.22700399961197,34.01806800007717],[-81.22635599988176,34.018196999724125],[-81.22546600030222,34.01839299985722],[-81.22389100028427,34.01871400003603],[-81.22334899996095,34.0188030002905],[-81.22307199995153,34.018843000190444],[-81.22232299993898,34.0189150002606],[-81.22221699963377,34.019237999865375],[-81.22214700021189,34.01942500025039],[-81.22206500019612,34.01964000033525],[-81.2219079998373,34.02014599991311],[-81.22173399976002,34.020610999721626],[-81.22159800021589,34.02102900008441],[-81.22149000026086,34.02132199968153],[-81.22145799957549,34.02142699979918],[-81.22138399995565,34.021702000094535],[-81.22137800010788,34.02172599981267],[-81.22126799960469,34.02207500009729],[-81.22123900019069,34.02219800008812],[-81.22119599963466,34.02242999994275],[-81.22111500034212,34.02278499979244],[-81.2209930001434,34.02355299994403],[-81.22093500041707,34.02400199982448],[-81.22092700002116,34.02416299983151],[-81.22091199995255,34.02445200020158],[-81.22088900038632,34.02465500002251],[-81.2208800001655,34.02473799991577],[-81.22083699960947,34.02522299981306],[-81.22079899997465,34.025671999792316],[-81.22074999957084,34.02618700024095],[-81.22074299989814,34.02625800016464],[-81.22069799969229,34.026732000282756],[-81.2206559998595,34.02717700027564],[-81.22063099974515,34.027527000337045],[-81.22058700026254,34.02799199990853],[-81.22056299997308,34.02823900027776],[-81.22048900035323,34.02920399978363],[-81.22047500010953,34.02936700001617],[-81.22033299981932,34.03102199989307],[-81.22029299963634,34.03146199992062],[-81.2202190000165,34.031950000260196],[-81.22019100042742,34.032251999827096],[-81.2201550004424,34.03251900015363],[-81.22010799968842,34.03276600000025],[-81.22006900022869,34.032935000342945],[-81.22001300015216,34.03314100008961],[-81.21995700007568,34.03332399971604],[-81.21988599993057,34.03350699969212],[-81.2197839998233,34.03372899981669],[-81.21968199971606,34.03392199972116],[-81.21958100033204,34.03409400007991],[-81.21947199965379,34.03426300001052],[-81.21934199995744,34.03444499967381],[-81.21918899979657,34.03463699966434],[-81.21901499971929,34.03483599985506],[-81.21871799961838,34.03517000033048],[-81.2178530001532,34.03614199969707],[-81.21776699993947,34.03623299979515],[-81.21765999980936,34.0363719998875],[-81.21728900008858,34.037253999717464],[-81.21700000038358,34.03799800035326],[-81.21678799977316,34.038816000176205],[-81.21658299973375,34.03999500013175],[-81.21684300002474,34.04004699996459],[-81.21754500018163,34.040208999754725],[-81.21756899957275,34.041900000224466],[-81.21871199977059,34.050900000304786],[-81.21976000043219,34.05269299965933],[-81.22048000013241,34.052505000094435],[-81.22254100039719,34.0524439999164],[-81.22453999983938,34.05240499979176],[-81.22589800012236,34.05232200017294],[-81.22810999999987,34.05222999990863],[-81.2307500003979,34.05197100013317],[-81.23184099981889,34.05192499982305],[-81.2331150004363,34.05187099994491],[-81.23717400031833,34.05197800009727],[-81.23969199961928,34.05208500011458],[-81.24211799975706,34.05236000002645],[-81.2443310003578,34.052900000099534],[-81.24675699959724,34.05348799979012],[-81.24981999959455,34.05465500002591],[-81.24981999959455,34.05509399998166],[-81.25041299997147,34.055178999671384],[-81.2537580000011,34.055660000092296],[-81.25676300027207,34.056007000166524],[-81.25891999989801,34.056404000006204],[-81.26271699983924,34.056097999787866],[-81.26604199977737,34.0562710000908],[-81.2695719997549,34.056574999909785],[-81.2727689996465,34.05651499994376],[-81.27358600032943,34.05658700004677],[-81.27411199986089,34.05663300005986],[-81.27706400042844,34.059619000053914],[-81.27896800033437,34.06112199987206],[-81.28081899963857,34.06132899982197],[-81.28243800003746,34.06048899963849],[-81.28384499982594,34.05997399981675],[-81.2853980001026,34.0598249997326],[-81.28565900021852,34.06003899991622],[-81.29050499974794,34.05961099975286],[-81.2949999996481,34.059660000282754],[-81.2997940001973,34.0602760000628],[-81.3048780002764,34.06108700010018],[-81.31089899979072,34.06214999990727],[-81.31400100014608,34.06303200026928],[-81.31917899993651,34.05852700034632]]]},"properties":{"GEOID":"45063021025","TRACT":"021025","NAME":"Census Tract 210.25","county_name":"Lexington","aland_sqkm":9.0296,"is_greater_area":true,"pop_2020":3895,"pop_2010":3439,"has_2010":true,"growth_pct":12.8,"growth_abs":440,"density_per_sqkm":429.6,"pct_nonwhite":7.2,"median_income":121033,"median_age":51.9,"median_home_value":518400,"median_gross_rent":780,"poverty_rate":7.2,"pct_bachelors_plus":57.8,"unemployment_rate":2.9,"pct_wfh":27.0,"total_housing_units":1886,"vacancy_rate":4.2,"owner_occ_rate":93.1,"pct_single_family":86.9,"median_year_built":1992,"pop_2014":3407,"pop_2015":3438,"pop_2016":3628,"pop_2017":3719,"pop_2018":3983,"pop_2019":3968,"pop_2021":4064,"pop_2022":4138,"pop_2023":4085,"pop_2024":4186}},{"type":"Feature","geometry":{"type":"Polygon","coordinates":[[[-81.37337700027776,34.14027699982921],[-81.37351399964679,34.1401749997988],[-81.37309500024546,34.13986000028345],[-81.37291199994736,34.13969099984233],[-81.37237999966979,34.13919799984469],[-81.37145900012811,34.1377330003177],[-81.37044899999968,34.13636700003328],[-81.36927099964173,34.13469399966158],[-81.36810700042581,34.132737999818524],[-81.3671779995899,34.131533000369785],[-81.36585600019023,34.12918899971812],[-81.3647759997416,34.127636999871584],[-81.3628190001322,34.125130000351184],[-81.36179599958496,34.124240999897765],[-81.36037100025312,34.12359100013161],[-81.35993900043299,34.12338999972777],[-81.35856199988342,34.1227500000984],[-81.35747700031023,34.12216099986326],[-81.35622000030958,34.12121000019422],[-81.3551740001961,34.11984300035384],[-81.35442500018357,34.11910600030956],[-81.35374200029328,34.11739600029405],[-81.35354999977433,34.11612700023539],[-81.35375800018679,34.11493500014978],[-81.3542379996875,34.11324699975575],[-81.35489999966141,34.111815999741424],[-81.35589399989632,34.10996099994356],[-81.35670999985602,34.10852899973335],[-81.35709099962253,34.1073110003294],[-81.35742500043168,34.10682199982892],[-81.35773699970291,34.10607499965403],[-81.35776000016745,34.10576399972374],[-81.3577850002818,34.105451000029205],[-81.35767899997657,34.10475599994429],[-81.35763600031889,34.10457599964974],[-81.35748499980782,34.10394799983863],[-81.35642899964863,34.10144100023909],[-81.35467999955338,34.0976530001893],[-81.35365799972938,34.095323000189694],[-81.35261400016404,34.09217599989704],[-81.35148400038499,34.089701999867415],[-81.35000599955308,34.08740900033566],[-81.34882300007058,34.08605200024539],[-81.34768999991849,34.08489699999869],[-81.34564399972233,34.083725999853506],[-81.34478000008207,34.08304599987732],[-81.34443199992752,34.08244199992336],[-81.34440799963808,34.08140600009588],[-81.34473400005132,34.08023500003667],[-81.34768400007071,34.06787900026073],[-81.3450570000915,34.067378000317895],[-81.33592500000098,34.06591700015894],[-81.33560399961063,34.06586599997034],[-81.33541299981492,34.06583599993261],[-81.33529499981414,34.06581800020256],[-81.3318629997459,34.065149000329384],[-81.33089899964818,34.06496100011289],[-81.32598299979857,34.06438299982729],[-81.32220599994884,34.063952000247745],[-81.31858899993266,34.06344899979844],[-81.31400100014608,34.06303200026928],[-81.30975300011815,34.066039999830885],[-81.30466700038922,34.06950100034072],[-81.3041329995635,34.06983100003574],[-81.30845900030758,34.07533699964826],[-81.31985699980395,34.08482400021766],[-81.32076999984803,34.08558500007123],[-81.3253939996196,34.08724299965441],[-81.32769599990881,34.088068000367095],[-81.3283579998827,34.092142999987516],[-81.32831699987483,34.094625999874616],[-81.32838999966975,34.095936000137314],[-81.32771299962724,34.095705000347046],[-81.32669699965102,34.09535600034727],[-81.3241049998319,34.09400900009602],[-81.32390900001332,34.094236000047985],[-81.32090399974233,34.097553000357344],[-81.32029399964696,34.09821699985559],[-81.31971200003899,34.09896700024482],[-81.31895999965342,34.10005199964249],[-81.31885300042161,34.1002269996823],[-81.31862400009275,34.10059400020572],[-81.31845599986326,34.10085099989632],[-81.31806400022609,34.101425000097464],[-81.31776700012516,34.10183299978848],[-81.31755600023797,34.102112000014344],[-81.31567700044641,34.104695999888655],[-81.31559000040775,34.10482200032824],[-81.31546900003394,34.10497500034412],[-81.31533500013964,34.10512000036152],[-81.31521899978868,34.10523000000371],[-81.31509499994013,34.105335000340204],[-81.31496500024377,34.10543400021934],[-81.31486300013653,34.10550400028943],[-81.31472199967122,34.105591999764],[-81.31457500025644,34.105672999901024],[-81.31446099955531,34.10572899980347],[-81.31430499991968,34.10579799995113],[-81.31410400007825,34.10587300033885],[-81.31337900035516,34.10616900029769],[-81.3130579999648,34.10632699995735],[-81.31280299969666,34.10647100021869],[-81.31255599982445,34.10662600030877],[-81.31232099964781,34.106790999756655],[-81.31209999971487,34.10696399991867],[-81.31248200020461,34.10738800018261],[-81.31269100044199,34.107619000065455],[-81.31377900038822,34.10876600031078],[-81.31488300022802,34.1099720003261],[-81.31583899992978,34.11099299992008],[-81.31683399998963,34.11195399972011],[-81.31758999967487,34.11272800031103],[-81.31859499978043,34.113720000256386],[-81.31874799994131,34.113854999866845],[-81.31897800009507,34.1140369996618],[-81.31945400029613,34.11439100007825],[-81.31970399964308,34.11456800010275],[-81.31994300001767,34.114728000327155],[-81.32008299975975,34.11483100014414],[-81.32021900020221,34.11493800034831],[-81.32034999972346,34.115051000062465],[-81.32054100041749,34.11523300025875],[-81.32067899961143,34.115380999982484],[-81.32083900034331,34.11557300030355],[-81.32096099964375,34.11574000001532],[-81.32139900020995,34.11643499985218],[-81.32268100032498,34.118466999762624],[-81.32293200039514,34.118824999814265],[-81.32317199969634,34.119204999690005],[-81.32339199980436,34.119592999930546],[-81.32348600041402,34.11977199999346],[-81.32360799971443,34.12002499990558],[-81.32370700034696,34.12024400019123],[-81.32375000000467,34.12034800023358],[-81.32379900040844,34.120464999663454],[-81.32396400026491,34.12091200032338],[-81.32409200031142,34.1213280001573],[-81.32419600006848,34.121735999794105],[-81.32458600005583,34.12310300026536],[-81.32465999967567,34.12334199984926],[-81.32476500015598,34.12364199975846],[-81.32484999964647,34.12386400022561],[-81.32502500044697,34.12426800019641],[-81.3251469997474,34.12452100004188],[-81.32527899999187,34.12477200022213],[-81.32552699968899,34.125154999979536],[-81.32574099994925,34.12550300031474],[-81.32665800019127,34.12708499983758],[-81.32730799957129,34.12820199983252],[-81.32805699958382,34.12946100018345],[-81.3281889998283,34.1296489999498],[-81.32838800001994,34.12991300007085],[-81.32857200014294,34.13013900022365],[-81.3287450003953,34.13033799993355],[-81.32893700001593,34.13054600034023],[-81.32917499966732,34.13078699995692],[-81.32948799966175,34.13107799985258],[-81.32978200028795,34.13132899989823],[-81.33049399959224,34.132038000323135],[-81.33154800010162,34.13317899969159],[-81.33167500032324,34.13328300018126],[-81.33192300002034,34.13348600030352],[-81.33201900027983,34.13357499975653],[-81.33268000042882,34.13407499971179],[-81.33336699961875,34.13461999963227],[-81.3337780004208,34.13494700027704],[-81.33480799974242,34.135336999800955],[-81.33826599974994,34.136659000106484],[-81.33844200037534,34.136718999792905],[-81.33861999975227,34.136773999901685],[-81.33898200015051,34.13686799988317],[-81.33922399999985,34.13691800036861],[-81.3395939998957,34.136976999817755],[-81.33982900007234,34.13700499981918],[-81.33997899986018,34.137016999710774],[-81.34011299975448,34.13702800029141],[-81.34168299974957,34.13712400009356],[-81.34195800010917,34.13711100016545],[-81.34330999964608,34.13705300011871],[-81.34365799980063,34.13703900012712],[-81.34443899960021,34.1370059998722],[-81.34492599967194,34.13698700035041],[-81.34499900036519,34.136976999817755],[-81.34548899991164,34.13691700031455],[-81.34606300002199,34.136830000029846],[-81.34635000007717,34.13680199997038],[-81.34668099961496,34.13677800012454],[-81.34701299987599,34.13676199997565],[-81.34734500013701,34.13675500032781],[-81.34762999964404,34.13675500032781],[-81.34796199990507,34.13676300003155],[-81.34829400016608,34.13677900018019],[-81.34861800003118,34.13680300002581],[-81.34870199969677,34.13681099972494],[-81.34875899959819,34.1368170000565],[-81.34889900023857,34.13683899978142],[-81.34903700033084,34.13686799988317],[-81.34917299987495,34.13690300030042],[-81.34922300010368,34.13691899967906],[-81.34930599994435,34.13694500033586],[-81.3494359996407,34.1369939999791],[-81.3495620000374,34.13704899990889],[-81.34971199982523,34.13712500014512],[-81.35189500028874,34.138388000081065],[-81.3525620002855,34.13843500030249],[-81.3526889996088,34.1384500000987],[-81.35281300035568,34.13847300017764],[-81.35298599970972,34.13852799988838],[-81.35348100017737,34.13872199975852],[-81.35365199988158,34.138785000306605],[-81.35419699967963,34.13892400016947],[-81.35441400031293,34.13903100036816],[-81.35451499969693,34.13909900008354],[-81.35465299978921,34.1392029999798],[-81.354766999592,34.13929600020752],[-81.35483199988934,34.139334999720944],[-81.3548920001638,34.13939299968841],[-81.35504899962433,34.13951499964396],[-81.35509600037831,34.13955999993658],[-81.35520799963298,34.139630000013625],[-81.3552710002805,34.139658999901144],[-81.35557199968106,34.13971799966716],[-81.35600699987423,34.13978000019599],[-81.35751400012015,34.139994999794666],[-81.35825999975962,34.14004199986579],[-81.35893500015234,34.140060000170884],[-81.35942999972167,34.14007299964527],[-81.36026099974995,34.14056799976404],[-81.36051600001808,34.14062699963887],[-81.36268600006281,34.14112900025931],[-81.36313600032459,34.141196999773314],[-81.3633260002954,34.14120799980985],[-81.3634679996873,34.141205999803304],[-81.36371299990968,34.14124999993608],[-81.36389000036002,34.14125199994159],[-81.36414100043018,34.141280000013516],[-81.3643120001344,34.1413110000823],[-81.36449000040963,34.14135200015582],[-81.36480300040408,34.141403000219476],[-81.3648479997116,34.14141600023077],[-81.3649099996359,34.14143400024316],[-81.36504299970527,34.141442000247395],[-81.36536800029361,34.14149500025649],[-81.36569600035666,34.1415290002448],[-81.36586899971071,34.14154000023813],[-81.36647399978321,34.141538000239436],[-81.3668110000671,34.141510000253064],[-81.36701500028161,34.141484000257364],[-81.3671779995899,34.14145800025366],[-81.36729599959068,34.14146700025586],[-81.36742100016245,34.141438000245394],[-81.36764999959301,34.14138600020169],[-81.36801100016635,34.141276000003785],[-81.36830999991709,34.14116599966269],[-81.36858199990365,34.14105899993704],[-81.36887499980662,34.1409319999478],[-81.36908300021908,34.14082399991795],[-81.369156000014,34.140786000356535],[-81.36939000036574,34.14064599982922],[-81.36958199998635,34.14051499991699],[-81.36970300036018,34.14041100014853],[-81.3698239998357,34.14031699964717],[-81.36991900027024,34.14025100019762],[-81.37005099961642,34.140166999674605],[-81.37014299967792,34.14011500033573],[-81.37018700005885,34.14008999992724],[-81.370330000174,34.14002000023126],[-81.37047599976385,34.13995599984239],[-81.37058700009193,34.13991499983502],[-81.37089900026146,34.14152500024692],[-81.37094799976695,34.14185200019511],[-81.37143300018886,34.1415230002479],[-81.37318599958373,34.140408000110426],[-81.37337700027776,34.14027699982921]]]},"properties":{"GEOID":"45063021208","TRACT":"021208","NAME":"Census Tract 212.08","county_name":"Lexington","aland_sqkm":13.7467,"is_greater_area":true,"pop_2020":4615,"pop_2010":null,"has_2010":false,"growth_pct":null,"growth_abs":null,"density_per_sqkm":333.3,"pct_nonwhite":10.7,"median_income":115774,"median_age":40.3,"median_home_value":359100,"median_gross_rent":1933,"poverty_rate":8.8,"pct_bachelors_plus":48.3,"unemployment_rate":1.8,"pct_wfh":24.3,"total_housing_units":1893,"vacancy_rate":7.6,"owner_occ_rate":83.5,"pct_single_family":97.8,"median_year_built":1998,"pop_2021":4023,"pop_2022":4284,"pop_2023":4601,"pop_2024":4759}},{"type":"Feature","geometry":{"type":"Polygon","coordinates":[[[-81.32838999966975,34.095936000137314],[-81.32831699987483,34.094625999874616],[-81.3283579998827,34.092142999987516],[-81.32769599990881,34.088068000367095],[-81.3253939996196,34.08724299965441],[-81.32076999984803,34.08558500007123],[-81.31985699980395,34.08482400021766],[-81.30845900030758,34.07533699964826],[-81.3041329995635,34.06983100003574],[-81.29849799983856,34.07331799983911],[-81.29367300022554,34.07599999999748],[-81.2923180003156,34.076776999872266],[-81.28737599962838,34.07961800028509],[-81.28057000011651,34.08395199991449],[-81.2746680004279,34.08873799989997],[-81.2726130000109,34.09275800031237],[-81.27095000012939,34.099044000252725],[-81.27283599959368,34.09847000026661],[-81.2758450000626,34.09738100007248],[-81.27759499998277,34.10022800017033],[-81.27904399960406,34.10270499963578],[-81.2798350003477,34.10385500014782],[-81.28201500043816,34.10702700033263],[-81.28381700023687,34.10996400031851],[-81.28581999987699,34.11322800010021],[-81.28737999982636,34.115920000355274],[-81.288312000137,34.117529000163614],[-81.28982199985765,34.11755300026878],[-81.28992899998777,34.11755399980822],[-81.28995599975195,34.11752499977357],[-81.29037000002872,34.11732000016845],[-81.29101600010911,34.11715599997785],[-81.29434299969707,34.1208320001493],[-81.29662200042004,34.12336999990563],[-81.29801099976687,34.12491699976741],[-81.2980340002314,34.124912999726874],[-81.2981689999506,34.12487899974651],[-81.29830100019507,34.124840000255226],[-81.29843099989141,34.12479400010757],[-81.29855700028811,34.12474299968829],[-81.29871899977151,34.12466499981867],[-81.29883699977229,34.12460099970024],[-81.29898599973521,34.12450700020541],[-81.2990920000404,34.124430000319876],[-81.30015599969722,34.123818999755926],[-81.30004100006948,34.12366600035967],[-81.29990299997725,34.123508000366854],[-81.29974800016653,34.12331300031226],[-81.29960199967836,34.12311300020855],[-81.29946600013423,34.12290800002033],[-81.29938900014133,34.122781000271104],[-81.29871100027391,34.1215000000984],[-81.29868199996159,34.12142500018005],[-81.29862900025813,34.12131699976431],[-81.29853999967136,34.12117999968575],[-81.29846100002865,34.121083000125644],[-81.29840400012723,34.12102299975162],[-81.29832100028658,34.12083399989429],[-81.29824699976841,34.1206089996549],[-81.29820199956255,34.12041700035555],[-81.29816999977552,34.120199000026005],[-81.29816999977552,34.12012000017382],[-81.29817800017143,34.12000399977703],[-81.29818900004209,34.11992599999777],[-81.29821300033153,34.11981100033495],[-81.29824799959333,34.119698000287585],[-81.29829199997425,34.1195869998637],[-81.29838800023373,34.11940899967039],[-81.30042900040701,34.116449999833875],[-81.30047899973741,34.1163399999065],[-81.30053700036206,34.116234000287356],[-81.3006250002256,34.116097000154824],[-81.30069999967036,34.11599899966869],[-81.30084199996057,34.11584300008735],[-81.30097599985486,34.11572100017611],[-81.30106899974129,34.115646999900335],[-81.30121299968133,34.115548000073424],[-81.30132800020739,34.11548000000494],[-81.30144700003306,34.11541800024484],[-81.30157000005671,34.11536200006262],[-81.30169700027832,34.11531200021385],[-81.30191200036347,34.115245000266086],[-81.3021890003729,34.11520499973916],[-81.30242700002428,34.115187999658204],[-81.30412000004304,34.115161999746576],[-81.30434799964866,34.11520700036089],[-81.30461999963524,34.11526900027566],[-81.30484399994123,34.11532699965098],[-81.30515299973769,34.1154189998095],[-81.30550000006734,34.11553699967229],[-81.30583999982596,34.115670999795846],[-81.30726000003322,34.116157000305314],[-81.30735000044491,34.11617900020108],[-81.3074419996081,34.11619499978368],[-81.3075810004236,34.116207999953545],[-81.30772199999059,34.11620699965452],[-81.30788000017435,34.11618900021948],[-81.30804199965775,34.11615099999469],[-81.30817100042748,34.116105000326094],[-81.30829299972791,34.116046999996904],[-81.30836899989589,34.11600100027169],[-81.30842900017034,34.11595900024209],[-81.31056900007783,34.114206999655956],[-81.31083400039171,34.11402099967101],[-81.31090899983646,34.11397299968048],[-81.31106500037039,34.11388300008967],[-81.31126200001387,34.11377999986196],[-81.31153599965026,34.113654000120476],[-81.31177800039791,34.11356499977677],[-81.31202799974487,34.11349299976447],[-81.3122839998379,34.113438000126926],[-81.3125449999538,34.11340299966287],[-81.31280900044277,34.11338599996347],[-81.31294199961384,34.11338400004236],[-81.31311800023924,34.113389999805534],[-81.31338699985275,34.113414000341535],[-81.31359799973995,34.1134470001377],[-81.31376900034249,34.11348300017106],[-81.31400500034404,34.11354800010993],[-81.31443200014131,34.113641999887406],[-81.31464899987628,34.11369700013598],[-81.31480899970985,34.113743999954956],[-81.31509800031318,34.11383600034793],[-81.3154230000032,34.11395400018801],[-81.31561299997398,34.11403099994452],[-81.31599700011354,34.11420200027347],[-81.31680100037767,34.1134180001823],[-81.31758999967487,34.11272800031103],[-81.31683399998963,34.11195399972011],[-81.31583899992978,34.11099299992008],[-81.31488300022802,34.1099720003261],[-81.31377900038822,34.10876600031078],[-81.31269100044199,34.107619000065455],[-81.31248200020461,34.10738800018261],[-81.31209999971487,34.10696399991867],[-81.31232099964781,34.106790999756655],[-81.31255599982445,34.10662600030877],[-81.31280299969666,34.10647100021869],[-81.3130579999648,34.10632699995735],[-81.31337900035516,34.10616900029769],[-81.31410400007825,34.10587300033885],[-81.31430499991968,34.10579799995113],[-81.31446099955531,34.10572899980347],[-81.31457500025644,34.105672999901024],[-81.31472199967122,34.105591999764],[-81.31486300013653,34.10550400028943],[-81.31496500024377,34.10543400021934],[-81.31509499994013,34.105335000340204],[-81.31521899978868,34.10523000000371],[-81.31533500013964,34.10512000036152],[-81.31546900003394,34.10497500034412],[-81.31559000040775,34.10482200032824],[-81.31567700044641,34.104695999888655],[-81.31755600023797,34.102112000014344],[-81.31776700012516,34.10183299978848],[-81.31806400022609,34.101425000097464],[-81.31845599986326,34.10085099989632],[-81.31862400009275,34.10059400020572],[-81.31885300042161,34.1002269996823],[-81.31895999965342,34.10005199964249],[-81.31971200003899,34.09896700024482],[-81.32029399964696,34.09821699985559],[-81.32090399974233,34.097553000357344],[-81.32390900001332,34.094236000047985],[-81.3241049998319,34.09400900009602],[-81.32669699965102,34.09535600034727],[-81.32771299962724,34.095705000347046],[-81.32838999966975,34.095936000137314]]]},"properties":{"GEOID":"45063021207","TRACT":"021207","NAME":"Census Tract 212.07","county_name":"Lexington","aland_sqkm":8.3857,"is_greater_area":true,"pop_2020":2657,"pop_2010":null,"has_2010":false,"growth_pct":null,"growth_abs":null,"density_per_sqkm":268.1,"pct_nonwhite":7.6,"median_income":148856,"median_age":48.0,"median_home_value":538400,"median_gross_rent":null,"poverty_rate":0.6,"pct_bachelors_plus":53.8,"unemployment_rate":1.5,"pct_wfh":17.5,"total_housing_units":1268,"vacancy_rate":4.4,"owner_occ_rate":96.0,"pct_single_family":99.1,"median_year_built":2000,"pop_2021":2692,"pop_2022":2934,"pop_2023":3037,"pop_2024":3370}},{"type":"Feature","geometry":{"type":"Polygon","coordinates":[[[-81.18623700034112,34.092728000128],[-81.18651299962733,34.09277100036418],[-81.18605700041607,34.09111099997762],[-81.18577899968341,34.09018100023809],[-81.18552099994055,34.08951800006066],[-81.18521799999183,34.088907000259425],[-81.18493199976159,34.08840499981997],[-81.18468499988937,34.08790900020584],[-81.18425700026721,34.08714200027281],[-81.18416100000772,34.086975999812104],[-81.18354900026254,34.0859770001473],[-81.18298699984776,34.08499699990227],[-81.18245299992036,34.084092999755626],[-81.1818839998329,34.08312899990879],[-81.18166700009792,34.082708999926815],[-81.18111599955378,34.08177700022901],[-81.17979199960597,34.079534999788564],[-81.1796960002448,34.07937200001099],[-81.17952499964228,34.0790830000405],[-81.17899400008794,34.07818500003103],[-81.17828400043345,34.07698200023093],[-81.17712299979397,34.075017000242305],[-81.17678700023329,34.07444899984484],[-81.17605400011428,34.073245999813004],[-81.17585999994553,34.07291499995989],[-81.1756819996703,34.07261200004174],[-81.17523700032969,34.071847000119234],[-81.17513500022243,34.07168699992818],[-81.1750359995899,34.07154400010169],[-81.17484300014438,34.07129299976004],[-81.17468300031081,34.071098999997396],[-81.17450400021066,34.070894000283246],[-81.1743309999583,34.07070800034932],[-81.17329700043872,34.06971200033226],[-81.17270999990957,34.0691460003048],[-81.17231800027241,34.06879399987163],[-81.16958199961495,34.066334999774455],[-81.16939500001719,34.06646200015544],[-81.1693730002759,34.066477000064786],[-81.1690140002507,34.06670699983097],[-81.1689720004179,34.06673399988549],[-81.16874300008904,34.066871000305326],[-81.16861000001964,34.06694399993341],[-81.16837700039115,34.06706600021127],[-81.16829700002519,34.067104000152135],[-81.16818900007017,34.067155999730296],[-81.16800400012224,34.06723800031673],[-81.16791100023582,34.06726899999147],[-81.16781499997634,34.06730300005371],[-81.16779900008284,34.06730900010705],[-81.1676769998841,34.06734699993894],[-81.1662890003622,34.06777900023698],[-81.16606800042925,34.06785500020628],[-81.16587099988745,34.06793200023291],[-81.16562400001523,34.068042999954926],[-81.16543999989221,34.068141000165156],[-81.16519399984492,34.06828999976642],[-81.16512500024794,34.06834800008476],[-81.16499800002634,34.06843999996935],[-81.16488400022352,34.06853199975409],[-81.16304300006678,34.07011200026679],[-81.1625450001244,34.07054600005019],[-81.16235199978055,34.070706000163796],[-81.1621579996118,34.070855999809865],[-81.16196299961813,34.07099699987492],[-81.1618050003327,34.07110399969381],[-81.16157000015605,34.07125400012345],[-81.16138199983507,34.07136499995782],[-81.16041699991247,34.07183599999021],[-81.1588350002218,34.072609999901175],[-81.15825899956332,34.07289099984382],[-81.1578150000476,34.073107999964016],[-81.15748500033474,34.07327099989104],[-81.15739599974796,34.07331499965321],[-81.15687699988918,34.07357200031049],[-81.15663800041288,34.073700000318],[-81.15630600015189,34.07389800029745],[-81.15619700037195,34.07397099982359],[-81.15599300015744,34.074108999754934],[-81.15590500029388,34.074178999688044],[-81.15580400001156,34.07425800002142],[-81.1556869998357,34.074359999937855],[-81.15554600026869,34.0744840000502],[-81.1554569996819,34.07456899963831],[-81.15531600011491,34.07471300035663],[-81.15497800000612,34.07507799979918],[-81.15443400003299,34.07573799984334],[-81.15410299959689,34.07613999965671],[-81.15384900005199,34.076446999704515],[-81.15353000020976,34.07683400031211],[-81.15339700014036,34.07699599974731],[-81.152935000183,34.07755700009552],[-81.15289400017511,34.07760399989767],[-81.15392199984692,34.07821700016842],[-81.15438299997936,34.07849100010612],[-81.15467900025537,34.078659000085736],[-81.15710899969278,34.080035000024736],[-81.15891899988739,34.08100799986472],[-81.15962600006714,34.08138799995385],[-81.15987899978714,34.08152399977503],[-81.16078900035647,34.08198700018755],[-81.16080199987694,34.081993999904434],[-81.16111200039666,34.08215300001306],[-81.1612989999944,34.08224900035523],[-81.16250199956836,34.082857999944466],[-81.1626990001102,34.08295800002405],[-81.16302600034834,34.08311499991818],[-81.16400399979142,34.08359099978941],[-81.16425400003666,34.08371199996156],[-81.16554000034965,34.08433599991226],[-81.16726699980525,34.08512599967786],[-81.16843000009459,34.08565799994011],[-81.16867799979171,34.08576499983803],[-81.16955599967568,34.086145000155724],[-81.16983900043122,34.08626700030719],[-81.1702539996346,34.08644299974038],[-81.1705499999106,34.086585999707914],[-81.17126200011322,34.08687899971936],[-81.17175300038289,34.08708199963295],[-81.17190399999564,34.08714499996892],[-81.17195500004925,34.08716500017204],[-81.17214500002005,34.08723999996178],[-81.17224200010443,34.08727799978033],[-81.17239799974006,34.08734000007412],[-81.17269700038909,34.087457999667805],[-81.1727180003055,34.08747099978954],[-81.17280199997109,34.08752200036222],[-81.17284999965166,34.08755100026568],[-81.17288900000973,34.09014499996121],[-81.17289999988039,34.09045400028986],[-81.17403700023044,34.090503999950506],[-81.17768699985857,34.09055400032559],[-81.17912499960919,34.09053900021618],[-81.17923400028745,34.09053800035761],[-81.17955399995459,34.09058399979257],[-81.18057400012879,34.0905419997919],[-81.1824909995552,34.091290000049305],[-81.18423499962758,34.09196699975693],[-81.18606400008876,34.092678000293105],[-81.18623700034112,34.092728000128]]]},"properties":{"GEOID":"45063021112","TRACT":"021112","NAME":"Census Tract 211.12","county_name":"Lexington","aland_sqkm":4.1014,"is_greater_area":true,"pop_2020":2594,"pop_2010":2709,"has_2010":true,"growth_pct":0.8,"growth_abs":21,"density_per_sqkm":665.6,"pct_nonwhite":32.0,"median_income":63854,"median_age":51.7,"median_home_value":284600,"median_gross_rent":1393,"poverty_rate":12.8,"pct_bachelors_plus":44.0,"unemployment_rate":4.3,"pct_wfh":11.7,"total_housing_units":1208,"vacancy_rate":0.7,"owner_occ_rate":70.0,"pct_single_family":70.7,"median_year_built":1989,"pop_2014":3203,"pop_2015":3216,"pop_2016":3141,"pop_2017":2776,"pop_2018":2740,"pop_2019":2831,"pop_2021":2501,"pop_2022":2496,"pop_2023":2499,"pop_2024":2516}},{"type":"Feature","geometry":{"type":"Polygon","coordinates":[[[-81.33413900009582,34.00274899967645],[-81.33533800037017,34.00140299991165],[-81.33364500035141,34.000924999918794],[-81.33323100007463,34.00080100021346],[-81.33277599978997,34.00068199970743],[-81.331132000175,34.00020999971324],[-81.32872600012874,33.99953999969868],[-81.32786900016117,33.99929199978717],[-81.32696500033792,33.99903400019786],[-81.32286600027291,33.99786699967169],[-81.32268100032498,33.99781600026715],[-81.32230399985811,33.99771399987671],[-81.32216099974299,33.997672000030775],[-81.32064500017457,33.997233000079596],[-81.31997800017778,33.99704300006743],[-81.31914700014948,33.99680200036183],[-81.31761899998718,33.99637399987626],[-81.31660300001093,33.99607900012208],[-81.31614400042662,33.99595300033149],[-81.31460299984552,33.995514999924694],[-81.3133330003244,33.99514500014095],[-81.31228800003586,33.994852999826165],[-81.31192700036082,33.99475600007602],[-81.31143699991605,33.994610000120396],[-81.31071200019296,33.99440500020815],[-81.3094610000401,33.99405199987586],[-81.30925699982558,33.99399299988402],[-81.30904199974043,33.99393099983583],[-81.30830399959856,33.99371799996229],[-81.30759099957102,33.993522999735745],[-81.30678999967995,33.99329099984194],[-81.30618899980543,33.993128999867935],[-81.30583399997818,33.99304200004404],[-81.30510000003426,33.99289499985669],[-81.30479500043572,33.992841999914255],[-81.30447300022045,33.99279399978324],[-81.30412699971573,33.992759000120635],[-81.30380399967552,33.99272000011782],[-81.30343600032784,33.99269300033454],[-81.30310999991458,33.99267699976931],[-81.29852600032598,33.99249900026026],[-81.29403700027362,33.99233599999364],[-81.29209599965944,33.99225500025206],[-81.28921599996023,33.99215499969213],[-81.28780199960075,33.99210000022784],[-81.28775200027034,33.99227700029986],[-81.28751799991862,33.992944000195685],[-81.28737300015366,33.99338400022536],[-81.28700499990762,33.99481500028274],[-81.28697099957243,33.99494799972755],[-81.28695700022705,33.995024000168],[-81.2869310002878,33.9953920000063],[-81.2869320001127,33.9954989998909],[-81.28694899983113,33.99560599964074],[-81.28701400012847,33.99589299993995],[-81.28706199980903,33.99604099963749],[-81.28708799974831,33.996100999924515],[-81.28711299986267,33.99615700000525],[-81.28717800015998,33.996283999719004],[-81.28727500024438,33.99644999978582],[-81.28732600029798,33.996528000073084],[-81.28752799996435,33.99684299967398],[-81.28765400036106,33.997013000261866],[-81.28797300020328,33.997502000016844],[-81.28811299994537,33.99770100013937],[-81.28833300005338,33.99798500019181],[-81.28841599989407,33.99808199997905],[-81.28848399966613,33.99814800004741],[-81.28885299973707,33.998556000279436],[-81.28912200024891,33.99884499994088],[-81.28928299990739,33.999008999829414],[-81.28961299962027,33.99937899991366],[-81.28990700024644,33.999695000299766],[-81.29009899986708,33.9999200000444],[-81.29020000014941,34.00004899970859],[-81.29054300028109,34.000540999643086],[-81.29063699999242,34.00069099978286],[-81.29076099984097,34.00093000002919],[-81.29082199994035,34.00103500004636],[-81.29093900011621,34.00123400008444],[-81.29110899999553,34.001573999729494],[-81.29129300011854,34.00187499997915],[-81.29154699966344,34.00237000022535],[-81.29161799980857,34.00252799984249],[-81.29167300006013,34.00267400033983],[-81.29173099978647,34.00288399965607],[-81.29176599994656,34.00304699979231],[-81.29178500021312,34.003172000086956],[-81.29179799973362,34.0033099998232],[-81.29180199993158,34.003571000249295],[-81.29179100006091,34.00373899975692],[-81.29177099996943,34.00390699967688],[-81.29176599994656,34.00401100034734],[-81.29173400015951,34.00431900032572],[-81.29155599988427,34.00569599989385],[-81.29153300031805,34.005985999948535],[-81.29154699966344,34.006109000165665],[-81.29155699970919,34.00628100029768],[-81.29160299973994,34.00656399985642],[-81.29163500042532,34.00666700014853],[-81.29165100031882,34.00671700009345],[-81.29170499984718,34.00686199999069],[-81.29177199979434,34.00700999993859],[-81.2926849998384,34.00867600027594],[-81.29274400028795,34.00870799984445],[-81.29288300020512,34.008981000234414],[-81.292924000213,34.00908000027356],[-81.29324800007811,34.01012800020628],[-81.29329800030683,34.010262000309524],[-81.29336500025397,34.01041900007814],[-81.29344700026974,34.010580999843356],[-81.29351300039197,34.01070099993898],[-81.29359100020979,34.01082500008307],[-81.29375100004334,34.01104399981711],[-81.29474399955505,34.01226400001035],[-81.29697600042238,34.0150039998025],[-81.29704099982138,34.01509900024863],[-81.29712299983714,34.015233999955214],[-81.29721700044678,34.01541000022103],[-81.29749699993096,34.01590799974096],[-81.2978590003292,34.01659599994449],[-81.29795200021563,34.01677900025576],[-81.2980559999727,34.01696000020807],[-81.29827000023295,34.0173620002974],[-81.29857499983147,34.01789200010987],[-81.29918800029989,34.01908000006704],[-81.29924299965315,34.01919400032808],[-81.29931799999623,34.01938899969464],[-81.2993730002478,34.01960599977281],[-81.29939699963894,34.019747000198734],[-81.29945600008848,34.021207000112696],[-81.29948299985266,34.0218880003387],[-81.29948700005062,34.02210599990596],[-81.29947799982979,34.02241000009579],[-81.30277099998088,34.021033999755716],[-81.30308700034836,34.02093899999497],[-81.30316599999108,34.02091899979667],[-81.30328700036492,34.02089900033822],[-81.30339399959672,34.02089200004268],[-81.30349499987906,34.020878000194436],[-81.30357699989483,34.02087299976944],[-81.3036589999106,34.02087499964162],[-81.30374400029939,34.02088199993855],[-81.30390699960769,34.0208790001305],[-81.30411599984508,34.02089699972199],[-81.30424300006668,34.020927999960904],[-81.30498899970618,34.021085000108485],[-81.3051090002551,34.0211029996563],[-81.30519100027084,34.02110800006775],[-81.30525900004291,34.02111900007848],[-81.30545499986151,34.02112700028838],[-81.30557700006023,34.021120000011706],[-81.30578899977233,34.02111500034547],[-81.30762499990621,34.02092999983184],[-81.30806299957413,34.02087099989716],[-81.30996300018043,34.02063399980933],[-81.31137300034196,34.020457999950516],[-81.31165899967391,34.02040500008232],[-81.31173700039002,34.020383999816296],[-81.3118119998348,34.02035599994992],[-81.31202500027011,34.020255999713555],[-81.31217699970777,34.02017000007123],[-81.31245899974007,34.019980999945155],[-81.31257900028898,34.019887999645924],[-81.31355699973207,34.0189920000613],[-81.31473199971695,34.017926999840505],[-81.31646999994156,34.01634999992987],[-81.31855399977255,34.016380000351205],[-81.31850199989401,34.01624400024258],[-81.31843599977176,34.01601799982111],[-81.31840900000759,34.015882999872076],[-81.31837999969528,34.01569199988631],[-81.31834799990823,34.01531300011968],[-81.3183470000833,34.01516999976808],[-81.31835899977888,34.01502699992027],[-81.31847599995474,34.01459200036028],[-81.31848199980253,34.014492000035105],[-81.31843099974891,34.014207000062946],[-81.3183189995959,34.013528000062955],[-81.31832100014404,34.013448999726684],[-81.31833500038776,34.013346000214774],[-81.31836399980176,34.01328200009363],[-81.3184519996653,34.013186999848074],[-81.31856499964321,34.01313699998968],[-81.31873100022287,34.01308700010184],[-81.3188319996069,34.0130259998712],[-81.31893799991211,34.012902999993024],[-81.31897399989712,34.0128340001286],[-81.31906099993576,34.01271600013342],[-81.31928799971648,34.01247000004525],[-81.31937399993019,34.012395000357884],[-81.31974999967383,34.01211200012681],[-81.31982300036708,34.0120550001003],[-81.31991000040571,34.01198000004635],[-81.32001199961466,34.01187900032574],[-81.32022099985203,34.011641999705965],[-81.32026500023296,34.01158300001747],[-81.32031999958625,34.01149200029144],[-81.32036099959412,34.01141300029469],[-81.32041099982281,34.01127799972483],[-81.3204290002645,34.011171999661975],[-81.32052499962565,34.01013599996275],[-81.32052700017378,34.01000800004547],[-81.32051700012805,34.009920999636684],[-81.32050299988433,34.009661000177616],[-81.32051700012805,34.00948800011939],[-81.32050399970925,34.009397999708696],[-81.3204579996785,34.0093020002576],[-81.3203599997692,34.00918700004311],[-81.32024799961621,34.00909800013287],[-81.32011700009495,34.00901299968804],[-81.31981599979608,34.00884099987676],[-81.31973899980318,34.00872599978262],[-81.32019699956258,34.00869999995345],[-81.3205999999687,34.00864099971007],[-81.32091299996316,34.00857699976578],[-81.3211480001398,34.008512999773245],[-81.32128600023206,34.00847100005443],[-81.32143900039293,34.00841700006631],[-81.32344100020818,34.00762000030229],[-81.32369999977595,34.00753100023902],[-81.32404200008271,34.00742600006114],[-81.32423700007638,34.007366000326755],[-81.32697899968332,34.00668699998109],[-81.32716600017939,34.00663499981088],[-81.32755600016672,34.00654000031987],[-81.32764099965722,34.00651499992667],[-81.32808099987327,34.00639200029757],[-81.32841300013429,34.006289999779824],[-81.32869699981642,34.00621100015611],[-81.32910199987238,34.006084999755835],[-81.33000999989358,34.005803000203926],[-81.33044400026183,34.0056619997045],[-81.330835999899,34.00555100023988],[-81.33102599986981,34.00549099992547],[-81.3311940000993,34.005431000313315],[-81.33136200032878,34.00536399982758],[-81.33159300030748,34.0052579998291],[-81.33176400001169,34.005165999905905],[-81.33193100041628,34.00506199990509],[-81.33208600022697,34.00495299990357],[-81.33223299964173,34.004835000126796],[-81.33260000006287,34.004422000361835],[-81.33270399981994,34.004308999758834],[-81.33279000003367,34.00421500003236],[-81.33308299993661,34.00391799968222],[-81.33413900009582,34.00274899967645]]]},"properties":{"GEOID":"45063021046","TRACT":"021046","NAME":"Census Tract 210.46","county_name":"Lexington","aland_sqkm":8.2286,"is_greater_area":true,"pop_2020":2425,"pop_2010":null,"has_2010":false,"growth_pct":null,"growth_abs":null,"density_per_sqkm":322.8,"pct_nonwhite":12.5,"median_income":112857,"median_age":39.5,"median_home_value":321900,"median_gross_rent":1451,"poverty_rate":5.0,"pct_bachelors_plus":41.5,"unemployment_rate":0.5,"pct_wfh":14.3,"total_housing_units":894,"vacancy_rate":2.2,"owner_occ_rate":91.0,"pct_single_family":98.0,"median_year_built":2002,"pop_2021":2427,"pop_2022":2547,"pop_2023":2666,"pop_2024":2431}},{"type":"Feature","geometry":{"type":"Polygon","coordinates":[[[-81.4115600001254,34.01285399999796],[-81.41156199977523,34.01265200028202],[-81.41155599992744,34.01246199976404],[-81.41136400030683,34.009482999768146],[-81.41132599977368,34.009090000278626],[-81.4112699996972,34.00863399989306],[-81.41121199997086,34.00825599998064],[-81.4111509998715,34.007917000365495],[-81.41107399987861,34.0075409996818],[-81.41099699988573,34.00720399964071],[-81.410910999672,34.00686799985269],[-81.41079600004426,34.0064600000782],[-81.41066999964757,34.006054000054256],[-81.4105309997304,34.005650999925045],[-81.41039500018627,34.00528600020691],[-81.4102350003527,34.004889000158556],[-81.40977400022025,34.00342599994612],[-81.4093060004151,34.00193899976113],[-81.40928100030075,34.00185999981386],[-81.40829600028665,33.99874999992868],[-81.40824000021016,33.998542999926244],[-81.40816900006506,33.99824700005375],[-81.4080739996305,33.99778899986905],[-81.40797200042155,33.997227999751516],[-81.40793100041367,33.996924999728414],[-81.40787600016208,33.99636099993388],[-81.40764799965814,33.99430999969961],[-81.40759400012979,33.99376699982667],[-81.40751700013688,33.993113999647846],[-81.40741800040269,33.99243000020388],[-81.40730200005173,33.99179600025783],[-81.40720999999023,33.991345000055276],[-81.40712899979937,33.99099100012857],[-81.4069120000644,33.99003500019947],[-81.40677499979705,33.98938699968826],[-81.40662099981125,33.98857900036793],[-81.40646799965037,33.98766900028121],[-81.4063279999083,33.98668200015498],[-81.40588500021751,33.98359900004634],[-81.40577600043756,33.9828449999646],[-81.40526300042659,33.97930300029411],[-81.40518100041082,33.97874200029693],[-81.4051160001135,33.97819800033084],[-81.40501200035641,33.977511999875055],[-81.40491199989899,33.9769569997178],[-81.40481200033987,33.976517000306856],[-81.40464199956224,33.975968000168116],[-81.4045899996837,33.97580899986084],[-81.40446199963718,33.975319999680565],[-81.40427900023741,33.97473600037186],[-81.40416399971134,33.97435800011466],[-81.40400700025083,33.973882999931476],[-81.40385300026504,33.97331999968123],[-81.40360999969248,33.972381000326905],[-81.40354600011838,33.972024000339005],[-81.40352400037709,33.97189600036231],[-81.40347599979818,33.971733000066514],[-81.40347400014836,33.9715630003118],[-81.4034270002927,33.97130299967901],[-81.40333000020831,33.97049799989949],[-81.40329099985027,33.97008900001381],[-81.4032439999946,33.9697600002538],[-81.40320600035976,33.969408000167675],[-81.40315299975799,33.96900400000873],[-81.40310500007742,33.96858299972808],[-81.40302300006165,33.96797299996838],[-81.40296199996229,33.96750699974441],[-81.40288900016735,33.96716799995806],[-81.40276699996862,33.96649000005672],[-81.40273199980852,33.96629599977834],[-81.40245800017215,33.9651210001802],[-81.40219399968316,33.96395600009784],[-81.40203899987247,33.96324999986032],[-81.40189499993242,33.96264699973077],[-81.40182499961223,33.962319000120345],[-81.40175500019035,33.96202999993574],[-81.4017230004033,33.96189399999118],[-81.40160000037966,33.961301000349174],[-81.40133099986782,33.960116999652776],[-81.40083100027562,33.960340999960984],[-81.40005700014873,33.96067300009132],[-81.39938299958095,33.960979000141165],[-81.39836499995488,33.96142100000853],[-81.39772600044552,33.961697999885885],[-81.3970700003194,33.96197500035139],[-81.39650500042988,33.96222500013972],[-81.39479300014456,33.96294999976673],[-81.38972099976101,33.96514799978126],[-81.38874699961758,33.96556399997381],[-81.38834900013262,33.96575000022191],[-81.3880389996129,33.96590999980549],[-81.38781100000729,33.96603700001502],[-81.38751399990636,33.96621399997309],[-81.38728700012562,33.9663589997022],[-81.38635999983786,33.966989999924785],[-81.38419900001396,33.968427999745764],[-81.38383999998877,33.96868599987252],[-81.38352299979637,33.968905000206234],[-81.38255000037616,33.969641000233224],[-81.38231699984934,33.96981700034868],[-81.38132299961441,33.97056900019293],[-81.38045599960111,33.9712250000791],[-81.37846800002957,33.97272799974674],[-81.37831400004377,33.97284699991732],[-81.37798000013294,33.97310400029344],[-81.37766499959035,33.97332400017516],[-81.37748300001547,33.97343800001862],[-81.3773859999311,33.97349499988303],[-81.37729600041773,33.97354700022266],[-81.3771049997237,33.97365100006161],[-81.37690899990514,33.97374800006175],[-81.37686399969928,33.97376899993965],[-81.37670899988858,33.973839999736896],[-81.37650499967408,33.97392500036045],[-81.37633899999274,33.97398900033567],[-81.3762650003729,33.97401500035844],[-81.37612899993046,33.97406299992109],[-81.3758300001797,33.974155999741576],[-81.37484599999053,33.97443500008265],[-81.37248500015009,33.97505499996327],[-81.37201700034497,33.975184000128415],[-81.37153699994592,33.97530500004192],[-81.37109599990495,33.9754050003145],[-81.37060899983325,33.975504999724556],[-81.37011900028679,33.97559500028495],[-81.36966999984989,33.97566600004729],[-81.36917399955736,33.97573500030508],[-81.36868700038396,33.97578999993068],[-81.3649099996359,33.97621299972225],[-81.36287299966055,33.9764409997039],[-81.36254600032073,33.97647100006763],[-81.36190199989018,33.97653999967216],[-81.36162700042888,33.97657599976746],[-81.35998200009071,33.976671999698816],[-81.35957700003475,33.97668399996196],[-81.35910699968147,33.97668900000903],[-81.35882999967204,33.9766830002505],[-81.35851000000488,33.97668900000903],[-81.35827499982825,33.97668100008258],[-81.3579049999324,33.97666099989067],[-81.357475999587,33.97665500013016],[-81.35717699983626,33.97665200024975],[-81.3569750001699,33.97663499993214],[-81.35577500007065,33.97655799972171],[-81.35493900001947,33.97652000019203],[-81.35455099968195,33.976492000017956],[-81.35415499984683,33.97647800029997],[-81.35392200021833,33.97647499966835],[-81.35357999991156,33.976479000013846],[-81.35260499994322,33.97652599996208],[-81.3523570002461,33.9765419998434],[-81.35128199982032,33.976598000149295],[-81.35061999984642,33.97662600028847],[-81.34995799987252,33.976665000227406],[-81.34928099983,33.976686000129824],[-81.34883999978904,33.97670600031585],[-81.34812099991372,33.976737000296964],[-81.34712099983103,33.97679299972947],[-81.34611599972544,33.976856999780736],[-81.34588200027201,33.97686800030848],[-81.3444369999504,33.976953999848035],[-81.3435640000893,33.97701499991045],[-81.34276999987091,33.97708099995316],[-81.34246100007444,33.977108000226735],[-81.34118099960925,33.977250000144906],[-81.33984400014096,33.97740999969508],[-81.33774699989117,33.97767599996626],[-81.33697000028954,33.97778200011128],[-81.33627800017841,33.97786600007608],[-81.33600000034406,33.97790200035484],[-81.33562399970211,33.97795700006848],[-81.33424200002798,33.97813199966546],[-81.33285199995794,33.9782790000616],[-81.33229000044146,33.978342999739105],[-81.33169200004166,33.978393999657186],[-81.33177300023253,33.97858000015066],[-81.33185400042338,33.97873000032427],[-81.33193899991389,33.97893799985894],[-81.33201500008185,33.97908899982901],[-81.33208299985392,33.97924399974627],[-81.33217499991542,33.97940899990031],[-81.33228799989332,33.97959800018438],[-81.33254900000924,33.98000600009804],[-81.33305699999735,33.980751000084176],[-81.3339199998127,33.98197400004644],[-81.3339969998056,33.98209200029121],[-81.33416300038527,33.982307000290724],[-81.33425999957133,33.98244899971854],[-81.33436599987654,33.98258799998306],[-81.33447499965649,33.982766999779884],[-81.33458299961151,33.98290499988613],[-81.33467800004608,33.983048999822834],[-81.33484499955236,33.98328500014334],[-81.33498900039069,33.983510000141806],[-81.33505100031498,33.983627000114176],[-81.33508499975184,33.983713999893745],[-81.3351729996154,33.98405300000895],[-81.33519199988197,33.98419799985847],[-81.33522000036939,33.984359999726585],[-81.3352289996919,33.984578999912685],[-81.3352000002779,33.98483100026528],[-81.33518699985912,33.985015000109954],[-81.33515000004918,33.98521300007264],[-81.33514099982834,33.98534100011151],[-81.33504200009416,33.98624899985779],[-81.33498000016986,33.98675700020249],[-81.33494599983469,33.98709200025218],[-81.3349190000705,33.9873749996832],[-81.3348970003292,33.98764800011264],[-81.33488999975819,33.9879579997334],[-81.33490300017698,33.98826799971302],[-81.33493599978894,33.98857699973507],[-81.33495000003265,33.98864900014283],[-81.33498699984257,33.98877299970903],[-81.33500100008627,33.98891799969907],[-81.33501600015488,33.98897099985456],[-81.33506200018563,33.98907399987955],[-81.33508599957678,33.98919899987952],[-81.3351650001178,33.98936900012073],[-81.33528300011858,33.9897019996953],[-81.33535000006572,33.989817000222715],[-81.33542700005862,33.98996800023195],[-81.33559299973996,33.99024800036769],[-81.33571800031176,33.99046499968937],[-81.33581299984799,33.99068199994651],[-81.33584299998523,33.99073600003768],[-81.33596799965869,33.99092400017005],[-81.33601500041267,33.99099499979093],[-81.33633099988185,33.991525999847795],[-81.33657500027932,33.991941999835234],[-81.33698399963492,33.992620999629246],[-81.33730699967512,33.99312800034988],[-81.33741299998033,33.9932690000567],[-81.33753900037702,33.99342100014938],[-81.3376640000505,33.99355199977106],[-81.33775600011201,33.99365599971343],[-81.33781600038647,33.993710999660195],[-81.33789599985408,33.993774999634596],[-81.33807900015219,33.99393800011986],[-81.33818899975705,33.99402799978312],[-81.33907699968674,33.99470200030532],[-81.33964199957627,33.995114000170474],[-81.33969600000295,33.995154000058164],[-81.33993200000451,33.99534900026528],[-81.34019800014329,33.99554599974886],[-81.34030000025055,33.99562599984348],[-81.34040900003049,33.99571100028043],[-81.34052500038143,33.99579299993797],[-81.34067900036723,33.99592600008608],[-81.34091600019369,33.99609099987964],[-81.34139300021967,33.99648100001359],[-81.34151399969517,33.996589999715624],[-81.3416140001526,33.9966890000481],[-81.34173499962812,33.996822000283075],[-81.3419520002614,33.99704599997294],[-81.34216200032368,33.997271000031006],[-81.34266100009097,33.99778599998979],[-81.34287199997817,33.99802400001207],[-81.34306199994896,33.99820599992971],[-81.34320000004122,33.99837400036689],[-81.34330100032356,33.99847300010991],[-81.34353599960188,33.998669000343995],[-81.34366600019654,33.99877100033252],[-81.34412899997882,33.99913299991647],[-81.34438400024695,33.999321000087484],[-81.34470100043936,33.99957999973679],[-81.34498099992354,33.99979200036867],[-81.34534599979652,34.00008299991074],[-81.34572900011115,34.0003729997679],[-81.34621299980982,34.000806000331224],[-81.34631300026726,34.000905999645326],[-81.34654400024593,34.00115400005783],[-81.34667499976717,34.00127699982561],[-81.34702100027191,34.001651999780265],[-81.3471330004249,34.00178599985314],[-81.34733000006838,34.00204699974935],[-81.34749800029789,34.002258000026465],[-81.34786099962272,34.00278499984094],[-81.34801999963139,34.00300599975096],[-81.34834500021971,34.00343499973073],[-81.34904999985132,34.004171000156354],[-81.34938999960994,34.00454899963431],[-81.34958299995378,34.004922999912715],[-81.34969699975662,34.00545600028099],[-81.35044699959404,34.00567099999688],[-81.35117499969019,34.00588200020718],[-81.35312999964975,34.006429999875046],[-81.3545330001386,34.006823999861766],[-81.35497199963145,34.00696499992131],[-81.35553800024418,34.007179000187605],[-81.35563100013059,34.007219999703814],[-81.35573700043581,34.00727499980477],[-81.35600100002645,34.00739899973912],[-81.3562560002946,34.0075409996818],[-81.35660400044912,34.00776700032802],[-81.35693699963674,34.00800800019957],[-81.35703500044434,34.00808400012536],[-81.35943100044487,34.010149000030836],[-81.3596439999819,34.01033699964707],[-81.35966300024847,34.01035299986452],[-81.35989599987697,34.01054800017822],[-81.36009400024369,34.01070400010677],[-81.36033299971997,34.010882000190655],[-81.36068300042267,34.01110700008483],[-81.36102200035637,34.01130500030272],[-81.36122099964969,34.01141599969266],[-81.36143599973485,34.01152599963587],[-81.36154899971275,34.01157799978959],[-81.36167500010944,34.01163600018122],[-81.36188199979868,34.01172100023424],[-81.36221999990748,34.011845999675835],[-81.3624540002592,34.01192500001435],[-81.3627289997205,34.0120119998591],[-81.3630369996921,34.012098000319774],[-81.36342099983165,34.012187000064166],[-81.36376499978823,34.01225200030376],[-81.36411399976768,34.0123009999016],[-81.36450499957994,34.01233699974009],[-81.36626399972091,34.012435000298666],[-81.37416899994801,34.01287499989291],[-81.37582599998174,34.01296699965522],[-81.37653200033658,34.01298700023783],[-81.37713499986094,34.012992999667105],[-81.37759199979543,34.012990000324834],[-81.37791499983561,34.01298300012171],[-81.37803299983639,34.01298100006354],[-81.37843000039474,34.01296100022415],[-81.37882500040496,34.01293100008383],[-81.37918500025506,34.01289399972251],[-81.38170699975397,34.01259599990701],[-81.38206400012935,34.01255399997387],[-81.38258600036117,34.012492000070075],[-81.38271000020973,34.01247700029073],[-81.3832509998098,34.01241400029489],[-81.38701599996399,34.011969000340635],[-81.38718599984331,34.01194900026286],[-81.38767899976281,34.01189100008504],[-81.38892499989281,34.01174399975216],[-81.38962100020188,34.01166199985605],[-81.39163200023798,34.01142400007244],[-81.3924170002355,34.011325999836195],[-81.39303099963053,34.01126099963234],[-81.39368900030478,34.01120299972914],[-81.39413000034574,34.011177999964104],[-81.39439399993638,34.011172999712365],[-81.39461499986933,34.011172999712365],[-81.3950559999103,34.01118899977228],[-81.39552299989052,34.01122500008227],[-81.39589000031164,34.011266999928175],[-81.3961339998108,34.01130200015623],[-81.39635899994171,34.01134199986728],[-81.3967609996246,34.011423000025],[-81.3970700003194,34.01149200029144],[-81.39733300008513,34.0115580003643],[-81.39759400020104,34.011629999911456],[-81.39782799965445,34.01170100009804],[-81.39793099958662,34.01173400005966],[-81.40275500027305,34.013654999864976],[-81.41013700044341,34.01659599994449],[-81.41091300022013,34.01503199994503],[-81.41107600042675,34.01473300017934],[-81.41117599998586,34.014520000346494],[-81.41126499967433,34.014303999938775],[-81.41137699982733,34.0139740000543],[-81.4114179998352,34.0138250003111],[-81.41146999971372,34.01360100019517],[-81.41150499987384,34.01341300035974],[-81.41153199963802,34.01322300005555],[-81.41155000007967,34.01303300007079],[-81.4115600001254,34.01285399999796]]]},"properties":{"GEOID":"45063021310","TRACT":"021310","NAME":"Census Tract 213.10","county_name":"Lexington","aland_sqkm":27.132,"is_greater_area":true,"pop_2020":2462,"pop_2010":null,"has_2010":false,"growth_pct":null,"growth_abs":null,"density_per_sqkm":93.9,"pct_nonwhite":16.8,"median_income":116719,"median_age":39.2,"median_home_value":392500,"median_gross_rent":955,"poverty_rate":1.6,"pct_bachelors_plus":45.7,"unemployment_rate":0.4,"pct_wfh":13.4,"total_housing_units":1244,"vacancy_rate":26.8,"owner_occ_rate":91.2,"pct_single_family":76.5,"median_year_built":1996,"pop_2021":2706,"pop_2022":2689,"pop_2023":2478,"pop_2024":2704}},{"type":"Feature","geometry":{"type":"Polygon","coordinates":[[[-81.29948700005062,34.02210599990596],[-81.29948299985266,34.0218880003387],[-81.29945600008848,34.021207000112696],[-81.29939699963894,34.019747000198734],[-81.2993730002478,34.01960599977281],[-81.29931799999623,34.01938899969464],[-81.29924299965315,34.01919400032808],[-81.29918800029989,34.01908000006704],[-81.29857499983147,34.01789200010987],[-81.29827000023295,34.0173620002974],[-81.2980559999727,34.01696000020807],[-81.29795200021563,34.01677900025576],[-81.2978590003292,34.01659599994449],[-81.29749699993096,34.01590799974096],[-81.29721700044678,34.01541000022103],[-81.29712299983714,34.015233999955214],[-81.29704099982138,34.01509900024863],[-81.29697600042238,34.0150039998025],[-81.29474399955505,34.01226400001035],[-81.29375100004334,34.01104399981711],[-81.29359100020979,34.01082500008307],[-81.29351300039197,34.01070099993898],[-81.29344700026974,34.010580999843356],[-81.29336500025397,34.01041900007814],[-81.29329800030683,34.010262000309524],[-81.29324800007811,34.01012800020628],[-81.292924000213,34.00908000027356],[-81.29288300020512,34.008981000234414],[-81.29274400028795,34.00870799984445],[-81.2926849998384,34.00867600027594],[-81.29119400038435,34.007860999846336],[-81.29102399960671,34.007765000146996],[-81.29090700032917,34.007691000118534],[-81.2906140004262,34.00748400031017],[-81.28798400007393,34.0054810002413],[-81.28780800034684,34.00532599977307],[-81.28765400036106,34.005180000111125],[-81.2869189996939,34.00433000027769],[-81.28633799991084,34.00370199985842],[-81.28610600010727,34.003754999728116],[-81.28504800029823,34.004022999729145],[-81.2843910003472,34.00420899998293],[-81.2839550003291,34.00433699970481],[-81.28301700017069,34.00462400029407],[-81.2827219997196,34.00470500015771],[-81.28201500043816,34.004888000034214],[-81.28175000012429,34.00494400027975],[-81.28161000038222,34.004979000135236],[-81.28148599963534,34.00499599999603],[-81.28128599961879,34.00503199995274],[-81.280666000376,34.00511099992848],[-81.28002699996831,34.005180000111125],[-81.27941600004803,34.00523899978028],[-81.27899300044874,34.005288999821296],[-81.27857099977604,34.005349999652694],[-81.27821199975084,34.00541999975924],[-81.27776300021226,34.00549300016],[-81.27719900014765,34.00559999998114],[-81.2763379999821,34.00575000012287],[-81.27615800005705,34.00577999982153],[-81.27495999960763,34.00595799980158],[-81.2747670001621,34.00598700006001],[-81.27149800030047,34.00647199985862],[-81.27020899961445,34.00666399983812],[-81.26956199970917,34.00676100013981],[-81.26923199999626,34.00682600006496],[-81.26902600013196,34.006877000017255],[-81.26875800034335,34.00695900006617],[-81.26837699967854,34.00709999990156],[-81.2682550003781,34.00715199978705],[-81.26820799962412,34.00717200025009],[-81.26790999969829,34.00732199984923],[-81.26755599969596,34.00750899967348],[-81.26750700019049,34.00753599996053],[-81.26741400030407,34.00758600013849],[-81.2671359995714,34.00773499966019],[-81.26711700020314,34.007744999823636],[-81.26649500041222,34.00807899969143],[-81.26648199999343,34.00808600029886],[-81.26619499993825,34.00822400024175],[-81.26475499963948,34.00887600036013],[-81.26375499955678,34.009313000308815],[-81.26354600021772,34.00939500023942],[-81.26331600006395,34.009477000090854],[-81.26308699973508,34.00955100005227],[-81.26288800044178,34.00960500006391],[-81.26274600015157,34.009634999890075],[-81.2624749999899,34.00967999998176],[-81.26212299963741,34.00972399998214],[-81.26026099956425,34.00987300022035],[-81.25991400013295,34.00988300013202],[-81.25950200040428,34.009825000032215],[-81.25956099995551,34.009884000197594],[-81.25965600039008,34.009970999899615],[-81.259841000338,34.01016999985014],[-81.26002399973778,34.01037699981272],[-81.26013400024097,34.010520000046135],[-81.26022700012737,34.01065200016245],[-81.26033900028037,34.01083299977386],[-81.26042399977086,34.01098699981833],[-81.26051400018257,34.011176999913765],[-81.26059799984816,34.01138399965536],[-81.26065700029768,34.01154699985933],[-81.26071800039705,34.01174399975216],[-81.26076899955237,34.01194300001522],[-81.26080000041281,34.012094000161774],[-81.26083499967461,34.0123130003459],[-81.26089300029925,34.01276800030298],[-81.26097399959177,34.01339399990165],[-81.26105700033078,34.01397800012372],[-81.26111699970691,34.01439899967904],[-81.26117199995849,34.01468399975122],[-81.26122499966195,34.01489999993675],[-81.26128599976133,34.01508000016794],[-81.26169199964218,34.01606500023838],[-81.26175100009172,34.016173000132135],[-81.2617979999474,34.01628099988855],[-81.26191599994816,34.01653400001409],[-81.26202200025338,34.01674300006704],[-81.26217000039138,34.0169849997598],[-81.26229500006485,34.01716899995681],[-81.26238999960108,34.0173189997657],[-81.26298499962785,34.01812499978951],[-81.26308199971223,34.018263999763526],[-81.26318499964438,34.01839499978789],[-81.2632769997059,34.01850199973165],[-81.26343400006473,34.01870600034322],[-81.2636290000584,34.01893300026864],[-81.26390299969478,34.01922499969981],[-81.26414000041956,34.01945800018797],[-81.26435700015455,34.019641000285844],[-81.2645520001482,34.01979100019396],[-81.26522699964258,34.0203319998444],[-81.26716599970864,34.0218510001585],[-81.26846999956494,34.022877999895584],[-81.26910399994976,34.023378000088506],[-81.27023200007899,34.024267000260956],[-81.2713889996222,34.02517799977037],[-81.27146999981308,34.025246000139994],[-81.2715779997681,34.02533700001289],[-81.27187599969393,34.025604999644415],[-81.27304999985391,34.026825999649155],[-81.27333899955892,34.02711099968965],[-81.27357000043591,34.02733999993502],[-81.27407300040115,34.02777600028042],[-81.27415200004387,34.027839000042626],[-81.27497200020153,34.02846600001921],[-81.27592700007838,34.029188999979404],[-81.27664199975574,34.02972900019381],[-81.276851999818,34.02990299977898],[-81.27716399998756,34.030130000280124],[-81.27741300040789,34.03032300018266],[-81.28018699980188,34.029225999938355],[-81.28046600035945,34.029099000354044],[-81.28064200008654,34.028995999730924],[-81.28080199992013,34.028885000249346],[-81.2808990000045,34.02881000017541],[-81.28104299994455,34.02866499979483],[-81.28113800037912,34.028559999698246],[-81.28145100037355,34.02819699989493],[-81.28187999982063,34.02770000011504],[-81.28201999956272,34.027565999990706],[-81.28210800032458,34.027493999814325],[-81.28234699980086,34.02732800012607],[-81.2825390003198,34.027221000141495],[-81.28268699955949,34.02715799992041],[-81.28310199966118,34.02703399980965],[-81.28328300030947,34.026999999975786],[-81.28355500029603,34.02697000033002],[-81.28727500024438,34.02676200001265],[-81.28771700011025,34.02673400001692],[-81.28786000022538,34.026716000174304],[-81.28807699996035,34.0266729999144],[-81.28828299982467,34.026600999724835],[-81.28843000013778,34.02653699991859],[-81.29009600039234,34.02569300023892],[-81.29043600015096,34.02551599982177],[-81.29058799958862,34.02542600002326],[-81.29070200028974,34.025351999753504],[-81.29077900028264,34.02529399979875],[-81.29088600041277,34.025199000339256],[-81.29096599988038,34.025119999696734],[-81.29105399974392,34.02502400015524],[-81.2911430003307,34.0249139998336],[-81.29120699990482,34.0248259999203],[-81.29132699955541,34.024615999775484],[-81.2913829996319,34.02448399978015],[-81.29151900007436,34.024081999917044],[-81.29155300040954,34.0239129998098],[-81.29158900039455,34.02381399994307],[-81.29170099964922,34.0236200002229],[-81.29184499958926,34.02339699980098],[-81.29199899957506,34.023223000276715],[-81.29222399970595,34.02304699983023],[-81.29232699963812,34.02298899978927],[-81.29241600022488,34.02293099970866],[-81.29255900034002,34.02285499967142],[-81.29269400005924,34.02280199981088],[-81.29279100014362,34.02277000034266],[-81.29295799964989,34.02272900014552],[-81.29320899972005,34.02269500007592],[-81.29706699976064,34.02252299969039],[-81.29947799982979,34.02241000009579],[-81.29948700005062,34.02210599990596]]]},"properties":{"GEOID":"45063021047","TRACT":"021047","NAME":"Census Tract 210.47","county_name":"Lexington","aland_sqkm":6.5782,"is_greater_area":true,"pop_2020":3170,"pop_2010":null,"has_2010":false,"growth_pct":null,"growth_abs":null,"density_per_sqkm":473.7,"pct_nonwhite":12.4,"median_income":149583,"median_age":42.0,"median_home_value":410900,"median_gross_rent":null,"poverty_rate":2.9,"pct_bachelors_plus":67.5,"unemployment_rate":1.7,"pct_wfh":25.9,"total_housing_units":1322,"vacancy_rate":3.4,"owner_occ_rate":98.9,"pct_single_family":95.8,"median_year_built":2001,"pop_2021":3348,"pop_2022":3485,"pop_2023":3619,"pop_2024":3771}},{"type":"Feature","geometry":{"type":"Polygon","coordinates":[[[-81.21178700043305,34.06147100031494],[-81.21229500042116,34.06044200001575],[-81.21150600022564,34.06008199963408],[-81.21075200019023,34.05972900002414],[-81.20530599971288,34.05660399998979],[-81.20488700031154,34.05638200020248],[-81.20450200034706,34.056195000151774],[-81.20417199973585,34.05604699964407],[-81.20392700041178,34.05594999985506],[-81.20369800008292,34.05587100031312],[-81.2030889998125,34.05568000028746],[-81.19992500043115,34.05484699966408],[-81.1966489999985,34.05398000034639],[-81.19633400035424,34.05389700003674],[-81.19403600026301,34.05328299989398],[-81.19349300011477,34.05313899996823],[-81.19182199983734,34.05274199972295],[-81.19159300040681,34.05270599990682],[-81.19139099984213,34.05268099971544],[-81.19111899985556,34.05265699982244],[-81.19091499964107,34.05264499987341],[-81.19068799986033,34.05263999983209],[-81.19043699979017,34.052643000005816],[-81.19023299957567,34.05265100022026],[-81.19000599979493,34.0526680002084],[-81.18977999983913,34.05269299965933],[-81.18949199995905,34.052736000126764],[-81.18922499999537,34.052783999861155],[-81.18889500028247,34.05285499985269],[-81.18863300034165,34.052920000201546],[-81.18831000030147,34.05301199971706],[-81.18688800044438,34.05345900013259],[-81.18702800018646,34.05350500035464],[-81.18880400004588,34.053669999877854],[-81.18896300005454,34.05367400030888],[-81.18912200006321,34.05366900032826],[-81.18981499999923,34.05361000008838],[-81.19090200012057,34.05523899983887],[-81.19091800001411,34.055270000181615],[-81.19109799993916,34.055614999822076],[-81.19115700038871,34.05577900017916],[-81.19119599984845,34.05593799962789],[-81.19120099987133,34.05601500006355],[-81.1911980003966,34.056091000163974],[-81.1911220002286,34.056734000098174],[-81.19109700011424,34.05695599970778],[-81.19105699993128,34.057284000125236],[-81.19097699956535,34.057962999771846],[-81.19093399990763,34.05833999981831],[-81.19092100038715,34.058395999772955],[-81.19089799992263,34.05844899972255],[-81.19066199992108,34.05888599965852],[-81.1905099995851,34.0591609998341],[-81.19048799984381,34.05921999993142],[-81.19055700033908,34.060470000047495],[-81.19057499988243,34.06061000006746],[-81.19059599979883,34.0606920002907],[-81.19135300020729,34.06272899998273],[-81.19187399971588,34.06412799991441],[-81.192241000137,34.0651699999318],[-81.19260900038304,34.06621199978661],[-81.19287899982146,34.06712799967516],[-81.19319400036404,34.06819100035024],[-81.19375300040579,34.07006999978571],[-81.19388300010213,34.07032900006436],[-81.1939159997141,34.07038699973093],[-81.19396199974484,34.07046699997567],[-81.19412300030163,34.07071799978807],[-81.19422899970854,34.07086499988437],[-81.19427399991437,34.070922999928115],[-81.19432900016596,34.070993000261595],[-81.1945500000989,34.07125099986446],[-81.1946630000768,34.07139400018553],[-81.19479799979601,34.07159299968432],[-81.19489700042854,34.07176300011243],[-81.19498500029208,34.071940000003025],[-81.19505600043719,34.07211099981097],[-81.19509099969898,34.07220999985532],[-81.1951409999277,34.072399999759185],[-81.19517500026288,34.07252699997813],[-81.19520200002705,34.07265900035549],[-81.19521299989772,34.07275300016058],[-81.19523499963901,34.07316800008771],[-81.19528200039301,34.073871000293686],[-81.19528400004282,34.0741340003223],[-81.19527200034727,34.07432599973135],[-81.19524300003494,34.074541999848456],[-81.19519500035436,34.074776000221824],[-81.1951350000799,34.0749869997245],[-81.19507499980544,34.0751580000784],[-81.195022000102,34.075289000037685],[-81.19458199988594,34.0762819998826],[-81.19413599982211,34.077288000188005],[-81.19451199956576,34.077178999962854],[-81.19462899974162,34.07716199968301],[-81.1947479995673,34.07716099966647],[-81.19621700017838,34.07731099978753],[-81.1968380001444,34.07742399989673],[-81.19826199965131,34.07785400013234],[-81.19923499996985,34.07820300010978],[-81.19996499971582,34.07851400012298],[-81.20028299973312,34.078960999955164],[-81.20043000004621,34.07929499996592],[-81.2011539999444,34.07900799972221],[-81.20130100025749,34.07895000000593],[-81.20157400006897,34.078840999687586],[-81.20167899965097,34.07879899981418],[-81.2039630003968,34.07789099969069],[-81.2045540002256,34.07766199979164],[-81.20504399977204,34.07747099977269],[-81.2058630001048,34.07715100024418],[-81.20584600038636,34.07708999994809],[-81.2058079998532,34.07671700007269],[-81.20582700011978,34.07636299979473],[-81.20612500004562,34.07574800017647],[-81.20640500042808,34.07530099975687],[-81.20670300035393,34.074573999874076],[-81.20698200001318,34.073940999679415],[-81.20729900020558,34.07336299963832],[-81.20770900028441,34.07302799998097],[-81.2087710002914,34.07271100024471],[-81.20929199979999,34.07261799971915],[-81.21009400041429,34.07217099989676],[-81.21048500022656,34.07185399993003],[-81.21063400018947,34.0712949999317],[-81.21055899984638,34.07066199979064],[-81.21046599995996,34.07036399973957],[-81.21017100040717,34.069988999809006],[-81.2099549995988,34.06970400023987],[-81.20973399966587,34.069306000085874],[-81.20966300041906,34.06902400004541],[-81.20965699967296,34.06882499972116],[-81.2096089999924,34.06872700030208],[-81.20919300006578,34.06843000026173],[-81.20866900018414,34.06833700024553],[-81.20837799993102,34.06839499978756],[-81.208201000379,34.068499999678515],[-81.20805300024101,34.068634999984994],[-81.2079129996006,34.06887500024668],[-81.20773400039877,34.068933000164556],[-81.20726300022056,34.06901800011351],[-81.20742899990192,34.06874199981046],[-81.20748599980334,34.06865399997778],[-81.20756299979622,34.068554000124585],[-81.20763499976626,34.06847300018674],[-81.20774600009435,34.06836800026227],[-81.20870699981897,34.06756599963667],[-81.20881499977402,34.06745799968318],[-81.2089110000335,34.06733999975577],[-81.20898999967619,34.067220000140345],[-81.20906400019436,34.067072999672924],[-81.20911799972272,34.06691900022078],[-81.20914899968486,34.06678199987856],[-81.20916399975347,34.06664299977754],[-81.20916299992857,34.06652299991915],[-81.20914700003503,34.06638299999354],[-81.20911500024799,34.06624399998214],[-81.20911299969984,34.065978000315006],[-81.20911000022511,34.06551699976748],[-81.20912500029372,34.06535700027284],[-81.20914799985995,34.06521900022423],[-81.20918399984495,34.06506199990104],[-81.20923999992145,34.06488800026471],[-81.20930100002082,34.06473700030784],[-81.2093849996864,34.06456800008631],[-81.2094680004254,34.06442699974049],[-81.20955100026607,34.06430500012802],[-81.20964099977945,34.06418700027475],[-81.20973899968874,34.06407400036844],[-81.20982900010041,34.06397999986401],[-81.20992399963667,34.063889999948316],[-81.2103060001264,34.063555000042314],[-81.21066900034957,34.063229999878594],[-81.21088100006168,34.06301299975996],[-81.2110590003369,34.062799999830176],[-81.21108000025329,34.06277000019537],[-81.21129799981318,34.0624629997002],[-81.21137999982895,34.06231700010234],[-81.21139999992042,34.062282000079776],[-81.21147299971537,34.062110000333035],[-81.21170500041727,34.06163700015982],[-81.21178700043305,34.06147100031494]]]},"properties":{"GEOID":"45063021116","TRACT":"021116","NAME":"Census Tract 211.16","county_name":"Lexington","aland_sqkm":3.8357,"is_greater_area":true,"pop_2020":2872,"pop_2010":3306,"has_2010":true,"growth_pct":-3.7,"growth_abs":-123,"density_per_sqkm":829.8,"pct_nonwhite":32.0,"median_income":89783,"median_age":43.5,"median_home_value":261400,"median_gross_rent":1478,"poverty_rate":9.5,"pct_bachelors_plus":53.0,"unemployment_rate":5.2,"pct_wfh":6.3,"total_housing_units":1310,"vacancy_rate":8.7,"owner_occ_rate":83.7,"pct_single_family":92.4,"median_year_built":1981,"pop_2014":3410,"pop_2015":3262,"pop_2016":3172,"pop_2017":3022,"pop_2018":3120,"pop_2019":3124,"pop_2021":2848,"pop_2022":2772,"pop_2023":2884,"pop_2024":2971}},{"type":"Feature","geometry":{"type":"Polygon","coordinates":[[[-81.39930099956517,34.089357999774215],[-81.39905799989093,34.089040000278715],[-81.39823400043363,34.08840999998277],[-81.39769100028542,34.08735200031771],[-81.39739099981146,34.08676199996592],[-81.397013000418,34.085978999972205],[-81.39649899968379,34.085541999904954],[-81.39644900035339,34.08553100006653],[-81.39626199985732,34.085488999791096],[-81.39579999989996,34.08538799980519],[-81.39507199980382,34.08536199966409],[-81.39438300006573,34.085119000219876],[-81.39334600017311,34.08411699967355],[-81.39221899986879,34.082986000054944],[-81.39186200039173,34.08262900008373],[-81.39111500002902,34.08205499964446],[-81.38981399964743,34.08144300033452],[-81.3896699997074,34.08137499964221],[-81.38856400021778,34.08022700019408],[-81.38823500032981,34.079347000245605],[-81.3883330002391,34.07828999969261],[-81.38895599985494,34.077168999798666],[-81.3893059996593,34.076513999865156],[-81.38948999978231,34.07616899973791],[-81.3897629995938,34.07543599964281],[-81.39013900023575,34.075255000204066],[-81.39033599987924,34.07516200023922],[-81.3924029999918,34.07431800007466],[-81.39279200015424,34.0740040001188],[-81.39331699986077,34.07310100025684],[-81.39370600002322,34.072092999925765],[-81.3937110000461,34.07208399998173],[-81.39372799976452,34.07205900029752],[-81.39373399961231,34.07205099968268],[-81.39380300010761,34.071948999962366],[-81.39401200034496,34.07164600030964],[-81.39408299959176,34.071545000184535],[-81.39188800033101,34.07023300034934],[-81.38887600038731,34.069265000059175],[-81.37772999988769,34.06743300012221],[-81.37745799990113,34.06738900028164],[-81.3748230004243,34.06646200015544],[-81.37205099978182,34.06575099976805],[-81.37177200012256,34.06568000016051],[-81.37002200020241,34.06537799982377],[-81.36836299962054,34.06541000033426],[-81.36116100027355,34.06703200005392],[-81.35713300035364,34.06774900013245],[-81.35289500037145,34.06823499977432],[-81.34985999996323,34.068294000251555],[-81.34768400007071,34.06787900026073],[-81.34473400005132,34.08023500003667],[-81.34440799963808,34.08140600009588],[-81.34443199992752,34.08244199992336],[-81.34478000008207,34.08304599987732],[-81.34564399972233,34.083725999853506],[-81.34768999991849,34.08489699999869],[-81.34882300007058,34.08605200024539],[-81.35000599955308,34.08740900033566],[-81.35148400038499,34.089701999867415],[-81.35261400016404,34.09217599989704],[-81.35365799972938,34.095323000189694],[-81.35467999955338,34.0976530001893],[-81.35642899964863,34.10144100023909],[-81.35748499980782,34.10394799983863],[-81.35763600031889,34.10457599964974],[-81.35767899997657,34.10475599994429],[-81.3577850002818,34.105451000029205],[-81.35776000016745,34.10576399972374],[-81.35773699970291,34.10607499965403],[-81.35742500043168,34.10682199982892],[-81.35709099962253,34.1073110003294],[-81.35670999985602,34.10852899973335],[-81.35589399989632,34.10996099994356],[-81.35489999966141,34.111815999741424],[-81.3542379996875,34.11324699975575],[-81.35375800018679,34.11493500014978],[-81.35354999977433,34.11612700023539],[-81.35374200029328,34.11739600029405],[-81.35442500018357,34.11910600030956],[-81.3551740001961,34.11984300035384],[-81.35622000030958,34.12121000019422],[-81.35747700031023,34.12216099986326],[-81.35856199988342,34.1227500000984],[-81.35993900043299,34.12338999972777],[-81.36037100025312,34.12359100013161],[-81.36179599958496,34.124240999897765],[-81.3628190001322,34.125130000351184],[-81.3647759997416,34.127636999871584],[-81.36585600019023,34.12918899971812],[-81.3671779995899,34.131533000369785],[-81.36810700042581,34.132737999818524],[-81.36927099964173,34.13469399966158],[-81.37044899999968,34.13636700003328],[-81.37145900012811,34.1377330003177],[-81.37237999966979,34.13919799984469],[-81.37291199994736,34.13969099984233],[-81.37309500024546,34.13986000028345],[-81.37351399964679,34.1401749997988],[-81.37359200036292,34.14011600035189],[-81.37385400030374,34.13989600022381],[-81.3740989996278,34.13966299998736],[-81.37425199978868,34.13950100006025],[-81.37437300016252,34.139360999634384],[-81.37448799979025,34.13921899966646],[-81.37463799957806,34.13902200010654],[-81.3747589999519,34.13888199963055],[-81.37494499972473,34.13869799971444],[-81.37512100035013,34.138549999911405],[-81.37522500010722,34.13845799964197],[-81.37537400007011,34.13833899975909],[-81.37552999970573,34.13822599994009],[-81.3756610001253,34.138139000259486],[-81.37592999973882,34.13798199984853],[-81.37620400027352,34.13784800013842],[-81.37648100028296,34.137641999947775],[-81.37677599983573,34.1374459997333],[-81.37707499958648,34.13727000006378],[-81.37739099995397,34.1371059999066],[-81.37760699986404,34.13700499981918],[-81.38142999974454,34.135312000209574],[-81.38557599966522,34.133477000194866],[-81.3857499997425,34.13336100027855],[-81.3859459995611,34.13319399967718],[-81.38609500042232,34.133013000318],[-81.38613200023224,34.13295200013031],[-81.38622500011866,34.132737999818524],[-81.38624000018726,34.132648000123204],[-81.38624799968488,34.132475999810964],[-81.38624100001218,34.13230399989229],[-81.38622299957052,34.13216699977146],[-81.38588199998698,34.13063800029967],[-81.38551399974095,34.1289100003108],[-81.38543000007537,34.12860900035207],[-81.38535800010534,34.12830500034102],[-81.38530000037902,34.12799899966126],[-81.38524500012744,34.12762399997151],[-81.3852080003175,34.12721199981435],[-81.38519800027177,34.127005999726485],[-81.38519400007381,34.12673099976176],[-81.3852429995793,34.12512200029007],[-81.38529399963292,34.12287399997736],[-81.38528399958717,34.122667999730695],[-81.38525199980012,34.1223940000112],[-81.38521300034039,34.12219100002361],[-81.38515300006593,34.12195500011047],[-81.38505299960849,34.121656999890504],[-81.38498599966134,34.121494999659674],[-81.3849260002852,34.12136600028678],[-81.38480599973629,34.12113900023793],[-81.38358399989573,34.118656999974604],[-81.38339999977272,34.118294000071224],[-81.38323300026646,34.11799600033605],[-81.38308699977827,34.11779699983577],[-81.38251799969078,34.1172149998336],[-81.38239100036749,34.11707999963651],[-81.38212100003076,34.11677500027087],[-81.38185300024216,34.116449999833875],[-81.3809540004418,34.115609000175816],[-81.38079200006008,34.11550299964049],[-81.38064300009717,34.115382999856365],[-81.3805889996705,34.115331000145005],[-81.38042299998914,34.11514999972745],[-81.38027800022418,34.11494599988548],[-81.38021799994974,34.11482600005487],[-81.38010499997183,34.11453100021228],[-81.38005999976599,34.114426000133484],[-81.37993400026761,34.11424100020875],[-81.37972500003023,34.11377000030248],[-81.37961500042537,34.113535000274894],[-81.37950999994507,34.11333599969031],[-81.37941200003579,34.113173000290416],[-81.37923999960833,34.11291800002874],[-81.37910200041439,34.112730999844025],[-81.3789059996975,34.11248800013586],[-81.37875000006187,34.11230999987601],[-81.3786310002362,34.112156000134554],[-81.37850300018967,34.11196400023799],[-81.37840799975511,34.11179899972308],[-81.37832400008953,34.11163100005812],[-81.37826499964,34.11149300029624],[-81.37817699977643,34.11123899979025],[-81.3777240000399,34.11013400031713],[-81.37764100019923,34.1099109998772],[-81.37760100001627,34.1097679998961],[-81.3775690002292,34.10962499967327],[-81.37754599976466,34.10947999993909],[-81.37753099969605,34.1093340003198],[-81.37745200005334,34.10682599998136],[-81.37766600031358,34.106855999631186],[-81.37784100021578,34.1068700001583],[-81.3780610003238,34.106872999899075],[-81.3782799997086,34.10686199985738],[-81.3784970003419,34.1068349999518],[-81.37871099970381,34.10679400024405],[-81.3788789999333,34.10675099969469],[-81.37908300014782,34.106683999660035],[-81.37924100033156,34.10662099973441],[-81.3793939995941,34.106548999762026],[-81.3795409999072,34.1064690001341],[-81.37968200037253,34.10638100008406],[-81.3797850003047,34.10630800023512],[-81.38042899983692,34.10581699978784],[-81.38072099991498,34.10559399986932],[-81.38084399993862,34.10564400025574],[-81.38092599995437,34.10567099979756],[-81.38100100029746,34.10570900026759],[-81.38106800024461,34.10575699974084],[-81.3811240003211,34.10581300033151],[-81.3811669999788,34.10587600011491],[-81.38119799994097,34.1059450001427],[-81.38121700020753,34.106046999821956],[-81.38116000030611,34.10618500028608],[-81.38112900034398,34.10630100029727],[-81.38209400026659,34.10659999999676],[-81.3835660003524,34.10600099986515],[-81.38407799964016,34.10566700033428],[-81.38441300027422,34.105451000029205],[-81.38515499971577,34.10434300024947],[-81.38564000013764,34.10346400000169],[-81.38634800014229,34.101959999752076],[-81.38704899957595,34.10055299970531],[-81.3883540001555,34.099578000331306],[-81.39080399968438,34.09822699976565],[-81.39371199987099,34.09646800016437],[-81.39519200035274,34.095296000321696],[-81.39700599984698,34.093045000075556],[-81.39930099956517,34.089357999774215]]]},"properties":{"GEOID":"45063021205","TRACT":"021205","NAME":"Census Tract 212.05","county_name":"Lexington","aland_sqkm":12.574,"is_greater_area":true,"pop_2020":3288,"pop_2010":2854,"has_2010":true,"growth_pct":16.9,"growth_abs":482,"density_per_sqkm":265.3,"pct_nonwhite":7.5,"median_income":134063,"median_age":56.2,"median_home_value":554000,"median_gross_rent":null,"poverty_rate":3.1,"pct_bachelors_plus":63.6,"unemployment_rate":1.5,"pct_wfh":25.5,"total_housing_units":1592,"vacancy_rate":11.2,"owner_occ_rate":96.0,"pct_single_family":96.9,"median_year_built":1998,"pop_2014":2990,"pop_2015":2959,"pop_2016":2966,"pop_2017":2964,"pop_2018":3122,"pop_2019":3225,"pop_2021":3046,"pop_2022":3093,"pop_2023":3231,"pop_2024":3306}},{"type":"Feature","geometry":{"type":"Polygon","coordinates":[[[-81.35966300024847,34.01035299986452],[-81.3596439999819,34.01033699964707],[-81.35943100044487,34.010149000030836],[-81.35703500044434,34.00808400012536],[-81.35693699963674,34.00800800019957],[-81.35660400044912,34.00776700032802],[-81.3562560002946,34.0075409996818],[-81.35600100002645,34.00739899973912],[-81.35573700043581,34.00727499980477],[-81.35563100013059,34.007219999703814],[-81.35553800024418,34.007179000187605],[-81.35497199963145,34.00696499992131],[-81.3545330001386,34.006823999861766],[-81.35312999964975,34.006429999875046],[-81.35117499969019,34.00588200020718],[-81.35044699959404,34.00567099999688],[-81.34969699975662,34.00545600028099],[-81.34650499988787,34.00453999996767],[-81.34518500013802,34.004172999677316],[-81.34334200033145,34.00366899975423],[-81.34278199956648,34.00350999988481],[-81.34231899978421,34.00337600029775],[-81.34140400009031,34.00312700027015],[-81.34109199992079,34.003032999980206],[-81.34007400029472,34.00274200011851],[-81.33904499989971,34.002456000025134],[-81.33868699969942,34.002348999966586],[-81.33809900024369,34.00218399966776],[-81.3376640000505,34.002052999951516],[-81.3368339998471,34.001824000002046],[-81.33649900011135,34.00172800018098],[-81.33533800037017,34.00140299991165],[-81.33413900009582,34.00274899967645],[-81.33308299993661,34.00391799968222],[-81.33279000003367,34.00421500003236],[-81.33270399981994,34.004308999758834],[-81.33260000006287,34.004422000361835],[-81.33223299964173,34.004835000126796],[-81.33208600022697,34.00495299990357],[-81.33193100041628,34.00506199990509],[-81.33176400001169,34.005165999905905],[-81.33159300030748,34.0052579998291],[-81.33136200032878,34.00536399982758],[-81.3311940000993,34.005431000313315],[-81.33102599986981,34.00549099992547],[-81.330835999899,34.00555100023988],[-81.33044400026183,34.0056619997045],[-81.33000999989358,34.005803000203926],[-81.32910199987238,34.006084999755835],[-81.32869699981642,34.00621100015611],[-81.32841300013429,34.006289999779824],[-81.32808099987327,34.00639200029757],[-81.32764099965722,34.00651499992667],[-81.32755600016672,34.00654000031987],[-81.32716600017939,34.00663499981088],[-81.32697899968332,34.00668699998109],[-81.32423700007638,34.007366000326755],[-81.32404200008271,34.00742600006114],[-81.32369999977595,34.00753100023902],[-81.32344100020818,34.00762000030229],[-81.32143900039293,34.00841700006631],[-81.32128600023206,34.00847100005443],[-81.3211480001398,34.008512999773245],[-81.32091299996316,34.00857699976578],[-81.3205999999687,34.00864099971007],[-81.32019699956258,34.00869999995345],[-81.31973899980318,34.00872599978262],[-81.31981599979608,34.00884099987676],[-81.32011700009495,34.00901299968804],[-81.32024799961621,34.00909800013287],[-81.3203599997692,34.00918700004311],[-81.3204579996785,34.0093020002576],[-81.32050399970925,34.009397999708696],[-81.32051700012805,34.00948800011939],[-81.32050299988433,34.009661000177616],[-81.32051700012805,34.009920999636684],[-81.32052700017378,34.01000800004547],[-81.32052499962565,34.01013599996275],[-81.3204290002645,34.011171999661975],[-81.32041099982281,34.01127799972483],[-81.32036099959412,34.01141300029469],[-81.32031999958625,34.01149200029144],[-81.32026500023296,34.01158300001747],[-81.32022099985203,34.011641999705965],[-81.32001199961466,34.01187900032574],[-81.31991000040571,34.01198000004635],[-81.31982300036708,34.0120550001003],[-81.31974999967383,34.01211200012681],[-81.31937399993019,34.012395000357884],[-81.31928799971648,34.01247000004525],[-81.31906099993576,34.01271600013342],[-81.31897399989712,34.0128340001286],[-81.31893799991211,34.012902999993024],[-81.3188319996069,34.0130259998712],[-81.31873100022287,34.01308700010184],[-81.31856499964321,34.01313699998968],[-81.3184519996653,34.013186999848074],[-81.31836399980176,34.01328200009363],[-81.31833500038776,34.013346000214774],[-81.31832100014404,34.013448999726684],[-81.3183189995959,34.013528000062955],[-81.31843099974891,34.014207000062946],[-81.31848199980253,34.014492000035105],[-81.31847599995474,34.01459200036028],[-81.31835899977888,34.01502699992027],[-81.3183470000833,34.01516999976808],[-81.31834799990823,34.01531300011968],[-81.31837999969528,34.01569199988631],[-81.31840900000759,34.015882999872076],[-81.31843599977176,34.01601799982111],[-81.31850199989401,34.01624400024258],[-81.31855399977255,34.016380000351205],[-81.31646999994156,34.01634999992987],[-81.31473199971695,34.017926999840505],[-81.31355699973207,34.0189920000613],[-81.31257900028898,34.019887999645924],[-81.31245899974007,34.019980999945155],[-81.31217699970777,34.02017000007123],[-81.31202500027011,34.020255999713555],[-81.3118119998348,34.02035599994992],[-81.31173700039002,34.020383999816296],[-81.31165899967391,34.02040500008232],[-81.31137300034196,34.020457999950516],[-81.30996300018043,34.02063399980933],[-81.31009299987677,34.021037000302854],[-81.31011100031843,34.02273700020366],[-81.31075400002575,34.02517199971323],[-81.31076700044456,34.02566100037169],[-81.31079699968346,34.02673599975104],[-81.31085199993505,34.02811699995916],[-81.30945699984214,34.03044299991614],[-81.30875999970813,34.031465999910395],[-81.30825099989511,34.032867999974236],[-81.30749799968461,34.035220999632074],[-81.30665300031092,34.03906699992985],[-81.3066509997628,34.040269999802334],[-81.30766300043936,34.043443000294644],[-81.30924500013003,34.04806699996515],[-81.30994800011182,34.05041499982982],[-81.31101500014168,34.05152200016484],[-81.31459500034792,34.05480299998699],[-81.31703499983107,34.05674300018415],[-81.31917899993651,34.05852700034632],[-81.32629699961794,34.053949000276106],[-81.33647300017208,34.04877399992538],[-81.3398960000195,34.04722300011137],[-81.3429869996059,34.04582299989395],[-81.34701700007395,34.042313000021565],[-81.34977200009968,34.03812200007292],[-81.35158599959394,34.03357899997725],[-81.3530180003951,34.02843799984124],[-81.35416900009054,34.02198999998737],[-81.35472700030736,34.01740400008575],[-81.35591800018578,34.01378200022164],[-81.35776699984012,34.01192900018033],[-81.35903700025958,34.01085400016872],[-81.35946999990463,34.0104889997296],[-81.35966300024847,34.01035299986452]]]},"properties":{"GEOID":"45063021021","TRACT":"021021","NAME":"Census Tract 210.21","county_name":"Lexington","aland_sqkm":7.5144,"is_greater_area":true,"pop_2020":2030,"pop_2010":1471,"has_2010":true,"growth_pct":33.0,"growth_abs":486,"density_per_sqkm":260.4,"pct_nonwhite":7.7,"median_income":141607,"median_age":44.6,"median_home_value":504100,"median_gross_rent":null,"poverty_rate":2.9,"pct_bachelors_plus":59.2,"unemployment_rate":0.6,"pct_wfh":21.2,"total_housing_units":953,"vacancy_rate":7.3,"owner_occ_rate":99.2,"pct_single_family":100.0,"median_year_built":1990,"pop_2014":1541,"pop_2015":1559,"pop_2016":1691,"pop_2017":1765,"pop_2018":1787,"pop_2019":1877,"pop_2021":2068,"pop_2022":2062,"pop_2023":2232,"pop_2024":2244}},{"type":"Feature","geometry":{"type":"Polygon","coordinates":[[[-81.27358600032943,34.05658700004677],[-81.2727689996465,34.05651499994376],[-81.2695719997549,34.056574999909785],[-81.26604199977737,34.0562710000908],[-81.26271699983924,34.056097999787866],[-81.25891999989801,34.056404000006204],[-81.25676300027207,34.056007000166524],[-81.2537580000011,34.055660000092296],[-81.25041299997147,34.055178999671384],[-81.24981999959455,34.05509399998166],[-81.24981999959455,34.05465500002591],[-81.24675699959724,34.05348799979012],[-81.2443310003578,34.052900000099534],[-81.24211799975706,34.05236000002645],[-81.23969199961928,34.05208500011458],[-81.23717400031833,34.05197800009727],[-81.2331150004363,34.05187099994491],[-81.23184099981889,34.05192499982305],[-81.2307500003979,34.05197100013317],[-81.22810999999987,34.05222999990863],[-81.22589800012236,34.05232200017294],[-81.22453999983938,34.05240499979176],[-81.22254100039719,34.0524439999164],[-81.22048000013241,34.052505000094435],[-81.21976000043219,34.05269299965933],[-81.21916799988017,34.05284799996095],[-81.21872099999142,34.05300900030075],[-81.21678199992537,34.05343200031423],[-81.21653099985522,34.05338700034977],[-81.21611599975353,34.053336000063496],[-81.21542899966525,34.05319900009106],[-81.21459000013935,34.05303899966919],[-81.21358300038395,34.052505000094435],[-81.21237800026182,34.05184100016315],[-81.21143199970747,34.05140600027383],[-81.21068400041817,34.05108599980306],[-81.2097989999632,34.050772999676646],[-81.20827300034902,34.05053599975386],[-81.20694600002817,34.050300000246445],[-81.20595400034138,34.05023100027263],[-81.20494699968768,34.05025399977398],[-81.20395500000089,34.05051399991582],[-81.20331399994338,34.050530000001565],[-81.20253599961852,34.05030099983576],[-81.201421999733,34.049706000218784],[-81.20036899994686,34.04894299963451],[-81.19953000042094,34.04854599983681],[-81.19815600024441,34.048286999971864],[-81.19669199965622,34.048286999971864],[-81.19531800037802,34.048233000009525],[-81.19437199982366,34.04810300026243],[-81.19325799993814,34.04771400018939],[-81.19231200028212,34.047089000307224],[-81.19136599972776,34.04652399992065],[-81.19078800031777,34.046270999888115],[-81.18999499992431,34.04595999987588],[-81.18890299978008,34.045595000058164],[-81.18805099983538,34.045348999998254],[-81.18727000003578,34.04521999994488],[-81.18662800015336,34.04522800011546],[-81.18587199956984,34.04532500026286],[-81.18538200002337,34.04542999970646],[-81.18491599986804,34.04560500022702],[-81.18465599957705,34.045737000112794],[-81.18407700034214,34.04603600005838],[-81.18354099986662,34.04637399963352],[-81.18281799979336,34.046829000083136],[-81.18245700011832,34.04706199994885],[-81.1822239995915,34.04721300013333],[-81.18346700024678,34.04760499987946],[-81.1837710000204,34.0477650001361],[-81.18408599966466,34.04811900005884],[-81.18420000036579,34.048304999703525],[-81.18497100011965,34.049562999769776],[-81.18589699968419,34.05152099984568],[-81.18589400020944,34.05185599968321],[-81.18579600030016,34.052019999869756],[-81.18574000022367,34.052114999809994],[-81.18546200038932,34.05233499973303],[-81.18541499963534,34.05241699977477],[-81.18545999984117,34.05251300032196],[-81.18567199955328,34.052666999902705],[-81.18588199961557,34.05282799984196],[-81.18609400022599,34.05304199982872],[-81.1862859998466,34.0536430001267],[-81.18688800044438,34.05345900013259],[-81.18831000030147,34.05301199971706],[-81.18863300034165,34.052920000201546],[-81.18889500028247,34.05285499985269],[-81.18922499999537,34.052783999861155],[-81.18949199995905,34.052736000126764],[-81.18977999983913,34.05269299965933],[-81.19000599979493,34.0526680002084],[-81.19023299957567,34.05265100022026],[-81.19043699979017,34.052643000005816],[-81.19068799986033,34.05263999983209],[-81.19091499964107,34.05264499987341],[-81.19111899985556,34.05265699982244],[-81.19139099984213,34.05268099971544],[-81.19159300040681,34.05270599990682],[-81.19182199983734,34.05274199972295],[-81.19349300011477,34.05313899996823],[-81.19403600026301,34.05328299989398],[-81.19633400035424,34.05389700003674],[-81.1966489999985,34.05398000034639],[-81.19992500043115,34.05484699966408],[-81.2030889998125,34.05568000028746],[-81.20369800008292,34.05587100031312],[-81.20392700041178,34.05594999985506],[-81.20417199973585,34.05604699964407],[-81.20450200034706,34.056195000151774],[-81.20488700031154,34.05638200020248],[-81.20530599971288,34.05660399998979],[-81.21075200019023,34.05972900002414],[-81.21150600022564,34.06008199963408],[-81.21229500042116,34.06044200001575],[-81.21178700043305,34.06147100031494],[-81.21170500041727,34.06163700015982],[-81.21147299971537,34.062110000333035],[-81.21139999992042,34.062282000079776],[-81.21137999982895,34.06231700010234],[-81.21129799981318,34.0624629997002],[-81.21108000025329,34.06277000019537],[-81.2110590003369,34.062799999830176],[-81.21088100006168,34.06301299975996],[-81.21066900034957,34.063229999878594],[-81.2103060001264,34.063555000042314],[-81.20992399963667,34.063889999948316],[-81.20982900010041,34.06397999986401],[-81.20973899968874,34.06407400036844],[-81.20964099977945,34.06418700027475],[-81.20955100026607,34.06430500012802],[-81.2094680004254,34.06442699974049],[-81.2093849996864,34.06456800008631],[-81.20930100002082,34.06473700030784],[-81.20923999992145,34.06488800026471],[-81.20918399984495,34.06506199990104],[-81.20914799985995,34.06521900022423],[-81.20912500029372,34.06535700027284],[-81.20911000022511,34.06551699976748],[-81.20911299969984,34.065978000315006],[-81.20911500024799,34.06624399998214],[-81.20914700003503,34.06638299999354],[-81.20916299992857,34.06652299991915],[-81.20916399975347,34.06664299977754],[-81.20914899968486,34.06678199987856],[-81.20911799972272,34.06691900022078],[-81.20906400019436,34.067072999672924],[-81.20898999967619,34.067220000140345],[-81.2089110000335,34.06733999975577],[-81.20881499977402,34.06745799968318],[-81.20870699981897,34.06756599963667],[-81.20774600009435,34.06836800026227],[-81.20763499976626,34.06847300018674],[-81.20756299979622,34.068554000124585],[-81.20748599980334,34.06865399997778],[-81.20742899990192,34.06874199981046],[-81.20726300022056,34.06901800011351],[-81.20773400039877,34.068933000164556],[-81.2079129996006,34.06887500024668],[-81.20805300024101,34.068634999984994],[-81.208201000379,34.068499999678515],[-81.20837799993102,34.06839499978756],[-81.20866900018414,34.06833700024553],[-81.20919300006578,34.06843000026173],[-81.2096089999924,34.06872700030208],[-81.20965699967296,34.06882499972116],[-81.20966300041906,34.06902400004541],[-81.20973399966587,34.069306000085874],[-81.2099549995988,34.06970400023987],[-81.21017100040717,34.069988999809006],[-81.21046599995996,34.07036399973957],[-81.21055899984638,34.07066199979064],[-81.21063400018947,34.0712949999317],[-81.21048500022656,34.07185399993003],[-81.21009400041429,34.07217099989676],[-81.20929199979999,34.07261799971915],[-81.2087710002914,34.07271100024471],[-81.20770900028441,34.07302799998097],[-81.20729900020558,34.07336299963832],[-81.20698200001318,34.073940999679415],[-81.20670300035393,34.074573999874076],[-81.20640500042808,34.07530099975687],[-81.20612500004562,34.07574800017647],[-81.20582700011978,34.07636299979473],[-81.2058079998532,34.07671700007269],[-81.20584600038636,34.07708999994809],[-81.2058630001048,34.07715100024418],[-81.20504399977204,34.07747099977269],[-81.2045540002256,34.07766199979164],[-81.2039630003968,34.07789099969069],[-81.20167899965097,34.07879899981418],[-81.20180599987255,34.07906300016051],[-81.20186699997193,34.0792119998969],[-81.20202900035363,34.079373999991944],[-81.20223199984491,34.07946899977489],[-81.20248899976286,34.07960399971399],[-81.20382199993149,34.0801980000143],[-81.20399500018385,34.08026300022389],[-81.20417400028401,34.08031599988856],[-81.20433400011757,34.080352999859436],[-81.20451700041566,34.08038299996469],[-81.20470999986121,34.08040200029868],[-81.20482799986198,34.08040700019006],[-81.20494699968768,34.08040700019006],[-81.20508899997789,34.080401000320336],[-81.20520699997867,34.080390999792556],[-81.20534800044398,34.080371000221454],[-81.20548700036116,34.08034600000693],[-81.20560199998889,34.080318999826474],[-81.20580299983033,34.080259000304025],[-81.20596400038711,34.0801980000143],[-81.20660000042176,34.07986599981385],[-81.20674099998875,34.07979300015996],[-81.2069279995865,34.07970599988897],[-81.20712000010543,34.079628000160106],[-81.20731799957385,34.079560000242445],[-81.20749699967399,34.07950700010472],[-81.20889500013995,34.07913199972649],[-81.20914700003503,34.079064000154645],[-81.2109329999402,34.07846500007948],[-81.2111659995687,34.0783669999074],[-81.21129799981318,34.07832199979039],[-81.21143199970747,34.0782819996663],[-81.21156899997484,34.07824900029378],[-81.21172999963332,34.07821700016842],[-81.2119179999543,34.07819000005329],[-81.2120590004196,34.078177999999326],[-81.21222599992588,34.07817099996711],[-81.21236800021609,34.078171999971715],[-81.21273700028704,34.07819600007962],[-81.21390800007396,34.07827899965623],[-81.21411999978606,34.07829999972449],[-81.21430700028213,34.07832799980738],[-81.21451499979628,34.07836899991204],[-81.21468700022373,34.078412000000505],[-81.21483600018665,34.07846000007347],[-81.21497599992873,34.07851400012298],[-81.21513300028757,34.07858300013623],[-81.21734500016508,34.079623000222746],[-81.21821800002618,34.08003300005945],[-81.21836600016418,34.08011000017759],[-81.21849099983766,34.08018300030222],[-81.21859499959473,34.080248999759405],[-81.21872900038734,34.080342000090994],[-81.21885599971064,34.08044100018768],[-81.21894799977214,34.0805199998887],[-81.21907699964356,34.08064199996029],[-81.21918499959861,34.08075700003771],[-81.21926599978946,34.080851999757364],[-81.21981300013564,34.081552000280034],[-81.21991600006781,34.08166999975574],[-81.22002900004571,34.08178000011517],[-81.2201200002823,34.081859000055104],[-81.22021499981854,34.08193400008065],[-81.22033299981932,34.0820149997955],[-81.22051000026963,34.08212099987481],[-81.22069799969229,34.08221299968169],[-81.22089400040919,34.082291999961754],[-81.22114399975614,34.08236800030284],[-81.22133499955184,34.08240899993971],[-81.22152799989568,34.08243400028925],[-81.22174700017881,34.082442999877586],[-81.22196399991378,34.08243300033491],[-81.2221120000518,34.08242400000154],[-81.22226299966452,34.08240700003048],[-81.22239099971105,34.082386000236625],[-81.22251799993265,34.0823570000521],[-81.2226619998727,34.08231700034578],[-81.22278300024652,34.082274999964206],[-81.22291999961557,34.08221900016699],[-81.22303400031667,34.08216600020526],[-81.22317900008163,34.08208499989082],[-81.22333200024252,34.08198300034913],[-81.22360900025194,34.08176399997703],[-81.22375599966674,34.08162999972492],[-81.22388200006343,34.0815290003442],[-81.22404600009496,34.081409999961615],[-81.22421900034733,34.08129899989789],[-81.22554599976986,34.080583999875024],[-81.22571999984714,34.080508000164876],[-81.22586200013735,34.080462999697424],[-81.22605200010815,34.08042099988435],[-81.22624700010182,34.080400000342],[-81.22644299992041,34.080400000342],[-81.22663799991409,34.08041999990624],[-81.22674400021928,34.08044000020982],[-81.22684899980128,34.080465999630135],[-81.22790499996049,34.08077700026163],[-81.22926400006838,34.078111999672274],[-81.22929500003052,34.078052000074344],[-81.22949500004705,34.07766499982356],[-81.22959200013145,34.0774430001505],[-81.22965800025368,34.07726999991472],[-81.22973400042166,34.077042999860716],[-81.22978899977494,34.07684799985302],[-81.22982999978281,34.07666999977834],[-81.22986999996579,34.07645499990416],[-81.22990400030096,34.076201999920826],[-81.2299200001945,34.07600300008827],[-81.22992600004228,34.07578499991072],[-81.22992400039247,34.07560399972955],[-81.22990900032384,34.07536800007993],[-81.22988900023235,34.07518699975172],[-81.22986199956986,34.07500699982287],[-81.22981899991215,34.07479200019198],[-81.22976600020871,34.07457900010951],[-81.22968400019295,34.07431499992419],[-81.22959999962904,34.074090000241426],[-81.22949599987196,34.07384999987146],[-81.22940499963538,34.073665999846575],[-81.22926700044144,34.073419000082616],[-81.22916699998399,34.07325699975898],[-81.22894400040124,34.0729280000819],[-81.22922100041067,34.07290500003636],[-81.22937799987119,34.07291499995989],[-81.22957100021505,34.072941000201965],[-81.2297929999729,34.07299199985233],[-81.23003499982222,34.07307399999904],[-81.23030500015896,34.07321299996661],[-81.2310609998442,34.07370399980356],[-81.23132899963281,34.07386900018284],[-81.23162499990882,34.07400899964383],[-81.23213100024711,34.07427999964901],[-81.23258099961059,34.074504000267325],[-81.2330180003519,34.074652999839074],[-81.23327799974459,34.07472999963983],[-81.23348399960891,34.0747859999245],[-81.23361000000561,34.074813999680885],[-81.23407500033602,34.074901999811736],[-81.23425100006311,34.0749189998011],[-81.23476499989901,34.0749869997245],[-81.23521799963554,34.07502699991652],[-81.23556400014026,34.075042999839255],[-81.23586700008897,34.07502399979116],[-81.2363120003279,34.07494700025767],[-81.23647800000926,34.074905999984644],[-81.23677099991221,34.074841000128174],[-81.23722700002179,34.07472300006673],[-81.23761299981116,34.074604999840844],[-81.23773800038295,34.07458799978846],[-81.23778900043656,34.07453799965837],[-81.2378830001479,34.07449099964309],[-81.2382970004247,34.074259000072225],[-81.23892800043646,34.073920000018596],[-81.24029500004195,34.07317699991659],[-81.24044200035505,34.07311100015724],[-81.24061100040946,34.07305799970443],[-81.2406850000293,34.07304200015087],[-81.24079200015943,34.073033999628876],[-81.24087699964993,34.073033999628876],[-81.24102599961283,34.073044000281236],[-81.24141200030053,34.0730819997732],[-81.24231899959851,34.07318499968103],[-81.24250500026965,34.07321199990346],[-81.24272200000463,34.07325100012682],[-81.24290199992969,34.0732819998337],[-81.24321199955108,34.07335499989068],[-81.24347799968987,34.07343400024849],[-81.24376200027031,34.07354099996564],[-81.24383500006525,34.073564999897556],[-81.24402199966299,34.07361100036817],[-81.24431700011408,34.07366900002003],[-81.24472399981987,34.07372300014776],[-81.24496200036955,34.07373500008878],[-81.24520800041687,34.07378099972291],[-81.24538300031904,34.07382299985238],[-81.24580799956817,34.073959999970384],[-81.2459449998355,34.074013999912594],[-81.24628899979211,34.07416799986178],[-81.2466479998173,34.07429599971284],[-81.24677099984095,34.074332000031355],[-81.24700099999471,34.07438399963774],[-81.24709300005621,34.07439800032763],[-81.24738500013427,34.07444400034584],[-81.24770499980141,34.07448099990559],[-81.24850200039283,34.074586999741484],[-81.24887599958832,34.07462600007594],[-81.24924999968215,34.074657000023684],[-81.2496680001569,34.07468199968528],[-81.25013099993917,34.07467700019998],[-81.25048300029168,34.074662000254214],[-81.25100499962518,34.07462299993639],[-81.25119100029633,34.07460099965373],[-81.25137700006917,34.07457299982694],[-81.25169599991139,34.07450999981075],[-81.25189099990506,34.07445199999057],[-81.25227400021971,34.07433099998142],[-81.25241599961163,34.07427700024128],[-81.25255500042711,34.07421600010765],[-81.25279499972831,34.07409200034705],[-81.25325500003584,34.073832999667495],[-81.2533859995571,34.07374499991428],[-81.25347500014388,34.07368600025685],[-81.25365599989384,34.073583000214086],[-81.25378899996323,34.07351499990771],[-81.25403599983544,34.07340299985314],[-81.25423400020216,34.07332500027241],[-81.25435100037801,34.07328700014539],[-81.25447100002862,34.07325499963359],[-81.25469199996155,34.07321199990346],[-81.25508799979669,34.0731859997445],[-81.25524400033059,34.07318499968103],[-81.25543099992834,34.07319100006191],[-81.25584000018226,34.07248700009374],[-81.25587600016728,34.072414000032865],[-81.25591499962704,34.072315000226915],[-81.25593700026664,34.07223899979377],[-81.2559559996349,34.07213700029981],[-81.2559690000537,34.07203299978474],[-81.25605699991725,34.070110000067196],[-81.25603799965067,34.06958300014596],[-81.25604600004658,34.069479000216134],[-81.25604600004658,34.069375000158686],[-81.25602699978002,34.06921900020517],[-81.25598800032027,34.06906600030094],[-81.25593899991645,34.06894199969919],[-81.25578400010576,34.068606000301095],[-81.25612999971217,34.06862900002556],[-81.25622199977367,34.068613999752976],[-81.25664400044639,34.0684490003005],[-81.25673599960959,34.06843299987647],[-81.2568219998233,34.06844100008889],[-81.2569549998927,34.06848600024625],[-81.2573509997278,34.06856600005367],[-81.25763100011031,34.06861100014463],[-81.2577869997459,34.06861700010535],[-81.25797500006689,34.06861100014463],[-81.25813099970249,34.068594999751255],[-81.25891499987515,34.06846299973887],[-81.25982799991921,34.06826499970678],[-81.26033099988445,34.06822000017613],[-81.26073000009262,34.068185000359364],[-81.26265900011292,34.06801299994386],[-81.26290299961208,34.06776999983467],[-81.26521099974907,34.06597300031604],[-81.26900500021557,34.062396999780624],[-81.27358600032943,34.05658700004677]]]},"properties":{"GEOID":"45063021115","TRACT":"021115","NAME":"Census Tract 211.15","county_name":"Lexington","aland_sqkm":8.7551,"is_greater_area":true,"pop_2020":2432,"pop_2010":2099,"has_2010":true,"growth_pct":28.6,"growth_abs":601,"density_per_sqkm":308.4,"pct_nonwhite":23.8,"median_income":89621,"median_age":47.2,"median_home_value":310300,"median_gross_rent":1753,"poverty_rate":7.1,"pct_bachelors_plus":51.2,"unemployment_rate":0.0,"pct_wfh":17.4,"total_housing_units":1707,"vacancy_rate":20.1,"owner_occ_rate":51.4,"pct_single_family":54.7,"median_year_built":1996,"pop_2014":2183,"pop_2015":2273,"pop_2016":2447,"pop_2017":2346,"pop_2018":2439,"pop_2019":2466,"pop_2021":2502,"pop_2022":2435,"pop_2023":2576,"pop_2024":2830}}]}