{"type":"FeatureCollection","features":[{"type":"Feature","geometry":{"type":"Polygon","coordinates":[[[-81.41146999971372,34.01360100019517],[-81.4114179998352,34.0138250003111],[-81.41137699982733,34.0139740000543],[-81.41126499967433,34.014303999938775],[-81.41117599998586,34.014520000346494],[-81.41107600042675,34.01473300017934],[-81.41091300022013,34.01503199994503],[-81.41013700044341,34.01659599994449],[-81.41353699982629,34.01794999991094],[-81.41374000021587,34.0180390002219],[-81.4139450002553,34.01812299985248],[-81.41427999999104,34.018247000325346],[-81.41457799991689,34.01834500001844],[-81.41488099986557,34.01843199998551],[-81.41518800001224,34.01851000018827],[-81.41549799963363,34.01857600001743],[-81.41585599983394,34.01863899990811],[-81.41617300002633,34.018682999733045],[-81.41649000021874,34.018715999959134],[-81.41685599991662,34.01874099973824],[-81.41719099965239,34.01875000013349],[-81.41758800021073,34.018746000288836],[-81.41799900011448,34.018725000356966],[-81.41836300016256,34.01869000021076],[-81.41872499966247,34.018641999795335],[-81.41899400017431,34.01859600002328],[-81.41926000031307,34.01854199977339],[-81.42059599995646,34.01823300004084],[-81.42270300025199,34.0177469996892],[-81.42338000029451,34.01759100004353],[-81.4238869995594,34.01747399993506],[-81.42485099965708,34.01725099974619],[-81.42511799962078,34.01719400019158],[-81.42556500040784,34.017112000347154],[-81.42597100028871,34.01705499995462],[-81.42624300027528,34.01702399979037],[-81.42647099988089,34.01700400015874],[-81.4269279998154,34.01697699990405],[-81.42743099978065,34.016969000047546],[-81.4279079998066,34.01698199981395],[-81.42816300007475,34.016996000304786],[-81.42848199991697,34.01702299980889],[-81.42875499972845,34.01705299999239],[-81.42907000027103,34.01709599991423],[-81.42926199989165,34.01713599987396],[-81.42944600001466,34.01718600035552],[-81.42957800025914,34.017210999840636],[-81.42973800009271,34.017258000342004],[-81.4301740001108,34.01738899968505],[-81.43083600008471,34.01756000007507],[-81.4312570000342,34.01767700006506],[-81.43146999957122,34.01772800020116],[-81.43171899999155,34.01778200022422],[-81.43230800017052,34.01794899994037],[-81.43265399977692,34.0180469999775],[-81.43295300042598,34.018121999883945],[-81.4333700001775,34.01822800020456],[-81.43407099961115,34.01841799973152],[-81.4344539999258,34.018526000354605],[-81.43520299993834,34.0187290002026],[-81.43589599987438,34.01890100008633],[-81.4360730003247,34.01894499977545],[-81.43654799980254,34.01907700019524],[-81.43678700017715,34.01912800023479],[-81.43689199975911,34.019150000023394],[-81.43726199965498,34.01925000007364],[-81.43773500038132,34.01935099996011],[-81.43791699995619,34.01939800002117],[-81.43818200027006,34.019465999809896],[-81.43890000032044,34.01961799992907],[-81.43916300008618,34.019678999890544],[-81.43942099982905,34.019732000212066],[-81.44023299959078,34.01988000006376],[-81.44073700027926,34.01997900005186],[-81.44169499963084,34.02013800035526],[-81.44230300007638,34.020243999647505],[-81.44252300018442,34.020273000238554],[-81.4427049997593,34.02028900007262],[-81.44349700032785,34.0204219998329],[-81.4441769998451,34.0205180001126],[-81.44424600034039,34.0205280002596],[-81.44471300032063,34.02060300020759],[-81.44554000015097,34.02074800021691],[-81.446197000102,34.02086299966307],[-81.44654799973128,34.02091100031166],[-81.44694000026675,34.020973000023446],[-81.44724599969018,34.02102800015011],[-81.44776399972405,34.0211319999539],[-81.44836499959858,34.021230999970854],[-81.4485970003005,34.02127400000992],[-81.44899300013562,34.02135099990431],[-81.44937100042739,34.02141100017969],[-81.44997999979951,34.021517000115786],[-81.45037599963464,34.02157900012941],[-81.45076999981995,34.02163299993627],[-81.45123599997528,34.02171599980686],[-81.45158599977965,34.02176599982423],[-81.45180300041294,34.021805999816955],[-81.45207200002645,34.021862000072886],[-81.45264699996171,34.02196099998292],[-81.45277599983314,34.021989000064394],[-81.45292499979605,34.0220099999333],[-81.45358599994505,34.022168000233876],[-81.45392599970369,34.022255999925086],[-81.45500299977927,34.022572999976916],[-81.4554339997745,34.02272700031696],[-81.4565800003454,34.023106999651205],[-81.4569469998682,34.02323900029925],[-81.45715399955742,34.02330600008143],[-81.45739799995489,34.02337700018189],[-81.45760299999431,34.02344700031715],[-81.45867500004704,34.02384000035545],[-81.45977600041208,34.024225000145826],[-81.46029100007289,34.02439299973712],[-81.46071899969506,34.02455000017575],[-81.46114200019267,34.02469600003374],[-81.4615589999442,34.02482799969939],[-81.46222599994097,34.02506499998821],[-81.46269899976899,34.025212000334285],[-81.46343600008596,34.0254579999791],[-81.46406700009773,34.02566599977012],[-81.4655850002143,34.02620699994236],[-81.46598100004941,34.02633900023577],[-81.46637000021184,34.02648400012397],[-81.46650499993105,34.02652599986561],[-81.46665100041925,34.02657000006902],[-81.46751900025747,34.026866000235046],[-81.46982900004427,34.027678000309166],[-81.47127000016793,34.02812399965877],[-81.47159999988082,34.02819299975105],[-81.47196899995177,34.02825799964643],[-81.47231200008343,34.02830599983495],[-81.47269299984995,34.02834700031575],[-81.47378699964398,34.0284350003002],[-81.47494800028348,34.02853700026952],[-81.47571300018954,34.02859199996128],[-81.47646499967682,34.02866599963914],[-81.47725499969722,34.02883099984543],[-81.4776399996617,34.02894799993267],[-81.47805999978627,34.029093999668916],[-81.47844399992584,34.02924800008737],[-81.47851599989585,34.029280000090885],[-81.4791800004179,34.02961499993842],[-81.47983700036893,34.02995700024514],[-81.48045599978681,34.03027100034468],[-81.48145000002174,34.030754000247086],[-81.48212799988916,34.03108900023069],[-81.48229600011865,34.03117599979007],[-81.48272600028896,34.031399999682634],[-81.48350200006568,34.0317899999456],[-81.48401599990157,34.03204200019284],[-81.48475099967042,34.03240199977942],[-81.48504199992355,34.032537000254166],[-81.4852639996814,34.03263199968746],[-81.4854889998123,34.032722000031974],[-81.48571700031624,34.03280600001926],[-81.48603399961033,34.03291499999398],[-81.48634400013003,34.033015000202795],[-81.4866570001245,34.03310900005335],[-81.48701299977665,34.03320500012585],[-81.48711900008186,34.03323099989415],[-81.48729200033422,34.03327399980844],[-81.48759600010784,34.0333379997444],[-81.48877500029069,34.03356400020206],[-81.48968699961152,34.033737000326724],[-81.4906840002195,34.03391600028233],[-81.49305400028075,34.03440099983192],[-81.49264500002684,34.035200000054736],[-81.49193399964913,34.03659999995271],[-81.48763799994063,34.04521999994488],[-81.4868689998366,34.046758999886606],[-81.4867840003461,34.04692900026369],[-81.48671599967572,34.04705399995131],[-81.48612300019711,34.0482509997527],[-81.48221599975271,34.05606499996101],[-81.4820380003758,34.056437999962306],[-81.48189699991048,34.056685000109326],[-81.47905700039425,34.06238700010404],[-81.4789639996095,34.06256999987785],[-81.47863300007172,34.063236999657114],[-81.4784129999637,34.06364500031379],[-81.47808900009859,34.06431999967503],[-81.4772520002225,34.06599700015946],[-81.47699399958132,34.06652500020344],[-81.47681899967914,34.066860000274396],[-81.47583500038829,34.06882699995109],[-81.47527799999638,34.06993300007378],[-81.47497400022276,34.07056099998066],[-81.47469100036554,34.071128999659855],[-81.47453200035687,34.071424999827855],[-81.47309200005812,34.074311999773606],[-81.47257400002427,34.07534700002878],[-81.47227400044862,34.075868999649636],[-81.47209699999829,34.07626700022106],[-81.47197200032481,34.07655200003262],[-81.4718579996237,34.07656000022235],[-81.46899299999309,34.0814089999952],[-81.46691300036005,34.08492999975671],[-81.46550300019852,34.08731499968508],[-81.46486499961576,34.08727799978033],[-81.46399500012771,34.08709399991311],[-81.4631990002595,34.08668699975276],[-81.46251100034632,34.086190999745654],[-81.46204900038896,34.08588599987955],[-81.46112399975101,34.08513299987919],[-81.46010799977478,34.084100999977025],[-81.45871000020713,34.08345500031175],[-81.4568270002176,34.08329900024816],[-81.45610900016719,34.083113000025584],[-81.45483299989995,34.08187500017528],[-81.45436199972177,34.08164200003373],[-81.45307200010916,34.081262000340374],[-81.45123599997528,34.08064299993578],[-81.44950000029881,34.079886000248244],[-81.44759999969253,34.078799999811366],[-81.44572500009889,34.07795200015395],[-81.44487200032927,34.07766799985538],[-81.44296900024825,34.07777900021385],[-81.44117400012226,34.078180000008416],[-81.43897999978809,34.07950900008242],[-81.43718399983717,34.08061999975306],[-81.43500799994466,34.08179600025022],[-81.43254400017207,34.08267899990151],[-81.43041799960996,34.08328199970875],[-81.4286669998649,34.083432000148775],[-81.42643800026894,34.0832870001741],[-81.42492500017524,34.08295400023148],[-81.42352900025743,34.08228300035736],[-81.42295799962181,34.08187500017528],[-81.421893999965,34.08112400015886],[-81.42090200027822,34.08048699990011],[-81.41999199970887,34.07990299998133],[-81.41920599988642,34.078933000081555],[-81.41850799992751,34.07791599988587],[-81.41738300017133,34.076905000245134],[-81.41576200012261,34.07523200004624],[-81.41473399955248,34.0741900002569],[-81.41412299963221,34.07384200016982],[-81.413142999641,34.07353400029429],[-81.41128999978866,34.073127999761944],[-81.40884399955942,34.073100000192305],[-81.40670899967479,34.07301599993979],[-81.40585199970724,34.072891999910766],[-81.40546699974276,34.072836999929834],[-81.40443900007097,34.07246399992845],[-81.40387699965616,34.07174500015329],[-81.40380999970901,34.071646999647214],[-81.40359299997405,34.071327999781126],[-81.4035469999433,34.07125999989699],[-81.40281999967206,34.0708389997492],[-81.40134400028661,34.07099799996428],[-81.40088800017703,34.071046999862766],[-81.39857800039023,34.07127799995918],[-81.39681800042432,34.07134300031726],[-81.39679400013488,34.07134300031726],[-81.39672499963959,34.07134599982888],[-81.39670200007336,34.071346999914105],[-81.39650100023192,34.071354999851316],[-81.39634100039834,34.07135599993644],[-81.3952600001248,34.07136499995782],[-81.39490000027469,34.0713690002977],[-81.39473000039537,34.07139400018553],[-81.39422300023217,34.07147200005599],[-81.39412399959966,34.071487999906076],[-81.39408299959176,34.071545000184535],[-81.39401200034496,34.07164600030964],[-81.39380300010761,34.071948999962366],[-81.39373399961231,34.07205099968268],[-81.39372799976452,34.07205900029752],[-81.3937110000461,34.07208399998173],[-81.39370600002322,34.072092999925765],[-81.39331699986077,34.07310100025684],[-81.39279200015424,34.0740040001188],[-81.3924029999918,34.07431800007466],[-81.39033599987924,34.07516200023922],[-81.39013900023575,34.075255000204066],[-81.3897629995938,34.07543599964281],[-81.38948999978231,34.07616899973791],[-81.3893059996593,34.076513999865156],[-81.38895599985494,34.077168999798666],[-81.3883330002391,34.07828999969261],[-81.38823500032981,34.079347000245605],[-81.38856400021778,34.08022700019408],[-81.3896699997074,34.08137499964221],[-81.38981399964743,34.08144300033452],[-81.39111500002902,34.08205499964446],[-81.39186200039173,34.08262900008373],[-81.39221899986879,34.082986000054944],[-81.39334600017311,34.08411699967355],[-81.39438300006573,34.085119000219876],[-81.39507199980382,34.08536199966409],[-81.39579999989996,34.08538799980519],[-81.39626199985732,34.085488999791096],[-81.39644900035339,34.08553100006653],[-81.39649899968379,34.085541999904954],[-81.397013000418,34.085978999972205],[-81.39739099981146,34.08676199996592],[-81.39769100028542,34.08735200031771],[-81.39823400043363,34.08840999998277],[-81.39905799989093,34.089040000278715],[-81.39930099956517,34.089357999774215],[-81.39986299997997,34.09009099988909],[-81.40001600014085,34.0906559999577],[-81.4001049998293,34.09098699966034],[-81.40033400015815,34.09148500027847],[-81.40050200038766,34.09185100018263],[-81.40090999991833,34.092181999676335],[-81.4013369997156,34.09216699985539],[-81.40174500014459,34.0922319998042],[-81.40200700008542,34.0923620002961],[-81.40208400007832,34.09277300002859],[-81.40211300039063,34.0931039996367],[-81.40229699961533,34.09335500005888],[-81.40264599959478,34.093452000170814],[-81.4031259999938,34.09359000034557],[-81.40326699956081,34.09363099975582],[-81.40367499998982,34.09422000003201],[-81.40381100043226,34.094633000034385],[-81.40391699983914,34.09495500006293],[-81.40381899992985,34.09551999965462],[-81.40340100035343,34.0960919999772],[-81.40324499981949,34.09634500004556],[-81.40282800006798,34.097026999891206],[-81.40289599984006,34.09748800003131],[-81.40325400004033,34.09789999993723],[-81.40368400021065,34.09803600001477],[-81.40375000033288,34.09805699964632],[-81.40381599955681,34.09807800001643],[-81.40402099959623,34.09814299988939],[-81.40480999979174,34.09826899967251],[-81.40559399996437,34.09839500001194],[-81.4064059997261,34.0983959997777],[-81.40722400023392,34.09839800005318],[-81.40784500019994,34.0983609997853],[-81.40828299986785,34.09833499990914],[-81.40882600001606,34.098528999765584],[-81.40899099987253,34.098819999832344],[-81.4091160004443,34.10007900022482],[-81.40922799969898,34.100350999852736],[-81.40944600015719,34.100878999960194],[-81.40965700004438,34.101168999651634],[-81.40991099958927,34.10151699975474],[-81.41038699979033,34.10190400033049],[-81.4112499996057,34.10238899988308],[-81.41212400019003,34.10287500008796],[-81.41275699985162,34.10352100032766],[-81.41302600036346,34.10379599989912],[-81.41320999958815,34.104248000111944],[-81.41317100012841,34.104514999773],[-81.41293699977668,34.10610399989542],[-81.41297600013472,34.10636199963018],[-81.4133829998405,34.10671800026152],[-81.41387800030815,34.106799000064356],[-81.41435699998394,34.106837000027745],[-81.41460600040429,34.10685700004079],[-81.41479999967473,34.10702700033263],[-81.41513000028594,34.10739000024549],[-81.41516399972281,34.10739999981531],[-81.41548000009028,34.10748800029305],[-81.4159169999333,34.10733500035879],[-81.41620800018643,34.107100999967926],[-81.416508999587,34.107069999997904],[-81.41661599971714,34.107375999804425],[-81.41663800035674,34.1075569997499],[-81.41670500030389,34.10810099988929],[-81.41672799987012,34.10828300016406],[-81.41685699974155,34.10932200021764],[-81.41694700015324,34.10952099983271],[-81.41697599956724,34.109585000207446],[-81.41700499987955,34.10964899978998],[-81.41708000022261,34.109814000035996],[-81.41755600042369,34.11000000034673],[-81.41828399962151,34.109880000193066],[-81.41868600020274,34.1097519998416],[-81.41926500033595,34.10956700010693],[-81.41938699963639,34.109504000096926],[-81.41972100044555,34.1093340003198],[-81.42008999961817,34.109414999849356],[-81.42051700031374,34.109632999712915],[-81.42089600043043,34.109697999635195],[-81.42132300022769,34.10944900009706],[-81.42177000011644,34.109514000160665],[-81.42215799955565,34.110006999978566],[-81.42208700030885,34.11054799962846],[-81.42199199987428,34.111265999777764],[-81.4215840003436,34.1121039999267],[-81.42086499956997,34.113135999789705],[-81.4202329997333,34.11403900031121],[-81.42038800044232,34.11482200028071],[-81.42091200032395,34.115493000284715],[-81.42233900020392,34.11588200000967],[-81.42337600009657,34.11632600020298],[-81.42367099964933,34.116452999978605],[-81.42375600003814,34.116489000220014],[-81.42454299968551,34.1167809997935],[-81.42553299972246,34.1168390003631],[-81.42621200031314,34.11709000029204],[-81.42694999955671,34.11736499963459],[-81.42714899974833,34.11751199980614],[-81.42718200025861,34.117535999916136],[-81.42761400007875,34.11785499970851],[-81.42789000026328,34.118058999970756],[-81.42859800026793,34.118581999765816],[-81.42883400026948,34.118755999880634],[-81.42899199955492,34.11890700019023],[-81.42941000002966,34.11930699974168],[-81.42944900038772,34.119343999773825],[-81.4295680002134,34.11945799981111],[-81.42960800039637,34.1194960000373],[-81.42980500003986,34.119684999910504],[-81.43012300005718,34.11984699989054],[-81.43103799975108,34.1203159996621],[-81.43113900003341,34.120396999830184],[-81.43167100031097,34.12082499992592],[-81.43171099959564,34.12085799980511],[-81.43220299969022,34.12125400032571],[-81.43253300030142,34.121710999898504],[-81.4326510003022,34.12195800005995],[-81.43274500001353,34.122154999978626],[-81.43366100043066,34.1251250001272],[-81.43369900006547,34.125180000344145],[-81.43400399966401,34.1257840001833],[-81.43409099970263,34.125978000304464],[-81.43413900028153,34.12608400035124],[-81.4343560000165,34.12656599979976],[-81.43457199992656,34.1270470000475],[-81.43503200023412,34.12806899964718],[-81.43519299989259,34.128357999665795],[-81.4353119997183,34.12857300006535],[-81.43549300036655,34.12889900016072],[-81.43564800017727,34.12912000006234],[-81.43577299985073,34.12930000017776],[-81.43584200034603,34.129364999856705],[-81.43587099976003,34.129392000006085],[-81.43608599984519,34.129589999846644],[-81.43643099962667,34.12976099994415],[-81.43677399975836,34.129951000059854],[-81.43687800041373,34.12995399972557],[-81.43717200014162,34.129963000209344],[-81.43701899998072,34.13017300031933],[-81.43656299987114,34.130805000002525],[-81.43641200025841,34.13101599963172],[-81.43421100025155,34.134066999753614],[-81.43359899960805,34.13491500002649],[-81.43313199962783,34.13556399964853],[-81.43308899997011,34.13562300004302],[-81.43296400029665,34.1358000002357],[-81.43292300028875,34.13585999978838],[-81.43260799974617,34.136295000104575],[-81.4316660002881,34.13760200035064],[-81.43148100034018,34.137859999910255],[-81.43135699959332,34.138042000082606],[-81.43121600002631,34.13824599996514],[-81.43117900021639,34.13830199986133],[-81.43100099994115,34.13856200032709],[-81.43090399985678,34.138703999911954],[-81.43082900041202,34.138813999740535],[-81.43079599990173,34.138860999725026],[-81.43065699998456,34.13906599988954],[-81.43019900022517,34.139736000041204],[-81.42882599987355,34.14174899983864],[-81.42836899993907,34.1424200002662],[-81.42823099984682,34.14262200001511],[-81.42816200024981,34.14271600018258],[-81.42752799986502,34.14359699983296],[-81.42731699997782,34.14389100014369],[-81.42275400030562,34.150567000344864],[-81.41991499971599,34.15463299979706],[-81.41949200011669,34.15524799995327],[-81.4182269997201,34.1570930003106],[-81.41780599977062,34.15770900020013],[-81.41656399983857,34.15951900035529],[-81.41283800004247,34.16495199983982],[-81.41159699993536,34.166762999769304],[-81.41132199957572,34.1671440000866],[-81.41049999976825,34.16829000017409],[-81.41022600013187,34.16867199996654],[-81.40952700034804,34.16965399997777],[-81.40942000021792,34.16980500002033],[-81.40931300008779,34.16995599979277],[-81.4092439995925,34.1700520000786],[-81.40917599982045,34.17014800025524],[-81.40626000013623,34.17424499982401],[-81.40382700032578,34.17765799964007],[-81.40305900004667,34.17759800005105],[-81.402976000206,34.17759100007143],[-81.40284899998439,34.177582000203],[-81.39982899964478,34.17734699999475],[-81.39951599965033,34.17732099988403],[-81.39726299976493,34.1771360001514],[-81.39314600015656,34.17679800021509],[-81.39288300039082,34.17677599975015],[-81.39263899999337,34.17675400002261],[-81.38804700000883,34.17634599998294],[-81.38744000028652,34.17629199996106],[-81.38704000025342,34.17625599992721],[-81.38694700036703,34.17624800024793],[-81.38706799984253,34.17651100008357],[-81.38721500015562,34.17675799983836],[-81.38713899998763,34.1767520001147],[-81.38579999997121,34.1770009998093],[-81.38156000033919,34.177792999674224],[-81.38014699980462,34.17805700020674],[-81.37950400009728,34.17817599986706],[-81.37757799955172,34.17853600024065],[-81.37693599966931,34.178656000271594],[-81.3768789997679,34.1786669998881],[-81.37679299955417,34.17867599964086],[-81.37636400010709,34.17872599990118],[-81.37622199981686,34.17874299983433],[-81.3762030004486,34.17874499969505],[-81.37561500009456,34.17885300028052],[-81.37476599962459,34.17900900022159],[-81.37384699973273,34.17937200015424],[-81.37327400034559,34.179598999819994],[-81.37251600011224,34.18010899996486],[-81.37234799988275,34.18021100006978],[-81.37184400009258,34.18051900020658],[-81.3716919997566,34.18061299980724],[-81.37167699968802,34.18062200009553],[-81.37094799976695,34.18115500034753],[-81.36876100000379,34.182757999752624],[-81.36803299990764,34.183292999639306],[-81.36713400010728,34.1839479997841],[-81.36580799961135,34.18491699963957],[-81.364439000356,34.18591700029613],[-81.36354100038055,34.18657399980547],[-81.36341499998385,34.186665000209466],[-81.36324799957929,34.186787999701245],[-81.3630380004153,34.18693999975578],[-81.36291299984353,34.18703199996862],[-81.36269799975838,34.18718899984974],[-81.36142499986418,34.18811699998908],[-81.3610449999226,34.18839600001017],[-81.36069099992027,34.188660000059244],[-81.36015199997001,34.18906500020026],[-81.35964200033207,34.18956600025986],[-81.3593419998581,34.189864000208246],[-81.35924800014678,34.189955000034985],[-81.35896799976429,34.19023100016649],[-81.35887499987787,34.19032399992658],[-81.35835900039216,34.190822000204946],[-81.35681399961311,34.192319000166336],[-81.35629899995227,34.19281900008008],[-81.35625100027171,34.19286500033639],[-81.35610800015657,34.19300400034455],[-81.35606100030091,34.193050999889216],[-81.35566499956747,34.19343600016891],[-81.35448000043516,34.19459499983419],[-81.35408500042493,34.19498099986144],[-81.35402400032557,34.195038000135334],[-81.35393200026407,34.19512700010797],[-81.35384400040051,34.19521000008962],[-81.35378499995097,34.19526800031478],[-81.35376800023252,34.195282999674774],[-81.35372100037688,34.19533100028356],[-81.35370499958502,34.195346999737424],[-81.35310799990845,34.19593700023289],[-81.35234899985018,34.19668900005617],[-81.35090600007669,34.196803999830166],[-81.35007000002551,34.196870999742444],[-81.34906400009501,34.19695300015046],[-81.34604799995338,34.197201000319126],[-81.34504299984779,34.197283999745295],[-81.34461000020275,34.19731899963993],[-81.34331300001914,34.197426000140645],[-81.342881000199,34.1974620000564],[-81.34267600015959,34.19747300019267],[-81.3421149995697,34.19749000006277],[-81.33981700037678,34.19755999966655],[-81.3390509997475,34.19758400006927],[-81.33903200037923,34.19758400006927],[-81.33897899977747,34.19758600022634],[-81.33896100023412,34.19758700030484],[-81.33907099983897,34.19780800027884],[-81.33925800033504,34.19798400007915],[-81.33954500039022,34.19819699992866],[-81.33973199998796,34.19846399996368],[-81.33987500010309,34.19874099980207],[-81.3398740002782,34.19901700015481],[-81.34006000005103,34.19932199980332],[-81.34033600023555,34.19953399993214],[-81.34044500001549,34.19990300025869],[-81.34061400006989,34.20034800025404],[-81.34061999991768,34.20036400024184],[-81.34085199972125,34.20066800017629],[-81.3410939995706,34.20083500033362],[-81.34131399967863,34.20115800000183],[-81.34154600038055,34.201434999904684],[-81.34177800018412,34.20152799993891],[-81.34203199972903,34.20162099987049],[-81.34235300011939,34.2017969998837],[-81.34238999992931,34.201823999908115],[-81.34267299978654,34.202029000251514],[-81.3429370002755,34.20224100025985],[-81.3431909998204,34.202490999773936],[-81.34342299962398,34.20270300010644],[-81.34363199986136,34.2029989996647],[-81.34397199961998,34.203570999972605],[-81.34438000004899,34.20398599984983],[-81.34466600027926,34.20450300035835],[-81.34494199956546,34.20475299985058],[-81.3451619996735,34.20490100024665],[-81.34532800025315,34.2050299998277],[-81.34337599976831,34.20761800018523],[-81.34264000017457,34.20859500029574],[-81.34136399990733,34.210286000035715],[-81.3410929997457,34.21064500012041],[-81.34028099998396,34.21172200011311],[-81.34002999991378,34.21205600012689],[-81.34001099964722,34.212081999930064],[-81.33728800030686,34.215782999984484],[-81.33608300018474,34.21742200033901],[-81.33226199995406,34.22261899970678],[-81.32912100013895,34.22688800019511],[-81.32879300007589,34.22733499976398],[-81.3259779997757,34.23023299975314],[-81.32573699975129,34.23048100003249],[-81.32501500040124,34.231225000202045],[-81.32477500020171,34.23147400020718],[-81.32242799970668,34.23389299966083],[-81.32237900020118,34.233942999854754],[-81.32192800011448,34.23440899972917],[-81.32170899983137,34.23463500011338],[-81.32169899978562,34.23464399983353],[-81.32158599980772,34.23476099982103],[-81.32062099988511,34.23572899972678],[-81.32054600044036,34.2358039998564],[-81.31997399997981,34.2363760002714],[-81.3180369995636,34.23831799988879],[-81.31743099966619,34.238926000330224],[-81.31739200020645,34.238966000175964],[-81.31729500012206,34.23906399979205],[-81.31700700024199,34.23935899976661],[-81.31691099998251,34.2394579999921],[-81.31665300023965,34.239294000125355],[-81.31639499959847,34.23912900035355],[-81.31618100023655,34.23899300017254],[-81.3159319998162,34.238834000315734],[-81.31418400044419,34.23771499975188],[-81.3139740003819,34.23763999983928],[-81.31316000007205,34.23735000004364],[-81.31240699986154,34.23708299993247],[-81.31189200020074,34.237050999787236],[-81.31032499968036,34.23695599963247],[-81.30799900000004,34.23743199968254],[-81.30738999972957,34.23755700005613],[-81.30670500018945,34.23765499982714],[-81.30612400040641,34.237740000203026],[-81.30554299972505,34.23782499975043],[-81.30438000033404,34.23799199979074],[-81.30412599989081,34.2380110003391],[-81.30385700027729,34.23802899979929],[-81.30358799976545,34.2380480003393],[-81.30339100012198,34.23806300025448],[-81.30319399958017,34.23807899976496],[-81.30247100040522,34.23813199997839],[-81.30023299969011,34.23803900024041],[-81.29860699961851,34.237740000203026],[-81.2982400000957,34.237675999657164],[-81.29683499995706,34.23743100007688],[-81.2966049998033,34.2373910002444],[-81.29505499989966,34.23677199965327],[-81.29266800011996,34.23575699964436],[-81.29075800036625,34.23516999979477],[-81.29017400021016,34.23498299997883],[-81.28965600017628,34.23481700029071],[-81.28913700031751,34.23465100027531],[-81.2890589996014,34.234627000031296],[-81.28867000033729,34.234503000146724],[-81.28828100017486,34.234377999694914],[-81.28811899979314,34.23432599973155],[-81.28795700030976,34.23427399973609],[-81.28744699977351,34.23411099981355],[-81.28411299961455,34.2330329996992],[-81.2813490002663,34.23169300035484],[-81.279568000384,34.23061899996751],[-81.27851100039989,34.22983299980006],[-81.27824000023824,34.22963199978416],[-81.2773220001713,34.22842000025108],[-81.27724600000332,34.228205000108154],[-81.27716999983534,34.22798899969859],[-81.2768019995893,34.22694300022852],[-81.27635999972343,34.22628700012301],[-81.2757160001912,34.225331999831674],[-81.27446000001545,34.22393199971625],[-81.27313400041781,34.2228070000177],[-81.27282300007319,34.22270999983064],[-81.27106999977998,34.222163999841186],[-81.26950900000571,34.221842000245374],[-81.2684799996107,34.22109200009632],[-81.26631499958884,34.2188929997394],[-81.26589700001242,34.21816900023096],[-81.26536399990994,34.2172449996804],[-81.26506000013633,34.216718999931196],[-81.2645730000646,34.215858999910886],[-81.2643689998501,34.21568300028966],[-81.26394799990064,34.21532099977798],[-81.26352699995114,34.214958999939576],[-81.2634170003463,34.21485900000967],[-81.26330000017043,34.21476300020299],[-81.26318499964438,34.21466700028699],[-81.26309199975796,34.214585000024506],[-81.2628199997714,34.21435100028609],[-81.26254899960976,34.2141169998979],[-81.26250400030223,34.214078999900494],[-81.26222899994262,34.21384199984277],[-81.26215600014767,34.21359999967592],[-81.26211199976674,34.21346399986649],[-81.26179399974943,34.21300900032866],[-81.26169099981728,34.21285800036355],[-81.26074299961309,34.21148300028492],[-81.26018899959422,34.210510999849696],[-81.25929300016692,34.2089390002553],[-81.25922299984671,34.20886300003089],[-81.25826499959679,34.20783400008071],[-81.25824100020567,34.207815000153346],[-81.25417599957751,34.20463899976995],[-81.2530759999357,34.20392899968159],[-81.2527599995682,34.20375699968325],[-81.25147499997846,34.20305599971884],[-81.2512730003121,34.20294599963195],[-81.25086200040836,34.202902999721076],[-81.25033900035163,34.202849000354796],[-81.24981499957168,34.20279500021095],[-81.24880699999136,34.20270900021322],[-81.2478670001831,34.2028820001367],[-81.24745499955615,34.20310400036016],[-81.2474370000128,34.20311299973443],[-81.24591999972115,34.203937999710725],[-81.24581199976613,34.2039449997327],[-81.24453700022212,34.204029999953306],[-81.24225599984932,34.204229000134596],[-81.24119499966723,34.20429900008667],[-81.24107599984154,34.20430600007865],[-81.24095700001587,34.204314000068834],[-81.2398759997423,34.20438499994818],[-81.23879500036705,34.204454999770704],[-81.23599000011261,34.20463899976995],[-81.23340699961601,34.20529899974157],[-81.23193200005547,34.205556999716855],[-81.23132600015806,34.205664000163196],[-81.23072000026066,34.20577099973076],[-81.23046499999253,34.20581399966453],[-81.2301319999066,34.205794000043596],[-81.22981499971418,34.20577499965638],[-81.22949900024501,34.205755000026244],[-81.22895899957153,34.20572399984716],[-81.22841799997146,34.20569299965668],[-81.22824200024436,34.20568299983245],[-81.22806599961895,34.20567300000708],[-81.22803600038003,34.20567100004183],[-81.22641199995826,34.205686999762285],[-81.22457699964929,34.204889000344714],[-81.22329700008243,34.204143000113916],[-81.2232469998537,34.204114000087124],[-81.22299099976067,34.203964999792326],[-81.2226269997126,34.203662999872826],[-81.22246699987903,34.20352999965363],[-81.22230799987037,34.20339699996761],[-81.22185199976079,34.203019999962855],[-81.22183500004235,34.202957999810494],[-81.22149799975847,34.20173000017107],[-81.22069699986739,34.19944899963608],[-81.21920999971296,34.19743800036196],[-81.21873500023511,34.19679599987033],[-81.21665899990174,34.19595599986543],[-81.21432700037361,34.195276999782465],[-81.21371800010317,34.19512100020463],[-81.21285399956457,34.19506700031203],[-81.21118900003323,34.19494799995895],[-81.20841100044129,34.19432499982753],[-81.20744599962038,34.19371400030285],[-81.2066239998129,34.193252000239085],[-81.20616799970331,34.19295499976377],[-81.20520000030598,34.192331999769166],[-81.20513900020661,34.19226499996555],[-81.20433199956943,34.191382999717874],[-81.20352599965548,34.190500999905744],[-81.20279099988664,34.18969800004274],[-81.20165199988678,34.18878700034579],[-81.20004699973158,34.188044000145524],[-81.19977999976788,34.187920000062896],[-81.19914200008343,34.187530999819124],[-81.19883900013471,34.18734699963853],[-81.19867500010321,34.18724699964666],[-81.19853600018602,34.18716200034063],[-81.19680999965699,34.18611000032653],[-81.1939030001936,34.184450000003636],[-81.19372599974328,34.18434799982188],[-81.19366800001697,34.18431599971032],[-81.1935490001913,34.184246000259954],[-81.19213099963385,34.18343799980899],[-81.19063500015689,34.182312999824966],[-81.18980999997638,34.18159499984067],[-81.18887199981795,34.18077700020375],[-81.18744400011308,34.17967400012209],[-81.18682599962177,34.179196999710165],[-81.1849269997387,34.17799299965805],[-81.18202799977294,34.17645399992317],[-81.17865099995626,34.174733999723934],[-81.17829299975598,34.17455199983391],[-81.17791899966217,34.1744249996699],[-81.1762940003138,34.173847999789444],[-81.1741050000025,34.17280200023953],[-81.17400999956793,34.17273600016137],[-81.17266600042697,34.17179699977589],[-81.17132300021258,34.170858000091606],[-81.1710649995714,34.170678000070154],[-81.1681499997121,34.168641000277425],[-81.16762500000556,34.168260999710654],[-81.16586500003967,34.166986000370514],[-81.16373600000281,34.16547099972767],[-81.16360499958326,34.16542800003574],[-81.162340000085,34.165015999872416],[-81.1610739998635,34.16460399992827],[-81.16053400008833,34.164428000349446],[-81.15802900030785,34.16417999971207],[-81.15766600008469,34.164168999693885],[-81.15701699963127,34.16414800012823],[-81.1568490003001,34.16407900003196],[-81.15610500031042,34.16377100009948],[-81.1557799997221,34.16363699967188],[-81.15538899990986,34.1630410000192],[-81.15528400032787,34.1628809998201],[-81.15517299999979,34.162733000016374],[-81.15513600018986,34.162682999943684],[-81.15510000020484,34.162632999841385],[-81.15479999973087,34.16223099993486],[-81.15428400024516,34.16153599979343],[-81.15346800028547,34.16066899972221],[-81.15331000010174,34.16056699978441],[-81.15247999989833,34.160031000243194],[-81.15161700008298,34.15928699976726],[-81.15142000043949,34.1591169997455],[-81.15134400027151,34.15905199990908],[-81.15121500040007,34.159015000162825],[-81.1508229998646,34.15890099995869],[-81.1501550000429,34.15837499973617],[-81.15011300021011,34.15831899976543],[-81.1499779995926,34.15814299972163],[-81.1498439996983,34.15796600024952],[-81.14957799955951,34.15761600017176],[-81.14823900044141,34.156630999674626],[-81.1475079999722,34.155665000111235],[-81.14666400042343,34.15449299991533],[-81.14650600023968,34.15341199964633],[-81.14517100042123,34.151812999915556],[-81.14463099974773,34.149744000078094],[-81.14447699976196,34.14850200013451],[-81.14447500011215,34.1484859999754],[-81.14443499992917,34.14816200019006],[-81.1443949997462,34.14783699998067],[-81.14437100035506,34.147643000222715],[-81.14434700006562,34.14744900001928],[-81.14430000020995,34.14707299971296],[-81.14361700031967,34.145933999741274],[-81.14334000031022,34.14488800004607],[-81.1429159999877,34.14428999972553],[-81.14273799971244,34.14404000022659],[-81.14257700005398,34.143827999685264],[-81.142500999886,34.14372800017109],[-81.14231299956502,34.1434379999442],[-81.14221800002878,34.14325600024195],[-81.14171800043658,34.142526999755376],[-81.14112000003678,34.14117199968501],[-81.1403400000621,34.14031500036305],[-81.13962399966152,34.13830600001178],[-81.13957299960789,34.13820599991037],[-81.13912700044239,34.13736100009075],[-81.13900799971837,34.137134999916725],[-81.13888899989269,34.13690899988189],[-81.1381859999109,34.13557000006859],[-81.13749700017281,34.13415700016865],[-81.13715200039132,34.13344899976814],[-81.13710299998752,34.13334899986789],[-81.13709600031483,34.133332999813405],[-81.13691999968941,34.13297099981558],[-81.1369170002147,34.13296100029486],[-81.13616700037723,34.130691999776616],[-81.1353909997022,34.12922599988753],[-81.13508000025588,34.128637000151336],[-81.13486799964546,34.128204000146766],[-81.13425000005249,34.126944999665525],[-81.13322099965747,34.12537499981091],[-81.13313199996902,34.12523899980696],[-81.1330740002427,34.125149999757014],[-81.13239600037527,34.12466300016429],[-81.13219800000854,34.12460800035462],[-81.13203200032719,34.12453399967545],[-81.13200100036505,34.12451999984119],[-81.13183099958744,34.12444400016904],[-81.13176299981536,34.12440099966874],[-81.1301950003684,34.12340699964722],[-81.1294210002415,34.122916000290935],[-81.12863899971869,34.12256000015898],[-81.12773599972037,34.1223120000419],[-81.12695400009586,34.12204399980533],[-81.12648799994055,34.121885000267966],[-81.12587100017248,34.12163499993244],[-81.12550399975137,34.12150499979309],[-81.12526299972693,34.12124700013733],[-81.1250769999541,34.121047000352554],[-81.1246960001876,34.12079500002455],[-81.12411500040454,34.120223000117115],[-81.12409399958985,34.12020099978596],[-81.12348900041566,34.119551000197426],[-81.12346000010334,34.11951100021972],[-81.12295499958995,34.1188109997784],[-81.12272100013654,34.1183279997247],[-81.12254000038656,34.118041999719814],[-81.1224929996326,34.117942000186794],[-81.12242900005849,34.11777099998248],[-81.1223179997304,34.117537999739056],[-81.1222750000727,34.11747499971618],[-81.12216000044496,34.11732300028237],[-81.12206800038346,34.1172190002383],[-81.12203200039845,34.11717800035746],[-81.12183800022969,34.11698499967162],[-81.12178700017607,34.11692599965541],[-81.12176600025967,34.116895000311054],[-81.1216480002589,34.11666399972887],[-81.12137100024947,34.11602300020804],[-81.12124400002786,34.115680999874265],[-81.12117000040801,34.11543799971661],[-81.12097100021639,34.11485200006979],[-81.12093100003341,34.11471199972335],[-81.12087800032998,34.11450199988481],[-81.1208049996367,34.114259000058425],[-81.12074899956022,34.114048999838886],[-81.12066599971953,34.11364599971737],[-81.1206480001762,34.11355500019187],[-81.12059499957444,34.113382000121206],[-81.12047800029688,34.11289000023022],[-81.1204170001975,34.11268099992744],[-81.12032199976295,34.11239999965308],[-81.12029400017387,34.11231700006046],[-81.12027800028034,34.11226899984667],[-81.12092400036072,34.112096000120694],[-81.12111500015644,34.11208500001442],[-81.1212330001572,34.11209800007226],[-81.12134699996002,34.1120860003622],[-81.12145200044033,34.11205199968689],[-81.12152600006017,34.11200799997392],[-81.12161499974863,34.111936000123734],[-81.12169400028965,34.11186899973294],[-81.12178399980303,34.111771999905685],[-81.1219160000475,34.111579999881336],[-81.12196700010112,34.11148099975658],[-81.12204099972097,34.11138899977715],[-81.12208000007904,34.11132100008383],[-81.12219899990473,34.11122199965594],[-81.12223800026277,34.11120500026198],[-81.12232399957819,34.11119900034383],[-81.12236499958607,34.111184000174646],[-81.12251199989917,34.11115300021323],[-81.1227189995884,34.11116799964414],[-81.12282599971853,34.111213000152205],[-81.12301900006237,34.11133200028945],[-81.12317200022324,34.11141599971685],[-81.12332000036126,34.11153199999305],[-81.1234090000497,34.111627999742346],[-81.12375100035646,34.11183899962955],[-81.12388500025077,34.11192899990775],[-81.12402499999287,34.11200000015883],[-81.12419400004725,34.11205499998763],[-81.12422500000939,34.11215099988708],[-81.12432999959138,34.112167000231594],[-81.12449500034614,34.11217599963383],[-81.12458499985951,34.11216000003478],[-81.12470500040841,34.11213199998535],[-81.12483099990679,34.112090999869736],[-81.12505000018992,34.11198500013169],[-81.12517700041154,34.11190999995616],[-81.12524199981053,34.11183099979853],[-81.12530399973483,34.11173000000732],[-81.12534399991779,34.11163800029877],[-81.12551600034524,34.11163300002067],[-81.125991999648,34.11158900008975],[-81.12606000031838,34.11157700030747],[-81.1262100001062,34.11155100002955],[-81.12641500014561,34.111501999770184],[-81.12669899982774,34.111451999870845],[-81.12691700028593,34.11144099968081],[-81.12728100033402,34.11141399974917],[-81.12757800043492,34.111398000005934],[-81.12810700033944,34.11142499994269],[-81.1283850001738,34.111507999666856],[-81.12850399999948,34.111579999881336],[-81.12862200000023,34.11169000004931],[-81.12876400029047,34.11183600006491],[-81.12881399962087,34.111887999693735],[-81.12899199989612,34.112101999975295],[-81.12915099990477,34.11225599981506],[-81.12931599976122,34.11238799998585],[-81.12946399989922,34.112469999909344],[-81.12947499976987,34.112475999737356],[-81.1296530000451,34.11254200004869],[-81.12986300010738,34.112599999806484],[-81.12991499998591,34.11261499972457],[-81.12995000014602,34.112625000164286],[-81.1299700002375,34.112632999920216],[-81.130018999743,34.11265199970941],[-81.13022899980528,34.11273499971713],[-81.13034199978318,34.112778999795644],[-81.13067700041725,34.11291099989403],[-81.13090900022083,34.11301600036605],[-81.13102700022161,34.11309799968073],[-81.13119899975075,34.11320800010591],[-81.13139799994238,34.11335699998714],[-81.13162899992106,34.113593000095534],[-81.13174100007406,34.11376399982257],[-81.13182700028779,34.11394500023125],[-81.13185999989975,34.11408299971145],[-81.13187800034142,34.11420200027347],[-81.1318990002578,34.114334999959794],[-81.13192600002199,34.114440000151575],[-81.13199200014422,34.11455000031888],[-81.13205800026647,34.11463800005224],[-81.13217700009214,34.114753000055984],[-81.13228500004719,34.114841000321874],[-81.1323439995984,34.114888999819826],[-81.13243400001011,34.11496300001508],[-81.13248199969068,34.1149979998336],[-81.13252600007162,34.115028999873275],[-81.13258799999589,34.11507500012709],[-81.1326170003082,34.11509599999215],[-81.13262800017885,34.11510400025811],[-81.13269199975296,34.11514999972745],[-81.13271400039258,34.11516400036932],[-81.13275299985233,34.11518899996928],[-81.13279600040835,34.11521699975048],[-81.13282300017252,34.11523399982555],[-81.13283800024114,34.115243999955624],[-81.13295600024192,34.11531999971565],[-81.13296600028767,34.11532499977578],[-81.13301099959519,34.11534899976266],[-81.1330819997403,34.11538600003901],[-81.13346500005494,34.11548000000494],[-81.13379599959273,34.11555100025016],[-81.13403999999021,34.11561699964952],[-81.13434399976381,34.11568400004632],[-81.1349189996991,34.11585399970495],[-81.13514999967776,34.115925999938554],[-81.1353349996257,34.115986000210356],[-81.13557999984808,34.11605200001399],[-81.13567899958228,34.11609099983995],[-81.1357780002148,34.11617900020108],[-81.135876999949,34.11631100019929],[-81.13596300016273,34.116371000198015],[-81.13610799992769,34.11645900026781],[-81.13624099999707,34.11652499970232],[-81.1364390003638,34.116645999647346],[-81.13655800018948,34.11673400017478],[-81.13676900007667,34.11692199998057],[-81.13684299969653,34.11699200021288],[-81.13700699972804,34.11714700036176],[-81.13713300012475,34.11727900033652],[-81.13739699971539,34.11764200013449],[-81.13752700031004,34.117804000309754],[-81.13758199966331,34.11787300027643],[-81.13771599955761,34.11806699995643],[-81.13773700037233,34.11809700008189],[-81.13778500005292,34.118168999893356],[-81.13780099994644,34.11819400009248],[-81.13783699993144,34.11824800008081],[-81.13785200000005,34.11827000017635],[-81.13786899971849,34.118295999876224],[-81.13797800039676,34.1184610003596],[-81.13805700003948,34.11868099975965],[-81.13811700031393,34.118813999839375],[-81.13818900028396,34.118972999945356],[-81.13829499969084,34.119241999766714],[-81.13838699975234,34.11940699989171],[-81.13848600038487,34.11950099985048],[-81.13862500030204,34.119583000314705],[-81.13878400031071,34.11961599993489],[-81.13898900035011,34.119588999638125],[-81.13921299975779,34.119534000246425],[-81.13937199976644,34.11948999996358],[-81.13939000020811,34.11948999996358],[-81.13957000013316,34.11948999996358],[-81.13974900023331,34.11950699992342],[-81.13991400008973,34.11955600000741],[-81.13995599992253,34.11957700024715],[-81.1400660004257,34.11963299986946],[-81.14014400024351,34.119683000138295],[-81.14015400028926,34.11968900019831],[-81.14018600007633,34.119694000000145],[-81.14027300011495,34.11970400034655],[-81.1404039996362,34.11970400034655],[-81.14052199963697,34.11970999966139],[-81.14059100013228,34.11973000034924],[-81.14070099973712,34.11980800030929],[-81.14075000014093,34.1198699998258],[-81.14080899969215,34.119938000082925],[-81.14085800009596,34.11997499983891],[-81.14092900024107,34.12000600028529],[-81.14104999971659,34.120029999687475],[-81.1411209998617,34.12004100024783],[-81.14118399961087,34.120033999959034],[-81.14123399983959,34.119980999878216],[-81.14129699958879,34.119929000019184],[-81.14136600008406,34.11987299984921],[-81.14141600031279,34.119833000023874],[-81.14146999984115,34.119801000001196],[-81.14151900024494,34.11975900037139],[-81.14162399982692,34.11964999980055],[-81.14178200001068,34.11964800002757],[-81.14185800017867,34.11955700026682],[-81.14195500026304,34.11939599999253],[-81.14203599955557,34.11917800000566],[-81.14208900015734,34.11895799966752],[-81.14208900015734,34.118760000212454],[-81.14208900015734,34.11867700016781],[-81.1420720004389,34.11857899969655],[-81.14204300012659,34.118409000309605],[-81.14203499973068,34.11836200010822],[-81.14202399986002,34.11829200026618],[-81.14196399958556,34.118055999883],[-81.14194400039239,34.117923999633575],[-81.14195100006509,34.11780900022303],[-81.14199700009584,34.1177039997516],[-81.14208300030957,34.11758299983286],[-81.14228800034897,34.117424000088256],[-81.14238799990808,34.1173079997118],[-81.14244700035763,34.11718800025768],[-81.14247400012181,34.117038999688276],[-81.1424940002133,34.11685799995115],[-81.1424940002133,34.11675900005433],[-81.14270599992541,34.11638499989409],[-81.14277200004764,34.11630800004953],[-81.14283800016989,34.116219999822555],[-81.14295699999556,34.116105000326094],[-81.14301600044512,34.11599999997022],[-81.14307599982125,34.11586800023029],[-81.1431489996162,34.11567599983523],[-81.14316600023294,34.11561999982379],[-81.14317600027869,34.11558500026266],[-81.14318200012647,34.1155659996449],[-81.14317899975342,34.11548800023457],[-81.14324999989852,34.11528800021648],[-81.14327300036307,34.11519900010468],[-81.14331400037095,34.115044000104284],[-81.14349900031888,34.11490299976121],[-81.1435799996114,34.11466299980766],[-81.14371900042691,34.11457300020733],[-81.14398200019264,34.11455999978609],[-81.14407500007906,34.11451099978235],[-81.14411100006406,34.11448099987232],[-81.14417399981326,34.11442800002995],[-81.14420700032352,34.1143400000781],[-81.14420700032352,34.114257999736296],[-81.14420099957744,34.11417499973564],[-81.14416799996546,34.11405999968975],[-81.14416799996546,34.11400499967722],[-81.14420099957744,34.11392799989704],[-81.14437899985266,34.113917000028955],[-81.14458700026513,34.11391599970284],[-81.14466300043311,34.113917000028955],[-81.14496700020672,34.113890000143876],[-81.1451060001239,34.11390100001548],[-81.14530500031552,34.113949999628915],[-81.14549600011124,34.11402199999594],[-81.14565500011989,34.11405999968975],[-81.14579999988484,34.11407100028298],[-81.14595300004572,34.11406100001422],[-81.1459720003123,34.11405999968975],[-81.14616399993292,34.11403299985032],[-81.14635599955355,34.11401699985879],[-81.14643099989661,34.11402099967101],[-81.14644799961503,34.11402199999594],[-81.14658700043054,34.11406600014872],[-81.14681800040923,34.114153999641964],[-81.14712200018283,34.11428599982565],[-81.14743900037524,34.11445099995157],[-81.14790899983021,34.114676999786475],[-81.14821900034993,34.114791999737186],[-81.14847700009278,34.11489700010535],[-81.14895900014162,34.115011999756945],[-81.14917800042474,34.115051000062465],[-81.14944200001538,34.11506800017089],[-81.14960100002403,34.11506800017089],[-81.14973300026853,34.11506199978306],[-81.15008999974559,34.115028999873275],[-81.15028100043959,34.115006999678315],[-81.15067800009963,34.115006999678315],[-81.15085700019978,34.11500200034318],[-81.15118000023998,34.114947000199464],[-81.15138500027939,34.11490299976121],[-81.15157000022731,34.11483699980468],[-81.1517030002967,34.1147709997967],[-81.1519140001839,34.11457300020733],[-81.15208599971304,34.11429299984656],[-81.15215199983528,34.11421100020294],[-81.152238000049,34.11406200033862],[-81.15231099984395,34.113863999833235],[-81.15246999985258,34.113523000024934],[-81.1525760001578,34.113375000024895],[-81.15270099983127,34.11323199994975],[-81.15286700041094,34.11306200022722],[-81.1529789996656,34.1129630003495],[-81.15309800038963,34.112923999824964],[-81.15323700030679,34.112908000367355],[-81.15342200025472,34.112908000367355],[-81.15360700020264,34.112923999824964],[-81.15377200005908,34.11296799980522],[-81.15389799955747,34.11302299974832],[-81.15404300022074,34.11311700010924],[-81.15417600029014,34.11318800010688],[-81.15432699990286,34.113259999635055],[-81.15449299958422,34.1133260000784],[-81.15465099976795,34.113347999966805],[-81.1548559998074,34.11335399973259],[-81.15496200011258,34.11337600035746],[-81.15531899958965,34.11349099984584],[-81.15554999956834,34.1135240003557],[-81.15562599973632,34.11353300035731],[-81.15640900008405,34.11362900006681],[-81.15687900043733,34.11366199977909],[-81.15726199985366,34.113672999680325],[-81.15757900004606,34.11365700036439],[-81.15779099975818,34.11361800015984],[-81.15793600042144,34.113580000267405],[-81.15815499980624,34.113470000326025],[-81.15831999966268,34.11337600035746],[-81.15845899957985,34.11325000001416],[-81.15859800039533,34.11311300025426],[-81.15872300006882,34.11299699991492],[-81.15883600004672,34.112925999756946],[-81.15888999957508,34.112896000028435],[-81.15913300014763,34.11276099963106],[-81.15941699982976,34.11262300022519],[-81.15944399959395,34.11260899990642],[-81.15979400029661,34.11243099990119],[-81.15992599964278,34.1123489999399],[-81.1601449999259,34.11226100005633],[-81.16033599972162,34.11218899967774],[-81.16048800005758,34.112122999834725],[-81.1605740002713,34.11206800005014],[-81.16069999976969,34.11196899975275],[-81.16094400016716,34.11187599995389],[-81.16101699996209,34.11179899972308],[-81.16106999966554,34.11172800004706],[-81.16109700032803,34.11163399963008],[-81.16110300017581,34.11155699992279],[-81.16112999993999,34.111501999770184],[-81.16116299955196,34.11144700032558],[-81.16136799959138,34.11136500015415],[-81.16145399980509,34.11130799990652],[-81.16133199960636,34.1111550001871],[-81.16129599962134,34.111101999748264],[-81.16125799998652,34.11104599968347],[-81.16119600006223,34.11093400018651],[-81.16113300031304,34.11077699982524],[-81.16109700032803,34.110645000115525],[-81.1610730000386,34.1105110002108],[-81.16106299999284,34.11038100007822],[-81.16106299999284,34.11036999974887],[-81.16106600036589,34.11026200009065],[-81.16108999975701,34.1101129999639],[-81.16113599978779,34.10996899995148],[-81.1611790003438,34.10987000017259],[-81.16130700039032,34.10963099970308],[-81.16134400020023,34.10957100012958],[-81.1617350000125,34.10895699964342],[-81.16181600020333,34.10881499992371],[-81.16186600043207,34.108698999640566],[-81.16190900008976,34.10855399980674],[-81.16194300042496,34.108357999836414],[-81.16195199974747,34.108226000071056],[-81.16194900027274,34.10814100005683],[-81.1619259998082,34.10796800007028],[-81.16191499993755,34.1079270001678],[-81.16188300015051,34.10780900010174],[-81.16181200000538,34.107621000122855],[-81.16169200035479,34.10737199967793],[-81.1616089996158,34.10720800028103],[-81.16136199974359,34.106718999928944],[-81.16127999972784,34.1065559996794],[-81.16109300013007,34.106185999959806],[-81.16091499985484,34.10583200016485],[-81.16060299968531,34.10518200023154],[-81.16055699965455,34.105066000173736],[-81.1605530003549,34.10505600032807],[-81.16051300017193,34.10492699968346],[-81.16048399985962,34.10479600020568],[-81.16046399976814,34.10466400008956],[-81.16045000042276,34.104536000028176],[-81.16044399967664,34.10442299965619],[-81.16040799969163,34.10369899974115],[-81.16039699982099,34.103458000278366],[-81.16038500012542,34.10325000018397],[-81.16035199961513,34.10262700026792],[-81.16034099974448,34.10242000008055],[-81.16032300020115,34.10209300008946],[-81.16028300001817,34.1013440003569],[-81.16027399979733,34.10111199997287],[-81.16026200010177,34.10078500013421],[-81.16025999955365,34.100702000303926],[-81.1602579999038,34.100468000164895],[-81.16025500042907,34.100123999936486],[-81.1602579999038,34.09951900007584],[-81.16025899972873,34.099273000345235],[-81.16025999955365,34.09920300032748],[-81.16026200010177,34.09896700024482],[-81.16026299992669,34.0988870001431],[-81.16026999959938,34.09829699984681],[-81.16029499971373,34.097761000321384],[-81.16034499994247,34.097290999939865],[-81.16040100001895,34.09688500023455],[-81.16047700018693,34.09649799976704],[-81.1607569996711,34.09663300007921],[-81.1610310002058,34.096754000209096],[-81.16136699976646,34.09688100035604],[-81.16153300034613,34.09694300031172],[-81.16179799976169,34.097026999891206],[-81.16215500013706,34.09713999972546],[-81.16244399984207,34.09721999999083],[-81.16282999963143,34.09729600032164],[-81.16304999973946,34.097340000247115],[-81.16310699964087,34.09735199981706],[-81.16337399960456,34.09740700024177],[-81.16352599994052,34.09743400018024],[-81.16391400027804,34.09750499994975],[-81.1650309996383,34.0977109997401],[-81.16526599981493,34.097753999676435],[-81.16570100000813,34.09783400010532],[-81.16575399971157,34.0978430002883],[-81.16591400044346,34.09787300014748],[-81.16596799997181,34.09788300009819],[-81.16600700032987,34.09788999998858],[-81.16612699998048,34.09791200017167],[-81.16616700016345,34.097919999831106],[-81.16619399992763,34.09792500017578],[-81.16627500011847,34.09793999972018],[-81.16630199988266,34.097945000063675],[-81.16655499960265,34.09799099993679],[-81.16685199970357,34.09804599994624],[-81.16731500038416,34.098129999918775],[-81.16756899992906,34.09817700020355],[-81.16761699960962,34.09818600035006],[-81.16769100012779,34.098199000312086],[-81.16805900037383,34.09826700013794],[-81.16818200039747,34.09828999999007],[-81.16868299981456,34.09838200008003],[-81.16991700024901,34.09860900020576],[-81.17018900023558,34.09865300019245],[-81.17044000030573,34.0986949998879],[-81.1705990003144,34.098713999831844],[-81.17069399985066,34.0987310002479],[-81.1707740002166,34.098744000126146],[-81.17078699973706,34.098747000155015],[-81.17101799971576,34.098768000353964],[-81.1710999997315,34.09877599993243],[-81.17113200041686,34.09877800019887],[-81.17122799977803,34.098787000281526],[-81.17126100028831,34.09879000030881],[-81.17148499969598,34.09880999999235],[-81.17216000008867,34.09887299978278],[-81.17236699977792,34.09889300019053],[-81.17238500021956,34.09889499971032],[-81.1724360002732,34.09890099975723],[-81.17260000030474,34.098918000135676],[-81.17271300028264,34.098928999722425],[-81.17309999989692,34.098958000181355],[-81.17471300044804,34.09910300009547],[-81.17468800033367,34.09908100022193],[-81.17461499964044,34.09901499982326],[-81.17459100024932,34.09899299992686],[-81.17453900037076,34.09894399983277],[-81.17408699956083,34.098521000163764],[-81.1738589999552,34.09830699974742],[-81.17256299959648,34.09712100017204],[-81.17205399978346,34.096655999631515],[-81.17193699960758,34.09654900010863],[-81.17130099957298,34.09597299997754],[-81.17035800028998,34.09511999995173],[-81.16902400029643,34.09394899985953],[-81.1682610000402,34.09327999973507],[-81.16824699979648,34.093261000059044],[-81.16820099976573,34.09322100029659],[-81.16818700042035,34.093206999742925],[-81.16817200035173,34.093192000103606],[-81.16812799997079,34.093148000253564],[-81.16811399972711,34.093133999687765],[-81.16810100020662,34.09312099969177],[-81.16806199984855,34.09308300026412],[-81.16804900032808,34.09307100008895],[-81.16782699967192,34.09285200012684],[-81.16758999984545,34.09261799985704],[-81.16735700021695,34.092386999938626],[-81.16715399982735,34.092206000277045],[-81.16692299984868,34.09199899989371],[-81.1668740003432,34.09195500016743],[-81.16680900004587,34.091896999648014],[-81.16673000040313,34.09182599963786],[-81.16668299964917,34.0917829996656],[-81.16656399982347,34.09167699977914],[-81.16620899999624,34.091359999916214],[-81.1661350003764,34.09129300034238],[-81.16609299964529,34.09125299964991],[-81.16602800024627,34.09119099998996],[-81.16583200042768,34.09100800029678],[-81.16573299979517,34.09091999979129],[-81.16595200007829,34.0909239999515],[-81.16621099964607,34.09092899996552],[-81.1663470000885,34.090933999979256],[-81.16639599959399,34.090934999833195],[-81.16648400035585,34.090938999992694],[-81.16695100033608,34.09096999992067],[-81.16713600028402,34.090983000247],[-81.16721900012469,34.09098900011085],[-81.16732200005686,34.090995999827456],[-81.167789999862,34.09103199974249],[-81.16788000027368,34.09103699975014],[-81.16806699987143,34.091048000361056],[-81.168114999552,34.091050999918764],[-81.16826000021527,34.091060000079125],[-81.16830899972076,34.09106299963639],[-81.16836899999522,34.09106599993746],[-81.168486999996,34.09107299964769],[-81.16855200029332,34.09107400024394],[-81.1686130003927,34.09107599994846],[-81.16946299978926,34.09106500008513],[-81.16997400015042,34.0910069996998],[-81.17035599974183,34.09095099972616],[-81.17075099975204,34.090877000102765],[-81.17104700002807,34.09080799969191],[-81.17111899999807,34.09077800030437],[-81.17118699977014,34.0907540000427],[-81.17123699999887,34.09073700025623],[-81.17132700041054,34.090713999839494],[-81.17142799979457,34.09068299981784],[-81.171520999681,34.09065500010047],[-81.17155400019126,34.090644000182365],[-81.17198199981344,34.09048799997308],[-81.17288900000973,34.09014499996121],[-81.17284999965166,34.08755100026568],[-81.17280199997109,34.08752200036222],[-81.1727180003055,34.08747099978954],[-81.17269700038909,34.087457999667805],[-81.17239799974006,34.08734000007412],[-81.17224200010443,34.08727799978033],[-81.17214500002005,34.08723999996178],[-81.17195500004925,34.08716500017204],[-81.17190399999564,34.08714499996892],[-81.17175300038289,34.08708199963295],[-81.17126200011322,34.08687899971936],[-81.1705499999106,34.086585999707914],[-81.1702539996346,34.08644299974038],[-81.16983900043122,34.08626700030719],[-81.16955599967568,34.086145000155724],[-81.16867799979171,34.08576499983803],[-81.16843000009459,34.08565799994011],[-81.16726699980525,34.08512599967786],[-81.16554000034965,34.08433599991226],[-81.16425400003666,34.08371199996156],[-81.16400399979142,34.08359099978941],[-81.16302600034834,34.08311499991818],[-81.1626990001102,34.08295800002405],[-81.16250199956836,34.082857999944466],[-81.1612989999944,34.08224900035523],[-81.16111200039666,34.08215300001306],[-81.16080199987694,34.081993999904434],[-81.16078900035647,34.08198700018755],[-81.15987899978714,34.08152399977503],[-81.15962600006714,34.08138799995385],[-81.15891899988739,34.08100799986472],[-81.15710899969278,34.080035000024736],[-81.15467900025537,34.078659000085736],[-81.15438299997936,34.07849100010612],[-81.15392199984692,34.07821700016842],[-81.15289400017511,34.07760399989767],[-81.152935000183,34.07755700009552],[-81.15339700014036,34.07699599974731],[-81.15353000020976,34.07683400031211],[-81.15384900005199,34.076446999704515],[-81.15410299959689,34.07613999965671],[-81.15443400003299,34.07573799984334],[-81.15497800000612,34.07507799979918],[-81.15531600011491,34.07471300035663],[-81.1554569996819,34.07456899963831],[-81.15554600026869,34.0744840000502],[-81.1556869998357,34.074359999937855],[-81.15580400001156,34.07425800002142],[-81.15590500029388,34.074178999688044],[-81.15599300015744,34.074108999754934],[-81.15619700037195,34.07397099982359],[-81.15630600015189,34.07389800029745],[-81.15663800041288,34.073700000318],[-81.15687699988918,34.07357200031049],[-81.15739599974796,34.07331499965321],[-81.15748500033474,34.07327099989104],[-81.1578150000476,34.073107999964016],[-81.15825899956332,34.07289099984382],[-81.1588350002218,34.072609999901175],[-81.16041699991247,34.07183599999021],[-81.16138199983507,34.07136499995782],[-81.16157000015605,34.07125400012345],[-81.1618050003327,34.07110399969381],[-81.16196299961813,34.07099699987492],[-81.1621579996118,34.070855999809865],[-81.16235199978055,34.070706000163796],[-81.1625450001244,34.07054600005019],[-81.16304300006678,34.07011200026679],[-81.16488400022352,34.06853199975409],[-81.16499800002634,34.06843999996935],[-81.16512500024794,34.06834800008476],[-81.16519399984492,34.06828999976642],[-81.16543999989221,34.068141000165156],[-81.16562400001523,34.068042999954926],[-81.16587099988745,34.06793200023291],[-81.16606800042925,34.06785500020628],[-81.1662890003622,34.06777900023698],[-81.1676769998841,34.06734699993894],[-81.16779900008284,34.06730900010705],[-81.16781499997634,34.06730300005371],[-81.16791100023582,34.06726899999147],[-81.16800400012224,34.06723800031673],[-81.16818900007017,34.067155999730296],[-81.16829700002519,34.067104000152135],[-81.16837700039115,34.06706600021127],[-81.16861000001964,34.06694399993341],[-81.16874300008904,34.066871000305326],[-81.1689720004179,34.06673399988549],[-81.1690140002507,34.06670699983097],[-81.1693730002759,34.066477000064786],[-81.16939500001719,34.06646200015544],[-81.16958199961495,34.066334999774455],[-81.1687330000433,34.06557200003561],[-81.16753100029423,34.06449200014547],[-81.16649799970124,34.063562999971055],[-81.16622900008772,34.063307999823216],[-81.1660230002234,34.06310299986289],[-81.16668600002221,34.06322700007966],[-81.1674169995931,34.06332600008643],[-81.16793499962695,34.06332700026634],[-81.16850600026257,34.063345999961],[-81.16883099995258,34.063283999962394],[-81.16915200034295,34.06322400028061],[-81.16970299998876,34.06308100030963],[-81.17028899979469,34.06285800018558],[-81.17193999998064,34.061915999637314],[-81.17317500023998,34.06126500017189],[-81.17387900004668,34.060865000147444],[-81.17433400033136,34.06060000018003],[-81.17567199962454,34.0600030002222],[-81.17629900033668,34.059834999711484],[-81.17694000039417,34.059726000101236],[-81.17788400040037,34.05960399967484],[-81.17926799972432,34.05951600002684],[-81.18026699998211,34.05943599986161],[-81.18025799976128,34.05977099967742],[-81.18024900043878,34.05991599972024],[-81.18022699979915,34.06011399991181],[-81.18019099981413,34.06030999995409],[-81.1801459996083,34.060478999736766],[-81.17970000044278,34.06213600017007],[-81.17953600041126,34.06270799977535],[-81.17940300034185,34.063162999630336],[-81.17933100037182,34.063370999983654],[-81.17927600012025,34.06350799988734],[-81.17919999995227,34.06367800016612],[-81.17911700011157,34.06384500032676],[-81.17891700009505,34.06419699973894],[-81.17876200028435,34.064444000343485],[-81.17870000036007,34.06457999983578],[-81.1785470001992,34.06495700021457],[-81.1784280003735,34.06530400017832],[-81.17839300021339,34.0654420000885],[-81.17835999970313,34.06562100009557],[-81.1783439998096,34.06574699990703],[-81.17833100028913,34.06593700016616],[-81.17830100015189,34.06617800003069],[-81.17827400038772,34.06630200021274],[-81.17823500002966,34.06642500006993],[-81.17816999973235,34.0665780002784],[-81.17810699998314,34.066693000102454],[-81.1780340001882,34.06680399995929],[-81.17795499964717,34.06690499978318],[-81.17781200043035,34.067121000218044],[-81.17841599977962,34.067050000270235],[-81.17869699998703,34.06702499984472],[-81.17925600002876,34.066989000141746],[-81.17945100002244,34.06698300006574],[-81.17964699984101,34.06698500033916],[-81.17987000032208,34.066996999746344],[-81.18089499962085,34.06708300028481],[-81.18113399999544,34.0670930001514],[-81.18139400028643,34.0670930001514],[-81.1817230001744,34.06707399980855],[-81.18284499955752,34.06694600020781],[-81.18296400028153,34.06693299991195],[-81.18319199988717,34.06692300002648],[-81.18344299995734,34.06693099963731],[-81.18358000022468,34.066942999796254],[-81.1837369996852,34.06696599997209],[-81.18379799978457,34.066978000126134],[-81.18389300021913,34.066996999746344],[-81.18404600038001,34.06703599985423],[-81.1842150004344,34.06708900035378],[-81.18491000002027,34.06734499967407],[-81.18637899973304,34.06789199966728],[-81.18658399977244,34.06797599979149],[-81.18682099959891,34.06806499970824],[-81.1870249998134,34.06813400004758],[-81.18728199973135,34.06821300006514],[-81.18752199993087,34.06827799979826],[-81.18775200008464,34.068332999762426],[-81.18816299998838,34.06841499995397],[-81.18836300000491,34.06844599994217],[-81.188650999885,34.06848500012729],[-81.18901900013104,34.0685230001759],[-81.18933799997328,34.06854499980459],[-81.18968000028003,34.06855799985305],[-81.1900369997571,34.0685589999712],[-81.19028799982726,34.06854499980459],[-81.19055999981381,34.06851899970158],[-81.19187200006607,34.068354000064105],[-81.19319400036404,34.06819100035024],[-81.19287899982146,34.06712799967516],[-81.19260900038304,34.06621199978661],[-81.192241000137,34.0651699999318],[-81.19187399971588,34.06412799991441],[-81.19135300020729,34.06272899998273],[-81.19059599979883,34.0606920002907],[-81.19057499988243,34.06061000006746],[-81.19055700033908,34.060470000047495],[-81.19048799984381,34.05921999993142],[-81.1905099995851,34.0591609998341],[-81.19066199992108,34.05888599965852],[-81.19089799992263,34.05844899972255],[-81.19092100038715,34.058395999772955],[-81.19093399990763,34.05833999981831],[-81.19097699956535,34.057962999771846],[-81.19105699993128,34.057284000125236],[-81.19109700011424,34.05695599970778],[-81.1911220002286,34.056734000098174],[-81.1911980003966,34.056091000163974],[-81.19120099987133,34.05601500006355],[-81.19119599984845,34.05593799962789],[-81.19115700038871,34.05577900017916],[-81.19109799993916,34.055614999822076],[-81.19091800001411,34.055270000181615],[-81.19090200012057,34.05523899983887],[-81.18981499999923,34.05361000008838],[-81.18912200006321,34.05366900032826],[-81.18896300005454,34.05367400030888],[-81.18880400004588,34.053669999877854],[-81.18702800018646,34.05350500035464],[-81.18688800044438,34.05345900013259],[-81.1862859998466,34.0536430001267],[-81.18609400022599,34.05304199982872],[-81.18588199961557,34.05282799984196],[-81.18567199955328,34.052666999902705],[-81.18545999984117,34.05251300032196],[-81.18541499963534,34.05241699977477],[-81.18546200038932,34.05233499973303],[-81.18574000022367,34.052114999809994],[-81.18579600030016,34.052019999869756],[-81.18589400020944,34.05185599968321],[-81.18589699968419,34.05152099984568],[-81.18497100011965,34.049562999769776],[-81.18420000036579,34.048304999703525],[-81.18408599966466,34.04811900005884],[-81.1837710000204,34.0477650001361],[-81.18346700024678,34.04760499987946],[-81.1822239995915,34.04721300013333],[-81.18245700011832,34.04706199994885],[-81.18281799979336,34.046829000083136],[-81.18354099986662,34.04637399963352],[-81.18407700034214,34.04603600005838],[-81.18465599957705,34.045737000112794],[-81.18491599986804,34.04560500022702],[-81.18538200002337,34.04542999970646],[-81.18587199956984,34.04532500026286],[-81.18662800015336,34.04522800011546],[-81.18727000003578,34.04521999994488],[-81.18805099983538,34.045348999998254],[-81.18890299978008,34.045595000058164],[-81.18999499992431,34.04595999987588],[-81.19078800031777,34.046270999888115],[-81.19136599972776,34.04652399992065],[-81.19231200028212,34.047089000307224],[-81.19325799993814,34.04771400018939],[-81.19437199982366,34.04810300026243],[-81.19531800037802,34.048233000009525],[-81.19669199965622,34.048286999971864],[-81.19815600024441,34.048286999971864],[-81.19953000042094,34.04854599983681],[-81.20036899994686,34.04894299963451],[-81.201421999733,34.049706000218784],[-81.20253599961852,34.05030099983576],[-81.20331399994338,34.050530000001565],[-81.20395500000089,34.05051399991582],[-81.20494699968768,34.05025399977398],[-81.20595400034138,34.05023100027263],[-81.20694600002817,34.050300000246445],[-81.20827300034902,34.05053599975386],[-81.2097989999632,34.050772999676646],[-81.21068400041817,34.05108599980306],[-81.21143199970747,34.05140600027383],[-81.21237800026182,34.05184100016315],[-81.21358300038395,34.052505000094435],[-81.21459000013935,34.05303899966919],[-81.21542899966525,34.05319900009106],[-81.21611599975353,34.053336000063496],[-81.21653099985522,34.05338700034977],[-81.21678199992537,34.05343200031423],[-81.21872099999142,34.05300900030075],[-81.21916799988017,34.05284799996095],[-81.21976000043219,34.05269299965933],[-81.21871199977059,34.050900000304786],[-81.21756899957275,34.041900000224466],[-81.21754500018163,34.040208999754725],[-81.21684300002474,34.04004699996459],[-81.21658299973375,34.03999500013175],[-81.21678799977316,34.038816000176205],[-81.21700000038358,34.03799800035326],[-81.21728900008858,34.037253999717464],[-81.21765999980936,34.0363719998875],[-81.21776699993947,34.03623299979515],[-81.2178530001532,34.03614199969707],[-81.21871799961838,34.03517000033048],[-81.21901499971929,34.03483599985506],[-81.21918899979657,34.03463699966434],[-81.21934199995744,34.03444499967381],[-81.21947199965379,34.03426300001052],[-81.21958100033204,34.03409400007991],[-81.21968199971606,34.03392199972116],[-81.2197839998233,34.03372899981669],[-81.21988599993057,34.03350699969212],[-81.21995700007568,34.03332399971604],[-81.22001300015216,34.03314100008961],[-81.22006900022869,34.032935000342945],[-81.22010799968842,34.03276600000025],[-81.2201550004424,34.03251900015363],[-81.22019100042742,34.032251999827096],[-81.2202190000165,34.031950000260196],[-81.22029299963634,34.03146199992062],[-81.22033299981932,34.03102199989307],[-81.22047500010953,34.02936700001617],[-81.22048900035323,34.02920399978363],[-81.22056299997308,34.02823900027776],[-81.22058700026254,34.02799199990853],[-81.22063099974515,34.027527000337045],[-81.2206559998595,34.02717700027564],[-81.22069799969229,34.026732000282756],[-81.22074299989814,34.02625800016464],[-81.22074999957084,34.02618700024095],[-81.22079899997465,34.025671999792316],[-81.22083699960947,34.02522299981306],[-81.2208800001655,34.02473799991577],[-81.22088900038632,34.02465500002251],[-81.22091199995255,34.02445200020158],[-81.22092700002116,34.02416299983151],[-81.22093500041707,34.02400199982448],[-81.2209930001434,34.02355299994403],[-81.22111500034212,34.02278499979244],[-81.22119599963466,34.02242999994275],[-81.22123900019069,34.02219800008812],[-81.22126799960469,34.02207500009729],[-81.22137800010788,34.02172599981267],[-81.22138399995565,34.021702000094535],[-81.22145799957549,34.02142699979918],[-81.22149000026086,34.02132199968153],[-81.22159800021589,34.02102900008441],[-81.22173399976002,34.020610999721626],[-81.2219079998373,34.02014599991311],[-81.22206500019612,34.01964000033525],[-81.22214700021189,34.01942500025039],[-81.22221699963377,34.019237999865375],[-81.22232299993898,34.0189150002606],[-81.22307199995153,34.018843000190444],[-81.22334899996095,34.0188030002905],[-81.22389100028427,34.01871400003603],[-81.22546600030222,34.01839299985722],[-81.22635599988176,34.018196999724125],[-81.22700399961197,34.01806800007717],[-81.22707700030521,34.018052999793795],[-81.22763100032408,34.017943000116794],[-81.22784499968601,34.017890000167355],[-81.22807400001487,34.01783300029723],[-81.22862700020883,34.01766800030065],[-81.22915100009048,34.017508999838036],[-81.22933500021348,34.017447999806286],[-81.2299770000959,34.01720699992353],[-81.23029400028831,34.01707900024209],[-81.23047599986319,34.01701399997514],[-81.23076600029141,34.01688100008711],[-81.2313139995642,34.016645000013646],[-81.23177200022191,34.0164299997889],[-81.23191100013908,34.01636599975878],[-81.23236700024864,34.01611999982228],[-81.23280699956639,34.015874999912484],[-81.23306600003248,34.015725999782624],[-81.23318900005611,34.01565099999314],[-81.23328600014051,34.0155920001122],[-81.23347299973825,34.01547100022801],[-81.23359199956394,34.01539500021261],[-81.23362800044727,34.015372000194525],[-81.23364400034079,34.01536100018372],[-81.23369200002138,34.015332000148234],[-81.23386600009866,34.01522799993974],[-81.23399199959702,34.01514099966741],[-81.23462699980675,34.01470399992941],[-81.23497599978622,34.01446299970278],[-81.23501000012139,34.01444000017683],[-81.23596699964808,34.01378500028056],[-81.2360739997782,34.01371300032702],[-81.23661699992641,34.01331000005946],[-81.236924999898,34.01308400001832],[-81.23760299976541,34.01259299980613],[-81.23779699993418,34.01244900005013],[-81.23838100009029,34.01201900014228],[-81.23859500035053,34.01189100008504],[-81.23889999994904,34.01173300001587],[-81.23906300015568,34.011664999989875],[-81.23921700014145,34.011608999708585],[-81.23946800021163,34.01153299995913],[-81.23962800004517,34.01149100024481],[-81.24273100022546,34.01085600027698],[-81.24297100042497,34.01079399987788],[-81.24320900007636,34.01072499978882],[-81.24324199968832,34.01071399992058],[-81.24353999961414,34.010985999765744],[-81.24375999972217,34.011245000330575],[-81.24387600007313,34.0114509998593],[-81.24392499957861,34.01163900031597],[-81.24396499976159,34.01187500015735],[-81.24402599986095,34.0121710001923],[-81.24406100002103,34.01227200031022],[-81.24412200012041,34.012382999925215],[-81.24417999984675,34.01245800036782],[-81.24477499987348,34.01313599996243],[-81.24496400001938,34.013323999666646],[-81.24508799986795,34.01343400011641],[-81.24519499999806,34.01351699981315],[-81.24578599982685,34.01391799980669],[-81.245964999927,34.014007999894034],[-81.24605899963834,34.0140459997865],[-81.24621799964697,34.014073000228755],[-81.24632300012729,34.014073000228755],[-81.24642699988436,34.01406300006594],[-81.2465289999916,34.0140429997368],[-81.24677099984095,34.013967999949706],[-81.24704100017767,34.01387699980142],[-81.24752999989923,34.01365999997053],[-81.24780199988578,34.01350700032947],[-81.24805899980375,34.01340400014328],[-81.24900199998503,34.01310999999438],[-81.24915900034387,34.013075999794964],[-81.24928099964428,34.013055999977894],[-81.2494210002847,34.013075999794964],[-81.24949400007962,34.01310599988398],[-81.2496329999968,34.013230000238885],[-81.24969200044634,34.013316000210494],[-81.24971400018765,34.01336800001256],[-81.24972699970813,34.01346900019581],[-81.24970999998969,34.01357000025885],[-81.24955299963086,34.01389700016967],[-81.2480289996665,34.01705399997351],[-81.24799799970437,34.017166999997265],[-81.24799400040472,34.017285999741105],[-81.24801699997094,34.01738099986737],[-81.2480699996744,34.01749100027264],[-81.24812499992596,34.017565999925736],[-81.24821299978952,34.01763599964141],[-81.24832199956948,34.01768099996002],[-81.24842399967673,34.01769500033556],[-81.24856599996693,34.01768799977578],[-81.24869200036363,34.01766800030065],[-81.25005200029645,34.017331000245264],[-81.2502099995819,34.017295000290616],[-81.25056799978218,34.017235000084064],[-81.25089800039338,34.0172010000475],[-81.2511190003263,34.01716999993656],[-81.25137500041933,34.017118000229466],[-81.2516120002458,34.01705699991675],[-81.25181100043744,34.016977999886066],[-81.25198799998945,34.016893999867015],[-81.2522590001511,34.016747999990734],[-81.25230900037981,34.01671599972927],[-81.25251100004618,34.01658700006547],[-81.25261499980324,34.01653300002685],[-81.25270500021495,34.01649299978298],[-81.25283499991129,34.016445000359006],[-81.2529060000564,34.01642499984642],[-81.25300899998857,34.01639700016332],[-81.25306599988994,34.016386000285266],[-81.25322400007371,34.0163579998447],[-81.25336499964071,34.01634200001428],[-81.25354899976372,34.01633800005623],[-81.25373100023691,34.01635299989804],[-81.25436800009646,34.01645100028853],[-81.25515499974384,34.01659599994449],[-81.25551499959394,34.01665499987227],[-81.25585299970274,34.01669799999578],[-81.25603600000085,34.01671199978884],[-81.25619900020746,34.01671999966956],[-81.25638199960726,34.016721999639635],[-81.25658599982175,34.01671599972927],[-81.26012199964707,34.016515000254486],[-81.26028400002879,34.01652700010312],[-81.26038199993808,34.01654399988579],[-81.26070599980318,34.01664599999957],[-81.26229500006485,34.01716899995681],[-81.26217000039138,34.0169849997598],[-81.26202200025338,34.01674300006704],[-81.26191599994816,34.01653400001409],[-81.2617979999474,34.01628099988855],[-81.26175100009172,34.016173000132135],[-81.26169199964218,34.01606500023838],[-81.26128599976133,34.01508000016794],[-81.26122499966195,34.01489999993675],[-81.26117199995849,34.01468399975122],[-81.26111699970691,34.01439899967904],[-81.26105700033078,34.01397800012372],[-81.26097399959177,34.01339399990165],[-81.26089300029925,34.01276800030298],[-81.26083499967461,34.0123130003459],[-81.26080000041281,34.012094000161774],[-81.26076899955237,34.01194300001522],[-81.26071800039705,34.01174399975216],[-81.26065700029768,34.01154699985933],[-81.26059799984816,34.01138399965536],[-81.26051400018257,34.011176999913765],[-81.26042399977086,34.01098699981833],[-81.26033900028037,34.01083299977386],[-81.26022700012737,34.01065200016245],[-81.26013400024097,34.010520000046135],[-81.26002399973778,34.01037699981272],[-81.259841000338,34.01016999985014],[-81.25965600039008,34.009970999899615],[-81.25956099995551,34.009884000197594],[-81.25950200040428,34.009825000032215],[-81.25991400013295,34.00988300013202],[-81.26026099956425,34.00987300022035],[-81.26212299963741,34.00972399998214],[-81.2624749999899,34.00967999998176],[-81.26274600015157,34.009634999890075],[-81.26288800044178,34.00960500006391],[-81.26308699973508,34.00955100005227],[-81.26331600006395,34.009477000090854],[-81.26354600021772,34.00939500023942],[-81.26375499955678,34.009313000308815],[-81.26475499963948,34.00887600036013],[-81.26619499993825,34.00822400024175],[-81.26648199999343,34.00808600029886],[-81.26649500041222,34.00807899969143],[-81.26711700020314,34.007744999823636],[-81.2671359995714,34.00773499966019],[-81.26741400030407,34.00758600013849],[-81.26750700019049,34.00753599996053],[-81.26755599969596,34.00750899967348],[-81.26790999969829,34.00732199984923],[-81.26820799962412,34.00717200025009],[-81.2682550003781,34.00715199978705],[-81.26837699967854,34.00709999990156],[-81.26875800034335,34.00695900006617],[-81.26902600013196,34.006877000017255],[-81.26923199999626,34.00682600006496],[-81.26956199970917,34.00676100013981],[-81.27020899961445,34.00666399983812],[-81.27149800030047,34.00647199985862],[-81.2747670001621,34.00598700006001],[-81.27495999960763,34.00595799980158],[-81.27615800005705,34.00577999982153],[-81.2763379999821,34.00575000012287],[-81.27719900014765,34.00559999998114],[-81.27776300021226,34.00549300016],[-81.27821199975084,34.00541999975924],[-81.27857099977604,34.005349999652694],[-81.27899300044874,34.005288999821296],[-81.27941600004803,34.00523899978028],[-81.28002699996831,34.005180000111125],[-81.280666000376,34.00511099992848],[-81.28128599961879,34.00503199995274],[-81.28148599963534,34.00499599999603],[-81.28161000038222,34.004979000135236],[-81.28175000012429,34.00494400027975],[-81.28201500043816,34.004888000034214],[-81.2827219997196,34.00470500015771],[-81.28301700017069,34.00462400029407],[-81.2839550003291,34.00433699970481],[-81.2843910003472,34.00420899998293],[-81.28504800029823,34.004022999729145],[-81.28610600010727,34.003754999728116],[-81.28633799991084,34.00370199985842],[-81.2869189996939,34.00433000027769],[-81.28765400036106,34.005180000111125],[-81.28780800034684,34.00532599977307],[-81.28798400007393,34.0054810002413],[-81.2906140004262,34.00748400031017],[-81.29090700032917,34.007691000118534],[-81.29102399960671,34.007765000146996],[-81.29119400038435,34.007860999846336],[-81.2926849998384,34.00867600027594],[-81.29177199979434,34.00700999993859],[-81.29170499984718,34.00686199999069],[-81.29165100031882,34.00671700009345],[-81.29163500042532,34.00666700014853],[-81.29160299973994,34.00656399985642],[-81.29155699970919,34.00628100029768],[-81.29154699966344,34.006109000165665],[-81.29153300031805,34.005985999948535],[-81.29155599988427,34.00569599989385],[-81.29173400015951,34.00431900032572],[-81.29176599994656,34.00401100034734],[-81.29177099996943,34.00390699967688],[-81.29179100006091,34.00373899975692],[-81.29180199993158,34.003571000249295],[-81.29179799973362,34.0033099998232],[-81.29178500021312,34.003172000086956],[-81.29176599994656,34.00304699979231],[-81.29173099978647,34.00288399965607],[-81.29167300006013,34.00267400033983],[-81.29161799980857,34.00252799984249],[-81.29154699966344,34.00237000022535],[-81.29129300011854,34.00187499997915],[-81.29110899999553,34.001573999729494],[-81.29093900011621,34.00123400008444],[-81.29082199994035,34.00103500004636],[-81.29076099984097,34.00093000002919],[-81.29063699999242,34.00069099978286],[-81.29054300028109,34.000540999643086],[-81.29020000014941,34.00004899970859],[-81.29009899986708,33.9999200000444],[-81.28990700024644,33.999695000299766],[-81.28961299962027,33.99937899991366],[-81.28928299990739,33.999008999829414],[-81.28912200024891,33.99884499994088],[-81.28885299973707,33.998556000279436],[-81.28848399966613,33.99814800004741],[-81.28841599989407,33.99808199997905],[-81.28833300005338,33.99798500019181],[-81.28811299994537,33.99770100013937],[-81.28797300020328,33.997502000016844],[-81.28765400036106,33.997013000261866],[-81.28752799996435,33.99684299967398],[-81.28732600029798,33.996528000073084],[-81.28727500024438,33.99644999978582],[-81.28717800015998,33.996283999719004],[-81.28711299986267,33.99615700000525],[-81.28708799974831,33.996100999924515],[-81.28706199980903,33.99604099963749],[-81.28701400012847,33.99589299993995],[-81.28694899983113,33.99560599964074],[-81.2869320001127,33.9954989998909],[-81.2869310002878,33.9953920000063],[-81.28695700022705,33.995024000168],[-81.28697099957243,33.99494799972755],[-81.28700499990762,33.99481500028274],[-81.28737300015366,33.99338400022536],[-81.28751799991862,33.992944000195685],[-81.28775200027034,33.99227700029986],[-81.28780199960075,33.99210000022784],[-81.28921599996023,33.99215499969213],[-81.29209599965944,33.99225500025206],[-81.29403700027362,33.99233599999364],[-81.29852600032598,33.99249900026026],[-81.30310999991458,33.99267699976931],[-81.30343600032784,33.99269300033454],[-81.30380399967552,33.99272000011782],[-81.30412699971573,33.992759000120635],[-81.30447300022045,33.99279399978324],[-81.30479500043572,33.992841999914255],[-81.30510000003426,33.99289499985669],[-81.30583399997818,33.99304200004404],[-81.30618899980543,33.993128999867935],[-81.30678999967995,33.99329099984194],[-81.30759099957102,33.993522999735745],[-81.30830399959856,33.99371799996229],[-81.30904199974043,33.99393099983583],[-81.30925699982558,33.99399299988402],[-81.3094610000401,33.99405199987586],[-81.31071200019296,33.99440500020815],[-81.31143699991605,33.994610000120396],[-81.31192700036082,33.99475600007602],[-81.31228800003586,33.994852999826165],[-81.3133330003244,33.99514500014095],[-81.31460299984552,33.995514999924694],[-81.31614400042662,33.99595300033149],[-81.31660300001093,33.99607900012208],[-81.31761899998718,33.99637399987626],[-81.31914700014948,33.99680200036183],[-81.31997800017778,33.99704300006743],[-81.32064500017457,33.997233000079596],[-81.32216099974299,33.997672000030775],[-81.32230399985811,33.99771399987671],[-81.32268100032498,33.99781600026715],[-81.32286600027291,33.99786699967169],[-81.32696500033792,33.99903400019786],[-81.32786900016117,33.99929199978717],[-81.32872600012874,33.99953999969868],[-81.331132000175,34.00020999971324],[-81.33277599978997,34.00068199970743],[-81.33323100007463,34.00080100021346],[-81.33364500035141,34.000924999918794],[-81.33533800037017,34.00140299991165],[-81.33649900011135,34.00172800018098],[-81.3368339998471,34.001824000002046],[-81.3376640000505,34.002052999951516],[-81.33809900024369,34.00218399966776],[-81.33868699969942,34.002348999966586],[-81.33904499989971,34.002456000025134],[-81.34007400029472,34.00274200011851],[-81.34109199992079,34.003032999980206],[-81.34140400009031,34.00312700027015],[-81.34231899978421,34.00337600029775],[-81.34278199956648,34.00350999988481],[-81.34334200033145,34.00366899975423],[-81.34518500013802,34.004172999677316],[-81.34650499988787,34.00453999996767],[-81.34969699975662,34.00545600028099],[-81.34958299995378,34.004922999912715],[-81.34938999960994,34.00454899963431],[-81.34904999985132,34.004171000156354],[-81.34834500021971,34.00343499973073],[-81.34801999963139,34.00300599975096],[-81.34786099962272,34.00278499984094],[-81.34749800029789,34.002258000026465],[-81.34733000006838,34.00204699974935],[-81.3471330004249,34.00178599985314],[-81.34702100027191,34.001651999780265],[-81.34667499976717,34.00127699982561],[-81.34654400024593,34.00115400005783],[-81.34631300026726,34.000905999645326],[-81.34621299980982,34.000806000331224],[-81.34572900011115,34.0003729997679],[-81.34534599979652,34.00008299991074],[-81.34498099992354,33.99979200036867],[-81.34470100043936,33.99957999973679],[-81.34438400024695,33.999321000087484],[-81.34412899997882,33.99913299991647],[-81.34366600019654,33.99877100033252],[-81.34353599960188,33.998669000343995],[-81.34330100032356,33.99847300010991],[-81.34320000004122,33.99837400036689],[-81.34306199994896,33.99820599992971],[-81.34287199997817,33.99802400001207],[-81.34266100009097,33.99778599998979],[-81.34216200032368,33.997271000031006],[-81.3419520002614,33.99704599997294],[-81.34173499962812,33.996822000283075],[-81.3416140001526,33.9966890000481],[-81.34151399969517,33.996589999715624],[-81.34139300021967,33.99648100001359],[-81.34091600019369,33.99609099987964],[-81.34067900036723,33.99592600008608],[-81.34052500038143,33.99579299993797],[-81.34040900003049,33.99571100028043],[-81.34030000025055,33.99562599984348],[-81.34019800014329,33.99554599974886],[-81.33993200000451,33.99534900026528],[-81.33969600000295,33.995154000058164],[-81.33964199957627,33.995114000170474],[-81.33907699968674,33.99470200030532],[-81.33818899975705,33.99402799978312],[-81.33807900015219,33.99393800011986],[-81.33789599985408,33.993774999634596],[-81.33781600038647,33.993710999660195],[-81.33775600011201,33.99365599971343],[-81.3376640000505,33.99355199977106],[-81.33753900037702,33.99342100014938],[-81.33741299998033,33.9932690000567],[-81.33730699967512,33.99312800034988],[-81.33698399963492,33.992620999629246],[-81.33657500027932,33.991941999835234],[-81.33633099988185,33.991525999847795],[-81.33601500041267,33.99099499979093],[-81.33596799965869,33.99092400017005],[-81.33584299998523,33.99073600003768],[-81.33581299984799,33.99068199994651],[-81.33571800031176,33.99046499968937],[-81.33559299973996,33.99024800036769],[-81.33542700005862,33.98996800023195],[-81.33535000006572,33.989817000222715],[-81.33528300011858,33.9897019996953],[-81.3351650001178,33.98936900012073],[-81.33508599957678,33.98919899987952],[-81.33506200018563,33.98907399987955],[-81.33501600015488,33.98897099985456],[-81.33500100008627,33.98891799969907],[-81.33498699984257,33.98877299970903],[-81.33495000003265,33.98864900014283],[-81.33493599978894,33.98857699973507],[-81.33490300017698,33.98826799971302],[-81.33488999975819,33.9879579997334],[-81.3348970003292,33.98764800011264],[-81.3349190000705,33.9873749996832],[-81.33494599983469,33.98709200025218],[-81.33498000016986,33.98675700020249],[-81.33504200009416,33.98624899985779],[-81.33514099982834,33.98534100011151],[-81.33515000004918,33.98521300007264],[-81.33518699985912,33.985015000109954],[-81.3352000002779,33.98483100026528],[-81.3352289996919,33.984578999912685],[-81.33522000036939,33.984359999726585],[-81.33519199988197,33.98419799985847],[-81.3351729996154,33.98405300000895],[-81.33508499975184,33.983713999893745],[-81.33505100031498,33.983627000114176],[-81.33498900039069,33.983510000141806],[-81.33484499955236,33.98328500014334],[-81.33467800004608,33.983048999822834],[-81.33458299961151,33.98290499988613],[-81.33447499965649,33.982766999779884],[-81.33436599987654,33.98258799998306],[-81.33425999957133,33.98244899971854],[-81.33416300038527,33.982307000290724],[-81.3339969998056,33.98209200029121],[-81.3339199998127,33.98197400004644],[-81.33305699999735,33.980751000084176],[-81.33254900000924,33.98000600009804],[-81.33228799989332,33.97959800018438],[-81.33217499991542,33.97940899990031],[-81.33208299985392,33.97924399974627],[-81.33201500008185,33.97908899982901],[-81.33193899991389,33.97893799985894],[-81.33185400042338,33.97873000032427],[-81.33177300023253,33.97858000015066],[-81.33169200004166,33.978393999657186],[-81.33229000044146,33.978342999739105],[-81.33285199995794,33.9782790000616],[-81.33424200002798,33.97813199966546],[-81.33562399970211,33.97795700006848],[-81.33600000034406,33.97790200035484],[-81.33627800017841,33.97786600007608],[-81.33697000028954,33.97778200011128],[-81.33774699989117,33.97767599996626],[-81.33984400014096,33.97740999969508],[-81.34118099960925,33.977250000144906],[-81.34246100007444,33.977108000226735],[-81.34276999987091,33.97708099995316],[-81.3435640000893,33.97701499991045],[-81.3444369999504,33.976953999848035],[-81.34588200027201,33.97686800030848],[-81.34611599972544,33.976856999780736],[-81.34712099983103,33.97679299972947],[-81.34812099991372,33.976737000296964],[-81.34883999978904,33.97670600031585],[-81.34928099983,33.976686000129824],[-81.34995799987252,33.976665000227406],[-81.35061999984642,33.97662600028847],[-81.35128199982032,33.976598000149295],[-81.3523570002461,33.9765419998434],[-81.35260499994322,33.97652599996208],[-81.35357999991156,33.976479000013846],[-81.35392200021833,33.97647499966835],[-81.35415499984683,33.97647800029997],[-81.35455099968195,33.976492000017956],[-81.35493900001947,33.97652000019203],[-81.35577500007065,33.97655799972171],[-81.3569750001699,33.97663499993214],[-81.35717699983626,33.97665200024975],[-81.357475999587,33.97665500013016],[-81.3579049999324,33.97666099989067],[-81.35827499982825,33.97668100008258],[-81.35851000000488,33.97668900000903],[-81.35882999967204,33.9766830002505],[-81.35910699968147,33.97668900000903],[-81.35957700003475,33.97668399996196],[-81.35998200009071,33.976671999698816],[-81.36162700042888,33.97657599976746],[-81.36190199989018,33.97653999967216],[-81.36254600032073,33.97647100006763],[-81.36287299966055,33.9764409997039],[-81.3649099996359,33.97621299972225],[-81.36868700038396,33.97578999993068],[-81.36917399955736,33.97573500030508],[-81.36966999984989,33.97566600004729],[-81.37011900028679,33.97559500028495],[-81.37060899983325,33.975504999724556],[-81.37109599990495,33.9754050003145],[-81.37153699994592,33.97530500004192],[-81.37201700034497,33.975184000128415],[-81.37248500015009,33.97505499996327],[-81.37484599999053,33.97443500008265],[-81.3758300001797,33.974155999741576],[-81.37612899993046,33.97406299992109],[-81.3762650003729,33.97401500035844],[-81.37633899999274,33.97398900033567],[-81.37650499967408,33.97392500036045],[-81.37670899988858,33.973839999736896],[-81.37686399969928,33.97376899993965],[-81.37690899990514,33.97374800006175],[-81.3771049997237,33.97365100006161],[-81.37729600041773,33.97354700022266],[-81.3773859999311,33.97349499988303],[-81.37748300001547,33.97343800001862],[-81.37766499959035,33.97332400017516],[-81.37798000013294,33.97310400029344],[-81.37831400004377,33.97284699991732],[-81.37846800002957,33.97272799974674],[-81.38045599960111,33.9712250000791],[-81.38132299961441,33.97056900019293],[-81.38231699984934,33.96981700034868],[-81.38255000037616,33.969641000233224],[-81.38352299979637,33.968905000206234],[-81.38383999998877,33.96868599987252],[-81.38419900001396,33.968427999745764],[-81.38635999983786,33.966989999924785],[-81.38728700012562,33.9663589997022],[-81.38751399990636,33.96621399997309],[-81.38781100000729,33.96603700001502],[-81.3880389996129,33.96590999980549],[-81.38834900013262,33.96575000022191],[-81.38874699961758,33.96556399997381],[-81.38972099976101,33.96514799978126],[-81.39479300014456,33.96294999976673],[-81.39650500042988,33.96222500013972],[-81.3970700003194,33.96197500035139],[-81.39772600044552,33.961697999885885],[-81.39836499995488,33.96142100000853],[-81.39938299958095,33.960979000141165],[-81.40005700014873,33.96067300009132],[-81.40083100027562,33.960340999960984],[-81.40133099986782,33.960116999652776],[-81.40160000037966,33.961301000349174],[-81.4017230004033,33.96189399999118],[-81.40175500019035,33.96202999993574],[-81.40182499961223,33.962319000120345],[-81.40189499993242,33.96264699973077],[-81.40203899987247,33.96324999986032],[-81.40219399968316,33.96395600009784],[-81.40245800017215,33.9651210001802],[-81.40273199980852,33.96629599977834],[-81.40276699996862,33.96649000005672],[-81.40288900016735,33.96716799995806],[-81.40296199996229,33.96750699974441],[-81.40302300006165,33.96797299996838],[-81.40310500007742,33.96858299972808],[-81.40315299975799,33.96900400000873],[-81.40320600035976,33.969408000167675],[-81.4032439999946,33.9697600002538],[-81.40329099985027,33.97008900001381],[-81.40333000020831,33.97049799989949],[-81.4034270002927,33.97130299967901],[-81.40347400014836,33.9715630003118],[-81.40347599979818,33.971733000066514],[-81.40352400037709,33.97189600036231],[-81.40354600011838,33.972024000339005],[-81.40360999969248,33.972381000326905],[-81.40385300026504,33.97331999968123],[-81.40400700025083,33.973882999931476],[-81.40416399971134,33.97435800011466],[-81.40427900023741,33.97473600037186],[-81.40446199963718,33.975319999680565],[-81.4045899996837,33.97580899986084],[-81.40464199956224,33.975968000168116],[-81.40481200033987,33.976517000306856],[-81.40491199989899,33.9769569997178],[-81.40501200035641,33.977511999875055],[-81.4051160001135,33.97819800033084],[-81.40518100041082,33.97874200029693],[-81.40526300042659,33.97930300029411],[-81.40577600043756,33.9828449999646],[-81.40588500021751,33.98359900004634],[-81.4063279999083,33.98668200015498],[-81.40646799965037,33.98766900028121],[-81.40662099981125,33.98857900036793],[-81.40677499979705,33.98938699968826],[-81.4069120000644,33.99003500019947],[-81.40712899979937,33.99099100012857],[-81.40720999999023,33.991345000055276],[-81.40730200005173,33.99179600025783],[-81.40741800040269,33.99243000020388],[-81.40751700013688,33.993113999647846],[-81.40759400012979,33.99376699982667],[-81.40764799965814,33.99430999969961],[-81.40787600016208,33.99636099993388],[-81.40793100041367,33.996924999728414],[-81.40797200042155,33.997227999751516],[-81.4080739996305,33.99778899986905],[-81.40816900006506,33.99824700005375],[-81.40824000021016,33.998542999926244],[-81.40829600028665,33.99874999992868],[-81.40928100030075,34.00185999981386],[-81.4093060004151,34.00193899976113],[-81.40977400022025,34.00342599994612],[-81.4102350003527,34.004889000158556],[-81.41039500018627,34.00528600020691],[-81.4105309997304,34.005650999925045],[-81.41066999964757,34.006054000054256],[-81.41079600004426,34.0064600000782],[-81.410910999672,34.00686799985269],[-81.41099699988573,34.00720399964071],[-81.41107399987861,34.0075409996818],[-81.4111509998715,34.007917000365495],[-81.41121199997086,34.00825599998064],[-81.4112699996972,34.00863399989306],[-81.41132599977368,34.009090000278626],[-81.41136400030683,34.009482999768146],[-81.41155599992744,34.01246199976404],[-81.41156199977523,34.01265200028202],[-81.4115600001254,34.01285399999796],[-81.41155000007967,34.01303300007079],[-81.41153199963802,34.01322300005555],[-81.41150499987384,34.01341300035974],[-81.41146999971372,34.01360100019517]]]},"properties":{"kind":"greater_chapin_union"}},{"type":"Feature","geometry":{"type":"Polygon","coordinates":[[[-180.0,-85.0],[-180.0,85.0],[180.0,85.0],[180.0,-85.0],[-180.0,-85.0]],[[-81.41150499987384,34.01341300035974],[-81.41153199963802,34.01322300005555],[-81.41155000007967,34.01303300007079],[-81.4115600001254,34.01285399999796],[-81.41156199977523,34.01265200028202],[-81.41155599992744,34.01246199976404],[-81.41136400030683,34.009482999768146],[-81.41132599977368,34.009090000278626],[-81.4112699996972,34.00863399989306],[-81.41121199997086,34.00825599998064],[-81.4111509998715,34.007917000365495],[-81.41107399987861,34.0075409996818],[-81.41099699988573,34.00720399964071],[-81.410910999672,34.00686799985269],[-81.41079600004426,34.0064600000782],[-81.41066999964757,34.006054000054256],[-81.4105309997304,34.005650999925045],[-81.41039500018627,34.00528600020691],[-81.4102350003527,34.004889000158556],[-81.40977400022025,34.00342599994612],[-81.4093060004151,34.00193899976113],[-81.40928100030075,34.00185999981386],[-81.40829600028665,33.99874999992868],[-81.40824000021016,33.998542999926244],[-81.40816900006506,33.99824700005375],[-81.4080739996305,33.99778899986905],[-81.40797200042155,33.997227999751516],[-81.40793100041367,33.996924999728414],[-81.40787600016208,33.99636099993388],[-81.40764799965814,33.99430999969961],[-81.40759400012979,33.99376699982667],[-81.40751700013688,33.993113999647846],[-81.40741800040269,33.99243000020388],[-81.40730200005173,33.99179600025783],[-81.40720999999023,33.991345000055276],[-81.40712899979937,33.99099100012857],[-81.4069120000644,33.99003500019947],[-81.40677499979705,33.98938699968826],[-81.40662099981125,33.98857900036793],[-81.40646799965037,33.98766900028121],[-81.4063279999083,33.98668200015498],[-81.40588500021751,33.98359900004634],[-81.40577600043756,33.9828449999646],[-81.40526300042659,33.97930300029411],[-81.40518100041082,33.97874200029693],[-81.4051160001135,33.97819800033084],[-81.40501200035641,33.977511999875055],[-81.40491199989899,33.9769569997178],[-81.40481200033987,33.976517000306856],[-81.40464199956224,33.975968000168116],[-81.4045899996837,33.97580899986084],[-81.40446199963718,33.975319999680565],[-81.40427900023741,33.97473600037186],[-81.40416399971134,33.97435800011466],[-81.40400700025083,33.973882999931476],[-81.40385300026504,33.97331999968123],[-81.40360999969248,33.972381000326905],[-81.40354600011838,33.972024000339005],[-81.40352400037709,33.97189600036231],[-81.40347599979818,33.971733000066514],[-81.40347400014836,33.9715630003118],[-81.4034270002927,33.97130299967901],[-81.40333000020831,33.97049799989949],[-81.40329099985027,33.97008900001381],[-81.4032439999946,33.9697600002538],[-81.40320600035976,33.969408000167675],[-81.40315299975799,33.96900400000873],[-81.40310500007742,33.96858299972808],[-81.40302300006165,33.96797299996838],[-81.40296199996229,33.96750699974441],[-81.40288900016735,33.96716799995806],[-81.40276699996862,33.96649000005672],[-81.40273199980852,33.96629599977834],[-81.40245800017215,33.9651210001802],[-81.40219399968316,33.96395600009784],[-81.40203899987247,33.96324999986032],[-81.40189499993242,33.96264699973077],[-81.40182499961223,33.962319000120345],[-81.40175500019035,33.96202999993574],[-81.4017230004033,33.96189399999118],[-81.40160000037966,33.961301000349174],[-81.40133099986782,33.960116999652776],[-81.40083100027562,33.960340999960984],[-81.40005700014873,33.96067300009132],[-81.39938299958095,33.960979000141165],[-81.39836499995488,33.96142100000853],[-81.39772600044552,33.961697999885885],[-81.3970700003194,33.96197500035139],[-81.39650500042988,33.96222500013972],[-81.39479300014456,33.96294999976673],[-81.38972099976101,33.96514799978126],[-81.38874699961758,33.96556399997381],[-81.38834900013262,33.96575000022191],[-81.3880389996129,33.96590999980549],[-81.38781100000729,33.96603700001502],[-81.38751399990636,33.96621399997309],[-81.38728700012562,33.9663589997022],[-81.38635999983786,33.966989999924785],[-81.38419900001396,33.968427999745764],[-81.38383999998877,33.96868599987252],[-81.38352299979637,33.968905000206234],[-81.38255000037616,33.969641000233224],[-81.38231699984934,33.96981700034868],[-81.38132299961441,33.97056900019293],[-81.38045599960111,33.9712250000791],[-81.37846800002957,33.97272799974674],[-81.37831400004377,33.97284699991732],[-81.37798000013294,33.97310400029344],[-81.37766499959035,33.97332400017516],[-81.37748300001547,33.97343800001862],[-81.3773859999311,33.97349499988303],[-81.37729600041773,33.97354700022266],[-81.3771049997237,33.97365100006161],[-81.37690899990514,33.97374800006175],[-81.37686399969928,33.97376899993965],[-81.37670899988858,33.973839999736896],[-81.37650499967408,33.97392500036045],[-81.37633899999274,33.97398900033567],[-81.3762650003729,33.97401500035844],[-81.37612899993046,33.97406299992109],[-81.3758300001797,33.974155999741576],[-81.37484599999053,33.97443500008265],[-81.37248500015009,33.97505499996327],[-81.37201700034497,33.975184000128415],[-81.37153699994592,33.97530500004192],[-81.37109599990495,33.9754050003145],[-81.37060899983325,33.975504999724556],[-81.37011900028679,33.97559500028495],[-81.36966999984989,33.97566600004729],[-81.36917399955736,33.97573500030508],[-81.36868700038396,33.97578999993068],[-81.3649099996359,33.97621299972225],[-81.36287299966055,33.9764409997039],[-81.36254600032073,33.97647100006763],[-81.36190199989018,33.97653999967216],[-81.36162700042888,33.97657599976746],[-81.35998200009071,33.976671999698816],[-81.35957700003475,33.97668399996196],[-81.35910699968147,33.97668900000903],[-81.35882999967204,33.9766830002505],[-81.35851000000488,33.97668900000903],[-81.35827499982825,33.97668100008258],[-81.3579049999324,33.97666099989067],[-81.357475999587,33.97665500013016],[-81.35717699983626,33.97665200024975],[-81.3569750001699,33.97663499993214],[-81.35577500007065,33.97655799972171],[-81.35493900001947,33.97652000019203],[-81.35455099968195,33.976492000017956],[-81.35415499984683,33.97647800029997],[-81.35392200021833,33.97647499966835],[-81.35357999991156,33.976479000013846],[-81.35260499994322,33.97652599996208],[-81.3523570002461,33.9765419998434],[-81.35128199982032,33.976598000149295],[-81.35061999984642,33.97662600028847],[-81.34995799987252,33.976665000227406],[-81.34928099983,33.976686000129824],[-81.34883999978904,33.97670600031585],[-81.34812099991372,33.976737000296964],[-81.34712099983103,33.97679299972947],[-81.34611599972544,33.976856999780736],[-81.34588200027201,33.97686800030848],[-81.3444369999504,33.976953999848035],[-81.3435640000893,33.97701499991045],[-81.34276999987091,33.97708099995316],[-81.34246100007444,33.977108000226735],[-81.34118099960925,33.977250000144906],[-81.33984400014096,33.97740999969508],[-81.33774699989117,33.97767599996626],[-81.33697000028954,33.97778200011128],[-81.33627800017841,33.97786600007608],[-81.33600000034406,33.97790200035484],[-81.33562399970211,33.97795700006848],[-81.33424200002798,33.97813199966546],[-81.33285199995794,33.9782790000616],[-81.33229000044146,33.978342999739105],[-81.33169200004166,33.978393999657186],[-81.33177300023253,33.97858000015066],[-81.33185400042338,33.97873000032427],[-81.33193899991389,33.97893799985894],[-81.33201500008185,33.97908899982901],[-81.33208299985392,33.97924399974627],[-81.33217499991542,33.97940899990031],[-81.33228799989332,33.97959800018438],[-81.33254900000924,33.98000600009804],[-81.33305699999735,33.980751000084176],[-81.3339199998127,33.98197400004644],[-81.3339969998056,33.98209200029121],[-81.33416300038527,33.982307000290724],[-81.33425999957133,33.98244899971854],[-81.33436599987654,33.98258799998306],[-81.33447499965649,33.982766999779884],[-81.33458299961151,33.98290499988613],[-81.33467800004608,33.983048999822834],[-81.33484499955236,33.98328500014334],[-81.33498900039069,33.983510000141806],[-81.33505100031498,33.983627000114176],[-81.33508499975184,33.983713999893745],[-81.3351729996154,33.98405300000895],[-81.33519199988197,33.98419799985847],[-81.33522000036939,33.984359999726585],[-81.3352289996919,33.984578999912685],[-81.3352000002779,33.98483100026528],[-81.33518699985912,33.985015000109954],[-81.33515000004918,33.98521300007264],[-81.33514099982834,33.98534100011151],[-81.33504200009416,33.98624899985779],[-81.33498000016986,33.98675700020249],[-81.33494599983469,33.98709200025218],[-81.3349190000705,33.9873749996832],[-81.3348970003292,33.98764800011264],[-81.33488999975819,33.9879579997334],[-81.33490300017698,33.98826799971302],[-81.33493599978894,33.98857699973507],[-81.33495000003265,33.98864900014283],[-81.33498699984257,33.98877299970903],[-81.33500100008627,33.98891799969907],[-81.33501600015488,33.98897099985456],[-81.33506200018563,33.98907399987955],[-81.33508599957678,33.98919899987952],[-81.3351650001178,33.98936900012073],[-81.33528300011858,33.9897019996953],[-81.33535000006572,33.989817000222715],[-81.33542700005862,33.98996800023195],[-81.33559299973996,33.99024800036769],[-81.33571800031176,33.99046499968937],[-81.33581299984799,33.99068199994651],[-81.33584299998523,33.99073600003768],[-81.33596799965869,33.99092400017005],[-81.33601500041267,33.99099499979093],[-81.33633099988185,33.991525999847795],[-81.33657500027932,33.991941999835234],[-81.33698399963492,33.992620999629246],[-81.33730699967512,33.99312800034988],[-81.33741299998033,33.9932690000567],[-81.33753900037702,33.99342100014938],[-81.3376640000505,33.99355199977106],[-81.33775600011201,33.99365599971343],[-81.33781600038647,33.993710999660195],[-81.33789599985408,33.993774999634596],[-81.33807900015219,33.99393800011986],[-81.33818899975705,33.99402799978312],[-81.33907699968674,33.99470200030532],[-81.33964199957627,33.995114000170474],[-81.33969600000295,33.995154000058164],[-81.33993200000451,33.99534900026528],[-81.34019800014329,33.99554599974886],[-81.34030000025055,33.99562599984348],[-81.34040900003049,33.99571100028043],[-81.34052500038143,33.99579299993797],[-81.34067900036723,33.99592600008608],[-81.34091600019369,33.99609099987964],[-81.34139300021967,33.99648100001359],[-81.34151399969517,33.996589999715624],[-81.3416140001526,33.9966890000481],[-81.34173499962812,33.996822000283075],[-81.3419520002614,33.99704599997294],[-81.34216200032368,33.997271000031006],[-81.34266100009097,33.99778599998979],[-81.34287199997817,33.99802400001207],[-81.34306199994896,33.99820599992971],[-81.34320000004122,33.99837400036689],[-81.34330100032356,33.99847300010991],[-81.34353599960188,33.998669000343995],[-81.34366600019654,33.99877100033252],[-81.34412899997882,33.99913299991647],[-81.34438400024695,33.999321000087484],[-81.34470100043936,33.99957999973679],[-81.34498099992354,33.99979200036867],[-81.34534599979652,34.00008299991074],[-81.34572900011115,34.0003729997679],[-81.34621299980982,34.000806000331224],[-81.34631300026726,34.000905999645326],[-81.34654400024593,34.00115400005783],[-81.34667499976717,34.00127699982561],[-81.34702100027191,34.001651999780265],[-81.3471330004249,34.00178599985314],[-81.34733000006838,34.00204699974935],[-81.34749800029789,34.002258000026465],[-81.34786099962272,34.00278499984094],[-81.34801999963139,34.00300599975096],[-81.34834500021971,34.00343499973073],[-81.34904999985132,34.004171000156354],[-81.34938999960994,34.00454899963431],[-81.34958299995378,34.004922999912715],[-81.34969699975662,34.00545600028099],[-81.34650499988787,34.00453999996767],[-81.34518500013802,34.004172999677316],[-81.34334200033145,34.00366899975423],[-81.34278199956648,34.00350999988481],[-81.34231899978421,34.00337600029775],[-81.34140400009031,34.00312700027015],[-81.34109199992079,34.003032999980206],[-81.34007400029472,34.00274200011851],[-81.33904499989971,34.002456000025134],[-81.33868699969942,34.002348999966586],[-81.33809900024369,34.00218399966776],[-81.3376640000505,34.002052999951516],[-81.3368339998471,34.001824000002046],[-81.33649900011135,34.00172800018098],[-81.33533800037017,34.00140299991165],[-81.33364500035141,34.000924999918794],[-81.33323100007463,34.00080100021346],[-81.33277599978997,34.00068199970743],[-81.331132000175,34.00020999971324],[-81.32872600012874,33.99953999969868],[-81.32786900016117,33.99929199978717],[-81.32696500033792,33.99903400019786],[-81.32286600027291,33.99786699967169],[-81.32268100032498,33.99781600026715],[-81.32230399985811,33.99771399987671],[-81.32216099974299,33.997672000030775],[-81.32064500017457,33.997233000079596],[-81.31997800017778,33.99704300006743],[-81.31914700014948,33.99680200036183],[-81.31761899998718,33.99637399987626],[-81.31660300001093,33.99607900012208],[-81.31614400042662,33.99595300033149],[-81.31460299984552,33.995514999924694],[-81.3133330003244,33.99514500014095],[-81.31228800003586,33.994852999826165],[-81.31192700036082,33.99475600007602],[-81.31143699991605,33.994610000120396],[-81.31071200019296,33.99440500020815],[-81.3094610000401,33.99405199987586],[-81.30925699982558,33.99399299988402],[-81.30904199974043,33.99393099983583],[-81.30830399959856,33.99371799996229],[-81.30759099957102,33.993522999735745],[-81.30678999967995,33.99329099984194],[-81.30618899980543,33.993128999867935],[-81.30583399997818,33.99304200004404],[-81.30510000003426,33.99289499985669],[-81.30479500043572,33.992841999914255],[-81.30447300022045,33.99279399978324],[-81.30412699971573,33.992759000120635],[-81.30380399967552,33.99272000011782],[-81.30343600032784,33.99269300033454],[-81.30310999991458,33.99267699976931],[-81.29852600032598,33.99249900026026],[-81.29403700027362,33.99233599999364],[-81.29209599965944,33.99225500025206],[-81.28921599996023,33.99215499969213],[-81.28780199960075,33.99210000022784],[-81.28775200027034,33.99227700029986],[-81.28751799991862,33.992944000195685],[-81.28737300015366,33.99338400022536],[-81.28700499990762,33.99481500028274],[-81.28697099957243,33.99494799972755],[-81.28695700022705,33.995024000168],[-81.2869310002878,33.9953920000063],[-81.2869320001127,33.9954989998909],[-81.28694899983113,33.99560599964074],[-81.28701400012847,33.99589299993995],[-81.28706199980903,33.99604099963749],[-81.28708799974831,33.996100999924515],[-81.28711299986267,33.99615700000525],[-81.28717800015998,33.996283999719004],[-81.28727500024438,33.99644999978582],[-81.28732600029798,33.996528000073084],[-81.28752799996435,33.99684299967398],[-81.28765400036106,33.997013000261866],[-81.28797300020328,33.997502000016844],[-81.28811299994537,33.99770100013937],[-81.28833300005338,33.99798500019181],[-81.28841599989407,33.99808199997905],[-81.28848399966613,33.99814800004741],[-81.28885299973707,33.998556000279436],[-81.28912200024891,33.99884499994088],[-81.28928299990739,33.999008999829414],[-81.28961299962027,33.99937899991366],[-81.28990700024644,33.999695000299766],[-81.29009899986708,33.9999200000444],[-81.29020000014941,34.00004899970859],[-81.29054300028109,34.000540999643086],[-81.29063699999242,34.00069099978286],[-81.29076099984097,34.00093000002919],[-81.29082199994035,34.00103500004636],[-81.29093900011621,34.00123400008444],[-81.29110899999553,34.001573999729494],[-81.29129300011854,34.00187499997915],[-81.29154699966344,34.00237000022535],[-81.29161799980857,34.00252799984249],[-81.29167300006013,34.00267400033983],[-81.29173099978647,34.00288399965607],[-81.29176599994656,34.00304699979231],[-81.29178500021312,34.003172000086956],[-81.29179799973362,34.0033099998232],[-81.29180199993158,34.003571000249295],[-81.29179100006091,34.00373899975692],[-81.29177099996943,34.00390699967688],[-81.29176599994656,34.00401100034734],[-81.29173400015951,34.00431900032572],[-81.29155599988427,34.00569599989385],[-81.29153300031805,34.005985999948535],[-81.29154699966344,34.006109000165665],[-81.29155699970919,34.00628100029768],[-81.29160299973994,34.00656399985642],[-81.29163500042532,34.00666700014853],[-81.29165100031882,34.00671700009345],[-81.29170499984718,34.00686199999069],[-81.29177199979434,34.00700999993859],[-81.2926849998384,34.00867600027594],[-81.29119400038435,34.007860999846336],[-81.29102399960671,34.007765000146996],[-81.29090700032917,34.007691000118534],[-81.2906140004262,34.00748400031017],[-81.28798400007393,34.0054810002413],[-81.28780800034684,34.00532599977307],[-81.28765400036106,34.005180000111125],[-81.2869189996939,34.00433000027769],[-81.28633799991084,34.00370199985842],[-81.28610600010727,34.003754999728116],[-81.28504800029823,34.004022999729145],[-81.2843910003472,34.00420899998293],[-81.2839550003291,34.00433699970481],[-81.28301700017069,34.00462400029407],[-81.2827219997196,34.00470500015771],[-81.28201500043816,34.004888000034214],[-81.28175000012429,34.00494400027975],[-81.28161000038222,34.004979000135236],[-81.28148599963534,34.00499599999603],[-81.28128599961879,34.00503199995274],[-81.280666000376,34.00511099992848],[-81.28002699996831,34.005180000111125],[-81.27941600004803,34.00523899978028],[-81.27899300044874,34.005288999821296],[-81.27857099977604,34.005349999652694],[-81.27821199975084,34.00541999975924],[-81.27776300021226,34.00549300016],[-81.27719900014765,34.00559999998114],[-81.2763379999821,34.00575000012287],[-81.27615800005705,34.00577999982153],[-81.27495999960763,34.00595799980158],[-81.2747670001621,34.00598700006001],[-81.27149800030047,34.00647199985862],[-81.27020899961445,34.00666399983812],[-81.26956199970917,34.00676100013981],[-81.26923199999626,34.00682600006496],[-81.26902600013196,34.006877000017255],[-81.26875800034335,34.00695900006617],[-81.26837699967854,34.00709999990156],[-81.2682550003781,34.00715199978705],[-81.26820799962412,34.00717200025009],[-81.26790999969829,34.00732199984923],[-81.26755599969596,34.00750899967348],[-81.26750700019049,34.00753599996053],[-81.26741400030407,34.00758600013849],[-81.2671359995714,34.00773499966019],[-81.26711700020314,34.007744999823636],[-81.26649500041222,34.00807899969143],[-81.26648199999343,34.00808600029886],[-81.26619499993825,34.00822400024175],[-81.26475499963948,34.00887600036013],[-81.26375499955678,34.009313000308815],[-81.26354600021772,34.00939500023942],[-81.26331600006395,34.009477000090854],[-81.26308699973508,34.00955100005227],[-81.26288800044178,34.00960500006391],[-81.26274600015157,34.009634999890075],[-81.2624749999899,34.00967999998176],[-81.26212299963741,34.00972399998214],[-81.26026099956425,34.00987300022035],[-81.25991400013295,34.00988300013202],[-81.25950200040428,34.009825000032215],[-81.25956099995551,34.009884000197594],[-81.25965600039008,34.009970999899615],[-81.259841000338,34.01016999985014],[-81.26002399973778,34.01037699981272],[-81.26013400024097,34.010520000046135],[-81.26022700012737,34.01065200016245],[-81.26033900028037,34.01083299977386],[-81.26042399977086,34.01098699981833],[-81.26051400018257,34.011176999913765],[-81.26059799984816,34.01138399965536],[-81.26065700029768,34.01154699985933],[-81.26071800039705,34.01174399975216],[-81.26076899955237,34.01194300001522],[-81.26080000041281,34.012094000161774],[-81.26083499967461,34.0123130003459],[-81.26089300029925,34.01276800030298],[-81.26097399959177,34.01339399990165],[-81.26105700033078,34.01397800012372],[-81.26111699970691,34.01439899967904],[-81.26117199995849,34.01468399975122],[-81.26122499966195,34.01489999993675],[-81.26128599976133,34.01508000016794],[-81.26169199964218,34.01606500023838],[-81.26175100009172,34.016173000132135],[-81.2617979999474,34.01628099988855],[-81.26191599994816,34.01653400001409],[-81.26202200025338,34.01674300006704],[-81.26217000039138,34.0169849997598],[-81.26229500006485,34.01716899995681],[-81.26070599980318,34.01664599999957],[-81.26038199993808,34.01654399988579],[-81.26028400002879,34.01652700010312],[-81.26012199964707,34.016515000254486],[-81.25658599982175,34.01671599972927],[-81.25638199960726,34.016721999639635],[-81.25619900020746,34.01671999966956],[-81.25603600000085,34.01671199978884],[-81.25585299970274,34.01669799999578],[-81.25551499959394,34.01665499987227],[-81.25515499974384,34.01659599994449],[-81.25436800009646,34.01645100028853],[-81.25373100023691,34.01635299989804],[-81.25354899976372,34.01633800005623],[-81.25336499964071,34.01634200001428],[-81.25322400007371,34.0163579998447],[-81.25306599988994,34.016386000285266],[-81.25300899998857,34.01639700016332],[-81.2529060000564,34.01642499984642],[-81.25283499991129,34.016445000359006],[-81.25270500021495,34.01649299978298],[-81.25261499980324,34.01653300002685],[-81.25251100004618,34.01658700006547],[-81.25230900037981,34.01671599972927],[-81.2522590001511,34.016747999990734],[-81.25198799998945,34.016893999867015],[-81.25181100043744,34.016977999886066],[-81.2516120002458,34.01705699991675],[-81.25137500041933,34.017118000229466],[-81.2511190003263,34.01716999993656],[-81.25089800039338,34.0172010000475],[-81.25056799978218,34.017235000084064],[-81.2502099995819,34.017295000290616],[-81.25005200029645,34.017331000245264],[-81.24869200036363,34.01766800030065],[-81.24856599996693,34.01768799977578],[-81.24842399967673,34.01769500033556],[-81.24832199956948,34.01768099996002],[-81.24821299978952,34.01763599964141],[-81.24812499992596,34.017565999925736],[-81.2480699996744,34.01749100027264],[-81.24801699997094,34.01738099986737],[-81.24799400040472,34.017285999741105],[-81.24799799970437,34.017166999997265],[-81.2480289996665,34.01705399997351],[-81.24955299963086,34.01389700016967],[-81.24970999998969,34.01357000025885],[-81.24972699970813,34.01346900019581],[-81.24971400018765,34.01336800001256],[-81.24969200044634,34.013316000210494],[-81.2496329999968,34.013230000238885],[-81.24949400007962,34.01310599988398],[-81.2494210002847,34.013075999794964],[-81.24928099964428,34.013055999977894],[-81.24915900034387,34.013075999794964],[-81.24900199998503,34.01310999999438],[-81.24805899980375,34.01340400014328],[-81.24780199988578,34.01350700032947],[-81.24752999989923,34.01365999997053],[-81.24704100017767,34.01387699980142],[-81.24677099984095,34.013967999949706],[-81.2465289999916,34.0140429997368],[-81.24642699988436,34.01406300006594],[-81.24632300012729,34.014073000228755],[-81.24621799964697,34.014073000228755],[-81.24605899963834,34.0140459997865],[-81.245964999927,34.014007999894034],[-81.24578599982685,34.01391799980669],[-81.24519499999806,34.01351699981315],[-81.24508799986795,34.01343400011641],[-81.24496400001938,34.013323999666646],[-81.24477499987348,34.01313599996243],[-81.24417999984675,34.01245800036782],[-81.24412200012041,34.012382999925215],[-81.24406100002103,34.01227200031022],[-81.24402599986095,34.0121710001923],[-81.24396499976159,34.01187500015735],[-81.24392499957861,34.01163900031597],[-81.24387600007313,34.0114509998593],[-81.24375999972217,34.011245000330575],[-81.24353999961414,34.010985999765744],[-81.24324199968832,34.01071399992058],[-81.24320900007636,34.01072499978882],[-81.24297100042497,34.01079399987788],[-81.24273100022546,34.01085600027698],[-81.23962800004517,34.01149100024481],[-81.23946800021163,34.01153299995913],[-81.23921700014145,34.011608999708585],[-81.23906300015568,34.011664999989875],[-81.23889999994904,34.01173300001587],[-81.23859500035053,34.01189100008504],[-81.23838100009029,34.01201900014228],[-81.23779699993418,34.01244900005013],[-81.23760299976541,34.01259299980613],[-81.236924999898,34.01308400001832],[-81.23661699992641,34.01331000005946],[-81.2360739997782,34.01371300032702],[-81.23596699964808,34.01378500028056],[-81.23501000012139,34.01444000017683],[-81.23497599978622,34.01446299970278],[-81.23462699980675,34.01470399992941],[-81.23399199959702,34.01514099966741],[-81.23386600009866,34.01522799993974],[-81.23369200002138,34.015332000148234],[-81.23364400034079,34.01536100018372],[-81.23362800044727,34.015372000194525],[-81.23359199956394,34.01539500021261],[-81.23347299973825,34.01547100022801],[-81.23328600014051,34.0155920001122],[-81.23318900005611,34.01565099999314],[-81.23306600003248,34.015725999782624],[-81.23280699956639,34.015874999912484],[-81.23236700024864,34.01611999982228],[-81.23191100013908,34.01636599975878],[-81.23177200022191,34.0164299997889],[-81.2313139995642,34.016645000013646],[-81.23076600029141,34.01688100008711],[-81.23047599986319,34.01701399997514],[-81.23029400028831,34.01707900024209],[-81.2299770000959,34.01720699992353],[-81.22933500021348,34.017447999806286],[-81.22915100009048,34.017508999838036],[-81.22862700020883,34.01766800030065],[-81.22807400001487,34.01783300029723],[-81.22784499968601,34.017890000167355],[-81.22763100032408,34.017943000116794],[-81.22707700030521,34.018052999793795],[-81.22700399961197,34.01806800007717],[-81.22635599988176,34.018196999724125],[-81.22546600030222,34.01839299985722],[-81.22389100028427,34.01871400003603],[-81.22334899996095,34.0188030002905],[-81.22307199995153,34.018843000190444],[-81.22232299993898,34.0189150002606],[-81.22221699963377,34.019237999865375],[-81.22214700021189,34.01942500025039],[-81.22206500019612,34.01964000033525],[-81.2219079998373,34.02014599991311],[-81.22173399976002,34.020610999721626],[-81.22159800021589,34.02102900008441],[-81.22149000026086,34.02132199968153],[-81.22145799957549,34.02142699979918],[-81.22138399995565,34.021702000094535],[-81.22137800010788,34.02172599981267],[-81.22126799960469,34.02207500009729],[-81.22123900019069,34.02219800008812],[-81.22119599963466,34.02242999994275],[-81.22111500034212,34.02278499979244],[-81.2209930001434,34.02355299994403],[-81.22093500041707,34.02400199982448],[-81.22092700002116,34.02416299983151],[-81.22091199995255,34.02445200020158],[-81.22088900038632,34.02465500002251],[-81.2208800001655,34.02473799991577],[-81.22083699960947,34.02522299981306],[-81.22079899997465,34.025671999792316],[-81.22074999957084,34.02618700024095],[-81.22074299989814,34.02625800016464],[-81.22069799969229,34.026732000282756],[-81.2206559998595,34.02717700027564],[-81.22063099974515,34.027527000337045],[-81.22058700026254,34.02799199990853],[-81.22056299997308,34.02823900027776],[-81.22048900035323,34.02920399978363],[-81.22047500010953,34.02936700001617],[-81.22033299981932,34.03102199989307],[-81.22029299963634,34.03146199992062],[-81.2202190000165,34.031950000260196],[-81.22019100042742,34.032251999827096],[-81.2201550004424,34.03251900015363],[-81.22010799968842,34.03276600000025],[-81.22006900022869,34.032935000342945],[-81.22001300015216,34.03314100008961],[-81.21995700007568,34.03332399971604],[-81.21988599993057,34.03350699969212],[-81.2197839998233,34.03372899981669],[-81.21968199971606,34.03392199972116],[-81.21958100033204,34.03409400007991],[-81.21947199965379,34.03426300001052],[-81.21934199995744,34.03444499967381],[-81.21918899979657,34.03463699966434],[-81.21901499971929,34.03483599985506],[-81.21871799961838,34.03517000033048],[-81.2178530001532,34.03614199969707],[-81.21776699993947,34.03623299979515],[-81.21765999980936,34.0363719998875],[-81.21728900008858,34.037253999717464],[-81.21700000038358,34.03799800035326],[-81.21678799977316,34.038816000176205],[-81.21658299973375,34.03999500013175],[-81.21684300002474,34.04004699996459],[-81.21754500018163,34.040208999754725],[-81.21756899957275,34.041900000224466],[-81.21871199977059,34.050900000304786],[-81.21976000043219,34.05269299965933],[-81.21916799988017,34.05284799996095],[-81.21872099999142,34.05300900030075],[-81.21678199992537,34.05343200031423],[-81.21653099985522,34.05338700034977],[-81.21611599975353,34.053336000063496],[-81.21542899966525,34.05319900009106],[-81.21459000013935,34.05303899966919],[-81.21358300038395,34.052505000094435],[-81.21237800026182,34.05184100016315],[-81.21143199970747,34.05140600027383],[-81.21068400041817,34.05108599980306],[-81.2097989999632,34.050772999676646],[-81.20827300034902,34.05053599975386],[-81.20694600002817,34.050300000246445],[-81.20595400034138,34.05023100027263],[-81.20494699968768,34.05025399977398],[-81.20395500000089,34.05051399991582],[-81.20331399994338,34.050530000001565],[-81.20253599961852,34.05030099983576],[-81.201421999733,34.049706000218784],[-81.20036899994686,34.04894299963451],[-81.19953000042094,34.04854599983681],[-81.19815600024441,34.048286999971864],[-81.19669199965622,34.048286999971864],[-81.19531800037802,34.048233000009525],[-81.19437199982366,34.04810300026243],[-81.19325799993814,34.04771400018939],[-81.19231200028212,34.047089000307224],[-81.19136599972776,34.04652399992065],[-81.19078800031777,34.046270999888115],[-81.18999499992431,34.04595999987588],[-81.18890299978008,34.045595000058164],[-81.18805099983538,34.045348999998254],[-81.18727000003578,34.04521999994488],[-81.18662800015336,34.04522800011546],[-81.18587199956984,34.04532500026286],[-81.18538200002337,34.04542999970646],[-81.18491599986804,34.04560500022702],[-81.18465599957705,34.045737000112794],[-81.18407700034214,34.04603600005838],[-81.18354099986662,34.04637399963352],[-81.18281799979336,34.046829000083136],[-81.18245700011832,34.04706199994885],[-81.1822239995915,34.04721300013333],[-81.18346700024678,34.04760499987946],[-81.1837710000204,34.0477650001361],[-81.18408599966466,34.04811900005884],[-81.18420000036579,34.048304999703525],[-81.18497100011965,34.049562999769776],[-81.18589699968419,34.05152099984568],[-81.18589400020944,34.05185599968321],[-81.18579600030016,34.052019999869756],[-81.18574000022367,34.052114999809994],[-81.18546200038932,34.05233499973303],[-81.18541499963534,34.05241699977477],[-81.18545999984117,34.05251300032196],[-81.18567199955328,34.052666999902705],[-81.18588199961557,34.05282799984196],[-81.18609400022599,34.05304199982872],[-81.1862859998466,34.0536430001267],[-81.18688800044438,34.05345900013259],[-81.18702800018646,34.05350500035464],[-81.18880400004588,34.053669999877854],[-81.18896300005454,34.05367400030888],[-81.18912200006321,34.05366900032826],[-81.18981499999923,34.05361000008838],[-81.19090200012057,34.05523899983887],[-81.19091800001411,34.055270000181615],[-81.19109799993916,34.055614999822076],[-81.19115700038871,34.05577900017916],[-81.19119599984845,34.05593799962789],[-81.19120099987133,34.05601500006355],[-81.1911980003966,34.056091000163974],[-81.1911220002286,34.056734000098174],[-81.19109700011424,34.05695599970778],[-81.19105699993128,34.057284000125236],[-81.19097699956535,34.057962999771846],[-81.19093399990763,34.05833999981831],[-81.19092100038715,34.058395999772955],[-81.19089799992263,34.05844899972255],[-81.19066199992108,34.05888599965852],[-81.1905099995851,34.0591609998341],[-81.19048799984381,34.05921999993142],[-81.19055700033908,34.060470000047495],[-81.19057499988243,34.06061000006746],[-81.19059599979883,34.0606920002907],[-81.19135300020729,34.06272899998273],[-81.19187399971588,34.06412799991441],[-81.192241000137,34.0651699999318],[-81.19260900038304,34.06621199978661],[-81.19287899982146,34.06712799967516],[-81.19319400036404,34.06819100035024],[-81.19187200006607,34.068354000064105],[-81.19055999981381,34.06851899970158],[-81.19028799982726,34.06854499980459],[-81.1900369997571,34.0685589999712],[-81.18968000028003,34.06855799985305],[-81.18933799997328,34.06854499980459],[-81.18901900013104,34.0685230001759],[-81.188650999885,34.06848500012729],[-81.18836300000491,34.06844599994217],[-81.18816299998838,34.06841499995397],[-81.18775200008464,34.068332999762426],[-81.18752199993087,34.06827799979826],[-81.18728199973135,34.06821300006514],[-81.1870249998134,34.06813400004758],[-81.18682099959891,34.06806499970824],[-81.18658399977244,34.06797599979149],[-81.18637899973304,34.06789199966728],[-81.18491000002027,34.06734499967407],[-81.1842150004344,34.06708900035378],[-81.18404600038001,34.06703599985423],[-81.18389300021913,34.066996999746344],[-81.18379799978457,34.066978000126134],[-81.1837369996852,34.06696599997209],[-81.18358000022468,34.066942999796254],[-81.18344299995734,34.06693099963731],[-81.18319199988717,34.06692300002648],[-81.18296400028153,34.06693299991195],[-81.18284499955752,34.06694600020781],[-81.1817230001744,34.06707399980855],[-81.18139400028643,34.0670930001514],[-81.18113399999544,34.0670930001514],[-81.18089499962085,34.06708300028481],[-81.17987000032208,34.066996999746344],[-81.17964699984101,34.06698500033916],[-81.17945100002244,34.06698300006574],[-81.17925600002876,34.066989000141746],[-81.17869699998703,34.06702499984472],[-81.17841599977962,34.067050000270235],[-81.17781200043035,34.067121000218044],[-81.17795499964717,34.06690499978318],[-81.1780340001882,34.06680399995929],[-81.17810699998314,34.066693000102454],[-81.17816999973235,34.0665780002784],[-81.17823500002966,34.06642500006993],[-81.17827400038772,34.06630200021274],[-81.17830100015189,34.06617800003069],[-81.17833100028913,34.06593700016616],[-81.1783439998096,34.06574699990703],[-81.17835999970313,34.06562100009557],[-81.17839300021339,34.0654420000885],[-81.1784280003735,34.06530400017832],[-81.1785470001992,34.06495700021457],[-81.17870000036007,34.06457999983578],[-81.17876200028435,34.064444000343485],[-81.17891700009505,34.06419699973894],[-81.17911700011157,34.06384500032676],[-81.17919999995227,34.06367800016612],[-81.17927600012025,34.06350799988734],[-81.17933100037182,34.063370999983654],[-81.17940300034185,34.063162999630336],[-81.17953600041126,34.06270799977535],[-81.17970000044278,34.06213600017007],[-81.1801459996083,34.060478999736766],[-81.18019099981413,34.06030999995409],[-81.18022699979915,34.06011399991181],[-81.18024900043878,34.05991599972024],[-81.18025799976128,34.05977099967742],[-81.18026699998211,34.05943599986161],[-81.17926799972432,34.05951600002684],[-81.17788400040037,34.05960399967484],[-81.17694000039417,34.059726000101236],[-81.17629900033668,34.059834999711484],[-81.17567199962454,34.0600030002222],[-81.17433400033136,34.06060000018003],[-81.17387900004668,34.060865000147444],[-81.17317500023998,34.06126500017189],[-81.17193999998064,34.061915999637314],[-81.17028899979469,34.06285800018558],[-81.16970299998876,34.06308100030963],[-81.16915200034295,34.06322400028061],[-81.16883099995258,34.063283999962394],[-81.16850600026257,34.063345999961],[-81.16793499962695,34.06332700026634],[-81.1674169995931,34.06332600008643],[-81.16668600002221,34.06322700007966],[-81.1660230002234,34.06310299986289],[-81.16622900008772,34.063307999823216],[-81.16649799970124,34.063562999971055],[-81.16753100029423,34.06449200014547],[-81.1687330000433,34.06557200003561],[-81.16958199961495,34.066334999774455],[-81.16939500001719,34.06646200015544],[-81.1693730002759,34.066477000064786],[-81.1690140002507,34.06670699983097],[-81.1689720004179,34.06673399988549],[-81.16874300008904,34.066871000305326],[-81.16861000001964,34.06694399993341],[-81.16837700039115,34.06706600021127],[-81.16829700002519,34.067104000152135],[-81.16818900007017,34.067155999730296],[-81.16800400012224,34.06723800031673],[-81.16791100023582,34.06726899999147],[-81.16781499997634,34.06730300005371],[-81.16779900008284,34.06730900010705],[-81.1676769998841,34.06734699993894],[-81.1662890003622,34.06777900023698],[-81.16606800042925,34.06785500020628],[-81.16587099988745,34.06793200023291],[-81.16562400001523,34.068042999954926],[-81.16543999989221,34.068141000165156],[-81.16519399984492,34.06828999976642],[-81.16512500024794,34.06834800008476],[-81.16499800002634,34.06843999996935],[-81.16488400022352,34.06853199975409],[-81.16304300006678,34.07011200026679],[-81.1625450001244,34.07054600005019],[-81.16235199978055,34.070706000163796],[-81.1621579996118,34.070855999809865],[-81.16196299961813,34.07099699987492],[-81.1618050003327,34.07110399969381],[-81.16157000015605,34.07125400012345],[-81.16138199983507,34.07136499995782],[-81.16041699991247,34.07183599999021],[-81.1588350002218,34.072609999901175],[-81.15825899956332,34.07289099984382],[-81.1578150000476,34.073107999964016],[-81.15748500033474,34.07327099989104],[-81.15739599974796,34.07331499965321],[-81.15687699988918,34.07357200031049],[-81.15663800041288,34.073700000318],[-81.15630600015189,34.07389800029745],[-81.15619700037195,34.07397099982359],[-81.15599300015744,34.074108999754934],[-81.15590500029388,34.074178999688044],[-81.15580400001156,34.07425800002142],[-81.1556869998357,34.074359999937855],[-81.15554600026869,34.0744840000502],[-81.1554569996819,34.07456899963831],[-81.15531600011491,34.07471300035663],[-81.15497800000612,34.07507799979918],[-81.15443400003299,34.07573799984334],[-81.15410299959689,34.07613999965671],[-81.15384900005199,34.076446999704515],[-81.15353000020976,34.07683400031211],[-81.15339700014036,34.07699599974731],[-81.152935000183,34.07755700009552],[-81.15289400017511,34.07760399989767],[-81.15392199984692,34.07821700016842],[-81.15438299997936,34.07849100010612],[-81.15467900025537,34.078659000085736],[-81.15710899969278,34.080035000024736],[-81.15891899988739,34.08100799986472],[-81.15962600006714,34.08138799995385],[-81.15987899978714,34.08152399977503],[-81.16078900035647,34.08198700018755],[-81.16080199987694,34.081993999904434],[-81.16111200039666,34.08215300001306],[-81.1612989999944,34.08224900035523],[-81.16250199956836,34.082857999944466],[-81.1626990001102,34.08295800002405],[-81.16302600034834,34.08311499991818],[-81.16400399979142,34.08359099978941],[-81.16425400003666,34.08371199996156],[-81.16554000034965,34.08433599991226],[-81.16726699980525,34.08512599967786],[-81.16843000009459,34.08565799994011],[-81.16867799979171,34.08576499983803],[-81.16955599967568,34.086145000155724],[-81.16983900043122,34.08626700030719],[-81.1702539996346,34.08644299974038],[-81.1705499999106,34.086585999707914],[-81.17126200011322,34.08687899971936],[-81.17175300038289,34.08708199963295],[-81.17190399999564,34.08714499996892],[-81.17195500004925,34.08716500017204],[-81.17214500002005,34.08723999996178],[-81.17224200010443,34.08727799978033],[-81.17239799974006,34.08734000007412],[-81.17269700038909,34.087457999667805],[-81.1727180003055,34.08747099978954],[-81.17280199997109,34.08752200036222],[-81.17284999965166,34.08755100026568],[-81.17288900000973,34.09014499996121],[-81.17198199981344,34.09048799997308],[-81.17155400019126,34.090644000182365],[-81.171520999681,34.09065500010047],[-81.17142799979457,34.09068299981784],[-81.17132700041054,34.090713999839494],[-81.17123699999887,34.09073700025623],[-81.17118699977014,34.0907540000427],[-81.17111899999807,34.09077800030437],[-81.17104700002807,34.09080799969191],[-81.17075099975204,34.090877000102765],[-81.17035599974183,34.09095099972616],[-81.16997400015042,34.0910069996998],[-81.16946299978926,34.09106500008513],[-81.1686130003927,34.09107599994846],[-81.16855200029332,34.09107400024394],[-81.168486999996,34.09107299964769],[-81.16836899999522,34.09106599993746],[-81.16830899972076,34.09106299963639],[-81.16826000021527,34.091060000079125],[-81.168114999552,34.091050999918764],[-81.16806699987143,34.091048000361056],[-81.16788000027368,34.09103699975014],[-81.167789999862,34.09103199974249],[-81.16732200005686,34.090995999827456],[-81.16721900012469,34.09098900011085],[-81.16713600028402,34.090983000247],[-81.16695100033608,34.09096999992067],[-81.16648400035585,34.090938999992694],[-81.16639599959399,34.090934999833195],[-81.1663470000885,34.090933999979256],[-81.16621099964607,34.09092899996552],[-81.16595200007829,34.0909239999515],[-81.16573299979517,34.09091999979129],[-81.16583200042768,34.09100800029678],[-81.16602800024627,34.09119099998996],[-81.16609299964529,34.09125299964991],[-81.1661350003764,34.09129300034238],[-81.16620899999624,34.091359999916214],[-81.16656399982347,34.09167699977914],[-81.16668299964917,34.0917829996656],[-81.16673000040313,34.09182599963786],[-81.16680900004587,34.091896999648014],[-81.1668740003432,34.09195500016743],[-81.16692299984868,34.09199899989371],[-81.16715399982735,34.092206000277045],[-81.16735700021695,34.092386999938626],[-81.16758999984545,34.09261799985704],[-81.16782699967192,34.09285200012684],[-81.16804900032808,34.09307100008895],[-81.16806199984855,34.09308300026412],[-81.16810100020662,34.09312099969177],[-81.16811399972711,34.093133999687765],[-81.16812799997079,34.093148000253564],[-81.16817200035173,34.093192000103606],[-81.16818700042035,34.093206999742925],[-81.16820099976573,34.09322100029659],[-81.16824699979648,34.093261000059044],[-81.1682610000402,34.09327999973507],[-81.16902400029643,34.09394899985953],[-81.17035800028998,34.09511999995173],[-81.17130099957298,34.09597299997754],[-81.17193699960758,34.09654900010863],[-81.17205399978346,34.096655999631515],[-81.17256299959648,34.09712100017204],[-81.1738589999552,34.09830699974742],[-81.17408699956083,34.098521000163764],[-81.17453900037076,34.09894399983277],[-81.17459100024932,34.09899299992686],[-81.17461499964044,34.09901499982326],[-81.17468800033367,34.09908100022193],[-81.17471300044804,34.09910300009547],[-81.17309999989692,34.098958000181355],[-81.17271300028264,34.098928999722425],[-81.17260000030474,34.098918000135676],[-81.1724360002732,34.09890099975723],[-81.17238500021956,34.09889499971032],[-81.17236699977792,34.09889300019053],[-81.17216000008867,34.09887299978278],[-81.17148499969598,34.09880999999235],[-81.17126100028831,34.09879000030881],[-81.17122799977803,34.098787000281526],[-81.17113200041686,34.09877800019887],[-81.1710999997315,34.09877599993243],[-81.17101799971576,34.098768000353964],[-81.17078699973706,34.098747000155015],[-81.1707740002166,34.098744000126146],[-81.17069399985066,34.0987310002479],[-81.1705990003144,34.098713999831844],[-81.17044000030573,34.0986949998879],[-81.17018900023558,34.09865300019245],[-81.16991700024901,34.09860900020576],[-81.16868299981456,34.09838200008003],[-81.16818200039747,34.09828999999007],[-81.16805900037383,34.09826700013794],[-81.16769100012779,34.098199000312086],[-81.16761699960962,34.09818600035006],[-81.16756899992906,34.09817700020355],[-81.16731500038416,34.098129999918775],[-81.16685199970357,34.09804599994624],[-81.16655499960265,34.09799099993679],[-81.16630199988266,34.097945000063675],[-81.16627500011847,34.09793999972018],[-81.16619399992763,34.09792500017578],[-81.16616700016345,34.097919999831106],[-81.16612699998048,34.09791200017167],[-81.16600700032987,34.09788999998858],[-81.16596799997181,34.09788300009819],[-81.16591400044346,34.09787300014748],[-81.16575399971157,34.0978430002883],[-81.16570100000813,34.09783400010532],[-81.16526599981493,34.097753999676435],[-81.1650309996383,34.0977109997401],[-81.16391400027804,34.09750499994975],[-81.16352599994052,34.09743400018024],[-81.16337399960456,34.09740700024177],[-81.16310699964087,34.09735199981706],[-81.16304999973946,34.097340000247115],[-81.16282999963143,34.09729600032164],[-81.16244399984207,34.09721999999083],[-81.16215500013706,34.09713999972546],[-81.16179799976169,34.097026999891206],[-81.16153300034613,34.09694300031172],[-81.16136699976646,34.09688100035604],[-81.1610310002058,34.096754000209096],[-81.1607569996711,34.09663300007921],[-81.16047700018693,34.09649799976704],[-81.16040100001895,34.09688500023455],[-81.16034499994247,34.097290999939865],[-81.16029499971373,34.097761000321384],[-81.16026999959938,34.09829699984681],[-81.16026299992669,34.0988870001431],[-81.16026200010177,34.09896700024482],[-81.16025999955365,34.09920300032748],[-81.16025899972873,34.099273000345235],[-81.1602579999038,34.09951900007584],[-81.16025500042907,34.100123999936486],[-81.1602579999038,34.100468000164895],[-81.16025999955365,34.100702000303926],[-81.16026200010177,34.10078500013421],[-81.16027399979733,34.10111199997287],[-81.16028300001817,34.1013440003569],[-81.16032300020115,34.10209300008946],[-81.16034099974448,34.10242000008055],[-81.16035199961513,34.10262700026792],[-81.16038500012542,34.10325000018397],[-81.16039699982099,34.103458000278366],[-81.16040799969163,34.10369899974115],[-81.16044399967664,34.10442299965619],[-81.16045000042276,34.104536000028176],[-81.16046399976814,34.10466400008956],[-81.16048399985962,34.10479600020568],[-81.16051300017193,34.10492699968346],[-81.1605530003549,34.10505600032807],[-81.16055699965455,34.105066000173736],[-81.16060299968531,34.10518200023154],[-81.16091499985484,34.10583200016485],[-81.16109300013007,34.106185999959806],[-81.16127999972784,34.1065559996794],[-81.16136199974359,34.106718999928944],[-81.1616089996158,34.10720800028103],[-81.16169200035479,34.10737199967793],[-81.16181200000538,34.107621000122855],[-81.16188300015051,34.10780900010174],[-81.16191499993755,34.1079270001678],[-81.1619259998082,34.10796800007028],[-81.16194900027274,34.10814100005683],[-81.16195199974747,34.108226000071056],[-81.16194300042496,34.108357999836414],[-81.16190900008976,34.10855399980674],[-81.16186600043207,34.108698999640566],[-81.16181600020333,34.10881499992371],[-81.1617350000125,34.10895699964342],[-81.16134400020023,34.10957100012958],[-81.16130700039032,34.10963099970308],[-81.1611790003438,34.10987000017259],[-81.16113599978779,34.10996899995148],[-81.16108999975701,34.1101129999639],[-81.16106600036589,34.11026200009065],[-81.16106299999284,34.11036999974887],[-81.16106299999284,34.11038100007822],[-81.1610730000386,34.1105110002108],[-81.16109700032803,34.110645000115525],[-81.16113300031304,34.11077699982524],[-81.16119600006223,34.11093400018651],[-81.16125799998652,34.11104599968347],[-81.16129599962134,34.111101999748264],[-81.16133199960636,34.1111550001871],[-81.16145399980509,34.11130799990652],[-81.16136799959138,34.11136500015415],[-81.16116299955196,34.11144700032558],[-81.16112999993999,34.111501999770184],[-81.16110300017581,34.11155699992279],[-81.16109700032803,34.11163399963008],[-81.16106999966554,34.11172800004706],[-81.16101699996209,34.11179899972308],[-81.16094400016716,34.11187599995389],[-81.16069999976969,34.11196899975275],[-81.1605740002713,34.11206800005014],[-81.16048800005758,34.112122999834725],[-81.16033599972162,34.11218899967774],[-81.1601449999259,34.11226100005633],[-81.15992599964278,34.1123489999399],[-81.15979400029661,34.11243099990119],[-81.15944399959395,34.11260899990642],[-81.15941699982976,34.11262300022519],[-81.15913300014763,34.11276099963106],[-81.15888999957508,34.112896000028435],[-81.15883600004672,34.112925999756946],[-81.15872300006882,34.11299699991492],[-81.15859800039533,34.11311300025426],[-81.15845899957985,34.11325000001416],[-81.15831999966268,34.11337600035746],[-81.15815499980624,34.113470000326025],[-81.15793600042144,34.113580000267405],[-81.15779099975818,34.11361800015984],[-81.15757900004606,34.11365700036439],[-81.15726199985366,34.113672999680325],[-81.15687900043733,34.11366199977909],[-81.15640900008405,34.11362900006681],[-81.15562599973632,34.11353300035731],[-81.15554999956834,34.1135240003557],[-81.15531899958965,34.11349099984584],[-81.15496200011258,34.11337600035746],[-81.1548559998074,34.11335399973259],[-81.15465099976795,34.113347999966805],[-81.15449299958422,34.1133260000784],[-81.15432699990286,34.113259999635055],[-81.15417600029014,34.11318800010688],[-81.15404300022074,34.11311700010924],[-81.15389799955747,34.11302299974832],[-81.15377200005908,34.11296799980522],[-81.15360700020264,34.112923999824964],[-81.15342200025472,34.112908000367355],[-81.15323700030679,34.112908000367355],[-81.15309800038963,34.112923999824964],[-81.1529789996656,34.1129630003495],[-81.15286700041094,34.11306200022722],[-81.15270099983127,34.11323199994975],[-81.1525760001578,34.113375000024895],[-81.15246999985258,34.113523000024934],[-81.15231099984395,34.113863999833235],[-81.152238000049,34.11406200033862],[-81.15215199983528,34.11421100020294],[-81.15208599971304,34.11429299984656],[-81.1519140001839,34.11457300020733],[-81.1517030002967,34.1147709997967],[-81.15157000022731,34.11483699980468],[-81.15138500027939,34.11490299976121],[-81.15118000023998,34.114947000199464],[-81.15085700019978,34.11500200034318],[-81.15067800009963,34.115006999678315],[-81.15028100043959,34.115006999678315],[-81.15008999974559,34.115028999873275],[-81.14973300026853,34.11506199978306],[-81.14960100002403,34.11506800017089],[-81.14944200001538,34.11506800017089],[-81.14917800042474,34.115051000062465],[-81.14895900014162,34.115011999756945],[-81.14847700009278,34.11489700010535],[-81.14821900034993,34.114791999737186],[-81.14790899983021,34.114676999786475],[-81.14743900037524,34.11445099995157],[-81.14712200018283,34.11428599982565],[-81.14681800040923,34.114153999641964],[-81.14658700043054,34.11406600014872],[-81.14644799961503,34.11402199999594],[-81.14643099989661,34.11402099967101],[-81.14635599955355,34.11401699985879],[-81.14616399993292,34.11403299985032],[-81.1459720003123,34.11405999968975],[-81.14595300004572,34.11406100001422],[-81.14579999988484,34.11407100028298],[-81.14565500011989,34.11405999968975],[-81.14549600011124,34.11402199999594],[-81.14530500031552,34.113949999628915],[-81.1451060001239,34.11390100001548],[-81.14496700020672,34.113890000143876],[-81.14466300043311,34.113917000028955],[-81.14458700026513,34.11391599970284],[-81.14437899985266,34.113917000028955],[-81.14420099957744,34.11392799989704],[-81.14416799996546,34.11400499967722],[-81.14416799996546,34.11405999968975],[-81.14420099957744,34.11417499973564],[-81.14420700032352,34.114257999736296],[-81.14420700032352,34.1143400000781],[-81.14417399981326,34.11442800002995],[-81.14411100006406,34.11448099987232],[-81.14407500007906,34.11451099978235],[-81.14398200019264,34.11455999978609],[-81.14371900042691,34.11457300020733],[-81.1435799996114,34.11466299980766],[-81.14349900031888,34.11490299976121],[-81.14331400037095,34.115044000104284],[-81.14327300036307,34.11519900010468],[-81.14324999989852,34.11528800021648],[-81.14317899975342,34.11548800023457],[-81.14318200012647,34.1155659996449],[-81.14317600027869,34.11558500026266],[-81.14316600023294,34.11561999982379],[-81.1431489996162,34.11567599983523],[-81.14307599982125,34.11586800023029],[-81.14301600044512,34.11599999997022],[-81.14295699999556,34.116105000326094],[-81.14283800016989,34.116219999822555],[-81.14277200004764,34.11630800004953],[-81.14270599992541,34.11638499989409],[-81.1424940002133,34.11675900005433],[-81.1424940002133,34.11685799995115],[-81.14247400012181,34.117038999688276],[-81.14244700035763,34.11718800025768],[-81.14238799990808,34.1173079997118],[-81.14228800034897,34.117424000088256],[-81.14208300030957,34.11758299983286],[-81.14199700009584,34.1177039997516],[-81.14195100006509,34.11780900022303],[-81.14194400039239,34.117923999633575],[-81.14196399958556,34.118055999883],[-81.14202399986002,34.11829200026618],[-81.14203499973068,34.11836200010822],[-81.14204300012659,34.118409000309605],[-81.1420720004389,34.11857899969655],[-81.14208900015734,34.11867700016781],[-81.14208900015734,34.118760000212454],[-81.14208900015734,34.11895799966752],[-81.14203599955557,34.11917800000566],[-81.14195500026304,34.11939599999253],[-81.14185800017867,34.11955700026682],[-81.14178200001068,34.11964800002757],[-81.14162399982692,34.11964999980055],[-81.14151900024494,34.11975900037139],[-81.14146999984115,34.119801000001196],[-81.14141600031279,34.119833000023874],[-81.14136600008406,34.11987299984921],[-81.14129699958879,34.119929000019184],[-81.14123399983959,34.119980999878216],[-81.14118399961087,34.120033999959034],[-81.1411209998617,34.12004100024783],[-81.14104999971659,34.120029999687475],[-81.14092900024107,34.12000600028529],[-81.14085800009596,34.11997499983891],[-81.14080899969215,34.119938000082925],[-81.14075000014093,34.1198699998258],[-81.14070099973712,34.11980800030929],[-81.14059100013228,34.11973000034924],[-81.14052199963697,34.11970999966139],[-81.1404039996362,34.11970400034655],[-81.14027300011495,34.11970400034655],[-81.14018600007633,34.119694000000145],[-81.14015400028926,34.11968900019831],[-81.14014400024351,34.119683000138295],[-81.1400660004257,34.11963299986946],[-81.13995599992253,34.11957700024715],[-81.13991400008973,34.11955600000741],[-81.13974900023331,34.11950699992342],[-81.13957000013316,34.11948999996358],[-81.13939000020811,34.11948999996358],[-81.13937199976644,34.11948999996358],[-81.13921299975779,34.119534000246425],[-81.13898900035011,34.119588999638125],[-81.13878400031071,34.11961599993489],[-81.13862500030204,34.119583000314705],[-81.13848600038487,34.11950099985048],[-81.13838699975234,34.11940699989171],[-81.13829499969084,34.119241999766714],[-81.13818900028396,34.118972999945356],[-81.13811700031393,34.118813999839375],[-81.13805700003948,34.11868099975965],[-81.13797800039676,34.1184610003596],[-81.13786899971849,34.118295999876224],[-81.13785200000005,34.11827000017635],[-81.13783699993144,34.11824800008081],[-81.13780099994644,34.11819400009248],[-81.13778500005292,34.118168999893356],[-81.13773700037233,34.11809700008189],[-81.13771599955761,34.11806699995643],[-81.13758199966331,34.11787300027643],[-81.13752700031004,34.117804000309754],[-81.13739699971539,34.11764200013449],[-81.13713300012475,34.11727900033652],[-81.13700699972804,34.11714700036176],[-81.13684299969653,34.11699200021288],[-81.13676900007667,34.11692199998057],[-81.13655800018948,34.11673400017478],[-81.1364390003638,34.116645999647346],[-81.13624099999707,34.11652499970232],[-81.13610799992769,34.11645900026781],[-81.13596300016273,34.116371000198015],[-81.135876999949,34.11631100019929],[-81.1357780002148,34.11617900020108],[-81.13567899958228,34.11609099983995],[-81.13557999984808,34.11605200001399],[-81.1353349996257,34.115986000210356],[-81.13514999967776,34.115925999938554],[-81.1349189996991,34.11585399970495],[-81.13434399976381,34.11568400004632],[-81.13403999999021,34.11561699964952],[-81.13379599959273,34.11555100025016],[-81.13346500005494,34.11548000000494],[-81.1330819997403,34.11538600003901],[-81.13301099959519,34.11534899976266],[-81.13296600028767,34.11532499977578],[-81.13295600024192,34.11531999971565],[-81.13283800024114,34.115243999955624],[-81.13282300017252,34.11523399982555],[-81.13279600040835,34.11521699975048],[-81.13275299985233,34.11518899996928],[-81.13271400039258,34.11516400036932],[-81.13269199975296,34.11514999972745],[-81.13262800017885,34.11510400025811],[-81.1326170003082,34.11509599999215],[-81.13258799999589,34.11507500012709],[-81.13252600007162,34.115028999873275],[-81.13248199969068,34.1149979998336],[-81.13243400001011,34.11496300001508],[-81.1323439995984,34.114888999819826],[-81.13228500004719,34.114841000321874],[-81.13217700009214,34.114753000055984],[-81.13205800026647,34.11463800005224],[-81.13199200014422,34.11455000031888],[-81.13192600002199,34.114440000151575],[-81.1318990002578,34.114334999959794],[-81.13187800034142,34.11420200027347],[-81.13185999989975,34.11408299971145],[-81.13182700028779,34.11394500023125],[-81.13174100007406,34.11376399982257],[-81.13162899992106,34.113593000095534],[-81.13139799994238,34.11335699998714],[-81.13119899975075,34.11320800010591],[-81.13102700022161,34.11309799968073],[-81.13090900022083,34.11301600036605],[-81.13067700041725,34.11291099989403],[-81.13034199978318,34.112778999795644],[-81.13022899980528,34.11273499971713],[-81.130018999743,34.11265199970941],[-81.1299700002375,34.112632999920216],[-81.12995000014602,34.112625000164286],[-81.12991499998591,34.11261499972457],[-81.12986300010738,34.112599999806484],[-81.1296530000451,34.11254200004869],[-81.12947499976987,34.112475999737356],[-81.12946399989922,34.112469999909344],[-81.12931599976122,34.11238799998585],[-81.12915099990477,34.11225599981506],[-81.12899199989612,34.112101999975295],[-81.12881399962087,34.111887999693735],[-81.12876400029047,34.11183600006491],[-81.12862200000023,34.11169000004931],[-81.12850399999948,34.111579999881336],[-81.1283850001738,34.111507999666856],[-81.12810700033944,34.11142499994269],[-81.12757800043492,34.111398000005934],[-81.12728100033402,34.11141399974917],[-81.12691700028593,34.11144099968081],[-81.12669899982774,34.111451999870845],[-81.12641500014561,34.111501999770184],[-81.1262100001062,34.11155100002955],[-81.12606000031838,34.11157700030747],[-81.125991999648,34.11158900008975],[-81.12551600034524,34.11163300002067],[-81.12534399991779,34.11163800029877],[-81.12530399973483,34.11173000000732],[-81.12524199981053,34.11183099979853],[-81.12517700041154,34.11190999995616],[-81.12505000018992,34.11198500013169],[-81.12483099990679,34.112090999869736],[-81.12470500040841,34.11213199998535],[-81.12458499985951,34.11216000003478],[-81.12449500034614,34.11217599963383],[-81.12432999959138,34.112167000231594],[-81.12422500000939,34.11215099988708],[-81.12419400004725,34.11205499998763],[-81.12402499999287,34.11200000015883],[-81.12388500025077,34.11192899990775],[-81.12375100035646,34.11183899962955],[-81.1234090000497,34.111627999742346],[-81.12332000036126,34.11153199999305],[-81.12317200022324,34.11141599971685],[-81.12301900006237,34.11133200028945],[-81.12282599971853,34.111213000152205],[-81.1227189995884,34.11116799964414],[-81.12251199989917,34.11115300021323],[-81.12236499958607,34.111184000174646],[-81.12232399957819,34.11119900034383],[-81.12223800026277,34.11120500026198],[-81.12219899990473,34.11122199965594],[-81.12208000007904,34.11132100008383],[-81.12204099972097,34.11138899977715],[-81.12196700010112,34.11148099975658],[-81.1219160000475,34.111579999881336],[-81.12178399980303,34.111771999905685],[-81.12169400028965,34.11186899973294],[-81.12161499974863,34.111936000123734],[-81.12152600006017,34.11200799997392],[-81.12145200044033,34.11205199968689],[-81.12134699996002,34.1120860003622],[-81.1212330001572,34.11209800007226],[-81.12111500015644,34.11208500001442],[-81.12092400036072,34.112096000120694],[-81.12027800028034,34.11226899984667],[-81.12029400017387,34.11231700006046],[-81.12032199976295,34.11239999965308],[-81.1204170001975,34.11268099992744],[-81.12047800029688,34.11289000023022],[-81.12059499957444,34.113382000121206],[-81.1206480001762,34.11355500019187],[-81.12066599971953,34.11364599971737],[-81.12074899956022,34.114048999838886],[-81.1208049996367,34.114259000058425],[-81.12087800032998,34.11450199988481],[-81.12093100003341,34.11471199972335],[-81.12097100021639,34.11485200006979],[-81.12117000040801,34.11543799971661],[-81.12124400002786,34.115680999874265],[-81.12137100024947,34.11602300020804],[-81.1216480002589,34.11666399972887],[-81.12176600025967,34.116895000311054],[-81.12178700017607,34.11692599965541],[-81.12183800022969,34.11698499967162],[-81.12203200039845,34.11717800035746],[-81.12206800038346,34.1172190002383],[-81.12216000044496,34.11732300028237],[-81.1222750000727,34.11747499971618],[-81.1223179997304,34.117537999739056],[-81.12242900005849,34.11777099998248],[-81.1224929996326,34.117942000186794],[-81.12254000038656,34.118041999719814],[-81.12272100013654,34.1183279997247],[-81.12295499958995,34.1188109997784],[-81.12346000010334,34.11951100021972],[-81.12348900041566,34.119551000197426],[-81.12409399958985,34.12020099978596],[-81.12411500040454,34.120223000117115],[-81.1246960001876,34.12079500002455],[-81.1250769999541,34.121047000352554],[-81.12526299972693,34.12124700013733],[-81.12550399975137,34.12150499979309],[-81.12587100017248,34.12163499993244],[-81.12648799994055,34.121885000267966],[-81.12695400009586,34.12204399980533],[-81.12773599972037,34.1223120000419],[-81.12863899971869,34.12256000015898],[-81.1294210002415,34.122916000290935],[-81.1301950003684,34.12340699964722],[-81.13176299981536,34.12440099966874],[-81.13183099958744,34.12444400016904],[-81.13200100036505,34.12451999984119],[-81.13203200032719,34.12453399967545],[-81.13219800000854,34.12460800035462],[-81.13239600037527,34.12466300016429],[-81.1330740002427,34.125149999757014],[-81.13313199996902,34.12523899980696],[-81.13322099965747,34.12537499981091],[-81.13425000005249,34.126944999665525],[-81.13486799964546,34.128204000146766],[-81.13508000025588,34.128637000151336],[-81.1353909997022,34.12922599988753],[-81.13616700037723,34.130691999776616],[-81.1369170002147,34.13296100029486],[-81.13691999968941,34.13297099981558],[-81.13709600031483,34.133332999813405],[-81.13710299998752,34.13334899986789],[-81.13715200039132,34.13344899976814],[-81.13749700017281,34.13415700016865],[-81.1381859999109,34.13557000006859],[-81.13888899989269,34.13690899988189],[-81.13900799971837,34.137134999916725],[-81.13912700044239,34.13736100009075],[-81.13957299960789,34.13820599991037],[-81.13962399966152,34.13830600001178],[-81.1403400000621,34.14031500036305],[-81.14112000003678,34.14117199968501],[-81.14171800043658,34.142526999755376],[-81.14221800002878,34.14325600024195],[-81.14231299956502,34.1434379999442],[-81.142500999886,34.14372800017109],[-81.14257700005398,34.143827999685264],[-81.14273799971244,34.14404000022659],[-81.1429159999877,34.14428999972553],[-81.14334000031022,34.14488800004607],[-81.14361700031967,34.145933999741274],[-81.14430000020995,34.14707299971296],[-81.14434700006562,34.14744900001928],[-81.14437100035506,34.147643000222715],[-81.1443949997462,34.14783699998067],[-81.14443499992917,34.14816200019006],[-81.14447500011215,34.1484859999754],[-81.14447699976196,34.14850200013451],[-81.14463099974773,34.149744000078094],[-81.14517100042123,34.151812999915556],[-81.14650600023968,34.15341199964633],[-81.14666400042343,34.15449299991533],[-81.1475079999722,34.155665000111235],[-81.14823900044141,34.156630999674626],[-81.14957799955951,34.15761600017176],[-81.1498439996983,34.15796600024952],[-81.1499779995926,34.15814299972163],[-81.15011300021011,34.15831899976543],[-81.1501550000429,34.15837499973617],[-81.1508229998646,34.15890099995869],[-81.15121500040007,34.159015000162825],[-81.15134400027151,34.15905199990908],[-81.15142000043949,34.1591169997455],[-81.15161700008298,34.15928699976726],[-81.15247999989833,34.160031000243194],[-81.15331000010174,34.16056699978441],[-81.15346800028547,34.16066899972221],[-81.15428400024516,34.16153599979343],[-81.15479999973087,34.16223099993486],[-81.15510000020484,34.162632999841385],[-81.15513600018986,34.162682999943684],[-81.15517299999979,34.162733000016374],[-81.15528400032787,34.1628809998201],[-81.15538899990986,34.1630410000192],[-81.1557799997221,34.16363699967188],[-81.15610500031042,34.16377100009948],[-81.1568490003001,34.16407900003196],[-81.15701699963127,34.16414800012823],[-81.15766600008469,34.164168999693885],[-81.15802900030785,34.16417999971207],[-81.16053400008833,34.164428000349446],[-81.1610739998635,34.16460399992827],[-81.162340000085,34.165015999872416],[-81.16360499958326,34.16542800003574],[-81.16373600000281,34.16547099972767],[-81.16586500003967,34.166986000370514],[-81.16762500000556,34.168260999710654],[-81.1681499997121,34.168641000277425],[-81.1710649995714,34.170678000070154],[-81.17132300021258,34.170858000091606],[-81.17266600042697,34.17179699977589],[-81.17400999956793,34.17273600016137],[-81.1741050000025,34.17280200023953],[-81.1762940003138,34.173847999789444],[-81.17791899966217,34.1744249996699],[-81.17829299975598,34.17455199983391],[-81.17865099995626,34.174733999723934],[-81.18202799977294,34.17645399992317],[-81.1849269997387,34.17799299965805],[-81.18682599962177,34.179196999710165],[-81.18744400011308,34.17967400012209],[-81.18887199981795,34.18077700020375],[-81.18980999997638,34.18159499984067],[-81.19063500015689,34.182312999824966],[-81.19213099963385,34.18343799980899],[-81.1935490001913,34.184246000259954],[-81.19366800001697,34.18431599971032],[-81.19372599974328,34.18434799982188],[-81.1939030001936,34.184450000003636],[-81.19680999965699,34.18611000032653],[-81.19853600018602,34.18716200034063],[-81.19867500010321,34.18724699964666],[-81.19883900013471,34.18734699963853],[-81.19914200008343,34.187530999819124],[-81.19977999976788,34.187920000062896],[-81.20004699973158,34.188044000145524],[-81.20165199988678,34.18878700034579],[-81.20279099988664,34.18969800004274],[-81.20352599965548,34.190500999905744],[-81.20433199956943,34.191382999717874],[-81.20513900020661,34.19226499996555],[-81.20520000030598,34.192331999769166],[-81.20616799970331,34.19295499976377],[-81.2066239998129,34.193252000239085],[-81.20744599962038,34.19371400030285],[-81.20841100044129,34.19432499982753],[-81.21118900003323,34.19494799995895],[-81.21285399956457,34.19506700031203],[-81.21371800010317,34.19512100020463],[-81.21432700037361,34.195276999782465],[-81.21665899990174,34.19595599986543],[-81.21873500023511,34.19679599987033],[-81.21920999971296,34.19743800036196],[-81.22069699986739,34.19944899963608],[-81.22149799975847,34.20173000017107],[-81.22183500004235,34.202957999810494],[-81.22185199976079,34.203019999962855],[-81.22230799987037,34.20339699996761],[-81.22246699987903,34.20352999965363],[-81.2226269997126,34.203662999872826],[-81.22299099976067,34.203964999792326],[-81.2232469998537,34.204114000087124],[-81.22329700008243,34.204143000113916],[-81.22457699964929,34.204889000344714],[-81.22641199995826,34.205686999762285],[-81.22803600038003,34.20567100004183],[-81.22806599961895,34.20567300000708],[-81.22824200024436,34.20568299983245],[-81.22841799997146,34.20569299965668],[-81.22895899957153,34.20572399984716],[-81.22949900024501,34.205755000026244],[-81.22981499971418,34.20577499965638],[-81.2301319999066,34.205794000043596],[-81.23046499999253,34.20581399966453],[-81.23072000026066,34.20577099973076],[-81.23132600015806,34.205664000163196],[-81.23193200005547,34.205556999716855],[-81.23340699961601,34.20529899974157],[-81.23599000011261,34.20463899976995],[-81.23879500036705,34.204454999770704],[-81.2398759997423,34.20438499994818],[-81.24095700001587,34.204314000068834],[-81.24107599984154,34.20430600007865],[-81.24119499966723,34.20429900008667],[-81.24225599984932,34.204229000134596],[-81.24453700022212,34.204029999953306],[-81.24581199976613,34.2039449997327],[-81.24591999972115,34.203937999710725],[-81.2474370000128,34.20311299973443],[-81.24745499955615,34.20310400036016],[-81.2478670001831,34.2028820001367],[-81.24880699999136,34.20270900021322],[-81.24981499957168,34.20279500021095],[-81.25033900035163,34.202849000354796],[-81.25086200040836,34.202902999721076],[-81.2512730003121,34.20294599963195],[-81.25147499997846,34.20305599971884],[-81.2527599995682,34.20375699968325],[-81.2530759999357,34.20392899968159],[-81.25417599957751,34.20463899976995],[-81.25824100020567,34.207815000153346],[-81.25826499959679,34.20783400008071],[-81.25922299984671,34.20886300003089],[-81.25929300016692,34.2089390002553],[-81.26018899959422,34.210510999849696],[-81.26074299961309,34.21148300028492],[-81.26169099981728,34.21285800036355],[-81.26179399974943,34.21300900032866],[-81.26211199976674,34.21346399986649],[-81.26215600014767,34.21359999967592],[-81.26222899994262,34.21384199984277],[-81.26250400030223,34.214078999900494],[-81.26254899960976,34.2141169998979],[-81.2628199997714,34.21435100028609],[-81.26309199975796,34.214585000024506],[-81.26318499964438,34.21466700028699],[-81.26330000017043,34.21476300020299],[-81.2634170003463,34.21485900000967],[-81.26352699995114,34.214958999939576],[-81.26394799990064,34.21532099977798],[-81.2643689998501,34.21568300028966],[-81.2645730000646,34.215858999910886],[-81.26506000013633,34.216718999931196],[-81.26536399990994,34.2172449996804],[-81.26589700001242,34.21816900023096],[-81.26631499958884,34.2188929997394],[-81.2684799996107,34.22109200009632],[-81.26950900000571,34.221842000245374],[-81.27106999977998,34.222163999841186],[-81.27282300007319,34.22270999983064],[-81.27313400041781,34.2228070000177],[-81.27446000001545,34.22393199971625],[-81.2757160001912,34.225331999831674],[-81.27635999972343,34.22628700012301],[-81.2768019995893,34.22694300022852],[-81.27716999983534,34.22798899969859],[-81.27724600000332,34.228205000108154],[-81.2773220001713,34.22842000025108],[-81.27824000023824,34.22963199978416],[-81.27851100039989,34.22983299980006],[-81.279568000384,34.23061899996751],[-81.2813490002663,34.23169300035484],[-81.28411299961455,34.2330329996992],[-81.28744699977351,34.23411099981355],[-81.28795700030976,34.23427399973609],[-81.28811899979314,34.23432599973155],[-81.28828100017486,34.234377999694914],[-81.28867000033729,34.234503000146724],[-81.2890589996014,34.234627000031296],[-81.28913700031751,34.23465100027531],[-81.28965600017628,34.23481700029071],[-81.29017400021016,34.23498299997883],[-81.29075800036625,34.23516999979477],[-81.29266800011996,34.23575699964436],[-81.29505499989966,34.23677199965327],[-81.2966049998033,34.2373910002444],[-81.29683499995706,34.23743100007688],[-81.2982400000957,34.237675999657164],[-81.29860699961851,34.237740000203026],[-81.30023299969011,34.23803900024041],[-81.30247100040522,34.23813199997839],[-81.30319399958017,34.23807899976496],[-81.30339100012198,34.23806300025448],[-81.30358799976545,34.2380480003393],[-81.30385700027729,34.23802899979929],[-81.30412599989081,34.2380110003391],[-81.30438000033404,34.23799199979074],[-81.30554299972505,34.23782499975043],[-81.30612400040641,34.237740000203026],[-81.30670500018945,34.23765499982714],[-81.30738999972957,34.23755700005613],[-81.30799900000004,34.23743199968254],[-81.31032499968036,34.23695599963247],[-81.31189200020074,34.237050999787236],[-81.31240699986154,34.23708299993247],[-81.31316000007205,34.23735000004364],[-81.3139740003819,34.23763999983928],[-81.31418400044419,34.23771499975188],[-81.3159319998162,34.238834000315734],[-81.31618100023655,34.23899300017254],[-81.31639499959847,34.23912900035355],[-81.31665300023965,34.239294000125355],[-81.31691099998251,34.2394579999921],[-81.31700700024199,34.23935899976661],[-81.31729500012206,34.23906399979205],[-81.31739200020645,34.238966000175964],[-81.31743099966619,34.238926000330224],[-81.3180369995636,34.23831799988879],[-81.31997399997981,34.2363760002714],[-81.32054600044036,34.2358039998564],[-81.32062099988511,34.23572899972678],[-81.32158599980772,34.23476099982103],[-81.32169899978562,34.23464399983353],[-81.32170899983137,34.23463500011338],[-81.32192800011448,34.23440899972917],[-81.32237900020118,34.233942999854754],[-81.32242799970668,34.23389299966083],[-81.32477500020171,34.23147400020718],[-81.32501500040124,34.231225000202045],[-81.32573699975129,34.23048100003249],[-81.3259779997757,34.23023299975314],[-81.32879300007589,34.22733499976398],[-81.32912100013895,34.22688800019511],[-81.33226199995406,34.22261899970678],[-81.33608300018474,34.21742200033901],[-81.33728800030686,34.215782999984484],[-81.34001099964722,34.212081999930064],[-81.34002999991378,34.21205600012689],[-81.34028099998396,34.21172200011311],[-81.3410929997457,34.21064500012041],[-81.34136399990733,34.210286000035715],[-81.34264000017457,34.20859500029574],[-81.34337599976831,34.20761800018523],[-81.34532800025315,34.2050299998277],[-81.3451619996735,34.20490100024665],[-81.34494199956546,34.20475299985058],[-81.34466600027926,34.20450300035835],[-81.34438000004899,34.20398599984983],[-81.34397199961998,34.203570999972605],[-81.34363199986136,34.2029989996647],[-81.34342299962398,34.20270300010644],[-81.3431909998204,34.202490999773936],[-81.3429370002755,34.20224100025985],[-81.34267299978654,34.202029000251514],[-81.34238999992931,34.201823999908115],[-81.34235300011939,34.2017969998837],[-81.34203199972903,34.20162099987049],[-81.34177800018412,34.20152799993891],[-81.34154600038055,34.201434999904684],[-81.34131399967863,34.20115800000183],[-81.3410939995706,34.20083500033362],[-81.34085199972125,34.20066800017629],[-81.34061999991768,34.20036400024184],[-81.34061400006989,34.20034800025404],[-81.34044500001549,34.19990300025869],[-81.34033600023555,34.19953399993214],[-81.34006000005103,34.19932199980332],[-81.3398740002782,34.19901700015481],[-81.33987500010309,34.19874099980207],[-81.33973199998796,34.19846399996368],[-81.33954500039022,34.19819699992866],[-81.33925800033504,34.19798400007915],[-81.33907099983897,34.19780800027884],[-81.33896100023412,34.19758700030484],[-81.33897899977747,34.19758600022634],[-81.33903200037923,34.19758400006927],[-81.3390509997475,34.19758400006927],[-81.33981700037678,34.19755999966655],[-81.3421149995697,34.19749000006277],[-81.34267600015959,34.19747300019267],[-81.342881000199,34.1974620000564],[-81.34331300001914,34.197426000140645],[-81.34461000020275,34.19731899963993],[-81.34504299984779,34.197283999745295],[-81.34604799995338,34.197201000319126],[-81.34906400009501,34.19695300015046],[-81.35007000002551,34.196870999742444],[-81.35090600007669,34.196803999830166],[-81.35234899985018,34.19668900005617],[-81.35310799990845,34.19593700023289],[-81.35370499958502,34.195346999737424],[-81.35372100037688,34.19533100028356],[-81.35376800023252,34.195282999674774],[-81.35378499995097,34.19526800031478],[-81.35384400040051,34.19521000008962],[-81.35393200026407,34.19512700010797],[-81.35402400032557,34.195038000135334],[-81.35408500042493,34.19498099986144],[-81.35448000043516,34.19459499983419],[-81.35566499956747,34.19343600016891],[-81.35606100030091,34.193050999889216],[-81.35610800015657,34.19300400034455],[-81.35625100027171,34.19286500033639],[-81.35629899995227,34.19281900008008],[-81.35681399961311,34.192319000166336],[-81.35835900039216,34.190822000204946],[-81.35887499987787,34.19032399992658],[-81.35896799976429,34.19023100016649],[-81.35924800014678,34.189955000034985],[-81.3593419998581,34.189864000208246],[-81.35964200033207,34.18956600025986],[-81.36015199997001,34.18906500020026],[-81.36069099992027,34.188660000059244],[-81.3610449999226,34.18839600001017],[-81.36142499986418,34.18811699998908],[-81.36269799975838,34.18718899984974],[-81.36291299984353,34.18703199996862],[-81.3630380004153,34.18693999975578],[-81.36324799957929,34.186787999701245],[-81.36341499998385,34.186665000209466],[-81.36354100038055,34.18657399980547],[-81.364439000356,34.18591700029613],[-81.36580799961135,34.18491699963957],[-81.36713400010728,34.1839479997841],[-81.36803299990764,34.183292999639306],[-81.36876100000379,34.182757999752624],[-81.37094799976695,34.18115500034753],[-81.37167699968802,34.18062200009553],[-81.3716919997566,34.18061299980724],[-81.37184400009258,34.18051900020658],[-81.37234799988275,34.18021100006978],[-81.37251600011224,34.18010899996486],[-81.37327400034559,34.179598999819994],[-81.37384699973273,34.17937200015424],[-81.37476599962459,34.17900900022159],[-81.37561500009456,34.17885300028052],[-81.3762030004486,34.17874499969505],[-81.37622199981686,34.17874299983433],[-81.37636400010709,34.17872599990118],[-81.37679299955417,34.17867599964086],[-81.3768789997679,34.1786669998881],[-81.37693599966931,34.178656000271594],[-81.37757799955172,34.17853600024065],[-81.37950400009728,34.17817599986706],[-81.38014699980462,34.17805700020674],[-81.38156000033919,34.177792999674224],[-81.38579999997121,34.1770009998093],[-81.38713899998763,34.1767520001147],[-81.38721500015562,34.17675799983836],[-81.38706799984253,34.17651100008357],[-81.38694700036703,34.17624800024793],[-81.38704000025342,34.17625599992721],[-81.38744000028652,34.17629199996106],[-81.38804700000883,34.17634599998294],[-81.39263899999337,34.17675400002261],[-81.39288300039082,34.17677599975015],[-81.39314600015656,34.17679800021509],[-81.39726299976493,34.1771360001514],[-81.39951599965033,34.17732099988403],[-81.39982899964478,34.17734699999475],[-81.40284899998439,34.177582000203],[-81.402976000206,34.17759100007143],[-81.40305900004667,34.17759800005105],[-81.40382700032578,34.17765799964007],[-81.40626000013623,34.17424499982401],[-81.40917599982045,34.17014800025524],[-81.4092439995925,34.1700520000786],[-81.40931300008779,34.16995599979277],[-81.40942000021792,34.16980500002033],[-81.40952700034804,34.16965399997777],[-81.41022600013187,34.16867199996654],[-81.41049999976825,34.16829000017409],[-81.41132199957572,34.1671440000866],[-81.41159699993536,34.166762999769304],[-81.41283800004247,34.16495199983982],[-81.41656399983857,34.15951900035529],[-81.41780599977062,34.15770900020013],[-81.4182269997201,34.1570930003106],[-81.41949200011669,34.15524799995327],[-81.41991499971599,34.15463299979706],[-81.42275400030562,34.150567000344864],[-81.42731699997782,34.14389100014369],[-81.42752799986502,34.14359699983296],[-81.42816200024981,34.14271600018258],[-81.42823099984682,34.14262200001511],[-81.42836899993907,34.1424200002662],[-81.42882599987355,34.14174899983864],[-81.43019900022517,34.139736000041204],[-81.43065699998456,34.13906599988954],[-81.43079599990173,34.138860999725026],[-81.43082900041202,34.138813999740535],[-81.43090399985678,34.138703999911954],[-81.43100099994115,34.13856200032709],[-81.43117900021639,34.13830199986133],[-81.43121600002631,34.13824599996514],[-81.43135699959332,34.138042000082606],[-81.43148100034018,34.137859999910255],[-81.4316660002881,34.13760200035064],[-81.43260799974617,34.136295000104575],[-81.43292300028875,34.13585999978838],[-81.43296400029665,34.1358000002357],[-81.43308899997011,34.13562300004302],[-81.43313199962783,34.13556399964853],[-81.43359899960805,34.13491500002649],[-81.43421100025155,34.134066999753614],[-81.43641200025841,34.13101599963172],[-81.43656299987114,34.130805000002525],[-81.43701899998072,34.13017300031933],[-81.43717200014162,34.129963000209344],[-81.43687800041373,34.12995399972557],[-81.43677399975836,34.129951000059854],[-81.43643099962667,34.12976099994415],[-81.43608599984519,34.129589999846644],[-81.43587099976003,34.129392000006085],[-81.43584200034603,34.129364999856705],[-81.43577299985073,34.12930000017776],[-81.43564800017727,34.12912000006234],[-81.43549300036655,34.12889900016072],[-81.4353119997183,34.12857300006535],[-81.43519299989259,34.128357999665795],[-81.43503200023412,34.12806899964718],[-81.43457199992656,34.1270470000475],[-81.4343560000165,34.12656599979976],[-81.43413900028153,34.12608400035124],[-81.43409099970263,34.125978000304464],[-81.43400399966401,34.1257840001833],[-81.43369900006547,34.125180000344145],[-81.43366100043066,34.1251250001272],[-81.43274500001353,34.122154999978626],[-81.4326510003022,34.12195800005995],[-81.43253300030142,34.121710999898504],[-81.43220299969022,34.12125400032571],[-81.43171099959564,34.12085799980511],[-81.43167100031097,34.12082499992592],[-81.43113900003341,34.120396999830184],[-81.43103799975108,34.1203159996621],[-81.43012300005718,34.11984699989054],[-81.42980500003986,34.119684999910504],[-81.42960800039637,34.1194960000373],[-81.4295680002134,34.11945799981111],[-81.42944900038772,34.119343999773825],[-81.42941000002966,34.11930699974168],[-81.42899199955492,34.11890700019023],[-81.42883400026948,34.118755999880634],[-81.42859800026793,34.118581999765816],[-81.42789000026328,34.118058999970756],[-81.42761400007875,34.11785499970851],[-81.42718200025861,34.117535999916136],[-81.42714899974833,34.11751199980614],[-81.42694999955671,34.11736499963459],[-81.42621200031314,34.11709000029204],[-81.42553299972246,34.1168390003631],[-81.42454299968551,34.1167809997935],[-81.42375600003814,34.116489000220014],[-81.42367099964933,34.116452999978605],[-81.42337600009657,34.11632600020298],[-81.42233900020392,34.11588200000967],[-81.42091200032395,34.115493000284715],[-81.42038800044232,34.11482200028071],[-81.4202329997333,34.11403900031121],[-81.42086499956997,34.113135999789705],[-81.4215840003436,34.1121039999267],[-81.42199199987428,34.111265999777764],[-81.42208700030885,34.11054799962846],[-81.42215799955565,34.110006999978566],[-81.42177000011644,34.109514000160665],[-81.42132300022769,34.10944900009706],[-81.42089600043043,34.109697999635195],[-81.42051700031374,34.109632999712915],[-81.42008999961817,34.109414999849356],[-81.41972100044555,34.1093340003198],[-81.41938699963639,34.109504000096926],[-81.41926500033595,34.10956700010693],[-81.41868600020274,34.1097519998416],[-81.41828399962151,34.109880000193066],[-81.41755600042369,34.11000000034673],[-81.41708000022261,34.109814000035996],[-81.41700499987955,34.10964899978998],[-81.41697599956724,34.109585000207446],[-81.41694700015324,34.10952099983271],[-81.41685699974155,34.10932200021764],[-81.41672799987012,34.10828300016406],[-81.41670500030389,34.10810099988929],[-81.41663800035674,34.1075569997499],[-81.41661599971714,34.107375999804425],[-81.416508999587,34.107069999997904],[-81.41620800018643,34.107100999967926],[-81.4159169999333,34.10733500035879],[-81.41548000009028,34.10748800029305],[-81.41516399972281,34.10739999981531],[-81.41513000028594,34.10739000024549],[-81.41479999967473,34.10702700033263],[-81.41460600040429,34.10685700004079],[-81.41435699998394,34.106837000027745],[-81.41387800030815,34.106799000064356],[-81.4133829998405,34.10671800026152],[-81.41297600013472,34.10636199963018],[-81.41293699977668,34.10610399989542],[-81.41317100012841,34.104514999773],[-81.41320999958815,34.104248000111944],[-81.41302600036346,34.10379599989912],[-81.41275699985162,34.10352100032766],[-81.41212400019003,34.10287500008796],[-81.4112499996057,34.10238899988308],[-81.41038699979033,34.10190400033049],[-81.40991099958927,34.10151699975474],[-81.40965700004438,34.101168999651634],[-81.40944600015719,34.100878999960194],[-81.40922799969898,34.100350999852736],[-81.4091160004443,34.10007900022482],[-81.40899099987253,34.098819999832344],[-81.40882600001606,34.098528999765584],[-81.40828299986785,34.09833499990914],[-81.40784500019994,34.0983609997853],[-81.40722400023392,34.09839800005318],[-81.4064059997261,34.0983959997777],[-81.40559399996437,34.09839500001194],[-81.40480999979174,34.09826899967251],[-81.40402099959623,34.09814299988939],[-81.40381599955681,34.09807800001643],[-81.40375000033288,34.09805699964632],[-81.40368400021065,34.09803600001477],[-81.40325400004033,34.09789999993723],[-81.40289599984006,34.09748800003131],[-81.40282800006798,34.097026999891206],[-81.40324499981949,34.09634500004556],[-81.40340100035343,34.0960919999772],[-81.40381899992985,34.09551999965462],[-81.40391699983914,34.09495500006293],[-81.40381100043226,34.094633000034385],[-81.40367499998982,34.09422000003201],[-81.40326699956081,34.09363099975582],[-81.4031259999938,34.09359000034557],[-81.40264599959478,34.093452000170814],[-81.40229699961533,34.09335500005888],[-81.40211300039063,34.0931039996367],[-81.40208400007832,34.09277300002859],[-81.40200700008542,34.0923620002961],[-81.40174500014459,34.0922319998042],[-81.4013369997156,34.09216699985539],[-81.40090999991833,34.092181999676335],[-81.40050200038766,34.09185100018263],[-81.40033400015815,34.09148500027847],[-81.4001049998293,34.09098699966034],[-81.40001600014085,34.0906559999577],[-81.39986299997997,34.09009099988909],[-81.39930099956517,34.089357999774215],[-81.39905799989093,34.089040000278715],[-81.39823400043363,34.08840999998277],[-81.39769100028542,34.08735200031771],[-81.39739099981146,34.08676199996592],[-81.397013000418,34.085978999972205],[-81.39649899968379,34.085541999904954],[-81.39644900035339,34.08553100006653],[-81.39626199985732,34.085488999791096],[-81.39579999989996,34.08538799980519],[-81.39507199980382,34.08536199966409],[-81.39438300006573,34.085119000219876],[-81.39334600017311,34.08411699967355],[-81.39221899986879,34.082986000054944],[-81.39186200039173,34.08262900008373],[-81.39111500002902,34.08205499964446],[-81.38981399964743,34.08144300033452],[-81.3896699997074,34.08137499964221],[-81.38856400021778,34.08022700019408],[-81.38823500032981,34.079347000245605],[-81.3883330002391,34.07828999969261],[-81.38895599985494,34.077168999798666],[-81.3893059996593,34.076513999865156],[-81.38948999978231,34.07616899973791],[-81.3897629995938,34.07543599964281],[-81.39013900023575,34.075255000204066],[-81.39033599987924,34.07516200023922],[-81.3924029999918,34.07431800007466],[-81.39279200015424,34.0740040001188],[-81.39331699986077,34.07310100025684],[-81.39370600002322,34.072092999925765],[-81.3937110000461,34.07208399998173],[-81.39372799976452,34.07205900029752],[-81.39373399961231,34.07205099968268],[-81.39380300010761,34.071948999962366],[-81.39401200034496,34.07164600030964],[-81.39408299959176,34.071545000184535],[-81.39412399959966,34.071487999906076],[-81.39422300023217,34.07147200005599],[-81.39473000039537,34.07139400018553],[-81.39490000027469,34.0713690002977],[-81.3952600001248,34.07136499995782],[-81.39634100039834,34.07135599993644],[-81.39650100023192,34.071354999851316],[-81.39670200007336,34.071346999914105],[-81.39672499963959,34.07134599982888],[-81.39679400013488,34.07134300031726],[-81.39681800042432,34.07134300031726],[-81.39857800039023,34.07127799995918],[-81.40088800017703,34.071046999862766],[-81.40134400028661,34.07099799996428],[-81.40281999967206,34.0708389997492],[-81.4035469999433,34.07125999989699],[-81.40359299997405,34.071327999781126],[-81.40380999970901,34.071646999647214],[-81.40387699965616,34.07174500015329],[-81.40443900007097,34.07246399992845],[-81.40546699974276,34.072836999929834],[-81.40585199970724,34.072891999910766],[-81.40670899967479,34.07301599993979],[-81.40884399955942,34.073100000192305],[-81.41128999978866,34.073127999761944],[-81.413142999641,34.07353400029429],[-81.41412299963221,34.07384200016982],[-81.41473399955248,34.0741900002569],[-81.41576200012261,34.07523200004624],[-81.41738300017133,34.076905000245134],[-81.41850799992751,34.07791599988587],[-81.41920599988642,34.078933000081555],[-81.41999199970887,34.07990299998133],[-81.42090200027822,34.08048699990011],[-81.421893999965,34.08112400015886],[-81.42295799962181,34.08187500017528],[-81.42352900025743,34.08228300035736],[-81.42492500017524,34.08295400023148],[-81.42643800026894,34.0832870001741],[-81.4286669998649,34.083432000148775],[-81.43041799960996,34.08328199970875],[-81.43254400017207,34.08267899990151],[-81.43500799994466,34.08179600025022],[-81.43718399983717,34.08061999975306],[-81.43897999978809,34.07950900008242],[-81.44117400012226,34.078180000008416],[-81.44296900024825,34.07777900021385],[-81.44487200032927,34.07766799985538],[-81.44572500009889,34.07795200015395],[-81.44759999969253,34.078799999811366],[-81.44950000029881,34.079886000248244],[-81.45123599997528,34.08064299993578],[-81.45307200010916,34.081262000340374],[-81.45436199972177,34.08164200003373],[-81.45483299989995,34.08187500017528],[-81.45610900016719,34.083113000025584],[-81.4568270002176,34.08329900024816],[-81.45871000020713,34.08345500031175],[-81.46010799977478,34.084100999977025],[-81.46112399975101,34.08513299987919],[-81.46204900038896,34.08588599987955],[-81.46251100034632,34.086190999745654],[-81.4631990002595,34.08668699975276],[-81.46399500012771,34.08709399991311],[-81.46486499961576,34.08727799978033],[-81.46550300019852,34.08731499968508],[-81.46691300036005,34.08492999975671],[-81.46899299999309,34.0814089999952],[-81.4718579996237,34.07656000022235],[-81.47197200032481,34.07655200003262],[-81.47209699999829,34.07626700022106],[-81.47227400044862,34.075868999649636],[-81.47257400002427,34.07534700002878],[-81.47309200005812,34.074311999773606],[-81.47453200035687,34.071424999827855],[-81.47469100036554,34.071128999659855],[-81.47497400022276,34.07056099998066],[-81.47527799999638,34.06993300007378],[-81.47583500038829,34.06882699995109],[-81.47681899967914,34.066860000274396],[-81.47699399958132,34.06652500020344],[-81.4772520002225,34.06599700015946],[-81.47808900009859,34.06431999967503],[-81.4784129999637,34.06364500031379],[-81.47863300007172,34.063236999657114],[-81.4789639996095,34.06256999987785],[-81.47905700039425,34.06238700010404],[-81.48189699991048,34.056685000109326],[-81.4820380003758,34.056437999962306],[-81.48221599975271,34.05606499996101],[-81.48612300019711,34.0482509997527],[-81.48671599967572,34.04705399995131],[-81.4867840003461,34.04692900026369],[-81.4868689998366,34.046758999886606],[-81.48763799994063,34.04521999994488],[-81.49193399964913,34.03659999995271],[-81.49264500002684,34.035200000054736],[-81.49305400028075,34.03440099983192],[-81.4906840002195,34.03391600028233],[-81.48968699961152,34.033737000326724],[-81.48877500029069,34.03356400020206],[-81.48759600010784,34.0333379997444],[-81.48729200033422,34.03327399980844],[-81.48711900008186,34.03323099989415],[-81.48701299977665,34.03320500012585],[-81.4866570001245,34.03310900005335],[-81.48634400013003,34.033015000202795],[-81.48603399961033,34.03291499999398],[-81.48571700031624,34.03280600001926],[-81.4854889998123,34.032722000031974],[-81.4852639996814,34.03263199968746],[-81.48504199992355,34.032537000254166],[-81.48475099967042,34.03240199977942],[-81.48401599990157,34.03204200019284],[-81.48350200006568,34.0317899999456],[-81.48272600028896,34.031399999682634],[-81.48229600011865,34.03117599979007],[-81.48212799988916,34.03108900023069],[-81.48145000002174,34.030754000247086],[-81.48045599978681,34.03027100034468],[-81.47983700036893,34.02995700024514],[-81.4791800004179,34.02961499993842],[-81.47851599989585,34.029280000090885],[-81.47844399992584,34.02924800008737],[-81.47805999978627,34.029093999668916],[-81.4776399996617,34.02894799993267],[-81.47725499969722,34.02883099984543],[-81.47646499967682,34.02866599963914],[-81.47571300018954,34.02859199996128],[-81.47494800028348,34.02853700026952],[-81.47378699964398,34.0284350003002],[-81.47269299984995,34.02834700031575],[-81.47231200008343,34.02830599983495],[-81.47196899995177,34.02825799964643],[-81.47159999988082,34.02819299975105],[-81.47127000016793,34.02812399965877],[-81.46982900004427,34.027678000309166],[-81.46751900025747,34.026866000235046],[-81.46665100041925,34.02657000006902],[-81.46650499993105,34.02652599986561],[-81.46637000021184,34.02648400012397],[-81.46598100004941,34.02633900023577],[-81.4655850002143,34.02620699994236],[-81.46406700009773,34.02566599977012],[-81.46343600008596,34.0254579999791],[-81.46269899976899,34.025212000334285],[-81.46222599994097,34.02506499998821],[-81.4615589999442,34.02482799969939],[-81.46114200019267,34.02469600003374],[-81.46071899969506,34.02455000017575],[-81.46029100007289,34.02439299973712],[-81.45977600041208,34.024225000145826],[-81.45867500004704,34.02384000035545],[-81.45760299999431,34.02344700031715],[-81.45739799995489,34.02337700018189],[-81.45715399955742,34.02330600008143],[-81.4569469998682,34.02323900029925],[-81.4565800003454,34.023106999651205],[-81.4554339997745,34.02272700031696],[-81.45500299977927,34.022572999976916],[-81.45392599970369,34.022255999925086],[-81.45358599994505,34.022168000233876],[-81.45292499979605,34.0220099999333],[-81.45277599983314,34.021989000064394],[-81.45264699996171,34.02196099998292],[-81.45207200002645,34.021862000072886],[-81.45180300041294,34.021805999816955],[-81.45158599977965,34.02176599982423],[-81.45123599997528,34.02171599980686],[-81.45076999981995,34.02163299993627],[-81.45037599963464,34.02157900012941],[-81.44997999979951,34.021517000115786],[-81.44937100042739,34.02141100017969],[-81.44899300013562,34.02135099990431],[-81.4485970003005,34.02127400000992],[-81.44836499959858,34.021230999970854],[-81.44776399972405,34.0211319999539],[-81.44724599969018,34.02102800015011],[-81.44694000026675,34.020973000023446],[-81.44654799973128,34.02091100031166],[-81.446197000102,34.02086299966307],[-81.44554000015097,34.02074800021691],[-81.44471300032063,34.02060300020759],[-81.44424600034039,34.0205280002596],[-81.4441769998451,34.0205180001126],[-81.44349700032785,34.0204219998329],[-81.4427049997593,34.02028900007262],[-81.44252300018442,34.020273000238554],[-81.44230300007638,34.020243999647505],[-81.44169499963084,34.02013800035526],[-81.44073700027926,34.01997900005186],[-81.44023299959078,34.01988000006376],[-81.43942099982905,34.019732000212066],[-81.43916300008618,34.019678999890544],[-81.43890000032044,34.01961799992907],[-81.43818200027006,34.019465999809896],[-81.43791699995619,34.01939800002117],[-81.43773500038132,34.01935099996011],[-81.43726199965498,34.01925000007364],[-81.43689199975911,34.019150000023394],[-81.43678700017715,34.01912800023479],[-81.43654799980254,34.01907700019524],[-81.4360730003247,34.01894499977545],[-81.43589599987438,34.01890100008633],[-81.43520299993834,34.0187290002026],[-81.4344539999258,34.018526000354605],[-81.43407099961115,34.01841799973152],[-81.4333700001775,34.01822800020456],[-81.43295300042598,34.018121999883945],[-81.43265399977692,34.0180469999775],[-81.43230800017052,34.01794899994037],[-81.43171899999155,34.01778200022422],[-81.43146999957122,34.01772800020116],[-81.4312570000342,34.01767700006506],[-81.43083600008471,34.01756000007507],[-81.4301740001108,34.01738899968505],[-81.42973800009271,34.017258000342004],[-81.42957800025914,34.017210999840636],[-81.42944600001466,34.01718600035552],[-81.42926199989165,34.01713599987396],[-81.42907000027103,34.01709599991423],[-81.42875499972845,34.01705299999239],[-81.42848199991697,34.01702299980889],[-81.42816300007475,34.016996000304786],[-81.4279079998066,34.01698199981395],[-81.42743099978065,34.016969000047546],[-81.4269279998154,34.01697699990405],[-81.42647099988089,34.01700400015874],[-81.42624300027528,34.01702399979037],[-81.42597100028871,34.01705499995462],[-81.42556500040784,34.017112000347154],[-81.42511799962078,34.01719400019158],[-81.42485099965708,34.01725099974619],[-81.4238869995594,34.01747399993506],[-81.42338000029451,34.01759100004353],[-81.42270300025199,34.0177469996892],[-81.42059599995646,34.01823300004084],[-81.41926000031307,34.01854199977339],[-81.41899400017431,34.01859600002328],[-81.41872499966247,34.018641999795335],[-81.41836300016256,34.01869000021076],[-81.41799900011448,34.018725000356966],[-81.41758800021073,34.018746000288836],[-81.41719099965239,34.01875000013349],[-81.41685599991662,34.01874099973824],[-81.41649000021874,34.018715999959134],[-81.41617300002633,34.018682999733045],[-81.41585599983394,34.01863899990811],[-81.41549799963363,34.01857600001743],[-81.41518800001224,34.01851000018827],[-81.41488099986557,34.01843199998551],[-81.41457799991689,34.01834500001844],[-81.41427999999104,34.018247000325346],[-81.4139450002553,34.01812299985248],[-81.41374000021587,34.0180390002219],[-81.41353699982629,34.01794999991094],[-81.41013700044341,34.01659599994449],[-81.41091300022013,34.01503199994503],[-81.41107600042675,34.01473300017934],[-81.41117599998586,34.014520000346494],[-81.41126499967433,34.014303999938775],[-81.41137699982733,34.0139740000543],[-81.4114179998352,34.0138250003111],[-81.41146999971372,34.01360100019517],[-81.41150499987384,34.01341300035974]]]},"properties":{"kind":"inverted_mask"}}]}