{"type":"FeatureCollection","features":[{"type":"Feature","geometry":{"type":"Polygon","coordinates":[[[-81.05139099994146,33.99658200017275],[-81.05147999962992,33.99671000021666],[-81.05210999981678,33.99761600020397],[-81.05244100025288,33.99793599978112],[-81.05258600001784,33.99800300016833],[-81.0529149999058,33.99845400003276],[-81.05366200026853,33.99907300028135],[-81.05375099995699,33.999147999818575],[-81.05447200038043,33.99999599976057],[-81.05458500035833,34.000245000030034],[-81.05461200012252,34.00032699977957],[-81.05468400009254,34.00078899963177],[-81.0547169997045,34.0008719997726],[-81.05477500032914,34.00094900029728],[-81.05478299982674,34.00095999994097],[-81.05494799968316,34.001092000022595],[-81.05517299981408,34.00126200029939],[-81.05528499996707,34.00136099965553],[-81.05537700002859,34.00145999964096],[-81.05541700021156,34.001509000253044],[-81.05543700030303,34.0015199998242],[-81.055469999915,34.00156400032882],[-81.05550300042528,34.001591999690255],[-81.05561499967995,34.00173499982254],[-81.0556740001295,34.001784000275975],[-81.05876999973877,34.003691999963614],[-81.05880999992175,34.00374200017061],[-81.05888600008973,34.00380899970185],[-81.05890899965594,34.003830000344344],[-81.05904099990042,34.00393400036442],[-81.05912000044147,34.004061000366605],[-81.05922599984834,34.00427999967214],[-81.05927899955181,34.00448900010136],[-81.05929399962041,34.004502000289236],[-81.05932499958256,34.00451099995984],[-81.05971499956989,34.00525299997348],[-81.06016099963374,34.00468399973159],[-81.06071899985056,34.00472499970767],[-81.06127500041757,34.005003000112914],[-81.06297199973595,34.006237000002685],[-81.06359000022724,34.00747199992812],[-81.06433000001896,34.00818199963531],[-81.06491699964978,34.00861399977436],[-81.06559600024043,34.008829999764394],[-81.06645999988069,34.008983999718296],[-81.06689199970083,34.00904599994966],[-81.06761499977411,34.00895300033027],[-81.0680430002946,34.00875599991934],[-81.06822800024253,34.008664000062275],[-81.06851899959734,34.008520999681856],[-81.07008899959244,34.007751999713925],[-81.07091499959787,34.0069530002106],[-81.07110899976664,34.0067620002421],[-81.07113800007896,34.00675599962792],[-81.07122099991962,34.00674000022208],[-81.07137900010338,34.00670799991193],[-81.07195999988643,34.00659500011655],[-81.07213099959064,34.00657099984406],[-81.07301199984767,34.006456999760466],[-81.07331499979637,34.006553000193804],[-81.0736329998137,34.00661499996606],[-81.07417699978681,34.00685100036666],[-81.07431400005416,34.00691099972022],[-81.07441899963614,34.00695699986612],[-81.07496699980723,34.007459000194864],[-81.07558899959817,34.0079089996553],[-81.07581000042941,34.00803500032796],[-81.07665800017617,34.00852199976347],[-81.07671500007757,34.008555000215914],[-81.07770699976436,34.00915599998459],[-81.07785699955217,34.00925499981967],[-81.07787400016892,34.00926599987697],[-81.07797299990312,34.00933200019082],[-81.07841899996696,34.00962700008641],[-81.07902700041252,34.00991700012073],[-81.07941700039984,34.01040199981366],[-81.07960800019556,34.01063900017136],[-81.08085299960234,34.01141400034224],[-81.08104199974822,34.01153099986688],[-81.08261799959111,34.01193100026327],[-81.08354300022904,34.01199399987285],[-81.08383799978185,34.012141999811824],[-81.08416800039302,34.012356999726535],[-81.08492800027622,34.013016000329685],[-81.08514800038425,34.013162999949515],[-81.08528700030142,34.01329399965461],[-81.08542000037083,34.01335699974209],[-81.0856300004331,34.01344400035333],[-81.08585600038892,34.013523999972264],[-81.08604399981157,34.01358599986713],[-81.08628700038413,34.01362900005581],[-81.0863550001562,34.01363200012013],[-81.08645899991326,34.01362900005581],[-81.08665200025712,34.01362099988381],[-81.08677899958042,34.013603000238675],[-81.08735199986585,34.01352299994956],[-81.08779700010477,34.01344100028236],[-81.08812099996986,34.01336699998802],[-81.0886070002167,34.01328200009363],[-81.08905199955728,34.013314000160236],[-81.08907099982386,34.013316000210494],[-81.08951100003993,34.013374000159494],[-81.08961200032226,34.01341200033573],[-81.0899100002481,34.01352199992684],[-81.09051000029773,34.0137890003589],[-81.09131500038676,34.01422000025236],[-81.09158300017536,34.01428599969389],[-81.09454599971522,34.01567699992769],[-81.09471599959454,34.01575199969421],[-81.0966499996377,34.01700400015874],[-81.09675500011801,34.01711600026873],[-81.09713400023469,34.01744199994728],[-81.0974659995974,34.01773400003994],[-81.09757600010059,34.01800699970251],[-81.09764700024569,34.01818200020816],[-81.09775500020072,34.01832999978402],[-81.09780299988131,34.0183899999612],[-81.0978380000414,34.01842900009081],[-81.09787700039945,34.018461999671054],[-81.0979500001944,34.01849599994714],[-81.09799500040023,34.01851000018827],[-81.09821799998299,34.01858099983322],[-81.09824499974717,34.0185979999491],[-81.09831800044043,34.01863500005824],[-81.09834799967933,34.01867400007534],[-81.09840600030397,34.018773999941786],[-81.09841399980156,34.018829000004246],[-81.09838500038758,34.018892999666555],[-81.09832900031108,34.019008000136786],[-81.09818700002086,34.019299000099934],[-81.09816600010447,34.01940199983503],[-81.09815600005871,34.019811999862114],[-81.09818600019594,34.02008600023265],[-81.09830199964858,34.02016900012688],[-81.09875500028343,34.020506000083586],[-81.0988160003828,34.02129200026227],[-81.09894299970608,34.02182200010655],[-81.09914299972263,34.02256799965177],[-81.0992170002408,34.02271900025782],[-81.09927599979201,34.02309599989813],[-81.09930699975416,34.02320700025124],[-81.09935000031017,34.02328000025002],[-81.09939100031806,34.02332499981003],[-81.09943899999864,34.0233549999998],[-81.09948000000651,34.023383000365925],[-81.09954799977858,34.023418000065995],[-81.0998239999631,34.02356099992456],[-81.09992699989526,34.023614999959435],[-81.0999579998574,34.02363099990806],[-81.10062499985419,34.024000000025985],[-81.10097300000874,34.02405600032335],[-81.10127199975948,34.02410300001256],[-81.10141499987459,34.024125999898565],[-81.10199999985562,34.02417099975449],[-81.10210100013795,34.02415400001027],[-81.10214299997074,34.024144000290484],[-81.10229399958348,34.02410700034924],[-81.10268299974591,34.024030999876075],[-81.10286199984604,34.02367600002645],[-81.10328600016858,34.02349199978862],[-81.10351999962201,34.02339100036247],[-81.1036040001859,34.023370000090736],[-81.1036889996764,34.023348999813784],[-81.10375599962354,34.023331999904904],[-81.1038229995707,34.02331599989997],[-81.10375399997373,34.023460999741644],[-81.10401400026473,34.024061999714846],[-81.10403500018111,34.02410900014527],[-81.10455900006278,34.02532099964144],[-81.10479900026228,34.025878000049005],[-81.10485899963841,34.026015000231986],[-81.1049420003774,34.02620600006907],[-81.10520299959501,34.02675899966791],[-81.10523500028036,34.026827000259665],[-81.10526399969437,34.02688900011667],[-81.10573400004765,34.02788500001672],[-81.10599500016356,34.02843799984124],[-81.1062379998378,34.02895100020007],[-81.10627700019587,34.02903299977398],[-81.10661600012958,34.0297510002124],[-81.1073070004158,34.030980000143394],[-81.10740699997491,34.031163999779125],[-81.10816400038337,34.032828999779724],[-81.10819100014756,34.032871999897786],[-81.10910400019162,34.03444200034512],[-81.10923100041323,34.03465999967281],[-81.1096099996316,34.03531100020777],[-81.10962499970023,34.035337999840785],[-81.11011599996989,34.03615699976088],[-81.11047300034527,34.03675499989527],[-81.1105600003839,34.03689999984929],[-81.11121599961172,34.037898999798585],[-81.11147900027575,34.03829999997794],[-81.11193700003516,34.0389970000258],[-81.11231399960371,34.039571000362315],[-81.11271500036001,34.04018200018341],[-81.11343599988516,34.041223000096124],[-81.11436200034801,34.042558000275534],[-81.1155580002493,34.04420000029829],[-81.11607000043537,34.044902999649345],[-81.11630700026183,34.04521100012425],[-81.11672300018846,34.04575199996837],[-81.11764399973012,34.04695100028754],[-81.11784499957157,34.04721300013333],[-81.11818299968037,34.04763000007903],[-81.11878299973,34.04837199978773],[-81.11952000004698,34.04928399982335],[-81.1196849999034,34.049488000114515],[-81.12011800044678,34.04999600025347],[-81.12063099955944,34.050598000146245],[-81.12149000007516,34.051592999724676],[-81.12158999963427,34.05172499996434],[-81.12192199989529,34.0520970001429],[-81.12255399973196,34.052803999990594],[-81.12345900027842,34.05381800007013],[-81.12355600036281,34.05392600028872],[-81.1243170000709,34.0547370000564],[-81.12525699987916,34.05574000010027],[-81.1255830002924,34.056086999847004],[-81.12767200014626,34.05820800020404],[-81.12798199976767,34.05850800031551],[-81.12907899993475,34.059569000020296],[-81.12982100027459,34.06028700020425],[-81.13203700035007,34.06232100012526],[-81.13218700013788,34.06245099965101],[-81.1323219998571,34.062568999689056],[-81.1343139996266,34.06430299979127],[-81.13496999975271,34.06484899991229],[-81.13663900038033,34.066245000127616],[-81.13851899999683,34.06774300011026],[-81.13892200040296,34.06806400032842],[-81.13901899958903,34.068141000165156],[-81.13928200025309,34.0683409999843],[-81.13947899989657,34.06848999997798],[-81.13994400022698,34.06884300030071],[-81.14128099969525,34.06985899994168],[-81.14145599959744,34.06999200011269],[-81.14201700018732,34.070398000048094],[-81.142789999591,34.07095800010206],[-81.14394299983456,34.071793000283876],[-81.1447260001823,34.07233300006494],[-81.14474700009869,34.072347000349694],[-81.14477700023593,34.07236700032728],[-81.1447959996042,34.07237899971634],[-81.14480599964993,34.072387000300196],[-81.14483300031242,34.072404000050184],[-81.14486900029743,34.072428000304235],[-81.14496300000876,34.07249099963657],[-81.14502699958285,34.0725359998751],[-81.14603500006149,34.0732339998027],[-81.14614899986431,34.073313000273295],[-81.14615700026023,34.07331999996296],[-81.14618700039746,34.073339999710825],[-81.14623699972785,34.07337499963034],[-81.14648100012532,34.07354400014352],[-81.14708299982479,34.073939000314276],[-81.14743299962915,34.07416899991371],[-81.14756200039888,34.07425499986882],[-81.14781500011888,34.074423000065615],[-81.14798099980023,34.07456600024082],[-81.14824000026631,34.074789000058296],[-81.14833900000052,34.07488099964507],[-81.14840299957461,34.07493999995835],[-81.14916300035613,34.0753209997811],[-81.14929600042552,34.075388000088346],[-81.15041399961069,34.076087999640215],[-81.15047999973291,34.076129000085174],[-81.15131900015716,34.076654000162975],[-81.15170199957348,34.07689400002886],[-81.1519280004276,34.0770290003521],[-81.15229599977532,34.077248000319635],[-81.15254900039362,34.07739800028661],[-81.15289400017511,34.07760399989767],[-81.15392199984692,34.07821700016842],[-81.15438299997936,34.07849100010612],[-81.15467900025537,34.078659000085736],[-81.15710899969278,34.080035000024736],[-81.15891899988739,34.08100799986472],[-81.15962600006714,34.08138799995385],[-81.15987899978714,34.08152399977503],[-81.16078900035647,34.08198700018755],[-81.16080199987694,34.081993999904434],[-81.16111200039666,34.08215300001306],[-81.1612989999944,34.08224900035523],[-81.16250199956836,34.082857999944466],[-81.1626990001102,34.08295800002405],[-81.16302600034834,34.08311499991818],[-81.16400399979142,34.08359099978941],[-81.16425400003666,34.08371199996156],[-81.16554000034965,34.08433599991226],[-81.16726699980525,34.08512599967786],[-81.16843000009459,34.08565799994011],[-81.16867799979171,34.08576499983803],[-81.16955599967568,34.086145000155724],[-81.16983900043122,34.08626700030719],[-81.1702539996346,34.08644299974038],[-81.1705499999106,34.086585999707914],[-81.17126200011322,34.08687899971936],[-81.17175300038289,34.08708199963295],[-81.17190399999564,34.08714499996892],[-81.17195500004925,34.08716500017204],[-81.17214500002005,34.08723999996178],[-81.17224200010443,34.08727799978033],[-81.17239799974006,34.08734000007412],[-81.17269700038909,34.087457999667805],[-81.1727180003055,34.08747099978954],[-81.17280199997109,34.08752200036222],[-81.17284999965166,34.08755100026568],[-81.17288900000973,34.09014499996121],[-81.17289999988039,34.09045400028986],[-81.17403700023044,34.090503999950506],[-81.17768699985857,34.09055400032559],[-81.17912499960919,34.09053900021618],[-81.17923400028745,34.09053800035761],[-81.17955399995459,34.09058399979257],[-81.18057400012879,34.0905419997919],[-81.1824909995552,34.091290000049305],[-81.18423499962758,34.09196699975693],[-81.18606400008876,34.092678000293105],[-81.18623700034112,34.092728000128],[-81.18651299962733,34.09277100036418],[-81.1884879996784,34.09341499997249],[-81.18975700027292,34.09385600033878],[-81.19020699963642,34.0940109997312],[-81.19197699964805,34.09453999977732],[-81.1924870001843,34.09468599963121],[-81.19302799978438,34.09484099973543],[-81.19362399963603,34.095025999680324],[-81.19427999976216,34.09522999994686],[-81.19473500004682,34.09534100034485],[-81.19576000024388,34.0956189998583],[-81.19656699998275,34.09584999988329],[-81.1966339999299,34.09586899972203],[-81.19805499996208,34.09625500029903],[-81.19933100022932,34.09653299978598],[-81.20183900038285,34.09716800027327],[-81.205308000261,34.0979050002831],[-81.20566300008825,34.097997000047734],[-81.20603100033429,34.09807100014159],[-81.20632400023725,34.09812699986809],[-81.20712000010543,34.09827499976375],[-81.2079340004153,34.09842699995017],[-81.20895899971406,34.09861800030634],[-81.20898800002638,34.09862100033967],[-81.20959999977156,34.098694000125676],[-81.21123099986603,34.098942000314146],[-81.2123830002847,34.09911699967386],[-81.21294399997628,34.09920199982737],[-81.213643999585,34.09930899971549],[-81.21410499971745,34.099378999645566],[-81.2154739998711,34.099588000080495],[-81.21548999976463,34.099590000327744],[-81.21605300000432,34.09967599975686],[-81.21899399980289,34.1001230001911],[-81.21948699972239,34.10019799965823],[-81.22112100018991,34.10044699964393],[-81.22155300001005,34.10051299966971],[-81.22184199971505,34.10055700015413],[-81.22328399966364,34.10077700000173],[-81.22462299968004,34.10092699994185],[-81.22562699996072,34.1010360000935],[-81.22599699985656,34.101077000359886],[-81.22621500031477,34.10109599976904],[-81.22663100024137,34.101139000216996],[-81.22675000006707,34.101150999992136],[-81.22715599994794,34.10117999968961],[-81.22762600030123,34.10121500000387],[-81.22774199975385,34.10122600003586],[-81.22795500018918,34.1012860003205],[-81.22803300000699,34.10129299992942],[-81.23122099967776,34.10153800001016],[-81.23132699998298,34.1015450003421],[-81.23190699994112,34.10162899981698],[-81.23228400040799,34.10166399994545],[-81.23343299955529,34.101767999774395],[-81.23349200000483,34.101770999696],[-81.2351580002594,34.10185100004676],[-81.23519699971915,34.101853999965485],[-81.23779399956112,34.1020109997775],[-81.23782299987346,34.10201299996753],[-81.23790499988922,34.1020180000703],[-81.23827300013524,34.10203100018752],[-81.2383059997472,34.102029999720806],[-81.23833500005954,34.102032999633174],[-81.24048300036294,34.10210300028537],[-81.24051299960185,34.10210400000732],[-81.24163300023346,34.10213600003078],[-81.24169000013488,34.10213699975239],[-81.243732999958,34.10219799985583],[-81.2451690000588,34.10218699995019],[-81.24518999997518,34.10218699995019],[-81.24821399961444,34.10215599966735],[-81.24981899976963,34.102141000126345],[-81.24981899976963,34.102160000040456],[-81.25375399980314,34.10215299975939],[-81.25806299993044,34.10192900013],[-81.26211500013979,34.101256999915485],[-81.26617200037202,34.100359999768045],[-81.26899500016982,34.099651999786616],[-81.2699299999552,34.09941699996589],[-81.26993699962789,34.099353000082104],[-81.27095000012939,34.099044000252725],[-81.27283599959368,34.09847000026661],[-81.2758450000626,34.09738100007248],[-81.27759499998277,34.10022800017033],[-81.27904399960406,34.10270499963578],[-81.2798350003477,34.10385500014782],[-81.28201500043816,34.10702700033263],[-81.28381700023687,34.10996400031851],[-81.28581999987699,34.11322800010021],[-81.28737999982636,34.115920000355274],[-81.288312000137,34.117529000163614],[-81.28982199985765,34.11755300026878],[-81.28992899998777,34.11755399980822],[-81.28995599975195,34.11752499977357],[-81.29037000002872,34.11732000016845],[-81.29101600010911,34.11715599997785],[-81.29434299969707,34.1208320001493],[-81.29662200042004,34.12336999990563],[-81.29801099976687,34.12491699976741],[-81.29985799977139,34.12708600000792],[-81.30154499994235,34.12906600032478],[-81.30244000044308,34.13010500011421],[-81.30282000038468,34.13055000011424],[-81.3060890002463,34.13437400011424],[-81.30621700029282,34.1345280002893],[-81.30852100023185,34.13722299993788],[-81.30861300029335,34.13732900001071],[-81.30862499998894,34.13734400000328],[-81.30882400018055,34.137556999758814],[-81.30884599992186,34.1375840002655],[-81.31099300040037,34.1401140003195],[-81.3119039998963,34.14117999971406],[-81.31148600031986,34.14319000011419],[-81.31171899994837,34.14338399968946],[-81.31173400001698,34.14339600016211],[-81.31360299976282,34.144946999878144],[-81.3150370002138,34.146140999734435],[-81.31459600017284,34.147296000276484],[-81.31410699955299,34.14855700000789],[-81.31376199977147,34.14940900020328],[-81.31259099998455,34.15219099968457],[-81.31163799975752,34.15446499976247],[-81.31040900024426,34.15550099997922],[-81.30412800043895,34.16081899971299],[-81.30235599987918,34.16231899983027],[-81.3022660003658,34.16239499963234],[-81.30237699979558,34.16261799987925],[-81.30339000029707,34.16464600031411],[-81.30699499971936,34.171860000181],[-81.30717100034478,34.17221199993891],[-81.30811199997794,34.17409400029303],[-81.3096939996686,34.17726100005537],[-81.30997700042413,34.177826999912966],[-81.31071999969058,34.179309999707144],[-81.31401700003961,34.185894999979666],[-81.31419199994178,34.18626099990384],[-81.31422399972884,34.18624599968231],[-81.31427800015551,34.186376999990955],[-81.314298000247,34.186586000084844],[-81.31433099985897,34.18681099999109],[-81.31445600043077,34.18690500001193],[-81.31468800023434,34.18704199977572],[-81.31488599970275,34.18718000026199],[-81.31497199991648,34.18723500020443],[-81.3150720003739,34.18725700017138],[-81.31523700023034,34.18725700017138],[-81.31535000020824,34.18721799975318],[-81.31555500024766,34.187059000262444],[-81.3156139997989,34.18703099976492],[-81.31575299971605,34.18702600023244],[-81.31587900011274,34.18704199977572],[-81.31615699994711,34.18712999981035],[-81.31630199971207,34.18712999981035],[-81.31638200007801,34.18709200027952],[-81.31642100043607,34.18704199977572],[-81.31645400004801,34.186877000206394],[-81.31650699975148,34.18674499972409],[-81.31663999982086,34.1865470000995],[-81.31675199997386,34.18643700002467],[-81.31685800027907,34.18635499979448],[-81.3170230001355,34.18624999979119],[-81.31713600011341,34.186228000304695],[-81.31726499998486,34.18624200031637],[-81.31733399958182,34.18625100000414],[-81.31741999979555,34.1862389996771],[-81.31747900024509,34.18621199986391],[-81.3175510002151,34.186141000286405],[-81.31780300011017,34.18592600001857],[-81.3180080001496,34.18576099975244],[-81.31823999995319,34.18561299994173],[-81.31841800022842,34.18553600001788],[-81.31851699996263,34.18550799975788],[-81.31858999975755,34.185491999923634],[-81.31868299964398,34.185514000345194],[-81.31880800021577,34.18555799968479],[-81.31893399971415,34.185595999906695],[-81.31903300034666,34.18564599978146],[-81.31917899993651,34.18575499992588],[-81.319311000181,34.18583299986776],[-81.31951600022042,34.18589300028844],[-81.31959599968806,34.18592000020373],[-81.31964300044203,34.185952999923295],[-81.31968299972668,34.186013999731315],[-81.31971600023695,34.18619000036751],[-81.31979499987968,34.186288999913835],[-81.31987500024562,34.186360000109886],[-81.31999999991909,34.18641499984388],[-81.32013299998849,34.18644800011292],[-81.3202119996312,34.186491999708466],[-81.32029799984493,34.1865800003169],[-81.32034399987567,34.18666800009047],[-81.32037099963985,34.18678899990781],[-81.32037099963985,34.18700300000122],[-81.32039699957913,34.18705800005907],[-81.32047699994507,34.187113000081],[-81.3207680001982,34.18722300001738],[-81.32089299987167,34.18729999988746],[-81.32093999972734,34.18735499975166],[-81.32095999981883,34.187416000031945],[-81.32093300005464,34.187497999973786],[-81.32088700002389,34.18758100003305],[-81.32084699984091,34.187669000248455],[-81.3208600002597,34.18773499979245],[-81.32095999981883,34.187833999754645],[-81.32102599994106,34.187943000044015],[-81.32112499967526,34.18824000033588],[-81.32115800018555,34.188410999849346],[-81.32119800036851,34.188565000322555],[-81.32125100007197,34.18869700018587],[-81.3213170001942,34.188767999841176],[-81.32138999998914,34.18880700028572],[-81.32151600038584,34.18882300023425],[-81.32158199960976,34.18884499978702],[-81.32162099996782,34.18890000012988],[-81.32168799991497,34.18894399993254],[-81.3217740001287,34.18893300016978],[-81.32184600009872,34.18890000012988],[-81.32192599956633,34.1888180000649],[-81.32200500010737,34.188779000368484],[-81.32210399984157,34.188767999841176],[-81.3221769996365,34.18879000015132],[-81.32221699981947,34.18886199991034],[-81.32224299975876,34.188976999955216],[-81.32225600017755,34.1890919998433],[-81.3223230001247,34.18925200013753],[-81.3224019997674,34.18935599994306],[-81.32254099968458,34.18942799996194],[-81.32279900032576,34.1894770003628],[-81.3231959999858,34.18958200006441],[-81.32366600033907,34.18964200004746],[-81.32387100037847,34.18965299971776],[-81.32414900021284,34.18965299971776],[-81.324280999559,34.18958700018846],[-81.32442700004718,34.18956500008621],[-81.32459899957631,34.189570000211276],[-81.32502899974662,34.189570000211276],[-81.32539199996977,34.189503999873956],[-81.32556400039724,34.18945500023185],[-81.32573599992637,34.189410999952706],[-81.32593500011798,34.189410999952706],[-81.32612699973862,34.1894160000869],[-81.3262659996558,34.18940000025091],[-81.32646400002251,34.18936100008052],[-81.32660299993968,34.189328000208086],[-81.32676899962104,34.18931699975238],[-81.32689400019282,34.189349999629115],[-81.32697399966044,34.18938899980454],[-81.32703300010999,34.18946599992654],[-81.32705999987417,34.189625000081364],[-81.32709300038444,34.189691000324],[-81.32721800005793,34.18976300005689],[-81.3274630002803,34.18983400030096],[-81.3275689996872,34.189878000359435],[-81.32768199966512,34.189955000034985],[-81.3277939998181,34.18999299976208],[-81.32797899976603,34.19002100001932],[-81.32815799986618,34.190009999654],[-81.32833000029362,34.189955000034985],[-81.32852799976202,34.189878000359435],[-81.32873600017447,34.18977799965296],[-81.3288919998101,34.1897019999879],[-81.32900700033613,34.18964499982259],[-81.3290330002754,34.18970099981581],[-81.32924699963733,34.19015500016655],[-81.32940499982107,34.19041600016362],[-81.3293360002241,34.190903999807645],[-81.32917899986528,34.191299000274704],[-81.32906699971227,34.191642000074985],[-81.3290330002754,34.19174900034895],[-81.32904300032115,34.19202499981087],[-81.32907799958292,34.19214600011666],[-81.32916100032193,34.19237200019212],[-81.32922800026908,34.192501000368125],[-81.32940300017125,34.19283600014543],[-81.32943099976035,34.19287799985507],[-81.32943499995831,34.19290900029961],[-81.32967900035578,34.193252000239085],[-81.33008799971138,34.193355000184624],[-81.33052000042983,34.19330099990424],[-81.33088600012772,34.193201000284375],[-81.331208000343,34.19302699968232],[-81.33143000010085,34.19296400022136],[-81.33173999972223,34.19296500035469],[-81.33199400016545,34.19318699994176],[-81.33225899958101,34.193326000162216],[-81.33308799995949,34.19367000001662],[-81.33302000018742,34.19390000021217],[-81.33306500039328,34.19430599982755],[-81.333468999726,34.19497999975196],[-81.33372300016921,34.19519999976494],[-81.33398900030801,34.19521100019631],[-81.33457699976373,34.195019999661916],[-81.33506399983546,34.19502199987986],[-81.33552900016588,34.19511599966564],[-81.33588999984089,34.19496099989956],[-81.33616100000253,34.194916000153796],[-81.33666999981557,34.19498199997085],[-81.33723300005526,34.195278999994315],[-81.33731800044409,34.195621999953076],[-81.33745900001108,34.195994999957996],[-81.33753400035414,34.196269000195244],[-81.33769699966244,34.19662400017915],[-81.33788300033362,34.196824000097884],[-81.33811400031229,34.1969790001544],[-81.33832400037457,34.197086999685055],[-81.33869799957007,34.19721399991238],[-81.33896100023412,34.19758700030484],[-81.33907099983897,34.19780800027884],[-81.33925800033504,34.19798400007915],[-81.33954500039022,34.19819699992866],[-81.33973199998796,34.19846399996368],[-81.33987500010309,34.19874099980207],[-81.3398740002782,34.19901700015481],[-81.34006000005103,34.19932199980332],[-81.34033600023555,34.19953399993214],[-81.34044500001549,34.19990300025869],[-81.34061400006989,34.20034800025404],[-81.34061999991768,34.20036400024184],[-81.34085199972125,34.20066800017629],[-81.3410939995706,34.20083500033362],[-81.34131399967863,34.20115800000183],[-81.34154600038055,34.201434999904684],[-81.34177800018412,34.20152799993891],[-81.34203199972903,34.20162099987049],[-81.34235300011939,34.2017969998837],[-81.34238999992931,34.201823999908115],[-81.34267299978654,34.202029000251514],[-81.3429370002755,34.20224100025985],[-81.3431909998204,34.202490999773936],[-81.34342299962398,34.20270300010644],[-81.34363199986136,34.2029989996647],[-81.34397199961998,34.203570999972605],[-81.34438000004899,34.20398599984983],[-81.34466600027926,34.20450300035835],[-81.34494199956546,34.20475299985058],[-81.3451619996735,34.20490100024665],[-81.34532800025315,34.2050299998277],[-81.34337599976831,34.20761800018523],[-81.34264000017457,34.20859500029574],[-81.34136399990733,34.210286000035715],[-81.3410929997457,34.21064500012041],[-81.34028099998396,34.21172200011311],[-81.34002999991378,34.21205600012689],[-81.34001099964722,34.212081999930064],[-81.33728800030686,34.215782999984484],[-81.33608300018474,34.21742200033901],[-81.33226199995406,34.22261899970678],[-81.32912100013895,34.22688800019511],[-81.32879300007589,34.22733499976398],[-81.3259779997757,34.23023299975314],[-81.32573699975129,34.23048100003249],[-81.32501500040124,34.231225000202045],[-81.32477500020171,34.23147400020718],[-81.32242799970668,34.23389299966083],[-81.32237900020118,34.233942999854754],[-81.32192800011448,34.23440899972917],[-81.32170899983137,34.23463500011338],[-81.32169899978562,34.23464399983353],[-81.32158599980772,34.23476099982103],[-81.32062099988511,34.23572899972678],[-81.32054600044036,34.2358039998564],[-81.31997399997981,34.2363760002714],[-81.3180369995636,34.23831799988879],[-81.31743099966619,34.238926000330224],[-81.31739200020645,34.238966000175964],[-81.31729500012206,34.23906399979205],[-81.31700700024199,34.23935899976661],[-81.31691099998251,34.2394579999921],[-81.31665300023965,34.239294000125355],[-81.31639499959847,34.23912900035355],[-81.31618100023655,34.23899300017254],[-81.3159319998162,34.238834000315734],[-81.31418400044419,34.23771499975188],[-81.3139740003819,34.23763999983928],[-81.31316000007205,34.23735000004364],[-81.31240699986154,34.23708299993247],[-81.31189200020074,34.237050999787236],[-81.31032499968036,34.23695599963247],[-81.30799900000004,34.23743199968254],[-81.30738999972957,34.23755700005613],[-81.30670500018945,34.23765499982714],[-81.30612400040641,34.237740000203026],[-81.30554299972505,34.23782499975043],[-81.30438000033404,34.23799199979074],[-81.30412599989081,34.2380110003391],[-81.30385700027729,34.23802899979929],[-81.30358799976545,34.2380480003393],[-81.30339100012198,34.23806300025448],[-81.30319399958017,34.23807899976496],[-81.30247100040522,34.23813199997839],[-81.30023299969011,34.23803900024041],[-81.29860699961851,34.237740000203026],[-81.2982400000957,34.237675999657164],[-81.29683499995706,34.23743100007688],[-81.2966049998033,34.2373910002444],[-81.29505499989966,34.23677199965327],[-81.29266800011996,34.23575699964436],[-81.29075800036625,34.23516999979477],[-81.29017400021016,34.23498299997883],[-81.28965600017628,34.23481700029071],[-81.28913700031751,34.23465100027531],[-81.2890589996014,34.234627000031296],[-81.28867000033729,34.234503000146724],[-81.28828100017486,34.234377999694914],[-81.28811899979314,34.23432599973155],[-81.28795700030976,34.23427399973609],[-81.28744699977351,34.23411099981355],[-81.28411299961455,34.2330329996992],[-81.2813490002663,34.23169300035484],[-81.279568000384,34.23061899996751],[-81.27851100039989,34.22983299980006],[-81.27824000023824,34.22963199978416],[-81.2773220001713,34.22842000025108],[-81.27724600000332,34.228205000108154],[-81.27716999983534,34.22798899969859],[-81.2768019995893,34.22694300022852],[-81.27635999972343,34.22628700012301],[-81.2757160001912,34.225331999831674],[-81.27446000001545,34.22393199971625],[-81.27313400041781,34.2228070000177],[-81.27282300007319,34.22270999983064],[-81.27106999977998,34.222163999841186],[-81.26950900000571,34.221842000245374],[-81.2684799996107,34.22109200009632],[-81.26631499958884,34.2188929997394],[-81.26589700001242,34.21816900023096],[-81.26536399990994,34.2172449996804],[-81.26506000013633,34.216718999931196],[-81.2645730000646,34.215858999910886],[-81.2643689998501,34.21568300028966],[-81.26394799990064,34.21532099977798],[-81.26352699995114,34.214958999939576],[-81.2634170003463,34.21485900000967],[-81.26330000017043,34.21476300020299],[-81.26318499964438,34.21466700028699],[-81.26309199975796,34.214585000024506],[-81.2628199997714,34.21435100028609],[-81.26254899960976,34.2141169998979],[-81.26250400030223,34.214078999900494],[-81.26222899994262,34.21384199984277],[-81.26215600014767,34.21359999967592],[-81.26211199976674,34.21346399986649],[-81.26179399974943,34.21300900032866],[-81.26169099981728,34.21285800036355],[-81.26074299961309,34.21148300028492],[-81.26018899959422,34.210510999849696],[-81.25929300016692,34.2089390002553],[-81.25922299984671,34.20886300003089],[-81.25826499959679,34.20783400008071],[-81.25824100020567,34.207815000153346],[-81.25417599957751,34.20463899976995],[-81.2530759999357,34.20392899968159],[-81.2527599995682,34.20375699968325],[-81.25147499997846,34.20305599971884],[-81.2512730003121,34.20294599963195],[-81.25086200040836,34.202902999721076],[-81.25033900035163,34.202849000354796],[-81.24981499957168,34.20279500021095],[-81.24880699999136,34.20270900021322],[-81.2478670001831,34.2028820001367],[-81.24745499955615,34.20310400036016],[-81.2474370000128,34.20311299973443],[-81.24591999972115,34.203937999710725],[-81.24581199976613,34.2039449997327],[-81.24453700022212,34.204029999953306],[-81.24225599984932,34.204229000134596],[-81.24119499966723,34.20429900008667],[-81.24107599984154,34.20430600007865],[-81.24095700001587,34.204314000068834],[-81.2398759997423,34.20438499994818],[-81.23879500036705,34.204454999770704],[-81.23599000011261,34.20463899976995],[-81.23340699961601,34.20529899974157],[-81.23193200005547,34.205556999716855],[-81.23132600015806,34.205664000163196],[-81.23072000026066,34.20577099973076],[-81.23046499999253,34.20581399966453],[-81.2301319999066,34.205794000043596],[-81.22981499971418,34.20577499965638],[-81.22949900024501,34.205755000026244],[-81.22895899957153,34.20572399984716],[-81.22841799997146,34.20569299965668],[-81.22824200024436,34.20568299983245],[-81.22806599961895,34.20567300000708],[-81.22803600038003,34.20567100004183],[-81.22641199995826,34.205686999762285],[-81.22457699964929,34.204889000344714],[-81.22329700008243,34.204143000113916],[-81.2232469998537,34.204114000087124],[-81.22299099976067,34.203964999792326],[-81.2226269997126,34.203662999872826],[-81.22246699987903,34.20352999965363],[-81.22230799987037,34.20339699996761],[-81.22185199976079,34.203019999962855],[-81.22183500004235,34.202957999810494],[-81.22149799975847,34.20173000017107],[-81.22069699986739,34.19944899963608],[-81.21920999971296,34.19743800036196],[-81.21873500023511,34.19679599987033],[-81.21665899990174,34.19595599986543],[-81.21432700037361,34.195276999782465],[-81.21371800010317,34.19512100020463],[-81.21285399956457,34.19506700031203],[-81.21118900003323,34.19494799995895],[-81.20841100044129,34.19432499982753],[-81.20744599962038,34.19371400030285],[-81.2066239998129,34.193252000239085],[-81.20616799970331,34.19295499976377],[-81.20520000030598,34.192331999769166],[-81.20513900020661,34.19226499996555],[-81.20433199956943,34.191382999717874],[-81.20352599965548,34.190500999905744],[-81.20279099988664,34.18969800004274],[-81.20165199988678,34.18878700034579],[-81.20004699973158,34.188044000145524],[-81.19977999976788,34.187920000062896],[-81.19914200008343,34.187530999819124],[-81.19883900013471,34.18734699963853],[-81.19867500010321,34.18724699964666],[-81.19853600018602,34.18716200034063],[-81.19680999965699,34.18611000032653],[-81.1939030001936,34.184450000003636],[-81.19372599974328,34.18434799982188],[-81.19366800001697,34.18431599971032],[-81.1935490001913,34.184246000259954],[-81.19213099963385,34.18343799980899],[-81.19063500015689,34.182312999824966],[-81.18980999997638,34.18159499984067],[-81.18887199981795,34.18077700020375],[-81.18744400011308,34.17967400012209],[-81.18682599962177,34.179196999710165],[-81.1849269997387,34.17799299965805],[-81.18202799977294,34.17645399992317],[-81.17865099995626,34.174733999723934],[-81.17829299975598,34.17455199983391],[-81.17829899960375,34.17463300003759],[-81.17830299980172,34.174680000156854],[-81.17830600017477,34.174714000163554],[-81.17831399967238,34.17482500026499],[-81.17833299993895,34.175056000168645],[-81.17835999970313,34.175396999932474],[-81.17836999974887,34.17564599990952],[-81.17837099957379,34.17566000019086],[-81.1783859996424,34.175872000344974],[-81.1783999998861,34.17591800018193],[-81.17843000002333,34.176022000076244],[-81.17849500032065,34.176154999832946],[-81.17856800011559,34.17636299965239],[-81.1785749997883,34.176398000053965],[-81.17869299978905,34.17672500023795],[-81.17874899986556,34.176897999959095],[-81.17879599972122,34.17707800009143],[-81.17881400016289,34.177145000067455],[-81.17887799973698,34.17735500031302],[-81.17895599955479,34.17774799968684],[-81.17897900001932,34.17789099984444],[-81.17902199967703,34.17839500030206],[-81.17906299968492,34.178717999712894],[-81.17912100030954,34.17903999981825],[-81.17914399987575,34.179219999840186],[-81.17919999995227,34.17957700008538],[-81.17920199960209,34.17968299976738],[-81.17922699971645,34.17982300023704],[-81.17925799967858,34.18010700013646],[-81.17925600002876,34.180141999728136],[-81.17927000027247,34.180319999805185],[-81.17927100009739,34.18046199978106],[-81.17927699994516,34.180521000025266],[-81.17928399961785,34.18060100016444],[-81.17928000031822,34.18066899985157],[-81.17929500038683,34.180911000173225],[-81.17929200001377,34.18097999988595],[-81.17929600021174,34.18101499985869],[-81.1792939996636,34.18122000025667],[-81.17929799986156,34.18139399994985],[-81.17929500038683,34.181426999953686],[-81.17929899968648,34.18149599998758],[-81.17929299983868,34.18156399969644],[-81.17929600021174,34.18170200022678],[-81.17928899964072,34.181769999769685],[-81.17928100014312,34.18207800016022],[-81.17928500034108,34.18218099963218],[-81.17927899959497,34.182215000332135],[-81.17928199996804,34.182283999721484],[-81.17926900044755,34.18266000003357],[-81.17925900040181,34.18272800029053],[-81.17926500024959,34.1827620000269],[-81.17925900040181,34.182865000149995],[-81.17924299960997,34.183001999787024],[-81.17924199978506,34.18307100001897],[-81.17923500011237,34.18310500036024],[-81.17923299956422,34.18320900031363],[-81.1792379995871,34.18324400010475],[-81.17923400028745,34.183311999890975],[-81.17924000013524,34.183557000054215],[-81.17923500011237,34.183625000331276],[-81.17923099991441,34.184215000346754],[-81.17924099996014,34.18435399974857],[-81.17928500034108,34.18481000035866],[-81.17928799981581,34.18487800036883],[-81.17930299988444,34.18520000000038],[-81.17933700021962,34.18544700032713],[-81.17935399993804,34.18553099965363],[-81.17936599963363,34.185594999685975],[-81.17939900014389,34.1857619999712],[-81.17940199961862,34.185787999709994],[-81.17941199966438,34.18585399998269],[-81.17943000010604,34.1859740000084],[-81.17945799969513,34.186113999698726],[-81.17950799992384,34.1866440002964],[-81.1795050004491,34.18675000001633],[-81.17948899965727,34.18685399993454],[-81.17946500026615,34.18695799972458],[-81.17942300043335,34.187059999722685],[-81.17934899991519,34.187147000279346],[-81.17922900026458,34.187250999708056],[-81.17919400010449,34.18727100001222],[-81.1791310003553,34.187320999637215],[-81.17902900024804,34.187387000196566],[-81.17892200011791,34.187448999909414],[-81.17855100039716,34.18763699991053],[-81.17847699987898,34.187668000052305],[-81.1783370001369,34.18774500025926],[-81.17818999982381,34.18780699970895],[-81.17804800043191,34.187879000307035],[-81.17796999971578,34.1879050001364],[-81.17793600027892,34.18792599973547],[-81.17789400044612,34.187934999986666],[-81.17782099975287,34.18797000004623],[-81.1777029997521,34.1880109997578],[-81.17747699979628,34.18811000013919],[-81.17743699961332,34.18812399983844],[-81.17736399981838,34.188160000009894],[-81.1770969998547,34.18827299989091],[-81.17698600042492,34.18832500004178],[-81.17683400008896,34.188389000183435],[-81.17671199989023,34.18842400005455],[-81.1763799996292,34.188505000316376],[-81.17567199962454,34.188664000053635],[-81.17546199956226,34.188706999795585],[-81.17538000044482,34.18872799993807],[-81.17475399955761,34.18886700007708],[-81.17459100024932,34.18890900027714],[-81.1745490004165,34.188921999662504],[-81.17415299968307,34.18904999973436],[-81.17391900022966,34.18913600028882],[-81.17380999955141,34.189190000263835],[-81.17377799976435,34.18921500025437],[-81.17370999999228,34.189257000281145],[-81.17355199980854,34.18937999970851],[-81.17340100019581,34.189507999828315],[-81.17323700016426,34.18966999967821],[-81.17317900043797,34.18973700005724],[-81.1731619998212,34.18975600034361],[-81.17314299955463,34.18978799987754],[-81.17309200039931,34.189843000348596],[-81.17307499978256,34.18987600001954],[-81.17304999966821,34.189909999847124],[-81.17298000024631,34.19003699973756],[-81.17294099988827,34.19009899973164],[-81.17292800036778,34.19013099987857],[-81.17284800000184,34.19025499968294],[-81.17277900040487,34.19038299996092],[-81.17275000009255,34.19044900035344],[-81.17273099982597,34.19048100036752],[-81.1727040000618,34.19054800010234],[-81.17268599962013,34.190580000078846],[-81.1725569997487,34.19087999973285],[-81.17247599955786,34.19112000017377],[-81.17244899979366,34.19123899998432],[-81.1724449995957,34.19125900008588],[-81.17237099997588,34.19153699996588],[-81.17235500008233,34.19167800023096],[-81.17231800027241,34.19185099975456],[-81.17228999978501,34.19195500007049],[-81.17222500038599,34.19214999994572],[-81.17216900030951,34.19224600024449],[-81.1721540002409,34.19227899971823],[-81.1721330003245,34.19230999963991],[-81.17205999963124,34.192398000122516],[-81.17203299986707,34.19242500018462],[-81.17201199995067,34.19245600005269],[-81.17193400013286,34.1925399998295],[-81.17181600013208,34.19264400003882],[-81.17152900007692,34.19286099979819],[-81.17146100030484,34.19290300023844],[-81.17143000034271,34.192927999871365],[-81.17129100042553,34.19301099978832],[-81.17125200006747,34.19302600029276],[-81.17122100010533,34.19304999975691],[-81.17114599976225,34.19308299965903],[-81.17111499980011,34.193105999718306],[-81.17107399979224,34.193118999942875],[-81.17100600002017,34.19315699973047],[-81.17096400018738,34.19316600016649],[-81.17089600041533,34.19320600019387],[-81.17085899970708,34.19322200005091],[-81.170831000118,34.19324700033231],[-81.17079199975993,34.19326200005173],[-81.17072399998787,34.1933030001629],[-81.1706839998049,34.19331500022793],[-81.17061600003284,34.19335600031332],[-81.17057599984986,34.19336700024226],[-81.1705440000628,34.19339000022406],[-81.17050700025288,34.19340800030238],[-81.17046700006992,34.193420999737334],[-81.17043399955965,34.19344300031981],[-81.17035800028998,34.193472999686314],[-81.17032499977971,34.193494000128176],[-81.17028399977181,34.193506000166025],[-81.17021400034994,34.19354600003213],[-81.17017300034205,34.19355800006258],[-81.1701060003949,34.19360000015563],[-81.17006600021192,34.19361300030405],[-81.17003400042489,34.19363600021876],[-81.16999800043988,34.19365500036971],[-81.1699590000818,34.19366899989164],[-81.16992599957153,34.193692999915775],[-81.16985299977661,34.19372699969064],[-81.16982099998955,34.19375099969827],[-81.16968899974506,34.19382800029596],[-81.16955900004872,34.193918000181625],[-81.16952399988863,34.19393700026903],[-81.16946000031452,34.19398500015798],[-81.16923000016075,34.194132000019415],[-81.16920000002352,34.19415700003102],[-81.16910299993914,34.1942229996991],[-81.16906899960395,34.19424199971778],[-81.16900699967967,34.19428699982322],[-81.16896999986976,34.19430300021821],[-81.16887699998334,34.19437499972887],[-81.16885600006694,34.194393999713306],[-81.16879199959452,34.19445500010377],[-81.16869399968523,34.19456899983818],[-81.16862900028622,34.19465899967603],[-81.16860199962372,34.19472400032477],[-81.16858200043056,34.19475600020279],[-81.16856200033907,34.194857999686505],[-81.16855800014112,34.19500099981853],[-81.16856399998889,34.19521299966669],[-81.16857099966158,34.19524700031472],[-81.16857599968445,34.19531799965697],[-81.16858999992817,34.19538700021628],[-81.16858800027833,34.19542200015536],[-81.1685999999739,34.19549199998995],[-81.16860599982168,34.19570400008967],[-81.16859300030121,34.195846000173844],[-81.16856300016399,34.19597199994368],[-81.16855999979093,34.19598300027433],[-81.16855800014112,34.19601799996604],[-81.16853100037693,34.19608300031021],[-81.1685160003083,34.19615200024353],[-81.16850299988951,34.196184000322646],[-81.16845100001099,34.19638800017011],[-81.16843000009459,34.19645499966993],[-81.16842699972153,34.19649100000025],[-81.16840599980515,34.196558000161254],[-81.16839800030753,34.19670099963935],[-81.16840599980515,34.19708899985391],[-81.1684040001553,34.19730099965345],[-81.1684040001553,34.19733700036557],[-81.1684090001782,34.197372000238225],[-81.1684090001782,34.19744300002023],[-81.16843099991951,34.19765300026025],[-81.16845400038405,34.19775700010763],[-81.16853499967657,34.19795899971615],[-81.16861599986743,34.19812499996644],[-81.16871100030198,34.198284000141456],[-81.16877999989896,34.19837399972909],[-81.16885699989186,34.19845900036589],[-81.16888600020418,34.19848599997334],[-81.16901099987763,34.198584999945986],[-81.16916099966548,34.19871500034141],[-81.16935099963626,34.19886200012986],[-81.16943500020017,34.19894300002507],[-81.16951200019305,34.19902800008822],[-81.16955499985076,34.19908900009825],[-81.16959099983578,34.199153000244],[-81.1696360000416,34.1992120000451],[-81.16970700018672,34.19934100015905],[-81.16974399999665,34.199444000096754],[-81.16979500005027,34.19965099964878],[-81.16981299959363,34.199756000056354],[-81.16981299959363,34.199790999667876],[-81.16984299973086,34.199930000146715],[-81.16990600037838,34.20006300010172],[-81.16999599989173,34.20022299964109],[-81.17014700040279,34.20047700011574],[-81.17020099993114,34.20061200003613],[-81.17023600009124,34.20071499990698],[-81.17024100011412,34.20077200001952],[-81.17025000033495,34.20085499964518],[-81.17022900041854,34.20099699996998],[-81.17019699973318,34.2010990000766],[-81.17006200001397,34.201397000132836],[-81.1699869996709,34.20159799990498],[-81.16996599975451,34.20166599975264],[-81.16994999986098,34.201698999997696],[-81.16993300014255,34.201767999792864],[-81.16990800002819,34.20183500021827],[-81.16984699992882,34.202041999843345],[-81.1698460001039,34.202053000125034],[-81.1698329996851,34.20218399965466],[-81.16983500023325,34.202394999994766],[-81.169873999693,34.203247999891325],[-81.16988299991381,34.20328300028196],[-81.16994099964015,34.20337899979284],[-81.16998500002107,34.20338099981248],[-81.17011200024267,34.20335400028673],[-81.1702190003728,34.20329399965876],[-81.17032999980258,34.20318699991873],[-81.17040799962038,34.2031030003471],[-81.17048200013855,34.20301699992057],[-81.1705359996669,34.20296199986964],[-81.17059799959118,34.202910999844356],[-81.17063199992636,34.202889000246415],[-81.17074900010223,34.202841000225575],[-81.17079099993502,34.202831000063014],[-81.17083399959273,34.20283300009565],[-81.17087600032383,34.20284400027413],[-81.17095199959351,34.202877000057995],[-81.17098799957851,34.20289799964363],[-81.17104600020315,34.20295099970655],[-81.17109499970864,34.20300999982153],[-81.17112999986874,34.20307499997599],[-81.17116000000597,34.20317899982165],[-81.1711690002268,34.203321999957126],[-81.17116599985376,34.20342800025948],[-81.17115900018105,34.203462999832425],[-81.17115599980801,34.20356899995753],[-81.17116000000597,34.20360500022196],[-81.17115699963291,34.2036749999493],[-81.1711619996558,34.203780999807776],[-81.17118299957218,34.20392299966164],[-81.17123100015107,34.204020999934045],[-81.17125200006747,34.204052999998304],[-81.17130099957298,34.20411100008383],[-81.17132999988527,34.204138000110014],[-81.17143399964235,34.204203000137596],[-81.17159400037423,34.204260000120556],[-81.17175900023068,34.20430500007985],[-81.17184999956896,34.2043190000623],[-81.17191700041442,34.20427400011044],[-81.17203700006502,34.20423300013345],[-81.1721190000808,34.204219000136696],[-81.17216000008867,34.20421800013684],[-81.17220000027164,34.20421200013748],[-81.17228300011232,34.204224000135795],[-81.17232499994512,34.20422000013652],[-81.17240899961071,34.20423000013432],[-81.17245200016671,34.20422500013557],[-81.17252999998452,34.204236000132404],[-81.17257900038834,34.2042340001331],[-81.17262100022113,34.20424200013007],[-81.17270700043485,34.20424800012731],[-81.17279000027553,34.204266000116505],[-81.17283200010831,34.2042690001143],[-81.17287499976602,34.204277000108],[-81.17307999980544,34.20433300004239],[-81.17323100031649,34.20439999991506],[-81.17329700043872,34.20444599979682],[-81.17333300042374,34.20446399974368],[-81.17336600003568,34.204487999666924],[-81.17339199997497,34.20451600031163],[-81.17341100024154,34.20454800018798],[-81.17343499963266,34.2045770000654],[-81.17343800000572,34.204612999899396],[-81.17345399989924,34.20468300027553],[-81.17345399989924,34.20471800007034],[-81.17344399985349,34.20475299985058],[-81.17341799991425,34.20477699969153],[-81.17337799973127,34.20479200033154],[-81.17333500007355,34.20479900028265],[-81.17320500037721,34.20480500024024],[-81.17311900016348,34.20479800028967],[-81.1730770003307,34.20479000034543],[-81.17299100011698,34.20478199965753],[-81.17286100042062,34.20478800035928],[-81.1728170000397,34.20479400031765],[-81.17277900040487,34.20481000020458],[-81.17275799959016,34.20484099997685],[-81.17273000000108,34.20490800018865],[-81.1727249999782,34.20494399988129],[-81.17272900017615,34.204978000319805],[-81.17272400015327,34.20501299999212],[-81.17273500002393,34.205116999675575],[-81.17275199974237,34.205185999644804],[-81.17277799968164,34.205254000312884],[-81.17280399962091,34.20528299994747],[-81.1728370001312,34.20530599965053],[-81.1729140001241,34.20533899995647],[-81.17303999962246,34.205367000318496],[-81.17320500037721,34.205411999686866],[-81.17328099964689,34.20544599993659],[-81.17335000014218,34.20548900003616],[-81.17342600031016,34.20557600015322],[-81.17344700022656,34.205644999746724],[-81.17344800005145,34.205679999884985],[-81.17344100037877,34.20571500000871],[-81.17336799968551,34.20580299987357],[-81.17333099987559,34.205821000273644],[-81.17329700043872,34.20584299984934],[-81.1731760000649,34.20588299980608],[-81.1731330004072,34.20588999966654],[-81.17304999966821,34.205910999987395],[-81.17299699996475,34.20591899982525],[-81.17294900028418,34.2059939997538],[-81.17293599986537,34.20602799976884],[-81.1728930002077,34.20609099986958],[-81.17288399998685,34.20612599982264],[-81.17293800041352,34.20626100035465],[-81.1729790004214,34.20627500001219],[-81.17309300022423,34.20632500025611],[-81.17337799973127,34.20641000030556],[-81.17341999956406,34.206418000096],[-81.17354000011296,34.206459999726455],[-81.1735769999229,34.206477999986184],[-81.17370199959636,34.20657600025978],[-81.1737250000609,34.206605000182414],[-81.17375500019813,34.206671999735],[-81.17376600006878,34.20677800028224],[-81.17375699984795,34.206811999980964],[-81.17372699971071,34.20687800014364],[-81.17367099963423,34.20693199990061],[-81.17356900042529,34.20699799996932],[-81.17353199971704,34.207016000114145],[-81.17340500039376,34.207042999952755],[-81.17336299966264,34.20704799978434],[-81.17327599962401,34.20704999971687],[-81.1731900003086,34.20704399991909],[-81.17310699956961,34.20702499981363],[-81.17306800010986,34.20701000031394],[-81.17281799986462,34.20695699983138],[-81.17273199965089,34.20694800012463],[-81.17267399992457,34.2069339998359],[-81.172626000244,34.2069529999618],[-81.1725910000839,34.206974999984965],[-81.17252999998452,34.20702599978023],[-81.17251300026608,34.20705700022333],[-81.17251300026608,34.20709299974108],[-81.17252400013675,34.20716300028639],[-81.1725919999088,34.207254000016896],[-81.17262200004603,34.20727999981574],[-81.17281399966664,34.20742299968027],[-81.17293500004048,34.20752500018353],[-81.17296099997974,34.20755299981938],[-81.17302299990403,34.207603000048096],[-81.17310800029283,34.20768299975797],[-81.1731829997376,34.207768999881445],[-81.17328400001995,34.2079269997414],[-81.17343100033303,34.208184999844576],[-81.1735569998314,34.20848400005883],[-81.17362200012873,34.20868500001912],[-81.17362499960348,34.208718999691484],[-81.17365100044107,34.208784999846635],[-81.17366399996152,34.2088890000763],[-81.17367200035746,34.20892199972234],[-81.17370499996942,34.209265999832986],[-81.17370999999228,34.209479000150075],[-81.1736909997257,34.20958300026621],[-81.17363600037244,34.209789000246026],[-81.17343999965554,34.21021599985556],[-81.1734360003559,34.210251000324334],[-81.17341299989137,34.21031899987766],[-81.17339600017293,34.21042400036924],[-81.17339000032516,34.21049500030207],[-81.17339199997497,34.21056600017508],[-81.17339899964766,34.21060099975564],[-81.17341799991425,34.21063300029335],[-81.17348099966343,34.210682000257414],[-81.1735149999986,34.21070300012719],[-81.17363200017448,34.2107469996958],[-81.17399600022254,34.21085099973297],[-81.17411500004823,34.210894000046565],[-81.17419000039132,34.210930000154036],[-81.17429300032347,34.21099400022453],[-81.17444599958604,34.21106299983989],[-81.17457000033292,34.21109600012042],[-81.17465599964832,34.21110600004531],[-81.17482899990068,34.21111400013292],[-81.17487300028161,34.21111899972301],[-81.17495899959701,34.21112100030183],[-81.17504499981074,34.211131000223766],[-81.17520899984227,34.211176000229116],[-81.17532600001813,34.21122399996074],[-81.17543200032335,34.21128500005999],[-81.17549599989745,34.21133299972953],[-81.17558799995895,34.21142200032898],[-81.17562800014193,34.21148400019857],[-81.17567199962454,34.21158399967648],[-81.17569199971604,34.21165300029449],[-81.17571199980752,34.21175799986687],[-81.17570900033279,34.2118630000513],[-81.17569400026417,34.212004999661055],[-81.17565800027916,34.212105999912716],[-81.17560300002758,34.212201999774905],[-81.17557799991322,34.21223099999037],[-81.17554399957801,34.212293999911694],[-81.17546300028549,34.21241899971048],[-81.17543499979807,34.212484999939484],[-81.17541800007965,34.21255399981976],[-81.17541999972947,34.21258900006043],[-81.17543700034622,34.212693999952265],[-81.17550099992033,34.21282599992788],[-81.17555500034699,34.21288100022814],[-81.1756180000962,34.21293100026733],[-81.17572600005123,34.21298900018649],[-81.17580399986902,34.213020999817395],[-81.1759290004408,34.21305200028399],[-81.1760139999313,34.2130649996615],[-81.17614399962764,34.21307400020079],[-81.17631699988002,34.2130649996615],[-81.17648400028459,34.21302699993256],[-81.17652100009452,34.21300799969023],[-81.1765489996836,34.21298699965202],[-81.17662499985158,34.212943999663516],[-81.17672000028614,34.212869999873796],[-81.17686000002823,34.212784999653714],[-81.17690000021119,34.212772000233024],[-81.17706900026562,34.21274200030501],[-81.177154999581,34.21274099966341],[-81.17719800013704,34.212747999697164],[-81.17727900032789,34.21277499992805],[-81.1773150003129,34.21279400022292],[-81.17741300022219,34.21286399974745],[-81.17743999998636,34.21289199983817],[-81.17746000007786,34.21292300035217],[-81.17750899958334,34.21298100027682],[-81.17754299991853,34.213045000275486],[-81.17756499965984,34.21307599999033],[-81.17761200041383,34.21324900017877],[-81.17762400010938,34.21331900006822],[-81.1776180002616,34.213388000008464],[-81.17762300028446,34.21342299990276],[-81.1776180002616,34.21345799978244],[-81.17762400010938,34.21352700035174],[-81.17761400006364,34.21356200018824],[-81.1776180002616,34.213630999929514],[-81.17761099969059,34.21366599972282],[-81.1776180002616,34.213735000121794],[-81.17760800021587,34.21376899998537],[-81.1776180002616,34.21380299983523],[-81.17761300023872,34.213835999785644],[-81.17761700043668,34.21387000035138],[-81.17763099978208,34.21390300027555],[-81.17762999995718,34.21393700007134],[-81.17765400024662,34.214003999738026],[-81.17765900026947,34.21403700035259],[-81.17771100014801,34.214171000216574],[-81.1777599996535,34.214228000143976],[-81.17777899992008,34.21426000004724],[-81.17780800023239,34.21428599991326],[-81.17785900028603,34.21432100017743],[-81.17794999962432,34.214395000178584],[-81.17801400009672,34.214441999683785],[-81.17812200005176,34.214501999804334],[-81.17819700039483,34.21453899973359],[-81.1783859996424,34.214621999917256],[-81.17850299981826,34.21466700028699],[-81.17858400000911,34.21469300002743],[-81.17869399961397,34.21474699997698],[-81.17883900027725,34.21482599971704],[-81.17891500044523,34.21485900000967],[-81.17902300040026,34.21491700008749],[-81.17913600037816,34.21496800027657],[-81.17946799974087,34.21513000023556],[-81.17954399990884,34.21516099992627],[-81.18009100025502,34.21544100021024],[-81.18021500010359,34.21551300023894],[-81.18033999977705,34.21558500020618],[-81.18043699986143,34.215654999640705],[-81.18052300007515,34.21573400001516],[-81.180568000281,34.21579499982104],[-81.18059500004519,34.215863000100626],[-81.18061400031175,34.216002999935306],[-81.18063600005306,34.21610600031252],[-81.18067000038825,34.21620799996337],[-81.18069299995447,34.21623800014305],[-81.18084100009249,34.21650299978071],[-81.18087399970445,34.21656200006591],[-81.18096400011612,34.21676100037075],[-81.18100099992603,34.21686299997152],[-81.1810539996295,34.21703400011753],[-81.1810600003756,34.217068999983006],[-81.18111599955378,34.217276999923506],[-81.1811590001098,34.217377999798735],[-81.18123100007982,34.21746600011346],[-81.18128399978325,34.21752100035637],[-81.18166399972486,34.21781199993643],[-81.18189600042678,34.21797199995382],[-81.18210099956787,34.21812599991565],[-81.18216500004029,34.218188000052365],[-81.18223899966013,34.21827600026388],[-81.18225999957652,34.21830700028272],[-81.18230999980524,34.218406000003],[-81.18232200039911,34.21847699989576],[-81.18232200039911,34.21851299973488],[-81.18230999980524,34.21854600006911],[-81.18227800001819,34.21856999969626],[-81.182207999698,34.21861199995591],[-81.18213200042831,34.21864799973732],[-81.18205000041254,34.2186710002499],[-81.18200699985654,34.218679000362116],[-81.18183399960417,34.21869099978621],[-81.18174800028876,34.218703999779365],[-81.18166399972486,34.21872400005067],[-81.18158599990706,34.21875599973209],[-81.18154999992204,34.218775999991],[-81.18151800013499,34.21880000029547],[-81.18146299988341,34.218856000236514],[-81.18141799967758,34.218917000010535],[-81.1814000001342,34.21895400022946],[-81.18137099982191,34.21901700032392],[-81.18134400005772,34.219121999633806],[-81.18133400001197,34.21919199984383],[-81.18132599961605,34.21929999988405],[-81.18133099963893,34.219477999758205],[-81.1813420004079,34.2196199999056],[-81.18133400001197,34.2197280001399],[-81.1813220003164,34.219797999846406],[-81.1812160000112,34.22015300027467],[-81.18120799961528,34.22017799999734],[-81.18119699974463,34.22021499966244],[-81.18119599991971,34.22025799965435],[-81.18119599991971,34.220284999707104],[-81.18106799987318,34.22027599993809],[-81.17979400015412,34.220184000345675],[-81.17558899978387,34.219881000049135],[-81.17522100043615,34.21985499968122],[-81.17505999987937,34.21984299968008],[-81.17489800039596,34.2198320002347],[-81.17475600010575,34.219821999859725],[-81.17461299999061,34.219812000226426],[-81.17418799984318,34.21978100001854],[-81.17138000011398,34.219539999642734],[-81.16791899973343,34.21924299967373],[-81.16769500032575,34.2192240000903],[-81.16473299971247,34.21897100022424],[-81.16295699985307,34.218818999974566],[-81.16014999994876,34.218578999647534],[-81.15992399999297,34.21855699968239],[-81.15917900017838,34.218495999647715],[-81.15626699979383,34.218259000128846],[-81.15529699984836,34.21818099972771],[-81.15463900007241,34.218126999750474],[-81.15266700039439,34.21796799986421],[-81.15201000044337,34.21791500033067],[-81.15042500037966,34.217785999672806],[-81.14938799958871,34.21770199979469],[-81.14567100001344,34.21740000007175],[-81.1440869997746,34.217271999956],[-81.14321499973842,34.217200999790535],[-81.14176799976697,34.21708399992089],[-81.1406000003531,34.21699000011748],[-81.13972900014183,34.21692000030637],[-81.13862899960169,34.216829999720915],[-81.13533100032606,34.21656100021252],[-81.13423199961083,34.2164719998409],[-81.13240100039813,34.21632299985134],[-81.1269080000651,34.21587800025322],[-81.12507799977902,34.215729999819295],[-81.12481300036346,34.2157089997166],[-81.1241460003667,34.21576100003211],[-81.1213529998078,34.21598299976091],[-81.12050699971088,34.21605099988876],[-81.12042300004529,34.21604400012939],[-81.11933699974887,34.21595199962984],[-81.11608100030602,34.21567599975687],[-81.1149959998345,34.21558500020618],[-81.11475200033534,34.215564000067346],[-81.11433899988347,34.21552900031955],[-81.11237100040343,34.21536300017154],[-81.11171500027731,34.21530800000565],[-81.11123700042643,34.215267000196285],[-81.10980299997544,34.21514599964603],[-81.10932500012456,34.21510600037137],[-81.10879000037227,34.21506299997847],[-81.10718600004196,34.21493699977206],[-81.1066520001146,34.21489499990894],[-81.10360900020878,34.214591999905075],[-81.10353800006366,34.21457900002029],[-81.10348199998717,34.21457999989719],[-81.1019580000228,34.21443499979077],[-81.09977899975726,34.21422999990617],[-81.09878100022269,34.214139000279516],[-81.09857100016042,34.214118999662674],[-81.0973869999547,34.21401099966687],[-81.09586299999035,34.213872000122024],[-81.09583799987598,34.21389700022276],[-81.09567300001954,34.214172000098344],[-81.09551999985868,34.21437000022559],[-81.0953950001852,34.214561999882164],[-81.09526200011582,34.21477699993403],[-81.09512999987133,34.215001999642645],[-81.0949580003422,34.21527700036902],[-81.09482600009773,34.21545900003744],[-81.09466700008906,34.21565100018401],[-81.09409800000157,34.21625599980005],[-81.09402600003156,34.216327999875226],[-81.09382699983993,34.21653100014786],[-81.09369499959546,34.216696000371414],[-81.09359599986125,34.2168339998645],[-81.09350999964752,34.217004000221294],[-81.09344299970037,34.21716299969829],[-81.09336400005765,34.21733399997829],[-81.09329799993542,34.217509999864944],[-81.09323199981317,34.217602999990014],[-81.09310600031478,34.21769699985235],[-81.09298699959079,34.21776800034267],[-81.09280199964286,34.21783400009617],[-81.09260300034954,34.21787799965545],[-81.09226600006565,34.217921999934596],[-81.09182900022265,34.21799400007171],[-81.09153100029681,34.218066000147296],[-81.09094899979053,34.21823600024663],[-81.09061800025275,34.218318999759816],[-81.09042599973382,34.21839600020158],[-81.09031399958081,34.21845599973497],[-81.09012799980799,34.21858299970813],[-81.08987000006512,34.21877500016388],[-81.08973100014795,34.21886900020426],[-81.0895720001393,34.21894600014335],[-81.08936700009987,34.2190119997168],[-81.08915600021268,34.21907200029709],[-81.08884400004315,34.21913799977183],[-81.08863900000374,34.21919900008449],[-81.08850699975925,34.219253999938886],[-81.08838100026087,34.21932000001387],[-81.08828199962835,34.21940799978576],[-81.08816299980268,34.21954500021852],[-81.0879250001513,34.21978199983373],[-81.08760700013397,34.22009000028695],[-81.08708400007725,34.220649999846636],[-81.08695900040378,34.22081500017414],[-81.08680000039513,34.220996999764395],[-81.08664999970897,34.22112999990198],[-81.08630400010256,34.22144199980839],[-81.08583399974928,34.221892999956566],[-81.08560899961839,34.222152000168954],[-81.08527800008059,34.2225199997379],[-81.08508599956167,34.22273999992336],[-81.08493400012401,34.222933000338905],[-81.08479500020685,34.223147000051725],[-81.08462799980225,34.22343299990896],[-81.08456400022816,34.223542999995445],[-81.084497000281,34.22369700017227],[-81.08414699957831,34.22433500023999],[-81.08403399960041,34.22452199993311],[-81.0839619996304,34.22459800014654],[-81.08387600031499,34.2246530001898],[-81.0837430002456,34.22469699990144],[-81.08358400023694,34.22472499977355],[-81.08329999965649,34.22475299963628],[-81.08285000029302,34.22474700035618],[-81.08238599978752,34.224779999733876],[-81.08203599998316,34.2247859997544],[-81.08185000021031,34.2247859997544],[-81.0815330000179,34.2247859997544],[-81.08140699962121,34.224779999733876],[-81.0810760000834,34.22474200008919],[-81.08038099959923,34.22474200008919],[-81.08014299994787,34.22475299963628],[-81.0796530004014,34.22480800032111],[-81.07897800000872,34.224918000097496],[-81.07857399977767,34.22496799967823],[-81.07815100017837,34.22503399973305],[-81.07802499978168,34.225044999984725],[-81.07793199989526,34.225027999730194],[-81.07785900010032,34.224990000197444],[-81.07775299979511,34.22490699982917],[-81.07768099982508,34.22480800032111],[-81.0775750004182,34.22462699980919],[-81.07749500005225,34.22440700009551],[-81.07741600040953,34.22401699983236],[-81.07738899974703,34.22384100016974],[-81.07736299980776,34.223143000207834],[-81.07733600004359,34.222846000314085],[-81.0773290003709,34.222570999781404],[-81.07733600004359,34.22235600030618],[-81.07733600004359,34.221889000053174],[-81.07736199998286,34.221536999638474],[-81.07734199989137,34.22140499993939],[-81.07728300034015,34.22127900030378],[-81.07717700003492,34.221114000142286],[-81.07712400033148,34.22104799998721],[-81.07701800002627,34.22098199978038],[-81.07687900010909,34.22093800035657],[-81.0767529997124,34.220905000216554],[-81.07662100036623,34.22095999969994],[-81.07645599961148,34.221052999730624],[-81.07631699969431,34.221180000245646],[-81.07619799986861,34.221312000297296],[-81.07601899976846,34.221520999956084],[-81.07593299955474,34.22164699997246],[-81.07585999975981,34.22174099977944],[-81.07552900022203,34.222229999864695],[-81.07549300023702,34.22227300031361],[-81.07538399955875,34.22240599992221],[-81.07521200002962,34.22258700000717],[-81.07509900005172,34.22269200006699],[-81.07494699971575,34.22278000003041],[-81.07482100021736,34.22286199974482],[-81.0746620002087,34.222938999748216],[-81.07450999987276,34.2230049999073],[-81.0743580004351,34.223087999921404],[-81.0742250003657,34.2231700000787],[-81.07399400038703,34.22335700012993],[-81.07388800008181,34.22342900007863],[-81.07376900025614,34.223522000354635],[-81.07359699982868,34.22368700025618],[-81.07343799982002,34.22382999976083],[-81.07309399986343,34.224176999949236],[-81.07289499967179,34.224336000001124],[-81.07277800039425,34.224413000142604],[-81.07248499959297,34.22460499993798],[-81.07240599995025,34.22466600000574],[-81.07227999955356,34.224742999845546],[-81.07216099972787,34.22479799979412],[-81.07201500013801,34.22485299970677],[-81.07186299980204,34.2248799997723],[-81.07167799985412,34.22488599978571],[-81.07135300016411,34.22488599978571],[-81.07119400015544,34.224897000056714],[-81.07104900039049,34.2249409996409],[-81.07092999966649,34.2250009997121],[-81.07083699978007,34.22506200023584],[-81.07076399998515,34.225149999951604],[-81.07073800004586,34.22522700009168],[-81.07073800004586,34.22531499963506],[-81.07077099965784,34.225396999852755],[-81.0709160003211,34.22561199973636],[-81.07108899967515,34.22583200001645],[-81.07129999956236,34.226116999930035],[-81.07129999956236,34.226199999848646],[-81.07132700022484,34.22639799993274],[-81.07134700031632,34.22658999965979],[-81.07139300034707,34.22682700025114],[-81.07140000001978,34.227007999749034],[-81.07140000001978,34.22738700033074],[-81.07137999992828,34.22758499985254],[-81.07133999974532,34.22811900004588],[-81.07129399971456,34.22832200012964],[-81.07125400042992,34.22854200001553],[-81.07122099991962,34.22880000012861],[-81.07119499998036,34.228937999847375],[-81.07119499998036,34.22904800017168],[-81.07117499988887,34.22922400009459],[-81.07117499988887,34.22934999972912],[-81.07120099982815,34.22958699998089],[-81.07123400033842,34.23003199994922],[-81.07124100001113,34.23025199982435],[-81.07122799959232,34.23035100036048],[-81.07120800039915,34.230406000360475],[-81.07115999982027,34.230478000225176],[-81.07098099972013,34.23074400005793],[-81.07091200012314,34.23089999980348],[-81.07081500003876,34.23106500010543],[-81.07073899987078,34.23120900013176],[-81.0706490003574,34.231364999758675],[-81.07057599966417,34.231467000243974],[-81.07036499977697,34.231760000011526],[-81.07020300029357,34.23192399970006],[-81.07010299983614,34.232037000332056],[-81.0698669998346,34.232246000115616],[-81.06975200020686,34.2323199999679],[-81.06963800040405,34.23238200005501],[-81.06951000035754,34.23241599981987],[-81.06934200012805,34.232417999893045],[-81.06920900005865,34.23233599982708],[-81.0690369996312,34.23221999985093],[-81.06851399957446,34.231852000328985],[-81.06810400039396,34.23161499976729],[-81.06786599984427,34.23148300026518],[-81.06768000007145,34.23140100003144],[-81.06754799982696,34.23135099981345],[-81.06744900009275,34.23129700010915],[-81.06741499975757,34.23125300013196],[-81.06741499975757,34.231169999994236],[-81.06742200032858,34.231055000321405],[-81.06739600038931,34.230983000207374],[-81.06734299978754,34.230950000289255],[-81.06723700038064,34.23089499990184],[-81.0671570000147,34.230922999941484],[-81.06703800018902,34.2309780003106],[-81.06690599994454,34.23108199988413],[-81.06683899999739,34.23111499975052],[-81.06674699993589,34.23111499975052],[-81.06657500040676,34.23108199988413],[-81.0662699999099,34.23100499989803],[-81.0661710001757,34.23097199998853],[-81.06607800028928,34.2309010002294],[-81.06598600022777,34.23080200033986],[-81.06592000010554,34.23074100025997],[-81.0658399997396,34.230713999845186],[-81.06574699985318,34.23070800024697],[-81.06564800011897,34.23071899975763],[-81.06558199999674,34.23071899975763],[-81.06551599987448,34.230663999962005],[-81.06543600040688,34.23061999965406],[-81.0652840000709,34.230559999872305],[-81.06517799976568,34.23059799986283],[-81.06508499987928,34.23063700026531],[-81.06503300000075,34.23063700026531],[-81.06498000029728,34.23060900013052],[-81.06493300044163,34.23055400026312],[-81.06486700031938,34.230466000252],[-81.06477400043296,34.23039000013464],[-81.06468200037146,34.2303350001242],[-81.06456900039356,34.23030199995216],[-81.0645030002713,34.230229999936974],[-81.0644039996388,34.22995499974576],[-81.06434400026266,34.22976800023171],[-81.0642909996609,34.22964199973717],[-81.06421200001817,34.229547999834914],[-81.06411199956074,34.229455000270825],[-81.06399299973505,34.229356000166774],[-81.06389400000084,34.22930100022375],[-81.06381500035813,34.229251999947145],[-81.06337099994413,34.229010000224434],[-81.06312599972173,34.2288999998505],[-81.0629469996216,34.22884999963302],[-81.06271700036613,34.22881899978038],[-81.06254400011379,34.22879500010229],[-81.06238500010514,34.228767999806315],[-81.06227899979991,34.22872900002375],[-81.0621859999135,34.22866299989354],[-81.06201400038437,34.22849800008434],[-81.06181600001764,34.22826200019607],[-81.06174300022272,34.228189999922265],[-81.06161000015331,34.22811300026279],[-81.06141199978659,34.22804699964977],[-81.06122699983868,34.228003000202726],[-81.0610810002488,34.22798099972784],[-81.06102799964704,34.228003000202726],[-81.06101500012657,34.22808599974816],[-81.06102099997435,34.228189999922265],[-81.06100799955556,34.22826700025408],[-81.06095499985211,34.22831700007493],[-81.06090899982135,34.22833899971931],[-81.06075700038372,34.228355000334886],[-81.06055800019207,34.22836100010068],[-81.06047899965105,34.228387999784395],[-81.06045199988687,34.22844300032367],[-81.06045899955956,34.22853100022057],[-81.06051800000911,34.228673999671244],[-81.06053800010059,34.22880099983675],[-81.0605249996818,34.22887800035266],[-81.06047199997833,34.228977000275904],[-81.06038599976462,34.22909699982426],[-81.06022000008328,34.229219000093444],[-81.06003500013534,34.229388999966794],[-81.05991600030966,34.229520999780355],[-81.0597639999737,34.22975699985415],[-81.0597439998822,34.229866999851374],[-81.05973700020952,34.23003800033834],[-81.05971100027024,34.23029099964435],[-81.05967100008726,34.23037800014894],[-81.0596309999043,34.230433999820036],[-81.05957800020086,34.230526999788424],[-81.05952799997213,34.23059999997918],[-81.05947899956834,34.23067500022107],[-81.0594330004359,34.23078499976197],[-81.0594130003444,34.230917000358204],[-81.05945299962906,34.23113200026179],[-81.05944599995637,34.23119799994245],[-81.05937300016144,34.23124699982947],[-81.05921400015278,34.23125300013196],[-81.05907500023561,34.2312799996312],[-81.0589689999304,34.23132400033701],[-81.05859900003455,34.23152200025779],[-81.05839399999513,34.23161499976729],[-81.05816899986424,34.23172500030838],[-81.05808900039659,34.23178599967548],[-81.05806299955903,34.23187899963618],[-81.05805599988634,34.23197799974493],[-81.05805599988634,34.23210999995651],[-81.05803599979484,34.23258300019136],[-81.05802900012216,34.233071999716586],[-81.05800999985559,34.23319299976986],[-81.0579760004187,34.233330999716635],[-81.0578840003572,34.23347899967724],[-81.05773100019633,34.233621999638],[-81.05761900004333,34.23366599986273],[-81.0575460002484,34.23365499999437],[-81.05750000021763,34.233627999771244],[-81.05738100039196,34.233529000117],[-81.05723499990377,34.23342400019901],[-81.05713600016955,34.23333600021633],[-81.05701700034388,34.23321500036854],[-81.0568840002745,34.233071999716586],[-81.05677799996928,34.23297300015135],[-81.05657299992987,34.232829999831104],[-81.05640800007342,34.232759000153195],[-81.05622200030058,34.23273099998128],[-81.05608300038341,34.23272600018836],[-81.05591099995597,34.23273099998128],[-81.05581899989446,34.23274800016635],[-81.05572600000805,34.2327969998941],[-81.0556530002131,34.232862999755184],[-81.05558700009088,34.23297900033083],[-81.05551400029593,34.23312199965538],[-81.05541499966341,34.233364000187066],[-81.05531500010429,34.23356199976714],[-81.05512299958536,34.233864000218055],[-81.05501700017847,34.2339630002211],[-81.05492500011695,34.23403999973039],[-81.05481899981176,34.23411099981355],[-81.0546530001304,34.23417700013003],[-81.05440200006024,34.23426000027452],[-81.05422299996009,34.23429800008078],[-81.05383299997274,34.23429800008078],[-81.05358100007767,34.23428199985172],[-81.05334900027407,34.234248999741126],[-81.05308499978511,34.234221000064686],[-81.0527869998593,34.23417700013003],[-81.05237000010777,34.23412200036498],[-81.05222399961959,34.23412200036498],[-81.05207899985463,34.23412799971995],[-81.0516479998594,34.23417100003585],[-81.0512179996891,34.23423199985909],[-81.05098599988551,34.23429199999522],[-81.05091999976327,34.234319999647994],[-81.05086100021204,34.234375000026404],[-81.0507809998461,34.234490000363856],[-81.05073499981533,34.23454499988848],[-81.05066899969312,34.2345619997073],[-81.05058199965445,34.23454000020327],[-81.05043000021682,34.234522999637306],[-81.05031800006383,34.234522999637306],[-81.05020500008592,34.23453400013496],[-81.05000699971919,34.2346220003509],[-81.04983400036515,34.23474299966217],[-81.04973499973264,34.234793000093966],[-81.04960900023426,34.234842000117034],[-81.04933100039992,34.23493000001108],[-81.04903299957577,34.23494099971286],[-81.04884799962784,34.23493000001108],[-81.048549999702,34.23484699978437],[-81.04841099978482,34.234842000117034],[-81.04827900043867,34.23485299983032],[-81.04820599974543,34.23489100011159],[-81.04813999962317,34.23495200015591],[-81.04808699991972,34.23503399990229],[-81.04803400021629,34.23512800036472],[-81.04796800009404,34.23519900027312],[-81.04786799963661,34.23527099975291],[-81.04773600029046,34.23532600025273],[-81.04758399995448,34.23534800029408],[-81.04741800027314,34.235352999931315],[-81.04720700038594,34.23530800021465],[-81.04718700029444,34.23530400020568],[-81.04709400040805,34.23527099975291],[-81.04688900036861,34.23517199980247],[-81.04676299997192,34.2351550001068],[-81.0466769997582,34.2351659997792],[-81.0465910004428,34.23520999993976],[-81.04651799974954,34.235286999793985],[-81.04639200025115,34.23549599968005],[-81.04632600012893,34.23563299993866],[-81.04622700039472,34.2358039998564],[-81.04616700012026,34.23593600001146],[-81.0461269999373,34.236001999640045],[-81.04606800038606,34.23608399984919],[-81.04598800002012,34.236156000057534],[-81.04588900028592,34.23619999970069],[-81.04542599960533,34.236363999653406],[-81.04510099991532,34.23652400007834],[-81.0448959998759,34.23661199969969],[-81.04474400043826,34.23667200036774],[-81.0445850004296,34.236711000184926],[-81.04441300000215,34.23673299986439],[-81.04406800022065,34.23675999983439],[-81.04370400017258,34.23674900037024],[-81.04357899960078,34.23673200025037],[-81.0432609995835,34.23667699992641],[-81.04279799980121,34.23666100014942],[-81.04268499982331,34.23666100014942],[-81.04261200002837,34.23663299978981],[-81.04252800036278,34.23659599991041],[-81.04251300029416,34.236588999630285],[-81.04241399966163,34.236522999719234],[-81.0422610003991,34.236363999653406],[-81.04218900042908,34.236253999974],[-81.04212199958359,34.23613299986355],[-81.04205600035968,34.23589699983528],[-81.04205600035968,34.235797999878216],[-81.04206999970506,34.23569299981903],[-81.04209099962145,34.235583999633235],[-81.04210300021535,34.2355279996737],[-81.04214900024611,34.23534699992099],[-81.04220199994953,34.23517100016996],[-81.0422349995615,34.2350110001445],[-81.042262000224,34.23477499994194],[-81.042262000224,34.23468200020912],[-81.04221600019325,34.234583000308746],[-81.04215599991878,34.23451100024057],[-81.04199699991014,34.234406999703346],[-81.04179900044174,34.23427500012194],[-81.04156000006712,34.23404900025683],[-81.04133499993623,34.23386200017924],[-81.04100400039843,34.23360399997828],[-81.04087899982665,34.23348800026364],[-81.04076000000097,34.23335599998417],[-81.04069300005382,34.23326300016938],[-81.04064000035036,34.233168999852914],[-81.04062100008379,34.23311400017221],[-81.04045500040243,34.23300399996023],[-81.0403330002037,34.23293600014891],[-81.04005199999631,34.232779000058024],[-81.03987299989615,34.232708000337105],[-81.03969399979601,34.232669000151134],[-81.03946199999243,34.2325969999317],[-81.03922400034105,34.23253700007317],[-81.025648000404,34.235975999792544],[-81.02390299960842,34.23643199966692],[-81.01866700009165,34.237802000012394],[-81.01692300001928,34.238258999989654],[-81.01617499983165,34.23845399967501],[-81.01393000034219,34.239041999979136],[-81.01318299997946,34.23923799966292],[-81.01303400001655,34.23927699977674],[-81.01295200000078,34.239299000270904],[-81.01288900025159,34.23931399996317],[-81.0128690001601,34.239319999690785],[-81.01272100002211,34.23935899976661],[-81.01257299988409,34.23939799982432],[-81.01242700029422,34.23943600028208],[-81.01229000002687,34.239472000074564],[-81.01218100024693,34.23950099981371],[-81.01215299975951,34.239507999851696],[-81.01200700016966,34.23954600025982],[-81.0117140002667,34.239622999861666],[-81.01151400025014,34.239670999722485],[-81.01124700028646,34.23973599981524],[-81.01091400020053,34.23981499988333],[-81.01071400018398,34.23986299963468],[-81.01055099997737,34.23990099988255],[-81.01006499973057,34.24001699967325],[-81.0099760000421,34.240038999974026],[-81.00990400007207,34.24005699974325],[-81.00969900003267,34.24010599967317],[-81.00925399979374,34.24021300005751],[-81.00908399991444,34.240253000034436],[-81.00887999969993,34.240303000164474],[-81.00878000014082,34.24032599996181],[-81.00858000012427,34.24037499973515],[-81.00847999966685,34.24039800025544],[-81.00838099993264,34.24042299990983],[-81.0079700000289,34.24052200036925],[-81.00766299988224,34.2405959996315],[-81.00673700031771,34.240817999998335],[-81.00632600041396,34.24091699999321],[-81.00605799972703,34.240981000303044],[-81.00525500018614,34.24117300019792],[-81.00498800022247,34.241237999873526],[-81.0048929997879,34.2412599998552],[-81.00463300039523,34.24132200004271],[-81.00460900010577,34.24132800036984],[-81.00451500039443,34.24135200018886],[-81.00422400014132,34.24142100018748],[-81.00335399975494,34.24162999969818],[-81.00306400022504,34.24170100006413],[-81.0030199998441,34.24171200036647],[-81.00300300012567,34.24171600007104],[-81.00239800005316,34.24186099999982],[-81.00058600020873,34.24229500022487],[-80.99998199996114,34.24244100018775],[-80.99994699980104,34.24243699977507],[-80.99984399986887,34.24242500002106],[-80.999810000432,34.24242199989664],[-80.9997109997995,34.242446000146366],[-80.99967300016466,34.24245600006278],[-80.99941700007163,34.24251999994507],[-80.99931900016233,34.24254499971181],[-80.99907899996282,34.24260499986435],[-80.99836199973734,34.242783999780606],[-80.99812300026106,34.24284500004679],[-80.99764299986202,34.24296600016396],[-80.9962469999442,34.243321999751586],[-80.99620500011142,34.24333200030648],[-80.9957260004356,34.243455000277116],[-80.98716300043257,34.24563499984678],[-80.98696800043889,34.245673999967046],[-80.98549800000292,34.245970000043386],[-80.98388100015217,34.24629800017643],[-80.98203800034558,34.24681099998571],[-80.98157700021314,34.246939999997274],[-80.9815339996571,34.246951000357484],[-80.98140499978568,34.24698500017924],[-80.98136299995288,34.246997000025715],[-80.98134899970917,34.24699999998706],[-80.98131000024944,34.24701100033944],[-80.98129699983065,34.24701499979216],[-80.98083099967532,34.24713899981142],[-80.9794359995824,34.24751299997264],[-80.97897199997522,34.24763800022777],[-80.97836299970477,34.24779699979092],[-80.97653699961664,34.248277000306594],[-80.97605600029101,34.24840399986283],[-80.97592900006941,34.248434999930055],[-80.97579400035019,34.24846700020305],[-80.97539000011915,34.248564999895954],[-80.97525600022483,34.248598999808216],[-80.97364500022186,34.24900500023239],[-80.97363799965086,34.24899299992972],[-80.96730300031717,34.250626999779406],[-80.96699600017051,34.250707000211555],[-80.96688099964447,34.25074100000087],[-80.96198599971125,34.25201000006891],[-80.96189600019787,34.25202099976645],[-80.95885099974392,34.25238599971386],[-80.95786499990491,34.2525060000526],[-80.95419900038326,34.252950999907355],[-80.95376099981702,34.253003000245755],[-80.95244799973987,34.25316300022853],[-80.95201099989687,34.25321700001487],[-80.95041800033555,34.25340900021193],[-80.94563999967987,34.253989000265605],[-80.94426100037879,34.25415700031277],[-80.94404799994346,34.25418600018972],[-80.94332200039545,34.25428399990478],[-80.94114800015277,34.254581999685634],[-80.94042300042969,34.254680999825226],[-80.93893899975,34.25486399986664],[-80.93448900005569,34.25541700036849],[-80.93300600009923,34.2556019998163],[-80.93084799975006,34.255868999839244],[-80.92437500032413,34.256672999637885],[-80.92221799979988,34.25694100009074],[-80.9207559997598,34.25712200018505],[-80.91637200018775,34.25766599972437],[-80.91491099997259,34.25784799984949],[-80.91401100034732,34.25795900036889],[-80.9113120003981,34.25829599996492],[-80.91041299969939,34.25840799999223],[-80.91014300026099,34.25844100028342],[-80.90933399997398,34.258540999691775],[-80.90906500036047,34.25857500002782],[-80.90797900006403,34.25870900030122],[-80.90472500027101,34.25911400011267],[-80.9036399997995,34.25924900035901],[-80.90191400016879,34.259462999832586],[-80.89944899967297,34.259768999750776],[-80.89673700020326,34.260105000183934],[-80.8952629995693,34.26028899964033],[-80.89501099967423,34.26031500014435],[-80.89466000004495,34.26034999983932],[-80.89361099955843,34.2604559996539],[-80.89326099975408,34.26049200010685],[-80.89307599980614,34.26051100003037],[-80.88317799998465,34.26173299992907],[-80.88007900000234,34.26211600030906],[-80.87480599977734,34.262724999632646],[-80.87409500029794,34.262949999668],[-80.87389899958106,34.26301200020878],[-80.87208400026189,34.26322899988562],[-80.87150599995357,34.26329799976474],[-80.86977199992694,34.26350499980497],[-80.86919500034186,34.263575000237694],[-80.86868499980561,34.2636360002809],[-80.8671569996433,34.26381800011043],[-80.86664799983026,34.26388000001136],[-80.8658190003501,34.263979000345174],[-80.8633349995877,34.26427599990508],[-80.86250699993244,34.26437599980083],[-80.86239599960437,34.26438900016458],[-80.86206300041675,34.264427999759015],[-80.86195299991357,34.26444200014205],[-80.86011799960461,34.26466600001401],[-80.85517599981573,34.26527100010692],[-80.85461299957602,34.26533899977903],[-80.85277800016534,34.265562000217585],[-80.85199700036578,34.26565399996655],[-80.84965700044174,34.2659330001231],[-80.84893299964524,34.26602000016621],[-80.84887800029196,34.26602700022551],[-80.84804899991347,34.26612500025197],[-80.84556300039958,34.26641999965001],[-80.84473499984601,34.26651899996351],[-80.84423600007872,34.26657800009487],[-80.84273999970347,34.266755000240785],[-80.8422419997611,34.26681500020565],[-80.83908699970229,34.267190999753446],[-80.83886099974649,34.2672180003453],[-80.82962200042415,34.2683180002068],[-80.82646700036534,34.26869399971579],[-80.82635699986217,34.26870700015449],[-80.82602999962401,34.26874599997364],[-80.82592099984407,34.268759999637794],[-80.82599000033936,34.26862499980942],[-80.82620000040166,34.26822199973102],[-80.82626999982354,34.268087999765264],[-80.82659299986373,34.267461000085724],[-80.82756600018224,34.265580999738205],[-80.82789000004735,34.26495499994849],[-80.82802200029184,34.264699000077314],[-80.82841800012696,34.263933000309585],[-80.82855100019634,34.26367800033364],[-80.82895299987925,34.26289800028085],[-80.83015999965119,34.26055899985707],[-80.83056300005732,34.2597799999188],[-80.83057599957779,34.259769999833615],[-80.83099999990031,34.25894999993998],[-80.83227600016755,34.25649200006248],[-80.832701000315,34.25567300027497],[-80.83314099963273,34.25482500029288],[-80.83390600043711,34.25335300023063],[-80.83557599999132,34.25014700004469],[-80.83735400039889,34.246311000363676],[-80.83841899988059,34.244017000216544],[-80.83845599969052,34.24394000017847],[-80.84095100032359,34.238921000162456],[-80.84116499968549,34.23850400013091],[-80.84412399992573,34.23285399984468],[-80.84419699972067,34.2327150001972],[-80.8454520000715,34.23032899975625],[-80.84749099969665,34.22647199972463],[-80.84753799955233,34.22638999981081],[-80.84781399973684,34.22588699999668],[-80.84784300004917,34.22583499998927],[-80.84791900021715,34.22569800013032],[-80.85018100032337,34.22099299981847],[-80.85040899992902,34.220519000049734],[-80.85329000035142,34.21453099997108],[-80.85334200022999,34.214422999760515],[-80.85339900013139,34.214297000082745],[-80.8572229998368,34.20691699964138],[-80.85723799990541,34.20689199969875],[-80.85752400013567,34.206371999804595],[-80.85938600020881,34.202402000144865],[-80.86012400035071,34.20078399976454],[-80.86119600040344,34.198438999743],[-80.86142999985685,34.19792199993809],[-80.86309100008855,34.19443000018051],[-80.86450500044803,34.19160999975838],[-80.8654319998375,34.18977600005372],[-80.86574200035722,34.189179999968346],[-80.86705399971113,34.186669000298465],[-80.86802700002964,34.184761999706524],[-80.8682549996353,34.18435000029292],[-80.868565000155,34.18383000033214],[-80.86913000004454,34.18286599965999],[-80.86952400022982,34.182271000056275],[-80.86949200044276,34.182252999830496],[-80.86929599972588,34.18214199983967],[-80.86870800027015,34.181808999734095],[-80.86859000026936,34.18174199974595],[-80.8685090000785,34.181705000284275],[-80.86780699992163,34.18139200015187],[-80.86723100016145,34.18113600035321],[-80.8659530002444,34.18056600002001],[-80.86570200017424,34.180453999757376],[-80.86500099984228,34.18014100018593],[-80.86384400029904,34.17962499997189],[-80.86037299987275,34.178079000337696],[-80.85921700015443,34.17756399972002],[-80.85860899970888,34.17729200029423],[-80.85678500016888,34.176478999972176],[-80.85617800044656,34.1762080003537],[-80.85600299964607,34.17612999968794],[-80.85547799993952,34.17589699982327],[-80.85530399986224,34.17581999994981],[-80.8551680003181,34.17575900020289],[-80.85476099971402,34.175577999890216],[-80.85462599999481,34.17551800030855],[-80.85443699984893,34.175433999930725],[-80.85387100013449,34.17518199978205],[-80.85368299981351,34.175099000158134],[-80.852464000346,34.174555000145574],[-80.85137899987448,34.17407100025216],[-80.85123099973649,34.17395300036401],[-80.85041099957884,34.173303999887914],[-80.85033699995898,34.17324299980874],[-80.84957399970274,34.172617000261646],[-80.84936899966333,34.17245899964211],[-80.84875400044339,34.171986999745656],[-80.84854900040399,34.17182999981702],[-80.84808300024866,34.17145200026297],[-80.84775900038358,34.17119800007569],[-80.84312700021607,34.16750800020756],[-80.84129500028017,34.166049000097765],[-80.83363100007749,34.15995000014971],[-80.82885900016792,34.15615499968708],[-80.82744700035657,34.15502299988982],[-80.82448200026855,34.15265900002829],[-80.82347600033806,34.15186799986322],[-80.82009600014835,34.14916900007529],[-80.81956300004587,34.14874700024104],[-80.819113999609,34.14847999972911],[-80.8190580004308,34.148447000225374],[-80.81849099999314,34.147999000280215],[-80.81718799996175,34.14685900021889],[-80.81567900006601,34.145660000349466],[-80.81476299964888,34.14493299970747],[-80.81421399965289,34.14449500010087],[-80.8140589998422,34.14437099996955],[-80.81394400021446,34.14428000005718],[-80.81382399966554,34.14418500017476],[-80.81360699993057,34.144012000325894],[-80.81346999966323,34.143901999829446],[-80.80485300013184,34.13704200028483],[-80.80261000029218,34.13525900004016],[-80.80233300028274,34.13530899999045],[-80.80219900038846,34.13510900001181],[-80.80180000018028,34.13447699979402],[-80.8011340000084,34.13395999996165],[-80.79958599975461,34.13275799965518],[-80.79774799997092,34.1313329996352],[-80.79499899979295,34.12919899968513],[-80.79424499975755,34.12860099987655],[-80.79365800012673,34.128134000272674],[-80.78715999968811,34.122956000145294],[-80.7869899998088,34.12282500032879],[-80.78670399957853,34.122597000255034],[-80.78559899991386,34.121713999856595],[-80.7840120002003,34.120453999901954],[-80.78221100022652,34.11903300028656],[-80.77551600014442,34.11369000006574],[-80.77251000004853,34.11129600008438],[-80.7526680003748,34.09549999993753],[-80.74970499993661,34.093143000370596],[-80.7476839998548,34.0915300000959],[-80.74182900002182,34.086871999662364],[-80.73674099974477,34.082780000142684],[-80.73667600034575,34.082727999738914],[-80.73658500010916,34.08265600027171],[-80.7364679999333,34.082599999982484],[-80.73639400031344,34.0825650001549],[-80.73332600029326,34.08012099997617],[-80.72412499970747,34.0727919998512],[-80.72105800041051,34.070348999774225],[-80.72071000025596,34.07007300008652],[-80.71966599979233,34.069247000313375],[-80.7193179996378,34.068972000125456],[-80.7188880003658,34.069706999809554],[-80.7185870000669,34.070224000207716],[-80.71785599959772,34.071476999730464],[-80.7176010002279,34.07191500027633],[-80.71717400043065,34.072651999867105],[-80.71692199963726,34.07264500012225],[-80.7154610003204,34.07260200008248],[-80.71428999963516,34.07316700002402],[-80.71347100020074,34.07359700029227],[-80.71200499996272,34.074369999689594],[-80.71088299968127,34.074741000137145],[-80.71024300034699,34.075443999937946],[-80.71009699985882,34.076244000338036],[-80.71013500039196,34.07652700017891],[-80.71002800026184,34.07706900032389],[-80.70936899976269,34.077634000232635],[-80.70762700023843,34.07822300019286],[-80.70691099983786,34.078699000031726],[-80.70658100012498,34.07933800032824],[-80.70653199972118,34.07966899963542],[-80.70585499967866,34.07995999980547],[-80.70491599969532,34.08035499981716],[-80.70433499991228,34.08066200021143],[-80.70359000009769,34.08098499978107],[-80.70256499990063,34.080465999630135],[-80.70217800028634,34.08035199988053],[-80.70196599967592,34.08035199988053],[-80.70130799989998,34.08044000020982],[-80.70127500028802,34.08046399967497],[-80.70113899984557,34.080564000349504],[-80.7011260003251,34.080566000302255],[-80.70059200039772,34.08067899978874],[-80.70041499994738,34.08071700031963],[-80.69993100024872,34.08081899989814],[-80.69985900027869,34.08083400024156],[-80.69944699965174,34.08092200006999],[-80.69887000006665,34.081044000306555],[-80.69824999992554,34.08109500028624],[-80.69817799995552,34.081101000106784],[-80.69809599993975,34.08110799989682],[-80.69761100041617,34.08109800019656],[-80.69732900038386,34.08111099980669],[-80.69701700021433,34.08112600009843],[-80.69695399956683,34.08112300018911],[-80.69648599976168,34.08109800019656],[-80.69620600027753,34.08108299989992],[-80.6958880002602,34.08106599965965],[-80.69541600025708,34.080992000324805],[-80.69499100010967,34.08106900031505],[-80.69494900027686,34.08107500013736],[-80.69463600028242,34.08112700006814],[-80.69429599962548,34.08118199987435],[-80.69428399992991,34.081184999781584],[-80.69327200015164,34.08131999996135],[-80.69302699992926,34.08135400033641],[-80.69296500000497,34.08127999976516],[-80.69292399999709,34.08123199980246],[-80.69280400034648,34.08108799975107],[-80.69276400016352,34.08104099965029],[-80.69268999964537,34.0809529999455],[-80.69261199982755,34.08086000028495],[-80.69248600032917,34.08070599985442],[-80.6922770000918,34.0807349998603],[-80.69106399957376,34.08090599976979],[-80.69060199961639,34.080955999860855],[-80.68927299964572,34.08109800019656],[-80.68827500011116,34.08197200004839],[-80.68790000019241,34.081879000018816],[-80.68755100021299,34.08179199965869],[-80.68702700033133,34.081474999984984],[-80.68541399978021,34.08147400001933],[-80.68366200021023,34.08160299995383],[-80.68268399986883,34.08226199978873],[-80.68215900016229,34.082892999650944],[-80.68110499965292,34.08320199966305],[-80.680526000418,34.083166000138604],[-80.67911999955611,34.08330100013632],[-80.67902400019496,34.083311000320464],[-80.67791199995926,34.08340600015107],[-80.67689500015811,34.08436600009452],[-80.67642099960688,34.08461000014036],[-80.67594399958091,34.08436799995748],[-80.67571500015036,34.08425300031987],[-80.67460299991465,34.08427500032734],[-80.67437000028616,34.084298000261356],[-80.67383899983349,34.08435099963274],[-80.673606000205,34.084070999700884],[-80.67297000017035,34.083732000231656],[-80.6726279998636,34.08374099968199],[-80.67162699995599,34.08377000013652],[-80.6701990002511,34.083889000178715],[-80.6690579997031,34.08390599985219],[-80.6684109997978,34.08418700026325],[-80.66779800022769,34.084454999902995],[-80.66743400017964,34.084844000225104],[-80.66729699991227,34.08502200023169],[-80.66727900036894,34.08503699983065],[-80.66726599995013,34.085015000021166],[-80.66718700030744,34.0848889998525],[-80.66698899994071,34.0845719998684],[-80.66661400002198,34.0844530000421],[-80.66611799972942,34.084959999728504],[-80.66529000007418,34.08492899983189],[-80.66382399983617,34.085651999698456],[-80.6626730001407,34.0858339998952],[-80.66184499958713,34.08572500025357],[-80.66005200000927,34.08580899980548],[-80.65897800030672,34.085743000217704],[-80.65884500023733,34.08587200034472],[-80.65828199999763,34.086612000217094],[-80.6584970000828,34.087299999745746],[-80.65872800006146,34.087681999654684],[-80.65864900041875,34.08780200004154],[-80.65861599990848,34.087847000328736],[-80.65859199961903,34.08792200025831],[-80.6584700003186,34.08830899976147],[-80.65843000013562,34.088439000326034],[-80.65836700038645,34.08863799995098],[-80.65832499965533,34.088774000031236],[-80.65787000026899,34.08893900006502],[-80.65775499974295,34.088981000116945],[-80.6576739995521,34.089010000264665],[-80.65671200000253,34.08931699978238],[-80.6552879995973,34.089852999959966],[-80.6532749999114,34.090906000344894],[-80.65311300042802,34.09099199967064],[-80.6513230003249,34.09190899998962],[-80.65032599971691,34.09238299984755],[-80.64917500002149,34.09266399964958],[-80.64783000015728,34.09348500031392],[-80.64669600018027,34.09398999983976],[-80.64539899999663,34.094375000245726],[-80.64374399961272,34.09473599976783],[-80.64232099993072,34.09494399995975],[-80.64070599972978,34.095335999847514],[-80.63977299959423,34.09557199964079],[-80.63953400011795,34.09563300001301],[-80.63877900025763,34.09592200003272],[-80.63784000027428,34.0961630001286],[-80.6364760001435,34.096741000025105],[-80.63607000026263,34.09701500027519],[-80.63559400006157,34.097666000233126],[-80.6352509999299,34.097670000074544],[-80.63443699962004,34.097682000341585],[-80.6342299999308,34.09773399974334],[-80.63389900039301,34.09782000031463],[-80.63384599979125,34.09783300033288],[-80.63369000015562,34.09787399991946],[-80.63363800027709,34.097887999701165],[-80.63241200023857,34.09800600021338],[-80.62873599977286,34.09836300006161],[-80.62751099955925,34.09848199967633],[-80.62739400028171,34.098493999828186],[-80.62704500030225,34.09853199980206],[-80.6269289999513,34.09854499971093],[-80.62516700033557,34.098725000188935],[-80.6248030002875,34.0987630000591],[-80.61988499988973,34.099295000168844],[-80.61841600017698,34.0994550002692],[-80.61812400009893,34.09947400004252],[-80.61773599976141,34.09950000031263],[-80.61657300037041,34.099578000331306],[-80.61618599985779,34.09960500032099],[-80.61616800031445,34.099606000072455],[-80.61611499971269,34.09960900007076],[-80.61609799999425,34.099611000317516],[-80.61567799986967,34.09850800025121],[-80.61558800035631,34.097736999808006],[-80.61562599999115,34.09739499993574],[-80.61569799996118,34.09676400029201],[-80.61629499963773,34.09575199974679],[-80.61701500023628,34.09487300027356],[-80.61788700027246,34.093054000023855],[-80.61856400031499,34.091974000136595],[-80.61905300003653,34.091530999942805],[-80.61912699965636,34.091465000351945],[-80.62084099959151,34.09008400009767],[-80.6208959998431,34.09004000012006],[-80.621269000112,34.08987099979044],[-80.6215019997405,34.08976600035336],[-80.62253899963314,34.08956599979004],[-80.62266699967965,34.08954199992873],[-80.62279899992413,34.08951800006066],[-80.62314200005582,34.089465000203866],[-80.62324800036102,34.08944800015857],[-80.62340800019459,34.089424000263804],[-80.62356600037835,34.089398999746244],[-80.62367299961014,34.08938300030388],[-80.62442099979776,34.0892680000382],[-80.62480499993733,34.08937200022056],[-80.62552999966042,34.089453000259766],[-80.62992900019941,34.089945000293206],[-80.6309069996425,34.08989000022729],[-80.63114199981914,34.08980899986229],[-80.63242700030719,34.08936799998696],[-80.63284200040889,34.08904399978379],[-80.63288199969354,34.08901299989457],[-80.63380300013353,34.08776500034955],[-80.63384099976837,34.08771499981522],[-80.63478200029985,34.086174999697036],[-80.63571200006234,34.08488600007649],[-80.63605099999607,34.08422400003078],[-80.63626699990613,34.08365700031057],[-80.63652600037221,34.08298200026365],[-80.63658400009855,34.082174999822094],[-80.63656599965687,34.08210799967571],[-80.63640099980043,34.0814809997786],[-80.63616300014905,34.08022000033121],[-80.63615999977601,34.08020599985963],[-80.63614200023267,34.08019000016821],[-80.63567100005447,34.0797719997179],[-80.63553100031238,34.07964799990667],[-80.63526299962547,34.079272000161104],[-80.6351160002107,34.079066000142824],[-80.63445800043475,34.07867800006244],[-80.63414299989216,34.07854700013637],[-80.63365499999553,34.07834599985575],[-80.63189400020472,34.07792299993923],[-80.63076299970245,34.07772799972534],[-80.6301889995921,34.07761199998803],[-80.62922399966949,34.07741899982925],[-80.62885200012381,34.07738900016215],[-80.62831499982337,34.077345000284],[-80.62789600042204,34.07736699985389],[-80.6266040002613,34.077438000084136],[-80.62584699985281,34.07779300034257],[-80.6253530001084,34.078275999646046],[-80.625324999621,34.07831899978173],[-80.62481199961003,34.07912799975316],[-80.62480499993733,34.07913899967929],[-80.62474200018814,34.079593999836085],[-80.6245489998443,34.08100100006634],[-80.62452499955484,34.08118399981255],[-80.62440200042951,34.08144500026656],[-80.62420800026077,34.08185800009402],[-80.62414299996341,34.08190699966246],[-80.62340300017172,34.08246900017097],[-80.62310400042097,34.08265199972086],[-80.62281999984053,34.08282600007263],[-80.62251600006691,34.083014000076524],[-80.62234100016472,34.08305500014465],[-80.62207099982798,34.08311899970314],[-80.62130000007416,34.08315999972041],[-80.62106599972242,34.08308100025011],[-80.62052500012234,34.082899000088105],[-80.61950199957509,34.08230600008842],[-80.61913000002941,34.081739000173776],[-80.61911699961063,34.08073299991149],[-80.61920600019741,34.08029199963741],[-80.61930900012958,34.07979200017449],[-80.61980899972176,34.079186000091596],[-80.61989300028566,34.0790830000405],[-80.62001999960896,34.078930000094545],[-80.62014500018074,34.07877599987467],[-80.62022999967124,34.07867400006767],[-80.62054799968855,34.07828699968283],[-80.62059000041967,34.07823700024818],[-80.62136299982333,34.077025000279455],[-80.62143899999131,34.076907000284294],[-80.6216149997184,34.07674399991332],[-80.62171099997788,34.07667099980072],[-80.62212299970652,34.076357999664616],[-80.62299599956762,34.075697999987014],[-80.62330899956207,34.07536299989103],[-80.62366299956439,34.07498499964001],[-80.62395999966532,34.07466599969436],[-80.62419900003992,34.0744120002711],[-80.62459599969996,34.07353799978764],[-80.62477700034823,34.073141999915315],[-80.62480599976223,34.07307800025827],[-80.62484199974725,34.073036999824716],[-80.62487500025753,34.0730019997656],[-80.62509199999249,34.072759999896505],[-80.62517599965808,34.072668000238444],[-80.62548399962965,34.072328999770534],[-80.62568600019435,34.07211299996332],[-80.62579400014938,34.07199800005492],[-80.62660699973601,34.07133799989083],[-80.62742000022098,34.070822999776595],[-80.62750200023675,34.07077700002443],[-80.62816199966251,34.07041400010102],[-80.62841699993062,34.07027500000549],[-80.62875000001657,34.0701089999674],[-80.62921100014901,34.069880999967616],[-80.62983999961263,34.06968800005289],[-80.63044499968514,34.06913900027025],[-80.6309369997797,34.06869500030016],[-80.63095299967326,34.06868100015602],[-80.6311669999335,34.06823800014013],[-80.63091599986332,34.067567999896326],[-80.63037400043834,34.06717100026095],[-80.62944600032566,34.06665299969605],[-80.62897699979727,34.066620999654994],[-80.6278589997138,34.06654600020901],[-80.6264080004427,34.06629399979835],[-80.62480599976223,34.066089000364336],[-80.62364599984596,34.06573099971693],[-80.62245599979246,34.06473600014463],[-80.62106499989751,34.0639109998628],[-80.61967700037559,34.063286999759306],[-80.6194949999024,34.06324199981747],[-80.61849599964461,34.062996000358226],[-80.61743799983559,34.06280500001638],[-80.61618099983492,34.06295199970206],[-80.61612200028371,34.0629759996569],[-80.61595499987912,34.06304199986976],[-80.6157060003571,34.06314100009265],[-80.61545600011183,34.0632400001999],[-80.61529000043048,34.06330600020714],[-80.61513499972146,34.06336700001029],[-80.6148900003974,34.0634659998535],[-80.61465900041873,34.06350399992045],[-80.6144960002121,34.06353100025144],[-80.61424000011907,34.06357399968586],[-80.61354999965775,34.063544999758186],[-80.61318099958682,34.063443999650296],[-80.61304599986761,34.063407999914254],[-80.61271799980454,34.06310800003121],[-80.61256600036688,34.06281800020137],[-80.61227400028885,34.06221700021222],[-80.61233200001516,34.06130399994113],[-80.61291699999616,34.06060300007195],[-80.61336700025797,34.06022399998377],[-80.61407799973736,34.0596260001307],[-80.61434899989902,34.059346000329725],[-80.61435800011984,34.05933600029315],[-80.61451100028071,34.0591780000051],[-80.6145520002886,34.05893099968064],[-80.61461500003779,34.05855200030208],[-80.61448600016635,34.057941999871964],[-80.61420099976101,34.057655999725185],[-80.6138690003983,34.057323999744426],[-80.6135949998636,34.05688999996501],[-80.61346900036521,34.05668999991205],[-80.61273899972093,34.05616299988287],[-80.61233700003804,34.05617399981388],[-80.61207900029518,34.05618199969515],[-80.61183599972262,34.05625599986342],[-80.61119300001529,34.05645199989647],[-80.61094600014309,34.056528000349324],[-80.60961600034747,34.05731199971183],[-80.60943999972207,34.05743199996159],[-80.60897199991693,34.057755000285944],[-80.60887999985542,34.05780099966519],[-80.60871499999898,34.05788399987339],[-80.60836600001953,34.05806199997403],[-80.60821100020883,34.058115000132474],[-80.60803700013156,34.05817700019154],[-80.60747700026491,34.0583730002479],[-80.60712999993527,34.058310000093144],[-80.60694800036039,34.058276999638984],[-80.60641600008283,34.05798199992487],[-80.60625899972399,34.057508999784275],[-80.60644500039515,34.05676699966459],[-80.6067230002295,34.05636800025675],[-80.60694800036039,34.056178000126735],[-80.60767100043365,34.055567999729334],[-80.60776699979482,34.05548500023026],[-80.60810900010159,34.05529899996383],[-80.60947300023236,34.05456100023833],[-80.6099279996187,34.05431599968443],[-80.61022800009268,34.05415400005022],[-80.61111199982443,34.053455999987804],[-80.61143400003971,34.05320299980009],[-80.61195399972338,34.052561000182614],[-80.61256899984163,34.05177300027114],[-80.61262599974303,34.051044999892724],[-80.61257399986451,34.050140000307636],[-80.61233399966498,34.049667000323204],[-80.61211699993,34.04923899989006],[-80.61121999977946,34.048945999938994],[-80.61118200014462,34.048925999643764],[-80.6111300002661,34.048900000220506],[-80.61105200044828,34.04886200030482],[-80.61097399973217,34.04882300002102],[-80.61092299967854,34.04879699982189],[-80.61023999978825,34.04845199997444],[-80.60979700009744,34.04810500023717],[-80.60884600041855,34.0473589996961],[-80.6083919999588,34.04672600014607],[-80.60785800003141,34.04619400027852],[-80.60784600033584,34.04518799999933],[-80.60780600015286,34.04495599984702],[-80.60758400039502,34.0436480001634],[-80.60755799955744,34.04356999999215],[-80.60748099956454,34.04333900029522],[-80.6074560003485,34.04326200025644],[-80.60734599984534,34.043039999772546],[-80.60705600031544,34.0427420001072],[-80.606963000429,34.04264700008619],[-80.60530399984714,34.04181499987612],[-80.60512499974699,34.04172599993674],[-80.60471100036851,34.04152000019548],[-80.60393100039384,34.04113200014073],[-80.60320499994752,34.040770999936576],[-80.6016340001275,34.03988700003354],[-80.60103900010074,34.039551999805106],[-80.60095200006212,34.03938599988829],[-80.60070699983974,34.03891800031993],[-80.60064699956527,34.03820800013223],[-80.60061200030349,34.03777799970813],[-80.60072100008344,34.03673699994531],[-80.6010359997277,34.03592999975248],[-80.6020840003893,34.0352489998049],[-80.60220200039008,34.03520999996046],[-80.60325600000114,34.03486899975556],[-80.603373000177,34.03480800029042],[-80.60350500042149,34.034739000366564],[-80.6037039997148,34.0346359998904],[-80.6039010002566,34.034532000258444],[-80.604034000326,34.0344630001101],[-80.60430499958933,34.03432200031226],[-80.60456700042847,34.03380099991342],[-80.60463600002544,34.03366299986046],[-80.60525600016656,34.032434999882184],[-80.60596400017121,34.03154800003166],[-80.60625600024926,34.0311850003555],[-80.60656099984777,34.03089299963856],[-80.60683700003231,34.03062799979315],[-80.60745999964814,34.03003299987792],[-80.60763100025069,34.02980400019991],[-80.60786200022936,34.0294989998609],[-80.6080189996899,34.0292899999499],[-80.60817199985078,34.02867600031503],[-80.60821299985865,34.028515999782236],[-80.6079979997735,34.02754599986514],[-80.60669100044244,34.02681999970855],[-80.60666299995503,34.02682499978317],[-80.60578699972088,34.027000999839665],[-80.60563799975796,34.02703200008255],[-80.60545100016023,34.0270729996899],[-80.60444799970448,34.02729899971217],[-80.60411399979363,34.0273750002367],[-80.60377599968483,34.027451999807276],[-80.6034860001549,34.02736099996889],[-80.60304299956582,34.02722399972539],[-80.60221999993344,34.02635999977278],[-80.60218099957537,34.02606900019443],[-80.60209600008487,34.02542500014082],[-80.60209100006199,34.02539300017254],[-80.60208699986404,34.02535500014801],[-80.60212100019923,34.025307999663106],[-80.6021399995675,34.025283000329175],[-80.60241400010219,34.02491700024356],[-80.60284599992231,34.024340999987785],[-80.60344400032211,34.02408000012038],[-80.60386400044669,34.02389799981485],[-80.60450200013113,34.023621000126646],[-80.60593499985889,34.02372900008574],[-80.60609600041569,34.023752000073046],[-80.60665600028234,34.02383600000618],[-80.60865399989962,34.02462199987192],[-80.6101169997646,34.024809000307286],[-80.61281200041418,34.0249650000884],[-80.61458499990056,34.02506799964837],[-80.61508200001802,34.0249149997221],[-80.61515099961498,34.0248949997162],[-80.61547000035553,34.02445599977727],[-80.61529600027826,34.02366199989293],[-80.61541900030193,34.02248499986988],[-80.6154619999596,34.02203199971943],[-80.61559699967883,34.021537000173176],[-80.61591700024428,34.02082699971722],[-80.61762799980639,34.0183309997501],[-80.61866300004917,34.01667800028736],[-80.62002700017996,34.01535700017938],[-80.62099899977527,34.014591000350165],[-80.62119200011911,34.01444000017683],[-80.6222399998824,34.01379299969247],[-80.62345300040042,34.013444999632334],[-80.62383099979388,34.01343700018763],[-80.62480699958715,34.013415999687005],[-80.62520099977245,34.01353400019857],[-80.62612399986226,34.0138130000805],[-80.62669499959956,34.01350700032947],[-80.62749700021386,34.01311300007699],[-80.62804899968461,34.01188699991724],[-80.62803299979107,34.01157100021469],[-80.62801100004977,34.01113700012499],[-80.62785700006397,34.010195999973874],[-80.62785299986601,34.01017099991234],[-80.62779199976664,34.00980400012758],[-80.62775199958368,34.00955500033014],[-80.62743299974144,34.00868300008948],[-80.6274290004418,34.0086730000365],[-80.62729999967206,34.008319000082885],[-80.62729299999937,34.00830100005844],[-80.62723799974778,34.008149999868586],[-80.62718199967128,34.007995999891506],[-80.62708200011218,34.00769599983063],[-80.62703199988347,34.00754500005431],[-80.62677699961533,34.00677700028638],[-80.62667500040641,34.00654999987936],[-80.62587000031736,34.004742000363954],[-80.62528500033635,34.00370400013514],[-80.6255139997669,34.00311100018064],[-80.62591399979996,34.00297300012102],[-80.62612300003735,34.00290200008394],[-80.62664500026916,34.00285499982753],[-80.62718699969416,34.00300900019056],[-80.62821299971613,34.00363199982524],[-80.62862600016801,34.003883000134216],[-80.62986300007717,34.004716000059695],[-80.63165099963216,34.005848000092236],[-80.63274299977638,34.00673800001687],[-80.63433000038822,34.00768400022316],[-80.63449400041976,34.0077609997848],[-80.63493600028562,34.00796799966258],[-80.6359899998967,34.008034000240606],[-80.6369060003138,34.007727999768484],[-80.63711100035323,34.00765900016673],[-80.63726699998884,34.007607999939395],[-80.63740900027906,34.007144999847306],[-80.63747200002825,34.006939000297656],[-80.6375819996331,34.00658200024904],[-80.63765399960313,34.00635000027444],[-80.6375389999754,34.00553499986232],[-80.63751100038631,34.00548899969084],[-80.63732200024042,34.005168000148146],[-80.637265000339,34.00507100026105],[-80.63718199960002,34.00492899991177],[-80.63703699983506,34.004841000132046],[-80.63695700036745,34.00479300007835],[-80.63694200029882,34.00478399969291],[-80.63679900018369,34.00469800001626],[-80.63652399982406,34.00453199968403],[-80.63640300034857,34.00440099986573],[-80.63629000037066,34.00427900028527],[-80.63628299979966,34.004272000108664],[-80.63622500007334,34.00420899998293],[-80.63615800012619,34.004172000289195],[-80.6357079998644,34.00392600002369],[-80.63555800007656,34.003845000161775],[-80.63553999963489,34.00383500028379],[-80.63550000035026,34.003813000250204],[-80.63549299977925,34.00379999995686],[-80.6354839995584,34.003782999856725],[-80.63498800016418,34.00286800026546],[-80.63490199995044,34.0019800003176],[-80.63537399995354,34.001468000213954],[-80.63539300022012,34.0014479998971],[-80.63632399980754,34.00127199973562],[-80.63710700015527,34.00116800017966],[-80.63784199992409,34.00089499999466],[-80.6388570000754,34.00061399976905],[-80.63883699998394,34.000366000014104],[-80.63928700024574,34.00008199972981],[-80.6400529999767,33.99984199989255],[-80.6400889999617,33.9998310001041],[-80.64029599965096,33.99973599970514],[-80.64077500022506,33.99952499986574],[-80.64098600011226,33.99943299969055],[-80.64133799956646,33.99938599974879],[-80.6414460004198,33.99937200007796],[-80.64155299965161,33.999357000215355],[-80.64177199993473,33.999326999737505],[-80.64206999986055,33.99928700032502],[-80.64230000001432,33.99928799977068],[-80.64242399986288,33.999288999960974],[-80.64254900043468,33.999290000151284],[-80.64271799959076,33.99929100034161],[-80.64299899979815,33.99939499996148],[-80.64315899963172,33.99945399992553],[-80.6433190003636,33.999514000036235],[-80.64358499960407,33.99961199975361],[-80.64471699993125,33.999925999652056],[-80.6447410002207,33.99992400003112],[-80.64558399994458,33.99986700001584],[-80.64575800002183,33.99982199993761],[-80.64581800029632,33.99980599997023],[-80.64590899963459,33.99978300019804],[-80.64599900004626,33.99975900023479],[-80.64606000014564,33.99974399969584],[-80.64637899998785,33.999662000128204],[-80.64639900007936,33.99960099993538],[-80.64659800027098,33.999008999829414],[-80.64665799964712,33.99845800008856],[-80.64670200002804,33.99806800009337],[-80.64671399972363,33.99796000025937],[-80.64658999987506,33.99765100010008],[-80.64626099998709,33.99683399993563],[-80.64593799994688,33.99653299969759],[-80.64565799956442,33.996271999988764],[-80.64561599973163,33.99623300010892],[-80.64545000005027,33.996077999894005],[-80.64492600016862,33.9959690002798],[-80.64491299974983,33.99597099999383],[-80.64334699995268,33.9962500002306],[-80.64263800012311,33.99643299970414],[-80.64200999958611,33.996596999780564],[-80.64188900011058,33.996562999672655],[-80.64115199979364,33.99635699977939],[-80.64050099969037,33.99565799986029],[-80.64024200012258,33.99528900019196],[-80.63958599999647,33.994351000214365],[-80.6392570001085,33.99341200004859],[-80.63919500018422,33.99190099964764],[-80.63938199978197,33.99067500013907],[-80.64001500034189,33.990105000264684],[-80.64073800041515,33.98984999974946],[-80.64114000009805,33.989709000327736],[-80.64239899974852,33.98953900002186],[-80.64285599968302,33.98941599964549],[-80.64300899984389,33.98937499972871],[-80.64323999982257,33.989314999905716],[-80.64347099980125,33.98925300016825],[-80.64362499978705,33.989212999737],[-80.64396899974362,33.98912100031225],[-80.6443610002791,33.98858199982744],[-80.64432899959372,33.9881849999206],[-80.6443179997231,33.98804099974747],[-80.64420399992028,33.98786399979001],[-80.64413100012533,33.987751000251436],[-80.6440940003154,33.98769400026233],[-80.64398399981225,33.9875230000658],[-80.64390599999443,33.98746999975203],[-80.64387800040534,33.98744700036453],[-80.6437760002981,33.987361000267775],[-80.64342200029577,33.98708799966126],[-80.6433610001964,33.98704100033871],[-80.64236000028879,33.98667100015236],[-80.64217899964049,33.98659499968918],[-80.64176699991185,33.986424000260705],[-80.6416089997281,33.98635900036594],[-80.64131300035042,33.985811999683044],[-80.64121899974077,33.98563799986065],[-80.64126700031966,33.98473299988589],[-80.64120799987012,33.98381999995856],[-80.6411500001438,33.98346900035533],[-80.64112599985435,33.98331900035018],[-80.64080299981416,33.982766999779884],[-80.64056900036076,33.98256599966163],[-80.64018000019833,33.98223000000347],[-80.63982399964786,33.982027999711605],[-80.63955699968416,33.98187600009742],[-80.63951700039951,33.98185299994099],[-80.63946399979774,33.98182200033565],[-80.63939900039873,33.98178499983078],[-80.63936099986557,33.981763000046364],[-80.63930700033721,33.98173300006029],[-80.63842299970715,33.98125100027288],[-80.63773300014415,33.98068999972278],[-80.63677400006934,33.97990899978847],[-80.6359489998888,33.9792990000815],[-80.63586699987306,33.97925900017982],[-80.63493000043785,33.97880799974387],[-80.6349129998211,33.978802999821426],[-80.63489500027775,33.978797000212026],[-80.634264000266,33.978609000070776],[-80.63367799956175,33.97843499965675],[-80.63258399976772,33.97808200003017],[-80.63238299992626,33.97801000035478],[-80.6320620004342,33.97789599993697],[-80.63183300010535,33.97779299977439],[-80.63178799989952,33.97774599978165],[-80.63178000040192,33.97773799995465],[-80.63150699969212,33.97745800032089],[-80.63093400030499,33.97679700005999],[-80.63053900029477,33.97597100007266],[-80.6304420002104,33.97576599989528],[-80.63055900038627,33.97487400010611],[-80.63067200036417,33.97422300025413],[-80.63080500043355,33.9734280002868],[-80.63079299983967,33.97253500004884],[-80.63080500043355,33.97158600027222],[-80.63108800029076,33.97029299993676],[-80.63134600003363,33.9696359997717],[-80.63141899982858,33.96955100007577],[-80.63200299998466,33.96887999991429],[-80.632801000401,33.968159999975015],[-80.6329269998994,33.967969999781594],[-80.63293399957207,33.96796099996584],[-80.63297799995301,33.9678929999196],[-80.63305199957286,33.96778200028611],[-80.6331319999388,33.96766100009773],[-80.63317100029687,33.967603000229595],[-80.63318299999243,33.967583999955906],[-80.63319300003816,33.967567999879016],[-80.63320300008391,33.96755500000054],[-80.6332240000003,33.967522000013645],[-80.63323499987096,33.96750699974441],[-80.63327199968089,33.96744799995127],[-80.63338200018406,33.96696700021141],[-80.63331400041199,33.96684600035354],[-80.63314799983232,33.96654899976945],[-80.63253899956189,33.96610599989095],[-80.63165099963216,33.965624000170386],[-80.63142600039957,33.965502000049064],[-80.63102299999345,33.96537300009681],[-80.63100299990197,33.96536599969532],[-80.63003899980427,33.96505899993253],[-80.62894199963719,33.96471000006254],[-80.62820400039362,33.9648240002779],[-80.62736499996939,33.96534800025673],[-80.62726500041029,33.96545499996781],[-80.62657900014692,33.966199000218225],[-80.62616800024318,33.96664599967539],[-80.62607199998372,33.96675799987468],[-80.62550999956893,33.967418000129086],[-80.62480599976223,33.96784099984756],[-80.6242900002765,33.968101999702206],[-80.62394799996974,33.96827599965698],[-80.62357700024899,33.96827899983291],[-80.62341599969218,33.96827599965698],[-80.62329299966855,33.968274000036324],[-80.6229579999328,33.968144999818364],[-80.62280899996988,33.96808800009283],[-80.62278600040365,33.968079000289556],[-80.62206900017817,33.96782099981137],[-80.62018799983845,33.967142999900474],[-80.61991400020206,33.96707099990236],[-80.61919799980147,33.96688600013472],[-80.61917799971,33.966879999684494],[-80.61884200014933,33.9667929998136],[-80.61875000008783,33.96677000004696],[-80.61830099965094,33.9666529999716],[-80.61806600037262,33.96659199992576],[-80.61783500039392,33.966530000005335],[-80.61749999975986,33.96644400035334],[-80.61734599977407,33.96632000025152],[-80.61711399997048,33.966133999759826],[-80.61688700018976,33.965950999864525],[-80.61673499985379,33.965827999628104],[-80.61575999988546,33.96547200028552],[-80.6157280000984,33.96526799997397],[-80.61528799988236,33.96242199965497],[-80.61580799956602,33.96179400022198],[-80.61584299972611,33.961785999639275],[-80.61672800018111,33.96159999966389],[-80.61705700006908,33.96168699963088],[-80.61761000026303,33.96183599991581],[-80.61765499957056,33.96184800003743],[-80.6185099998883,33.96275100023361],[-80.61888700035517,33.96295700036707],[-80.61899399958699,33.96301600029534],[-80.61942499958221,33.96315199993616],[-80.61957500026834,33.96319999966984],[-80.61977899958451,33.96302200027311],[-80.62029300031875,33.96257499965206],[-80.62052699977217,33.9620169999559],[-80.62069400017673,33.96162300008344],[-80.62078799988808,33.96139800027938],[-80.62098100023192,33.960917999751565],[-80.62110300043064,33.96061699972927],[-80.62083599956864,33.95947200031739],[-80.62039000040312,33.95882899966004],[-80.62031300041023,33.958717000196955],[-80.61985700030064,33.9584589996353],[-80.61975799966812,33.95844400000313],[-80.61974000012478,33.958442000151265],[-80.61940700003886,33.95839200011524],[-80.61862700006418,33.958278000221156],[-80.61835199970457,33.95826600034107],[-80.61804600028113,33.958253999714174],[-80.61801799979372,33.95821600020155],[-80.61782100015023,33.957942999890335],[-80.61773599976141,33.95782499966205],[-80.61773999995937,33.95724699981678],[-80.61789599959499,33.95700799967305],[-80.61808100044122,33.95672800033421],[-80.61812400009893,33.95666300008974],[-80.61817500015256,33.95658700037148],[-80.61831700044277,33.9565849997309],[-80.61839500026058,33.956583999783156],[-80.61880199996635,33.95657700014858],[-80.61891999996713,33.95657500025288],[-80.61998199997413,33.95677100023931],[-80.62000700008848,33.956777999857934],[-80.62040000044888,33.956891000327516],[-80.62077299981947,33.95699800024475],[-80.62093799967589,33.95704599972519],[-80.62146599975549,33.957451999928935],[-80.62177600027522,33.95755899988582],[-80.62183700037457,33.95758000003562],[-80.62212699990448,33.95772700019418],[-80.62229199976093,33.95781099985139],[-80.62235500040845,33.95777999967709],[-80.62296600032872,33.95748899984569],[-80.62300300013864,33.957409000368],[-80.62311100009366,33.9571780002059],[-80.62317899986573,33.95703199978639],[-80.62330500026242,33.956763999875044],[-80.62337999970717,33.95659200010996],[-80.62344500000451,33.95644500022571],[-80.62362300027974,33.95603999964161],[-80.62320800017804,33.955529999889436],[-80.62319399993434,33.95552000028743],[-80.62264699958816,33.95510700005061],[-80.62128400018061,33.95468099968892],[-80.62046599967279,33.954369000243425],[-80.62026800020438,33.954068000150315],[-80.62010300034795,33.953818000236446],[-80.62044899995436,33.953078999692764],[-80.62046200037315,33.953052999976194],[-80.62063899992516,33.95286900026492],[-80.6210420003313,33.952455999828615],[-80.62131699979258,33.95244399987259],[-80.62160200019794,33.95243199991486],[-80.62190400032172,33.95241899995876],[-80.62200999972862,33.952414999971836],[-80.62280700032004,33.952309000250565],[-80.62282300021359,33.95230700025457],[-80.62311000026877,33.952303000262376],[-80.62313399965988,33.952303000262376],[-80.62338899992801,33.95229500027752],[-80.62389799974103,33.95228200030043],[-80.62422800035223,33.952254000343174],[-80.62449100011798,33.95223200037021],[-80.62450700001149,33.952230000372396],[-80.62480900013529,33.95220199965286],[-80.62547699995697,33.951900000088365],[-80.62563299959258,33.95178499968871],[-80.62610899979364,33.951435999759816],[-80.62696499993629,33.95089100022372],[-80.6275120002825,33.95035400034612],[-80.6279929996081,33.94954899978049],[-80.6281180001799,33.94918799995403],[-80.62826100029501,33.948780999774804],[-80.62817900027926,33.94798699977155],[-80.62817000005842,33.94790700030276],[-80.62815800036286,33.947788000264524],[-80.62814499994406,33.94766699995481],[-80.62813700044647,33.9475880002387],[-80.62812800022563,33.94746400022516],[-80.62803899963887,33.94709299990503],[-80.62801000022485,33.94696999997627],[-80.62787499960733,33.94642500015859],[-80.62782699992677,33.94593199991405],[-80.62779699978952,33.94562399999746],[-80.62795800034631,33.94492600034426],[-80.62828200021143,33.94393500002006],[-80.62848600042592,33.94347700010135],[-80.62870499981072,33.94291999972209],[-80.62886299999447,33.94251900005854],[-80.6290200003533,33.94191400032734],[-80.62903500042192,33.94185600004716],[-80.62904499956935,33.94181300005813],[-80.6290479999424,33.94180300033483],[-80.62905499961508,33.94177600003282],[-80.62904399974444,33.94174100023576],[-80.62899000021608,33.94158099991563],[-80.62896900029968,33.941518999654875],[-80.62893699961431,33.941421000040116],[-80.62891800024606,33.94136200004272],[-80.62888999975864,33.941271999778415],[-80.62881299976576,33.94122300021563],[-80.62876199971214,33.94118999970324],[-80.62844600024295,33.94098700017704],[-80.62808499966961,33.940942000231225],[-80.62798199973746,33.94093000014226],[-80.62747399974933,33.941135000063014],[-80.62678500001124,33.94160100015842],[-80.62615399999949,33.94197699967461],[-80.62594200028738,33.942103999837634],[-80.62548100015493,33.942275999820914],[-80.62540499998696,33.9423040000799],[-80.62524400032846,33.942365999769],[-80.6251830002291,33.942398999825464],[-80.625112000084,33.94243799980797],[-80.62497599964153,33.942513000125416],[-80.6248099999602,33.94260600015899],[-80.6245429999965,33.9425359997425],[-80.62439300020867,33.94249799991817],[-80.62437899996497,33.942495000323575],[-80.62407799966608,33.942414000050164],[-80.62378499976313,33.942336000045294],[-80.62311199991858,33.942354999995715],[-80.62278700022857,33.94236499965418],[-80.62248299955665,33.942376000171365],[-80.6222120002933,33.942386999941874],[-80.62157299988561,33.94243299998317],[-80.62127099976182,33.942455000253354],[-80.62125800024135,33.94245600036712],[-80.62085200036047,33.94248299970827],[-80.62080100030686,33.94247500029082],[-80.6201569998763,33.9423859998273],[-80.61968300022336,33.94187999996234],[-80.6196570002841,33.94181400017944],[-80.61948300020684,33.94137699970488],[-80.6194670003133,33.941337999981506],[-80.61944399984877,33.94127899992659],[-80.6194959997273,33.94124799969189],[-80.61953199971232,33.94122800011143],[-80.61978899963029,33.94107999964193],[-80.62016299972409,33.94086599988781],[-80.62050300038102,33.94055800027251],[-80.62072299959074,33.940358999792984],[-80.62079600028399,33.94029300032146],[-80.62087199955366,33.94025199982223],[-80.62136399964824,33.93999299977513],[-80.62152799967977,33.93990800027279],[-80.62165099970342,33.939842999850825],[-80.62250600002118,33.939105000339225],[-80.6227479998705,33.93848100012965],[-80.62283999993201,33.93770299992429],[-80.62277800000774,33.936646999854105],[-80.62229000011111,33.93606699963838],[-80.62173899956696,33.93596400025096],[-80.62156100019004,33.93593099993607],[-80.6207069996972,33.93592599972913],[-80.62051900027456,33.93605100034232],[-80.6205080004039,33.93605699998554],[-80.6201640004473,33.936277000275574],[-80.62008599973119,33.93660700001748],[-80.62000999956321,33.93693699997098],[-80.61961899975097,33.93740699988753],[-80.61890800027157,33.93828400033789],[-80.61876500015644,33.938368999971054],[-80.61824100027481,33.938683999669],[-80.61812800029688,33.93860700013202],[-80.6179809999838,33.938504000090795],[-80.61758699979849,33.938225999820546],[-80.61753800029301,33.938197000292355],[-80.61738500013215,33.9381050000789],[-80.61675499994529,33.93751499987917],[-80.61661900040117,33.93738700015009],[-80.61671599958721,33.93642699977475],[-80.61727200015422,33.935742999704935],[-80.61773300028669,33.93543699983654],[-80.61829599962806,33.93506499981616],[-80.61840899960596,33.93503300009913],[-80.61847700027634,33.93501500020644],[-80.61877299965404,33.93493800033268],[-80.6191910001288,33.93483000005363],[-80.61964399986532,33.93465600026827],[-80.6199300000956,33.93454700017018],[-80.62014299963259,33.934466999995735],[-80.62019299986132,33.93444000034848],[-80.62094699989673,33.93403999971274],[-80.62110099988251,33.933959000339065],[-80.6211999996167,33.93391099976291],[-80.62126499991403,33.933879999826736],[-80.62136399964824,33.933834999851236],[-80.62146099973263,33.93378800016608],[-80.62152699985485,33.9337579996558],[-80.62222200033904,33.93379599965447],[-80.62233299976882,33.93384599997995],[-80.62328400034602,33.93427900025891],[-80.62406000012275,33.934633000013015],[-80.62459700042317,33.9347889999049],[-80.62478599967075,33.93484399991809],[-80.62480800031038,33.93484999964635],[-80.62484599994521,33.934825999985435],[-80.62508199994676,33.93467999997711],[-80.6253170001234,33.93453399971838],[-80.62591499962488,33.93416299969089],[-80.62677900016347,33.933740000238856],[-80.62761199984159,33.93356800015328],[-80.62793099968383,33.93365199980516],[-80.6285559998478,33.93381699970529],[-80.62862000032023,33.933830999736294],[-80.6290200003533,33.93391499987408],[-80.62981899969624,33.93408299990103],[-80.63022100027746,33.93400199982295],[-80.63032199966148,33.93398200003105],[-80.63052300040127,33.93375000016384],[-80.63054199976952,33.93372699966387],[-80.63056699988387,33.933699999781986],[-80.63055400036339,33.933647000209724],[-80.63054699979239,33.93361799986736],[-80.63050699960941,33.93345699971427],[-80.63038899960863,33.93297600011507],[-80.63038100011103,33.93294000020153],[-80.63031900018674,33.93282899968929],[-80.63022799995015,33.93266700005181],[-80.63007700033741,33.93239699972272],[-80.62985600040449,33.93229400036811],[-80.6296889999999,33.93221600003591],[-80.62930099966238,33.93203399972822],[-80.62867300002367,33.9317410000826],[-80.62812400002767,33.93152399998012],[-80.62772700036764,33.93136699982581],[-80.62698900022575,33.9310759998709],[-80.6262889997187,33.9305620000802],[-80.6262329996422,33.930149999745375],[-80.62620000003024,33.92989900012924],[-80.6266119997589,33.92921499979951],[-80.62738300041104,33.92842899991475],[-80.62814300029424,33.927835999645886],[-80.62911700043769,33.92703499975693],[-80.62985899987922,33.92625599977269],[-80.63052599987599,33.925854000331476],[-80.63072400024271,33.92573600033928],[-80.63162600041612,33.92540300001674],[-80.63236299983478,33.925109000348925],[-80.63240200019283,33.92502600004354],[-80.63245999991915,33.924900999646546],[-80.6325469999578,33.92471599988513],[-80.63263399999641,33.9245289998188],[-80.63269199972275,33.92440499976365],[-80.63271799966202,33.92435200037036],[-80.63258700014077,33.92387600020614],[-80.6325129996226,33.92360699992363],[-80.63183499975517,33.92286800024272],[-80.6315820000352,33.92258900001559],[-80.63126200036804,33.92223399979228],[-80.63121499961407,33.92217699987685],[-80.63109400013856,33.922030999801855],[-80.63078399961884,33.92165700014303],[-80.63077600012124,33.92157400020143],[-80.63076000022772,33.92138600033105],[-80.6307319997403,33.92105900010342],[-80.63106800019929,33.920333999951],[-80.63139999956199,33.91978300030098],[-80.63149099979859,33.919634000196154],[-80.63224900003196,33.919098000351084],[-80.63311299967222,33.91868399968975],[-80.63376299995056,33.91842899973987],[-80.6340680004474,33.917890000053085],[-80.63409299966344,33.91733300003627],[-80.63381800020214,33.91679800029528],[-80.63338100035914,33.91615799985018],[-80.63282599961705,33.91553899990095],[-80.6322249997425,33.91481800000702],[-80.6320330001219,33.914686999885305],[-80.63145700036172,33.91429699964529],[-80.63143399989717,33.91428099998732],[-80.63126099964482,33.91417499975426],[-80.63119000039804,33.914131999952694],[-80.63055199981525,33.91374299986021],[-80.62984600035873,33.913065000042536],[-80.62931900010405,33.91222800021707],[-80.62922100019475,33.91207100028376],[-80.62862299979496,33.91066899993675],[-80.62818400030211,33.909629999729596],[-80.62762799973511,33.90869099992016],[-80.62689399979119,33.907616999803906],[-80.62574399992064,33.906555999825734],[-80.6245289997528,33.90551599963353],[-80.62450700001149,33.90549699966614],[-80.62399800019847,33.903569999696565],[-80.62402199958959,33.90285200019564],[-80.62403800038145,33.902798000237894],[-80.62406099994766,33.90272499966075],[-80.62411700002416,33.90254000021628],[-80.62425599994133,33.9020869998413],[-80.62449500031593,33.90184999963417],[-80.62468699993654,33.90166099964798],[-80.62480800031038,33.90154400029869],[-80.62495999974803,33.90137499962965],[-80.62538200042073,33.90091000001299],[-80.62567000030081,33.90042900007571],[-80.62572499965408,33.90033799994358],[-80.62580900021798,33.900061000246275],[-80.62587100014228,33.89985500002524],[-80.62593499971636,33.89964499982327],[-80.62588799986071,33.8992219997317],[-80.62588200001294,33.899159999954406],[-80.62584799967773,33.89901200020758],[-80.62579800034734,33.89878800034403],[-80.62574399992064,33.89854499986654],[-80.62551499959181,33.89817999977191],[-80.62534200023775,33.89801699997673],[-80.62532700016915,33.89800300002555],[-80.62528500033635,33.89796299993933],[-80.62527100009265,33.897949999869965],[-80.62516099958948,33.897846999881345],[-80.6250779997488,33.89778800027342],[-80.62480800031038,33.89759400001097],[-80.6245489998443,33.897260000170114],[-80.6243949998585,33.89706199984776],[-80.62413600029073,33.896728000160074],[-80.62384800041065,33.89635599963332],[-80.62319700030739,33.89589599980875],[-80.62294500041233,33.895718999795484],[-80.62285500000063,33.89564900036713],[-80.62257399979322,33.89554200016052],[-80.62173400044243,33.89522300007185],[-80.62145400005993,33.895117000000305],[-80.62127999998265,33.89512799990832],[-80.62114799973818,33.89512999975589],[-80.62056299975717,33.89513899981491],[-80.62025300013578,33.89525599975067],[-80.61996799973042,33.89536500015813],[-80.61989199956244,33.89539300017878],[-80.61977899958451,33.89543699965997],[-80.61966499978172,33.8954799999445],[-80.61959000033697,33.895508999846705],[-80.61954199975806,33.89551500010803],[-80.61920199999943,33.89555800035321],[-80.61869400001133,33.89562300026653],[-80.6181850001983,33.895687000213044],[-80.61784600026459,33.89573100028822],[-80.6178329998458,33.89572699987561],[-80.61779699986079,33.89571799987859],[-80.61778500016521,33.89571500012793],[-80.61757599992784,33.89566000020652],[-80.6170300003049,33.89551899978497],[-80.61698199972601,33.89545299987243],[-80.61685700005253,33.895279000197085],[-80.61648399978364,33.89476300010104],[-80.6154040002333,33.89326400005538],[-80.61537900011895,33.89320800009827],[-80.61512300002592,33.892627000238086],[-80.61508600021598,33.892542999661295],[-80.61506799977433,33.892261000209075],[-80.6150660001245,33.89223199994811],[-80.61504500020811,33.891886999661224],[-80.61530399977586,33.89127999981719],[-80.61532999971514,33.891220000170485],[-80.61535499982949,33.891160999706216],[-80.61538300031691,33.89109400017844],[-80.61553399992964,33.89074099996121],[-80.61554999982316,33.890732000183725],[-80.61632200030024,33.89031499975836],[-80.61659599993662,33.89016800030265],[-80.61774599980714,33.88942800001688],[-80.61858400040647,33.88897500008215],[-80.6191500001209,33.888670000033535],[-80.61938500029754,33.88866600003544],[-80.61957500026834,33.888663000036736],[-80.61986200032352,33.888659000038274],[-80.62014799965547,33.888654000040006],[-80.6203400001744,33.88865200004059],[-80.62040799994647,33.88865100004088],[-80.6204949999851,33.888683000026056],[-80.62061399981079,33.888724999988426],[-80.6207340003597,33.88876699993007],[-80.62098399970664,33.88885499974082],[-80.62113600004261,33.88890900032543],[-80.62277800000774,33.88966599968859],[-80.62283300025932,33.8897059999379],[-80.62332799982865,33.89006399988034],[-80.62334999956995,33.89012900025239],[-80.62337999970717,33.890221000074746],[-80.62342599973793,33.890361000327374],[-80.62347199976868,33.890500000372136],[-80.62350299973085,33.89059299977133],[-80.62370000027265,33.89119100030127],[-80.62372399966377,33.89134100013558],[-80.62392700005334,33.892577000330796],[-80.62435499967552,33.89321399977585],[-80.62458599965422,33.89344599966195],[-80.62480800031038,33.8936680002541],[-80.62526699989469,33.89357299984975],[-80.6255630001707,33.89351099969363],[-80.62574800011862,33.89310099981171],[-80.6258309999593,33.89261100024112],[-80.625873999617,33.892366000145756],[-80.62609000042539,33.89104300014652],[-80.62613499973291,33.89040600014668],[-80.62601699973213,33.88963000011924],[-80.62588299983783,33.88890800032873],[-80.62586100009652,33.8887889998913],[-80.62540800036001,33.88778400034763],[-80.6253940001163,33.88776400014747],[-80.62510000038841,33.88732199974797],[-80.62480800031038,33.8868830001026],[-80.62444500008722,33.88588299989105],[-80.62430600017005,33.88550100016885],[-80.62428100005569,33.88539800006033],[-80.62427299965977,33.88538300023682],[-80.62421599975836,33.885267000220416],[-80.62403900020634,33.88496000025166],[-80.62362400010466,33.88424099986854],[-80.6231139995684,33.883890999797096],[-80.62283099971118,33.883695999933465],[-80.62271799973328,33.883615999745764],[-80.62256899977037,33.88351000016452],[-80.6223460001876,33.88335200023475],[-80.62212199988163,33.88319299994865],[-80.6219739997436,33.88308799990685],[-80.62184300022237,33.88299499978321],[-80.62176299985641,33.88293799972947],[-80.62141700025,33.882775999957666],[-80.62127199958674,33.88270899981023],[-80.62112900036992,33.882642000355936],[-80.62079299991093,33.8824859997085],[-80.62077700001743,33.882388000054654],[-80.62075199990306,33.88223399983852],[-80.62068699960572,33.88183100000583],[-80.62067400008526,33.88174699998422],[-80.62086400005605,33.8810630002455],[-80.62121300003551,33.88081300008483],[-80.62154500029652,33.8805759996738],[-80.62163900000785,33.880507999940974],[-80.62182700032882,33.88051599995623],[-80.6224879995795,33.88054399963081],[-80.6227329998019,33.88060999989279],[-80.62302800025299,33.880691000008966],[-80.62330699991224,33.88089500009893],[-80.62347000011887,33.881014000361226],[-80.62393399972605,33.88114900037008],[-80.62425799959117,33.88107399972861],[-80.62427699985773,33.88106400033414],[-80.62458400000438,33.880904000168435],[-80.62461300031671,33.88089500009893],[-80.62466000017237,33.88088199966537],[-80.62470000035533,33.8808700000666],[-80.62472999959427,33.88086200008452],[-80.62480499993733,33.8808419997532],[-80.62489100015105,33.88082400034596],[-80.62500300030405,33.880801999822275],[-80.62511499955872,33.88043599976999],[-80.62512399977955,33.880408000059965],[-80.62508500031981,33.88027800011401],[-80.62503099989313,33.88009800020607],[-80.6249920004334,33.87996699968627],[-80.62489600017393,33.879849999661225],[-80.62468500028672,33.87967400001611],[-80.62454200017159,33.879554000016036],[-80.62406900034358,33.8794640000917],[-80.62393299990114,33.87943800027822],[-80.62263200041787,33.87952700012326],[-80.62215299984376,33.87955999990817],[-80.62214699999598,33.879585999684544],[-80.6221279997294,33.87963599974843],[-80.62199600038323,33.879790000178915],[-80.6219169998422,33.879849999661225],[-80.62185099971995,33.8798939997022],[-80.62177799992503,33.879927000090966],[-80.6216990002823,33.879937999720525],[-80.62154799977125,33.87992200032667],[-80.6214030000063,33.87987800030014],[-80.62123800014986,33.87984499989241],[-80.62118500044642,33.8798279996322],[-80.62105300020193,33.87980099982612],[-80.62092900035337,33.87975799984116],[-80.62082899989595,33.87972400002849],[-80.62069099980368,33.879620000298004],[-80.62060499958997,33.879564999693685],[-80.62029499996856,33.87938399966491],[-80.62026200035659,33.87935600035551],[-80.62020299990705,33.87932899965433],[-80.62009699960184,33.87928999986939],[-80.62003800005061,33.879262999893086],[-80.61988599971464,33.87915299968042],[-80.61983300001121,33.87907600004379],[-80.61977399956166,33.87897700008927],[-80.61971500001043,33.87890000029389],[-80.61970099976674,33.87887300019418],[-80.61958899961373,33.87873000013141],[-80.61957600009325,33.878697000025575],[-80.61956299967446,33.878624999818065],[-80.61957600009325,33.878547999705006],[-80.61965499973599,33.87838900016213],[-80.61968800024624,33.87834500009095],[-80.61972099985822,33.878261999742264],[-80.61978000030776,33.87816300033499],[-80.61991800040002,33.87802599982824],[-80.62015500022648,33.877805999800955],[-80.62020200008216,33.87776700006579],[-80.62021499960262,33.87774000035341],[-80.6204449997564,33.877531000274466],[-80.6206359995521,33.87738800020031],[-80.62068900015387,33.87734400035876],[-80.62085400001031,33.8772609997823],[-80.62093299965301,33.87723899983161],[-80.62097200001108,33.87723399990983],[-80.6213250001885,33.87725900026161],[-80.62134799975472,33.8772609997823],[-80.62142700029574,33.877276999675075],[-80.621493000418,33.877304999666634],[-80.62155299979413,33.877321000296924],[-80.62177000042743,33.87733200026241],[-80.62213299975225,33.877381000023604],[-80.62225099975304,33.87738700006857],[-80.62257399979322,33.877365000150384],[-80.6227260001292,33.87737600011019],[-80.62288000011498,33.87734700000967],[-80.62303900012365,33.8773179998993],[-80.62334299989726,33.87725999964902],[-80.62344900020247,33.877241000098536],[-80.62349799970796,33.87723100025496],[-80.62354700011177,33.877222999931725],[-80.62356899985308,33.8771790000051],[-80.62360700038622,33.877108000143465],[-80.62363699962513,33.877047000089085],[-80.62366000008967,33.877004000208004],[-80.62366699976235,33.87699300020025],[-80.62384800041065,33.87664400037057],[-80.62392500040353,33.87651600019501],[-80.62413600029073,33.876171999890666],[-80.62406199977256,33.87515499974024],[-80.62393200007622,33.87494899977822],[-80.62363699962513,33.87448000011724],[-80.62358899994456,33.87440400016008],[-80.62351799979943,33.87429099989262],[-80.62344699965432,33.874177000052],[-80.62339999979868,33.87410199999532],[-80.62316799999506,33.87373399994548],[-80.62309199982708,33.87361300036681],[-80.62290100003138,33.87248800007919],[-80.62290500022935,33.872470999845106],[-80.62301599965912,33.87205200002492],[-80.62314100023089,33.8715790000545],[-80.62318100041387,33.87152199983379],[-80.62361800025688,33.870924000170106],[-80.62436700026942,33.870365000198376],[-80.62481499998307,33.87003099965838],[-80.62501699964943,33.86986899999768],[-80.62532200014628,33.869624999707554],[-80.62532100032135,33.86923799990785],[-80.62532100032135,33.868979999812645],[-80.62532299997119,33.8685460002119],[-80.62532600034424,33.868107999680525],[-80.62532899981896,33.867244000105394],[-80.62533200019202,33.86681100013963],[-80.62533200019202,33.866478999639654],[-80.62533200019202,33.86603500034111],[-80.6250280004184,33.865577000174035],[-80.62484599994521,33.86530099975984],[-80.62480800031038,33.865243999822596],[-80.62465599997441,33.86493099999934],[-80.6241129998262,33.8638069997067],[-80.62393299990114,33.863432999750124],[-80.62386099993113,33.86328499993315],[-80.623753999801,33.8630639996534],[-80.62364699967088,33.86284300029342],[-80.62357600042408,33.862695999757705],[-80.62348099998952,33.86249900008409],[-80.62344199963147,33.86240400003359],[-80.62307900030663,33.86151400011986],[-80.62296399978057,33.861232000310615],[-80.62296299995566,33.861216999969336],[-80.6229599995826,33.86040800033542],[-80.62325099983576,33.85988099973109],[-80.6233110001102,33.859774999763076],[-80.62377100041775,33.85949899998901],[-80.62480800031038,33.85945100000209],[-80.62605299971715,33.860881999865825],[-80.62666500036065,33.86106500024113],[-80.62682199982117,33.86111199974432],[-80.62759599994807,33.86113999981696],[-80.62790200026983,33.86077899988162],[-80.6279840002856,33.860680999918856],[-80.62823199998272,33.86038799968677],[-80.62827100034077,33.86034400003355],[-80.6283089999756,33.86028600018474],[-80.62864899973422,33.859761999842355],[-80.62891099967504,33.85936099976747],[-80.62981899969624,33.858300999647035],[-80.63022600030033,33.85782699996384],[-80.63042999961652,33.857587999900204],[-80.6307669999004,33.85719599964611],[-80.63078100014413,33.856771999827224],[-80.63079299983967,33.856459000280104],[-80.63081200010626,33.855921000184715],[-80.63081600030422,33.85580899970812],[-80.63037400043834,33.85477700018156],[-80.63035900036972,33.85439799970067],[-80.6303500001489,33.854138999865235],[-80.63048099967016,33.85389399972152],[-80.6306330000061,33.85361099970381],[-80.63093400030499,33.85305100010306],[-80.63116500028367,33.85281900005611],[-80.6313929998893,33.85259199999837],[-80.63145999983645,33.85252400035332],[-80.63157700001231,33.85240700001455],[-80.631695999838,33.85241100022009],[-80.63179100027256,33.852414999679375],[-80.63198100024337,33.85242399976767],[-80.63226900012344,33.852437999737326],[-80.63255199998068,33.852450000349],[-80.63274299977638,33.852458000009754],[-80.63275399964704,33.852458000009754],[-80.6327660002409,33.85246099978913],[-80.63283400001296,33.852481999733655],[-80.63285699957918,33.85248800003662],[-80.63302300015886,33.852534000107056],[-80.63352299975107,33.85267400026629],[-80.63354500039067,33.85267999980971],[-80.63352199992615,33.85253100033024],[-80.6335129997053,33.85247400007516],[-80.63350000018484,33.85239000025804],[-80.63348699976605,33.85230400025317],[-80.63347900026844,33.85224800027287],[-80.63343099968955,33.851988999886316],[-80.633386000382,33.85173799993477],[-80.63318700019039,33.851243999831595],[-80.63309000010601,33.85100099972626],[-80.6330320003797,33.850862999948184],[-80.63294600016596,33.85065700030795],[-80.63285999995225,33.85044999972363],[-80.63280300005084,33.850313000250424],[-80.63277999958629,33.850276999747905],[-80.63274799979924,33.85022399978875],[-80.63271400036237,33.850168999641475],[-80.63269199972275,33.85013400027541],[-80.63192500016685,33.84889599991702],[-80.63097100011491,33.8473549997657],[-80.62968499980194,33.846593000167985],[-80.62874499999369,33.84610399966299],[-80.62823299980761,33.84583900002338],[-80.62768499963653,33.84539899989046],[-80.62763600013105,33.84522999992723],[-80.62753200037396,33.84488700016613],[-80.62748700016813,33.844733999959104],[-80.62776900020043,33.84386400024485],[-80.62778699974379,33.84381100003772],[-80.62783399959943,33.84351299972524],[-80.6279569996231,33.842719999930154],[-80.62796699966884,33.84265999972047],[-80.6266550003149,33.841630999678],[-80.62597999992222,33.8415640000671],[-80.6251820004042,33.841486000298026],[-80.62488199993022,33.841456000138294],[-80.62480800031038,33.84144900000004],[-80.62398200030495,33.84152500019147],[-80.6236829996559,33.841552999970084],[-80.62358899994456,33.841523999639634],[-80.62344900020247,33.84148200032709],[-80.62330799973715,33.84144000024776],[-80.62321499985075,33.84141199968599],[-80.62317100036812,33.84139800014779],[-80.62306699971273,33.84136700014962],[-80.62305500001716,33.841344000095575],[-80.6230349999257,33.8413040003112],[-80.62289500018359,33.841031999788754],[-80.62278800005348,33.84082200031832],[-80.62251699989183,33.84019700015549],[-80.62239600041632,33.839916999752],[-80.62237999962448,33.839880000266916],[-80.62207699967577,33.83951999984315],[-80.6218819996821,33.83950199993138],[-80.62120800001263,33.83944300027687],[-80.62031800043312,33.83943900021029],[-80.61976799971389,33.83942399977246],[-80.61962200012401,33.839421000281476],[-80.61907399995293,33.83930799997843],[-80.61903899979282,33.839259999837495],[-80.61898799973919,33.83918799994862],[-80.61893599986065,33.83911599999908],[-80.6189020004238,33.83906799975031],[-80.6188470001722,33.83898999994138],[-80.61876599998133,33.838655999801674],[-80.61864100030789,33.83813899999367],[-80.61886399989065,33.837387000320085],[-80.61889900005075,33.83727099999965],[-80.61894099988353,33.83695700002777],[-80.61898899956411,33.83659100004931],[-80.619001000158,33.83650499981064],[-80.6185650001399,33.83606299963088],[-80.61818400037339,33.83594099977975],[-80.61814199964228,33.835927999962706],[-80.61783000037104,33.83583900018641],[-80.6173890003301,33.835712999774586],[-80.6172760003522,33.835681000078615],[-80.61673800022685,33.83546400026207],[-80.61638099985147,33.834941999640094],[-80.61636099975999,33.83490199984401],[-80.61615599972058,33.83449300036992],[-80.6161230001086,33.834429999941314],[-80.61607299987989,33.83433200034301],[-80.61610100036731,33.834237000305365],[-80.61612099956048,33.83417000012105],[-80.61635300026238,33.83339100029314],[-80.61650899989799,33.83309099965379],[-80.61669499967081,33.832734000207296],[-80.61698500009905,33.83222199996838],[-80.61758400032376,33.831785000371696],[-80.61840199993328,33.831497999812214],[-80.61923899980935,33.83133899996373],[-80.61963499964448,33.83126500026662],[-80.62028800029587,33.83103200008596],[-80.6202899999457,33.83097700027089],[-80.62029499996856,33.83081099993621],[-80.62030900021227,33.830402000289496],[-80.62028099972486,33.830319000350414],[-80.62022999967124,33.830161999678815],[-80.62019600023436,33.83005800002578],[-80.62014500018074,33.829903000250766],[-80.62009400012711,33.829747000251146],[-80.62005999979193,33.829644000038],[-80.61992599989762,33.82923400008219],[-80.61981899976749,33.829014999666036],[-80.61956299967446,33.82848700020979],[-80.61920299982435,33.82810199974765],[-80.61839199988754,33.82769099989181],[-80.617791000013,33.82738700025974],[-80.61762399960843,33.827301999688125],[-80.61737400026149,33.82717500015155],[-80.61712300019131,33.82704799968007],[-80.61695699961165,33.82696400023998],[-80.61689499968736,33.82693300023031],[-80.61680799964874,33.826888999764],[-80.61677500003675,33.826786999817095],[-80.61675400012037,33.82672199972154],[-80.61670100041692,33.82655800004165],[-80.61662600007385,33.826321999768204],[-80.6166510001882,33.82605699998125],[-80.61666799990665,33.825886999840314],[-80.61666999955646,33.82587499997566],[-80.61667399975443,33.82583799963603],[-80.61673700040193,33.82539400028153],[-80.61677400021186,33.825136999837035],[-80.61662799972368,33.82422200028266],[-80.61654099968504,33.82396700006921],[-80.61638400022451,33.82350899972545],[-80.61635999993507,33.823441000071426],[-80.61632499977497,33.82333899974269],[-80.61628999961486,33.82323700003859],[-80.61626700004864,33.82316900016826],[-80.61613300015435,33.8227780002377],[-80.61639500009517,33.8222720002637],[-80.61691099958088,33.821610999653146],[-80.6172560002607,33.82127300009791],[-80.61744899970624,33.82108600013427],[-80.61739299962976,33.82031500018023],[-80.61682000024261,33.81859700017831],[-80.61601199978053,33.81718900021243],[-80.61564899955738,33.81674700017651],[-80.61528600023252,33.81630500009554],[-80.61507600017023,33.816009999733055],[-80.61525500027038,33.815378000237565],[-80.61538900016468,33.815135999770696],[-80.61552800008187,33.814888000154866],[-80.61567600021986,33.81451400025919],[-80.61483000012294,33.81419099991538],[-80.61415499973025,33.81396300012379],[-80.6139339997973,33.81388800018721],[-80.61327099999849,33.81366400011448],[-80.61323500001349,33.813652000027396],[-80.61307099998196,33.813547999699644],[-80.61299300016415,33.81349899988896],[-80.61287599998829,33.81342499967991],[-80.61275999963733,33.813352000288496],[-80.61268299964445,33.81330300036554],[-80.6126440001847,33.81327799995229],[-80.61258599956005,33.813241000133374],[-80.61252799983373,33.81320400029846],[-80.6124900001989,33.813179999993544],[-80.6123839998937,33.81311299972863],[-80.61206900024943,33.81291399964617],[-80.61196399976912,33.812848000060406],[-80.61189699982197,33.81280499995238],[-80.61169599998053,33.81267799978471],[-80.61162999985828,33.8126359997348],[-80.61153699997186,33.81253100026617],[-80.61139999970452,33.81237399977542],[-80.61126099978733,33.81221600034076],[-80.61116899972583,33.81211199976],[-80.61116299987805,33.812106000354184],[-80.6111520000074,33.81209299989857],[-80.61112000022035,33.81205699971753],[-80.61111000017459,33.81204500015135],[-80.61091900037889,33.811828000056245],[-80.61075899964702,33.81164600037065],[-80.61048500001061,33.81108400013619],[-80.61035899961392,33.81082499965002],[-80.6103560001392,33.81076699977663],[-80.61035199994124,33.810681999852484],[-80.61034699991836,33.81059599967652],[-80.61034500026854,33.810539999984094],[-80.61031599995623,33.809963000312344],[-80.61030400026067,33.809709999738736],[-80.6096590000052,33.809514999924865],[-80.60914099997133,33.809823000349944],[-80.60908900009281,33.81001700003404],[-80.6089839996125,33.810409999677105],[-80.60889599974897,33.81055599968666],[-80.60873599991538,33.8108209997372],[-80.60872400021982,33.8108420002103],[-80.60853599989885,33.811066000208434],[-80.60792300032874,33.811094999675525],[-80.60761399963394,33.81110999985929],[-80.60757000015133,33.81111200018215],[-80.60749099961029,33.81111600008137],[-80.6074639998461,33.8110729998491],[-80.60744100027989,33.81103699998517],[-80.6073009996395,33.81081400007598],[-80.60710599964582,33.81050399989589],[-80.60707100038402,33.81008499991151],[-80.6070549995922,33.80988799985451],[-80.60704899974442,33.80982399978003],[-80.6069910000181,33.809128999702246],[-80.60696500007883,33.80881500012782],[-80.60641600008283,33.80868599962874],[-80.605681000314,33.80965099967733],[-80.6052589996413,33.81020599991108],[-80.6051540000593,33.81034300022839],[-80.60483900041504,33.81075600019512],[-80.60479800040716,33.810811000327604],[-80.60472800008695,33.810888999722046],[-80.60470299997259,33.8109159996681],[-80.6046400002234,33.810985999903224],[-80.60462199978176,33.810985999903224],[-80.60458599979674,33.81098700006613],[-80.60431399981016,33.81099600003877],[-80.60379800032445,33.811015000143826],[-80.60350000039861,33.8109790002555],[-80.60323000006187,33.8109479996761],[-80.60314399984814,33.81093700011786],[-80.60309399961943,33.8109320000468],[-80.60300099973301,33.81074600003153],[-80.60297200031901,33.81068800010457],[-80.60296300009817,33.810670000093495],[-80.60281400013525,33.81037300011058],[-80.60280499991444,33.81035500003323],[-80.6026340002102,33.80939700023885],[-80.6025770003088,33.809071000171905],[-80.60238700033801,33.80799900010027],[-80.60229500027651,33.80777000002679],[-80.60208299966608,33.807235000071024],[-80.59930900027209,33.80521799969253],[-80.59828800027299,33.804476000246964],[-80.59825999978558,33.80441000012346],[-80.5981490003558,33.80414299988489],[-80.59842299999218,33.80357700012745],[-80.598472000396,33.80347699975213],[-80.59878299984231,33.803384999781365],[-80.60100999978845,33.80403100022735],[-80.60189199987038,33.8042869996558],[-80.60218499977333,33.80437199996147],[-80.60231799984273,33.80441100036324],[-80.6024779996763,33.80445799967547],[-80.60257399993576,33.804485999650474],[-80.60267000019522,33.80451400036277],[-80.60334800006265,33.80470999986733],[-80.60359900013282,33.80478199967921],[-80.60402599993007,33.80490599966936],[-80.60420099983226,33.80495600015634],[-80.60428399967294,33.804981000015665],[-80.60474399998049,33.804986999921056],[-80.60483500021708,33.804988999640656],[-80.60491899988266,33.804951999969184],[-80.60534499985502,33.80476099995806],[-80.60538099984002,33.80474600015404],[-80.6057089999031,33.80428300018379],[-80.60535999992362,33.80356999987353],[-80.60526299983925,33.80337200024001],[-80.60518599984636,33.803139000201355],[-80.60506500037086,33.80277200002328],[-80.6048519999355,33.80212200020442],[-80.60472899991187,33.801665999883866],[-80.60465399956878,33.801384999923535],[-80.60461299956091,33.801300999912954],[-80.60424900041116,33.800562999742034],[-80.6041890001367,33.80044100000307],[-80.60341300035998,33.800043000147284],[-80.60291000039473,33.79994999992551],[-80.60214999961323,33.799854999763134],[-80.60196999968818,33.79986700029234],[-80.60139499975291,33.799908999891905],[-80.60115200007867,33.79988200020504],[-80.60094100019145,33.79986200032087],[-80.6005289995645,33.79964600022919],[-80.6003450003398,33.79918300028686],[-80.60138300005734,33.79804799990336],[-80.60159999979233,33.79781200009608],[-80.60170899957227,33.79747199992567],[-80.60175499960302,33.797329999784026],[-80.60175299995319,33.79717200019065],[-80.60174499955728,33.79624999999764],[-80.60174299990746,33.79594300032772],[-80.60173700005967,33.79527699983867],[-80.60173100021188,33.79456799982586],[-80.60230100012429,33.79409100021933],[-80.60283699970148,33.79399000034355],[-80.60349200000269,33.793868000194244],[-80.60351399974401,33.79386299987235],[-80.60358200041438,33.793849999631234],[-80.60360499998059,33.793845999671554],[-80.60362500007209,33.79384199971162],[-80.60366000023218,33.793835999771396],[-80.60366299970693,33.7938100000256],[-80.60366600007997,33.793790000215786],[-80.6036819999735,33.79366799978144],[-80.60370600026293,33.79348699991212],[-80.60372899982914,33.79330500003711],[-80.6037460004459,33.7931840000291],[-80.60375300011862,33.79312499977192],[-80.60376200033944,33.79306200022427],[-80.60366199988201,33.79300699988215],[-80.60361099982839,33.79297899988441],[-80.60343900029926,33.79288699982741],[-80.60337599965176,33.79285400015615],[-80.60314100037343,33.79272799986908],[-80.60293399978586,33.792654000360564],[-80.60290899967151,33.792644999951904],[-80.60272600027172,33.792580999673056],[-80.60231500036798,33.792433000338],[-80.60170000024974,33.792211000109155],[-80.6010840003066,33.79198900005116],[-80.60067400022777,33.79184099969271],[-80.60063099967175,33.79182500022376],[-80.6005289995645,33.79178899972796],[-80.60052299971672,33.79176399974808],[-80.60051299967097,33.791721000243314],[-80.60044700044706,33.79144900027132],[-80.60033199992101,33.7909699996636],[-80.60038299997463,33.79062900028652],[-80.60042499980742,33.79035299970864],[-80.60045400011974,33.79015599976906],[-80.60054899965598,33.79006399966477],[-80.6012669997064,33.78937400021085],[-80.6015069999059,33.789145000321966],[-80.60155700013462,33.78909599997606],[-80.60159700031758,33.78905799973417],[-80.60152600017247,33.78891900033644],[-80.60149500021033,33.78885700035508],[-80.60147900031681,33.78882699964957],[-80.60145599985228,33.78878200006473],[-80.60143300028606,33.78873699970965],[-80.60141800021744,33.7887069997087],[-80.60131799976,33.78850999971487],[-80.60126199968352,33.7883990001857],[-80.60072799975615,33.78843799965329],[-80.60050900037133,33.788455000181365],[-80.60043800022622,33.788460000072575],[-80.60033399957082,33.7884679997485],[-80.60022800016394,33.78847499974433],[-80.60015799984373,33.78848100006026],[-80.60014000030039,33.788479999634326],[-80.60008699969862,33.78847699984968],[-80.60006999998019,33.78847600017034],[-80.60004800023889,33.78847600017034],[-80.59959499960405,33.788457000287224],[-80.59896399959226,33.78843099965444],[-80.59823600039444,33.78844699975763],[-80.5977829997596,33.788457999966774],[-80.59766099956086,33.788457999966774],[-80.59751900016896,33.78845899964639],[-80.59734500009168,33.788322999813],[-80.59724999965712,33.78824900023017],[-80.5972410003346,33.78824200021586],[-80.59702399970132,33.78806500030408],[-80.59676000011068,33.787831999659936],[-80.59625399977239,33.78738399988899],[-80.59620500026689,33.78643099979612],[-80.59636900029841,33.78618299986131],[-80.59672499995058,33.785648000102924],[-80.59676299958541,33.785611000283524],[-80.59691400009648,33.78548400007559],[-80.59748999985665,33.78500300025549],[-80.59772400020836,33.78490899965221],[-80.59808800025644,33.78476099974817],[-80.59839700005293,33.7846369996922],[-80.5992409996017,33.7846179997039],[-80.5996339999621,33.784609999668234],[-80.5997600003588,33.78460699974802],[-80.60045499994466,33.7851829996772],[-80.60063499986971,33.78544799990008],[-80.60101900000927,33.78601400007832],[-80.60140599962355,33.78648000017394],[-80.60175999962588,33.78666300007236],[-80.60244900026228,33.78656699964811],[-80.60278300017312,33.78629699988442],[-80.60303300041838,33.78585599975862],[-80.60297599961866,33.78532299962948],[-80.60283699970148,33.78518600032386],[-80.60251100018657,33.78486499996976],[-80.60189100004546,33.78422300013159],[-80.60153700004312,33.78385699996783],[-80.60145900022532,33.78377599987933],[-80.60066400018204,33.78289200027455],[-80.60053199993754,33.78271000027729],[-80.60023499983663,33.782297999863964],[-80.59975699998573,33.781635000026895],[-80.59975100013796,33.781626999712635],[-80.59887300025399,33.7800559997637],[-80.59852400027454,33.77952099980913],[-80.59818799981555,33.77900499999068],[-80.59811900021859,33.77881699970096],[-80.59802700015707,33.77856699978065],[-80.59788499986685,33.77817699967251],[-80.5977900003306,33.77780699984308],[-80.59772500003328,33.77754999982012],[-80.5977190001855,33.77752999994583],[-80.59771499998755,33.77751199968158],[-80.59773500007901,33.777474000272825],[-80.59774599994968,33.777455999996825],[-80.59788400004193,33.77720299965818],[-80.59807499983765,33.77685499976894],[-80.5983590004181,33.77648699984144],[-80.59853500014519,33.776260000230074],[-80.5987900004133,33.77593599979867],[-80.59923800012697,33.77577900012826],[-80.59981200023732,33.775579999856774],[-80.6014430003318,33.77521499992831],[-80.60177700024263,33.77502499986156],[-80.60216700022998,33.77480499972936],[-80.60245500011007,33.77447300027953],[-80.60260300024807,33.77430299994624],[-80.60273399976933,33.774045999864846],[-80.60294399983161,33.77363699989758],[-80.60369799986702,33.77286499969922],[-80.60375300011862,33.7728089999636],[-80.60412800003732,33.772589000114635],[-80.60438699960511,33.77243700036418],[-80.60479000001123,33.77220200002762],[-80.60517999999857,33.77201100012766],[-80.60531899991574,33.77194200000048],[-80.60545000033531,33.77187899980331],[-80.60548899979506,33.77185900009849],[-80.6055480002446,33.77183000003283],[-80.60560699979582,33.77180099995732],[-80.6056469999788,33.77178200010854],[-80.60567899976586,33.77176599987893],[-80.60568999963651,33.77166200018019],[-80.60569100035973,33.771626000168965],[-80.60569600038261,33.7713589999866],[-80.60534499985502,33.77100600009041],[-80.60486500035431,33.77081999993875],[-80.60456800025337,33.770705000337514],[-80.60340400013914,33.77037299993448],[-80.60277499977721,33.76991999971608],[-80.60207900036644,33.769450000273075],[-80.60167299958725,33.76888999985891],[-80.60155200011174,33.768724000035675],[-80.60160399999027,33.76802199989991],[-80.60180900002968,33.76771599976424],[-80.60190299974103,33.76757600015788],[-80.6020120004193,33.76741399973041],[-80.602303999599,33.7673099999768],[-80.6024640003309,33.76725500027155],[-80.60276100043183,33.767149999649895],[-80.60324799960523,33.76697899979173],[-80.60367000027792,33.76690399975937],[-80.60398099972423,33.76684999972531],[-80.60427700000024,33.766800000133614],[-80.60430499958933,33.766838999728044],[-80.60480400025494,33.76752600024301],[-80.60491899988266,33.76768400002375],[-80.60512399992207,33.76796699990486],[-80.60534200038028,33.76790900011619],[-80.60591099956945,33.76776000004142],[-80.60597400021695,33.76769900034699],[-80.60613700042357,33.7675429996946],[-80.60627499961753,33.76741000002944],[-80.60617300040857,33.767221999684644],[-80.60582799972877,33.76657999979132],[-80.6057809998731,33.76609699997795],[-80.60574200041336,33.7656939998238],[-80.60573900004032,33.76564999997942],[-80.60572200032188,33.76549200018243],[-80.60565700002454,33.76488899975916],[-80.60563600010815,33.76468799967095],[-80.6056250002375,33.76459000009233],[-80.6053239999386,33.764035999818375],[-80.60529799999934,33.763988000008894],[-80.60386199989856,33.76377399972212],[-80.60346799971325,33.76367899975161],[-80.60341400018488,33.763409000282415],[-80.6033449996896,33.76305599974872],[-80.60361000000347,33.76279900028616],[-80.60369899969194,33.762712999802844],[-80.60495400004275,33.76232099999752],[-80.60672400005441,33.76177099995744],[-80.60769900002275,33.76184100004991],[-80.60819399959207,33.762212000108434],[-80.60883700019772,33.76193799979554],[-80.60880600023559,33.76177099995744],[-80.60877600009836,33.76160599977997],[-80.60868300021193,33.760927000359494],[-80.608602999846,33.76079000012565],[-80.6084699997766,33.760580000089035],[-80.60838299973797,33.760423999920775],[-80.60833400023247,33.76034200007276],[-80.60826200026246,33.76021999978936],[-80.60818799974429,33.7600980000792],[-80.60814000006373,33.760016999930876],[-80.60809099965992,33.759935999705945],[-80.60802000041312,33.759816000366165],[-80.60794699971987,33.759694000080955],[-80.6078990000393,33.759614000313945],[-80.6078220000464,33.75948500036423],[-80.60776199977194,33.75943500020996],[-80.6073080002105,33.75905799994494],[-80.60721399960086,33.75905499987676],[-80.60698699982012,33.75904899974005],[-80.60690599962928,33.759045999671564],[-80.60666299995503,33.759040000281075],[-80.60664200003863,33.759040000281075],[-80.60658400031234,33.75902699998211],[-80.60613099967748,33.75894200021922],[-80.60563100008528,33.75884800014605],[-80.60497099976119,33.758483999923186],[-80.60499400022573,33.75836800016758],[-80.60508700011216,33.7579170000446],[-80.60511899989922,33.757887999741875],[-80.60563799975796,33.757476000201684],[-80.60646700013646,33.757426999664155],[-80.60797900040524,33.757337999637464],[-80.60884499969532,33.75709300000975],[-80.61076600021802,33.75602399982783],[-80.61180599958539,33.75544700020868],[-80.61174899968397,33.7551030003678],[-80.61170199982831,33.75481500022112],[-80.61127300038123,33.75450300027748],[-80.61122499980235,33.754517999920125],[-80.6107579998221,33.75466499971487],[-80.60971500008168,33.75484600021337],[-80.60924100042877,33.75459499973736],[-80.60900799990195,33.75411599992598],[-80.60900000040434,33.75409900005188],[-80.60930199962982,33.75348100031994],[-80.60936299972919,33.7533770000915],[-80.60938500036882,33.75333800034679],[-80.60986999989238,33.7525159998186],[-80.60991000007535,33.75248200017947],[-80.61109900030397,33.75150399969208],[-80.61250000024465,33.75102399967458],[-80.61295800000406,33.75086800004268],[-80.61347900041095,33.75091599972982],[-80.61368100007732,33.75093400035252],[-80.61398599967586,33.75096300001987],[-80.61429000034778,33.75099100030758],[-80.61449299983906,33.75101000028421],[-80.61480300035876,33.751037999809654],[-80.61522500013317,33.75107799996942],[-80.61573200029636,33.75101799972272],[-80.61604199991775,33.75098300011964],[-80.61606399965906,33.75097999976882],[-80.61613200032944,33.75097200032678],[-80.61615499989566,33.75097000009267],[-80.61613999982704,33.75093800007541],[-80.61611999973556,33.75089199988964],[-80.61609799999425,33.75084400018901],[-80.61608499957546,33.750813000243625],[-80.61602600002423,33.75068100013382],[-80.61593999981051,33.75048500020702],[-80.61585199994695,33.750287999707254],[-80.61579400022063,33.750156999662735],[-80.61577900015203,33.75011799994722],[-80.61575800023562,33.75006100015872],[-80.615735999596,33.75000300020398],[-80.61572200025061,33.74996499980035],[-80.61568299989256,33.74987000021128],[-80.6156789996946,33.749859999658746],[-80.61543099999747,33.74969499970994],[-80.61534599960865,33.749638999772905],[-80.61525899957003,33.749581999666006],[-80.61512600039894,33.74949399984591],[-80.61500099982717,33.74941099986494],[-80.61491499961345,33.74935499974238],[-80.61479499996284,33.74926000022447],[-80.61443500011273,33.74897699982595],[-80.61431499956382,33.74888300003067],[-80.61419499991321,33.74861399966576],[-80.61418099966951,33.74815799976848],[-80.61420599978388,33.74812600019568],[-80.61464900037299,33.74757700036692],[-80.61546699998249,33.74753300018634],[-80.61622400039094,33.747911999898115],[-80.61689700023551,33.748250000060956],[-80.61693400004542,33.74825899990563],[-80.617903000166,33.74848699988883],[-80.6179609998923,33.748495000309696],[-80.61882899973052,33.74862300021916],[-80.61943399980304,33.74855799976967],[-80.61971699966026,33.74832299968693],[-80.62012699973909,33.74788400009892],[-80.62015900042444,33.74754800030134],[-80.61999799986764,33.74721000035941],[-80.61985300010268,33.746903999873],[-80.6193250000231,33.74660900014251],[-80.61927899999233,33.74650899972507],[-80.61925700025103,33.746459999642255],[-80.61911900015876,33.74615699998718],[-80.61891900014221,33.74571499998061],[-80.61901100020374,33.7451640000341],[-80.61895799960197,33.745061000361694],[-80.618784000423,33.74471699993585],[-80.61865200017854,33.74445799963841],[-80.61864100030789,33.74439100012633],[-80.61857500018563,33.7439880002622],[-80.61865800002631,33.74358499999841],[-80.61887099956333,33.743447000232834],[-80.61902200007438,33.74334999973422],[-80.61920000034961,33.743331000301396],[-80.61927399996945,33.743323000145836],[-80.61938600012246,33.74331200011736],[-80.61949800027544,33.74329999988104],[-80.61957299972022,33.74329299992914],[-80.61967499982745,33.74328199989687],[-80.61982999963816,33.74326699978266],[-80.61998399962394,33.743249999998696],[-80.62008699955611,33.74324000016815],[-80.62010699964758,33.743237000293426],[-80.62005399994413,33.74336899990983],[-80.62012300043943,33.74396500017572],[-80.62023100039445,33.74420199989383],[-80.62037500033449,33.74437200017712],[-80.62088900017041,33.74497799982501],[-80.621966000246,33.745481999939024],[-80.62275200006846,33.74564699977745],[-80.62361900008177,33.74542799985506],[-80.62480900013529,33.74512800009736],[-80.62648799991034,33.74468099981153],[-80.62816599986046,33.74423400018382],[-80.62925800000468,33.743943000282165],[-80.62948499978539,33.743883000272035],[-80.63061700011258,33.743567000074066],[-80.6314149996306,33.74352599994175],[-80.63187699958796,33.74350200027426],[-80.63278499960916,33.743667000187],[-80.63386500005782,33.74417499982666],[-80.6340049997999,33.74424200025446],[-80.63414500044028,33.74430899988295],[-80.63602900025475,33.74519800033391],[-80.6379120002443,33.74608600035939],[-80.63904299984826,33.74674800021535],[-80.64017400035053,33.747409000031254],[-80.6404120000019,33.74754800030134],[-80.64055500011703,33.748013999729594],[-80.64044700016201,33.74862099993026],[-80.64027300008475,33.749143999939136],[-80.6400110001439,33.74994000031179],[-80.6403059996967,33.75075199969194],[-80.6405030002385,33.75117999976959],[-80.64050700043646,33.751207999986434],[-80.64056799963753,33.75154900018614],[-80.64098799976209,33.751809000088684],[-80.64173099992684,33.75226899965116],[-80.64241200016731,33.752379000333725],[-80.64295299976739,33.75246700018062],[-80.64414799984378,33.75266199996096],[-80.64421099959297,33.752681999664375],[-80.64456100029565,33.752795000104435],[-80.64501700040522,33.752942999959835],[-80.64508299962915,33.752964999785334],[-80.64523900016309,33.753016000072],[-80.64533299987441,33.753045999874956],[-80.64558399994458,33.75312699988806],[-80.6457980002048,33.75319600022619],[-80.64637300014007,33.75359100019441],[-80.64662900023312,33.75376700029762],[-80.64688600015107,33.75394400012191],[-80.64726500026777,33.75420300015143],[-80.64734100043574,33.75434800033095],[-80.64819400020534,33.75597700007142],[-80.64887500044583,33.75687799963764],[-80.64953800024465,33.7577479997649],[-80.65104399976732,33.75850799987879],[-80.6551110000453,33.76056199999794],[-80.65580900000421,33.761014999647365],[-80.65593200002785,33.76109500034733],[-80.6560550000515,33.76117500022579],[-80.6563990000081,33.7613980002397],[-80.65640300020605,33.761421000131115],[-80.65641800027466,33.7615009997053],[-80.65643300034327,33.761580999951654],[-80.65680599971385,33.76359899996989],[-80.6562580004411,33.76572099983589],[-80.655013000136,33.76696799981097],[-80.65445900011713,33.767298000112014],[-80.65407199960453,33.767529000014676],[-80.65368499999025,33.76776000004142],[-80.65277100012126,33.76830500015831],[-80.65174000007642,33.76997599984639],[-80.65204399985002,33.77067300021972],[-80.65243600038549,33.771570000370254],[-80.65282700019776,33.77246700009064],[-80.65286400000767,33.77255199988089],[-80.65301999964328,33.77263399999392],[-80.65372199980015,33.77300399976479],[-80.65442399995703,33.773373000322266],[-80.65468000005008,33.773508000147324],[-80.65513500033474,33.77345399979477],[-80.65827199995189,33.773078999685005],[-80.65905100010167,33.772986000043],[-80.662370000192,33.771463000053075],[-80.66514299976109,33.76926299982704],[-80.6653269998841,33.76911800023453],[-80.66551600002998,33.7689670002075],[-80.6662919998067,33.76835199987584],[-80.66675700013712,33.76813299970101],[-80.66703800034452,33.76800100012319],[-80.66731899965359,33.76786799967538],[-80.66801900016064,33.76753899999966],[-80.66974300014152,33.767363999721006],[-80.67069399982043,33.76695100024532],[-80.67179099998751,33.76647499983617],[-80.67288499978154,33.76494999996016],[-80.67293599983519,33.76487900021176],[-80.67298900043694,33.76454800034526],[-80.67320399962378,33.76321300032852],[-80.67372300038086,33.76287700011149],[-80.67394900033668,33.76272900022928],[-80.67417500029248,33.76258200007305],[-80.67510300040517,33.76198300004056],[-80.67753700004054,33.76298000004021],[-80.6792180003637,33.762512999821375],[-80.6803720004322,33.76097299964207],[-80.68074900000076,33.76067099974489],[-80.68101699978936,33.76045600013164],[-80.68128499957797,33.76024199998801],[-80.68319500023001,33.75871200035036],[-80.68659200013815,33.75599300026155],[-80.68681200024618,33.75617300014059],[-80.68721399992909,33.756503000181965],[-80.68761599961199,33.75683299969993],[-80.6876290000308,33.75708200025391],[-80.68756999958124,33.75727599995029],[-80.6874969997863,33.75745199995715],[-80.68684999988102,33.75808800005917],[-80.6863560001366,33.75851700014047],[-80.68610199969338,33.758738000295],[-80.68572199975179,33.759325999638136],[-80.68562999969028,33.76006799975655],[-80.68574299966818,33.76043900002106],[-80.6859829998677,33.76064199962702],[-80.68681100042126,33.76101699964713],[-80.68739899987702,33.76109200035045],[-80.68772699994008,33.76103699964192],[-80.68807599991952,33.760853000260425],[-80.68836799999757,33.76048300030025],[-80.68880900003853,33.75947600020418],[-80.68893600026016,33.75917500028189],[-80.6893680000803,33.75815500007233],[-80.68972700010549,33.75760600022692],[-80.68984799958099,33.75742200020218],[-80.68996800012991,33.757237999782554],[-80.69088000034905,33.75702499986699],[-80.69168700008792,33.75683699989455],[-80.69186500036315,33.756824000008315],[-80.69259299956099,33.756770000344986],[-80.69332099965713,33.75671499985076],[-80.69366299996389,33.75668900003935],[-80.69438699986206,33.75663600034196],[-80.69459799974926,33.75664500005331],[-80.69539399961745,33.756592000328716],[-80.6965719999754,33.7565140000121],[-80.69709500003214,33.756538999824485],[-80.69778399977021,33.75657099999191],[-80.6978380001969,33.75657400014707],[-80.69858100036166,33.75660999975972],[-80.69901200035686,33.7567520002007],[-80.6994430003521,33.756893999659596],[-80.69971299979052,33.756983000147244],[-80.7004719998488,33.7574329999144],[-80.70079200041425,33.75762300015243],[-80.7011129999063,33.75781299996939],[-80.7017949999717,33.75821699987064],[-80.7019930003384,33.75833399986177],[-80.70287299987221,33.75885600034697],[-80.7032739997302,33.75909400000822],[-80.70438299959285,33.75946199995338],[-80.7053860000486,33.75979500007235],[-80.70543399972917,33.75989399991878],[-80.70576599999019,33.760584000108764],[-80.70595900033403,33.761506999670374],[-80.70517799963613,33.76284999995024],[-80.70429599955422,33.76384600035284],[-80.70393999990205,33.76468000001438],[-80.70406600029875,33.76560899995139],[-80.70418400029953,33.765934999741624],[-80.7043859999659,33.7664859998802],[-80.70495099985541,33.76701800005142],[-80.70510200036647,33.767159999679095],[-80.7052529999792,33.767302999744736],[-80.70533400017007,33.76737900010032],[-80.70547100043743,33.76746499963527],[-80.70613699971096,33.76787300002162],[-80.70680299988283,33.76828099995893],[-80.70855000032824,33.76926800009182],[-80.70883900003324,33.769431999804596],[-80.70921200030216,33.770100000218164],[-80.71065300042582,33.77095199965438],[-80.7117289997782,33.77127499963968],[-80.71233600039884,33.7712330001821],[-80.71295800018976,33.77118099965171],[-80.7130879998861,33.77102400022823],[-80.71352800010214,33.77048999975995],[-80.7137220002709,33.77025599994923],[-80.71315599965817,33.768649999947854],[-80.71317599974964,33.76829999983727],[-80.71319699966604,33.76795099970957],[-80.71324400042003,33.76712599987382],[-80.71329100027567,33.76630100031006],[-80.71330700016922,33.766021999920454],[-80.71395499989941,33.76410299966305],[-80.7140450003111,33.763609999636266],[-80.7142079996194,33.76270899988248],[-80.71437099982603,33.76180800036555],[-80.71440199978817,33.76164000028155],[-80.71536800043398,33.76048500031237],[-80.71632300031085,33.76034600010359],[-80.71749800029573,33.76080800016887],[-80.71755900039511,33.76083200022063],[-80.72007099984829,33.76271799970305],[-80.72137200022988,33.764002000267226],[-80.72140700038997,33.76403699978297],[-80.72141400006267,33.764056999819914],[-80.72168600004923,33.76485399984457],[-80.7219589998607,33.76565099992524],[-80.72203800040172,33.765853999882076],[-80.72210100015091,33.766064999632825],[-80.72236300009173,33.76683500000017],[-80.72253700016903,33.767346000307946],[-80.7234729997793,33.76790000009395],[-80.72501699983512,33.76848000000867],[-80.72530700026336,33.76844899971985],[-80.72587399980272,33.76838799976916],[-80.72644000041545,33.76832599986052],[-80.72684700012124,33.768281999873984],[-80.72692499993904,33.768198000244375],[-80.72765800005806,33.76740600032829],[-80.72731499992638,33.76477900019281],[-80.72749999987431,33.76398300018277],[-80.7275979997836,33.76356200033501],[-80.7276959996929,33.76313999993775],[-80.72800399966447,33.76181900026172],[-80.72870699964625,33.76099899964781],[-80.73000499965478,33.760388999676486],[-80.73385900039573,33.75997800021938],[-80.73646299991042,33.757386000183644],[-80.7373769997794,33.75661700011835],[-80.73846399990074,33.75639100020169],[-80.73955500022004,33.756882999878215],[-80.73961799996923,33.75699600000938],[-80.74024499978303,33.75811200012564],[-80.74045700039345,33.75909099994125],[-80.7398759997121,33.76011500025736],[-80.73913099989751,33.76110500033624],[-80.73837500021229,33.76266699996044],[-80.73724999955779,33.76381199997955],[-80.73590100039395,33.765495000025304],[-80.73578199966995,33.76659099982183],[-80.73604000031112,33.76697899979173],[-80.73612999982448,33.7671159998407],[-80.73622100006108,33.76725199974351],[-80.7363349998639,33.76742199987856],[-80.73664200001056,33.767477000223465],[-80.7375679995751,33.7676420002995],[-80.73816099995204,33.767742999886096],[-80.73922399978393,33.767925000319316],[-80.74063300012055,33.76880999971435],[-80.74068400017417,33.76884199978113],[-80.74070300044075,33.768943000193545],[-80.74085200040366,33.76971499988673],[-80.7410020001915,33.77048700009195],[-80.74105200042021,33.770742999761815],[-80.74151000017962,33.77340699988894],[-80.7415870001725,33.773857999892336],[-80.74328199984107,33.77560999997609],[-80.74406799966353,33.775976000286974],[-80.74428799977156,33.776078000327566],[-80.7445079998796,33.776181000069585],[-80.74464400032203,33.776245999734364],[-80.74478099969106,33.776310000275075],[-80.74503400030936,33.776425999639855],[-80.7453389999079,33.77642899984663],[-80.74577800029904,33.77643399969326],[-80.74621599996696,33.776439000286246],[-80.74699500011671,33.77644700033844],[-80.74797500010793,33.77580800035061],[-80.74803299983425,33.77572700011698],[-80.74888300012913,33.774535000220546],[-80.74981100024182,33.7732349999659],[-80.75027800022205,33.77291199990239],[-80.75048400008636,33.77276900023676],[-80.75050900020072,33.772742000205206],[-80.75119700011389,33.77201199999925],[-80.75145599968167,33.77108999995431],[-80.75157399968246,33.77056399975218],[-80.75100899979293,33.770052999965905],[-80.75039700004774,33.769632000067716],[-80.74981100024182,33.769573000012514],[-80.74906600042723,33.76920199970905],[-80.74893800038072,33.76913999964261],[-80.7488100003342,33.76907800027802],[-80.74856799958654,33.76895800029644],[-80.748515999708,33.76880999971435],[-80.74833999998091,33.7683079999027],[-80.74816300042892,33.76780700005787],[-80.74811999987288,33.767684999945814],[-80.74778599996205,33.76602599968621],[-80.74610899983684,33.765354999777564],[-80.74561699974224,33.76482700030608],[-80.74537599971782,33.7645690002214],[-80.74513600041661,33.764311000106765],[-80.7448600002321,33.764013999846796],[-80.74490500043792,33.76365599971932],[-80.74493999969972,33.7633739997634],[-80.74497599968474,33.76309200037322],[-80.74499900014928,33.76291000013116],[-80.74515300013505,33.762797000328035],[-80.74582400032979,33.76230400025691],[-80.74649600034942,33.76181100033736],[-80.74653900000715,33.761778999885536],[-80.74660000010651,33.761777999894555],[-80.74681600001658,33.76176699999311],[-80.74703299975155,33.761756000090195],[-80.74718500008751,33.76174900015128],[-80.74733700042347,33.761742000211754],[-80.74746700011981,33.76173600026318],[-80.7474930000591,33.761764000019696],[-80.74757000005198,33.76184699999118],[-80.7480439997049,33.7623580001682],[-80.74878000019696,33.7637239998294],[-80.74981100024182,33.764604000252326],[-80.74989099970945,33.76460500021034],[-80.7511619999538,33.764615999747605],[-80.75221599956487,33.76415400004475],[-80.75296200010267,33.76405000006887],[-80.75332899962547,33.76400000033718],[-80.7533510002651,33.76399799966021],[-80.75451700002915,33.763995999730064],[-80.75555200027198,33.7643009997451],[-80.75618499993354,33.764818999915676],[-80.75627299979709,33.76566499991196],[-80.75627100014728,33.766835999932155],[-80.75626500029949,33.76810900020023],[-80.7568360000368,33.76984599991437],[-80.75688100024263,33.77009900032427],[-80.75721000013061,33.77194000025566],[-80.75751300007931,33.773082000009055],[-80.75760299959269,33.77318999965556],[-80.75788799999803,33.77353199962935],[-80.75817199968017,33.77387500032781],[-80.75821799971092,33.773931000113336],[-80.75829100040417,33.77393399966083],[-80.75973099980462,33.77399699984027],[-80.7606310003282,33.77351300016444],[-80.76124100042357,33.77293499969057],[-80.76146099963329,33.772117999760475],[-80.76300899988708,33.77102300034512],[-80.76353100011889,33.77042099990137],[-80.76447199975206,33.76922900010939],[-80.76464599982931,33.7690090000291],[-80.76483999999809,33.76876300024796],[-80.76583400023301,33.76743900009755],[-80.76624299958861,33.76693599979114],[-80.76633700019825,33.76682100020465],[-80.76661900023055,33.7668509996571],[-80.7669740000578,33.766888000112395],[-80.76783500022333,33.76714599993661],[-80.76819099987549,33.76783599999164],[-80.76819199970039,33.76873200006152],[-80.76775900005536,33.76950200036054],[-80.767733999941,33.770559000309724],[-80.76794700037632,33.77136400012908],[-80.76832200029504,33.7715420000838],[-80.76912999985882,33.77192499992812],[-80.77068300013548,33.77205600031054],[-80.77177000025682,33.77190000012311],[-80.77282800006586,33.77101100025354],[-80.77343200031343,33.76998100006963],[-80.77463599971232,33.76841299985216],[-80.77632600025633,33.76649300017902],[-80.77733499966156,33.76510400020108],[-80.77764199980822,33.764681999928555],[-80.77768299981611,33.76457599992999],[-80.77836999990436,33.76281999984403],[-80.77872399990669,33.76241999991373],[-80.77934800024576,33.761713999701215],[-80.78123600025818,33.76090500033671],[-80.78220600020366,33.76071099989131],[-80.78282499962154,33.76075900004238],[-80.7833150000663,33.760797000142944],[-80.78485999994706,33.76100799964794],[-80.78585500000689,33.76193399983895],[-80.78614399971188,33.762722000369834],[-80.78552899959364,33.76355099991565],[-80.7852440000866,33.763759000205425],[-80.78462200029567,33.764213000097],[-80.78304999975245,33.76513800006179],[-80.78300600026982,33.765164000297624],[-80.78298799982815,33.765185000022754],[-80.78266399996306,33.765567999903745],[-80.78234000009796,33.76595200025561],[-80.7821609999978,33.76616399970496],[-80.78205999971547,33.76724600018063],[-80.78208300018,33.767308000123954],[-80.7822029998306,33.76767100028909],[-80.78232300037952,33.76803399966332],[-80.78236000018944,33.76814600011235],[-80.782808999728,33.76870199977403],[-80.78296799973668,33.76889899977716],[-80.784026000444,33.76931599993097],[-80.78430400027835,33.76942599964763],[-80.78609000018352,33.769691999980935],[-80.78782400021015,33.769602000095375],[-80.7885039997274,33.76960000029595],[-80.79034800025721,33.769594000150754],[-80.79113900010255,33.769575999712515],[-80.79335400035309,33.76952500031733],[-80.79582999982127,33.77021900020146],[-80.79788900043623,33.77070000015659],[-80.7996960002578,33.771819999801934],[-80.80063400041622,33.77255299974616],[-80.80137000000997,33.77312599977084],[-80.80159199976781,33.77319100026011],[-80.80400200001205,33.77389100016361],[-80.80509599980608,33.77400299967714],[-80.80617600025472,33.77405999997339],[-80.80759100043913,33.77421099998538],[-80.80780399997614,33.774460000081504],[-80.80794600026638,33.774625000151325],[-80.8079699996575,33.774652000336175],[-80.80813500041225,33.774844999999054],[-80.8082369996212,33.774963000275164],[-80.80856600040748,33.77583100010803],[-80.80892299988454,33.777280000002655],[-80.80950399966758,33.778413999639724],[-80.80953600035296,33.77847599971515],[-80.80983900030165,33.778743999910176],[-80.81049200005472,33.779321000231036],[-80.81112399989141,33.7796789998699],[-80.81124899956487,33.77975000004801],[-80.8118200002005,33.77994199964603],[-80.8138630000236,33.78062700008713],[-80.81568999993667,33.781069000026385],[-80.81659999960769,33.78061700013646],[-80.81745900012338,33.77980299963783],[-80.81750400032924,33.77976099988104],[-80.8177419999806,33.77881500011662],[-80.81812299974712,33.777794999955034],[-80.8191630000128,33.7762760003671],[-80.82126299973731,33.774826999917344],[-80.82190299996991,33.774385999720664],[-80.82323100011567,33.77425199963113],[-80.82470800022436,33.7746259999924],[-80.82503999958706,33.77471000004072],[-80.82798899978154,33.776206000118776],[-80.8282599999432,33.77644999979778],[-80.8285639997168,33.77672400000438],[-80.82886900021366,33.77699800008121],[-80.82893600016081,33.77705899987547],[-80.82894399965842,33.77708600003981],[-80.82907099988003,33.777532000306785],[-80.82919800010163,33.777977999744934],[-80.82925900020099,33.77819300019816],[-80.82919800010163,33.77827299979496],[-80.82854899964822,33.77912800019916],[-80.82713000016416,33.77963399995791],[-80.82612500005858,33.7801929998092],[-80.82577500025423,33.780542000095785],[-80.82537400039622,33.780941999802685],[-80.82445100030641,33.78178999990233],[-80.82410999982454,33.782212000285135],[-80.82378699978437,33.78261099991126],[-80.8232119998491,33.78353599985858],[-80.82256999996667,33.78456700030384],[-80.82246899968433,33.784813999970225],[-80.82210299998646,33.78570899970969],[-80.82205399958265,33.78631499979559],[-80.82254499985231,33.78700299986937],[-80.82369399989796,33.787129000369156],[-80.82474000001142,33.7868610002808],[-80.82559100013118,33.78634400018376],[-80.82791500016171,33.785271000185894],[-80.82794799977367,33.785255999952824],[-80.82958100041628,33.78490899965221],[-80.83141599982693,33.78509999991202],[-80.83149199999491,33.78510799990192],[-80.83346399967292,33.78550799993533],[-80.8343990003566,33.7863599999303],[-80.8344980000908,33.78645000012878],[-80.83450999978638,33.78648099987662],[-80.83466399977216,33.786933999872595],[-80.83481699993304,33.78738800015064],[-80.83498000013965,33.7878649997737],[-80.83492700043622,33.78871000023188],[-80.83490099959863,33.789132000111024],[-80.83490599962151,33.78925400029004],[-80.83495900022325,33.790551000343214],[-80.83539900043932,33.791755999633466],[-80.8359619997807,33.79274300028626],[-80.83747200039967,33.793905999794376],[-80.83753400032394,33.79392299998326],[-80.83924300023622,33.7944039997132],[-80.83936100023698,33.79443300034776],[-80.84017299999871,33.79463200011235],[-80.84098599958536,33.79483199976606],[-80.84264699981706,33.79524100004795],[-80.84520199982624,33.79598999981117],[-80.84618199981746,33.79653099964715],[-80.84745499971166,33.797234000122536],[-80.84925900005848,33.798085000320256],[-80.84996399969009,33.798418000366475],[-80.85066900022001,33.798750000304196],[-80.85246199979787,33.79959500007612],[-80.85487200004209,33.80036999981185],[-80.85782899973421,33.80157400020567],[-80.85950300038468,33.801805000232456],[-80.8595679997837,33.801813999678004],[-80.86119899987817,33.80153699980409],[-80.86158700021569,33.80147099965336],[-80.86346000015948,33.801637999732606],[-80.86559000002124,33.80263899982241],[-80.86575900007564,33.80271899972108],[-80.86595700044236,33.80324200023902],[-80.86648999964652,33.8046480001259],[-80.86654700044625,33.80736600018249],[-80.86709300006919,33.80899000005415],[-80.86718199975765,33.809258000279755],[-80.86727200016932,33.809525000232355],[-80.86732200039805,33.80967299986943],[-80.86760899955492,33.810000000056185],[-80.86765899978363,33.810056000102065],[-80.86768100042325,33.810080999964086],[-80.86775000002022,33.81015900002412],[-80.86777299958644,33.810185000028284],[-80.86860399961473,33.81113100026139],[-80.86943600036628,33.81207699973706],[-80.86971199965248,33.81239100002786],[-80.87045700036538,33.81292699997696],[-80.87133000022648,33.813556000016426],[-80.87220300008757,33.814183999783516],[-80.87257499963326,33.814451000035966],[-80.87328099998808,33.814777999872334],[-80.87481199962511,33.81548799974852],[-80.87560199964554,33.8155730001218],[-80.87728200014381,33.81563899984416],[-80.87981299986356,33.815620000019784],[-80.88028999988954,33.815509999932274],[-80.88219399979548,33.81507600035092],[-80.8838709999207,33.81420600030266],[-80.8850259998141,33.81339799977935],[-80.88595700029985,33.81297700025493],[-80.88782400039587,33.81213400006563],[-80.88969099959357,33.81129000036653],[-80.89019100008407,33.81106399988451],[-80.89069099967627,33.81083800029826],[-80.89083100031668,33.81077500035344],[-80.89322300011924,33.80992499963079],[-80.89615399987207,33.80940000003681],[-80.898534999804,33.808767000034294],[-80.90039699987713,33.80901800003906],[-80.90226999982093,33.809189000307484],[-80.90591899962418,33.80970800012952],[-80.91044399966154,33.81058699966175],[-80.91372400029213,33.81114400011679],[-80.91555799987789,33.81141899992489],[-80.91667199976341,33.81240899967684],[-80.91684599984067,33.812771000354964],[-80.91694200010015,33.81297000002373],[-80.91703800035963,33.813170000113296],[-80.9170860000402,33.81326900021967],[-80.91713299989586,33.81336800021155],[-80.91731000034618,33.81373499972455],[-80.91728199985876,33.81433100019338],[-80.9172419996758,33.815207999765306],[-80.91720099966791,33.816085000048176],[-80.91714899978939,33.817210999958675],[-80.91713000042112,33.8176300001181],[-80.91696200019163,33.82098399998173],[-80.91651899960253,33.82275899976032],[-80.91644599980759,33.82304999989196],[-80.91637300001267,33.823341999798004],[-80.91597999965228,33.824915000120534],[-80.91491900036853,33.82596599965375],[-80.91274000010296,33.82803599994208],[-80.91173300034755,33.829878000212545],[-80.91178100002814,33.83052000010014],[-80.9118289997087,33.83116300031692],[-80.91183899975447,33.831289999899184],[-80.9119960001133,33.83148999968143],[-80.91214799955094,33.83168899982118],[-80.91229900006199,33.83188800024391],[-80.9123839995525,33.83199900007596],[-80.91310300032612,33.83293400034216],[-80.91531900040161,33.83392099984455],[-80.91815100042022,33.83446599965891],[-80.91858900008813,33.834549999936016],[-80.91919900018351,33.834667000104396],[-80.92003100003673,33.83478499999724],[-80.9204929999941,33.83485099981572],[-80.92074400006425,33.834707999895976],[-80.92082600008001,33.83466100004226],[-80.92092200033947,33.8346060003236],[-80.92153099971162,33.834259000142794],[-80.92240799977068,33.8337820001928],[-80.92252999996943,33.833716000295155],[-80.92313400021699,33.83300100000288],[-80.92309800023199,33.83267700017645],[-80.9228880001697,33.83076500011012],[-80.92290499988813,33.83053799966483],[-80.92302600026197,33.828879000106575],[-80.92426300017114,33.82740900036759],[-80.92635500039806,33.82657199977175],[-80.92833399974877,33.82643000016391],[-80.92917800019585,33.82636899972916],[-80.93120299957731,33.826983999758795],[-80.93355400027032,33.8264230002875],[-80.93619200012017,33.826387000167784],[-80.93800700033766,33.82725300029471],[-80.93863300032656,33.827551999811234],[-80.93925900031545,33.82784999980888],[-80.94058400008817,33.82848199967216],[-80.94136499988775,33.82933100035305],[-80.9418899995943,33.82990200030905],[-80.94241500019916,33.83047200024739],[-80.94322299976294,33.831349999882995],[-80.94342399960438,33.831958999648904],[-80.94344899971874,33.83203599998791],[-80.94404799994346,33.83385400015874],[-80.94517500024777,33.83517700011596],[-80.94577899959704,33.83588399964889],[-80.94704800019159,33.837385999719785],[-80.94819100038941,33.83851199969166],[-80.9505200004428,33.84062000035499],[-80.95082500004133,33.84089500013589],[-80.9537440000986,33.84270000036236],[-80.95540000030739,33.84324800025681],[-80.9570969996258,33.84381000025876],[-80.9587930000176,33.84437099977628],[-80.95943700044815,33.84458400028019],[-80.96376199957068,33.84675299973469],[-80.96485399971488,33.847300000009575],[-80.96594500003418,33.847848000244355],[-80.96724300004274,33.84757100024237],[-80.96733000008136,33.847540000245495],[-80.96884700037302,33.84700499989946],[-80.97077600039333,33.84692999984819],[-80.9725289997882,33.84697999964103],[-80.9729930002937,33.8469930000151],[-80.97344900040328,33.847114000015814],[-80.97495900012392,33.847513999661864],[-80.97776000018041,33.84852099984183],[-80.97876299973785,33.84859599998856],[-80.9801889997929,33.848706000034895],[-80.98258999981631,33.84872100033545],[-80.98266799963412,33.84872100033545],[-80.98333399980598,33.848722999778474],[-80.98399800032803,33.848724999967516],[-80.98570600041539,33.84873000006693],[-80.9862710003049,33.84896599964928],[-80.98827599959488,33.84979999967761],[-80.9896089997635,33.8512849998764],[-80.98996500031397,33.85168000020958],[-80.98975199987864,33.85226799984375],[-80.98959500041812,33.85269300006241],[-80.98868499984879,33.853398999737976],[-80.98742799984812,33.85404699993629],[-80.98679799966126,33.854608000119796],[-80.9859259996251,33.855644000250464],[-80.98595999996029,33.85659400033508],[-80.98614499990822,33.85722000027666],[-80.98621699987822,33.85746400021232],[-80.98642199991764,33.85752700007021],[-80.98743100022118,33.85783800020351],[-80.99008199959152,33.85808599980511],[-80.99174199999831,33.858385000364585],[-80.99317599955097,33.85864400000553],[-80.99684699999383,33.859635999647764],[-80.99937799971356,33.86046900034538],[-80.99978399959444,33.860602000118185],[-81.00016600008416,33.86082600028812],[-81.00113000018185,33.86144200033648],[-81.00177999956188,33.86240500034088],[-81.00205699957131,33.86300499985997],[-81.00208099986077,33.86305600024007],[-81.00145999989475,33.864119999920916],[-81.00136600018341,33.864249000323525],[-81.00084800014956,33.86495800003407],[-81.0002539999477,33.86550800015414],[-80.9998239997774,33.86581600025505],[-80.99979199999035,33.8658389996876],[-80.99830099963798,33.86695599979569],[-80.9974930000742,33.86854699970133],[-80.99672200032035,33.87077400024086],[-80.99658099985503,33.8722140000177],[-80.99657400018235,33.873808000151875],[-80.99694400007819,33.87515499974024],[-80.99723799980607,33.87568499974674],[-80.99755800037153,33.8759600000011],[-80.99783299983282,33.87639500008563],[-80.99816900029181,33.87679100000905],[-80.99824499956146,33.876859999858624],[-80.99864200011982,33.8772190001427],[-80.99916099997859,33.877652999647665],[-80.9995569998137,33.87798899969724],[-80.99966599959366,33.878070000063964],[-80.99988499987677,33.8782309996991],[-81.00002600034209,33.878334999630866],[-81.00016799973399,33.87843900018169],[-81.0002459995518,33.87844699964513],[-81.00071699972997,33.87849299990135],[-81.00260200026767,33.87875000021201],[-81.00465699978635,33.879031000214326],[-81.00769800004235,33.87944699975559],[-81.0098980002243,33.879747000188395],[-81.01074000012326,33.87986300025196],[-81.01153500016655,33.87997200019373],[-81.01233000020984,33.88007999989604],[-81.01304700043532,33.88013299996928],[-81.01417600038945,33.880362000090216],[-81.01556499973628,33.88079700010925],[-81.0169380000879,33.88146100030257],[-81.01832700033303,33.88216100030236],[-81.01951700038653,33.88311500016431],[-81.02024899978232,33.88387799982002],[-81.02070700044003,33.88465600006359],[-81.02090499990844,33.88532000005462],[-81.02122600029881,33.88613600019841],[-81.02130199956848,33.88701399969819],[-81.02142399976721,33.88807399973954],[-81.02110400010005,33.88893600023208],[-81.02075299957247,33.889714999823646],[-81.02043200008042,33.890477000128236],[-81.0203099998817,33.89125599981447],[-81.02035599991245,33.89208000027034],[-81.02026200020111,33.892674000258374],[-81.02023299988879,33.89284999992988],[-81.02011099969005,33.893300000327955],[-81.01957699976268,33.89407100009421],[-81.01911900000327,33.89488099973363],[-81.01864600017527,33.895605000249596],[-81.01805100014849,33.89615499971369],[-81.01739500002238,33.896545000193946],[-81.0164950003971,33.89674300022543],[-81.01484599986097,33.89713200035316],[-81.01328900028466,33.89760500034512],[-81.01217500039914,33.89786500017065],[-81.01099899969103,33.89813199991491],[-81.01032699967139,33.89873499993073],[-81.00993000001135,33.89923000022882],[-81.00967100044356,33.89968200025497],[-81.0094119999775,33.90010100009399],[-81.0094830001226,33.900552999976604],[-81.00897199976146,33.90184399981856],[-81.00875400020155,33.902745999914906],[-81.00875400020155,33.90410200026148],[-81.01006499973057,33.90571299990921],[-81.0118139998258,33.90706500015209],[-81.0130449998872,33.90765200020428],[-81.01370900040924,33.907968999725064],[-81.01426699972775,33.90814799994501],[-81.01462199955499,33.90820699983933],[-81.01472899968512,33.90822699971841],[-81.01518399996978,33.908290999896394],[-81.01571500042243,33.90834100028162],[-81.01612499960294,33.90837899968993],[-81.01662599991836,33.908429999791316],[-81.01701300043096,33.90845199989869],[-81.01755900005392,33.90851500014096],[-81.01788499956882,33.90854700012783],[-81.01833300018082,33.90859100027656],[-81.01876500000094,33.90862900031898],[-81.01914499994254,33.9086670003444],[-81.01963799986204,33.908716999763506],[-81.02007800007809,33.90875499974975],[-81.02050300022555,33.90879299971906],[-81.02086700027361,33.90882399983836],[-81.0210420001758,33.90885599970924],[-81.02127700035244,33.90889399963351],[-81.02153500009528,33.908964000116725],[-81.02186099961021,33.90903300003613],[-81.02230099982627,33.90912200031433],[-81.0227040002324,33.9092349999222],[-81.0228730002868,33.90928900027564],[-81.02325800025127,33.90940900019313],[-81.02369799956901,33.90956100029341],[-81.02430500018964,33.90972500013684],[-81.02447199969589,33.90981399969252],[-81.02469900037494,33.9099020001502],[-81.02518499972342,33.91004099965452],[-81.02559499980225,33.91018100017049],[-81.02603500001831,33.91035799998242],[-81.02655100040234,33.910598000365994],[-81.02715800012466,33.910864000007706],[-81.02746199989828,33.91104099989232],[-81.02770499957252,33.911179999775655],[-81.02818999999441,33.91144500010509],[-81.02853899997386,33.911724000293006],[-81.02896099974826,33.91203600020693],[-81.0292520000014,33.91235099963519],[-81.02937400020015,33.912483000086056],[-81.02961699987439,33.91277400018836],[-81.02978500010387,33.91300400035526],[-81.029892000234,33.91310199986826],[-81.02992200037122,33.91315300012556],[-81.02996800040196,33.91322899985305],[-81.03002799977811,33.913342999689945],[-81.03007399980888,33.91343100023143],[-81.0301039999461,33.913582999868304],[-81.03013499990824,33.913646999752],[-81.03016500004549,33.91378599985807],[-81.03016500004549,33.91388699981973],[-81.03014999997686,33.91412699995701],[-81.03016099984751,33.91422300026996],[-81.03016500004549,33.91425399990528],[-81.03018099993899,33.91449399975449],[-81.03011999983963,33.91469699981063],[-81.03001400043273,33.91493699990323],[-81.02987700016538,33.91518999974421],[-81.02975599979155,33.915367000335586],[-81.02971399995876,33.91545399984709],[-81.02921400036657,33.91645399993601],[-81.02776700039512,33.91711700016755],[-81.02681400016807,33.91755399989781],[-81.02311400031122,33.918954000252],[-81.01941399955605,33.92115500006108],[-81.0172140002724,33.925854999894845],[-81.01701400025588,33.93085500005539],[-81.01740400024322,33.93177799999679],[-81.01754900000817,33.932121000108125],[-81.01760199971162,33.932246000344136],[-81.01765399959017,33.93237000016445],[-81.01785699997974,33.93284700004407],[-81.01842400041741,33.934187000284],[-81.01866000041896,33.93474499986878],[-81.01895599979665,33.935277999792284],[-81.01972700044882,33.93648100003656],[-81.02068700034856,33.937961000063744],[-81.02085200020498,33.93822199991189],[-81.02350900032143,33.94146500035261],[-81.02362800014711,33.94161599977847],[-81.02371299963762,33.941589000162345],[-81.02487799957676,33.943637999938694],[-81.02511399957832,33.9440540002286],[-81.02812700024523,33.949515000229574],[-81.02831399984298,33.94985300028999],[-81.03023500036568,33.95292199979327],[-81.03087499969995,33.9539449998702],[-81.03098000018025,33.95411199988627],[-81.03098900040108,33.954127000282156],[-81.03143799993966,33.95484499984625],[-81.03129800019758,33.95492900011343],[-81.0337369998558,33.959106999699344],[-81.0357570001127,33.96251799991902],[-81.03579100044789,33.962590000046035],[-81.0370459999004,33.965243000103015],[-81.03770299985143,33.9666319998264],[-81.03850700011556,33.968073999736184],[-81.03923400038678,33.9690250003132],[-81.03995599973685,33.96997200003439],[-81.0416780000679,33.971632999945186],[-81.04291599980198,33.97305199968288],[-81.04309200042738,33.97318600016013],[-81.04582599963841,33.97664400031981],[-81.04586199962343,33.97687699992653],[-81.04592799974566,33.97730199967793],[-81.04593199994363,33.97733899989928],[-81.04673000035997,33.98635000026198],[-81.04644999997748,33.988028000019824],[-81.04670500024561,33.98853499984142],[-81.04695999961542,33.98903900017432],[-81.04770399960509,33.99050500027611],[-81.04810899966104,33.99130400032445],[-81.05004799972708,33.9944569996732],[-81.0508589996639,33.99577500023792],[-81.05115999996279,33.996247999778355],[-81.05139099994146,33.99658200017275]]]},"properties":{"kind":"greater_columbia_union"}},{"type":"Feature","geometry":{"type":"Polygon","coordinates":[[[-180.0,-85.0],[-180.0,85.0],[180.0,85.0],[180.0,-85.0],[-180.0,-85.0]],[[-81.05115999996279,33.996247999778355],[-81.0508589996639,33.99577500023792],[-81.05004799972708,33.9944569996732],[-81.04810899966104,33.99130400032445],[-81.04770399960509,33.99050500027611],[-81.04695999961542,33.98903900017432],[-81.04670500024561,33.98853499984142],[-81.04644999997748,33.988028000019824],[-81.04673000035997,33.98635000026198],[-81.04593199994363,33.97733899989928],[-81.04592799974566,33.97730199967793],[-81.04586199962343,33.97687699992653],[-81.04582599963841,33.97664400031981],[-81.04309200042738,33.97318600016013],[-81.04291599980198,33.97305199968288],[-81.0416780000679,33.971632999945186],[-81.03995599973685,33.96997200003439],[-81.03923400038678,33.9690250003132],[-81.03850700011556,33.968073999736184],[-81.03770299985143,33.9666319998264],[-81.0370459999004,33.965243000103015],[-81.03579100044789,33.962590000046035],[-81.0357570001127,33.96251799991902],[-81.0337369998558,33.959106999699344],[-81.03129800019758,33.95492900011343],[-81.03143799993966,33.95484499984625],[-81.03098900040108,33.954127000282156],[-81.03098000018025,33.95411199988627],[-81.03087499969995,33.9539449998702],[-81.03023500036568,33.95292199979327],[-81.02831399984298,33.94985300028999],[-81.02812700024523,33.949515000229574],[-81.02511399957832,33.9440540002286],[-81.02487799957676,33.943637999938694],[-81.02371299963762,33.941589000162345],[-81.02362800014711,33.94161599977847],[-81.02350900032143,33.94146500035261],[-81.02085200020498,33.93822199991189],[-81.02068700034856,33.937961000063744],[-81.01972700044882,33.93648100003656],[-81.01895599979665,33.935277999792284],[-81.01866000041896,33.93474499986878],[-81.01842400041741,33.934187000284],[-81.01785699997974,33.93284700004407],[-81.01765399959017,33.93237000016445],[-81.01760199971162,33.932246000344136],[-81.01754900000817,33.932121000108125],[-81.01740400024322,33.93177799999679],[-81.01701400025588,33.93085500005539],[-81.0172140002724,33.925854999894845],[-81.01941399955605,33.92115500006108],[-81.02311400031122,33.918954000252],[-81.02681400016807,33.91755399989781],[-81.02776700039512,33.91711700016755],[-81.02921400036657,33.91645399993601],[-81.02971399995876,33.91545399984709],[-81.02975599979155,33.915367000335586],[-81.02987700016538,33.91518999974421],[-81.03001400043273,33.91493699990323],[-81.03011999983963,33.91469699981063],[-81.03018099993899,33.91449399975449],[-81.03016500004549,33.91425399990528],[-81.03016099984751,33.91422300026996],[-81.03014999997686,33.91412699995701],[-81.03016500004549,33.91388699981973],[-81.03016500004549,33.91378599985807],[-81.03013499990824,33.913646999752],[-81.0301039999461,33.913582999868304],[-81.03007399980888,33.91343100023143],[-81.03002799977811,33.913342999689945],[-81.02996800040196,33.91322899985305],[-81.02992200037122,33.91315300012556],[-81.029892000234,33.91310199986826],[-81.02978500010387,33.91300400035526],[-81.02961699987439,33.91277400018836],[-81.02937400020015,33.912483000086056],[-81.0292520000014,33.91235099963519],[-81.02896099974826,33.91203600020693],[-81.02853899997386,33.911724000293006],[-81.02818999999441,33.91144500010509],[-81.02770499957252,33.911179999775655],[-81.02746199989828,33.91104099989232],[-81.02715800012466,33.910864000007706],[-81.02655100040234,33.910598000365994],[-81.02603500001831,33.91035799998242],[-81.02559499980225,33.91018100017049],[-81.02518499972342,33.91004099965452],[-81.02469900037494,33.9099020001502],[-81.02447199969589,33.90981399969252],[-81.02430500018964,33.90972500013684],[-81.02369799956901,33.90956100029341],[-81.02325800025127,33.90940900019313],[-81.0228730002868,33.90928900027564],[-81.0227040002324,33.9092349999222],[-81.02230099982627,33.90912200031433],[-81.02186099961021,33.90903300003613],[-81.02153500009528,33.908964000116725],[-81.02127700035244,33.90889399963351],[-81.0210420001758,33.90885599970924],[-81.02086700027361,33.90882399983836],[-81.02050300022555,33.90879299971906],[-81.02007800007809,33.90875499974975],[-81.01963799986204,33.908716999763506],[-81.01914499994254,33.9086670003444],[-81.01876500000094,33.90862900031898],[-81.01833300018082,33.90859100027656],[-81.01788499956882,33.90854700012783],[-81.01755900005392,33.90851500014096],[-81.01701300043096,33.90845199989869],[-81.01662599991836,33.908429999791316],[-81.01612499960294,33.90837899968993],[-81.01571500042243,33.90834100028162],[-81.01518399996978,33.908290999896394],[-81.01472899968512,33.90822699971841],[-81.01462199955499,33.90820699983933],[-81.01426699972775,33.90814799994501],[-81.01370900040924,33.907968999725064],[-81.0130449998872,33.90765200020428],[-81.0118139998258,33.90706500015209],[-81.01006499973057,33.90571299990921],[-81.00875400020155,33.90410200026148],[-81.00875400020155,33.902745999914906],[-81.00897199976146,33.90184399981856],[-81.0094830001226,33.900552999976604],[-81.0094119999775,33.90010100009399],[-81.00967100044356,33.89968200025497],[-81.00993000001135,33.89923000022882],[-81.01032699967139,33.89873499993073],[-81.01099899969103,33.89813199991491],[-81.01217500039914,33.89786500017065],[-81.01328900028466,33.89760500034512],[-81.01484599986097,33.89713200035316],[-81.0164950003971,33.89674300022543],[-81.01739500002238,33.896545000193946],[-81.01805100014849,33.89615499971369],[-81.01864600017527,33.895605000249596],[-81.01911900000327,33.89488099973363],[-81.01957699976268,33.89407100009421],[-81.02011099969005,33.893300000327955],[-81.02023299988879,33.89284999992988],[-81.02026200020111,33.892674000258374],[-81.02035599991245,33.89208000027034],[-81.0203099998817,33.89125599981447],[-81.02043200008042,33.890477000128236],[-81.02075299957247,33.889714999823646],[-81.02110400010005,33.88893600023208],[-81.02142399976721,33.88807399973954],[-81.02130199956848,33.88701399969819],[-81.02122600029881,33.88613600019841],[-81.02090499990844,33.88532000005462],[-81.02070700044003,33.88465600006359],[-81.02024899978232,33.88387799982002],[-81.01951700038653,33.88311500016431],[-81.01832700033303,33.88216100030236],[-81.0169380000879,33.88146100030257],[-81.01556499973628,33.88079700010925],[-81.01417600038945,33.880362000090216],[-81.01304700043532,33.88013299996928],[-81.01233000020984,33.88007999989604],[-81.01153500016655,33.87997200019373],[-81.01074000012326,33.87986300025196],[-81.0098980002243,33.879747000188395],[-81.00769800004235,33.87944699975559],[-81.00465699978635,33.879031000214326],[-81.00260200026767,33.87875000021201],[-81.00071699972997,33.87849299990135],[-81.0002459995518,33.87844699964513],[-81.00016799973399,33.87843900018169],[-81.00002600034209,33.878334999630866],[-80.99988499987677,33.8782309996991],[-80.99966599959366,33.878070000063964],[-80.9995569998137,33.87798899969724],[-80.99916099997859,33.877652999647665],[-80.99864200011982,33.8772190001427],[-80.99824499956146,33.876859999858624],[-80.99816900029181,33.87679100000905],[-80.99783299983282,33.87639500008563],[-80.99755800037153,33.8759600000011],[-80.99723799980607,33.87568499974674],[-80.99694400007819,33.87515499974024],[-80.99657400018235,33.873808000151875],[-80.99658099985503,33.8722140000177],[-80.99672200032035,33.87077400024086],[-80.9974930000742,33.86854699970133],[-80.99830099963798,33.86695599979569],[-80.99979199999035,33.8658389996876],[-80.9998239997774,33.86581600025505],[-81.0002539999477,33.86550800015414],[-81.00084800014956,33.86495800003407],[-81.00136600018341,33.864249000323525],[-81.00145999989475,33.864119999920916],[-81.00208099986077,33.86305600024007],[-81.00205699957131,33.86300499985997],[-81.00177999956188,33.86240500034088],[-81.00113000018185,33.86144200033648],[-81.00016600008416,33.86082600028812],[-80.99978399959444,33.860602000118185],[-80.99937799971356,33.86046900034538],[-80.99684699999383,33.859635999647764],[-80.99317599955097,33.85864400000553],[-80.99174199999831,33.858385000364585],[-80.99008199959152,33.85808599980511],[-80.98743100022118,33.85783800020351],[-80.98642199991764,33.85752700007021],[-80.98621699987822,33.85746400021232],[-80.98614499990822,33.85722000027666],[-80.98595999996029,33.85659400033508],[-80.9859259996251,33.855644000250464],[-80.98679799966126,33.854608000119796],[-80.98742799984812,33.85404699993629],[-80.98868499984879,33.853398999737976],[-80.98959500041812,33.85269300006241],[-80.98975199987864,33.85226799984375],[-80.98996500031397,33.85168000020958],[-80.9896089997635,33.8512849998764],[-80.98827599959488,33.84979999967761],[-80.9862710003049,33.84896599964928],[-80.98570600041539,33.84873000006693],[-80.98399800032803,33.848724999967516],[-80.98333399980598,33.848722999778474],[-80.98266799963412,33.84872100033545],[-80.98258999981631,33.84872100033545],[-80.9801889997929,33.848706000034895],[-80.97876299973785,33.84859599998856],[-80.97776000018041,33.84852099984183],[-80.97495900012392,33.847513999661864],[-80.97344900040328,33.847114000015814],[-80.9729930002937,33.8469930000151],[-80.9725289997882,33.84697999964103],[-80.97077600039333,33.84692999984819],[-80.96884700037302,33.84700499989946],[-80.96733000008136,33.847540000245495],[-80.96724300004274,33.84757100024237],[-80.96594500003418,33.847848000244355],[-80.96485399971488,33.847300000009575],[-80.96376199957068,33.84675299973469],[-80.95943700044815,33.84458400028019],[-80.9587930000176,33.84437099977628],[-80.9570969996258,33.84381000025876],[-80.95540000030739,33.84324800025681],[-80.9537440000986,33.84270000036236],[-80.95082500004133,33.84089500013589],[-80.9505200004428,33.84062000035499],[-80.94819100038941,33.83851199969166],[-80.94704800019159,33.837385999719785],[-80.94577899959704,33.83588399964889],[-80.94517500024777,33.83517700011596],[-80.94404799994346,33.83385400015874],[-80.94344899971874,33.83203599998791],[-80.94342399960438,33.831958999648904],[-80.94322299976294,33.831349999882995],[-80.94241500019916,33.83047200024739],[-80.9418899995943,33.82990200030905],[-80.94136499988775,33.82933100035305],[-80.94058400008817,33.82848199967216],[-80.93925900031545,33.82784999980888],[-80.93863300032656,33.827551999811234],[-80.93800700033766,33.82725300029471],[-80.93619200012017,33.826387000167784],[-80.93355400027032,33.8264230002875],[-80.93120299957731,33.826983999758795],[-80.92917800019585,33.82636899972916],[-80.92833399974877,33.82643000016391],[-80.92635500039806,33.82657199977175],[-80.92426300017114,33.82740900036759],[-80.92302600026197,33.828879000106575],[-80.92290499988813,33.83053799966483],[-80.9228880001697,33.83076500011012],[-80.92309800023199,33.83267700017645],[-80.92313400021699,33.83300100000288],[-80.92252999996943,33.833716000295155],[-80.92240799977068,33.8337820001928],[-80.92153099971162,33.834259000142794],[-80.92092200033947,33.8346060003236],[-80.92082600008001,33.83466100004226],[-80.92074400006425,33.834707999895976],[-80.9204929999941,33.83485099981572],[-80.92003100003673,33.83478499999724],[-80.91919900018351,33.834667000104396],[-80.91858900008813,33.834549999936016],[-80.91815100042022,33.83446599965891],[-80.91531900040161,33.83392099984455],[-80.91310300032612,33.83293400034216],[-80.9123839995525,33.83199900007596],[-80.91229900006199,33.83188800024391],[-80.91214799955094,33.83168899982118],[-80.9119960001133,33.83148999968143],[-80.91183899975447,33.831289999899184],[-80.9118289997087,33.83116300031692],[-80.91178100002814,33.83052000010014],[-80.91173300034755,33.829878000212545],[-80.91274000010296,33.82803599994208],[-80.91491900036853,33.82596599965375],[-80.91597999965228,33.824915000120534],[-80.91637300001267,33.823341999798004],[-80.91644599980759,33.82304999989196],[-80.91651899960253,33.82275899976032],[-80.91696200019163,33.82098399998173],[-80.91713000042112,33.8176300001181],[-80.91714899978939,33.817210999958675],[-80.91720099966791,33.816085000048176],[-80.9172419996758,33.815207999765306],[-80.91728199985876,33.81433100019338],[-80.91731000034618,33.81373499972455],[-80.91713299989586,33.81336800021155],[-80.9170860000402,33.81326900021967],[-80.91703800035963,33.813170000113296],[-80.91694200010015,33.81297000002373],[-80.91684599984067,33.812771000354964],[-80.91667199976341,33.81240899967684],[-80.91555799987789,33.81141899992489],[-80.91372400029213,33.81114400011679],[-80.91044399966154,33.81058699966175],[-80.90591899962418,33.80970800012952],[-80.90226999982093,33.809189000307484],[-80.90039699987713,33.80901800003906],[-80.898534999804,33.808767000034294],[-80.89615399987207,33.80940000003681],[-80.89322300011924,33.80992499963079],[-80.89083100031668,33.81077500035344],[-80.89069099967627,33.81083800029826],[-80.89019100008407,33.81106399988451],[-80.88969099959357,33.81129000036653],[-80.88782400039587,33.81213400006563],[-80.88595700029985,33.81297700025493],[-80.8850259998141,33.81339799977935],[-80.8838709999207,33.81420600030266],[-80.88219399979548,33.81507600035092],[-80.88028999988954,33.815509999932274],[-80.87981299986356,33.815620000019784],[-80.87728200014381,33.81563899984416],[-80.87560199964554,33.8155730001218],[-80.87481199962511,33.81548799974852],[-80.87328099998808,33.814777999872334],[-80.87257499963326,33.814451000035966],[-80.87220300008757,33.814183999783516],[-80.87133000022648,33.813556000016426],[-80.87045700036538,33.81292699997696],[-80.86971199965248,33.81239100002786],[-80.86943600036628,33.81207699973706],[-80.86860399961473,33.81113100026139],[-80.86777299958644,33.810185000028284],[-80.86775000002022,33.81015900002412],[-80.86768100042325,33.810080999964086],[-80.86765899978363,33.810056000102065],[-80.86760899955492,33.810000000056185],[-80.86732200039805,33.80967299986943],[-80.86727200016932,33.809525000232355],[-80.86718199975765,33.809258000279755],[-80.86709300006919,33.80899000005415],[-80.86654700044625,33.80736600018249],[-80.86648999964652,33.8046480001259],[-80.86595700044236,33.80324200023902],[-80.86575900007564,33.80271899972108],[-80.86559000002124,33.80263899982241],[-80.86346000015948,33.801637999732606],[-80.86158700021569,33.80147099965336],[-80.86119899987817,33.80153699980409],[-80.8595679997837,33.801813999678004],[-80.85950300038468,33.801805000232456],[-80.85782899973421,33.80157400020567],[-80.85487200004209,33.80036999981185],[-80.85246199979787,33.79959500007612],[-80.85066900022001,33.798750000304196],[-80.84996399969009,33.798418000366475],[-80.84925900005848,33.798085000320256],[-80.84745499971166,33.797234000122536],[-80.84618199981746,33.79653099964715],[-80.84520199982624,33.79598999981117],[-80.84264699981706,33.79524100004795],[-80.84098599958536,33.79483199976606],[-80.84017299999871,33.79463200011235],[-80.83936100023698,33.79443300034776],[-80.83924300023622,33.7944039997132],[-80.83753400032394,33.79392299998326],[-80.83747200039967,33.793905999794376],[-80.8359619997807,33.79274300028626],[-80.83539900043932,33.791755999633466],[-80.83495900022325,33.790551000343214],[-80.83490599962151,33.78925400029004],[-80.83490099959863,33.789132000111024],[-80.83492700043622,33.78871000023188],[-80.83498000013965,33.7878649997737],[-80.83481699993304,33.78738800015064],[-80.83466399977216,33.786933999872595],[-80.83450999978638,33.78648099987662],[-80.8344980000908,33.78645000012878],[-80.8343990003566,33.7863599999303],[-80.83346399967292,33.78550799993533],[-80.83149199999491,33.78510799990192],[-80.83141599982693,33.78509999991202],[-80.82958100041628,33.78490899965221],[-80.82794799977367,33.785255999952824],[-80.82791500016171,33.785271000185894],[-80.82559100013118,33.78634400018376],[-80.82474000001142,33.7868610002808],[-80.82369399989796,33.787129000369156],[-80.82254499985231,33.78700299986937],[-80.82205399958265,33.78631499979559],[-80.82210299998646,33.78570899970969],[-80.82246899968433,33.784813999970225],[-80.82256999996667,33.78456700030384],[-80.8232119998491,33.78353599985858],[-80.82378699978437,33.78261099991126],[-80.82410999982454,33.782212000285135],[-80.82445100030641,33.78178999990233],[-80.82537400039622,33.780941999802685],[-80.82577500025423,33.780542000095785],[-80.82612500005858,33.7801929998092],[-80.82713000016416,33.77963399995791],[-80.82854899964822,33.77912800019916],[-80.82919800010163,33.77827299979496],[-80.82925900020099,33.77819300019816],[-80.82919800010163,33.777977999744934],[-80.82907099988003,33.777532000306785],[-80.82894399965842,33.77708600003981],[-80.82893600016081,33.77705899987547],[-80.82886900021366,33.77699800008121],[-80.8285639997168,33.77672400000438],[-80.8282599999432,33.77644999979778],[-80.82798899978154,33.776206000118776],[-80.82503999958706,33.77471000004072],[-80.82470800022436,33.7746259999924],[-80.82323100011567,33.77425199963113],[-80.82190299996991,33.774385999720664],[-80.82126299973731,33.774826999917344],[-80.8191630000128,33.7762760003671],[-80.81812299974712,33.777794999955034],[-80.8177419999806,33.77881500011662],[-80.81750400032924,33.77976099988104],[-80.81745900012338,33.77980299963783],[-80.81659999960769,33.78061700013646],[-80.81568999993667,33.781069000026385],[-80.8138630000236,33.78062700008713],[-80.8118200002005,33.77994199964603],[-80.81124899956487,33.77975000004801],[-80.81112399989141,33.7796789998699],[-80.81049200005472,33.779321000231036],[-80.80983900030165,33.778743999910176],[-80.80953600035296,33.77847599971515],[-80.80950399966758,33.778413999639724],[-80.80892299988454,33.777280000002655],[-80.80856600040748,33.77583100010803],[-80.8082369996212,33.774963000275164],[-80.80813500041225,33.774844999999054],[-80.8079699996575,33.774652000336175],[-80.80794600026638,33.774625000151325],[-80.80780399997614,33.774460000081504],[-80.80759100043913,33.77421099998538],[-80.80617600025472,33.77405999997339],[-80.80509599980608,33.77400299967714],[-80.80400200001205,33.77389100016361],[-80.80159199976781,33.77319100026011],[-80.80137000000997,33.77312599977084],[-80.80063400041622,33.77255299974616],[-80.7996960002578,33.771819999801934],[-80.79788900043623,33.77070000015659],[-80.79582999982127,33.77021900020146],[-80.79335400035309,33.76952500031733],[-80.79113900010255,33.769575999712515],[-80.79034800025721,33.769594000150754],[-80.7885039997274,33.76960000029595],[-80.78782400021015,33.769602000095375],[-80.78609000018352,33.769691999980935],[-80.78430400027835,33.76942599964763],[-80.784026000444,33.76931599993097],[-80.78296799973668,33.76889899977716],[-80.782808999728,33.76870199977403],[-80.78236000018944,33.76814600011235],[-80.78232300037952,33.76803399966332],[-80.7822029998306,33.76767100028909],[-80.78208300018,33.767308000123954],[-80.78205999971547,33.76724600018063],[-80.7821609999978,33.76616399970496],[-80.78234000009796,33.76595200025561],[-80.78266399996306,33.765567999903745],[-80.78298799982815,33.765185000022754],[-80.78300600026982,33.765164000297624],[-80.78304999975245,33.76513800006179],[-80.78462200029567,33.764213000097],[-80.7852440000866,33.763759000205425],[-80.78552899959364,33.76355099991565],[-80.78614399971188,33.762722000369834],[-80.78585500000689,33.76193399983895],[-80.78485999994706,33.76100799964794],[-80.7833150000663,33.760797000142944],[-80.78282499962154,33.76075900004238],[-80.78220600020366,33.76071099989131],[-80.78123600025818,33.76090500033671],[-80.77934800024576,33.761713999701215],[-80.77872399990669,33.76241999991373],[-80.77836999990436,33.76281999984403],[-80.77768299981611,33.76457599992999],[-80.77764199980822,33.764681999928555],[-80.77733499966156,33.76510400020108],[-80.77632600025633,33.76649300017902],[-80.77463599971232,33.76841299985216],[-80.77343200031343,33.76998100006963],[-80.77282800006586,33.77101100025354],[-80.77177000025682,33.77190000012311],[-80.77068300013548,33.77205600031054],[-80.76912999985882,33.77192499992812],[-80.76832200029504,33.7715420000838],[-80.76794700037632,33.77136400012908],[-80.767733999941,33.770559000309724],[-80.76775900005536,33.76950200036054],[-80.76819199970039,33.76873200006152],[-80.76819099987549,33.76783599999164],[-80.76783500022333,33.76714599993661],[-80.7669740000578,33.766888000112395],[-80.76661900023055,33.7668509996571],[-80.76633700019825,33.76682100020465],[-80.76624299958861,33.76693599979114],[-80.76583400023301,33.76743900009755],[-80.76483999999809,33.76876300024796],[-80.76464599982931,33.7690090000291],[-80.76447199975206,33.76922900010939],[-80.76353100011889,33.77042099990137],[-80.76300899988708,33.77102300034512],[-80.76146099963329,33.772117999760475],[-80.76124100042357,33.77293499969057],[-80.7606310003282,33.77351300016444],[-80.75973099980462,33.77399699984027],[-80.75829100040417,33.77393399966083],[-80.75821799971092,33.773931000113336],[-80.75817199968017,33.77387500032781],[-80.75788799999803,33.77353199962935],[-80.75760299959269,33.77318999965556],[-80.75751300007931,33.773082000009055],[-80.75721000013061,33.77194000025566],[-80.75688100024263,33.77009900032427],[-80.7568360000368,33.76984599991437],[-80.75626500029949,33.76810900020023],[-80.75627100014728,33.766835999932155],[-80.75627299979709,33.76566499991196],[-80.75618499993354,33.764818999915676],[-80.75555200027198,33.7643009997451],[-80.75451700002915,33.763995999730064],[-80.7533510002651,33.76399799966021],[-80.75332899962547,33.76400000033718],[-80.75296200010267,33.76405000006887],[-80.75221599956487,33.76415400004475],[-80.7511619999538,33.764615999747605],[-80.74989099970945,33.76460500021034],[-80.74981100024182,33.764604000252326],[-80.74878000019696,33.7637239998294],[-80.7480439997049,33.7623580001682],[-80.74757000005198,33.76184699999118],[-80.7474930000591,33.761764000019696],[-80.74746700011981,33.76173600026318],[-80.74733700042347,33.761742000211754],[-80.74718500008751,33.76174900015128],[-80.74703299975155,33.761756000090195],[-80.74681600001658,33.76176699999311],[-80.74660000010651,33.761777999894555],[-80.74653900000715,33.761778999885536],[-80.74649600034942,33.76181100033736],[-80.74582400032979,33.76230400025691],[-80.74515300013505,33.762797000328035],[-80.74499900014928,33.76291000013116],[-80.74497599968474,33.76309200037322],[-80.74493999969972,33.7633739997634],[-80.74490500043792,33.76365599971932],[-80.7448600002321,33.764013999846796],[-80.74513600041661,33.764311000106765],[-80.74537599971782,33.7645690002214],[-80.74561699974224,33.76482700030608],[-80.74610899983684,33.765354999777564],[-80.74778599996205,33.76602599968621],[-80.74811999987288,33.767684999945814],[-80.74816300042892,33.76780700005787],[-80.74833999998091,33.7683079999027],[-80.748515999708,33.76880999971435],[-80.74856799958654,33.76895800029644],[-80.7488100003342,33.76907800027802],[-80.74893800038072,33.76913999964261],[-80.74906600042723,33.76920199970905],[-80.74981100024182,33.769573000012514],[-80.75039700004774,33.769632000067716],[-80.75100899979293,33.770052999965905],[-80.75157399968246,33.77056399975218],[-80.75145599968167,33.77108999995431],[-80.75119700011389,33.77201199999925],[-80.75050900020072,33.772742000205206],[-80.75048400008636,33.77276900023676],[-80.75027800022205,33.77291199990239],[-80.74981100024182,33.7732349999659],[-80.74888300012913,33.774535000220546],[-80.74803299983425,33.77572700011698],[-80.74797500010793,33.77580800035061],[-80.74699500011671,33.77644700033844],[-80.74621599996696,33.776439000286246],[-80.74577800029904,33.77643399969326],[-80.7453389999079,33.77642899984663],[-80.74503400030936,33.776425999639855],[-80.74478099969106,33.776310000275075],[-80.74464400032203,33.776245999734364],[-80.7445079998796,33.776181000069585],[-80.74428799977156,33.776078000327566],[-80.74406799966353,33.775976000286974],[-80.74328199984107,33.77560999997609],[-80.7415870001725,33.773857999892336],[-80.74151000017962,33.77340699988894],[-80.74105200042021,33.770742999761815],[-80.7410020001915,33.77048700009195],[-80.74085200040366,33.76971499988673],[-80.74070300044075,33.768943000193545],[-80.74068400017417,33.76884199978113],[-80.74063300012055,33.76880999971435],[-80.73922399978393,33.767925000319316],[-80.73816099995204,33.767742999886096],[-80.7375679995751,33.7676420002995],[-80.73664200001056,33.767477000223465],[-80.7363349998639,33.76742199987856],[-80.73622100006108,33.76725199974351],[-80.73612999982448,33.7671159998407],[-80.73604000031112,33.76697899979173],[-80.73578199966995,33.76659099982183],[-80.73590100039395,33.765495000025304],[-80.73724999955779,33.76381199997955],[-80.73837500021229,33.76266699996044],[-80.73913099989751,33.76110500033624],[-80.7398759997121,33.76011500025736],[-80.74045700039345,33.75909099994125],[-80.74024499978303,33.75811200012564],[-80.73961799996923,33.75699600000938],[-80.73955500022004,33.756882999878215],[-80.73846399990074,33.75639100020169],[-80.7373769997794,33.75661700011835],[-80.73646299991042,33.757386000183644],[-80.73385900039573,33.75997800021938],[-80.73000499965478,33.760388999676486],[-80.72870699964625,33.76099899964781],[-80.72800399966447,33.76181900026172],[-80.7276959996929,33.76313999993775],[-80.7275979997836,33.76356200033501],[-80.72749999987431,33.76398300018277],[-80.72731499992638,33.76477900019281],[-80.72765800005806,33.76740600032829],[-80.72692499993904,33.768198000244375],[-80.72684700012124,33.768281999873984],[-80.72644000041545,33.76832599986052],[-80.72587399980272,33.76838799976916],[-80.72530700026336,33.76844899971985],[-80.72501699983512,33.76848000000867],[-80.7234729997793,33.76790000009395],[-80.72253700016903,33.767346000307946],[-80.72236300009173,33.76683500000017],[-80.72210100015091,33.766064999632825],[-80.72203800040172,33.765853999882076],[-80.7219589998607,33.76565099992524],[-80.72168600004923,33.76485399984457],[-80.72141400006267,33.764056999819914],[-80.72140700038997,33.76403699978297],[-80.72137200022988,33.764002000267226],[-80.72007099984829,33.76271799970305],[-80.71755900039511,33.76083200022063],[-80.71749800029573,33.76080800016887],[-80.71632300031085,33.76034600010359],[-80.71536800043398,33.76048500031237],[-80.71440199978817,33.76164000028155],[-80.71437099982603,33.76180800036555],[-80.7142079996194,33.76270899988248],[-80.7140450003111,33.763609999636266],[-80.71395499989941,33.76410299966305],[-80.71330700016922,33.766021999920454],[-80.71329100027567,33.76630100031006],[-80.71324400042003,33.76712599987382],[-80.71319699966604,33.76795099970957],[-80.71317599974964,33.76829999983727],[-80.71315599965817,33.768649999947854],[-80.7137220002709,33.77025599994923],[-80.71352800010214,33.77048999975995],[-80.7130879998861,33.77102400022823],[-80.71295800018976,33.77118099965171],[-80.71233600039884,33.7712330001821],[-80.7117289997782,33.77127499963968],[-80.71065300042582,33.77095199965438],[-80.70921200030216,33.770100000218164],[-80.70883900003324,33.769431999804596],[-80.70855000032824,33.76926800009182],[-80.70680299988283,33.76828099995893],[-80.70613699971096,33.76787300002162],[-80.70547100043743,33.76746499963527],[-80.70533400017007,33.76737900010032],[-80.7052529999792,33.767302999744736],[-80.70510200036647,33.767159999679095],[-80.70495099985541,33.76701800005142],[-80.7043859999659,33.7664859998802],[-80.70418400029953,33.765934999741624],[-80.70406600029875,33.76560899995139],[-80.70393999990205,33.76468000001438],[-80.70429599955422,33.76384600035284],[-80.70517799963613,33.76284999995024],[-80.70595900033403,33.761506999670374],[-80.70576599999019,33.760584000108764],[-80.70543399972917,33.75989399991878],[-80.7053860000486,33.75979500007235],[-80.70438299959285,33.75946199995338],[-80.7032739997302,33.75909400000822],[-80.70287299987221,33.75885600034697],[-80.7019930003384,33.75833399986177],[-80.7017949999717,33.75821699987064],[-80.7011129999063,33.75781299996939],[-80.70079200041425,33.75762300015243],[-80.7004719998488,33.7574329999144],[-80.69971299979052,33.756983000147244],[-80.6994430003521,33.756893999659596],[-80.69901200035686,33.7567520002007],[-80.69858100036166,33.75660999975972],[-80.6978380001969,33.75657400014707],[-80.69778399977021,33.75657099999191],[-80.69709500003214,33.756538999824485],[-80.6965719999754,33.7565140000121],[-80.69539399961745,33.756592000328716],[-80.69459799974926,33.75664500005331],[-80.69438699986206,33.75663600034196],[-80.69366299996389,33.75668900003935],[-80.69332099965713,33.75671499985076],[-80.69259299956099,33.756770000344986],[-80.69186500036315,33.756824000008315],[-80.69168700008792,33.75683699989455],[-80.69088000034905,33.75702499986699],[-80.68996800012991,33.757237999782554],[-80.68984799958099,33.75742200020218],[-80.68972700010549,33.75760600022692],[-80.6893680000803,33.75815500007233],[-80.68893600026016,33.75917500028189],[-80.68880900003853,33.75947600020418],[-80.68836799999757,33.76048300030025],[-80.68807599991952,33.760853000260425],[-80.68772699994008,33.76103699964192],[-80.68739899987702,33.76109200035045],[-80.68681100042126,33.76101699964713],[-80.6859829998677,33.76064199962702],[-80.68574299966818,33.76043900002106],[-80.68562999969028,33.76006799975655],[-80.68572199975179,33.759325999638136],[-80.68610199969338,33.758738000295],[-80.6863560001366,33.75851700014047],[-80.68684999988102,33.75808800005917],[-80.6874969997863,33.75745199995715],[-80.68756999958124,33.75727599995029],[-80.6876290000308,33.75708200025391],[-80.68761599961199,33.75683299969993],[-80.68721399992909,33.756503000181965],[-80.68681200024618,33.75617300014059],[-80.68659200013815,33.75599300026155],[-80.68319500023001,33.75871200035036],[-80.68128499957797,33.76024199998801],[-80.68101699978936,33.76045600013164],[-80.68074900000076,33.76067099974489],[-80.6803720004322,33.76097299964207],[-80.6792180003637,33.762512999821375],[-80.67753700004054,33.76298000004021],[-80.67510300040517,33.76198300004056],[-80.67417500029248,33.76258200007305],[-80.67394900033668,33.76272900022928],[-80.67372300038086,33.76287700011149],[-80.67320399962378,33.76321300032852],[-80.67298900043694,33.76454800034526],[-80.67293599983519,33.76487900021176],[-80.67288499978154,33.76494999996016],[-80.67179099998751,33.76647499983617],[-80.67069399982043,33.76695100024532],[-80.66974300014152,33.767363999721006],[-80.66801900016064,33.76753899999966],[-80.66731899965359,33.76786799967538],[-80.66703800034452,33.76800100012319],[-80.66675700013712,33.76813299970101],[-80.6662919998067,33.76835199987584],[-80.66551600002998,33.7689670002075],[-80.6653269998841,33.76911800023453],[-80.66514299976109,33.76926299982704],[-80.662370000192,33.771463000053075],[-80.65905100010167,33.772986000043],[-80.65827199995189,33.773078999685005],[-80.65513500033474,33.77345399979477],[-80.65468000005008,33.773508000147324],[-80.65442399995703,33.773373000322266],[-80.65372199980015,33.77300399976479],[-80.65301999964328,33.77263399999392],[-80.65286400000767,33.77255199988089],[-80.65282700019776,33.77246700009064],[-80.65243600038549,33.771570000370254],[-80.65204399985002,33.77067300021972],[-80.65174000007642,33.76997599984639],[-80.65277100012126,33.76830500015831],[-80.65368499999025,33.76776000004142],[-80.65407199960453,33.767529000014676],[-80.65445900011713,33.767298000112014],[-80.655013000136,33.76696799981097],[-80.6562580004411,33.76572099983589],[-80.65680599971385,33.76359899996989],[-80.65643300034327,33.761580999951654],[-80.65641800027466,33.7615009997053],[-80.65640300020605,33.761421000131115],[-80.6563990000081,33.7613980002397],[-80.6560550000515,33.76117500022579],[-80.65593200002785,33.76109500034733],[-80.65580900000421,33.761014999647365],[-80.6551110000453,33.76056199999794],[-80.65104399976732,33.75850799987879],[-80.64953800024465,33.7577479997649],[-80.64887500044583,33.75687799963764],[-80.64819400020534,33.75597700007142],[-80.64734100043574,33.75434800033095],[-80.64726500026777,33.75420300015143],[-80.64688600015107,33.75394400012191],[-80.64662900023312,33.75376700029762],[-80.64637300014007,33.75359100019441],[-80.6457980002048,33.75319600022619],[-80.64558399994458,33.75312699988806],[-80.64533299987441,33.753045999874956],[-80.64523900016309,33.753016000072],[-80.64508299962915,33.752964999785334],[-80.64501700040522,33.752942999959835],[-80.64456100029565,33.752795000104435],[-80.64421099959297,33.752681999664375],[-80.64414799984378,33.75266199996096],[-80.64295299976739,33.75246700018062],[-80.64241200016731,33.752379000333725],[-80.64173099992684,33.75226899965116],[-80.64098799976209,33.751809000088684],[-80.64056799963753,33.75154900018614],[-80.64050700043646,33.751207999986434],[-80.6405030002385,33.75117999976959],[-80.6403059996967,33.75075199969194],[-80.6400110001439,33.74994000031179],[-80.64027300008475,33.749143999939136],[-80.64044700016201,33.74862099993026],[-80.64055500011703,33.748013999729594],[-80.6404120000019,33.74754800030134],[-80.64017400035053,33.747409000031254],[-80.63904299984826,33.74674800021535],[-80.6379120002443,33.74608600035939],[-80.63602900025475,33.74519800033391],[-80.63414500044028,33.74430899988295],[-80.6340049997999,33.74424200025446],[-80.63386500005782,33.74417499982666],[-80.63278499960916,33.743667000187],[-80.63187699958796,33.74350200027426],[-80.6314149996306,33.74352599994175],[-80.63061700011258,33.743567000074066],[-80.62948499978539,33.743883000272035],[-80.62925800000468,33.743943000282165],[-80.62816599986046,33.74423400018382],[-80.62648799991034,33.74468099981153],[-80.62480900013529,33.74512800009736],[-80.62361900008177,33.74542799985506],[-80.62275200006846,33.74564699977745],[-80.621966000246,33.745481999939024],[-80.62088900017041,33.74497799982501],[-80.62037500033449,33.74437200017712],[-80.62023100039445,33.74420199989383],[-80.62012300043943,33.74396500017572],[-80.62005399994413,33.74336899990983],[-80.62010699964758,33.743237000293426],[-80.62008699955611,33.74324000016815],[-80.61998399962394,33.743249999998696],[-80.61982999963816,33.74326699978266],[-80.61967499982745,33.74328199989687],[-80.61957299972022,33.74329299992914],[-80.61949800027544,33.74329999988104],[-80.61938600012246,33.74331200011736],[-80.61927399996945,33.743323000145836],[-80.61920000034961,33.743331000301396],[-80.61902200007438,33.74334999973422],[-80.61887099956333,33.743447000232834],[-80.61865800002631,33.74358499999841],[-80.61857500018563,33.7439880002622],[-80.61864100030789,33.74439100012633],[-80.61865200017854,33.74445799963841],[-80.618784000423,33.74471699993585],[-80.61895799960197,33.745061000361694],[-80.61901100020374,33.7451640000341],[-80.61891900014221,33.74571499998061],[-80.61911900015876,33.74615699998718],[-80.61925700025103,33.746459999642255],[-80.61927899999233,33.74650899972507],[-80.6193250000231,33.74660900014251],[-80.61985300010268,33.746903999873],[-80.61999799986764,33.74721000035941],[-80.62015900042444,33.74754800030134],[-80.62012699973909,33.74788400009892],[-80.61971699966026,33.74832299968693],[-80.61943399980304,33.74855799976967],[-80.61882899973052,33.74862300021916],[-80.6179609998923,33.748495000309696],[-80.617903000166,33.74848699988883],[-80.61693400004542,33.74825899990563],[-80.61689700023551,33.748250000060956],[-80.61622400039094,33.747911999898115],[-80.61546699998249,33.74753300018634],[-80.61464900037299,33.74757700036692],[-80.61420599978388,33.74812600019568],[-80.61418099966951,33.74815799976848],[-80.61419499991321,33.74861399966576],[-80.61431499956382,33.74888300003067],[-80.61443500011273,33.74897699982595],[-80.61479499996284,33.74926000022447],[-80.61491499961345,33.74935499974238],[-80.61500099982717,33.74941099986494],[-80.61512600039894,33.74949399984591],[-80.61525899957003,33.749581999666006],[-80.61534599960865,33.749638999772905],[-80.61543099999747,33.74969499970994],[-80.6156789996946,33.749859999658746],[-80.61568299989256,33.74987000021128],[-80.61572200025061,33.74996499980035],[-80.615735999596,33.75000300020398],[-80.61575800023562,33.75006100015872],[-80.61577900015203,33.75011799994722],[-80.61579400022063,33.750156999662735],[-80.61585199994695,33.750287999707254],[-80.61593999981051,33.75048500020702],[-80.61602600002423,33.75068100013382],[-80.61608499957546,33.750813000243625],[-80.61609799999425,33.75084400018901],[-80.61611999973556,33.75089199988964],[-80.61613999982704,33.75093800007541],[-80.61615499989566,33.75097000009267],[-80.61613200032944,33.75097200032678],[-80.61606399965906,33.75097999976882],[-80.61604199991775,33.75098300011964],[-80.61573200029636,33.75101799972272],[-80.61522500013317,33.75107799996942],[-80.61480300035876,33.751037999809654],[-80.61449299983906,33.75101000028421],[-80.61429000034778,33.75099100030758],[-80.61398599967586,33.75096300001987],[-80.61368100007732,33.75093400035252],[-80.61347900041095,33.75091599972982],[-80.61295800000406,33.75086800004268],[-80.61250000024465,33.75102399967458],[-80.61109900030397,33.75150399969208],[-80.60991000007535,33.75248200017947],[-80.60986999989238,33.7525159998186],[-80.60938500036882,33.75333800034679],[-80.60936299972919,33.7533770000915],[-80.60930199962982,33.75348100031994],[-80.60900000040434,33.75409900005188],[-80.60900799990195,33.75411599992598],[-80.60924100042877,33.75459499973736],[-80.60971500008168,33.75484600021337],[-80.6107579998221,33.75466499971487],[-80.61122499980235,33.754517999920125],[-80.61127300038123,33.75450300027748],[-80.61170199982831,33.75481500022112],[-80.61174899968397,33.7551030003678],[-80.61180599958539,33.75544700020868],[-80.61076600021802,33.75602399982783],[-80.60884499969532,33.75709300000975],[-80.60797900040524,33.757337999637464],[-80.60646700013646,33.757426999664155],[-80.60563799975796,33.757476000201684],[-80.60511899989922,33.757887999741875],[-80.60508700011216,33.7579170000446],[-80.60499400022573,33.75836800016758],[-80.60497099976119,33.758483999923186],[-80.60563100008528,33.75884800014605],[-80.60613099967748,33.75894200021922],[-80.60658400031234,33.75902699998211],[-80.60664200003863,33.759040000281075],[-80.60666299995503,33.759040000281075],[-80.60690599962928,33.759045999671564],[-80.60698699982012,33.75904899974005],[-80.60721399960086,33.75905499987676],[-80.6073080002105,33.75905799994494],[-80.60776199977194,33.75943500020996],[-80.6078220000464,33.75948500036423],[-80.6078990000393,33.759614000313945],[-80.60794699971987,33.759694000080955],[-80.60802000041312,33.759816000366165],[-80.60809099965992,33.759935999705945],[-80.60814000006373,33.760016999930876],[-80.60818799974429,33.7600980000792],[-80.60826200026246,33.76021999978936],[-80.60833400023247,33.76034200007276],[-80.60838299973797,33.760423999920775],[-80.6084699997766,33.760580000089035],[-80.608602999846,33.76079000012565],[-80.60868300021193,33.760927000359494],[-80.60877600009836,33.76160599977997],[-80.60880600023559,33.76177099995744],[-80.60883700019772,33.76193799979554],[-80.60819399959207,33.762212000108434],[-80.60769900002275,33.76184100004991],[-80.60672400005441,33.76177099995744],[-80.60495400004275,33.76232099999752],[-80.60369899969194,33.762712999802844],[-80.60361000000347,33.76279900028616],[-80.6033449996896,33.76305599974872],[-80.60341400018488,33.763409000282415],[-80.60346799971325,33.76367899975161],[-80.60386199989856,33.76377399972212],[-80.60529799999934,33.763988000008894],[-80.6053239999386,33.764035999818375],[-80.6056250002375,33.76459000009233],[-80.60563600010815,33.76468799967095],[-80.60565700002454,33.76488899975916],[-80.60572200032188,33.76549200018243],[-80.60573900004032,33.76564999997942],[-80.60574200041336,33.7656939998238],[-80.6057809998731,33.76609699997795],[-80.60582799972877,33.76657999979132],[-80.60617300040857,33.767221999684644],[-80.60627499961753,33.76741000002944],[-80.60613700042357,33.7675429996946],[-80.60597400021695,33.76769900034699],[-80.60591099956945,33.76776000004142],[-80.60534200038028,33.76790900011619],[-80.60512399992207,33.76796699990486],[-80.60491899988266,33.76768400002375],[-80.60480400025494,33.76752600024301],[-80.60430499958933,33.766838999728044],[-80.60427700000024,33.766800000133614],[-80.60398099972423,33.76684999972531],[-80.60367000027792,33.76690399975937],[-80.60324799960523,33.76697899979173],[-80.60276100043183,33.767149999649895],[-80.6024640003309,33.76725500027155],[-80.602303999599,33.7673099999768],[-80.6020120004193,33.76741399973041],[-80.60190299974103,33.76757600015788],[-80.60180900002968,33.76771599976424],[-80.60160399999027,33.76802199989991],[-80.60155200011174,33.768724000035675],[-80.60167299958725,33.76888999985891],[-80.60207900036644,33.769450000273075],[-80.60277499977721,33.76991999971608],[-80.60340400013914,33.77037299993448],[-80.60456800025337,33.770705000337514],[-80.60486500035431,33.77081999993875],[-80.60534499985502,33.77100600009041],[-80.60569600038261,33.7713589999866],[-80.60569100035973,33.771626000168965],[-80.60568999963651,33.77166200018019],[-80.60567899976586,33.77176599987893],[-80.6056469999788,33.77178200010854],[-80.60560699979582,33.77180099995732],[-80.6055480002446,33.77183000003283],[-80.60548899979506,33.77185900009849],[-80.60545000033531,33.77187899980331],[-80.60531899991574,33.77194200000048],[-80.60517999999857,33.77201100012766],[-80.60479000001123,33.77220200002762],[-80.60438699960511,33.77243700036418],[-80.60412800003732,33.772589000114635],[-80.60375300011862,33.7728089999636],[-80.60369799986702,33.77286499969922],[-80.60294399983161,33.77363699989758],[-80.60273399976933,33.774045999864846],[-80.60260300024807,33.77430299994624],[-80.60245500011007,33.77447300027953],[-80.60216700022998,33.77480499972936],[-80.60177700024263,33.77502499986156],[-80.6014430003318,33.77521499992831],[-80.59981200023732,33.775579999856774],[-80.59923800012697,33.77577900012826],[-80.5987900004133,33.77593599979867],[-80.59853500014519,33.776260000230074],[-80.5983590004181,33.77648699984144],[-80.59807499983765,33.77685499976894],[-80.59788400004193,33.77720299965818],[-80.59774599994968,33.777455999996825],[-80.59773500007901,33.777474000272825],[-80.59771499998755,33.77751199968158],[-80.5977190001855,33.77752999994583],[-80.59772500003328,33.77754999982012],[-80.5977900003306,33.77780699984308],[-80.59788499986685,33.77817699967251],[-80.59802700015707,33.77856699978065],[-80.59811900021859,33.77881699970096],[-80.59818799981555,33.77900499999068],[-80.59852400027454,33.77952099980913],[-80.59887300025399,33.7800559997637],[-80.59975100013796,33.781626999712635],[-80.59975699998573,33.781635000026895],[-80.60023499983663,33.782297999863964],[-80.60053199993754,33.78271000027729],[-80.60066400018204,33.78289200027455],[-80.60145900022532,33.78377599987933],[-80.60153700004312,33.78385699996783],[-80.60189100004546,33.78422300013159],[-80.60251100018657,33.78486499996976],[-80.60283699970148,33.78518600032386],[-80.60297599961866,33.78532299962948],[-80.60303300041838,33.78585599975862],[-80.60278300017312,33.78629699988442],[-80.60244900026228,33.78656699964811],[-80.60175999962588,33.78666300007236],[-80.60140599962355,33.78648000017394],[-80.60101900000927,33.78601400007832],[-80.60063499986971,33.78544799990008],[-80.60045499994466,33.7851829996772],[-80.5997600003588,33.78460699974802],[-80.5996339999621,33.784609999668234],[-80.5992409996017,33.7846179997039],[-80.59839700005293,33.7846369996922],[-80.59808800025644,33.78476099974817],[-80.59772400020836,33.78490899965221],[-80.59748999985665,33.78500300025549],[-80.59691400009648,33.78548400007559],[-80.59676299958541,33.785611000283524],[-80.59672499995058,33.785648000102924],[-80.59636900029841,33.78618299986131],[-80.59620500026689,33.78643099979612],[-80.59625399977239,33.78738399988899],[-80.59676000011068,33.787831999659936],[-80.59702399970132,33.78806500030408],[-80.5972410003346,33.78824200021586],[-80.59724999965712,33.78824900023017],[-80.59734500009168,33.788322999813],[-80.59751900016896,33.78845899964639],[-80.59766099956086,33.788457999966774],[-80.5977829997596,33.788457999966774],[-80.59823600039444,33.78844699975763],[-80.59896399959226,33.78843099965444],[-80.59959499960405,33.788457000287224],[-80.60004800023889,33.78847600017034],[-80.60006999998019,33.78847600017034],[-80.60008699969862,33.78847699984968],[-80.60014000030039,33.788479999634326],[-80.60015799984373,33.78848100006026],[-80.60022800016394,33.78847499974433],[-80.60033399957082,33.7884679997485],[-80.60043800022622,33.788460000072575],[-80.60050900037133,33.788455000181365],[-80.60072799975615,33.78843799965329],[-80.60126199968352,33.7883990001857],[-80.60131799976,33.78850999971487],[-80.60141800021744,33.7887069997087],[-80.60143300028606,33.78873699970965],[-80.60145599985228,33.78878200006473],[-80.60147900031681,33.78882699964957],[-80.60149500021033,33.78885700035508],[-80.60152600017247,33.78891900033644],[-80.60159700031758,33.78905799973417],[-80.60155700013462,33.78909599997606],[-80.6015069999059,33.789145000321966],[-80.6012669997064,33.78937400021085],[-80.60054899965598,33.79006399966477],[-80.60045400011974,33.79015599976906],[-80.60042499980742,33.79035299970864],[-80.60038299997463,33.79062900028652],[-80.60033199992101,33.7909699996636],[-80.60044700044706,33.79144900027132],[-80.60051299967097,33.791721000243314],[-80.60052299971672,33.79176399974808],[-80.6005289995645,33.79178899972796],[-80.60063099967175,33.79182500022376],[-80.60067400022777,33.79184099969271],[-80.6010840003066,33.79198900005116],[-80.60170000024974,33.792211000109155],[-80.60231500036798,33.792433000338],[-80.60272600027172,33.792580999673056],[-80.60290899967151,33.792644999951904],[-80.60293399978586,33.792654000360564],[-80.60314100037343,33.79272799986908],[-80.60337599965176,33.79285400015615],[-80.60343900029926,33.79288699982741],[-80.60361099982839,33.79297899988441],[-80.60366199988201,33.79300699988215],[-80.60376200033944,33.79306200022427],[-80.60375300011862,33.79312499977192],[-80.6037460004459,33.7931840000291],[-80.60372899982914,33.79330500003711],[-80.60370600026293,33.79348699991212],[-80.6036819999735,33.79366799978144],[-80.60366600007997,33.793790000215786],[-80.60366299970693,33.7938100000256],[-80.60366000023218,33.793835999771396],[-80.60362500007209,33.79384199971162],[-80.60360499998059,33.793845999671554],[-80.60358200041438,33.793849999631234],[-80.60351399974401,33.79386299987235],[-80.60349200000269,33.793868000194244],[-80.60283699970148,33.79399000034355],[-80.60230100012429,33.79409100021933],[-80.60173100021188,33.79456799982586],[-80.60173700005967,33.79527699983867],[-80.60174299990746,33.79594300032772],[-80.60174499955728,33.79624999999764],[-80.60175299995319,33.79717200019065],[-80.60175499960302,33.797329999784026],[-80.60170899957227,33.79747199992567],[-80.60159999979233,33.79781200009608],[-80.60138300005734,33.79804799990336],[-80.6003450003398,33.79918300028686],[-80.6005289995645,33.79964600022919],[-80.60094100019145,33.79986200032087],[-80.60115200007867,33.79988200020504],[-80.60139499975291,33.799908999891905],[-80.60196999968818,33.79986700029234],[-80.60214999961323,33.799854999763134],[-80.60291000039473,33.79994999992551],[-80.60341300035998,33.800043000147284],[-80.6041890001367,33.80044100000307],[-80.60424900041116,33.800562999742034],[-80.60461299956091,33.801300999912954],[-80.60465399956878,33.801384999923535],[-80.60472899991187,33.801665999883866],[-80.6048519999355,33.80212200020442],[-80.60506500037086,33.80277200002328],[-80.60518599984636,33.803139000201355],[-80.60526299983925,33.80337200024001],[-80.60535999992362,33.80356999987353],[-80.6057089999031,33.80428300018379],[-80.60538099984002,33.80474600015404],[-80.60534499985502,33.80476099995806],[-80.60491899988266,33.804951999969184],[-80.60483500021708,33.804988999640656],[-80.60474399998049,33.804986999921056],[-80.60428399967294,33.804981000015665],[-80.60420099983226,33.80495600015634],[-80.60402599993007,33.80490599966936],[-80.60359900013282,33.80478199967921],[-80.60334800006265,33.80470999986733],[-80.60267000019522,33.80451400036277],[-80.60257399993576,33.804485999650474],[-80.6024779996763,33.80445799967547],[-80.60231799984273,33.80441100036324],[-80.60218499977333,33.80437199996147],[-80.60189199987038,33.8042869996558],[-80.60100999978845,33.80403100022735],[-80.59878299984231,33.803384999781365],[-80.598472000396,33.80347699975213],[-80.59842299999218,33.80357700012745],[-80.5981490003558,33.80414299988489],[-80.59825999978558,33.80441000012346],[-80.59828800027299,33.804476000246964],[-80.59930900027209,33.80521799969253],[-80.60208299966608,33.807235000071024],[-80.60229500027651,33.80777000002679],[-80.60238700033801,33.80799900010027],[-80.6025770003088,33.809071000171905],[-80.6026340002102,33.80939700023885],[-80.60280499991444,33.81035500003323],[-80.60281400013525,33.81037300011058],[-80.60296300009817,33.810670000093495],[-80.60297200031901,33.81068800010457],[-80.60300099973301,33.81074600003153],[-80.60309399961943,33.8109320000468],[-80.60314399984814,33.81093700011786],[-80.60323000006187,33.8109479996761],[-80.60350000039861,33.8109790002555],[-80.60379800032445,33.811015000143826],[-80.60431399981016,33.81099600003877],[-80.60458599979674,33.81098700006613],[-80.60462199978176,33.810985999903224],[-80.6046400002234,33.810985999903224],[-80.60470299997259,33.8109159996681],[-80.60472800008695,33.810888999722046],[-80.60479800040716,33.810811000327604],[-80.60483900041504,33.81075600019512],[-80.6051540000593,33.81034300022839],[-80.6052589996413,33.81020599991108],[-80.605681000314,33.80965099967733],[-80.60641600008283,33.80868599962874],[-80.60696500007883,33.80881500012782],[-80.6069910000181,33.809128999702246],[-80.60704899974442,33.80982399978003],[-80.6070549995922,33.80988799985451],[-80.60707100038402,33.81008499991151],[-80.60710599964582,33.81050399989589],[-80.6073009996395,33.81081400007598],[-80.60744100027989,33.81103699998517],[-80.6074639998461,33.8110729998491],[-80.60749099961029,33.81111600008137],[-80.60757000015133,33.81111200018215],[-80.60761399963394,33.81110999985929],[-80.60792300032874,33.811094999675525],[-80.60853599989885,33.811066000208434],[-80.60872400021982,33.8108420002103],[-80.60873599991538,33.8108209997372],[-80.60889599974897,33.81055599968666],[-80.6089839996125,33.810409999677105],[-80.60908900009281,33.81001700003404],[-80.60914099997133,33.809823000349944],[-80.6096590000052,33.809514999924865],[-80.61030400026067,33.809709999738736],[-80.61031599995623,33.809963000312344],[-80.61034500026854,33.810539999984094],[-80.61034699991836,33.81059599967652],[-80.61035199994124,33.810681999852484],[-80.6103560001392,33.81076699977663],[-80.61035899961392,33.81082499965002],[-80.61048500001061,33.81108400013619],[-80.61075899964702,33.81164600037065],[-80.61091900037889,33.811828000056245],[-80.61111000017459,33.81204500015135],[-80.61112000022035,33.81205699971753],[-80.6111520000074,33.81209299989857],[-80.61116299987805,33.812106000354184],[-80.61116899972583,33.81211199976],[-80.61126099978733,33.81221600034076],[-80.61139999970452,33.81237399977542],[-80.61153699997186,33.81253100026617],[-80.61162999985828,33.8126359997348],[-80.61169599998053,33.81267799978471],[-80.61189699982197,33.81280499995238],[-80.61196399976912,33.812848000060406],[-80.61206900024943,33.81291399964617],[-80.6123839998937,33.81311299972863],[-80.6124900001989,33.813179999993544],[-80.61252799983373,33.81320400029846],[-80.61258599956005,33.813241000133374],[-80.6126440001847,33.81327799995229],[-80.61268299964445,33.81330300036554],[-80.61275999963733,33.813352000288496],[-80.61287599998829,33.81342499967991],[-80.61299300016415,33.81349899988896],[-80.61307099998196,33.813547999699644],[-80.61323500001349,33.813652000027396],[-80.61327099999849,33.81366400011448],[-80.6139339997973,33.81388800018721],[-80.61415499973025,33.81396300012379],[-80.61483000012294,33.81419099991538],[-80.61567600021986,33.81451400025919],[-80.61552800008187,33.814888000154866],[-80.61538900016468,33.815135999770696],[-80.61525500027038,33.815378000237565],[-80.61507600017023,33.816009999733055],[-80.61528600023252,33.81630500009554],[-80.61564899955738,33.81674700017651],[-80.61601199978053,33.81718900021243],[-80.61682000024261,33.81859700017831],[-80.61739299962976,33.82031500018023],[-80.61744899970624,33.82108600013427],[-80.6172560002607,33.82127300009791],[-80.61691099958088,33.821610999653146],[-80.61639500009517,33.8222720002637],[-80.61613300015435,33.8227780002377],[-80.61626700004864,33.82316900016826],[-80.61628999961486,33.82323700003859],[-80.61632499977497,33.82333899974269],[-80.61635999993507,33.823441000071426],[-80.61638400022451,33.82350899972545],[-80.61654099968504,33.82396700006921],[-80.61662799972368,33.82422200028266],[-80.61677400021186,33.825136999837035],[-80.61673700040193,33.82539400028153],[-80.61667399975443,33.82583799963603],[-80.61666999955646,33.82587499997566],[-80.61666799990665,33.825886999840314],[-80.6166510001882,33.82605699998125],[-80.61662600007385,33.826321999768204],[-80.61670100041692,33.82655800004165],[-80.61675400012037,33.82672199972154],[-80.61677500003675,33.826786999817095],[-80.61680799964874,33.826888999764],[-80.61689499968736,33.82693300023031],[-80.61695699961165,33.82696400023998],[-80.61712300019131,33.82704799968007],[-80.61737400026149,33.82717500015155],[-80.61762399960843,33.827301999688125],[-80.617791000013,33.82738700025974],[-80.61839199988754,33.82769099989181],[-80.61920299982435,33.82810199974765],[-80.61956299967446,33.82848700020979],[-80.61981899976749,33.829014999666036],[-80.61992599989762,33.82923400008219],[-80.62005999979193,33.829644000038],[-80.62009400012711,33.829747000251146],[-80.62014500018074,33.829903000250766],[-80.62019600023436,33.83005800002578],[-80.62022999967124,33.830161999678815],[-80.62028099972486,33.830319000350414],[-80.62030900021227,33.830402000289496],[-80.62029499996856,33.83081099993621],[-80.6202899999457,33.83097700027089],[-80.62028800029587,33.83103200008596],[-80.61963499964448,33.83126500026662],[-80.61923899980935,33.83133899996373],[-80.61840199993328,33.831497999812214],[-80.61758400032376,33.831785000371696],[-80.61698500009905,33.83222199996838],[-80.61669499967081,33.832734000207296],[-80.61650899989799,33.83309099965379],[-80.61635300026238,33.83339100029314],[-80.61612099956048,33.83417000012105],[-80.61610100036731,33.834237000305365],[-80.61607299987989,33.83433200034301],[-80.6161230001086,33.834429999941314],[-80.61615599972058,33.83449300036992],[-80.61636099975999,33.83490199984401],[-80.61638099985147,33.834941999640094],[-80.61673800022685,33.83546400026207],[-80.6172760003522,33.835681000078615],[-80.6173890003301,33.835712999774586],[-80.61783000037104,33.83583900018641],[-80.61814199964228,33.835927999962706],[-80.61818400037339,33.83594099977975],[-80.6185650001399,33.83606299963088],[-80.619001000158,33.83650499981064],[-80.61898899956411,33.83659100004931],[-80.61894099988353,33.83695700002777],[-80.61889900005075,33.83727099999965],[-80.61886399989065,33.837387000320085],[-80.61864100030789,33.83813899999367],[-80.61876599998133,33.838655999801674],[-80.6188470001722,33.83898999994138],[-80.6189020004238,33.83906799975031],[-80.61893599986065,33.83911599999908],[-80.61898799973919,33.83918799994862],[-80.61903899979282,33.839259999837495],[-80.61907399995293,33.83930799997843],[-80.61962200012401,33.839421000281476],[-80.61976799971389,33.83942399977246],[-80.62031800043312,33.83943900021029],[-80.62120800001263,33.83944300027687],[-80.6218819996821,33.83950199993138],[-80.62207699967577,33.83951999984315],[-80.62237999962448,33.839880000266916],[-80.62239600041632,33.839916999752],[-80.62251699989183,33.84019700015549],[-80.62278800005348,33.84082200031832],[-80.62289500018359,33.841031999788754],[-80.6230349999257,33.8413040003112],[-80.62305500001716,33.841344000095575],[-80.62306699971273,33.84136700014962],[-80.62317100036812,33.84139800014779],[-80.62321499985075,33.84141199968599],[-80.62330799973715,33.84144000024776],[-80.62344900020247,33.84148200032709],[-80.62358899994456,33.841523999639634],[-80.6236829996559,33.841552999970084],[-80.62398200030495,33.84152500019147],[-80.62480800031038,33.84144900000004],[-80.62488199993022,33.841456000138294],[-80.6251820004042,33.841486000298026],[-80.62597999992222,33.8415640000671],[-80.6266550003149,33.841630999678],[-80.62796699966884,33.84265999972047],[-80.6279569996231,33.842719999930154],[-80.62783399959943,33.84351299972524],[-80.62778699974379,33.84381100003772],[-80.62776900020043,33.84386400024485],[-80.62748700016813,33.844733999959104],[-80.62753200037396,33.84488700016613],[-80.62763600013105,33.84522999992723],[-80.62768499963653,33.84539899989046],[-80.62823299980761,33.84583900002338],[-80.62874499999369,33.84610399966299],[-80.62968499980194,33.846593000167985],[-80.63097100011491,33.8473549997657],[-80.63192500016685,33.84889599991702],[-80.63269199972275,33.85013400027541],[-80.63271400036237,33.850168999641475],[-80.63274799979924,33.85022399978875],[-80.63277999958629,33.850276999747905],[-80.63280300005084,33.850313000250424],[-80.63285999995225,33.85044999972363],[-80.63294600016596,33.85065700030795],[-80.6330320003797,33.850862999948184],[-80.63309000010601,33.85100099972626],[-80.63318700019039,33.851243999831595],[-80.633386000382,33.85173799993477],[-80.63343099968955,33.851988999886316],[-80.63347900026844,33.85224800027287],[-80.63348699976605,33.85230400025317],[-80.63350000018484,33.85239000025804],[-80.6335129997053,33.85247400007516],[-80.63352199992615,33.85253100033024],[-80.63354500039067,33.85267999980971],[-80.63352299975107,33.85267400026629],[-80.63302300015886,33.852534000107056],[-80.63285699957918,33.85248800003662],[-80.63283400001296,33.852481999733655],[-80.6327660002409,33.85246099978913],[-80.63275399964704,33.852458000009754],[-80.63274299977638,33.852458000009754],[-80.63255199998068,33.852450000349],[-80.63226900012344,33.852437999737326],[-80.63198100024337,33.85242399976767],[-80.63179100027256,33.852414999679375],[-80.631695999838,33.85241100022009],[-80.63157700001231,33.85240700001455],[-80.63145999983645,33.85252400035332],[-80.6313929998893,33.85259199999837],[-80.63116500028367,33.85281900005611],[-80.63093400030499,33.85305100010306],[-80.6306330000061,33.85361099970381],[-80.63048099967016,33.85389399972152],[-80.6303500001489,33.854138999865235],[-80.63035900036972,33.85439799970067],[-80.63037400043834,33.85477700018156],[-80.63081600030422,33.85580899970812],[-80.63081200010626,33.855921000184715],[-80.63079299983967,33.856459000280104],[-80.63078100014413,33.856771999827224],[-80.6307669999004,33.85719599964611],[-80.63042999961652,33.857587999900204],[-80.63022600030033,33.85782699996384],[-80.62981899969624,33.858300999647035],[-80.62891099967504,33.85936099976747],[-80.62864899973422,33.859761999842355],[-80.6283089999756,33.86028600018474],[-80.62827100034077,33.86034400003355],[-80.62823199998272,33.86038799968677],[-80.6279840002856,33.860680999918856],[-80.62790200026983,33.86077899988162],[-80.62759599994807,33.86113999981696],[-80.62682199982117,33.86111199974432],[-80.62666500036065,33.86106500024113],[-80.62605299971715,33.860881999865825],[-80.62480800031038,33.85945100000209],[-80.62377100041775,33.85949899998901],[-80.6233110001102,33.859774999763076],[-80.62325099983576,33.85988099973109],[-80.6229599995826,33.86040800033542],[-80.62296299995566,33.861216999969336],[-80.62296399978057,33.861232000310615],[-80.62307900030663,33.86151400011986],[-80.62344199963147,33.86240400003359],[-80.62348099998952,33.86249900008409],[-80.62357600042408,33.862695999757705],[-80.62364699967088,33.86284300029342],[-80.623753999801,33.8630639996534],[-80.62386099993113,33.86328499993315],[-80.62393299990114,33.863432999750124],[-80.6241129998262,33.8638069997067],[-80.62465599997441,33.86493099999934],[-80.62480800031038,33.865243999822596],[-80.62484599994521,33.86530099975984],[-80.6250280004184,33.865577000174035],[-80.62533200019202,33.86603500034111],[-80.62533200019202,33.866478999639654],[-80.62533200019202,33.86681100013963],[-80.62532899981896,33.867244000105394],[-80.62532600034424,33.868107999680525],[-80.62532299997119,33.8685460002119],[-80.62532100032135,33.868979999812645],[-80.62532100032135,33.86923799990785],[-80.62532200014628,33.869624999707554],[-80.62501699964943,33.86986899999768],[-80.62481499998307,33.87003099965838],[-80.62436700026942,33.870365000198376],[-80.62361800025688,33.870924000170106],[-80.62318100041387,33.87152199983379],[-80.62314100023089,33.8715790000545],[-80.62301599965912,33.87205200002492],[-80.62290500022935,33.872470999845106],[-80.62290100003138,33.87248800007919],[-80.62309199982708,33.87361300036681],[-80.62316799999506,33.87373399994548],[-80.62339999979868,33.87410199999532],[-80.62344699965432,33.874177000052],[-80.62351799979943,33.87429099989262],[-80.62358899994456,33.87440400016008],[-80.62363699962513,33.87448000011724],[-80.62393200007622,33.87494899977822],[-80.62406199977256,33.87515499974024],[-80.62413600029073,33.876171999890666],[-80.62392500040353,33.87651600019501],[-80.62384800041065,33.87664400037057],[-80.62366699976235,33.87699300020025],[-80.62366000008967,33.877004000208004],[-80.62363699962513,33.877047000089085],[-80.62360700038622,33.877108000143465],[-80.62356899985308,33.8771790000051],[-80.62354700011177,33.877222999931725],[-80.62349799970796,33.87723100025496],[-80.62344900020247,33.877241000098536],[-80.62334299989726,33.87725999964902],[-80.62303900012365,33.8773179998993],[-80.62288000011498,33.87734700000967],[-80.6227260001292,33.87737600011019],[-80.62257399979322,33.877365000150384],[-80.62225099975304,33.87738700006857],[-80.62213299975225,33.877381000023604],[-80.62177000042743,33.87733200026241],[-80.62155299979413,33.877321000296924],[-80.621493000418,33.877304999666634],[-80.62142700029574,33.877276999675075],[-80.62134799975472,33.8772609997823],[-80.6213250001885,33.87725900026161],[-80.62097200001108,33.87723399990983],[-80.62093299965301,33.87723899983161],[-80.62085400001031,33.8772609997823],[-80.62068900015387,33.87734400035876],[-80.6206359995521,33.87738800020031],[-80.6204449997564,33.877531000274466],[-80.62021499960262,33.87774000035341],[-80.62020200008216,33.87776700006579],[-80.62015500022648,33.877805999800955],[-80.61991800040002,33.87802599982824],[-80.61978000030776,33.87816300033499],[-80.61972099985822,33.878261999742264],[-80.61968800024624,33.87834500009095],[-80.61965499973599,33.87838900016213],[-80.61957600009325,33.878547999705006],[-80.61956299967446,33.878624999818065],[-80.61957600009325,33.878697000025575],[-80.61958899961373,33.87873000013141],[-80.61970099976674,33.87887300019418],[-80.61971500001043,33.87890000029389],[-80.61977399956166,33.87897700008927],[-80.61983300001121,33.87907600004379],[-80.61988599971464,33.87915299968042],[-80.62003800005061,33.879262999893086],[-80.62009699960184,33.87928999986939],[-80.62020299990705,33.87932899965433],[-80.62026200035659,33.87935600035551],[-80.62029499996856,33.87938399966491],[-80.62060499958997,33.879564999693685],[-80.62069099980368,33.879620000298004],[-80.62082899989595,33.87972400002849],[-80.62092900035337,33.87975799984116],[-80.62105300020193,33.87980099982612],[-80.62118500044642,33.8798279996322],[-80.62123800014986,33.87984499989241],[-80.6214030000063,33.87987800030014],[-80.62154799977125,33.87992200032667],[-80.6216990002823,33.879937999720525],[-80.62177799992503,33.879927000090966],[-80.62185099971995,33.8798939997022],[-80.6219169998422,33.879849999661225],[-80.62199600038323,33.879790000178915],[-80.6221279997294,33.87963599974843],[-80.62214699999598,33.879585999684544],[-80.62215299984376,33.87955999990817],[-80.62263200041787,33.87952700012326],[-80.62393299990114,33.87943800027822],[-80.62406900034358,33.8794640000917],[-80.62454200017159,33.879554000016036],[-80.62468500028672,33.87967400001611],[-80.62489600017393,33.879849999661225],[-80.6249920004334,33.87996699968627],[-80.62503099989313,33.88009800020607],[-80.62508500031981,33.88027800011401],[-80.62512399977955,33.880408000059965],[-80.62511499955872,33.88043599976999],[-80.62500300030405,33.880801999822275],[-80.62489100015105,33.88082400034596],[-80.62480499993733,33.8808419997532],[-80.62472999959427,33.88086200008452],[-80.62470000035533,33.8808700000666],[-80.62466000017237,33.88088199966537],[-80.62461300031671,33.88089500009893],[-80.62458400000438,33.880904000168435],[-80.62427699985773,33.88106400033414],[-80.62425799959117,33.88107399972861],[-80.62393399972605,33.88114900037008],[-80.62347000011887,33.881014000361226],[-80.62330699991224,33.88089500009893],[-80.62302800025299,33.880691000008966],[-80.6227329998019,33.88060999989279],[-80.6224879995795,33.88054399963081],[-80.62182700032882,33.88051599995623],[-80.62163900000785,33.880507999940974],[-80.62154500029652,33.8805759996738],[-80.62121300003551,33.88081300008483],[-80.62086400005605,33.8810630002455],[-80.62067400008526,33.88174699998422],[-80.62068699960572,33.88183100000583],[-80.62075199990306,33.88223399983852],[-80.62077700001743,33.882388000054654],[-80.62079299991093,33.8824859997085],[-80.62112900036992,33.882642000355936],[-80.62127199958674,33.88270899981023],[-80.62141700025,33.882775999957666],[-80.62176299985641,33.88293799972947],[-80.62184300022237,33.88299499978321],[-80.6219739997436,33.88308799990685],[-80.62212199988163,33.88319299994865],[-80.6223460001876,33.88335200023475],[-80.62256899977037,33.88351000016452],[-80.62271799973328,33.883615999745764],[-80.62283099971118,33.883695999933465],[-80.6231139995684,33.883890999797096],[-80.62362400010466,33.88424099986854],[-80.62403900020634,33.88496000025166],[-80.62421599975836,33.885267000220416],[-80.62427299965977,33.88538300023682],[-80.62428100005569,33.88539800006033],[-80.62430600017005,33.88550100016885],[-80.62444500008722,33.88588299989105],[-80.62480800031038,33.8868830001026],[-80.62510000038841,33.88732199974797],[-80.6253940001163,33.88776400014747],[-80.62540800036001,33.88778400034763],[-80.62586100009652,33.8887889998913],[-80.62588299983783,33.88890800032873],[-80.62601699973213,33.88963000011924],[-80.62613499973291,33.89040600014668],[-80.62609000042539,33.89104300014652],[-80.625873999617,33.892366000145756],[-80.6258309999593,33.89261100024112],[-80.62574800011862,33.89310099981171],[-80.6255630001707,33.89351099969363],[-80.62526699989469,33.89357299984975],[-80.62480800031038,33.8936680002541],[-80.62458599965422,33.89344599966195],[-80.62435499967552,33.89321399977585],[-80.62392700005334,33.892577000330796],[-80.62372399966377,33.89134100013558],[-80.62370000027265,33.89119100030127],[-80.62350299973085,33.89059299977133],[-80.62347199976868,33.890500000372136],[-80.62342599973793,33.890361000327374],[-80.62337999970717,33.890221000074746],[-80.62334999956995,33.89012900025239],[-80.62332799982865,33.89006399988034],[-80.62283300025932,33.8897059999379],[-80.62277800000774,33.88966599968859],[-80.62113600004261,33.88890900032543],[-80.62098399970664,33.88885499974082],[-80.6207340003597,33.88876699993007],[-80.62061399981079,33.888724999988426],[-80.6204949999851,33.888683000026056],[-80.62040799994647,33.88865100004088],[-80.6203400001744,33.88865200004059],[-80.62014799965547,33.888654000040006],[-80.61986200032352,33.888659000038274],[-80.61957500026834,33.888663000036736],[-80.61938500029754,33.88866600003544],[-80.6191500001209,33.888670000033535],[-80.61858400040647,33.88897500008215],[-80.61774599980714,33.88942800001688],[-80.61659599993662,33.89016800030265],[-80.61632200030024,33.89031499975836],[-80.61554999982316,33.890732000183725],[-80.61553399992964,33.89074099996121],[-80.61538300031691,33.89109400017844],[-80.61535499982949,33.891160999706216],[-80.61532999971514,33.891220000170485],[-80.61530399977586,33.89127999981719],[-80.61504500020811,33.891886999661224],[-80.6150660001245,33.89223199994811],[-80.61506799977433,33.892261000209075],[-80.61508600021598,33.892542999661295],[-80.61512300002592,33.892627000238086],[-80.61537900011895,33.89320800009827],[-80.6154040002333,33.89326400005538],[-80.61648399978364,33.89476300010104],[-80.61685700005253,33.895279000197085],[-80.61698199972601,33.89545299987243],[-80.6170300003049,33.89551899978497],[-80.61757599992784,33.89566000020652],[-80.61778500016521,33.89571500012793],[-80.61779699986079,33.89571799987859],[-80.6178329998458,33.89572699987561],[-80.61784600026459,33.89573100028822],[-80.6181850001983,33.895687000213044],[-80.61869400001133,33.89562300026653],[-80.61920199999943,33.89555800035321],[-80.61954199975806,33.89551500010803],[-80.61959000033697,33.895508999846705],[-80.61966499978172,33.8954799999445],[-80.61977899958451,33.89543699965997],[-80.61989199956244,33.89539300017878],[-80.61996799973042,33.89536500015813],[-80.62025300013578,33.89525599975067],[-80.62056299975717,33.89513899981491],[-80.62114799973818,33.89512999975589],[-80.62127999998265,33.89512799990832],[-80.62145400005993,33.895117000000305],[-80.62173400044243,33.89522300007185],[-80.62257399979322,33.89554200016052],[-80.62285500000063,33.89564900036713],[-80.62294500041233,33.895718999795484],[-80.62319700030739,33.89589599980875],[-80.62384800041065,33.89635599963332],[-80.62413600029073,33.896728000160074],[-80.6243949998585,33.89706199984776],[-80.6245489998443,33.897260000170114],[-80.62480800031038,33.89759400001097],[-80.6250779997488,33.89778800027342],[-80.62516099958948,33.897846999881345],[-80.62527100009265,33.897949999869965],[-80.62528500033635,33.89796299993933],[-80.62532700016915,33.89800300002555],[-80.62534200023775,33.89801699997673],[-80.62551499959181,33.89817999977191],[-80.62574399992064,33.89854499986654],[-80.62579800034734,33.89878800034403],[-80.62584799967773,33.89901200020758],[-80.62588200001294,33.899159999954406],[-80.62588799986071,33.8992219997317],[-80.62593499971636,33.89964499982327],[-80.62587100014228,33.89985500002524],[-80.62580900021798,33.900061000246275],[-80.62572499965408,33.90033799994358],[-80.62567000030081,33.90042900007571],[-80.62538200042073,33.90091000001299],[-80.62495999974803,33.90137499962965],[-80.62480800031038,33.90154400029869],[-80.62468699993654,33.90166099964798],[-80.62449500031593,33.90184999963417],[-80.62425599994133,33.9020869998413],[-80.62411700002416,33.90254000021628],[-80.62406099994766,33.90272499966075],[-80.62403800038145,33.902798000237894],[-80.62402199958959,33.90285200019564],[-80.62399800019847,33.903569999696565],[-80.62450700001149,33.90549699966614],[-80.6245289997528,33.90551599963353],[-80.62574399992064,33.906555999825734],[-80.62689399979119,33.907616999803906],[-80.62762799973511,33.90869099992016],[-80.62818400030211,33.909629999729596],[-80.62862299979496,33.91066899993675],[-80.62922100019475,33.91207100028376],[-80.62931900010405,33.91222800021707],[-80.62984600035873,33.913065000042536],[-80.63055199981525,33.91374299986021],[-80.63119000039804,33.914131999952694],[-80.63126099964482,33.91417499975426],[-80.63143399989717,33.91428099998732],[-80.63145700036172,33.91429699964529],[-80.6320330001219,33.914686999885305],[-80.6322249997425,33.91481800000702],[-80.63282599961705,33.91553899990095],[-80.63338100035914,33.91615799985018],[-80.63381800020214,33.91679800029528],[-80.63409299966344,33.91733300003627],[-80.6340680004474,33.917890000053085],[-80.63376299995056,33.91842899973987],[-80.63311299967222,33.91868399968975],[-80.63224900003196,33.919098000351084],[-80.63149099979859,33.919634000196154],[-80.63139999956199,33.91978300030098],[-80.63106800019929,33.920333999951],[-80.6307319997403,33.92105900010342],[-80.63076000022772,33.92138600033105],[-80.63077600012124,33.92157400020143],[-80.63078399961884,33.92165700014303],[-80.63109400013856,33.922030999801855],[-80.63121499961407,33.92217699987685],[-80.63126200036804,33.92223399979228],[-80.6315820000352,33.92258900001559],[-80.63183499975517,33.92286800024272],[-80.6325129996226,33.92360699992363],[-80.63258700014077,33.92387600020614],[-80.63271799966202,33.92435200037036],[-80.63269199972275,33.92440499976365],[-80.63263399999641,33.9245289998188],[-80.6325469999578,33.92471599988513],[-80.63245999991915,33.924900999646546],[-80.63240200019283,33.92502600004354],[-80.63236299983478,33.925109000348925],[-80.63162600041612,33.92540300001674],[-80.63072400024271,33.92573600033928],[-80.63052599987599,33.925854000331476],[-80.62985899987922,33.92625599977269],[-80.62911700043769,33.92703499975693],[-80.62814300029424,33.927835999645886],[-80.62738300041104,33.92842899991475],[-80.6266119997589,33.92921499979951],[-80.62620000003024,33.92989900012924],[-80.6262329996422,33.930149999745375],[-80.6262889997187,33.9305620000802],[-80.62698900022575,33.9310759998709],[-80.62772700036764,33.93136699982581],[-80.62812400002767,33.93152399998012],[-80.62867300002367,33.9317410000826],[-80.62930099966238,33.93203399972822],[-80.6296889999999,33.93221600003591],[-80.62985600040449,33.93229400036811],[-80.63007700033741,33.93239699972272],[-80.63022799995015,33.93266700005181],[-80.63031900018674,33.93282899968929],[-80.63038100011103,33.93294000020153],[-80.63038899960863,33.93297600011507],[-80.63050699960941,33.93345699971427],[-80.63054699979239,33.93361799986736],[-80.63055400036339,33.933647000209724],[-80.63056699988387,33.933699999781986],[-80.63054199976952,33.93372699966387],[-80.63052300040127,33.93375000016384],[-80.63032199966148,33.93398200003105],[-80.63022100027746,33.93400199982295],[-80.62981899969624,33.93408299990103],[-80.6290200003533,33.93391499987408],[-80.62862000032023,33.933830999736294],[-80.6285559998478,33.93381699970529],[-80.62793099968383,33.93365199980516],[-80.62761199984159,33.93356800015328],[-80.62677900016347,33.933740000238856],[-80.62591499962488,33.93416299969089],[-80.6253170001234,33.93453399971838],[-80.62508199994676,33.93467999997711],[-80.62484599994521,33.934825999985435],[-80.62480800031038,33.93484999964635],[-80.62478599967075,33.93484399991809],[-80.62459700042317,33.9347889999049],[-80.62406000012275,33.934633000013015],[-80.62328400034602,33.93427900025891],[-80.62233299976882,33.93384599997995],[-80.62222200033904,33.93379599965447],[-80.62152699985485,33.9337579996558],[-80.62146099973263,33.93378800016608],[-80.62136399964824,33.933834999851236],[-80.62126499991403,33.933879999826736],[-80.6211999996167,33.93391099976291],[-80.62110099988251,33.933959000339065],[-80.62094699989673,33.93403999971274],[-80.62019299986132,33.93444000034848],[-80.62014299963259,33.934466999995735],[-80.6199300000956,33.93454700017018],[-80.61964399986532,33.93465600026827],[-80.6191910001288,33.93483000005363],[-80.61877299965404,33.93493800033268],[-80.61847700027634,33.93501500020644],[-80.61840899960596,33.93503300009913],[-80.61829599962806,33.93506499981616],[-80.61773300028669,33.93543699983654],[-80.61727200015422,33.935742999704935],[-80.61671599958721,33.93642699977475],[-80.61661900040117,33.93738700015009],[-80.61675499994529,33.93751499987917],[-80.61738500013215,33.9381050000789],[-80.61753800029301,33.938197000292355],[-80.61758699979849,33.938225999820546],[-80.6179809999838,33.938504000090795],[-80.61812800029688,33.93860700013202],[-80.61824100027481,33.938683999669],[-80.61876500015644,33.938368999971054],[-80.61890800027157,33.93828400033789],[-80.61961899975097,33.93740699988753],[-80.62000999956321,33.93693699997098],[-80.62008599973119,33.93660700001748],[-80.6201640004473,33.936277000275574],[-80.6205080004039,33.93605699998554],[-80.62051900027456,33.93605100034232],[-80.6207069996972,33.93592599972913],[-80.62156100019004,33.93593099993607],[-80.62173899956696,33.93596400025096],[-80.62229000011111,33.93606699963838],[-80.62277800000774,33.936646999854105],[-80.62283999993201,33.93770299992429],[-80.6227479998705,33.93848100012965],[-80.62250600002118,33.939105000339225],[-80.62165099970342,33.939842999850825],[-80.62152799967977,33.93990800027279],[-80.62136399964824,33.93999299977513],[-80.62087199955366,33.94025199982223],[-80.62079600028399,33.94029300032146],[-80.62072299959074,33.940358999792984],[-80.62050300038102,33.94055800027251],[-80.62016299972409,33.94086599988781],[-80.61978899963029,33.94107999964193],[-80.61953199971232,33.94122800011143],[-80.6194959997273,33.94124799969189],[-80.61944399984877,33.94127899992659],[-80.6194670003133,33.941337999981506],[-80.61948300020684,33.94137699970488],[-80.6196570002841,33.94181400017944],[-80.61968300022336,33.94187999996234],[-80.6201569998763,33.9423859998273],[-80.62080100030686,33.94247500029082],[-80.62085200036047,33.94248299970827],[-80.62125800024135,33.94245600036712],[-80.62127099976182,33.942455000253354],[-80.62157299988561,33.94243299998317],[-80.6222120002933,33.942386999941874],[-80.62248299955665,33.942376000171365],[-80.62278700022857,33.94236499965418],[-80.62311199991858,33.942354999995715],[-80.62378499976313,33.942336000045294],[-80.62407799966608,33.942414000050164],[-80.62437899996497,33.942495000323575],[-80.62439300020867,33.94249799991817],[-80.6245429999965,33.9425359997425],[-80.6248099999602,33.94260600015899],[-80.62497599964153,33.942513000125416],[-80.625112000084,33.94243799980797],[-80.6251830002291,33.942398999825464],[-80.62524400032846,33.942365999769],[-80.62540499998696,33.9423040000799],[-80.62548100015493,33.942275999820914],[-80.62594200028738,33.942103999837634],[-80.62615399999949,33.94197699967461],[-80.62678500001124,33.94160100015842],[-80.62747399974933,33.941135000063014],[-80.62798199973746,33.94093000014226],[-80.62808499966961,33.940942000231225],[-80.62844600024295,33.94098700017704],[-80.62876199971214,33.94118999970324],[-80.62881299976576,33.94122300021563],[-80.62888999975864,33.941271999778415],[-80.62891800024606,33.94136200004272],[-80.62893699961431,33.941421000040116],[-80.62896900029968,33.941518999654875],[-80.62899000021608,33.94158099991563],[-80.62904399974444,33.94174100023576],[-80.62905499961508,33.94177600003282],[-80.6290479999424,33.94180300033483],[-80.62904499956935,33.94181300005813],[-80.62903500042192,33.94185600004716],[-80.6290200003533,33.94191400032734],[-80.62886299999447,33.94251900005854],[-80.62870499981072,33.94291999972209],[-80.62848600042592,33.94347700010135],[-80.62828200021143,33.94393500002006],[-80.62795800034631,33.94492600034426],[-80.62779699978952,33.94562399999746],[-80.62782699992677,33.94593199991405],[-80.62787499960733,33.94642500015859],[-80.62801000022485,33.94696999997627],[-80.62803899963887,33.94709299990503],[-80.62812800022563,33.94746400022516],[-80.62813700044647,33.9475880002387],[-80.62814499994406,33.94766699995481],[-80.62815800036286,33.947788000264524],[-80.62817000005842,33.94790700030276],[-80.62817900027926,33.94798699977155],[-80.62826100029501,33.948780999774804],[-80.6281180001799,33.94918799995403],[-80.6279929996081,33.94954899978049],[-80.6275120002825,33.95035400034612],[-80.62696499993629,33.95089100022372],[-80.62610899979364,33.951435999759816],[-80.62563299959258,33.95178499968871],[-80.62547699995697,33.951900000088365],[-80.62480900013529,33.95220199965286],[-80.62450700001149,33.952230000372396],[-80.62449100011798,33.95223200037021],[-80.62422800035223,33.952254000343174],[-80.62389799974103,33.95228200030043],[-80.62338899992801,33.95229500027752],[-80.62313399965988,33.952303000262376],[-80.62311000026877,33.952303000262376],[-80.62282300021359,33.95230700025457],[-80.62280700032004,33.952309000250565],[-80.62200999972862,33.952414999971836],[-80.62190400032172,33.95241899995876],[-80.62160200019794,33.95243199991486],[-80.62131699979258,33.95244399987259],[-80.6210420003313,33.952455999828615],[-80.62063899992516,33.95286900026492],[-80.62046200037315,33.953052999976194],[-80.62044899995436,33.953078999692764],[-80.62010300034795,33.953818000236446],[-80.62026800020438,33.954068000150315],[-80.62046599967279,33.954369000243425],[-80.62128400018061,33.95468099968892],[-80.62264699958816,33.95510700005061],[-80.62319399993434,33.95552000028743],[-80.62320800017804,33.955529999889436],[-80.62362300027974,33.95603999964161],[-80.62344500000451,33.95644500022571],[-80.62337999970717,33.95659200010996],[-80.62330500026242,33.956763999875044],[-80.62317899986573,33.95703199978639],[-80.62311100009366,33.9571780002059],[-80.62300300013864,33.957409000368],[-80.62296600032872,33.95748899984569],[-80.62235500040845,33.95777999967709],[-80.62229199976093,33.95781099985139],[-80.62212699990448,33.95772700019418],[-80.62183700037457,33.95758000003562],[-80.62177600027522,33.95755899988582],[-80.62146599975549,33.957451999928935],[-80.62093799967589,33.95704599972519],[-80.62077299981947,33.95699800024475],[-80.62040000044888,33.956891000327516],[-80.62000700008848,33.956777999857934],[-80.61998199997413,33.95677100023931],[-80.61891999996713,33.95657500025288],[-80.61880199996635,33.95657700014858],[-80.61839500026058,33.956583999783156],[-80.61831700044277,33.9565849997309],[-80.61817500015256,33.95658700037148],[-80.61812400009893,33.95666300008974],[-80.61808100044122,33.95672800033421],[-80.61789599959499,33.95700799967305],[-80.61773999995937,33.95724699981678],[-80.61773599976141,33.95782499966205],[-80.61782100015023,33.957942999890335],[-80.61801799979372,33.95821600020155],[-80.61804600028113,33.958253999714174],[-80.61835199970457,33.95826600034107],[-80.61862700006418,33.958278000221156],[-80.61940700003886,33.95839200011524],[-80.61974000012478,33.958442000151265],[-80.61975799966812,33.95844400000313],[-80.61985700030064,33.9584589996353],[-80.62031300041023,33.958717000196955],[-80.62039000040312,33.95882899966004],[-80.62083599956864,33.95947200031739],[-80.62110300043064,33.96061699972927],[-80.62098100023192,33.960917999751565],[-80.62078799988808,33.96139800027938],[-80.62069400017673,33.96162300008344],[-80.62052699977217,33.9620169999559],[-80.62029300031875,33.96257499965206],[-80.61977899958451,33.96302200027311],[-80.61957500026834,33.96319999966984],[-80.61942499958221,33.96315199993616],[-80.61899399958699,33.96301600029534],[-80.61888700035517,33.96295700036707],[-80.6185099998883,33.96275100023361],[-80.61765499957056,33.96184800003743],[-80.61761000026303,33.96183599991581],[-80.61705700006908,33.96168699963088],[-80.61672800018111,33.96159999966389],[-80.61584299972611,33.961785999639275],[-80.61580799956602,33.96179400022198],[-80.61528799988236,33.96242199965497],[-80.6157280000984,33.96526799997397],[-80.61575999988546,33.96547200028552],[-80.61673499985379,33.965827999628104],[-80.61688700018976,33.965950999864525],[-80.61711399997048,33.966133999759826],[-80.61734599977407,33.96632000025152],[-80.61749999975986,33.96644400035334],[-80.61783500039392,33.966530000005335],[-80.61806600037262,33.96659199992576],[-80.61830099965094,33.9666529999716],[-80.61875000008783,33.96677000004696],[-80.61884200014933,33.9667929998136],[-80.61917799971,33.966879999684494],[-80.61919799980147,33.96688600013472],[-80.61991400020206,33.96707099990236],[-80.62018799983845,33.967142999900474],[-80.62206900017817,33.96782099981137],[-80.62278600040365,33.968079000289556],[-80.62280899996988,33.96808800009283],[-80.6229579999328,33.968144999818364],[-80.62329299966855,33.968274000036324],[-80.62341599969218,33.96827599965698],[-80.62357700024899,33.96827899983291],[-80.62394799996974,33.96827599965698],[-80.6242900002765,33.968101999702206],[-80.62480599976223,33.96784099984756],[-80.62550999956893,33.967418000129086],[-80.62607199998372,33.96675799987468],[-80.62616800024318,33.96664599967539],[-80.62657900014692,33.966199000218225],[-80.62726500041029,33.96545499996781],[-80.62736499996939,33.96534800025673],[-80.62820400039362,33.9648240002779],[-80.62894199963719,33.96471000006254],[-80.63003899980427,33.96505899993253],[-80.63100299990197,33.96536599969532],[-80.63102299999345,33.96537300009681],[-80.63142600039957,33.965502000049064],[-80.63165099963216,33.965624000170386],[-80.63253899956189,33.96610599989095],[-80.63314799983232,33.96654899976945],[-80.63331400041199,33.96684600035354],[-80.63338200018406,33.96696700021141],[-80.63327199968089,33.96744799995127],[-80.63323499987096,33.96750699974441],[-80.6332240000003,33.967522000013645],[-80.63320300008391,33.96755500000054],[-80.63319300003816,33.967567999879016],[-80.63318299999243,33.967583999955906],[-80.63317100029687,33.967603000229595],[-80.6331319999388,33.96766100009773],[-80.63305199957286,33.96778200028611],[-80.63297799995301,33.9678929999196],[-80.63293399957207,33.96796099996584],[-80.6329269998994,33.967969999781594],[-80.632801000401,33.968159999975015],[-80.63200299998466,33.96887999991429],[-80.63141899982858,33.96955100007577],[-80.63134600003363,33.9696359997717],[-80.63108800029076,33.97029299993676],[-80.63080500043355,33.97158600027222],[-80.63079299983967,33.97253500004884],[-80.63080500043355,33.9734280002868],[-80.63067200036417,33.97422300025413],[-80.63055900038627,33.97487400010611],[-80.6304420002104,33.97576599989528],[-80.63053900029477,33.97597100007266],[-80.63093400030499,33.97679700005999],[-80.63150699969212,33.97745800032089],[-80.63178000040192,33.97773799995465],[-80.63178799989952,33.97774599978165],[-80.63183300010535,33.97779299977439],[-80.6320620004342,33.97789599993697],[-80.63238299992626,33.97801000035478],[-80.63258399976772,33.97808200003017],[-80.63367799956175,33.97843499965675],[-80.634264000266,33.978609000070776],[-80.63489500027775,33.978797000212026],[-80.6349129998211,33.978802999821426],[-80.63493000043785,33.97880799974387],[-80.63586699987306,33.97925900017982],[-80.6359489998888,33.9792990000815],[-80.63677400006934,33.97990899978847],[-80.63773300014415,33.98068999972278],[-80.63842299970715,33.98125100027288],[-80.63930700033721,33.98173300006029],[-80.63936099986557,33.981763000046364],[-80.63939900039873,33.98178499983078],[-80.63946399979774,33.98182200033565],[-80.63951700039951,33.98185299994099],[-80.63955699968416,33.98187600009742],[-80.63982399964786,33.982027999711605],[-80.64018000019833,33.98223000000347],[-80.64056900036076,33.98256599966163],[-80.64080299981416,33.982766999779884],[-80.64112599985435,33.98331900035018],[-80.6411500001438,33.98346900035533],[-80.64120799987012,33.98381999995856],[-80.64126700031966,33.98473299988589],[-80.64121899974077,33.98563799986065],[-80.64131300035042,33.985811999683044],[-80.6416089997281,33.98635900036594],[-80.64176699991185,33.986424000260705],[-80.64217899964049,33.98659499968918],[-80.64236000028879,33.98667100015236],[-80.6433610001964,33.98704100033871],[-80.64342200029577,33.98708799966126],[-80.6437760002981,33.987361000267775],[-80.64387800040534,33.98744700036453],[-80.64390599999443,33.98746999975203],[-80.64398399981225,33.9875230000658],[-80.6440940003154,33.98769400026233],[-80.64413100012533,33.987751000251436],[-80.64420399992028,33.98786399979001],[-80.6443179997231,33.98804099974747],[-80.64432899959372,33.9881849999206],[-80.6443610002791,33.98858199982744],[-80.64396899974362,33.98912100031225],[-80.64362499978705,33.989212999737],[-80.64347099980125,33.98925300016825],[-80.64323999982257,33.989314999905716],[-80.64300899984389,33.98937499972871],[-80.64285599968302,33.98941599964549],[-80.64239899974852,33.98953900002186],[-80.64114000009805,33.989709000327736],[-80.64073800041515,33.98984999974946],[-80.64001500034189,33.990105000264684],[-80.63938199978197,33.99067500013907],[-80.63919500018422,33.99190099964764],[-80.6392570001085,33.99341200004859],[-80.63958599999647,33.994351000214365],[-80.64024200012258,33.99528900019196],[-80.64050099969037,33.99565799986029],[-80.64115199979364,33.99635699977939],[-80.64188900011058,33.996562999672655],[-80.64200999958611,33.996596999780564],[-80.64263800012311,33.99643299970414],[-80.64334699995268,33.9962500002306],[-80.64491299974983,33.99597099999383],[-80.64492600016862,33.9959690002798],[-80.64545000005027,33.996077999894005],[-80.64561599973163,33.99623300010892],[-80.64565799956442,33.996271999988764],[-80.64593799994688,33.99653299969759],[-80.64626099998709,33.99683399993563],[-80.64658999987506,33.99765100010008],[-80.64671399972363,33.99796000025937],[-80.64670200002804,33.99806800009337],[-80.64665799964712,33.99845800008856],[-80.64659800027098,33.999008999829414],[-80.64639900007936,33.99960099993538],[-80.64637899998785,33.999662000128204],[-80.64606000014564,33.99974399969584],[-80.64599900004626,33.99975900023479],[-80.64590899963459,33.99978300019804],[-80.64581800029632,33.99980599997023],[-80.64575800002183,33.99982199993761],[-80.64558399994458,33.99986700001584],[-80.6447410002207,33.99992400003112],[-80.64471699993125,33.999925999652056],[-80.64358499960407,33.99961199975361],[-80.6433190003636,33.999514000036235],[-80.64315899963172,33.99945399992553],[-80.64299899979815,33.99939499996148],[-80.64271799959076,33.99929100034161],[-80.64254900043468,33.999290000151284],[-80.64242399986288,33.999288999960974],[-80.64230000001432,33.99928799977068],[-80.64206999986055,33.99928700032502],[-80.64177199993473,33.999326999737505],[-80.64155299965161,33.999357000215355],[-80.6414460004198,33.99937200007796],[-80.64133799956646,33.99938599974879],[-80.64098600011226,33.99943299969055],[-80.64077500022506,33.99952499986574],[-80.64029599965096,33.99973599970514],[-80.6400889999617,33.9998310001041],[-80.6400529999767,33.99984199989255],[-80.63928700024574,34.00008199972981],[-80.63883699998394,34.000366000014104],[-80.6388570000754,34.00061399976905],[-80.63784199992409,34.00089499999466],[-80.63710700015527,34.00116800017966],[-80.63632399980754,34.00127199973562],[-80.63539300022012,34.0014479998971],[-80.63537399995354,34.001468000213954],[-80.63490199995044,34.0019800003176],[-80.63498800016418,34.00286800026546],[-80.6354839995584,34.003782999856725],[-80.63549299977925,34.00379999995686],[-80.63550000035026,34.003813000250204],[-80.63553999963489,34.00383500028379],[-80.63555800007656,34.003845000161775],[-80.6357079998644,34.00392600002369],[-80.63615800012619,34.004172000289195],[-80.63622500007334,34.00420899998293],[-80.63628299979966,34.004272000108664],[-80.63629000037066,34.00427900028527],[-80.63640300034857,34.00440099986573],[-80.63652399982406,34.00453199968403],[-80.63679900018369,34.00469800001626],[-80.63694200029882,34.00478399969291],[-80.63695700036745,34.00479300007835],[-80.63703699983506,34.004841000132046],[-80.63718199960002,34.00492899991177],[-80.637265000339,34.00507100026105],[-80.63732200024042,34.005168000148146],[-80.63751100038631,34.00548899969084],[-80.6375389999754,34.00553499986232],[-80.63765399960313,34.00635000027444],[-80.6375819996331,34.00658200024904],[-80.63747200002825,34.006939000297656],[-80.63740900027906,34.007144999847306],[-80.63726699998884,34.007607999939395],[-80.63711100035323,34.00765900016673],[-80.6369060003138,34.007727999768484],[-80.6359899998967,34.008034000240606],[-80.63493600028562,34.00796799966258],[-80.63449400041976,34.0077609997848],[-80.63433000038822,34.00768400022316],[-80.63274299977638,34.00673800001687],[-80.63165099963216,34.005848000092236],[-80.62986300007717,34.004716000059695],[-80.62862600016801,34.003883000134216],[-80.62821299971613,34.00363199982524],[-80.62718699969416,34.00300900019056],[-80.62664500026916,34.00285499982753],[-80.62612300003735,34.00290200008394],[-80.62591399979996,34.00297300012102],[-80.6255139997669,34.00311100018064],[-80.62528500033635,34.00370400013514],[-80.62587000031736,34.004742000363954],[-80.62667500040641,34.00654999987936],[-80.62677699961533,34.00677700028638],[-80.62703199988347,34.00754500005431],[-80.62708200011218,34.00769599983063],[-80.62718199967128,34.007995999891506],[-80.62723799974778,34.008149999868586],[-80.62729299999937,34.00830100005844],[-80.62729999967206,34.008319000082885],[-80.6274290004418,34.0086730000365],[-80.62743299974144,34.00868300008948],[-80.62775199958368,34.00955500033014],[-80.62779199976664,34.00980400012758],[-80.62785299986601,34.01017099991234],[-80.62785700006397,34.010195999973874],[-80.62801100004977,34.01113700012499],[-80.62803299979107,34.01157100021469],[-80.62804899968461,34.01188699991724],[-80.62749700021386,34.01311300007699],[-80.62669499959956,34.01350700032947],[-80.62612399986226,34.0138130000805],[-80.62520099977245,34.01353400019857],[-80.62480699958715,34.013415999687005],[-80.62383099979388,34.01343700018763],[-80.62345300040042,34.013444999632334],[-80.6222399998824,34.01379299969247],[-80.62119200011911,34.01444000017683],[-80.62099899977527,34.014591000350165],[-80.62002700017996,34.01535700017938],[-80.61866300004917,34.01667800028736],[-80.61762799980639,34.0183309997501],[-80.61591700024428,34.02082699971722],[-80.61559699967883,34.021537000173176],[-80.6154619999596,34.02203199971943],[-80.61541900030193,34.02248499986988],[-80.61529600027826,34.02366199989293],[-80.61547000035553,34.02445599977727],[-80.61515099961498,34.0248949997162],[-80.61508200001802,34.0249149997221],[-80.61458499990056,34.02506799964837],[-80.61281200041418,34.0249650000884],[-80.6101169997646,34.024809000307286],[-80.60865399989962,34.02462199987192],[-80.60665600028234,34.02383600000618],[-80.60609600041569,34.023752000073046],[-80.60593499985889,34.02372900008574],[-80.60450200013113,34.023621000126646],[-80.60386400044669,34.02389799981485],[-80.60344400032211,34.02408000012038],[-80.60284599992231,34.024340999987785],[-80.60241400010219,34.02491700024356],[-80.6021399995675,34.025283000329175],[-80.60212100019923,34.025307999663106],[-80.60208699986404,34.02535500014801],[-80.60209100006199,34.02539300017254],[-80.60209600008487,34.02542500014082],[-80.60218099957537,34.02606900019443],[-80.60221999993344,34.02635999977278],[-80.60304299956582,34.02722399972539],[-80.6034860001549,34.02736099996889],[-80.60377599968483,34.027451999807276],[-80.60411399979363,34.0273750002367],[-80.60444799970448,34.02729899971217],[-80.60545100016023,34.0270729996899],[-80.60563799975796,34.02703200008255],[-80.60578699972088,34.027000999839665],[-80.60666299995503,34.02682499978317],[-80.60669100044244,34.02681999970855],[-80.6079979997735,34.02754599986514],[-80.60821299985865,34.028515999782236],[-80.60817199985078,34.02867600031503],[-80.6080189996899,34.0292899999499],[-80.60786200022936,34.0294989998609],[-80.60763100025069,34.02980400019991],[-80.60745999964814,34.03003299987792],[-80.60683700003231,34.03062799979315],[-80.60656099984777,34.03089299963856],[-80.60625600024926,34.0311850003555],[-80.60596400017121,34.03154800003166],[-80.60525600016656,34.032434999882184],[-80.60463600002544,34.03366299986046],[-80.60456700042847,34.03380099991342],[-80.60430499958933,34.03432200031226],[-80.604034000326,34.0344630001101],[-80.6039010002566,34.034532000258444],[-80.6037039997148,34.0346359998904],[-80.60350500042149,34.034739000366564],[-80.603373000177,34.03480800029042],[-80.60325600000114,34.03486899975556],[-80.60220200039008,34.03520999996046],[-80.6020840003893,34.0352489998049],[-80.6010359997277,34.03592999975248],[-80.60072100008344,34.03673699994531],[-80.60061200030349,34.03777799970813],[-80.60064699956527,34.03820800013223],[-80.60070699983974,34.03891800031993],[-80.60095200006212,34.03938599988829],[-80.60103900010074,34.039551999805106],[-80.6016340001275,34.03988700003354],[-80.60320499994752,34.040770999936576],[-80.60393100039384,34.04113200014073],[-80.60471100036851,34.04152000019548],[-80.60512499974699,34.04172599993674],[-80.60530399984714,34.04181499987612],[-80.606963000429,34.04264700008619],[-80.60705600031544,34.0427420001072],[-80.60734599984534,34.043039999772546],[-80.6074560003485,34.04326200025644],[-80.60748099956454,34.04333900029522],[-80.60755799955744,34.04356999999215],[-80.60758400039502,34.0436480001634],[-80.60780600015286,34.04495599984702],[-80.60784600033584,34.04518799999933],[-80.60785800003141,34.04619400027852],[-80.6083919999588,34.04672600014607],[-80.60884600041855,34.0473589996961],[-80.60979700009744,34.04810500023717],[-80.61023999978825,34.04845199997444],[-80.61092299967854,34.04879699982189],[-80.61097399973217,34.04882300002102],[-80.61105200044828,34.04886200030482],[-80.6111300002661,34.048900000220506],[-80.61118200014462,34.048925999643764],[-80.61121999977946,34.048945999938994],[-80.61211699993,34.04923899989006],[-80.61233399966498,34.049667000323204],[-80.61257399986451,34.050140000307636],[-80.61262599974303,34.051044999892724],[-80.61256899984163,34.05177300027114],[-80.61195399972338,34.052561000182614],[-80.61143400003971,34.05320299980009],[-80.61111199982443,34.053455999987804],[-80.61022800009268,34.05415400005022],[-80.6099279996187,34.05431599968443],[-80.60947300023236,34.05456100023833],[-80.60810900010159,34.05529899996383],[-80.60776699979482,34.05548500023026],[-80.60767100043365,34.055567999729334],[-80.60694800036039,34.056178000126735],[-80.6067230002295,34.05636800025675],[-80.60644500039515,34.05676699966459],[-80.60625899972399,34.057508999784275],[-80.60641600008283,34.05798199992487],[-80.60694800036039,34.058276999638984],[-80.60712999993527,34.058310000093144],[-80.60747700026491,34.0583730002479],[-80.60803700013156,34.05817700019154],[-80.60821100020883,34.058115000132474],[-80.60836600001953,34.05806199997403],[-80.60871499999898,34.05788399987339],[-80.60887999985542,34.05780099966519],[-80.60897199991693,34.057755000285944],[-80.60943999972207,34.05743199996159],[-80.60961600034747,34.05731199971183],[-80.61094600014309,34.056528000349324],[-80.61119300001529,34.05645199989647],[-80.61183599972262,34.05625599986342],[-80.61207900029518,34.05618199969515],[-80.61233700003804,34.05617399981388],[-80.61273899972093,34.05616299988287],[-80.61346900036521,34.05668999991205],[-80.6135949998636,34.05688999996501],[-80.6138690003983,34.057323999744426],[-80.61420099976101,34.057655999725185],[-80.61448600016635,34.057941999871964],[-80.61461500003779,34.05855200030208],[-80.6145520002886,34.05893099968064],[-80.61451100028071,34.0591780000051],[-80.61435800011984,34.05933600029315],[-80.61434899989902,34.059346000329725],[-80.61407799973736,34.0596260001307],[-80.61336700025797,34.06022399998377],[-80.61291699999616,34.06060300007195],[-80.61233200001516,34.06130399994113],[-80.61227400028885,34.06221700021222],[-80.61256600036688,34.06281800020137],[-80.61271799980454,34.06310800003121],[-80.61304599986761,34.063407999914254],[-80.61318099958682,34.063443999650296],[-80.61354999965775,34.063544999758186],[-80.61424000011907,34.06357399968586],[-80.6144960002121,34.06353100025144],[-80.61465900041873,34.06350399992045],[-80.6148900003974,34.0634659998535],[-80.61513499972146,34.06336700001029],[-80.61529000043048,34.06330600020714],[-80.61545600011183,34.0632400001999],[-80.6157060003571,34.06314100009265],[-80.61595499987912,34.06304199986976],[-80.61612200028371,34.0629759996569],[-80.61618099983492,34.06295199970206],[-80.61743799983559,34.06280500001638],[-80.61849599964461,34.062996000358226],[-80.6194949999024,34.06324199981747],[-80.61967700037559,34.063286999759306],[-80.62106499989751,34.0639109998628],[-80.62245599979246,34.06473600014463],[-80.62364599984596,34.06573099971693],[-80.62480599976223,34.066089000364336],[-80.6264080004427,34.06629399979835],[-80.6278589997138,34.06654600020901],[-80.62897699979727,34.066620999654994],[-80.62944600032566,34.06665299969605],[-80.63037400043834,34.06717100026095],[-80.63091599986332,34.067567999896326],[-80.6311669999335,34.06823800014013],[-80.63095299967326,34.06868100015602],[-80.6309369997797,34.06869500030016],[-80.63044499968514,34.06913900027025],[-80.62983999961263,34.06968800005289],[-80.62921100014901,34.069880999967616],[-80.62875000001657,34.0701089999674],[-80.62841699993062,34.07027500000549],[-80.62816199966251,34.07041400010102],[-80.62750200023675,34.07077700002443],[-80.62742000022098,34.070822999776595],[-80.62660699973601,34.07133799989083],[-80.62579400014938,34.07199800005492],[-80.62568600019435,34.07211299996332],[-80.62548399962965,34.072328999770534],[-80.62517599965808,34.072668000238444],[-80.62509199999249,34.072759999896505],[-80.62487500025753,34.0730019997656],[-80.62484199974725,34.073036999824716],[-80.62480599976223,34.07307800025827],[-80.62477700034823,34.073141999915315],[-80.62459599969996,34.07353799978764],[-80.62419900003992,34.0744120002711],[-80.62395999966532,34.07466599969436],[-80.62366299956439,34.07498499964001],[-80.62330899956207,34.07536299989103],[-80.62299599956762,34.075697999987014],[-80.62212299970652,34.076357999664616],[-80.62171099997788,34.07667099980072],[-80.6216149997184,34.07674399991332],[-80.62143899999131,34.076907000284294],[-80.62136299982333,34.077025000279455],[-80.62059000041967,34.07823700024818],[-80.62054799968855,34.07828699968283],[-80.62022999967124,34.07867400006767],[-80.62014500018074,34.07877599987467],[-80.62001999960896,34.078930000094545],[-80.61989300028566,34.0790830000405],[-80.61980899972176,34.079186000091596],[-80.61930900012958,34.07979200017449],[-80.61920600019741,34.08029199963741],[-80.61911699961063,34.08073299991149],[-80.61913000002941,34.081739000173776],[-80.61950199957509,34.08230600008842],[-80.62052500012234,34.082899000088105],[-80.62106599972242,34.08308100025011],[-80.62130000007416,34.08315999972041],[-80.62207099982798,34.08311899970314],[-80.62234100016472,34.08305500014465],[-80.62251600006691,34.083014000076524],[-80.62281999984053,34.08282600007263],[-80.62310400042097,34.08265199972086],[-80.62340300017172,34.08246900017097],[-80.62414299996341,34.08190699966246],[-80.62420800026077,34.08185800009402],[-80.62440200042951,34.08144500026656],[-80.62452499955484,34.08118399981255],[-80.6245489998443,34.08100100006634],[-80.62474200018814,34.079593999836085],[-80.62480499993733,34.07913899967929],[-80.62481199961003,34.07912799975316],[-80.625324999621,34.07831899978173],[-80.6253530001084,34.078275999646046],[-80.62584699985281,34.07779300034257],[-80.6266040002613,34.077438000084136],[-80.62789600042204,34.07736699985389],[-80.62831499982337,34.077345000284],[-80.62885200012381,34.07738900016215],[-80.62922399966949,34.07741899982925],[-80.6301889995921,34.07761199998803],[-80.63076299970245,34.07772799972534],[-80.63189400020472,34.07792299993923],[-80.63365499999553,34.07834599985575],[-80.63414299989216,34.07854700013637],[-80.63445800043475,34.07867800006244],[-80.6351160002107,34.079066000142824],[-80.63526299962547,34.079272000161104],[-80.63553100031238,34.07964799990667],[-80.63567100005447,34.0797719997179],[-80.63614200023267,34.08019000016821],[-80.63615999977601,34.08020599985963],[-80.63616300014905,34.08022000033121],[-80.63640099980043,34.0814809997786],[-80.63656599965687,34.08210799967571],[-80.63658400009855,34.082174999822094],[-80.63652600037221,34.08298200026365],[-80.63626699990613,34.08365700031057],[-80.63605099999607,34.08422400003078],[-80.63571200006234,34.08488600007649],[-80.63478200029985,34.086174999697036],[-80.63384099976837,34.08771499981522],[-80.63380300013353,34.08776500034955],[-80.63288199969354,34.08901299989457],[-80.63284200040889,34.08904399978379],[-80.63242700030719,34.08936799998696],[-80.63114199981914,34.08980899986229],[-80.6309069996425,34.08989000022729],[-80.62992900019941,34.089945000293206],[-80.62552999966042,34.089453000259766],[-80.62480499993733,34.08937200022056],[-80.62442099979776,34.0892680000382],[-80.62367299961014,34.08938300030388],[-80.62356600037835,34.089398999746244],[-80.62340800019459,34.089424000263804],[-80.62324800036102,34.08944800015857],[-80.62314200005582,34.089465000203866],[-80.62279899992413,34.08951800006066],[-80.62266699967965,34.08954199992873],[-80.62253899963314,34.08956599979004],[-80.6215019997405,34.08976600035336],[-80.621269000112,34.08987099979044],[-80.6208959998431,34.09004000012006],[-80.62084099959151,34.09008400009767],[-80.61912699965636,34.091465000351945],[-80.61905300003653,34.091530999942805],[-80.61856400031499,34.091974000136595],[-80.61788700027246,34.093054000023855],[-80.61701500023628,34.09487300027356],[-80.61629499963773,34.09575199974679],[-80.61569799996118,34.09676400029201],[-80.61562599999115,34.09739499993574],[-80.61558800035631,34.097736999808006],[-80.61567799986967,34.09850800025121],[-80.61609799999425,34.099611000317516],[-80.61611499971269,34.09960900007076],[-80.61616800031445,34.099606000072455],[-80.61618599985779,34.09960500032099],[-80.61657300037041,34.099578000331306],[-80.61773599976141,34.09950000031263],[-80.61812400009893,34.09947400004252],[-80.61841600017698,34.0994550002692],[-80.61988499988973,34.099295000168844],[-80.6248030002875,34.0987630000591],[-80.62516700033557,34.098725000188935],[-80.6269289999513,34.09854499971093],[-80.62704500030225,34.09853199980206],[-80.62739400028171,34.098493999828186],[-80.62751099955925,34.09848199967633],[-80.62873599977286,34.09836300006161],[-80.63241200023857,34.09800600021338],[-80.63363800027709,34.097887999701165],[-80.63369000015562,34.09787399991946],[-80.63384599979125,34.09783300033288],[-80.63389900039301,34.09782000031463],[-80.6342299999308,34.09773399974334],[-80.63443699962004,34.097682000341585],[-80.6352509999299,34.097670000074544],[-80.63559400006157,34.097666000233126],[-80.63607000026263,34.09701500027519],[-80.6364760001435,34.096741000025105],[-80.63784000027428,34.0961630001286],[-80.63877900025763,34.09592200003272],[-80.63953400011795,34.09563300001301],[-80.63977299959423,34.09557199964079],[-80.64070599972978,34.095335999847514],[-80.64232099993072,34.09494399995975],[-80.64374399961272,34.09473599976783],[-80.64539899999663,34.094375000245726],[-80.64669600018027,34.09398999983976],[-80.64783000015728,34.09348500031392],[-80.64917500002149,34.09266399964958],[-80.65032599971691,34.09238299984755],[-80.6513230003249,34.09190899998962],[-80.65311300042802,34.09099199967064],[-80.6532749999114,34.090906000344894],[-80.6552879995973,34.089852999959966],[-80.65671200000253,34.08931699978238],[-80.6576739995521,34.089010000264665],[-80.65775499974295,34.088981000116945],[-80.65787000026899,34.08893900006502],[-80.65832499965533,34.088774000031236],[-80.65836700038645,34.08863799995098],[-80.65843000013562,34.088439000326034],[-80.6584700003186,34.08830899976147],[-80.65859199961903,34.08792200025831],[-80.65861599990848,34.087847000328736],[-80.65864900041875,34.08780200004154],[-80.65872800006146,34.087681999654684],[-80.6584970000828,34.087299999745746],[-80.65828199999763,34.086612000217094],[-80.65884500023733,34.08587200034472],[-80.65897800030672,34.085743000217704],[-80.66005200000927,34.08580899980548],[-80.66184499958713,34.08572500025357],[-80.6626730001407,34.0858339998952],[-80.66382399983617,34.085651999698456],[-80.66529000007418,34.08492899983189],[-80.66611799972942,34.084959999728504],[-80.66661400002198,34.0844530000421],[-80.66698899994071,34.0845719998684],[-80.66718700030744,34.0848889998525],[-80.66726599995013,34.085015000021166],[-80.66727900036894,34.08503699983065],[-80.66729699991227,34.08502200023169],[-80.66743400017964,34.084844000225104],[-80.66779800022769,34.084454999902995],[-80.6684109997978,34.08418700026325],[-80.6690579997031,34.08390599985219],[-80.6701990002511,34.083889000178715],[-80.67162699995599,34.08377000013652],[-80.6726279998636,34.08374099968199],[-80.67297000017035,34.083732000231656],[-80.673606000205,34.084070999700884],[-80.67383899983349,34.08435099963274],[-80.67437000028616,34.084298000261356],[-80.67460299991465,34.08427500032734],[-80.67571500015036,34.08425300031987],[-80.67594399958091,34.08436799995748],[-80.67642099960688,34.08461000014036],[-80.67689500015811,34.08436600009452],[-80.67791199995926,34.08340600015107],[-80.67902400019496,34.083311000320464],[-80.67911999955611,34.08330100013632],[-80.680526000418,34.083166000138604],[-80.68110499965292,34.08320199966305],[-80.68215900016229,34.082892999650944],[-80.68268399986883,34.08226199978873],[-80.68366200021023,34.08160299995383],[-80.68541399978021,34.08147400001933],[-80.68702700033133,34.081474999984984],[-80.68755100021299,34.08179199965869],[-80.68790000019241,34.081879000018816],[-80.68827500011116,34.08197200004839],[-80.68927299964572,34.08109800019656],[-80.69060199961639,34.080955999860855],[-80.69106399957376,34.08090599976979],[-80.6922770000918,34.0807349998603],[-80.69248600032917,34.08070599985442],[-80.69261199982755,34.08086000028495],[-80.69268999964537,34.0809529999455],[-80.69276400016352,34.08104099965029],[-80.69280400034648,34.08108799975107],[-80.69292399999709,34.08123199980246],[-80.69296500000497,34.08127999976516],[-80.69302699992926,34.08135400033641],[-80.69327200015164,34.08131999996135],[-80.69428399992991,34.081184999781584],[-80.69429599962548,34.08118199987435],[-80.69463600028242,34.08112700006814],[-80.69494900027686,34.08107500013736],[-80.69499100010967,34.08106900031505],[-80.69541600025708,34.080992000324805],[-80.6958880002602,34.08106599965965],[-80.69620600027753,34.08108299989992],[-80.69648599976168,34.08109800019656],[-80.69695399956683,34.08112300018911],[-80.69701700021433,34.08112600009843],[-80.69732900038386,34.08111099980669],[-80.69761100041617,34.08109800019656],[-80.69809599993975,34.08110799989682],[-80.69817799995552,34.081101000106784],[-80.69824999992554,34.08109500028624],[-80.69887000006665,34.081044000306555],[-80.69944699965174,34.08092200006999],[-80.69985900027869,34.08083400024156],[-80.69993100024872,34.08081899989814],[-80.70041499994738,34.08071700031963],[-80.70059200039772,34.08067899978874],[-80.7011260003251,34.080566000302255],[-80.70113899984557,34.080564000349504],[-80.70127500028802,34.08046399967497],[-80.70130799989998,34.08044000020982],[-80.70196599967592,34.08035199988053],[-80.70217800028634,34.08035199988053],[-80.70256499990063,34.080465999630135],[-80.70359000009769,34.08098499978107],[-80.70433499991228,34.08066200021143],[-80.70491599969532,34.08035499981716],[-80.70585499967866,34.07995999980547],[-80.70653199972118,34.07966899963542],[-80.70658100012498,34.07933800032824],[-80.70691099983786,34.078699000031726],[-80.70762700023843,34.07822300019286],[-80.70936899976269,34.077634000232635],[-80.71002800026184,34.07706900032389],[-80.71013500039196,34.07652700017891],[-80.71009699985882,34.076244000338036],[-80.71024300034699,34.075443999937946],[-80.71088299968127,34.074741000137145],[-80.71200499996272,34.074369999689594],[-80.71347100020074,34.07359700029227],[-80.71428999963516,34.07316700002402],[-80.7154610003204,34.07260200008248],[-80.71692199963726,34.07264500012225],[-80.71717400043065,34.072651999867105],[-80.7176010002279,34.07191500027633],[-80.71785599959772,34.071476999730464],[-80.7185870000669,34.070224000207716],[-80.7188880003658,34.069706999809554],[-80.7193179996378,34.068972000125456],[-80.71966599979233,34.069247000313375],[-80.72071000025596,34.07007300008652],[-80.72105800041051,34.070348999774225],[-80.72412499970747,34.0727919998512],[-80.73332600029326,34.08012099997617],[-80.73639400031344,34.0825650001549],[-80.7364679999333,34.082599999982484],[-80.73658500010916,34.08265600027171],[-80.73667600034575,34.082727999738914],[-80.73674099974477,34.082780000142684],[-80.74182900002182,34.086871999662364],[-80.7476839998548,34.0915300000959],[-80.74970499993661,34.093143000370596],[-80.7526680003748,34.09549999993753],[-80.77251000004853,34.11129600008438],[-80.77551600014442,34.11369000006574],[-80.78221100022652,34.11903300028656],[-80.7840120002003,34.120453999901954],[-80.78559899991386,34.121713999856595],[-80.78670399957853,34.122597000255034],[-80.7869899998088,34.12282500032879],[-80.78715999968811,34.122956000145294],[-80.79365800012673,34.128134000272674],[-80.79424499975755,34.12860099987655],[-80.79499899979295,34.12919899968513],[-80.79774799997092,34.1313329996352],[-80.79958599975461,34.13275799965518],[-80.8011340000084,34.13395999996165],[-80.80180000018028,34.13447699979402],[-80.80219900038846,34.13510900001181],[-80.80233300028274,34.13530899999045],[-80.80261000029218,34.13525900004016],[-80.80485300013184,34.13704200028483],[-80.81346999966323,34.143901999829446],[-80.81360699993057,34.144012000325894],[-80.81382399966554,34.14418500017476],[-80.81394400021446,34.14428000005718],[-80.8140589998422,34.14437099996955],[-80.81421399965289,34.14449500010087],[-80.81476299964888,34.14493299970747],[-80.81567900006601,34.145660000349466],[-80.81718799996175,34.14685900021889],[-80.81849099999314,34.147999000280215],[-80.8190580004308,34.148447000225374],[-80.819113999609,34.14847999972911],[-80.81956300004587,34.14874700024104],[-80.82009600014835,34.14916900007529],[-80.82347600033806,34.15186799986322],[-80.82448200026855,34.15265900002829],[-80.82744700035657,34.15502299988982],[-80.82885900016792,34.15615499968708],[-80.83363100007749,34.15995000014971],[-80.84129500028017,34.166049000097765],[-80.84312700021607,34.16750800020756],[-80.84775900038358,34.17119800007569],[-80.84808300024866,34.17145200026297],[-80.84854900040399,34.17182999981702],[-80.84875400044339,34.171986999745656],[-80.84936899966333,34.17245899964211],[-80.84957399970274,34.172617000261646],[-80.85033699995898,34.17324299980874],[-80.85041099957884,34.173303999887914],[-80.85123099973649,34.17395300036401],[-80.85137899987448,34.17407100025216],[-80.852464000346,34.174555000145574],[-80.85368299981351,34.175099000158134],[-80.85387100013449,34.17518199978205],[-80.85443699984893,34.175433999930725],[-80.85462599999481,34.17551800030855],[-80.85476099971402,34.175577999890216],[-80.8551680003181,34.17575900020289],[-80.85530399986224,34.17581999994981],[-80.85547799993952,34.17589699982327],[-80.85600299964607,34.17612999968794],[-80.85617800044656,34.1762080003537],[-80.85678500016888,34.176478999972176],[-80.85860899970888,34.17729200029423],[-80.85921700015443,34.17756399972002],[-80.86037299987275,34.178079000337696],[-80.86384400029904,34.17962499997189],[-80.86500099984228,34.18014100018593],[-80.86570200017424,34.180453999757376],[-80.8659530002444,34.18056600002001],[-80.86723100016145,34.18113600035321],[-80.86780699992163,34.18139200015187],[-80.8685090000785,34.181705000284275],[-80.86859000026936,34.18174199974595],[-80.86870800027015,34.181808999734095],[-80.86929599972588,34.18214199983967],[-80.86949200044276,34.182252999830496],[-80.86952400022982,34.182271000056275],[-80.86913000004454,34.18286599965999],[-80.868565000155,34.18383000033214],[-80.8682549996353,34.18435000029292],[-80.86802700002964,34.184761999706524],[-80.86705399971113,34.186669000298465],[-80.86574200035722,34.189179999968346],[-80.8654319998375,34.18977600005372],[-80.86450500044803,34.19160999975838],[-80.86309100008855,34.19443000018051],[-80.86142999985685,34.19792199993809],[-80.86119600040344,34.198438999743],[-80.86012400035071,34.20078399976454],[-80.85938600020881,34.202402000144865],[-80.85752400013567,34.206371999804595],[-80.85723799990541,34.20689199969875],[-80.8572229998368,34.20691699964138],[-80.85339900013139,34.214297000082745],[-80.85334200022999,34.214422999760515],[-80.85329000035142,34.21453099997108],[-80.85040899992902,34.220519000049734],[-80.85018100032337,34.22099299981847],[-80.84791900021715,34.22569800013032],[-80.84784300004917,34.22583499998927],[-80.84781399973684,34.22588699999668],[-80.84753799955233,34.22638999981081],[-80.84749099969665,34.22647199972463],[-80.8454520000715,34.23032899975625],[-80.84419699972067,34.2327150001972],[-80.84412399992573,34.23285399984468],[-80.84116499968549,34.23850400013091],[-80.84095100032359,34.238921000162456],[-80.83845599969052,34.24394000017847],[-80.83841899988059,34.244017000216544],[-80.83735400039889,34.246311000363676],[-80.83557599999132,34.25014700004469],[-80.83390600043711,34.25335300023063],[-80.83314099963273,34.25482500029288],[-80.832701000315,34.25567300027497],[-80.83227600016755,34.25649200006248],[-80.83099999990031,34.25894999993998],[-80.83057599957779,34.259769999833615],[-80.83056300005732,34.2597799999188],[-80.83015999965119,34.26055899985707],[-80.82895299987925,34.26289800028085],[-80.82855100019634,34.26367800033364],[-80.82841800012696,34.263933000309585],[-80.82802200029184,34.264699000077314],[-80.82789000004735,34.26495499994849],[-80.82756600018224,34.265580999738205],[-80.82659299986373,34.267461000085724],[-80.82626999982354,34.268087999765264],[-80.82620000040166,34.26822199973102],[-80.82599000033936,34.26862499980942],[-80.82592099984407,34.268759999637794],[-80.82602999962401,34.26874599997364],[-80.82635699986217,34.26870700015449],[-80.82646700036534,34.26869399971579],[-80.82962200042415,34.2683180002068],[-80.83886099974649,34.2672180003453],[-80.83908699970229,34.267190999753446],[-80.8422419997611,34.26681500020565],[-80.84273999970347,34.266755000240785],[-80.84423600007872,34.26657800009487],[-80.84473499984601,34.26651899996351],[-80.84556300039958,34.26641999965001],[-80.84804899991347,34.26612500025197],[-80.84887800029196,34.26602700022551],[-80.84893299964524,34.26602000016621],[-80.84965700044174,34.2659330001231],[-80.85199700036578,34.26565399996655],[-80.85277800016534,34.265562000217585],[-80.85461299957602,34.26533899977903],[-80.85517599981573,34.26527100010692],[-80.86011799960461,34.26466600001401],[-80.86195299991357,34.26444200014205],[-80.86206300041675,34.264427999759015],[-80.86239599960437,34.26438900016458],[-80.86250699993244,34.26437599980083],[-80.8633349995877,34.26427599990508],[-80.8658190003501,34.263979000345174],[-80.86664799983026,34.26388000001136],[-80.8671569996433,34.26381800011043],[-80.86868499980561,34.2636360002809],[-80.86919500034186,34.263575000237694],[-80.86977199992694,34.26350499980497],[-80.87150599995357,34.26329799976474],[-80.87208400026189,34.26322899988562],[-80.87389899958106,34.26301200020878],[-80.87409500029794,34.262949999668],[-80.87480599977734,34.262724999632646],[-80.88007900000234,34.26211600030906],[-80.88317799998465,34.26173299992907],[-80.89307599980614,34.26051100003037],[-80.89326099975408,34.26049200010685],[-80.89361099955843,34.2604559996539],[-80.89466000004495,34.26034999983932],[-80.89501099967423,34.26031500014435],[-80.8952629995693,34.26028899964033],[-80.89673700020326,34.260105000183934],[-80.89944899967297,34.259768999750776],[-80.90191400016879,34.259462999832586],[-80.9036399997995,34.25924900035901],[-80.90472500027101,34.25911400011267],[-80.90797900006403,34.25870900030122],[-80.90906500036047,34.25857500002782],[-80.90933399997398,34.258540999691775],[-80.91014300026099,34.25844100028342],[-80.91041299969939,34.25840799999223],[-80.9113120003981,34.25829599996492],[-80.91401100034732,34.25795900036889],[-80.91491099997259,34.25784799984949],[-80.91637200018775,34.25766599972437],[-80.9207559997598,34.25712200018505],[-80.92221799979988,34.25694100009074],[-80.92437500032413,34.256672999637885],[-80.93084799975006,34.255868999839244],[-80.93300600009923,34.2556019998163],[-80.93448900005569,34.25541700036849],[-80.93893899975,34.25486399986664],[-80.94042300042969,34.254680999825226],[-80.94114800015277,34.254581999685634],[-80.94332200039545,34.25428399990478],[-80.94404799994346,34.25418600018972],[-80.94426100037879,34.25415700031277],[-80.94563999967987,34.253989000265605],[-80.95041800033555,34.25340900021193],[-80.95201099989687,34.25321700001487],[-80.95244799973987,34.25316300022853],[-80.95376099981702,34.253003000245755],[-80.95419900038326,34.252950999907355],[-80.95786499990491,34.2525060000526],[-80.95885099974392,34.25238599971386],[-80.96189600019787,34.25202099976645],[-80.96198599971125,34.25201000006891],[-80.96688099964447,34.25074100000087],[-80.96699600017051,34.250707000211555],[-80.96730300031717,34.250626999779406],[-80.97363799965086,34.24899299992972],[-80.97364500022186,34.24900500023239],[-80.97525600022483,34.248598999808216],[-80.97539000011915,34.248564999895954],[-80.97579400035019,34.24846700020305],[-80.97592900006941,34.248434999930055],[-80.97605600029101,34.24840399986283],[-80.97653699961664,34.248277000306594],[-80.97836299970477,34.24779699979092],[-80.97897199997522,34.24763800022777],[-80.9794359995824,34.24751299997264],[-80.98083099967532,34.24713899981142],[-80.98129699983065,34.24701499979216],[-80.98131000024944,34.24701100033944],[-80.98134899970917,34.24699999998706],[-80.98136299995288,34.246997000025715],[-80.98140499978568,34.24698500017924],[-80.9815339996571,34.246951000357484],[-80.98157700021314,34.246939999997274],[-80.98203800034558,34.24681099998571],[-80.98388100015217,34.24629800017643],[-80.98549800000292,34.245970000043386],[-80.98696800043889,34.245673999967046],[-80.98716300043257,34.24563499984678],[-80.9957260004356,34.243455000277116],[-80.99620500011142,34.24333200030648],[-80.9962469999442,34.243321999751586],[-80.99764299986202,34.24296600016396],[-80.99812300026106,34.24284500004679],[-80.99836199973734,34.242783999780606],[-80.99907899996282,34.24260499986435],[-80.99931900016233,34.24254499971181],[-80.99941700007163,34.24251999994507],[-80.99967300016466,34.24245600006278],[-80.9997109997995,34.242446000146366],[-80.999810000432,34.24242199989664],[-80.99984399986887,34.24242500002106],[-80.99994699980104,34.24243699977507],[-80.99998199996114,34.24244100018775],[-81.00058600020873,34.24229500022487],[-81.00239800005316,34.24186099999982],[-81.00300300012567,34.24171600007104],[-81.0030199998441,34.24171200036647],[-81.00306400022504,34.24170100006413],[-81.00335399975494,34.24162999969818],[-81.00422400014132,34.24142100018748],[-81.00451500039443,34.24135200018886],[-81.00460900010577,34.24132800036984],[-81.00463300039523,34.24132200004271],[-81.0048929997879,34.2412599998552],[-81.00498800022247,34.241237999873526],[-81.00525500018614,34.24117300019792],[-81.00605799972703,34.240981000303044],[-81.00632600041396,34.24091699999321],[-81.00673700031771,34.240817999998335],[-81.00766299988224,34.2405959996315],[-81.0079700000289,34.24052200036925],[-81.00838099993264,34.24042299990983],[-81.00847999966685,34.24039800025544],[-81.00858000012427,34.24037499973515],[-81.00878000014082,34.24032599996181],[-81.00887999969993,34.240303000164474],[-81.00908399991444,34.240253000034436],[-81.00925399979374,34.24021300005751],[-81.00969900003267,34.24010599967317],[-81.00990400007207,34.24005699974325],[-81.0099760000421,34.240038999974026],[-81.01006499973057,34.24001699967325],[-81.01055099997737,34.23990099988255],[-81.01071400018398,34.23986299963468],[-81.01091400020053,34.23981499988333],[-81.01124700028646,34.23973599981524],[-81.01151400025014,34.239670999722485],[-81.0117140002667,34.239622999861666],[-81.01200700016966,34.23954600025982],[-81.01215299975951,34.239507999851696],[-81.01218100024693,34.23950099981371],[-81.01229000002687,34.239472000074564],[-81.01242700029422,34.23943600028208],[-81.01257299988409,34.23939799982432],[-81.01272100002211,34.23935899976661],[-81.0128690001601,34.239319999690785],[-81.01288900025159,34.23931399996317],[-81.01295200000078,34.239299000270904],[-81.01303400001655,34.23927699977674],[-81.01318299997946,34.23923799966292],[-81.01393000034219,34.239041999979136],[-81.01617499983165,34.23845399967501],[-81.01692300001928,34.238258999989654],[-81.01866700009165,34.237802000012394],[-81.02390299960842,34.23643199966692],[-81.025648000404,34.235975999792544],[-81.03922400034105,34.23253700007317],[-81.03946199999243,34.2325969999317],[-81.03969399979601,34.232669000151134],[-81.03987299989615,34.232708000337105],[-81.04005199999631,34.232779000058024],[-81.0403330002037,34.23293600014891],[-81.04045500040243,34.23300399996023],[-81.04062100008379,34.23311400017221],[-81.04064000035036,34.233168999852914],[-81.04069300005382,34.23326300016938],[-81.04076000000097,34.23335599998417],[-81.04087899982665,34.23348800026364],[-81.04100400039843,34.23360399997828],[-81.04133499993623,34.23386200017924],[-81.04156000006712,34.23404900025683],[-81.04179900044174,34.23427500012194],[-81.04199699991014,34.234406999703346],[-81.04215599991878,34.23451100024057],[-81.04221600019325,34.234583000308746],[-81.042262000224,34.23468200020912],[-81.042262000224,34.23477499994194],[-81.0422349995615,34.2350110001445],[-81.04220199994953,34.23517100016996],[-81.04214900024611,34.23534699992099],[-81.04210300021535,34.2355279996737],[-81.04209099962145,34.235583999633235],[-81.04206999970506,34.23569299981903],[-81.04205600035968,34.235797999878216],[-81.04205600035968,34.23589699983528],[-81.04212199958359,34.23613299986355],[-81.04218900042908,34.236253999974],[-81.0422610003991,34.236363999653406],[-81.04241399966163,34.236522999719234],[-81.04251300029416,34.236588999630285],[-81.04252800036278,34.23659599991041],[-81.04261200002837,34.23663299978981],[-81.04268499982331,34.23666100014942],[-81.04279799980121,34.23666100014942],[-81.0432609995835,34.23667699992641],[-81.04357899960078,34.23673200025037],[-81.04370400017258,34.23674900037024],[-81.04406800022065,34.23675999983439],[-81.04441300000215,34.23673299986439],[-81.0445850004296,34.236711000184926],[-81.04474400043826,34.23667200036774],[-81.0448959998759,34.23661199969969],[-81.04510099991532,34.23652400007834],[-81.04542599960533,34.236363999653406],[-81.04588900028592,34.23619999970069],[-81.04598800002012,34.236156000057534],[-81.04606800038606,34.23608399984919],[-81.0461269999373,34.236001999640045],[-81.04616700012026,34.23593600001146],[-81.04622700039472,34.2358039998564],[-81.04632600012893,34.23563299993866],[-81.04639200025115,34.23549599968005],[-81.04651799974954,34.235286999793985],[-81.0465910004428,34.23520999993976],[-81.0466769997582,34.2351659997792],[-81.04676299997192,34.2351550001068],[-81.04688900036861,34.23517199980247],[-81.04709400040805,34.23527099975291],[-81.04718700029444,34.23530400020568],[-81.04720700038594,34.23530800021465],[-81.04741800027314,34.235352999931315],[-81.04758399995448,34.23534800029408],[-81.04773600029046,34.23532600025273],[-81.04786799963661,34.23527099975291],[-81.04796800009404,34.23519900027312],[-81.04803400021629,34.23512800036472],[-81.04808699991972,34.23503399990229],[-81.04813999962317,34.23495200015591],[-81.04820599974543,34.23489100011159],[-81.04827900043867,34.23485299983032],[-81.04841099978482,34.234842000117034],[-81.048549999702,34.23484699978437],[-81.04884799962784,34.23493000001108],[-81.04903299957577,34.23494099971286],[-81.04933100039992,34.23493000001108],[-81.04960900023426,34.234842000117034],[-81.04973499973264,34.234793000093966],[-81.04983400036515,34.23474299966217],[-81.05000699971919,34.2346220003509],[-81.05020500008592,34.23453400013496],[-81.05031800006383,34.234522999637306],[-81.05043000021682,34.234522999637306],[-81.05058199965445,34.23454000020327],[-81.05066899969312,34.2345619997073],[-81.05073499981533,34.23454499988848],[-81.0507809998461,34.234490000363856],[-81.05086100021204,34.234375000026404],[-81.05091999976327,34.234319999647994],[-81.05098599988551,34.23429199999522],[-81.0512179996891,34.23423199985909],[-81.0516479998594,34.23417100003585],[-81.05207899985463,34.23412799971995],[-81.05222399961959,34.23412200036498],[-81.05237000010777,34.23412200036498],[-81.0527869998593,34.23417700013003],[-81.05308499978511,34.234221000064686],[-81.05334900027407,34.234248999741126],[-81.05358100007767,34.23428199985172],[-81.05383299997274,34.23429800008078],[-81.05422299996009,34.23429800008078],[-81.05440200006024,34.23426000027452],[-81.0546530001304,34.23417700013003],[-81.05481899981176,34.23411099981355],[-81.05492500011695,34.23403999973039],[-81.05501700017847,34.2339630002211],[-81.05512299958536,34.233864000218055],[-81.05531500010429,34.23356199976714],[-81.05541499966341,34.233364000187066],[-81.05551400029593,34.23312199965538],[-81.05558700009088,34.23297900033083],[-81.0556530002131,34.232862999755184],[-81.05572600000805,34.2327969998941],[-81.05581899989446,34.23274800016635],[-81.05591099995597,34.23273099998128],[-81.05608300038341,34.23272600018836],[-81.05622200030058,34.23273099998128],[-81.05640800007342,34.232759000153195],[-81.05657299992987,34.232829999831104],[-81.05677799996928,34.23297300015135],[-81.0568840002745,34.233071999716586],[-81.05701700034388,34.23321500036854],[-81.05713600016955,34.23333600021633],[-81.05723499990377,34.23342400019901],[-81.05738100039196,34.233529000117],[-81.05750000021763,34.233627999771244],[-81.0575460002484,34.23365499999437],[-81.05761900004333,34.23366599986273],[-81.05773100019633,34.233621999638],[-81.0578840003572,34.23347899967724],[-81.0579760004187,34.233330999716635],[-81.05800999985559,34.23319299976986],[-81.05802900012216,34.233071999716586],[-81.05803599979484,34.23258300019136],[-81.05805599988634,34.23210999995651],[-81.05805599988634,34.23197799974493],[-81.05806299955903,34.23187899963618],[-81.05808900039659,34.23178599967548],[-81.05816899986424,34.23172500030838],[-81.05839399999513,34.23161499976729],[-81.05859900003455,34.23152200025779],[-81.0589689999304,34.23132400033701],[-81.05907500023561,34.2312799996312],[-81.05921400015278,34.23125300013196],[-81.05937300016144,34.23124699982947],[-81.05944599995637,34.23119799994245],[-81.05945299962906,34.23113200026179],[-81.0594130003444,34.230917000358204],[-81.0594330004359,34.23078499976197],[-81.05947899956834,34.23067500022107],[-81.05952799997213,34.23059999997918],[-81.05957800020086,34.230526999788424],[-81.0596309999043,34.230433999820036],[-81.05967100008726,34.23037800014894],[-81.05971100027024,34.23029099964435],[-81.05973700020952,34.23003800033834],[-81.0597439998822,34.229866999851374],[-81.0597639999737,34.22975699985415],[-81.05991600030966,34.229520999780355],[-81.06003500013534,34.229388999966794],[-81.06022000008328,34.229219000093444],[-81.06038599976462,34.22909699982426],[-81.06047199997833,34.228977000275904],[-81.0605249996818,34.22887800035266],[-81.06053800010059,34.22880099983675],[-81.06051800000911,34.228673999671244],[-81.06045899955956,34.22853100022057],[-81.06045199988687,34.22844300032367],[-81.06047899965105,34.228387999784395],[-81.06055800019207,34.22836100010068],[-81.06075700038372,34.228355000334886],[-81.06090899982135,34.22833899971931],[-81.06095499985211,34.22831700007493],[-81.06100799955556,34.22826700025408],[-81.06102099997435,34.228189999922265],[-81.06101500012657,34.22808599974816],[-81.06102799964704,34.228003000202726],[-81.0610810002488,34.22798099972784],[-81.06122699983868,34.228003000202726],[-81.06141199978659,34.22804699964977],[-81.06161000015331,34.22811300026279],[-81.06174300022272,34.228189999922265],[-81.06181600001764,34.22826200019607],[-81.06201400038437,34.22849800008434],[-81.0621859999135,34.22866299989354],[-81.06227899979991,34.22872900002375],[-81.06238500010514,34.228767999806315],[-81.06254400011379,34.22879500010229],[-81.06271700036613,34.22881899978038],[-81.0629469996216,34.22884999963302],[-81.06312599972173,34.2288999998505],[-81.06337099994413,34.229010000224434],[-81.06381500035813,34.229251999947145],[-81.06389400000084,34.22930100022375],[-81.06399299973505,34.229356000166774],[-81.06411199956074,34.229455000270825],[-81.06421200001817,34.229547999834914],[-81.0642909996609,34.22964199973717],[-81.06434400026266,34.22976800023171],[-81.0644039996388,34.22995499974576],[-81.0645030002713,34.230229999936974],[-81.06456900039356,34.23030199995216],[-81.06468200037146,34.2303350001242],[-81.06477400043296,34.23039000013464],[-81.06486700031938,34.230466000252],[-81.06493300044163,34.23055400026312],[-81.06498000029728,34.23060900013052],[-81.06503300000075,34.23063700026531],[-81.06508499987928,34.23063700026531],[-81.06517799976568,34.23059799986283],[-81.0652840000709,34.230559999872305],[-81.06543600040688,34.23061999965406],[-81.06551599987448,34.230663999962005],[-81.06558199999674,34.23071899975763],[-81.06564800011897,34.23071899975763],[-81.06574699985318,34.23070800024697],[-81.0658399997396,34.230713999845186],[-81.06592000010554,34.23074100025997],[-81.06598600022777,34.23080200033986],[-81.06607800028928,34.2309010002294],[-81.0661710001757,34.23097199998853],[-81.0662699999099,34.23100499989803],[-81.06657500040676,34.23108199988413],[-81.06674699993589,34.23111499975052],[-81.06683899999739,34.23111499975052],[-81.06690599994454,34.23108199988413],[-81.06703800018902,34.2309780003106],[-81.0671570000147,34.230922999941484],[-81.06723700038064,34.23089499990184],[-81.06734299978754,34.230950000289255],[-81.06739600038931,34.230983000207374],[-81.06742200032858,34.231055000321405],[-81.06741499975757,34.231169999994236],[-81.06741499975757,34.23125300013196],[-81.06744900009275,34.23129700010915],[-81.06754799982696,34.23135099981345],[-81.06768000007145,34.23140100003144],[-81.06786599984427,34.23148300026518],[-81.06810400039396,34.23161499976729],[-81.06851399957446,34.231852000328985],[-81.0690369996312,34.23221999985093],[-81.06920900005865,34.23233599982708],[-81.06934200012805,34.232417999893045],[-81.06951000035754,34.23241599981987],[-81.06963800040405,34.23238200005501],[-81.06975200020686,34.2323199999679],[-81.0698669998346,34.232246000115616],[-81.07010299983614,34.232037000332056],[-81.07020300029357,34.23192399970006],[-81.07036499977697,34.231760000011526],[-81.07057599966417,34.231467000243974],[-81.0706490003574,34.231364999758675],[-81.07073899987078,34.23120900013176],[-81.07081500003876,34.23106500010543],[-81.07091200012314,34.23089999980348],[-81.07098099972013,34.23074400005793],[-81.07115999982027,34.230478000225176],[-81.07120800039915,34.230406000360475],[-81.07122799959232,34.23035100036048],[-81.07124100001113,34.23025199982435],[-81.07123400033842,34.23003199994922],[-81.07120099982815,34.22958699998089],[-81.07117499988887,34.22934999972912],[-81.07117499988887,34.22922400009459],[-81.07119499998036,34.22904800017168],[-81.07119499998036,34.228937999847375],[-81.07122099991962,34.22880000012861],[-81.07125400042992,34.22854200001553],[-81.07129399971456,34.22832200012964],[-81.07133999974532,34.22811900004588],[-81.07137999992828,34.22758499985254],[-81.07140000001978,34.22738700033074],[-81.07140000001978,34.227007999749034],[-81.07139300034707,34.22682700025114],[-81.07134700031632,34.22658999965979],[-81.07132700022484,34.22639799993274],[-81.07129999956236,34.226199999848646],[-81.07129999956236,34.226116999930035],[-81.07108899967515,34.22583200001645],[-81.0709160003211,34.22561199973636],[-81.07077099965784,34.225396999852755],[-81.07073800004586,34.22531499963506],[-81.07073800004586,34.22522700009168],[-81.07076399998515,34.225149999951604],[-81.07083699978007,34.22506200023584],[-81.07092999966649,34.2250009997121],[-81.07104900039049,34.2249409996409],[-81.07119400015544,34.224897000056714],[-81.07135300016411,34.22488599978571],[-81.07167799985412,34.22488599978571],[-81.07186299980204,34.2248799997723],[-81.07201500013801,34.22485299970677],[-81.07216099972787,34.22479799979412],[-81.07227999955356,34.224742999845546],[-81.07240599995025,34.22466600000574],[-81.07248499959297,34.22460499993798],[-81.07277800039425,34.224413000142604],[-81.07289499967179,34.224336000001124],[-81.07309399986343,34.224176999949236],[-81.07343799982002,34.22382999976083],[-81.07359699982868,34.22368700025618],[-81.07376900025614,34.223522000354635],[-81.07388800008181,34.22342900007863],[-81.07399400038703,34.22335700012993],[-81.0742250003657,34.2231700000787],[-81.0743580004351,34.223087999921404],[-81.07450999987276,34.2230049999073],[-81.0746620002087,34.222938999748216],[-81.07482100021736,34.22286199974482],[-81.07494699971575,34.22278000003041],[-81.07509900005172,34.22269200006699],[-81.07521200002962,34.22258700000717],[-81.07538399955875,34.22240599992221],[-81.07549300023702,34.22227300031361],[-81.07552900022203,34.222229999864695],[-81.07585999975981,34.22174099977944],[-81.07593299955474,34.22164699997246],[-81.07601899976846,34.221520999956084],[-81.07619799986861,34.221312000297296],[-81.07631699969431,34.221180000245646],[-81.07645599961148,34.221052999730624],[-81.07662100036623,34.22095999969994],[-81.0767529997124,34.220905000216554],[-81.07687900010909,34.22093800035657],[-81.07701800002627,34.22098199978038],[-81.07712400033148,34.22104799998721],[-81.07717700003492,34.221114000142286],[-81.07728300034015,34.22127900030378],[-81.07734199989137,34.22140499993939],[-81.07736199998286,34.221536999638474],[-81.07733600004359,34.221889000053174],[-81.07733600004359,34.22235600030618],[-81.0773290003709,34.222570999781404],[-81.07733600004359,34.222846000314085],[-81.07736299980776,34.223143000207834],[-81.07738899974703,34.22384100016974],[-81.07741600040953,34.22401699983236],[-81.07749500005225,34.22440700009551],[-81.0775750004182,34.22462699980919],[-81.07768099982508,34.22480800032111],[-81.07775299979511,34.22490699982917],[-81.07785900010032,34.224990000197444],[-81.07793199989526,34.225027999730194],[-81.07802499978168,34.225044999984725],[-81.07815100017837,34.22503399973305],[-81.07857399977767,34.22496799967823],[-81.07897800000872,34.224918000097496],[-81.0796530004014,34.22480800032111],[-81.08014299994787,34.22475299963628],[-81.08038099959923,34.22474200008919],[-81.0810760000834,34.22474200008919],[-81.08140699962121,34.224779999733876],[-81.0815330000179,34.2247859997544],[-81.08185000021031,34.2247859997544],[-81.08203599998316,34.2247859997544],[-81.08238599978752,34.224779999733876],[-81.08285000029302,34.22474700035618],[-81.08329999965649,34.22475299963628],[-81.08358400023694,34.22472499977355],[-81.0837430002456,34.22469699990144],[-81.08387600031499,34.2246530001898],[-81.0839619996304,34.22459800014654],[-81.08403399960041,34.22452199993311],[-81.08414699957831,34.22433500023999],[-81.084497000281,34.22369700017227],[-81.08456400022816,34.223542999995445],[-81.08462799980225,34.22343299990896],[-81.08479500020685,34.223147000051725],[-81.08493400012401,34.222933000338905],[-81.08508599956167,34.22273999992336],[-81.08527800008059,34.2225199997379],[-81.08560899961839,34.222152000168954],[-81.08583399974928,34.221892999956566],[-81.08630400010256,34.22144199980839],[-81.08664999970897,34.22112999990198],[-81.08680000039513,34.220996999764395],[-81.08695900040378,34.22081500017414],[-81.08708400007725,34.220649999846636],[-81.08760700013397,34.22009000028695],[-81.0879250001513,34.21978199983373],[-81.08816299980268,34.21954500021852],[-81.08828199962835,34.21940799978576],[-81.08838100026087,34.21932000001387],[-81.08850699975925,34.219253999938886],[-81.08863900000374,34.21919900008449],[-81.08884400004315,34.21913799977183],[-81.08915600021268,34.21907200029709],[-81.08936700009987,34.2190119997168],[-81.0895720001393,34.21894600014335],[-81.08973100014795,34.21886900020426],[-81.08987000006512,34.21877500016388],[-81.09012799980799,34.21858299970813],[-81.09031399958081,34.21845599973497],[-81.09042599973382,34.21839600020158],[-81.09061800025275,34.218318999759816],[-81.09094899979053,34.21823600024663],[-81.09153100029681,34.218066000147296],[-81.09182900022265,34.21799400007171],[-81.09226600006565,34.217921999934596],[-81.09260300034954,34.21787799965545],[-81.09280199964286,34.21783400009617],[-81.09298699959079,34.21776800034267],[-81.09310600031478,34.21769699985235],[-81.09323199981317,34.217602999990014],[-81.09329799993542,34.217509999864944],[-81.09336400005765,34.21733399997829],[-81.09344299970037,34.21716299969829],[-81.09350999964752,34.217004000221294],[-81.09359599986125,34.2168339998645],[-81.09369499959546,34.216696000371414],[-81.09382699983993,34.21653100014786],[-81.09402600003156,34.216327999875226],[-81.09409800000157,34.21625599980005],[-81.09466700008906,34.21565100018401],[-81.09482600009773,34.21545900003744],[-81.0949580003422,34.21527700036902],[-81.09512999987133,34.215001999642645],[-81.09526200011582,34.21477699993403],[-81.0953950001852,34.214561999882164],[-81.09551999985868,34.21437000022559],[-81.09567300001954,34.214172000098344],[-81.09583799987598,34.21389700022276],[-81.09586299999035,34.213872000122024],[-81.0973869999547,34.21401099966687],[-81.09857100016042,34.214118999662674],[-81.09878100022269,34.214139000279516],[-81.09977899975726,34.21422999990617],[-81.1019580000228,34.21443499979077],[-81.10348199998717,34.21457999989719],[-81.10353800006366,34.21457900002029],[-81.10360900020878,34.214591999905075],[-81.1066520001146,34.21489499990894],[-81.10718600004196,34.21493699977206],[-81.10879000037227,34.21506299997847],[-81.10932500012456,34.21510600037137],[-81.10980299997544,34.21514599964603],[-81.11123700042643,34.215267000196285],[-81.11171500027731,34.21530800000565],[-81.11237100040343,34.21536300017154],[-81.11433899988347,34.21552900031955],[-81.11475200033534,34.215564000067346],[-81.1149959998345,34.21558500020618],[-81.11608100030602,34.21567599975687],[-81.11933699974887,34.21595199962984],[-81.12042300004529,34.21604400012939],[-81.12050699971088,34.21605099988876],[-81.1213529998078,34.21598299976091],[-81.1241460003667,34.21576100003211],[-81.12481300036346,34.2157089997166],[-81.12507799977902,34.215729999819295],[-81.1269080000651,34.21587800025322],[-81.13240100039813,34.21632299985134],[-81.13423199961083,34.2164719998409],[-81.13533100032606,34.21656100021252],[-81.13862899960169,34.216829999720915],[-81.13972900014183,34.21692000030637],[-81.1406000003531,34.21699000011748],[-81.14176799976697,34.21708399992089],[-81.14321499973842,34.217200999790535],[-81.1440869997746,34.217271999956],[-81.14567100001344,34.21740000007175],[-81.14938799958871,34.21770199979469],[-81.15042500037966,34.217785999672806],[-81.15201000044337,34.21791500033067],[-81.15266700039439,34.21796799986421],[-81.15463900007241,34.218126999750474],[-81.15529699984836,34.21818099972771],[-81.15626699979383,34.218259000128846],[-81.15917900017838,34.218495999647715],[-81.15992399999297,34.21855699968239],[-81.16014999994876,34.218578999647534],[-81.16295699985307,34.218818999974566],[-81.16473299971247,34.21897100022424],[-81.16769500032575,34.2192240000903],[-81.16791899973343,34.21924299967373],[-81.17138000011398,34.219539999642734],[-81.17418799984318,34.21978100001854],[-81.17461299999061,34.219812000226426],[-81.17475600010575,34.219821999859725],[-81.17489800039596,34.2198320002347],[-81.17505999987937,34.21984299968008],[-81.17522100043615,34.21985499968122],[-81.17558899978387,34.219881000049135],[-81.17979400015412,34.220184000345675],[-81.18106799987318,34.22027599993809],[-81.18119599991971,34.220284999707104],[-81.18119599991971,34.22025799965435],[-81.18119699974463,34.22021499966244],[-81.18120799961528,34.22017799999734],[-81.1812160000112,34.22015300027467],[-81.1813220003164,34.219797999846406],[-81.18133400001197,34.2197280001399],[-81.1813420004079,34.2196199999056],[-81.18133099963893,34.219477999758205],[-81.18132599961605,34.21929999988405],[-81.18133400001197,34.21919199984383],[-81.18134400005772,34.219121999633806],[-81.18137099982191,34.21901700032392],[-81.1814000001342,34.21895400022946],[-81.18141799967758,34.218917000010535],[-81.18146299988341,34.218856000236514],[-81.18151800013499,34.21880000029547],[-81.18154999992204,34.218775999991],[-81.18158599990706,34.21875599973209],[-81.18166399972486,34.21872400005067],[-81.18174800028876,34.218703999779365],[-81.18183399960417,34.21869099978621],[-81.18200699985654,34.218679000362116],[-81.18205000041254,34.2186710002499],[-81.18213200042831,34.21864799973732],[-81.182207999698,34.21861199995591],[-81.18227800001819,34.21856999969626],[-81.18230999980524,34.21854600006911],[-81.18232200039911,34.21851299973488],[-81.18232200039911,34.21847699989576],[-81.18230999980524,34.218406000003],[-81.18225999957652,34.21830700028272],[-81.18223899966013,34.21827600026388],[-81.18216500004029,34.218188000052365],[-81.18210099956787,34.21812599991565],[-81.18189600042678,34.21797199995382],[-81.18166399972486,34.21781199993643],[-81.18128399978325,34.21752100035637],[-81.18123100007982,34.21746600011346],[-81.1811590001098,34.217377999798735],[-81.18111599955378,34.217276999923506],[-81.1810600003756,34.217068999983006],[-81.1810539996295,34.21703400011753],[-81.18100099992603,34.21686299997152],[-81.18096400011612,34.21676100037075],[-81.18087399970445,34.21656200006591],[-81.18084100009249,34.21650299978071],[-81.18069299995447,34.21623800014305],[-81.18067000038825,34.21620799996337],[-81.18063600005306,34.21610600031252],[-81.18061400031175,34.216002999935306],[-81.18059500004519,34.215863000100626],[-81.180568000281,34.21579499982104],[-81.18052300007515,34.21573400001516],[-81.18043699986143,34.215654999640705],[-81.18033999977705,34.21558500020618],[-81.18021500010359,34.21551300023894],[-81.18009100025502,34.21544100021024],[-81.17954399990884,34.21516099992627],[-81.17946799974087,34.21513000023556],[-81.17913600037816,34.21496800027657],[-81.17902300040026,34.21491700008749],[-81.17891500044523,34.21485900000967],[-81.17883900027725,34.21482599971704],[-81.17869399961397,34.21474699997698],[-81.17858400000911,34.21469300002743],[-81.17850299981826,34.21466700028699],[-81.1783859996424,34.214621999917256],[-81.17819700039483,34.21453899973359],[-81.17812200005176,34.214501999804334],[-81.17801400009672,34.214441999683785],[-81.17794999962432,34.214395000178584],[-81.17785900028603,34.21432100017743],[-81.17780800023239,34.21428599991326],[-81.17777899992008,34.21426000004724],[-81.1777599996535,34.214228000143976],[-81.17771100014801,34.214171000216574],[-81.17765900026947,34.21403700035259],[-81.17765400024662,34.214003999738026],[-81.17762999995718,34.21393700007134],[-81.17763099978208,34.21390300027555],[-81.17761700043668,34.21387000035138],[-81.17761300023872,34.213835999785644],[-81.1776180002616,34.21380299983523],[-81.17760800021587,34.21376899998537],[-81.1776180002616,34.213735000121794],[-81.17761099969059,34.21366599972282],[-81.1776180002616,34.213630999929514],[-81.17761400006364,34.21356200018824],[-81.17762400010938,34.21352700035174],[-81.1776180002616,34.21345799978244],[-81.17762300028446,34.21342299990276],[-81.1776180002616,34.213388000008464],[-81.17762400010938,34.21331900006822],[-81.17761200041383,34.21324900017877],[-81.17756499965984,34.21307599999033],[-81.17754299991853,34.213045000275486],[-81.17750899958334,34.21298100027682],[-81.17746000007786,34.21292300035217],[-81.17743999998636,34.21289199983817],[-81.17741300022219,34.21286399974745],[-81.1773150003129,34.21279400022292],[-81.17727900032789,34.21277499992805],[-81.17719800013704,34.212747999697164],[-81.177154999581,34.21274099966341],[-81.17706900026562,34.21274200030501],[-81.17690000021119,34.212772000233024],[-81.17686000002823,34.212784999653714],[-81.17672000028614,34.212869999873796],[-81.17662499985158,34.212943999663516],[-81.1765489996836,34.21298699965202],[-81.17652100009452,34.21300799969023],[-81.17648400028459,34.21302699993256],[-81.17631699988002,34.2130649996615],[-81.17614399962764,34.21307400020079],[-81.1760139999313,34.2130649996615],[-81.1759290004408,34.21305200028399],[-81.17580399986902,34.213020999817395],[-81.17572600005123,34.21298900018649],[-81.1756180000962,34.21293100026733],[-81.17555500034699,34.21288100022814],[-81.17550099992033,34.21282599992788],[-81.17543700034622,34.212693999952265],[-81.17541999972947,34.21258900006043],[-81.17541800007965,34.21255399981976],[-81.17543499979807,34.212484999939484],[-81.17546300028549,34.21241899971048],[-81.17554399957801,34.212293999911694],[-81.17557799991322,34.21223099999037],[-81.17560300002758,34.212201999774905],[-81.17565800027916,34.212105999912716],[-81.17569400026417,34.212004999661055],[-81.17570900033279,34.2118630000513],[-81.17571199980752,34.21175799986687],[-81.17569199971604,34.21165300029449],[-81.17567199962454,34.21158399967648],[-81.17562800014193,34.21148400019857],[-81.17558799995895,34.21142200032898],[-81.17549599989745,34.21133299972953],[-81.17543200032335,34.21128500005999],[-81.17532600001813,34.21122399996074],[-81.17520899984227,34.211176000229116],[-81.17504499981074,34.211131000223766],[-81.17495899959701,34.21112100030183],[-81.17487300028161,34.21111899972301],[-81.17482899990068,34.21111400013292],[-81.17465599964832,34.21110600004531],[-81.17457000033292,34.21109600012042],[-81.17444599958604,34.21106299983989],[-81.17429300032347,34.21099400022453],[-81.17419000039132,34.210930000154036],[-81.17411500004823,34.210894000046565],[-81.17399600022254,34.21085099973297],[-81.17363200017448,34.2107469996958],[-81.1735149999986,34.21070300012719],[-81.17348099966343,34.210682000257414],[-81.17341799991425,34.21063300029335],[-81.17339899964766,34.21060099975564],[-81.17339199997497,34.21056600017508],[-81.17339000032516,34.21049500030207],[-81.17339600017293,34.21042400036924],[-81.17341299989137,34.21031899987766],[-81.1734360003559,34.210251000324334],[-81.17343999965554,34.21021599985556],[-81.17363600037244,34.209789000246026],[-81.1736909997257,34.20958300026621],[-81.17370999999228,34.209479000150075],[-81.17370499996942,34.209265999832986],[-81.17367200035746,34.20892199972234],[-81.17366399996152,34.2088890000763],[-81.17365100044107,34.208784999846635],[-81.17362499960348,34.208718999691484],[-81.17362200012873,34.20868500001912],[-81.1735569998314,34.20848400005883],[-81.17343100033303,34.208184999844576],[-81.17328400001995,34.2079269997414],[-81.1731829997376,34.207768999881445],[-81.17310800029283,34.20768299975797],[-81.17302299990403,34.207603000048096],[-81.17296099997974,34.20755299981938],[-81.17293500004048,34.20752500018353],[-81.17281399966664,34.20742299968027],[-81.17262200004603,34.20727999981574],[-81.1725919999088,34.207254000016896],[-81.17252400013675,34.20716300028639],[-81.17251300026608,34.20709299974108],[-81.17251300026608,34.20705700022333],[-81.17252999998452,34.20702599978023],[-81.1725910000839,34.206974999984965],[-81.172626000244,34.2069529999618],[-81.17267399992457,34.2069339998359],[-81.17273199965089,34.20694800012463],[-81.17281799986462,34.20695699983138],[-81.17306800010986,34.20701000031394],[-81.17310699956961,34.20702499981363],[-81.1731900003086,34.20704399991909],[-81.17327599962401,34.20704999971687],[-81.17336299966264,34.20704799978434],[-81.17340500039376,34.207042999952755],[-81.17353199971704,34.207016000114145],[-81.17356900042529,34.20699799996932],[-81.17367099963423,34.20693199990061],[-81.17372699971071,34.20687800014364],[-81.17375699984795,34.206811999980964],[-81.17376600006878,34.20677800028224],[-81.17375500019813,34.206671999735],[-81.1737250000609,34.206605000182414],[-81.17370199959636,34.20657600025978],[-81.1735769999229,34.206477999986184],[-81.17354000011296,34.206459999726455],[-81.17341999956406,34.206418000096],[-81.17337799973127,34.20641000030556],[-81.17309300022423,34.20632500025611],[-81.1729790004214,34.20627500001219],[-81.17293800041352,34.20626100035465],[-81.17288399998685,34.20612599982264],[-81.1728930002077,34.20609099986958],[-81.17293599986537,34.20602799976884],[-81.17294900028418,34.2059939997538],[-81.17299699996475,34.20591899982525],[-81.17304999966821,34.205910999987395],[-81.1731330004072,34.20588999966654],[-81.1731760000649,34.20588299980608],[-81.17329700043872,34.20584299984934],[-81.17333099987559,34.205821000273644],[-81.17336799968551,34.20580299987357],[-81.17344100037877,34.20571500000871],[-81.17344800005145,34.205679999884985],[-81.17344700022656,34.205644999746724],[-81.17342600031016,34.20557600015322],[-81.17335000014218,34.20548900003616],[-81.17328099964689,34.20544599993659],[-81.17320500037721,34.205411999686866],[-81.17303999962246,34.205367000318496],[-81.1729140001241,34.20533899995647],[-81.1728370001312,34.20530599965053],[-81.17280399962091,34.20528299994747],[-81.17277799968164,34.205254000312884],[-81.17275199974237,34.205185999644804],[-81.17273500002393,34.205116999675575],[-81.17272400015327,34.20501299999212],[-81.17272900017615,34.204978000319805],[-81.1727249999782,34.20494399988129],[-81.17273000000108,34.20490800018865],[-81.17275799959016,34.20484099997685],[-81.17277900040487,34.20481000020458],[-81.1728170000397,34.20479400031765],[-81.17286100042062,34.20478800035928],[-81.17299100011698,34.20478199965753],[-81.1730770003307,34.20479000034543],[-81.17311900016348,34.20479800028967],[-81.17320500037721,34.20480500024024],[-81.17333500007355,34.20479900028265],[-81.17337799973127,34.20479200033154],[-81.17341799991425,34.20477699969153],[-81.17344399985349,34.20475299985058],[-81.17345399989924,34.20471800007034],[-81.17345399989924,34.20468300027553],[-81.17343800000572,34.204612999899396],[-81.17343499963266,34.2045770000654],[-81.17341100024154,34.20454800018798],[-81.17339199997497,34.20451600031163],[-81.17336600003568,34.204487999666924],[-81.17333300042374,34.20446399974368],[-81.17329700043872,34.20444599979682],[-81.17323100031649,34.20439999991506],[-81.17307999980544,34.20433300004239],[-81.17287499976602,34.204277000108],[-81.17283200010831,34.2042690001143],[-81.17279000027553,34.204266000116505],[-81.17270700043485,34.20424800012731],[-81.17262100022113,34.20424200013007],[-81.17257900038834,34.2042340001331],[-81.17252999998452,34.204236000132404],[-81.17245200016671,34.20422500013557],[-81.17240899961071,34.20423000013432],[-81.17232499994512,34.20422000013652],[-81.17228300011232,34.204224000135795],[-81.17220000027164,34.20421200013748],[-81.17216000008867,34.20421800013684],[-81.1721190000808,34.204219000136696],[-81.17203700006502,34.20423300013345],[-81.17191700041442,34.20427400011044],[-81.17184999956896,34.2043190000623],[-81.17175900023068,34.20430500007985],[-81.17159400037423,34.204260000120556],[-81.17143399964235,34.204203000137596],[-81.17132999988527,34.204138000110014],[-81.17130099957298,34.20411100008383],[-81.17125200006747,34.204052999998304],[-81.17123100015107,34.204020999934045],[-81.17118299957218,34.20392299966164],[-81.1711619996558,34.203780999807776],[-81.17115699963291,34.2036749999493],[-81.17116000000597,34.20360500022196],[-81.17115599980801,34.20356899995753],[-81.17115900018105,34.203462999832425],[-81.17116599985376,34.20342800025948],[-81.1711690002268,34.203321999957126],[-81.17116000000597,34.20317899982165],[-81.17112999986874,34.20307499997599],[-81.17109499970864,34.20300999982153],[-81.17104600020315,34.20295099970655],[-81.17098799957851,34.20289799964363],[-81.17095199959351,34.202877000057995],[-81.17087600032383,34.20284400027413],[-81.17083399959273,34.20283300009565],[-81.17079099993502,34.202831000063014],[-81.17074900010223,34.202841000225575],[-81.17063199992636,34.202889000246415],[-81.17059799959118,34.202910999844356],[-81.1705359996669,34.20296199986964],[-81.17048200013855,34.20301699992057],[-81.17040799962038,34.2031030003471],[-81.17032999980258,34.20318699991873],[-81.1702190003728,34.20329399965876],[-81.17011200024267,34.20335400028673],[-81.16998500002107,34.20338099981248],[-81.16994099964015,34.20337899979284],[-81.16988299991381,34.20328300028196],[-81.169873999693,34.203247999891325],[-81.16983500023325,34.202394999994766],[-81.1698329996851,34.20218399965466],[-81.1698460001039,34.202053000125034],[-81.16984699992882,34.202041999843345],[-81.16990800002819,34.20183500021827],[-81.16993300014255,34.201767999792864],[-81.16994999986098,34.201698999997696],[-81.16996599975451,34.20166599975264],[-81.1699869996709,34.20159799990498],[-81.17006200001397,34.201397000132836],[-81.17019699973318,34.2010990000766],[-81.17022900041854,34.20099699996998],[-81.17025000033495,34.20085499964518],[-81.17024100011412,34.20077200001952],[-81.17023600009124,34.20071499990698],[-81.17020099993114,34.20061200003613],[-81.17014700040279,34.20047700011574],[-81.16999599989173,34.20022299964109],[-81.16990600037838,34.20006300010172],[-81.16984299973086,34.199930000146715],[-81.16981299959363,34.199790999667876],[-81.16981299959363,34.199756000056354],[-81.16979500005027,34.19965099964878],[-81.16974399999665,34.199444000096754],[-81.16970700018672,34.19934100015905],[-81.1696360000416,34.1992120000451],[-81.16959099983578,34.199153000244],[-81.16955499985076,34.19908900009825],[-81.16951200019305,34.19902800008822],[-81.16943500020017,34.19894300002507],[-81.16935099963626,34.19886200012986],[-81.16916099966548,34.19871500034141],[-81.16901099987763,34.198584999945986],[-81.16888600020418,34.19848599997334],[-81.16885699989186,34.19845900036589],[-81.16877999989896,34.19837399972909],[-81.16871100030198,34.198284000141456],[-81.16861599986743,34.19812499996644],[-81.16853499967657,34.19795899971615],[-81.16845400038405,34.19775700010763],[-81.16843099991951,34.19765300026025],[-81.1684090001782,34.19744300002023],[-81.1684090001782,34.197372000238225],[-81.1684040001553,34.19733700036557],[-81.1684040001553,34.19730099965345],[-81.16840599980515,34.19708899985391],[-81.16839800030753,34.19670099963935],[-81.16840599980515,34.196558000161254],[-81.16842699972153,34.19649100000025],[-81.16843000009459,34.19645499966993],[-81.16845100001099,34.19638800017011],[-81.16850299988951,34.196184000322646],[-81.1685160003083,34.19615200024353],[-81.16853100037693,34.19608300031021],[-81.16855800014112,34.19601799996604],[-81.16855999979093,34.19598300027433],[-81.16856300016399,34.19597199994368],[-81.16859300030121,34.195846000173844],[-81.16860599982168,34.19570400008967],[-81.1685999999739,34.19549199998995],[-81.16858800027833,34.19542200015536],[-81.16858999992817,34.19538700021628],[-81.16857599968445,34.19531799965697],[-81.16857099966158,34.19524700031472],[-81.16856399998889,34.19521299966669],[-81.16855800014112,34.19500099981853],[-81.16856200033907,34.194857999686505],[-81.16858200043056,34.19475600020279],[-81.16860199962372,34.19472400032477],[-81.16862900028622,34.19465899967603],[-81.16869399968523,34.19456899983818],[-81.16879199959452,34.19445500010377],[-81.16885600006694,34.194393999713306],[-81.16887699998334,34.19437499972887],[-81.16896999986976,34.19430300021821],[-81.16900699967967,34.19428699982322],[-81.16906899960395,34.19424199971778],[-81.16910299993914,34.1942229996991],[-81.16920000002352,34.19415700003102],[-81.16923000016075,34.194132000019415],[-81.16946000031452,34.19398500015798],[-81.16952399988863,34.19393700026903],[-81.16955900004872,34.193918000181625],[-81.16968899974506,34.19382800029596],[-81.16982099998955,34.19375099969827],[-81.16985299977661,34.19372699969064],[-81.16992599957153,34.193692999915775],[-81.1699590000818,34.19366899989164],[-81.16999800043988,34.19365500036971],[-81.17003400042489,34.19363600021876],[-81.17006600021192,34.19361300030405],[-81.1701060003949,34.19360000015563],[-81.17017300034205,34.19355800006258],[-81.17021400034994,34.19354600003213],[-81.17028399977181,34.193506000166025],[-81.17032499977971,34.193494000128176],[-81.17035800028998,34.193472999686314],[-81.17043399955965,34.19344300031981],[-81.17046700006992,34.193420999737334],[-81.17050700025288,34.19340800030238],[-81.1705440000628,34.19339000022406],[-81.17057599984986,34.19336700024226],[-81.17061600003284,34.19335600031332],[-81.1706839998049,34.19331500022793],[-81.17072399998787,34.1933030001629],[-81.17079199975993,34.19326200005173],[-81.170831000118,34.19324700033231],[-81.17085899970708,34.19322200005091],[-81.17089600041533,34.19320600019387],[-81.17096400018738,34.19316600016649],[-81.17100600002017,34.19315699973047],[-81.17107399979224,34.193118999942875],[-81.17111499980011,34.193105999718306],[-81.17114599976225,34.19308299965903],[-81.17122100010533,34.19304999975691],[-81.17125200006747,34.19302600029276],[-81.17129100042553,34.19301099978832],[-81.17143000034271,34.192927999871365],[-81.17146100030484,34.19290300023844],[-81.17152900007692,34.19286099979819],[-81.17181600013208,34.19264400003882],[-81.17193400013286,34.1925399998295],[-81.17201199995067,34.19245600005269],[-81.17203299986707,34.19242500018462],[-81.17205999963124,34.192398000122516],[-81.1721330003245,34.19230999963991],[-81.1721540002409,34.19227899971823],[-81.17216900030951,34.19224600024449],[-81.17222500038599,34.19214999994572],[-81.17228999978501,34.19195500007049],[-81.17231800027241,34.19185099975456],[-81.17235500008233,34.19167800023096],[-81.17237099997588,34.19153699996588],[-81.1724449995957,34.19125900008588],[-81.17244899979366,34.19123899998432],[-81.17247599955786,34.19112000017377],[-81.1725569997487,34.19087999973285],[-81.17268599962013,34.190580000078846],[-81.1727040000618,34.19054800010234],[-81.17273099982597,34.19048100036752],[-81.17275000009255,34.19044900035344],[-81.17277900040487,34.19038299996092],[-81.17284800000184,34.19025499968294],[-81.17292800036778,34.19013099987857],[-81.17294099988827,34.19009899973164],[-81.17298000024631,34.19003699973756],[-81.17304999966821,34.189909999847124],[-81.17307499978256,34.18987600001954],[-81.17309200039931,34.189843000348596],[-81.17314299955463,34.18978799987754],[-81.1731619998212,34.18975600034361],[-81.17317900043797,34.18973700005724],[-81.17323700016426,34.18966999967821],[-81.17340100019581,34.189507999828315],[-81.17355199980854,34.18937999970851],[-81.17370999999228,34.189257000281145],[-81.17377799976435,34.18921500025437],[-81.17380999955141,34.189190000263835],[-81.17391900022966,34.18913600028882],[-81.17415299968307,34.18904999973436],[-81.1745490004165,34.188921999662504],[-81.17459100024932,34.18890900027714],[-81.17475399955761,34.18886700007708],[-81.17538000044482,34.18872799993807],[-81.17546199956226,34.188706999795585],[-81.17567199962454,34.188664000053635],[-81.1763799996292,34.188505000316376],[-81.17671199989023,34.18842400005455],[-81.17683400008896,34.188389000183435],[-81.17698600042492,34.18832500004178],[-81.1770969998547,34.18827299989091],[-81.17736399981838,34.188160000009894],[-81.17743699961332,34.18812399983844],[-81.17747699979628,34.18811000013919],[-81.1777029997521,34.1880109997578],[-81.17782099975287,34.18797000004623],[-81.17789400044612,34.187934999986666],[-81.17793600027892,34.18792599973547],[-81.17796999971578,34.1879050001364],[-81.17804800043191,34.187879000307035],[-81.17818999982381,34.18780699970895],[-81.1783370001369,34.18774500025926],[-81.17847699987898,34.187668000052305],[-81.17855100039716,34.18763699991053],[-81.17892200011791,34.187448999909414],[-81.17902900024804,34.187387000196566],[-81.1791310003553,34.187320999637215],[-81.17919400010449,34.18727100001222],[-81.17922900026458,34.187250999708056],[-81.17934899991519,34.187147000279346],[-81.17942300043335,34.187059999722685],[-81.17946500026615,34.18695799972458],[-81.17948899965727,34.18685399993454],[-81.1795050004491,34.18675000001633],[-81.17950799992384,34.1866440002964],[-81.17945799969513,34.186113999698726],[-81.17943000010604,34.1859740000084],[-81.17941199966438,34.18585399998269],[-81.17940199961862,34.185787999709994],[-81.17939900014389,34.1857619999712],[-81.17936599963363,34.185594999685975],[-81.17935399993804,34.18553099965363],[-81.17933700021962,34.18544700032713],[-81.17930299988444,34.18520000000038],[-81.17928799981581,34.18487800036883],[-81.17928500034108,34.18481000035866],[-81.17924099996014,34.18435399974857],[-81.17923099991441,34.184215000346754],[-81.17923500011237,34.183625000331276],[-81.17924000013524,34.183557000054215],[-81.17923400028745,34.183311999890975],[-81.1792379995871,34.18324400010475],[-81.17923299956422,34.18320900031363],[-81.17923500011237,34.18310500036024],[-81.17924199978506,34.18307100001897],[-81.17924299960997,34.183001999787024],[-81.17925900040181,34.182865000149995],[-81.17926500024959,34.1827620000269],[-81.17925900040181,34.18272800029053],[-81.17926900044755,34.18266000003357],[-81.17928199996804,34.182283999721484],[-81.17927899959497,34.182215000332135],[-81.17928500034108,34.18218099963218],[-81.17928100014312,34.18207800016022],[-81.17928899964072,34.181769999769685],[-81.17929600021174,34.18170200022678],[-81.17929299983868,34.18156399969644],[-81.17929899968648,34.18149599998758],[-81.17929500038683,34.181426999953686],[-81.17929799986156,34.18139399994985],[-81.1792939996636,34.18122000025667],[-81.17929600021174,34.18101499985869],[-81.17929200001377,34.18097999988595],[-81.17929500038683,34.180911000173225],[-81.17928000031822,34.18066899985157],[-81.17928399961785,34.18060100016444],[-81.17927699994516,34.180521000025266],[-81.17927100009739,34.18046199978106],[-81.17927000027247,34.180319999805185],[-81.17925600002876,34.180141999728136],[-81.17925799967858,34.18010700013646],[-81.17922699971645,34.17982300023704],[-81.17920199960209,34.17968299976738],[-81.17919999995227,34.17957700008538],[-81.17914399987575,34.179219999840186],[-81.17912100030954,34.17903999981825],[-81.17906299968492,34.178717999712894],[-81.17902199967703,34.17839500030206],[-81.17897900001932,34.17789099984444],[-81.17895599955479,34.17774799968684],[-81.17887799973698,34.17735500031302],[-81.17881400016289,34.177145000067455],[-81.17879599972122,34.17707800009143],[-81.17874899986556,34.176897999959095],[-81.17869299978905,34.17672500023795],[-81.1785749997883,34.176398000053965],[-81.17856800011559,34.17636299965239],[-81.17849500032065,34.176154999832946],[-81.17843000002333,34.176022000076244],[-81.1783999998861,34.17591800018193],[-81.1783859996424,34.175872000344974],[-81.17837099957379,34.17566000019086],[-81.17836999974887,34.17564599990952],[-81.17835999970313,34.175396999932474],[-81.17833299993895,34.175056000168645],[-81.17831399967238,34.17482500026499],[-81.17830600017477,34.174714000163554],[-81.17830299980172,34.174680000156854],[-81.17829899960375,34.17463300003759],[-81.17829299975598,34.17455199983391],[-81.17865099995626,34.174733999723934],[-81.18202799977294,34.17645399992317],[-81.1849269997387,34.17799299965805],[-81.18682599962177,34.179196999710165],[-81.18744400011308,34.17967400012209],[-81.18887199981795,34.18077700020375],[-81.18980999997638,34.18159499984067],[-81.19063500015689,34.182312999824966],[-81.19213099963385,34.18343799980899],[-81.1935490001913,34.184246000259954],[-81.19366800001697,34.18431599971032],[-81.19372599974328,34.18434799982188],[-81.1939030001936,34.184450000003636],[-81.19680999965699,34.18611000032653],[-81.19853600018602,34.18716200034063],[-81.19867500010321,34.18724699964666],[-81.19883900013471,34.18734699963853],[-81.19914200008343,34.187530999819124],[-81.19977999976788,34.187920000062896],[-81.20004699973158,34.188044000145524],[-81.20165199988678,34.18878700034579],[-81.20279099988664,34.18969800004274],[-81.20352599965548,34.190500999905744],[-81.20433199956943,34.191382999717874],[-81.20513900020661,34.19226499996555],[-81.20520000030598,34.192331999769166],[-81.20616799970331,34.19295499976377],[-81.2066239998129,34.193252000239085],[-81.20744599962038,34.19371400030285],[-81.20841100044129,34.19432499982753],[-81.21118900003323,34.19494799995895],[-81.21285399956457,34.19506700031203],[-81.21371800010317,34.19512100020463],[-81.21432700037361,34.195276999782465],[-81.21665899990174,34.19595599986543],[-81.21873500023511,34.19679599987033],[-81.21920999971296,34.19743800036196],[-81.22069699986739,34.19944899963608],[-81.22149799975847,34.20173000017107],[-81.22183500004235,34.202957999810494],[-81.22185199976079,34.203019999962855],[-81.22230799987037,34.20339699996761],[-81.22246699987903,34.20352999965363],[-81.2226269997126,34.203662999872826],[-81.22299099976067,34.203964999792326],[-81.2232469998537,34.204114000087124],[-81.22329700008243,34.204143000113916],[-81.22457699964929,34.204889000344714],[-81.22641199995826,34.205686999762285],[-81.22803600038003,34.20567100004183],[-81.22806599961895,34.20567300000708],[-81.22824200024436,34.20568299983245],[-81.22841799997146,34.20569299965668],[-81.22895899957153,34.20572399984716],[-81.22949900024501,34.205755000026244],[-81.22981499971418,34.20577499965638],[-81.2301319999066,34.205794000043596],[-81.23046499999253,34.20581399966453],[-81.23072000026066,34.20577099973076],[-81.23132600015806,34.205664000163196],[-81.23193200005547,34.205556999716855],[-81.23340699961601,34.20529899974157],[-81.23599000011261,34.20463899976995],[-81.23879500036705,34.204454999770704],[-81.2398759997423,34.20438499994818],[-81.24095700001587,34.204314000068834],[-81.24107599984154,34.20430600007865],[-81.24119499966723,34.20429900008667],[-81.24225599984932,34.204229000134596],[-81.24453700022212,34.204029999953306],[-81.24581199976613,34.2039449997327],[-81.24591999972115,34.203937999710725],[-81.2474370000128,34.20311299973443],[-81.24745499955615,34.20310400036016],[-81.2478670001831,34.2028820001367],[-81.24880699999136,34.20270900021322],[-81.24981499957168,34.20279500021095],[-81.25033900035163,34.202849000354796],[-81.25086200040836,34.202902999721076],[-81.2512730003121,34.20294599963195],[-81.25147499997846,34.20305599971884],[-81.2527599995682,34.20375699968325],[-81.2530759999357,34.20392899968159],[-81.25417599957751,34.20463899976995],[-81.25824100020567,34.207815000153346],[-81.25826499959679,34.20783400008071],[-81.25922299984671,34.20886300003089],[-81.25929300016692,34.2089390002553],[-81.26018899959422,34.210510999849696],[-81.26074299961309,34.21148300028492],[-81.26169099981728,34.21285800036355],[-81.26179399974943,34.21300900032866],[-81.26211199976674,34.21346399986649],[-81.26215600014767,34.21359999967592],[-81.26222899994262,34.21384199984277],[-81.26250400030223,34.214078999900494],[-81.26254899960976,34.2141169998979],[-81.2628199997714,34.21435100028609],[-81.26309199975796,34.214585000024506],[-81.26318499964438,34.21466700028699],[-81.26330000017043,34.21476300020299],[-81.2634170003463,34.21485900000967],[-81.26352699995114,34.214958999939576],[-81.26394799990064,34.21532099977798],[-81.2643689998501,34.21568300028966],[-81.2645730000646,34.215858999910886],[-81.26506000013633,34.216718999931196],[-81.26536399990994,34.2172449996804],[-81.26589700001242,34.21816900023096],[-81.26631499958884,34.2188929997394],[-81.2684799996107,34.22109200009632],[-81.26950900000571,34.221842000245374],[-81.27106999977998,34.222163999841186],[-81.27282300007319,34.22270999983064],[-81.27313400041781,34.2228070000177],[-81.27446000001545,34.22393199971625],[-81.2757160001912,34.225331999831674],[-81.27635999972343,34.22628700012301],[-81.2768019995893,34.22694300022852],[-81.27716999983534,34.22798899969859],[-81.27724600000332,34.228205000108154],[-81.2773220001713,34.22842000025108],[-81.27824000023824,34.22963199978416],[-81.27851100039989,34.22983299980006],[-81.279568000384,34.23061899996751],[-81.2813490002663,34.23169300035484],[-81.28411299961455,34.2330329996992],[-81.28744699977351,34.23411099981355],[-81.28795700030976,34.23427399973609],[-81.28811899979314,34.23432599973155],[-81.28828100017486,34.234377999694914],[-81.28867000033729,34.234503000146724],[-81.2890589996014,34.234627000031296],[-81.28913700031751,34.23465100027531],[-81.28965600017628,34.23481700029071],[-81.29017400021016,34.23498299997883],[-81.29075800036625,34.23516999979477],[-81.29266800011996,34.23575699964436],[-81.29505499989966,34.23677199965327],[-81.2966049998033,34.2373910002444],[-81.29683499995706,34.23743100007688],[-81.2982400000957,34.237675999657164],[-81.29860699961851,34.237740000203026],[-81.30023299969011,34.23803900024041],[-81.30247100040522,34.23813199997839],[-81.30319399958017,34.23807899976496],[-81.30339100012198,34.23806300025448],[-81.30358799976545,34.2380480003393],[-81.30385700027729,34.23802899979929],[-81.30412599989081,34.2380110003391],[-81.30438000033404,34.23799199979074],[-81.30554299972505,34.23782499975043],[-81.30612400040641,34.237740000203026],[-81.30670500018945,34.23765499982714],[-81.30738999972957,34.23755700005613],[-81.30799900000004,34.23743199968254],[-81.31032499968036,34.23695599963247],[-81.31189200020074,34.237050999787236],[-81.31240699986154,34.23708299993247],[-81.31316000007205,34.23735000004364],[-81.3139740003819,34.23763999983928],[-81.31418400044419,34.23771499975188],[-81.3159319998162,34.238834000315734],[-81.31618100023655,34.23899300017254],[-81.31639499959847,34.23912900035355],[-81.31665300023965,34.239294000125355],[-81.31691099998251,34.2394579999921],[-81.31700700024199,34.23935899976661],[-81.31729500012206,34.23906399979205],[-81.31739200020645,34.238966000175964],[-81.31743099966619,34.238926000330224],[-81.3180369995636,34.23831799988879],[-81.31997399997981,34.2363760002714],[-81.32054600044036,34.2358039998564],[-81.32062099988511,34.23572899972678],[-81.32158599980772,34.23476099982103],[-81.32169899978562,34.23464399983353],[-81.32170899983137,34.23463500011338],[-81.32192800011448,34.23440899972917],[-81.32237900020118,34.233942999854754],[-81.32242799970668,34.23389299966083],[-81.32477500020171,34.23147400020718],[-81.32501500040124,34.231225000202045],[-81.32573699975129,34.23048100003249],[-81.3259779997757,34.23023299975314],[-81.32879300007589,34.22733499976398],[-81.32912100013895,34.22688800019511],[-81.33226199995406,34.22261899970678],[-81.33608300018474,34.21742200033901],[-81.33728800030686,34.215782999984484],[-81.34001099964722,34.212081999930064],[-81.34002999991378,34.21205600012689],[-81.34028099998396,34.21172200011311],[-81.3410929997457,34.21064500012041],[-81.34136399990733,34.210286000035715],[-81.34264000017457,34.20859500029574],[-81.34337599976831,34.20761800018523],[-81.34532800025315,34.2050299998277],[-81.3451619996735,34.20490100024665],[-81.34494199956546,34.20475299985058],[-81.34466600027926,34.20450300035835],[-81.34438000004899,34.20398599984983],[-81.34397199961998,34.203570999972605],[-81.34363199986136,34.2029989996647],[-81.34342299962398,34.20270300010644],[-81.3431909998204,34.202490999773936],[-81.3429370002755,34.20224100025985],[-81.34267299978654,34.202029000251514],[-81.34238999992931,34.201823999908115],[-81.34235300011939,34.2017969998837],[-81.34203199972903,34.20162099987049],[-81.34177800018412,34.20152799993891],[-81.34154600038055,34.201434999904684],[-81.34131399967863,34.20115800000183],[-81.3410939995706,34.20083500033362],[-81.34085199972125,34.20066800017629],[-81.34061999991768,34.20036400024184],[-81.34061400006989,34.20034800025404],[-81.34044500001549,34.19990300025869],[-81.34033600023555,34.19953399993214],[-81.34006000005103,34.19932199980332],[-81.3398740002782,34.19901700015481],[-81.33987500010309,34.19874099980207],[-81.33973199998796,34.19846399996368],[-81.33954500039022,34.19819699992866],[-81.33925800033504,34.19798400007915],[-81.33907099983897,34.19780800027884],[-81.33896100023412,34.19758700030484],[-81.33869799957007,34.19721399991238],[-81.33832400037457,34.197086999685055],[-81.33811400031229,34.1969790001544],[-81.33788300033362,34.196824000097884],[-81.33769699966244,34.19662400017915],[-81.33753400035414,34.196269000195244],[-81.33745900001108,34.195994999957996],[-81.33731800044409,34.195621999953076],[-81.33723300005526,34.195278999994315],[-81.33666999981557,34.19498199997085],[-81.33616100000253,34.194916000153796],[-81.33588999984089,34.19496099989956],[-81.33552900016588,34.19511599966564],[-81.33506399983546,34.19502199987986],[-81.33457699976373,34.195019999661916],[-81.33398900030801,34.19521100019631],[-81.33372300016921,34.19519999976494],[-81.333468999726,34.19497999975196],[-81.33306500039328,34.19430599982755],[-81.33302000018742,34.19390000021217],[-81.33308799995949,34.19367000001662],[-81.33225899958101,34.193326000162216],[-81.33199400016545,34.19318699994176],[-81.33173999972223,34.19296500035469],[-81.33143000010085,34.19296400022136],[-81.331208000343,34.19302699968232],[-81.33088600012772,34.193201000284375],[-81.33052000042983,34.19330099990424],[-81.33008799971138,34.193355000184624],[-81.32967900035578,34.193252000239085],[-81.32943499995831,34.19290900029961],[-81.32943099976035,34.19287799985507],[-81.32940300017125,34.19283600014543],[-81.32922800026908,34.192501000368125],[-81.32916100032193,34.19237200019212],[-81.32907799958292,34.19214600011666],[-81.32904300032115,34.19202499981087],[-81.3290330002754,34.19174900034895],[-81.32906699971227,34.191642000074985],[-81.32917899986528,34.191299000274704],[-81.3293360002241,34.190903999807645],[-81.32940499982107,34.19041600016362],[-81.32924699963733,34.19015500016655],[-81.3290330002754,34.18970099981581],[-81.32900700033613,34.18964499982259],[-81.3288919998101,34.1897019999879],[-81.32873600017447,34.18977799965296],[-81.32852799976202,34.189878000359435],[-81.32833000029362,34.189955000034985],[-81.32815799986618,34.190009999654],[-81.32797899976603,34.19002100001932],[-81.3277939998181,34.18999299976208],[-81.32768199966512,34.189955000034985],[-81.3275689996872,34.189878000359435],[-81.3274630002803,34.18983400030096],[-81.32721800005793,34.18976300005689],[-81.32709300038444,34.189691000324],[-81.32705999987417,34.189625000081364],[-81.32703300010999,34.18946599992654],[-81.32697399966044,34.18938899980454],[-81.32689400019282,34.189349999629115],[-81.32676899962104,34.18931699975238],[-81.32660299993968,34.189328000208086],[-81.32646400002251,34.18936100008052],[-81.3262659996558,34.18940000025091],[-81.32612699973862,34.1894160000869],[-81.32593500011798,34.189410999952706],[-81.32573599992637,34.189410999952706],[-81.32556400039724,34.18945500023185],[-81.32539199996977,34.189503999873956],[-81.32502899974662,34.189570000211276],[-81.32459899957631,34.189570000211276],[-81.32442700004718,34.18956500008621],[-81.324280999559,34.18958700018846],[-81.32414900021284,34.18965299971776],[-81.32387100037847,34.18965299971776],[-81.32366600033907,34.18964200004746],[-81.3231959999858,34.18958200006441],[-81.32279900032576,34.1894770003628],[-81.32254099968458,34.18942799996194],[-81.3224019997674,34.18935599994306],[-81.3223230001247,34.18925200013753],[-81.32225600017755,34.1890919998433],[-81.32224299975876,34.188976999955216],[-81.32221699981947,34.18886199991034],[-81.3221769996365,34.18879000015132],[-81.32210399984157,34.188767999841176],[-81.32200500010737,34.188779000368484],[-81.32192599956633,34.1888180000649],[-81.32184600009872,34.18890000012988],[-81.3217740001287,34.18893300016978],[-81.32168799991497,34.18894399993254],[-81.32162099996782,34.18890000012988],[-81.32158199960976,34.18884499978702],[-81.32151600038584,34.18882300023425],[-81.32138999998914,34.18880700028572],[-81.3213170001942,34.188767999841176],[-81.32125100007197,34.18869700018587],[-81.32119800036851,34.188565000322555],[-81.32115800018555,34.188410999849346],[-81.32112499967526,34.18824000033588],[-81.32102599994106,34.187943000044015],[-81.32095999981883,34.187833999754645],[-81.3208600002597,34.18773499979245],[-81.32084699984091,34.187669000248455],[-81.32088700002389,34.18758100003305],[-81.32093300005464,34.187497999973786],[-81.32095999981883,34.187416000031945],[-81.32093999972734,34.18735499975166],[-81.32089299987167,34.18729999988746],[-81.3207680001982,34.18722300001738],[-81.32047699994507,34.187113000081],[-81.32039699957913,34.18705800005907],[-81.32037099963985,34.18700300000122],[-81.32037099963985,34.18678899990781],[-81.32034399987567,34.18666800009047],[-81.32029799984493,34.1865800003169],[-81.3202119996312,34.186491999708466],[-81.32013299998849,34.18644800011292],[-81.31999999991909,34.18641499984388],[-81.31987500024562,34.186360000109886],[-81.31979499987968,34.186288999913835],[-81.31971600023695,34.18619000036751],[-81.31968299972668,34.186013999731315],[-81.31964300044203,34.185952999923295],[-81.31959599968806,34.18592000020373],[-81.31951600022042,34.18589300028844],[-81.319311000181,34.18583299986776],[-81.31917899993651,34.18575499992588],[-81.31903300034666,34.18564599978146],[-81.31893399971415,34.185595999906695],[-81.31880800021577,34.18555799968479],[-81.31868299964398,34.185514000345194],[-81.31858999975755,34.185491999923634],[-81.31851699996263,34.18550799975788],[-81.31841800022842,34.18553600001788],[-81.31823999995319,34.18561299994173],[-81.3180080001496,34.18576099975244],[-81.31780300011017,34.18592600001857],[-81.3175510002151,34.186141000286405],[-81.31747900024509,34.18621199986391],[-81.31741999979555,34.1862389996771],[-81.31733399958182,34.18625100000414],[-81.31726499998486,34.18624200031637],[-81.31713600011341,34.186228000304695],[-81.3170230001355,34.18624999979119],[-81.31685800027907,34.18635499979448],[-81.31675199997386,34.18643700002467],[-81.31663999982086,34.1865470000995],[-81.31650699975148,34.18674499972409],[-81.31645400004801,34.186877000206394],[-81.31642100043607,34.18704199977572],[-81.31638200007801,34.18709200027952],[-81.31630199971207,34.18712999981035],[-81.31615699994711,34.18712999981035],[-81.31587900011274,34.18704199977572],[-81.31575299971605,34.18702600023244],[-81.3156139997989,34.18703099976492],[-81.31555500024766,34.187059000262444],[-81.31535000020824,34.18721799975318],[-81.31523700023034,34.18725700017138],[-81.3150720003739,34.18725700017138],[-81.31497199991648,34.18723500020443],[-81.31488599970275,34.18718000026199],[-81.31468800023434,34.18704199977572],[-81.31445600043077,34.18690500001193],[-81.31433099985897,34.18681099999109],[-81.314298000247,34.186586000084844],[-81.31427800015551,34.186376999990955],[-81.31422399972884,34.18624599968231],[-81.31419199994178,34.18626099990384],[-81.31401700003961,34.185894999979666],[-81.31071999969058,34.179309999707144],[-81.30997700042413,34.177826999912966],[-81.3096939996686,34.17726100005537],[-81.30811199997794,34.17409400029303],[-81.30717100034478,34.17221199993891],[-81.30699499971936,34.171860000181],[-81.30339000029707,34.16464600031411],[-81.30237699979558,34.16261799987925],[-81.3022660003658,34.16239499963234],[-81.30235599987918,34.16231899983027],[-81.30412800043895,34.16081899971299],[-81.31040900024426,34.15550099997922],[-81.31163799975752,34.15446499976247],[-81.31259099998455,34.15219099968457],[-81.31376199977147,34.14940900020328],[-81.31410699955299,34.14855700000789],[-81.31459600017284,34.147296000276484],[-81.3150370002138,34.146140999734435],[-81.31360299976282,34.144946999878144],[-81.31173400001698,34.14339600016211],[-81.31171899994837,34.14338399968946],[-81.31148600031986,34.14319000011419],[-81.3119039998963,34.14117999971406],[-81.31099300040037,34.1401140003195],[-81.30884599992186,34.1375840002655],[-81.30882400018055,34.137556999758814],[-81.30862499998894,34.13734400000328],[-81.30861300029335,34.13732900001071],[-81.30852100023185,34.13722299993788],[-81.30621700029282,34.1345280002893],[-81.3060890002463,34.13437400011424],[-81.30282000038468,34.13055000011424],[-81.30244000044308,34.13010500011421],[-81.30154499994235,34.12906600032478],[-81.29985799977139,34.12708600000792],[-81.29801099976687,34.12491699976741],[-81.29662200042004,34.12336999990563],[-81.29434299969707,34.1208320001493],[-81.29101600010911,34.11715599997785],[-81.29037000002872,34.11732000016845],[-81.28995599975195,34.11752499977357],[-81.28992899998777,34.11755399980822],[-81.28982199985765,34.11755300026878],[-81.288312000137,34.117529000163614],[-81.28737999982636,34.115920000355274],[-81.28581999987699,34.11322800010021],[-81.28381700023687,34.10996400031851],[-81.28201500043816,34.10702700033263],[-81.2798350003477,34.10385500014782],[-81.27904399960406,34.10270499963578],[-81.27759499998277,34.10022800017033],[-81.2758450000626,34.09738100007248],[-81.27283599959368,34.09847000026661],[-81.27095000012939,34.099044000252725],[-81.26993699962789,34.099353000082104],[-81.2699299999552,34.09941699996589],[-81.26899500016982,34.099651999786616],[-81.26617200037202,34.100359999768045],[-81.26211500013979,34.101256999915485],[-81.25806299993044,34.10192900013],[-81.25375399980314,34.10215299975939],[-81.24981899976963,34.102160000040456],[-81.24981899976963,34.102141000126345],[-81.24821399961444,34.10215599966735],[-81.24518999997518,34.10218699995019],[-81.2451690000588,34.10218699995019],[-81.243732999958,34.10219799985583],[-81.24169000013488,34.10213699975239],[-81.24163300023346,34.10213600003078],[-81.24051299960185,34.10210400000732],[-81.24048300036294,34.10210300028537],[-81.23833500005954,34.102032999633174],[-81.2383059997472,34.102029999720806],[-81.23827300013524,34.10203100018752],[-81.23790499988922,34.1020180000703],[-81.23782299987346,34.10201299996753],[-81.23779399956112,34.1020109997775],[-81.23519699971915,34.101853999965485],[-81.2351580002594,34.10185100004676],[-81.23349200000483,34.101770999696],[-81.23343299955529,34.101767999774395],[-81.23228400040799,34.10166399994545],[-81.23190699994112,34.10162899981698],[-81.23132699998298,34.1015450003421],[-81.23122099967776,34.10153800001016],[-81.22803300000699,34.10129299992942],[-81.22795500018918,34.1012860003205],[-81.22774199975385,34.10122600003586],[-81.22762600030123,34.10121500000387],[-81.22715599994794,34.10117999968961],[-81.22675000006707,34.101150999992136],[-81.22663100024137,34.101139000216996],[-81.22621500031477,34.10109599976904],[-81.22599699985656,34.101077000359886],[-81.22562699996072,34.1010360000935],[-81.22462299968004,34.10092699994185],[-81.22328399966364,34.10077700000173],[-81.22184199971505,34.10055700015413],[-81.22155300001005,34.10051299966971],[-81.22112100018991,34.10044699964393],[-81.21948699972239,34.10019799965823],[-81.21899399980289,34.1001230001911],[-81.21605300000432,34.09967599975686],[-81.21548999976463,34.099590000327744],[-81.2154739998711,34.099588000080495],[-81.21410499971745,34.099378999645566],[-81.213643999585,34.09930899971549],[-81.21294399997628,34.09920199982737],[-81.2123830002847,34.09911699967386],[-81.21123099986603,34.098942000314146],[-81.20959999977156,34.098694000125676],[-81.20898800002638,34.09862100033967],[-81.20895899971406,34.09861800030634],[-81.2079340004153,34.09842699995017],[-81.20712000010543,34.09827499976375],[-81.20632400023725,34.09812699986809],[-81.20603100033429,34.09807100014159],[-81.20566300008825,34.097997000047734],[-81.205308000261,34.0979050002831],[-81.20183900038285,34.09716800027327],[-81.19933100022932,34.09653299978598],[-81.19805499996208,34.09625500029903],[-81.1966339999299,34.09586899972203],[-81.19656699998275,34.09584999988329],[-81.19576000024388,34.0956189998583],[-81.19473500004682,34.09534100034485],[-81.19427999976216,34.09522999994686],[-81.19362399963603,34.095025999680324],[-81.19302799978438,34.09484099973543],[-81.1924870001843,34.09468599963121],[-81.19197699964805,34.09453999977732],[-81.19020699963642,34.0940109997312],[-81.18975700027292,34.09385600033878],[-81.1884879996784,34.09341499997249],[-81.18651299962733,34.09277100036418],[-81.18623700034112,34.092728000128],[-81.18606400008876,34.092678000293105],[-81.18423499962758,34.09196699975693],[-81.1824909995552,34.091290000049305],[-81.18057400012879,34.0905419997919],[-81.17955399995459,34.09058399979257],[-81.17923400028745,34.09053800035761],[-81.17912499960919,34.09053900021618],[-81.17768699985857,34.09055400032559],[-81.17403700023044,34.090503999950506],[-81.17289999988039,34.09045400028986],[-81.17288900000973,34.09014499996121],[-81.17284999965166,34.08755100026568],[-81.17280199997109,34.08752200036222],[-81.1727180003055,34.08747099978954],[-81.17269700038909,34.087457999667805],[-81.17239799974006,34.08734000007412],[-81.17224200010443,34.08727799978033],[-81.17214500002005,34.08723999996178],[-81.17195500004925,34.08716500017204],[-81.17190399999564,34.08714499996892],[-81.17175300038289,34.08708199963295],[-81.17126200011322,34.08687899971936],[-81.1705499999106,34.086585999707914],[-81.1702539996346,34.08644299974038],[-81.16983900043122,34.08626700030719],[-81.16955599967568,34.086145000155724],[-81.16867799979171,34.08576499983803],[-81.16843000009459,34.08565799994011],[-81.16726699980525,34.08512599967786],[-81.16554000034965,34.08433599991226],[-81.16425400003666,34.08371199996156],[-81.16400399979142,34.08359099978941],[-81.16302600034834,34.08311499991818],[-81.1626990001102,34.08295800002405],[-81.16250199956836,34.082857999944466],[-81.1612989999944,34.08224900035523],[-81.16111200039666,34.08215300001306],[-81.16080199987694,34.081993999904434],[-81.16078900035647,34.08198700018755],[-81.15987899978714,34.08152399977503],[-81.15962600006714,34.08138799995385],[-81.15891899988739,34.08100799986472],[-81.15710899969278,34.080035000024736],[-81.15467900025537,34.078659000085736],[-81.15438299997936,34.07849100010612],[-81.15392199984692,34.07821700016842],[-81.15289400017511,34.07760399989767],[-81.15254900039362,34.07739800028661],[-81.15229599977532,34.077248000319635],[-81.1519280004276,34.0770290003521],[-81.15170199957348,34.07689400002886],[-81.15131900015716,34.076654000162975],[-81.15047999973291,34.076129000085174],[-81.15041399961069,34.076087999640215],[-81.14929600042552,34.075388000088346],[-81.14916300035613,34.0753209997811],[-81.14840299957461,34.07493999995835],[-81.14833900000052,34.07488099964507],[-81.14824000026631,34.074789000058296],[-81.14798099980023,34.07456600024082],[-81.14781500011888,34.074423000065615],[-81.14756200039888,34.07425499986882],[-81.14743299962915,34.07416899991371],[-81.14708299982479,34.073939000314276],[-81.14648100012532,34.07354400014352],[-81.14623699972785,34.07337499963034],[-81.14618700039746,34.073339999710825],[-81.14615700026023,34.07331999996296],[-81.14614899986431,34.073313000273295],[-81.14603500006149,34.0732339998027],[-81.14502699958285,34.0725359998751],[-81.14496300000876,34.07249099963657],[-81.14486900029743,34.072428000304235],[-81.14483300031242,34.072404000050184],[-81.14480599964993,34.072387000300196],[-81.1447959996042,34.07237899971634],[-81.14477700023593,34.07236700032728],[-81.14474700009869,34.072347000349694],[-81.1447260001823,34.07233300006494],[-81.14394299983456,34.071793000283876],[-81.142789999591,34.07095800010206],[-81.14201700018732,34.070398000048094],[-81.14145599959744,34.06999200011269],[-81.14128099969525,34.06985899994168],[-81.13994400022698,34.06884300030071],[-81.13947899989657,34.06848999997798],[-81.13928200025309,34.0683409999843],[-81.13901899958903,34.068141000165156],[-81.13892200040296,34.06806400032842],[-81.13851899999683,34.06774300011026],[-81.13663900038033,34.066245000127616],[-81.13496999975271,34.06484899991229],[-81.1343139996266,34.06430299979127],[-81.1323219998571,34.062568999689056],[-81.13218700013788,34.06245099965101],[-81.13203700035007,34.06232100012526],[-81.12982100027459,34.06028700020425],[-81.12907899993475,34.059569000020296],[-81.12798199976767,34.05850800031551],[-81.12767200014626,34.05820800020404],[-81.1255830002924,34.056086999847004],[-81.12525699987916,34.05574000010027],[-81.1243170000709,34.0547370000564],[-81.12355600036281,34.05392600028872],[-81.12345900027842,34.05381800007013],[-81.12255399973196,34.052803999990594],[-81.12192199989529,34.0520970001429],[-81.12158999963427,34.05172499996434],[-81.12149000007516,34.051592999724676],[-81.12063099955944,34.050598000146245],[-81.12011800044678,34.04999600025347],[-81.1196849999034,34.049488000114515],[-81.11952000004698,34.04928399982335],[-81.11878299973,34.04837199978773],[-81.11818299968037,34.04763000007903],[-81.11784499957157,34.04721300013333],[-81.11764399973012,34.04695100028754],[-81.11672300018846,34.04575199996837],[-81.11630700026183,34.04521100012425],[-81.11607000043537,34.044902999649345],[-81.1155580002493,34.04420000029829],[-81.11436200034801,34.042558000275534],[-81.11343599988516,34.041223000096124],[-81.11271500036001,34.04018200018341],[-81.11231399960371,34.039571000362315],[-81.11193700003516,34.0389970000258],[-81.11147900027575,34.03829999997794],[-81.11121599961172,34.037898999798585],[-81.1105600003839,34.03689999984929],[-81.11047300034527,34.03675499989527],[-81.11011599996989,34.03615699976088],[-81.10962499970023,34.035337999840785],[-81.1096099996316,34.03531100020777],[-81.10923100041323,34.03465999967281],[-81.10910400019162,34.03444200034512],[-81.10819100014756,34.032871999897786],[-81.10816400038337,34.032828999779724],[-81.10740699997491,34.031163999779125],[-81.1073070004158,34.030980000143394],[-81.10661600012958,34.0297510002124],[-81.10627700019587,34.02903299977398],[-81.1062379998378,34.02895100020007],[-81.10599500016356,34.02843799984124],[-81.10573400004765,34.02788500001672],[-81.10526399969437,34.02688900011667],[-81.10523500028036,34.026827000259665],[-81.10520299959501,34.02675899966791],[-81.1049420003774,34.02620600006907],[-81.10485899963841,34.026015000231986],[-81.10479900026228,34.025878000049005],[-81.10455900006278,34.02532099964144],[-81.10403500018111,34.02410900014527],[-81.10401400026473,34.024061999714846],[-81.10375399997373,34.023460999741644],[-81.1038229995707,34.02331599989997],[-81.10375599962354,34.023331999904904],[-81.1036889996764,34.023348999813784],[-81.1036040001859,34.023370000090736],[-81.10351999962201,34.02339100036247],[-81.10328600016858,34.02349199978862],[-81.10286199984604,34.02367600002645],[-81.10268299974591,34.024030999876075],[-81.10229399958348,34.02410700034924],[-81.10214299997074,34.024144000290484],[-81.10210100013795,34.02415400001027],[-81.10199999985562,34.02417099975449],[-81.10141499987459,34.024125999898565],[-81.10127199975948,34.02410300001256],[-81.10097300000874,34.02405600032335],[-81.10062499985419,34.024000000025985],[-81.0999579998574,34.02363099990806],[-81.09992699989526,34.023614999959435],[-81.0998239999631,34.02356099992456],[-81.09954799977858,34.023418000065995],[-81.09948000000651,34.023383000365925],[-81.09943899999864,34.0233549999998],[-81.09939100031806,34.02332499981003],[-81.09935000031017,34.02328000025002],[-81.09930699975416,34.02320700025124],[-81.09927599979201,34.02309599989813],[-81.0992170002408,34.02271900025782],[-81.09914299972263,34.02256799965177],[-81.09894299970608,34.02182200010655],[-81.0988160003828,34.02129200026227],[-81.09875500028343,34.020506000083586],[-81.09830199964858,34.02016900012688],[-81.09818600019594,34.02008600023265],[-81.09815600005871,34.019811999862114],[-81.09816600010447,34.01940199983503],[-81.09818700002086,34.019299000099934],[-81.09832900031108,34.019008000136786],[-81.09838500038758,34.018892999666555],[-81.09841399980156,34.018829000004246],[-81.09840600030397,34.018773999941786],[-81.09834799967933,34.01867400007534],[-81.09831800044043,34.01863500005824],[-81.09824499974717,34.0185979999491],[-81.09821799998299,34.01858099983322],[-81.09799500040023,34.01851000018827],[-81.0979500001944,34.01849599994714],[-81.09787700039945,34.018461999671054],[-81.0978380000414,34.01842900009081],[-81.09780299988131,34.0183899999612],[-81.09775500020072,34.01832999978402],[-81.09764700024569,34.01818200020816],[-81.09757600010059,34.01800699970251],[-81.0974659995974,34.01773400003994],[-81.09713400023469,34.01744199994728],[-81.09675500011801,34.01711600026873],[-81.0966499996377,34.01700400015874],[-81.09471599959454,34.01575199969421],[-81.09454599971522,34.01567699992769],[-81.09158300017536,34.01428599969389],[-81.09131500038676,34.01422000025236],[-81.09051000029773,34.0137890003589],[-81.0899100002481,34.01352199992684],[-81.08961200032226,34.01341200033573],[-81.08951100003993,34.013374000159494],[-81.08907099982386,34.013316000210494],[-81.08905199955728,34.013314000160236],[-81.0886070002167,34.01328200009363],[-81.08812099996986,34.01336699998802],[-81.08779700010477,34.01344100028236],[-81.08735199986585,34.01352299994956],[-81.08677899958042,34.013603000238675],[-81.08665200025712,34.01362099988381],[-81.08645899991326,34.01362900005581],[-81.0863550001562,34.01363200012013],[-81.08628700038413,34.01362900005581],[-81.08604399981157,34.01358599986713],[-81.08585600038892,34.013523999972264],[-81.0856300004331,34.01344400035333],[-81.08542000037083,34.01335699974209],[-81.08528700030142,34.01329399965461],[-81.08514800038425,34.013162999949515],[-81.08492800027622,34.013016000329685],[-81.08416800039302,34.012356999726535],[-81.08383799978185,34.012141999811824],[-81.08354300022904,34.01199399987285],[-81.08261799959111,34.01193100026327],[-81.08104199974822,34.01153099986688],[-81.08085299960234,34.01141400034224],[-81.07960800019556,34.01063900017136],[-81.07941700039984,34.01040199981366],[-81.07902700041252,34.00991700012073],[-81.07841899996696,34.00962700008641],[-81.07797299990312,34.00933200019082],[-81.07787400016892,34.00926599987697],[-81.07785699955217,34.00925499981967],[-81.07770699976436,34.00915599998459],[-81.07671500007757,34.008555000215914],[-81.07665800017617,34.00852199976347],[-81.07581000042941,34.00803500032796],[-81.07558899959817,34.0079089996553],[-81.07496699980723,34.007459000194864],[-81.07441899963614,34.00695699986612],[-81.07431400005416,34.00691099972022],[-81.07417699978681,34.00685100036666],[-81.0736329998137,34.00661499996606],[-81.07331499979637,34.006553000193804],[-81.07301199984767,34.006456999760466],[-81.07213099959064,34.00657099984406],[-81.07195999988643,34.00659500011655],[-81.07137900010338,34.00670799991193],[-81.07122099991962,34.00674000022208],[-81.07113800007896,34.00675599962792],[-81.07110899976664,34.0067620002421],[-81.07091499959787,34.0069530002106],[-81.07008899959244,34.007751999713925],[-81.06851899959734,34.008520999681856],[-81.06822800024253,34.008664000062275],[-81.0680430002946,34.00875599991934],[-81.06761499977411,34.00895300033027],[-81.06689199970083,34.00904599994966],[-81.06645999988069,34.008983999718296],[-81.06559600024043,34.008829999764394],[-81.06491699964978,34.00861399977436],[-81.06433000001896,34.00818199963531],[-81.06359000022724,34.00747199992812],[-81.06297199973595,34.006237000002685],[-81.06127500041757,34.005003000112914],[-81.06071899985056,34.00472499970767],[-81.06016099963374,34.00468399973159],[-81.05971499956989,34.00525299997348],[-81.05932499958256,34.00451099995984],[-81.05929399962041,34.004502000289236],[-81.05927899955181,34.00448900010136],[-81.05922599984834,34.00427999967214],[-81.05912000044147,34.004061000366605],[-81.05904099990042,34.00393400036442],[-81.05890899965594,34.003830000344344],[-81.05888600008973,34.00380899970185],[-81.05880999992175,34.00374200017061],[-81.05876999973877,34.003691999963614],[-81.0556740001295,34.001784000275975],[-81.05561499967995,34.00173499982254],[-81.05550300042528,34.001591999690255],[-81.055469999915,34.00156400032882],[-81.05543700030303,34.0015199998242],[-81.05541700021156,34.001509000253044],[-81.05537700002859,34.00145999964096],[-81.05528499996707,34.00136099965553],[-81.05517299981408,34.00126200029939],[-81.05494799968316,34.001092000022595],[-81.05478299982674,34.00095999994097],[-81.05477500032914,34.00094900029728],[-81.0547169997045,34.0008719997726],[-81.05468400009254,34.00078899963177],[-81.05461200012252,34.00032699977957],[-81.05458500035833,34.000245000030034],[-81.05447200038043,33.99999599976057],[-81.05375099995699,33.999147999818575],[-81.05366200026853,33.99907300028135],[-81.0529149999058,33.99845400003276],[-81.05258600001784,33.99800300016833],[-81.05244100025288,33.99793599978112],[-81.05210999981678,33.99761600020397],[-81.05147999962992,33.99671000021666],[-81.05139099994146,33.99658200017275],[-81.05115999996279,33.996247999778355]]]},"properties":{"kind":"inverted_mask"}}]}