{"type":"FeatureCollection","features":[{"type":"Feature","geometry":{"type":"Polygon","coordinates":[[[-80.39698999989304,33.746834999700326],[-80.39698999989304,33.746824000122295],[-80.3969739999995,33.74674999980099],[-80.39696800015173,33.74672200036936],[-80.39686900041752,33.74626499995004],[-80.3965720003166,33.744893999767065],[-80.39647400040731,33.74443800025777],[-80.39594100030484,33.742035999945784],[-80.39434399964723,33.73483200018805],[-80.393812000268,33.732431000172404],[-80.39376799988707,33.732232999705154],[-80.3936359996426,33.731639000044495],[-80.39359299998488,33.73144099999094],[-80.39352199983976,33.73097599977804],[-80.39331099995259,33.72958299969546],[-80.39324099963238,33.72911900024566],[-80.39322499973886,33.72901599998566],[-80.39317899970811,33.72870899996435],[-80.3931639996395,33.728607000337206],[-80.393115000134,33.7282629996753],[-80.3929679998209,33.72723200026979],[-80.39291900031542,33.72688899972412],[-80.3929050000717,33.726809999637275],[-80.39286400006384,33.72657299968755],[-80.39285099964503,33.726494000056974],[-80.39281100036038,33.72626300017142],[-80.39280899981225,33.726246999664724],[-80.39275399956065,33.72620200009141],[-80.39261499964348,33.725604000367284],[-80.39256299976495,33.725376999748335],[-80.39253000015299,33.72510600029342],[-80.39243100041878,33.72429499989248],[-80.39239899973342,33.72402499969396],[-80.39234900040302,33.72374100003527],[-80.39234600002999,33.72372600024025],[-80.39220200008992,33.7228889999042],[-80.39215299968613,33.722605000222664],[-80.39213299959464,33.72170600016607],[-80.39207599969323,33.7190120002669],[-80.39205700032497,33.71811399969516],[-80.39204599955602,33.717601000133705],[-80.39201299994404,33.71606200024351],[-80.39200299989831,33.71555000015936],[-80.39331599997546,33.715436000189094],[-80.39725799968163,33.715095999693624],[-80.39857300030692,33.71498299965724],[-80.3987759997982,33.71496399992086],[-80.40031599965609,33.71482199979153],[-80.40554799987319,33.7143429998122],[-80.40729299977048,33.714183999838326],[-80.40980199974892,33.713976000363175],[-80.41733000040745,33.713354999834166],[-80.4198400002108,33.71314799965614],[-80.42275699971992,33.71289599990299],[-80.43150800004393,33.71214099976497],[-80.43442600027628,33.711889999871026],[-80.43410099968796,33.713879999975624],[-80.43312800026774,33.7198520002451],[-80.43291200035767,33.7211780001607],[-80.43228999966843,33.72143600004265],[-80.42999099975228,33.72239599977789],[-80.42593500024327,33.724090000054574],[-80.4270209996414,33.72696999978495],[-80.4279010000735,33.729300999742826],[-80.42863900021537,33.7314989997974],[-80.43085299974271,33.73809400007507],[-80.43092499971274,33.73830599968871],[-80.43301899958949,33.738216999985156],[-80.43505899993788,33.738129999975925],[-80.4411790000847,33.73787099995835],[-80.443220000258,33.73778499986901],[-80.44441899963401,33.73773400023568],[-80.44801999975667,33.73758099965971],[-80.44921999985591,33.737531000178905],[-80.44929299965084,33.737528000104525],[-80.4495289996524,33.73642099986768],[-80.45028500023594,33.73288899991753],[-80.45053700013102,33.73171200036026],[-80.45054399980371,33.731677999944615],[-80.45056700026825,33.73156800035332],[-80.45066000015467,33.73113899992742],[-80.4506910001168,33.73099699965885],[-80.45095300005762,33.72978100030066],[-80.45136499978628,33.72785899986516],[-80.45338400021825,33.7184450002118],[-80.45405799988772,33.715308000081485],[-80.4540629999106,33.715283000207464],[-80.45413400005572,33.71494999987645],[-80.45436400020948,33.7138790001734],[-80.45444100020238,33.71352300034822],[-80.45461899957931,33.71352499996095],[-80.45515599987972,33.71353200009964],[-80.4552889999491,33.713533999712155],[-80.45533499997988,33.71353500026565],[-80.45538100001063,33.71353500026565],[-80.45661399972182,33.71358900024677],[-80.46045300039418,33.71375999971392],[-80.46173299996104,33.71381699970971],[-80.46257999988288,33.71383400009441],[-80.46512300019648,33.71388700008537],[-80.46597099994324,33.71390500025814],[-80.46663299991715,33.713917999923915],[-80.46861899983885,33.713959999807884],[-80.46918600027652,33.71397199966418],[-80.46928099981275,33.713974999814816],[-80.47111299974868,33.714030999867425],[-80.47661100010458,33.714198999806136],[-80.4784439998654,33.71425600025774],[-80.47870900017928,33.714264999932276],[-80.47913000012875,33.713567000037145],[-80.47926599967288,33.71333199975598],[-80.47980399979824,33.71240399974799],[-80.47981399984397,33.71238699982744],[-80.48013000021146,33.711841000193154],[-80.48112899957093,33.71016200025571],[-80.48155299989347,33.709458000019985],[-80.48174200003935,33.70918800023697],[-80.48189699985004,33.70899300028098],[-80.48223900015681,33.70866899973138],[-80.48227500014183,33.70863499990267],[-80.48241300023408,33.70851300005493],[-80.48243900017336,33.70849399963422],[-80.49035799974584,33.6950670001735],[-80.49110299956043,33.693802999932],[-80.49197600031982,33.691886000111595],[-80.49220800012341,33.691088000010915],[-80.49378599961612,33.685685999901374],[-80.49381800030149,33.68561699984712],[-80.49387900040087,33.68537999982412],[-80.49389299974625,33.685293000086965],[-80.4949599997761,33.68212699964098],[-80.49512899983051,33.68158800029145],[-80.49523099993775,33.68127699966883],[-80.4953049995576,33.68107399992475],[-80.49557300024452,33.68027399997103],[-80.49561099987935,33.680175999655475],[-80.4957480001467,33.67978000021777],[-80.49580800042115,33.67958399984392],[-80.49596900007964,33.67908199970158],[-80.49613499976098,33.67858600014896],[-80.49617199957092,33.67848699993791],[-80.4961909998375,33.678439000111666],[-80.4965980004416,33.67729299985454],[-80.49733499986023,33.675091999821625],[-80.49737199967016,33.67501499969482],[-80.4974589997088,33.67476499999235],[-80.49747499960232,33.67468200026534],[-80.49755999999113,33.674412999860955],[-80.49759500015122,33.67432000015905],[-80.49804100021508,33.67384100012543],[-80.4993800002315,33.672403999715996],[-80.49980700002875,33.671946000340725],[-80.49982899977007,33.67192800034815],[-80.50017500027478,33.671547999790995],[-80.50040600025348,33.671295999880584],[-80.50121600036539,33.67040900031542],[-80.50156299979669,33.67003000008783],[-80.50172799965313,33.66996600024948],[-80.50194199991337,33.66976199965269],[-80.50210699976982,33.669591999657925],[-80.50223099961838,33.66946599991998],[-80.50247599984077,33.669217000108624],[-80.50306199964669,33.66862700026925],[-80.50315999955598,33.66853699978595],[-80.50322300020348,33.66848400022982],[-80.50326599986118,33.668448999870236],[-80.50338300003706,33.668366000028655],[-80.50351100008356,33.66828600035776],[-80.50354100022079,33.668267000013856],[-80.50358300005358,33.668241999909],[-80.50362099968842,33.668218000130445],[-80.50363099973416,33.66821299995772],[-80.50366300041952,33.6681980001853],[-80.50744500029215,33.66497799995964],[-80.50811300011382,33.66445399971316],[-80.50952999994806,33.66313599993629],[-80.51094400030755,33.66180599974426],[-80.51252500017328,33.66032200035202],[-80.5154330003599,33.65810700010707],[-80.51697800024066,33.656932000343005],[-80.51867399973415,33.655640999989046],[-80.52037099995084,33.654348999961904],[-80.52039900043825,33.654327000288866],[-80.52193300044833,33.65316000009026],[-80.52349500004752,33.65197200001767],[-80.52776800018981,33.64870900032612],[-80.52837499991213,33.648248000232904],[-80.5306610003078,33.646510999795794],[-80.53337399960243,33.644452000359074],[-80.53372299958188,33.6441860000002],[-80.53407199956133,33.64392100018338],[-80.53408499998012,33.64391100000499],[-80.53482200029711,33.6442460001136],[-80.53556000043899,33.644580999666466],[-80.53850700008536,33.6459199999541],[-80.54595500037794,33.64875400010726],[-80.54845699978537,33.65041299989571],[-80.54971499961094,33.6515969999377],[-80.55117699965102,33.652972999733095],[-80.55305100031805,33.65552999974717],[-80.55355500010819,33.65633000031576],[-80.55368800017759,33.65653999969069],[-80.55375000010187,33.65710499982643],[-80.5537519997517,33.65721600027995],[-80.55377100001827,33.65730300000986],[-80.55380199998041,33.65758099971763],[-80.55370800026907,33.65963000003293],[-80.55393900024774,33.66117599975723],[-80.55454599997006,33.66176799992799],[-80.55469900013094,33.6619170001149],[-80.55590300042813,33.66242400002739],[-80.56247499958829,33.662996999822575],[-80.564868999939,33.66405900003432],[-80.56554799963132,33.66473200024138],[-80.56565700030959,33.66532599985487],[-80.5656649998072,33.66537099991898],[-80.56560999955562,33.66550700033526],[-80.56550199960057,33.665774000208216],[-80.56539299982063,33.666041000000114],[-80.56537899957694,33.666075000233356],[-80.56535900038375,33.66610000022037],[-80.5649459999319,33.666611999672035],[-80.5645319996551,33.667125000160695],[-80.56416099993433,33.66758400012951],[-80.56156699956709,33.67023099986614],[-80.56051200013111,33.671537999832346],[-80.56020099978649,33.672662999848356],[-80.56014100041034,33.67288099971895],[-80.56021300038036,33.67409000000611],[-80.56046399955221,33.674828999997395],[-80.56072700021626,33.67560300007122],[-80.56092600040789,33.67611100029678],[-80.56135999987784,33.67721699968489],[-80.56235900013563,33.678395000372014],[-80.5634810004171,33.67910300031278],[-80.56498399956672,33.67963299997927],[-80.56520899969762,33.679712000108196],[-80.5667770000429,33.679917999923056],[-80.5682270003874,33.6798539999681],[-80.57125000020174,33.679357000179785],[-80.5718889997111,33.679276000062366],[-80.57292200030409,33.67914500002472],[-80.57395400017384,33.679013999787465],[-80.5741120003576,33.67899400011028],[-80.57484899977624,33.679014999995466],[-80.57656699990935,33.679067000329745],[-80.57881899996984,33.679542999800745],[-80.58102800037261,33.68032100007508],[-80.58371700027612,33.68123100026962],[-80.58422699991405,33.68140400022246],[-80.58473699955199,33.68157599964898],[-80.58512599971442,33.681707999896815],[-80.58521500030119,33.68175799974524],[-80.58805499981743,33.68329400008628],[-80.58959899987325,33.68413900030384],[-80.58977999962322,33.68423799998654],[-80.58986599983696,33.68434700026796],[-80.59026000002224,33.68484400036145],[-80.59056700016892,33.685579000086165],[-80.59070199988813,33.68590200013539],[-80.59093399969171,33.68645799991602],[-80.59109500024852,33.68687699967994],[-80.5912209997469,33.687204999900146],[-80.59167799968138,33.688387000164965],[-80.59247899957245,33.69045800000801],[-80.59275499975698,33.69146700010129],[-80.59311899980504,33.69186300026389],[-80.59343500017256,33.69220700026803],[-80.59407600023005,33.69268899977368],[-80.59465399964006,33.69312299971683],[-80.59509600040424,33.69341199994259],[-80.59553800027012,33.69368600013318],[-80.59623799987887,33.69453399991676],[-80.59631900006971,33.69463200030601],[-80.59659799972897,33.6950360002575],[-80.59659299970609,33.69513700013548],[-80.59659000023137,33.69520700004044],[-80.59658199983545,33.69541900019478],[-80.59658000018563,33.69548999988633],[-80.59651300023847,33.69574099987294],[-80.59650099964459,33.69575300003259],[-80.59593699957998,33.69636299996135],[-80.59574900015731,33.69656700022338],[-80.59545899972909,33.69688000008311],[-80.59439400024738,33.697667000308826],[-80.59362400031844,33.69808000006639],[-80.59319300032321,33.69831200027729],[-80.59285000019155,33.698635000303966],[-80.59258200040293,33.69898899985941],[-80.59246299967893,33.69959100023405],[-80.59249500036431,33.700769999923985],[-80.59309200004087,33.70194699999291],[-80.5941359996062,33.70241999999718],[-80.59602899964149,33.70242399973963],[-80.59634400018406,33.702413999635816],[-80.59896699996531,33.7023350001947],[-80.59913000017194,33.702329999764075],[-80.59981100041242,33.702422999804035],[-80.6004649999904,33.70251200000509],[-80.60047599986106,33.7025139998742],[-80.6011400003831,33.70260499984802],[-80.60162499990666,33.70267099991653],[-80.60185599988536,33.702789000116496],[-80.60244400023942,33.70308799999236],[-80.60303199969515,33.70338700032216],[-80.60315100041916,33.70344700024796],[-80.6043940001761,33.70432299992232],[-80.60444699987956,33.70444299991911],[-80.60490999966183,33.705498999985494],[-80.60497699960898,33.70585199975847],[-80.60500300044656,33.70597999976227],[-80.6050279996626,33.706109000215385],[-80.60509600033299,33.70647599965687],[-80.60522199983137,33.707146000004975],[-80.60601100002688,33.70808199974404],[-80.60610200026346,33.70818899993638],[-80.60653099971057,33.70843699984158],[-80.60659799965771,33.70847599982181],[-80.60666600032808,33.708513999919624],[-80.60759299971755,33.70904600027069],[-80.60762700005273,33.70906599968019],[-80.61109699975582,33.71015599968789],[-80.61154299981965,33.7102960003728],[-80.61190500021789,33.71040999969444],[-80.61226699971783,33.71052299977067],[-80.61311100016493,33.710787000063675],[-80.6133349995726,33.710857999757735],[-80.61526399959288,33.711834999742706],[-80.61543600002035,33.71202500010466],[-80.61558199961023,33.71218599998398],[-80.61590100035076,33.71253800010293],[-80.61596499992486,33.71260999966082],[-80.61603000022218,33.71268100008936],[-80.61630300003365,33.71298099971554],[-80.6165039998751,33.71349399998052],[-80.61673900005174,33.71409000003013],[-80.61671599958721,33.714476000334976],[-80.61668700017321,33.7150279998813],[-80.6166579998609,33.71558100014474],[-80.61664799981516,33.7157690001297],[-80.61651499974576,33.71630299991662],[-80.61639900029314,33.716766999906014],[-80.61628299994219,33.71722999986626],[-80.61615300024584,33.717749999944964],[-80.61618800040594,33.717948000201645],[-80.61623899956125,33.71823200034629],[-80.61631399990432,33.71865900004264],[-80.61639000007231,33.71908599985684],[-80.61646500041537,33.71949700026532],[-80.61675300029547,33.7200660003046],[-80.61706200009193,33.72067399997885],[-80.6171009995517,33.720714000101346],[-80.61723500034431,33.72085300028884],[-80.61730800013923,33.720928999973715],[-80.61736900023861,33.72099200025132],[-80.61750599960764,33.7211339998891],[-80.6176360002023,33.721270000248076],[-80.6178909995721,33.72153399962663],[-80.61793099975507,33.72157499980824],[-80.61813900016755,33.721791000222886],[-80.6182630000161,33.72191899963101],[-80.61865999967614,33.722170999799225],[-80.61974799962239,33.72286300029866],[-80.62023100039445,33.7233090002575],[-80.62070900024536,33.72375000020986],[-80.62077799984232,33.723812999911395],[-80.62084599961439,33.723876000313794],[-80.62125200039355,33.7242500000429],[-80.62138999958752,33.72437800026706],[-80.6226209996489,33.72598999970892],[-80.62307000008579,33.72657800020076],[-80.62330199988936,33.726843000089026],[-80.62353500041618,33.72710799990619],[-80.62387599999974,33.7274969996329],[-80.62480900013529,33.72856100012876],[-80.62651399984959,33.72968900037059],[-80.62666100016268,33.7298409997147],[-80.62686100017923,33.730047999985885],[-80.62728299995364,33.73067200035887],[-80.62736300031958,33.730767000293085],[-80.6274009999544,33.73081199971403],[-80.62755400011528,33.73099600005599],[-80.6275480002675,33.73105200021164],[-80.62753099965074,33.73121199992147],[-80.62751700030535,33.73122499995479],[-80.62707399971625,33.73168500009721],[-80.6270069997691,33.73170399986817],[-80.6268179996232,33.731760999902846],[-80.62672399991187,33.73178899973565],[-80.62636800025973,33.731869999654094],[-80.62596900005155,33.732017000168476],[-80.6254929998505,33.732192999721256],[-80.62475200023387,33.732924000180844],[-80.624599000073,33.73355400023766],[-80.62455200021734,33.73371800029047],[-80.62447600004936,33.73399100007499],[-80.62447299967631,33.7344979999317],[-80.6244719998514,33.73456200026936],[-80.6245139996842,33.734632999724354],[-80.6246619998222,33.73488600021923],[-80.62473499961712,33.73501100010569],[-80.62480900013529,33.73513799966637],[-80.62581900026373,33.73566000016866],[-80.62715999992999,33.73601600007494],[-80.62808899986757,33.73626299998967],[-80.62927700027126,33.736930999653936],[-80.62965700021284,33.737390999834105],[-80.62973500003065,33.738061000214906],[-80.62963799994627,33.738920000180556],[-80.62926499967736,33.7398209996913],[-80.62876199971214,33.74017799975507],[-80.62729499964918,33.74058700027442],[-80.62725199999149,33.7405999996343],[-80.62480900013529,33.74102299991153],[-80.6247460003861,33.741038999904006],[-80.6246619998222,33.74106300026069],[-80.62455999971495,33.741089999813525],[-80.62449899961557,33.74110800025768],[-80.62350399955574,33.741367000213096],[-80.62185099971995,33.741799999695566],[-80.62109500003471,33.74202400027792],[-80.62066599968934,33.7423279998124],[-80.62062499968145,33.742369999987766],[-80.62045300015231,33.74254799964882],[-80.62024800011291,33.74282400035686],[-80.62010699964758,33.743237000293426],[-80.62008699955611,33.74324000016815],[-80.61998399962394,33.743249999998696],[-80.61982999963816,33.74326699978266],[-80.61967499982745,33.74328199989687],[-80.61957299972022,33.74329299992914],[-80.61949800027544,33.74329999988104],[-80.61938600012246,33.74331200011736],[-80.61927399996945,33.743323000145836],[-80.61920000034961,33.743331000301396],[-80.61902200007438,33.74334999973422],[-80.61887099956333,33.743447000232834],[-80.61865800002631,33.74358499999841],[-80.61857500018563,33.7439880002622],[-80.61864100030789,33.74439100012633],[-80.61865200017854,33.74445799963841],[-80.618784000423,33.74471699993585],[-80.61895799960197,33.745061000361694],[-80.61901100020374,33.7451640000341],[-80.61891900014221,33.74571499998061],[-80.61911900015876,33.74615699998718],[-80.61925700025103,33.746459999642255],[-80.61927899999233,33.74650899972507],[-80.6193250000231,33.74660900014251],[-80.61985300010268,33.746903999873],[-80.61999799986764,33.74721000035941],[-80.62015900042444,33.74754800030134],[-80.62012699973909,33.74788400009892],[-80.61971699966026,33.74832299968693],[-80.61943399980304,33.74855799976967],[-80.61882899973052,33.74862300021916],[-80.6179609998923,33.748495000309696],[-80.617903000166,33.74848699988883],[-80.61693400004542,33.74825899990563],[-80.61689700023551,33.748250000060956],[-80.61622400039094,33.747911999898115],[-80.61546699998249,33.74753300018634],[-80.61464900037299,33.74757700036692],[-80.61420599978388,33.74812600019568],[-80.61418099966951,33.74815799976848],[-80.61419499991321,33.74861399966576],[-80.61431499956382,33.74888300003067],[-80.61443500011273,33.74897699982595],[-80.61479499996284,33.74926000022447],[-80.61491499961345,33.74935499974238],[-80.61500099982717,33.74941099986494],[-80.61512600039894,33.74949399984591],[-80.61525899957003,33.749581999666006],[-80.61534599960865,33.749638999772905],[-80.61543099999747,33.74969499970994],[-80.6156789996946,33.749859999658746],[-80.61568299989256,33.74987000021128],[-80.61572200025061,33.74996499980035],[-80.615735999596,33.75000300020398],[-80.61575800023562,33.75006100015872],[-80.61577900015203,33.75011799994722],[-80.61579400022063,33.750156999662735],[-80.61585199994695,33.750287999707254],[-80.61593999981051,33.75048500020702],[-80.61602600002423,33.75068100013382],[-80.61608499957546,33.750813000243625],[-80.61609799999425,33.75084400018901],[-80.61611999973556,33.75089199988964],[-80.61613999982704,33.75093800007541],[-80.61615499989566,33.75097000009267],[-80.61613200032944,33.75097200032678],[-80.61606399965906,33.75097999976882],[-80.61604199991775,33.75098300011964],[-80.61573200029636,33.75101799972272],[-80.61522500013317,33.75107799996942],[-80.61480300035876,33.751037999809654],[-80.61449299983906,33.75101000028421],[-80.61429000034778,33.75099100030758],[-80.61398599967586,33.75096300001987],[-80.61368100007732,33.75093400035252],[-80.61347900041095,33.75091599972982],[-80.61295800000406,33.75086800004268],[-80.61250000024465,33.75102399967458],[-80.61109900030397,33.75150399969208],[-80.60991000007535,33.75248200017947],[-80.60986999989238,33.7525159998186],[-80.60938500036882,33.75333800034679],[-80.60936299972919,33.7533770000915],[-80.60930199962982,33.75348100031994],[-80.60900000040434,33.75409900005188],[-80.60900799990195,33.75411599992598],[-80.60924100042877,33.75459499973736],[-80.60971500008168,33.75484600021337],[-80.6107579998221,33.75466499971487],[-80.61122499980235,33.754517999920125],[-80.61127300038123,33.75450300027748],[-80.61170199982831,33.75481500022112],[-80.61174899968397,33.7551030003678],[-80.61180599958539,33.75544700020868],[-80.61076600021802,33.75602399982783],[-80.60884499969532,33.75709300000975],[-80.60797900040524,33.757337999637464],[-80.60646700013646,33.757426999664155],[-80.60563799975796,33.757476000201684],[-80.60511899989922,33.757887999741875],[-80.60508700011216,33.7579170000446],[-80.60499400022573,33.75836800016758],[-80.60497099976119,33.758483999923186],[-80.60563100008528,33.75884800014605],[-80.60613099967748,33.75894200021922],[-80.60658400031234,33.75902699998211],[-80.60664200003863,33.759040000281075],[-80.60666299995503,33.759040000281075],[-80.60690599962928,33.759045999671564],[-80.60698699982012,33.75904899974005],[-80.60721399960086,33.75905499987676],[-80.6073080002105,33.75905799994494],[-80.60776199977194,33.75943500020996],[-80.6078220000464,33.75948500036423],[-80.6078990000393,33.759614000313945],[-80.60794699971987,33.759694000080955],[-80.60802000041312,33.759816000366165],[-80.60809099965992,33.759935999705945],[-80.60814000006373,33.760016999930876],[-80.60818799974429,33.7600980000792],[-80.60826200026246,33.76021999978936],[-80.60833400023247,33.76034200007276],[-80.60838299973797,33.760423999920775],[-80.6084699997766,33.760580000089035],[-80.608602999846,33.76079000012565],[-80.60868300021193,33.760927000359494],[-80.60877600009836,33.76160599977997],[-80.60880600023559,33.76177099995744],[-80.60883700019772,33.76193799979554],[-80.60819399959207,33.762212000108434],[-80.60769900002275,33.76184100004991],[-80.60672400005441,33.76177099995744],[-80.60495400004275,33.76232099999752],[-80.60369899969194,33.762712999802844],[-80.60361000000347,33.76279900028616],[-80.6033449996896,33.76305599974872],[-80.60341400018488,33.763409000282415],[-80.60346799971325,33.76367899975161],[-80.60386199989856,33.76377399972212],[-80.60529799999934,33.763988000008894],[-80.6053239999386,33.764035999818375],[-80.6056250002375,33.76459000009233],[-80.60563600010815,33.76468799967095],[-80.60565700002454,33.76488899975916],[-80.60572200032188,33.76549200018243],[-80.60573900004032,33.76564999997942],[-80.60574200041336,33.7656939998238],[-80.6057809998731,33.76609699997795],[-80.60582799972877,33.76657999979132],[-80.60617300040857,33.767221999684644],[-80.60627499961753,33.76741000002944],[-80.60613700042357,33.7675429996946],[-80.60597400021695,33.76769900034699],[-80.60591099956945,33.76776000004142],[-80.60534200038028,33.76790900011619],[-80.60512399992207,33.76796699990486],[-80.60491899988266,33.76768400002375],[-80.60480400025494,33.76752600024301],[-80.60430499958933,33.766838999728044],[-80.60427700000024,33.766800000133614],[-80.60398099972423,33.76684999972531],[-80.60367000027792,33.76690399975937],[-80.60324799960523,33.76697899979173],[-80.60276100043183,33.767149999649895],[-80.6024640003309,33.76725500027155],[-80.602303999599,33.7673099999768],[-80.6020120004193,33.76741399973041],[-80.60190299974103,33.76757600015788],[-80.60180900002968,33.76771599976424],[-80.60160399999027,33.76802199989991],[-80.60155200011174,33.768724000035675],[-80.60167299958725,33.76888999985891],[-80.60207900036644,33.769450000273075],[-80.60277499977721,33.76991999971608],[-80.60340400013914,33.77037299993448],[-80.60456800025337,33.770705000337514],[-80.60486500035431,33.77081999993875],[-80.60534499985502,33.77100600009041],[-80.60569600038261,33.7713589999866],[-80.60569100035973,33.771626000168965],[-80.60568999963651,33.77166200018019],[-80.60567899976586,33.77176599987893],[-80.6056469999788,33.77178200010854],[-80.60560699979582,33.77180099995732],[-80.6055480002446,33.77183000003283],[-80.60548899979506,33.77185900009849],[-80.60545000033531,33.77187899980331],[-80.60531899991574,33.77194200000048],[-80.60517999999857,33.77201100012766],[-80.60479000001123,33.77220200002762],[-80.60438699960511,33.77243700036418],[-80.60412800003732,33.772589000114635],[-80.60375300011862,33.7728089999636],[-80.60369799986702,33.77286499969922],[-80.60294399983161,33.77363699989758],[-80.60273399976933,33.774045999864846],[-80.60260300024807,33.77430299994624],[-80.60245500011007,33.77447300027953],[-80.60216700022998,33.77480499972936],[-80.60177700024263,33.77502499986156],[-80.6014430003318,33.77521499992831],[-80.59981200023732,33.775579999856774],[-80.59923800012697,33.77577900012826],[-80.5987900004133,33.77593599979867],[-80.59853500014519,33.776260000230074],[-80.5983590004181,33.77648699984144],[-80.59807499983765,33.77685499976894],[-80.59788400004193,33.77720299965818],[-80.59774599994968,33.777455999996825],[-80.59773500007901,33.777474000272825],[-80.59771499998755,33.77751199968158],[-80.5977190001855,33.77752999994583],[-80.59772500003328,33.77754999982012],[-80.5977900003306,33.77780699984308],[-80.59788499986685,33.77817699967251],[-80.59802700015707,33.77856699978065],[-80.59811900021859,33.77881699970096],[-80.59818799981555,33.77900499999068],[-80.59852400027454,33.77952099980913],[-80.59887300025399,33.7800559997637],[-80.59975100013796,33.781626999712635],[-80.59975699998573,33.781635000026895],[-80.60023499983663,33.782297999863964],[-80.60053199993754,33.78271000027729],[-80.60066400018204,33.78289200027455],[-80.60145900022532,33.78377599987933],[-80.60153700004312,33.78385699996783],[-80.60189100004546,33.78422300013159],[-80.60251100018657,33.78486499996976],[-80.60283699970148,33.78518600032386],[-80.60297599961866,33.78532299962948],[-80.60303300041838,33.78585599975862],[-80.60278300017312,33.78629699988442],[-80.60244900026228,33.78656699964811],[-80.60175999962588,33.78666300007236],[-80.60140599962355,33.78648000017394],[-80.60101900000927,33.78601400007832],[-80.60063499986971,33.78544799990008],[-80.60045499994466,33.7851829996772],[-80.5997600003588,33.78460699974802],[-80.5996339999621,33.784609999668234],[-80.5992409996017,33.7846179997039],[-80.59839700005293,33.7846369996922],[-80.59808800025644,33.78476099974817],[-80.59772400020836,33.78490899965221],[-80.59748999985665,33.78500300025549],[-80.59691400009648,33.78548400007559],[-80.59676299958541,33.785611000283524],[-80.59672499995058,33.785648000102924],[-80.59636900029841,33.78618299986131],[-80.59620500026689,33.78643099979612],[-80.59625399977239,33.78738399988899],[-80.59676000011068,33.787831999659936],[-80.59702399970132,33.78806500030408],[-80.5972410003346,33.78824200021586],[-80.59724999965712,33.78824900023017],[-80.59734500009168,33.788322999813],[-80.59751900016896,33.78845899964639],[-80.59766099956086,33.788457999966774],[-80.5977829997596,33.788457999966774],[-80.59823600039444,33.78844699975763],[-80.59896399959226,33.78843099965444],[-80.59959499960405,33.788457000287224],[-80.60004800023889,33.78847600017034],[-80.60006999998019,33.78847600017034],[-80.60008699969862,33.78847699984968],[-80.60014000030039,33.788479999634326],[-80.60015799984373,33.78848100006026],[-80.60022800016394,33.78847499974433],[-80.60033399957082,33.7884679997485],[-80.60043800022622,33.788460000072575],[-80.60050900037133,33.788455000181365],[-80.60072799975615,33.78843799965329],[-80.60126199968352,33.7883990001857],[-80.60131799976,33.78850999971487],[-80.60141800021744,33.7887069997087],[-80.60143300028606,33.78873699970965],[-80.60145599985228,33.78878200006473],[-80.60147900031681,33.78882699964957],[-80.60149500021033,33.78885700035508],[-80.60152600017247,33.78891900033644],[-80.60159700031758,33.78905799973417],[-80.60155700013462,33.78909599997606],[-80.6015069999059,33.789145000321966],[-80.6012669997064,33.78937400021085],[-80.60054899965598,33.79006399966477],[-80.60045400011974,33.79015599976906],[-80.60042499980742,33.79035299970864],[-80.60038299997463,33.79062900028652],[-80.60033199992101,33.7909699996636],[-80.60044700044706,33.79144900027132],[-80.60051299967097,33.791721000243314],[-80.60052299971672,33.79176399974808],[-80.6005289995645,33.79178899972796],[-80.60063099967175,33.79182500022376],[-80.60067400022777,33.79184099969271],[-80.6010840003066,33.79198900005116],[-80.60170000024974,33.792211000109155],[-80.60231500036798,33.792433000338],[-80.60272600027172,33.792580999673056],[-80.60290899967151,33.792644999951904],[-80.60293399978586,33.792654000360564],[-80.60314100037343,33.79272799986908],[-80.60337599965176,33.79285400015615],[-80.60343900029926,33.79288699982741],[-80.60361099982839,33.79297899988441],[-80.60366199988201,33.79300699988215],[-80.60376200033944,33.79306200022427],[-80.60375300011862,33.79312499977192],[-80.6037460004459,33.7931840000291],[-80.60372899982914,33.79330500003711],[-80.60370600026293,33.79348699991212],[-80.6036819999735,33.79366799978144],[-80.60366600007997,33.793790000215786],[-80.60366299970693,33.7938100000256],[-80.60366000023218,33.793835999771396],[-80.60362500007209,33.79384199971162],[-80.60360499998059,33.793845999671554],[-80.60358200041438,33.793849999631234],[-80.60351399974401,33.79386299987235],[-80.60349200000269,33.793868000194244],[-80.60283699970148,33.79399000034355],[-80.60230100012429,33.79409100021933],[-80.60173100021188,33.79456799982586],[-80.60173700005967,33.79527699983867],[-80.60174299990746,33.79594300032772],[-80.60174499955728,33.79624999999764],[-80.60175299995319,33.79717200019065],[-80.60175499960302,33.797329999784026],[-80.60170899957227,33.79747199992567],[-80.60159999979233,33.79781200009608],[-80.60138300005734,33.79804799990336],[-80.6003450003398,33.79918300028686],[-80.6005289995645,33.79964600022919],[-80.60094100019145,33.79986200032087],[-80.60115200007867,33.79988200020504],[-80.60139499975291,33.799908999891905],[-80.60196999968818,33.79986700029234],[-80.60214999961323,33.799854999763134],[-80.60291000039473,33.79994999992551],[-80.60341300035998,33.800043000147284],[-80.6041890001367,33.80044100000307],[-80.60424900041116,33.800562999742034],[-80.60461299956091,33.801300999912954],[-80.60465399956878,33.801384999923535],[-80.60472899991187,33.801665999883866],[-80.6048519999355,33.80212200020442],[-80.60506500037086,33.80277200002328],[-80.60518599984636,33.803139000201355],[-80.60526299983925,33.80337200024001],[-80.60535999992362,33.80356999987353],[-80.6057089999031,33.80428300018379],[-80.60538099984002,33.80474600015404],[-80.60534499985502,33.80476099995806],[-80.60491899988266,33.804951999969184],[-80.60483500021708,33.804988999640656],[-80.60474399998049,33.804986999921056],[-80.60428399967294,33.804981000015665],[-80.60420099983226,33.80495600015634],[-80.60402599993007,33.80490599966936],[-80.60359900013282,33.80478199967921],[-80.60334800006265,33.80470999986733],[-80.60267000019522,33.80451400036277],[-80.60257399993576,33.804485999650474],[-80.6024779996763,33.80445799967547],[-80.60231799984273,33.80441100036324],[-80.60218499977333,33.80437199996147],[-80.60189199987038,33.8042869996558],[-80.60100999978845,33.80403100022735],[-80.59878299984231,33.803384999781365],[-80.598472000396,33.80347699975213],[-80.59842299999218,33.80357700012745],[-80.5981490003558,33.80414299988489],[-80.59825999978558,33.80441000012346],[-80.59828800027299,33.804476000246964],[-80.59930900027209,33.80521799969253],[-80.60208299966608,33.807235000071024],[-80.60229500027651,33.80777000002679],[-80.60238700033801,33.80799900010027],[-80.6025770003088,33.809071000171905],[-80.6026340002102,33.80939700023885],[-80.60280499991444,33.81035500003323],[-80.60281400013525,33.81037300011058],[-80.60296300009817,33.810670000093495],[-80.60297200031901,33.81068800010457],[-80.60300099973301,33.81074600003153],[-80.60309399961943,33.8109320000468],[-80.60314399984814,33.81093700011786],[-80.60323000006187,33.8109479996761],[-80.60350000039861,33.8109790002555],[-80.60379800032445,33.811015000143826],[-80.60431399981016,33.81099600003877],[-80.60458599979674,33.81098700006613],[-80.60462199978176,33.810985999903224],[-80.6046400002234,33.810985999903224],[-80.60470299997259,33.8109159996681],[-80.60472800008695,33.810888999722046],[-80.60479800040716,33.810811000327604],[-80.60483900041504,33.81075600019512],[-80.6051540000593,33.81034300022839],[-80.6052589996413,33.81020599991108],[-80.605681000314,33.80965099967733],[-80.60641600008283,33.80868599962874],[-80.60696500007883,33.80881500012782],[-80.6069910000181,33.809128999702246],[-80.60704899974442,33.80982399978003],[-80.6070549995922,33.80988799985451],[-80.60707100038402,33.81008499991151],[-80.60710599964582,33.81050399989589],[-80.6073009996395,33.81081400007598],[-80.60744100027989,33.81103699998517],[-80.6074639998461,33.8110729998491],[-80.60749099961029,33.81111600008137],[-80.60757000015133,33.81111200018215],[-80.60761399963394,33.81110999985929],[-80.60792300032874,33.811094999675525],[-80.60853599989885,33.811066000208434],[-80.60872400021982,33.8108420002103],[-80.60873599991538,33.8108209997372],[-80.60889599974897,33.81055599968666],[-80.6089839996125,33.810409999677105],[-80.60908900009281,33.81001700003404],[-80.60914099997133,33.809823000349944],[-80.6096590000052,33.809514999924865],[-80.61030400026067,33.809709999738736],[-80.61031599995623,33.809963000312344],[-80.61034500026854,33.810539999984094],[-80.61034699991836,33.81059599967652],[-80.61035199994124,33.810681999852484],[-80.6103560001392,33.81076699977663],[-80.61035899961392,33.81082499965002],[-80.61048500001061,33.81108400013619],[-80.61075899964702,33.81164600037065],[-80.61091900037889,33.811828000056245],[-80.61111000017459,33.81204500015135],[-80.61112000022035,33.81205699971753],[-80.6111520000074,33.81209299989857],[-80.61116299987805,33.812106000354184],[-80.61116899972583,33.81211199976],[-80.61126099978733,33.81221600034076],[-80.61139999970452,33.81237399977542],[-80.61153699997186,33.81253100026617],[-80.61162999985828,33.8126359997348],[-80.61169599998053,33.81267799978471],[-80.61189699982197,33.81280499995238],[-80.61196399976912,33.812848000060406],[-80.61206900024943,33.81291399964617],[-80.6123839998937,33.81311299972863],[-80.6124900001989,33.813179999993544],[-80.61252799983373,33.81320400029846],[-80.61258599956005,33.813241000133374],[-80.6126440001847,33.81327799995229],[-80.61268299964445,33.81330300036554],[-80.61275999963733,33.813352000288496],[-80.61287599998829,33.81342499967991],[-80.61299300016415,33.81349899988896],[-80.61307099998196,33.813547999699644],[-80.61323500001349,33.813652000027396],[-80.61327099999849,33.81366400011448],[-80.6139339997973,33.81388800018721],[-80.61415499973025,33.81396300012379],[-80.61483000012294,33.81419099991538],[-80.61567600021986,33.81451400025919],[-80.61552800008187,33.814888000154866],[-80.61538900016468,33.815135999770696],[-80.61525500027038,33.815378000237565],[-80.61507600017023,33.816009999733055],[-80.61528600023252,33.81630500009554],[-80.61564899955738,33.81674700017651],[-80.61601199978053,33.81718900021243],[-80.61682000024261,33.81859700017831],[-80.61739299962976,33.82031500018023],[-80.61744899970624,33.82108600013427],[-80.6172560002607,33.82127300009791],[-80.61691099958088,33.821610999653146],[-80.61639500009517,33.8222720002637],[-80.61613300015435,33.8227780002377],[-80.61626700004864,33.82316900016826],[-80.61628999961486,33.82323700003859],[-80.61632499977497,33.82333899974269],[-80.61635999993507,33.823441000071426],[-80.61638400022451,33.82350899972545],[-80.61654099968504,33.82396700006921],[-80.61662799972368,33.82422200028266],[-80.61677400021186,33.825136999837035],[-80.61673700040193,33.82539400028153],[-80.61667399975443,33.82583799963603],[-80.61666999955646,33.82587499997566],[-80.61666799990665,33.825886999840314],[-80.6166510001882,33.82605699998125],[-80.61662600007385,33.826321999768204],[-80.61670100041692,33.82655800004165],[-80.61675400012037,33.82672199972154],[-80.61677500003675,33.826786999817095],[-80.61680799964874,33.826888999764],[-80.61689499968736,33.82693300023031],[-80.61695699961165,33.82696400023998],[-80.61712300019131,33.82704799968007],[-80.61737400026149,33.82717500015155],[-80.61762399960843,33.827301999688125],[-80.617791000013,33.82738700025974],[-80.61839199988754,33.82769099989181],[-80.61920299982435,33.82810199974765],[-80.61956299967446,33.82848700020979],[-80.61981899976749,33.829014999666036],[-80.61992599989762,33.82923400008219],[-80.62005999979193,33.829644000038],[-80.62009400012711,33.829747000251146],[-80.62014500018074,33.829903000250766],[-80.62019600023436,33.83005800002578],[-80.62022999967124,33.830161999678815],[-80.62028099972486,33.830319000350414],[-80.62030900021227,33.830402000289496],[-80.62029499996856,33.83081099993621],[-80.6202899999457,33.83097700027089],[-80.62028800029587,33.83103200008596],[-80.61963499964448,33.83126500026662],[-80.61923899980935,33.83133899996373],[-80.61840199993328,33.831497999812214],[-80.61758400032376,33.831785000371696],[-80.61698500009905,33.83222199996838],[-80.61669499967081,33.832734000207296],[-80.61650899989799,33.83309099965379],[-80.61635300026238,33.83339100029314],[-80.61612099956048,33.83417000012105],[-80.61610100036731,33.834237000305365],[-80.61607299987989,33.83433200034301],[-80.6161230001086,33.834429999941314],[-80.61615599972058,33.83449300036992],[-80.61636099975999,33.83490199984401],[-80.61638099985147,33.834941999640094],[-80.61673800022685,33.83546400026207],[-80.6172760003522,33.835681000078615],[-80.6173890003301,33.835712999774586],[-80.61783000037104,33.83583900018641],[-80.61814199964228,33.835927999962706],[-80.61818400037339,33.83594099977975],[-80.6185650001399,33.83606299963088],[-80.619001000158,33.83650499981064],[-80.61898899956411,33.83659100004931],[-80.61894099988353,33.83695700002777],[-80.61889900005075,33.83727099999965],[-80.61886399989065,33.837387000320085],[-80.61864100030789,33.83813899999367],[-80.61876599998133,33.838655999801674],[-80.6188470001722,33.83898999994138],[-80.6189020004238,33.83906799975031],[-80.61893599986065,33.83911599999908],[-80.61898799973919,33.83918799994862],[-80.61903899979282,33.839259999837495],[-80.61907399995293,33.83930799997843],[-80.61962200012401,33.839421000281476],[-80.61976799971389,33.83942399977246],[-80.62031800043312,33.83943900021029],[-80.62120800001263,33.83944300027687],[-80.6218819996821,33.83950199993138],[-80.62207699967577,33.83951999984315],[-80.62237999962448,33.839880000266916],[-80.62239600041632,33.839916999752],[-80.62251699989183,33.84019700015549],[-80.62278800005348,33.84082200031832],[-80.62289500018359,33.841031999788754],[-80.6230349999257,33.8413040003112],[-80.62305500001716,33.841344000095575],[-80.62306699971273,33.84136700014962],[-80.62317100036812,33.84139800014779],[-80.62321499985075,33.84141199968599],[-80.62330799973715,33.84144000024776],[-80.62344900020247,33.84148200032709],[-80.62358899994456,33.841523999639634],[-80.6236829996559,33.841552999970084],[-80.62398200030495,33.84152500019147],[-80.62480800031038,33.84144900000004],[-80.62488199993022,33.841456000138294],[-80.6251820004042,33.841486000298026],[-80.62597999992222,33.8415640000671],[-80.6266550003149,33.841630999678],[-80.62796699966884,33.84265999972047],[-80.6279569996231,33.842719999930154],[-80.62783399959943,33.84351299972524],[-80.62778699974379,33.84381100003772],[-80.62776900020043,33.84386400024485],[-80.62748700016813,33.844733999959104],[-80.62753200037396,33.84488700016613],[-80.62763600013105,33.84522999992723],[-80.62768499963653,33.84539899989046],[-80.62823299980761,33.84583900002338],[-80.62874499999369,33.84610399966299],[-80.62968499980194,33.846593000167985],[-80.63097100011491,33.8473549997657],[-80.63192500016685,33.84889599991702],[-80.63269199972275,33.85013400027541],[-80.63271400036237,33.850168999641475],[-80.63274799979924,33.85022399978875],[-80.63277999958629,33.850276999747905],[-80.63280300005084,33.850313000250424],[-80.63285999995225,33.85044999972363],[-80.63294600016596,33.85065700030795],[-80.6330320003797,33.850862999948184],[-80.63309000010601,33.85100099972626],[-80.63318700019039,33.851243999831595],[-80.633386000382,33.85173799993477],[-80.63343099968955,33.851988999886316],[-80.63347900026844,33.85224800027287],[-80.63348699976605,33.85230400025317],[-80.63350000018484,33.85239000025804],[-80.6335129997053,33.85247400007516],[-80.63352199992615,33.85253100033024],[-80.63354500039067,33.85267999980971],[-80.63352299975107,33.85267400026629],[-80.63302300015886,33.852534000107056],[-80.63285699957918,33.85248800003662],[-80.63283400001296,33.852481999733655],[-80.6327660002409,33.85246099978913],[-80.63275399964704,33.852458000009754],[-80.63274299977638,33.852458000009754],[-80.63255199998068,33.852450000349],[-80.63226900012344,33.852437999737326],[-80.63198100024337,33.85242399976767],[-80.63179100027256,33.852414999679375],[-80.631695999838,33.85241100022009],[-80.63157700001231,33.85240700001455],[-80.63145999983645,33.85252400035332],[-80.6313929998893,33.85259199999837],[-80.63116500028367,33.85281900005611],[-80.63093400030499,33.85305100010306],[-80.6306330000061,33.85361099970381],[-80.63048099967016,33.85389399972152],[-80.6303500001489,33.854138999865235],[-80.63035900036972,33.85439799970067],[-80.63037400043834,33.85477700018156],[-80.63081600030422,33.85580899970812],[-80.63081200010626,33.855921000184715],[-80.63079299983967,33.856459000280104],[-80.63078100014413,33.856771999827224],[-80.6307669999004,33.85719599964611],[-80.63042999961652,33.857587999900204],[-80.63022600030033,33.85782699996384],[-80.62981899969624,33.858300999647035],[-80.62891099967504,33.85936099976747],[-80.62864899973422,33.859761999842355],[-80.6283089999756,33.86028600018474],[-80.62827100034077,33.86034400003355],[-80.62823199998272,33.86038799968677],[-80.6279840002856,33.860680999918856],[-80.62790200026983,33.86077899988162],[-80.62759599994807,33.86113999981696],[-80.62682199982117,33.86111199974432],[-80.62666500036065,33.86106500024113],[-80.62605299971715,33.860881999865825],[-80.62480800031038,33.85945100000209],[-80.62377100041775,33.85949899998901],[-80.6233110001102,33.859774999763076],[-80.62325099983576,33.85988099973109],[-80.6229599995826,33.86040800033542],[-80.62296299995566,33.861216999969336],[-80.62296399978057,33.861232000310615],[-80.62307900030663,33.86151400011986],[-80.62344199963147,33.86240400003359],[-80.62348099998952,33.86249900008409],[-80.62357600042408,33.862695999757705],[-80.62364699967088,33.86284300029342],[-80.623753999801,33.8630639996534],[-80.62386099993113,33.86328499993315],[-80.62393299990114,33.863432999750124],[-80.6241129998262,33.8638069997067],[-80.62465599997441,33.86493099999934],[-80.62480800031038,33.865243999822596],[-80.62484599994521,33.86530099975984],[-80.6250280004184,33.865577000174035],[-80.62533200019202,33.86603500034111],[-80.62533200019202,33.866478999639654],[-80.62533200019202,33.86681100013963],[-80.62532899981896,33.867244000105394],[-80.62532600034424,33.868107999680525],[-80.62532299997119,33.8685460002119],[-80.62532100032135,33.868979999812645],[-80.62532100032135,33.86923799990785],[-80.62532200014628,33.869624999707554],[-80.62501699964943,33.86986899999768],[-80.62481499998307,33.87003099965838],[-80.62436700026942,33.870365000198376],[-80.62361800025688,33.870924000170106],[-80.62318100041387,33.87152199983379],[-80.62314100023089,33.8715790000545],[-80.62301599965912,33.87205200002492],[-80.62290500022935,33.872470999845106],[-80.62290100003138,33.87248800007919],[-80.62309199982708,33.87361300036681],[-80.62316799999506,33.87373399994548],[-80.62339999979868,33.87410199999532],[-80.62344699965432,33.874177000052],[-80.62351799979943,33.87429099989262],[-80.62358899994456,33.87440400016008],[-80.62363699962513,33.87448000011724],[-80.62393200007622,33.87494899977822],[-80.62406199977256,33.87515499974024],[-80.62413600029073,33.876171999890666],[-80.62392500040353,33.87651600019501],[-80.62384800041065,33.87664400037057],[-80.62366699976235,33.87699300020025],[-80.62366000008967,33.877004000208004],[-80.62363699962513,33.877047000089085],[-80.62360700038622,33.877108000143465],[-80.62356899985308,33.8771790000051],[-80.62354700011177,33.877222999931725],[-80.62349799970796,33.87723100025496],[-80.62344900020247,33.877241000098536],[-80.62334299989726,33.87725999964902],[-80.62303900012365,33.8773179998993],[-80.62288000011498,33.87734700000967],[-80.6227260001292,33.87737600011019],[-80.62257399979322,33.877365000150384],[-80.62225099975304,33.87738700006857],[-80.62213299975225,33.877381000023604],[-80.62177000042743,33.87733200026241],[-80.62155299979413,33.877321000296924],[-80.621493000418,33.877304999666634],[-80.62142700029574,33.877276999675075],[-80.62134799975472,33.8772609997823],[-80.6213250001885,33.87725900026161],[-80.62097200001108,33.87723399990983],[-80.62093299965301,33.87723899983161],[-80.62085400001031,33.8772609997823],[-80.62068900015387,33.87734400035876],[-80.6206359995521,33.87738800020031],[-80.6204449997564,33.877531000274466],[-80.62021499960262,33.87774000035341],[-80.62020200008216,33.87776700006579],[-80.62015500022648,33.877805999800955],[-80.61991800040002,33.87802599982824],[-80.61978000030776,33.87816300033499],[-80.61972099985822,33.878261999742264],[-80.61968800024624,33.87834500009095],[-80.61965499973599,33.87838900016213],[-80.61957600009325,33.878547999705006],[-80.61956299967446,33.878624999818065],[-80.61957600009325,33.878697000025575],[-80.61958899961373,33.87873000013141],[-80.61970099976674,33.87887300019418],[-80.61971500001043,33.87890000029389],[-80.61977399956166,33.87897700008927],[-80.61983300001121,33.87907600004379],[-80.61988599971464,33.87915299968042],[-80.62003800005061,33.879262999893086],[-80.62009699960184,33.87928999986939],[-80.62020299990705,33.87932899965433],[-80.62026200035659,33.87935600035551],[-80.62029499996856,33.87938399966491],[-80.62060499958997,33.879564999693685],[-80.62069099980368,33.879620000298004],[-80.62082899989595,33.87972400002849],[-80.62092900035337,33.87975799984116],[-80.62105300020193,33.87980099982612],[-80.62118500044642,33.8798279996322],[-80.62123800014986,33.87984499989241],[-80.6214030000063,33.87987800030014],[-80.62154799977125,33.87992200032667],[-80.6216990002823,33.879937999720525],[-80.62177799992503,33.879927000090966],[-80.62185099971995,33.8798939997022],[-80.6219169998422,33.879849999661225],[-80.62199600038323,33.879790000178915],[-80.6221279997294,33.87963599974843],[-80.62214699999598,33.879585999684544],[-80.62215299984376,33.87955999990817],[-80.62263200041787,33.87952700012326],[-80.62393299990114,33.87943800027822],[-80.62406900034358,33.8794640000917],[-80.62454200017159,33.879554000016036],[-80.62468500028672,33.87967400001611],[-80.62489600017393,33.879849999661225],[-80.6249920004334,33.87996699968627],[-80.62503099989313,33.88009800020607],[-80.62508500031981,33.88027800011401],[-80.62512399977955,33.880408000059965],[-80.62511499955872,33.88043599976999],[-80.62500300030405,33.880801999822275],[-80.62489100015105,33.88082400034596],[-80.62480499993733,33.8808419997532],[-80.62472999959427,33.88086200008452],[-80.62470000035533,33.8808700000666],[-80.62466000017237,33.88088199966537],[-80.62461300031671,33.88089500009893],[-80.62458400000438,33.880904000168435],[-80.62427699985773,33.88106400033414],[-80.62425799959117,33.88107399972861],[-80.62393399972605,33.88114900037008],[-80.62347000011887,33.881014000361226],[-80.62330699991224,33.88089500009893],[-80.62302800025299,33.880691000008966],[-80.6227329998019,33.88060999989279],[-80.6224879995795,33.88054399963081],[-80.62182700032882,33.88051599995623],[-80.62163900000785,33.880507999940974],[-80.62154500029652,33.8805759996738],[-80.62121300003551,33.88081300008483],[-80.62086400005605,33.8810630002455],[-80.62067400008526,33.88174699998422],[-80.62068699960572,33.88183100000583],[-80.62075199990306,33.88223399983852],[-80.62077700001743,33.882388000054654],[-80.62079299991093,33.8824859997085],[-80.62112900036992,33.882642000355936],[-80.62127199958674,33.88270899981023],[-80.62141700025,33.882775999957666],[-80.62176299985641,33.88293799972947],[-80.62184300022237,33.88299499978321],[-80.6219739997436,33.88308799990685],[-80.62212199988163,33.88319299994865],[-80.6223460001876,33.88335200023475],[-80.62256899977037,33.88351000016452],[-80.62271799973328,33.883615999745764],[-80.62283099971118,33.883695999933465],[-80.6231139995684,33.883890999797096],[-80.62362400010466,33.88424099986854],[-80.62403900020634,33.88496000025166],[-80.62421599975836,33.885267000220416],[-80.62427299965977,33.88538300023682],[-80.62428100005569,33.88539800006033],[-80.62430600017005,33.88550100016885],[-80.62444500008722,33.88588299989105],[-80.62480800031038,33.8868830001026],[-80.62510000038841,33.88732199974797],[-80.6253940001163,33.88776400014747],[-80.62540800036001,33.88778400034763],[-80.62586100009652,33.8887889998913],[-80.62588299983783,33.88890800032873],[-80.62601699973213,33.88963000011924],[-80.62613499973291,33.89040600014668],[-80.62609000042539,33.89104300014652],[-80.625873999617,33.892366000145756],[-80.6258309999593,33.89261100024112],[-80.62574800011862,33.89310099981171],[-80.6255630001707,33.89351099969363],[-80.62526699989469,33.89357299984975],[-80.62480800031038,33.8936680002541],[-80.62458599965422,33.89344599966195],[-80.62435499967552,33.89321399977585],[-80.62392700005334,33.892577000330796],[-80.62372399966377,33.89134100013558],[-80.62370000027265,33.89119100030127],[-80.62350299973085,33.89059299977133],[-80.62347199976868,33.890500000372136],[-80.62342599973793,33.890361000327374],[-80.62337999970717,33.890221000074746],[-80.62334999956995,33.89012900025239],[-80.62332799982865,33.89006399988034],[-80.62283300025932,33.8897059999379],[-80.62277800000774,33.88966599968859],[-80.62113600004261,33.88890900032543],[-80.62098399970664,33.88885499974082],[-80.6207340003597,33.88876699993007],[-80.62061399981079,33.888724999988426],[-80.6204949999851,33.888683000026056],[-80.62040799994647,33.88865100004088],[-80.6203400001744,33.88865200004059],[-80.62014799965547,33.888654000040006],[-80.61986200032352,33.888659000038274],[-80.61957500026834,33.888663000036736],[-80.61938500029754,33.88866600003544],[-80.6191500001209,33.888670000033535],[-80.61858400040647,33.88897500008215],[-80.61774599980714,33.88942800001688],[-80.61659599993662,33.89016800030265],[-80.61632200030024,33.89031499975836],[-80.61554999982316,33.890732000183725],[-80.61553399992964,33.89074099996121],[-80.61538300031691,33.89109400017844],[-80.61535499982949,33.891160999706216],[-80.61532999971514,33.891220000170485],[-80.61530399977586,33.89127999981719],[-80.61504500020811,33.891886999661224],[-80.6150660001245,33.89223199994811],[-80.61506799977433,33.892261000209075],[-80.61508600021598,33.892542999661295],[-80.61512300002592,33.892627000238086],[-80.61537900011895,33.89320800009827],[-80.6154040002333,33.89326400005538],[-80.61648399978364,33.89476300010104],[-80.61685700005253,33.895279000197085],[-80.61698199972601,33.89545299987243],[-80.6170300003049,33.89551899978497],[-80.61757599992784,33.89566000020652],[-80.61778500016521,33.89571500012793],[-80.61779699986079,33.89571799987859],[-80.6178329998458,33.89572699987561],[-80.61784600026459,33.89573100028822],[-80.6181850001983,33.895687000213044],[-80.61869400001133,33.89562300026653],[-80.61920199999943,33.89555800035321],[-80.61954199975806,33.89551500010803],[-80.61959000033697,33.895508999846705],[-80.61966499978172,33.8954799999445],[-80.61977899958451,33.89543699965997],[-80.61989199956244,33.89539300017878],[-80.61996799973042,33.89536500015813],[-80.62025300013578,33.89525599975067],[-80.62056299975717,33.89513899981491],[-80.62114799973818,33.89512999975589],[-80.62127999998265,33.89512799990832],[-80.62145400005993,33.895117000000305],[-80.62173400044243,33.89522300007185],[-80.62257399979322,33.89554200016052],[-80.62285500000063,33.89564900036713],[-80.62294500041233,33.895718999795484],[-80.62319700030739,33.89589599980875],[-80.62384800041065,33.89635599963332],[-80.62413600029073,33.896728000160074],[-80.6243949998585,33.89706199984776],[-80.6245489998443,33.897260000170114],[-80.62480800031038,33.89759400001097],[-80.6250779997488,33.89778800027342],[-80.62516099958948,33.897846999881345],[-80.62527100009265,33.897949999869965],[-80.62528500033635,33.89796299993933],[-80.62532700016915,33.89800300002555],[-80.62534200023775,33.89801699997673],[-80.62551499959181,33.89817999977191],[-80.62574399992064,33.89854499986654],[-80.62579800034734,33.89878800034403],[-80.62584799967773,33.89901200020758],[-80.62588200001294,33.899159999954406],[-80.62588799986071,33.8992219997317],[-80.62593499971636,33.89964499982327],[-80.62587100014228,33.89985500002524],[-80.62580900021798,33.900061000246275],[-80.62572499965408,33.90033799994358],[-80.62567000030081,33.90042900007571],[-80.62538200042073,33.90091000001299],[-80.62495999974803,33.90137499962965],[-80.62480800031038,33.90154400029869],[-80.62468699993654,33.90166099964798],[-80.62449500031593,33.90184999963417],[-80.62425599994133,33.9020869998413],[-80.62411700002416,33.90254000021628],[-80.62406099994766,33.90272499966075],[-80.62403800038145,33.902798000237894],[-80.62402199958959,33.90285200019564],[-80.62399800019847,33.903569999696565],[-80.62450700001149,33.90549699966614],[-80.6245289997528,33.90551599963353],[-80.62574399992064,33.906555999825734],[-80.62689399979119,33.907616999803906],[-80.62762799973511,33.90869099992016],[-80.62818400030211,33.909629999729596],[-80.62862299979496,33.91066899993675],[-80.62922100019475,33.91207100028376],[-80.62931900010405,33.91222800021707],[-80.62984600035873,33.913065000042536],[-80.63055199981525,33.91374299986021],[-80.63119000039804,33.914131999952694],[-80.63126099964482,33.91417499975426],[-80.63143399989717,33.91428099998732],[-80.63145700036172,33.91429699964529],[-80.6320330001219,33.914686999885305],[-80.6322249997425,33.91481800000702],[-80.63282599961705,33.91553899990095],[-80.63338100035914,33.91615799985018],[-80.63381800020214,33.91679800029528],[-80.63409299966344,33.91733300003627],[-80.6340680004474,33.917890000053085],[-80.63376299995056,33.91842899973987],[-80.63311299967222,33.91868399968975],[-80.63224900003196,33.919098000351084],[-80.63149099979859,33.919634000196154],[-80.63139999956199,33.91978300030098],[-80.63106800019929,33.920333999951],[-80.6307319997403,33.92105900010342],[-80.63076000022772,33.92138600033105],[-80.63077600012124,33.92157400020143],[-80.63078399961884,33.92165700014303],[-80.63109400013856,33.922030999801855],[-80.63121499961407,33.92217699987685],[-80.63126200036804,33.92223399979228],[-80.6315820000352,33.92258900001559],[-80.63183499975517,33.92286800024272],[-80.6325129996226,33.92360699992363],[-80.63258700014077,33.92387600020614],[-80.63271799966202,33.92435200037036],[-80.63269199972275,33.92440499976365],[-80.63263399999641,33.9245289998188],[-80.6325469999578,33.92471599988513],[-80.63245999991915,33.924900999646546],[-80.63240200019283,33.92502600004354],[-80.63236299983478,33.925109000348925],[-80.63162600041612,33.92540300001674],[-80.63072400024271,33.92573600033928],[-80.63052599987599,33.925854000331476],[-80.62985899987922,33.92625599977269],[-80.62911700043769,33.92703499975693],[-80.62814300029424,33.927835999645886],[-80.62738300041104,33.92842899991475],[-80.6266119997589,33.92921499979951],[-80.62620000003024,33.92989900012924],[-80.6262329996422,33.930149999745375],[-80.6262889997187,33.9305620000802],[-80.62698900022575,33.9310759998709],[-80.62772700036764,33.93136699982581],[-80.62812400002767,33.93152399998012],[-80.62867300002367,33.9317410000826],[-80.62930099966238,33.93203399972822],[-80.6296889999999,33.93221600003591],[-80.62985600040449,33.93229400036811],[-80.63007700033741,33.93239699972272],[-80.63022799995015,33.93266700005181],[-80.63031900018674,33.93282899968929],[-80.63038100011103,33.93294000020153],[-80.63038899960863,33.93297600011507],[-80.63050699960941,33.93345699971427],[-80.63054699979239,33.93361799986736],[-80.63055400036339,33.933647000209724],[-80.63056699988387,33.933699999781986],[-80.63054199976952,33.93372699966387],[-80.63052300040127,33.93375000016384],[-80.63032199966148,33.93398200003105],[-80.63022100027746,33.93400199982295],[-80.62981899969624,33.93408299990103],[-80.6290200003533,33.93391499987408],[-80.62862000032023,33.933830999736294],[-80.6285559998478,33.93381699970529],[-80.62793099968383,33.93365199980516],[-80.62761199984159,33.93356800015328],[-80.62677900016347,33.933740000238856],[-80.62591499962488,33.93416299969089],[-80.6253170001234,33.93453399971838],[-80.62508199994676,33.93467999997711],[-80.62484599994521,33.934825999985435],[-80.62480800031038,33.93484999964635],[-80.62478599967075,33.93484399991809],[-80.62459700042317,33.9347889999049],[-80.62406000012275,33.934633000013015],[-80.62328400034602,33.93427900025891],[-80.62233299976882,33.93384599997995],[-80.62222200033904,33.93379599965447],[-80.62152699985485,33.9337579996558],[-80.62146099973263,33.93378800016608],[-80.62136399964824,33.933834999851236],[-80.62126499991403,33.933879999826736],[-80.6211999996167,33.93391099976291],[-80.62110099988251,33.933959000339065],[-80.62094699989673,33.93403999971274],[-80.62019299986132,33.93444000034848],[-80.62014299963259,33.934466999995735],[-80.6199300000956,33.93454700017018],[-80.61964399986532,33.93465600026827],[-80.6191910001288,33.93483000005363],[-80.61877299965404,33.93493800033268],[-80.61847700027634,33.93501500020644],[-80.61840899960596,33.93503300009913],[-80.61829599962806,33.93506499981616],[-80.61773300028669,33.93543699983654],[-80.61727200015422,33.935742999704935],[-80.61671599958721,33.93642699977475],[-80.61661900040117,33.93738700015009],[-80.61675499994529,33.93751499987917],[-80.61738500013215,33.9381050000789],[-80.61753800029301,33.938197000292355],[-80.61758699979849,33.938225999820546],[-80.6179809999838,33.938504000090795],[-80.61812800029688,33.93860700013202],[-80.61824100027481,33.938683999669],[-80.61876500015644,33.938368999971054],[-80.61890800027157,33.93828400033789],[-80.61961899975097,33.93740699988753],[-80.62000999956321,33.93693699997098],[-80.62008599973119,33.93660700001748],[-80.6201640004473,33.936277000275574],[-80.6205080004039,33.93605699998554],[-80.62051900027456,33.93605100034232],[-80.6207069996972,33.93592599972913],[-80.62156100019004,33.93593099993607],[-80.62173899956696,33.93596400025096],[-80.62229000011111,33.93606699963838],[-80.62277800000774,33.936646999854105],[-80.62283999993201,33.93770299992429],[-80.6227479998705,33.93848100012965],[-80.62250600002118,33.939105000339225],[-80.62165099970342,33.939842999850825],[-80.62152799967977,33.93990800027279],[-80.62136399964824,33.93999299977513],[-80.62087199955366,33.94025199982223],[-80.62079600028399,33.94029300032146],[-80.62072299959074,33.940358999792984],[-80.62050300038102,33.94055800027251],[-80.62016299972409,33.94086599988781],[-80.61978899963029,33.94107999964193],[-80.61953199971232,33.94122800011143],[-80.6194959997273,33.94124799969189],[-80.61944399984877,33.94127899992659],[-80.6194670003133,33.941337999981506],[-80.61948300020684,33.94137699970488],[-80.6196570002841,33.94181400017944],[-80.61968300022336,33.94187999996234],[-80.6201569998763,33.9423859998273],[-80.62080100030686,33.94247500029082],[-80.62085200036047,33.94248299970827],[-80.62125800024135,33.94245600036712],[-80.62127099976182,33.942455000253354],[-80.62157299988561,33.94243299998317],[-80.6222120002933,33.942386999941874],[-80.62248299955665,33.942376000171365],[-80.62278700022857,33.94236499965418],[-80.62311199991858,33.942354999995715],[-80.62378499976313,33.942336000045294],[-80.62407799966608,33.942414000050164],[-80.62437899996497,33.942495000323575],[-80.62439300020867,33.94249799991817],[-80.6245429999965,33.9425359997425],[-80.6248099999602,33.94260600015899],[-80.62497599964153,33.942513000125416],[-80.625112000084,33.94243799980797],[-80.6251830002291,33.942398999825464],[-80.62524400032846,33.942365999769],[-80.62540499998696,33.9423040000799],[-80.62548100015493,33.942275999820914],[-80.62594200028738,33.942103999837634],[-80.62615399999949,33.94197699967461],[-80.62678500001124,33.94160100015842],[-80.62747399974933,33.941135000063014],[-80.62798199973746,33.94093000014226],[-80.62808499966961,33.940942000231225],[-80.62844600024295,33.94098700017704],[-80.62876199971214,33.94118999970324],[-80.62881299976576,33.94122300021563],[-80.62888999975864,33.941271999778415],[-80.62891800024606,33.94136200004272],[-80.62893699961431,33.941421000040116],[-80.62896900029968,33.941518999654875],[-80.62899000021608,33.94158099991563],[-80.62904399974444,33.94174100023576],[-80.62905499961508,33.94177600003282],[-80.6290479999424,33.94180300033483],[-80.62904499956935,33.94181300005813],[-80.62903500042192,33.94185600004716],[-80.6290200003533,33.94191400032734],[-80.62886299999447,33.94251900005854],[-80.62870499981072,33.94291999972209],[-80.62848600042592,33.94347700010135],[-80.62828200021143,33.94393500002006],[-80.62795800034631,33.94492600034426],[-80.62779699978952,33.94562399999746],[-80.62782699992677,33.94593199991405],[-80.62787499960733,33.94642500015859],[-80.62801000022485,33.94696999997627],[-80.62803899963887,33.94709299990503],[-80.62812800022563,33.94746400022516],[-80.62813700044647,33.9475880002387],[-80.62814499994406,33.94766699995481],[-80.62815800036286,33.947788000264524],[-80.62817000005842,33.94790700030276],[-80.62817900027926,33.94798699977155],[-80.62826100029501,33.948780999774804],[-80.6281180001799,33.94918799995403],[-80.6279929996081,33.94954899978049],[-80.6275120002825,33.95035400034612],[-80.62696499993629,33.95089100022372],[-80.62610899979364,33.951435999759816],[-80.62563299959258,33.95178499968871],[-80.62547699995697,33.951900000088365],[-80.62480900013529,33.95220199965286],[-80.62450700001149,33.952230000372396],[-80.62449100011798,33.95223200037021],[-80.62422800035223,33.952254000343174],[-80.62389799974103,33.95228200030043],[-80.62338899992801,33.95229500027752],[-80.62313399965988,33.952303000262376],[-80.62311000026877,33.952303000262376],[-80.62282300021359,33.95230700025457],[-80.62280700032004,33.952309000250565],[-80.62200999972862,33.952414999971836],[-80.62190400032172,33.95241899995876],[-80.62160200019794,33.95243199991486],[-80.62131699979258,33.95244399987259],[-80.6210420003313,33.952455999828615],[-80.62063899992516,33.95286900026492],[-80.62046200037315,33.953052999976194],[-80.62044899995436,33.953078999692764],[-80.62010300034795,33.953818000236446],[-80.62026800020438,33.954068000150315],[-80.62046599967279,33.954369000243425],[-80.62128400018061,33.95468099968892],[-80.62264699958816,33.95510700005061],[-80.62319399993434,33.95552000028743],[-80.62320800017804,33.955529999889436],[-80.62362300027974,33.95603999964161],[-80.62344500000451,33.95644500022571],[-80.62337999970717,33.95659200010996],[-80.62330500026242,33.956763999875044],[-80.62317899986573,33.95703199978639],[-80.62311100009366,33.9571780002059],[-80.62300300013864,33.957409000368],[-80.62296600032872,33.95748899984569],[-80.62235500040845,33.95777999967709],[-80.62229199976093,33.95781099985139],[-80.62212699990448,33.95772700019418],[-80.62183700037457,33.95758000003562],[-80.62177600027522,33.95755899988582],[-80.62146599975549,33.957451999928935],[-80.62093799967589,33.95704599972519],[-80.62077299981947,33.95699800024475],[-80.62040000044888,33.956891000327516],[-80.62000700008848,33.956777999857934],[-80.61998199997413,33.95677100023931],[-80.61891999996713,33.95657500025288],[-80.61880199996635,33.95657700014858],[-80.61839500026058,33.956583999783156],[-80.61831700044277,33.9565849997309],[-80.61817500015256,33.95658700037148],[-80.61812400009893,33.95666300008974],[-80.61808100044122,33.95672800033421],[-80.61789599959499,33.95700799967305],[-80.61773999995937,33.95724699981678],[-80.61773599976141,33.95782499966205],[-80.61782100015023,33.957942999890335],[-80.61801799979372,33.95821600020155],[-80.61804600028113,33.958253999714174],[-80.61835199970457,33.95826600034107],[-80.61862700006418,33.958278000221156],[-80.61940700003886,33.95839200011524],[-80.61974000012478,33.958442000151265],[-80.61975799966812,33.95844400000313],[-80.61985700030064,33.9584589996353],[-80.62031300041023,33.958717000196955],[-80.62039000040312,33.95882899966004],[-80.62083599956864,33.95947200031739],[-80.62110300043064,33.96061699972927],[-80.62098100023192,33.960917999751565],[-80.62078799988808,33.96139800027938],[-80.62069400017673,33.96162300008344],[-80.62052699977217,33.9620169999559],[-80.62029300031875,33.96257499965206],[-80.61977899958451,33.96302200027311],[-80.61957500026834,33.96319999966984],[-80.61942499958221,33.96315199993616],[-80.61899399958699,33.96301600029534],[-80.61888700035517,33.96295700036707],[-80.6185099998883,33.96275100023361],[-80.61765499957056,33.96184800003743],[-80.61761000026303,33.96183599991581],[-80.61705700006908,33.96168699963088],[-80.61672800018111,33.96159999966389],[-80.61584299972611,33.961785999639275],[-80.61580799956602,33.96179400022198],[-80.61528799988236,33.96242199965497],[-80.6157280000984,33.96526799997397],[-80.61575999988546,33.96547200028552],[-80.61673499985379,33.965827999628104],[-80.61688700018976,33.965950999864525],[-80.61711399997048,33.966133999759826],[-80.61734599977407,33.96632000025152],[-80.61749999975986,33.96644400035334],[-80.61783500039392,33.966530000005335],[-80.61806600037262,33.96659199992576],[-80.61830099965094,33.9666529999716],[-80.61875000008783,33.96677000004696],[-80.61884200014933,33.9667929998136],[-80.61917799971,33.966879999684494],[-80.61919799980147,33.96688600013472],[-80.61991400020206,33.96707099990236],[-80.62018799983845,33.967142999900474],[-80.62206900017817,33.96782099981137],[-80.62278600040365,33.968079000289556],[-80.62280899996988,33.96808800009283],[-80.6229579999328,33.968144999818364],[-80.62329299966855,33.968274000036324],[-80.62341599969218,33.96827599965698],[-80.62357700024899,33.96827899983291],[-80.62394799996974,33.96827599965698],[-80.6242900002765,33.968101999702206],[-80.62480599976223,33.96784099984756],[-80.62550999956893,33.967418000129086],[-80.62607199998372,33.96675799987468],[-80.62616800024318,33.96664599967539],[-80.62657900014692,33.966199000218225],[-80.62726500041029,33.96545499996781],[-80.62736499996939,33.96534800025673],[-80.62820400039362,33.9648240002779],[-80.62894199963719,33.96471000006254],[-80.63003899980427,33.96505899993253],[-80.63100299990197,33.96536599969532],[-80.63102299999345,33.96537300009681],[-80.63142600039957,33.965502000049064],[-80.63165099963216,33.965624000170386],[-80.63253899956189,33.96610599989095],[-80.63314799983232,33.96654899976945],[-80.63331400041199,33.96684600035354],[-80.63338200018406,33.96696700021141],[-80.63327199968089,33.96744799995127],[-80.63323499987096,33.96750699974441],[-80.6332240000003,33.967522000013645],[-80.63320300008391,33.96755500000054],[-80.63319300003816,33.967567999879016],[-80.63318299999243,33.967583999955906],[-80.63317100029687,33.967603000229595],[-80.6331319999388,33.96766100009773],[-80.63305199957286,33.96778200028611],[-80.63297799995301,33.9678929999196],[-80.63293399957207,33.96796099996584],[-80.6329269998994,33.967969999781594],[-80.632801000401,33.968159999975015],[-80.63200299998466,33.96887999991429],[-80.63141899982858,33.96955100007577],[-80.63134600003363,33.9696359997717],[-80.63108800029076,33.97029299993676],[-80.63080500043355,33.97158600027222],[-80.63079299983967,33.97253500004884],[-80.63080500043355,33.9734280002868],[-80.63067200036417,33.97422300025413],[-80.63055900038627,33.97487400010611],[-80.6304420002104,33.97576599989528],[-80.63053900029477,33.97597100007266],[-80.63093400030499,33.97679700005999],[-80.63150699969212,33.97745800032089],[-80.63178000040192,33.97773799995465],[-80.63178799989952,33.97774599978165],[-80.63183300010535,33.97779299977439],[-80.6320620004342,33.97789599993697],[-80.63238299992626,33.97801000035478],[-80.63258399976772,33.97808200003017],[-80.63367799956175,33.97843499965675],[-80.634264000266,33.978609000070776],[-80.63489500027775,33.978797000212026],[-80.6349129998211,33.978802999821426],[-80.63493000043785,33.97880799974387],[-80.63586699987306,33.97925900017982],[-80.6359489998888,33.9792990000815],[-80.63677400006934,33.97990899978847],[-80.63773300014415,33.98068999972278],[-80.63842299970715,33.98125100027288],[-80.63930700033721,33.98173300006029],[-80.63936099986557,33.981763000046364],[-80.63939900039873,33.98178499983078],[-80.63946399979774,33.98182200033565],[-80.63951700039951,33.98185299994099],[-80.63955699968416,33.98187600009742],[-80.63982399964786,33.982027999711605],[-80.64018000019833,33.98223000000347],[-80.64056900036076,33.98256599966163],[-80.64080299981416,33.982766999779884],[-80.64112599985435,33.98331900035018],[-80.6411500001438,33.98346900035533],[-80.64120799987012,33.98381999995856],[-80.64126700031966,33.98473299988589],[-80.64121899974077,33.98563799986065],[-80.64131300035042,33.985811999683044],[-80.6416089997281,33.98635900036594],[-80.64176699991185,33.986424000260705],[-80.64217899964049,33.98659499968918],[-80.64236000028879,33.98667100015236],[-80.6433610001964,33.98704100033871],[-80.64342200029577,33.98708799966126],[-80.6437760002981,33.987361000267775],[-80.64387800040534,33.98744700036453],[-80.64390599999443,33.98746999975203],[-80.64398399981225,33.9875230000658],[-80.6440940003154,33.98769400026233],[-80.64413100012533,33.987751000251436],[-80.64420399992028,33.98786399979001],[-80.6443179997231,33.98804099974747],[-80.64432899959372,33.9881849999206],[-80.6443610002791,33.98858199982744],[-80.64396899974362,33.98912100031225],[-80.64362499978705,33.989212999737],[-80.64347099980125,33.98925300016825],[-80.64323999982257,33.989314999905716],[-80.64300899984389,33.98937499972871],[-80.64285599968302,33.98941599964549],[-80.64239899974852,33.98953900002186],[-80.64114000009805,33.989709000327736],[-80.64073800041515,33.98984999974946],[-80.64001500034189,33.990105000264684],[-80.63938199978197,33.99067500013907],[-80.63919500018422,33.99190099964764],[-80.6392570001085,33.99341200004859],[-80.63958599999647,33.994351000214365],[-80.64024200012258,33.99528900019196],[-80.64050099969037,33.99565799986029],[-80.64115199979364,33.99635699977939],[-80.64188900011058,33.996562999672655],[-80.64200999958611,33.996596999780564],[-80.64263800012311,33.99643299970414],[-80.64334699995268,33.9962500002306],[-80.64491299974983,33.99597099999383],[-80.64492600016862,33.9959690002798],[-80.64545000005027,33.996077999894005],[-80.64561599973163,33.99623300010892],[-80.64565799956442,33.996271999988764],[-80.64593799994688,33.99653299969759],[-80.64626099998709,33.99683399993563],[-80.64658999987506,33.99765100010008],[-80.64671399972363,33.99796000025937],[-80.64670200002804,33.99806800009337],[-80.64665799964712,33.99845800008856],[-80.64659800027098,33.999008999829414],[-80.64639900007936,33.99960099993538],[-80.64637899998785,33.999662000128204],[-80.64606000014564,33.99974399969584],[-80.64599900004626,33.99975900023479],[-80.64590899963459,33.99978300019804],[-80.64581800029632,33.99980599997023],[-80.64575800002183,33.99982199993761],[-80.64558399994458,33.99986700001584],[-80.6447410002207,33.99992400003112],[-80.64471699993125,33.999925999652056],[-80.64358499960407,33.99961199975361],[-80.6433190003636,33.999514000036235],[-80.64315899963172,33.99945399992553],[-80.64299899979815,33.99939499996148],[-80.64271799959076,33.99929100034161],[-80.64254900043468,33.999290000151284],[-80.64242399986288,33.999288999960974],[-80.64230000001432,33.99928799977068],[-80.64206999986055,33.99928700032502],[-80.64177199993473,33.999326999737505],[-80.64155299965161,33.999357000215355],[-80.6414460004198,33.99937200007796],[-80.64133799956646,33.99938599974879],[-80.64098600011226,33.99943299969055],[-80.64077500022506,33.99952499986574],[-80.64029599965096,33.99973599970514],[-80.6400889999617,33.9998310001041],[-80.6400529999767,33.99984199989255],[-80.63928700024574,34.00008199972981],[-80.63883699998394,34.000366000014104],[-80.6388570000754,34.00061399976905],[-80.63784199992409,34.00089499999466],[-80.63710700015527,34.00116800017966],[-80.63632399980754,34.00127199973562],[-80.63539300022012,34.0014479998971],[-80.63537399995354,34.001468000213954],[-80.63490199995044,34.0019800003176],[-80.63498800016418,34.00286800026546],[-80.6354839995584,34.003782999856725],[-80.63549299977925,34.00379999995686],[-80.63550000035026,34.003813000250204],[-80.63553999963489,34.00383500028379],[-80.63555800007656,34.003845000161775],[-80.6357079998644,34.00392600002369],[-80.63615800012619,34.004172000289195],[-80.63622500007334,34.00420899998293],[-80.63628299979966,34.004272000108664],[-80.63629000037066,34.00427900028527],[-80.63640300034857,34.00440099986573],[-80.63652399982406,34.00453199968403],[-80.63679900018369,34.00469800001626],[-80.63694200029882,34.00478399969291],[-80.63695700036745,34.00479300007835],[-80.63703699983506,34.004841000132046],[-80.63718199960002,34.00492899991177],[-80.637265000339,34.00507100026105],[-80.63732200024042,34.005168000148146],[-80.63751100038631,34.00548899969084],[-80.6375389999754,34.00553499986232],[-80.63765399960313,34.00635000027444],[-80.6375819996331,34.00658200024904],[-80.63747200002825,34.006939000297656],[-80.63740900027906,34.007144999847306],[-80.63726699998884,34.007607999939395],[-80.63711100035323,34.00765900016673],[-80.6369060003138,34.007727999768484],[-80.6359899998967,34.008034000240606],[-80.63493600028562,34.00796799966258],[-80.63449400041976,34.0077609997848],[-80.63433000038822,34.00768400022316],[-80.63274299977638,34.00673800001687],[-80.63165099963216,34.005848000092236],[-80.62986300007717,34.004716000059695],[-80.62862600016801,34.003883000134216],[-80.62821299971613,34.00363199982524],[-80.62718699969416,34.00300900019056],[-80.62664500026916,34.00285499982753],[-80.62612300003735,34.00290200008394],[-80.62591399979996,34.00297300012102],[-80.6255139997669,34.00311100018064],[-80.62528500033635,34.00370400013514],[-80.62587000031736,34.004742000363954],[-80.62667500040641,34.00654999987936],[-80.62677699961533,34.00677700028638],[-80.62703199988347,34.00754500005431],[-80.62708200011218,34.00769599983063],[-80.62718199967128,34.007995999891506],[-80.62723799974778,34.008149999868586],[-80.62729299999937,34.00830100005844],[-80.62729999967206,34.008319000082885],[-80.6274290004418,34.0086730000365],[-80.62743299974144,34.00868300008948],[-80.62775199958368,34.00955500033014],[-80.62779199976664,34.00980400012758],[-80.62785299986601,34.01017099991234],[-80.62785700006397,34.010195999973874],[-80.62801100004977,34.01113700012499],[-80.62803299979107,34.01157100021469],[-80.62804899968461,34.01188699991724],[-80.62749700021386,34.01311300007699],[-80.62669499959956,34.01350700032947],[-80.62612399986226,34.0138130000805],[-80.62520099977245,34.01353400019857],[-80.62480699958715,34.013415999687005],[-80.62383099979388,34.01343700018763],[-80.62345300040042,34.013444999632334],[-80.6222399998824,34.01379299969247],[-80.62119200011911,34.01444000017683],[-80.62099899977527,34.014591000350165],[-80.62002700017996,34.01535700017938],[-80.61866300004917,34.01667800028736],[-80.61762799980639,34.0183309997501],[-80.61591700024428,34.02082699971722],[-80.61559699967883,34.021537000173176],[-80.6154619999596,34.02203199971943],[-80.61541900030193,34.02248499986988],[-80.61529600027826,34.02366199989293],[-80.61547000035553,34.02445599977727],[-80.61515099961498,34.0248949997162],[-80.61508200001802,34.0249149997221],[-80.61458499990056,34.02506799964837],[-80.61281200041418,34.0249650000884],[-80.6101169997646,34.024809000307286],[-80.60865399989962,34.02462199987192],[-80.60665600028234,34.02383600000618],[-80.60609600041569,34.023752000073046],[-80.60593499985889,34.02372900008574],[-80.60450200013113,34.023621000126646],[-80.60386400044669,34.02389799981485],[-80.60344400032211,34.02408000012038],[-80.60284599992231,34.024340999987785],[-80.60241400010219,34.02491700024356],[-80.6021399995675,34.025283000329175],[-80.60212100019923,34.025307999663106],[-80.60208699986404,34.02535500014801],[-80.60209100006199,34.02539300017254],[-80.60209600008487,34.02542500014082],[-80.60218099957537,34.02606900019443],[-80.60221999993344,34.02635999977278],[-80.60304299956582,34.02722399972539],[-80.6034860001549,34.02736099996889],[-80.60377599968483,34.027451999807276],[-80.60411399979363,34.0273750002367],[-80.60444799970448,34.02729899971217],[-80.60545100016023,34.0270729996899],[-80.60563799975796,34.02703200008255],[-80.60578699972088,34.027000999839665],[-80.60666299995503,34.02682499978317],[-80.60669100044244,34.02681999970855],[-80.6079979997735,34.02754599986514],[-80.60821299985865,34.028515999782236],[-80.60817199985078,34.02867600031503],[-80.6080189996899,34.0292899999499],[-80.60786200022936,34.0294989998609],[-80.60763100025069,34.02980400019991],[-80.60745999964814,34.03003299987792],[-80.60683700003231,34.03062799979315],[-80.60656099984777,34.03089299963856],[-80.60625600024926,34.0311850003555],[-80.60596400017121,34.03154800003166],[-80.60525600016656,34.032434999882184],[-80.60463600002544,34.03366299986046],[-80.60456700042847,34.03380099991342],[-80.60430499958933,34.03432200031226],[-80.604034000326,34.0344630001101],[-80.6039010002566,34.034532000258444],[-80.6037039997148,34.0346359998904],[-80.60350500042149,34.034739000366564],[-80.603373000177,34.03480800029042],[-80.60325600000114,34.03486899975556],[-80.60220200039008,34.03520999996046],[-80.6020840003893,34.0352489998049],[-80.6010359997277,34.03592999975248],[-80.60072100008344,34.03673699994531],[-80.60061200030349,34.03777799970813],[-80.60064699956527,34.03820800013223],[-80.60070699983974,34.03891800031993],[-80.60095200006212,34.03938599988829],[-80.60103900010074,34.039551999805106],[-80.6016340001275,34.03988700003354],[-80.60320499994752,34.040770999936576],[-80.60393100039384,34.04113200014073],[-80.60471100036851,34.04152000019548],[-80.60512499974699,34.04172599993674],[-80.60530399984714,34.04181499987612],[-80.606963000429,34.04264700008619],[-80.60705600031544,34.0427420001072],[-80.60734599984534,34.043039999772546],[-80.6074560003485,34.04326200025644],[-80.60748099956454,34.04333900029522],[-80.60755799955744,34.04356999999215],[-80.60758400039502,34.0436480001634],[-80.60780600015286,34.04495599984702],[-80.60784600033584,34.04518799999933],[-80.60785800003141,34.04619400027852],[-80.6083919999588,34.04672600014607],[-80.60884600041855,34.0473589996961],[-80.60979700009744,34.04810500023717],[-80.61023999978825,34.04845199997444],[-80.61092299967854,34.04879699982189],[-80.61097399973217,34.04882300002102],[-80.61105200044828,34.04886200030482],[-80.6111300002661,34.048900000220506],[-80.61118200014462,34.048925999643764],[-80.61121999977946,34.048945999938994],[-80.61211699993,34.04923899989006],[-80.61233399966498,34.049667000323204],[-80.61257399986451,34.050140000307636],[-80.61262599974303,34.051044999892724],[-80.61256899984163,34.05177300027114],[-80.61195399972338,34.052561000182614],[-80.61143400003971,34.05320299980009],[-80.61111199982443,34.053455999987804],[-80.61022800009268,34.05415400005022],[-80.6099279996187,34.05431599968443],[-80.60947300023236,34.05456100023833],[-80.60810900010159,34.05529899996383],[-80.60776699979482,34.05548500023026],[-80.60767100043365,34.055567999729334],[-80.60694800036039,34.056178000126735],[-80.6067230002295,34.05636800025675],[-80.60644500039515,34.05676699966459],[-80.60625899972399,34.057508999784275],[-80.60641600008283,34.05798199992487],[-80.60694800036039,34.058276999638984],[-80.60712999993527,34.058310000093144],[-80.60747700026491,34.0583730002479],[-80.60803700013156,34.05817700019154],[-80.60821100020883,34.058115000132474],[-80.60836600001953,34.05806199997403],[-80.60871499999898,34.05788399987339],[-80.60887999985542,34.05780099966519],[-80.60897199991693,34.057755000285944],[-80.60943999972207,34.05743199996159],[-80.60961600034747,34.05731199971183],[-80.61094600014309,34.056528000349324],[-80.61119300001529,34.05645199989647],[-80.61183599972262,34.05625599986342],[-80.61207900029518,34.05618199969515],[-80.61233700003804,34.05617399981388],[-80.61273899972093,34.05616299988287],[-80.61346900036521,34.05668999991205],[-80.6135949998636,34.05688999996501],[-80.6138690003983,34.057323999744426],[-80.61420099976101,34.057655999725185],[-80.61448600016635,34.057941999871964],[-80.61461500003779,34.05855200030208],[-80.6145520002886,34.05893099968064],[-80.61451100028071,34.0591780000051],[-80.61435800011984,34.05933600029315],[-80.61434899989902,34.059346000329725],[-80.61407799973736,34.0596260001307],[-80.61336700025797,34.06022399998377],[-80.61291699999616,34.06060300007195],[-80.61233200001516,34.06130399994113],[-80.61227400028885,34.06221700021222],[-80.61256600036688,34.06281800020137],[-80.61271799980454,34.06310800003121],[-80.61304599986761,34.063407999914254],[-80.61318099958682,34.063443999650296],[-80.61354999965775,34.063544999758186],[-80.61424000011907,34.06357399968586],[-80.6144960002121,34.06353100025144],[-80.61465900041873,34.06350399992045],[-80.6148900003974,34.0634659998535],[-80.61513499972146,34.06336700001029],[-80.61529000043048,34.06330600020714],[-80.61545600011183,34.0632400001999],[-80.6157060003571,34.06314100009265],[-80.61595499987912,34.06304199986976],[-80.61612200028371,34.0629759996569],[-80.61618099983492,34.06295199970206],[-80.61743799983559,34.06280500001638],[-80.61849599964461,34.062996000358226],[-80.6194949999024,34.06324199981747],[-80.61967700037559,34.063286999759306],[-80.62106499989751,34.0639109998628],[-80.62245599979246,34.06473600014463],[-80.62364599984596,34.06573099971693],[-80.62480599976223,34.066089000364336],[-80.6264080004427,34.06629399979835],[-80.6278589997138,34.06654600020901],[-80.62897699979727,34.066620999654994],[-80.62944600032566,34.06665299969605],[-80.63037400043834,34.06717100026095],[-80.63091599986332,34.067567999896326],[-80.6311669999335,34.06823800014013],[-80.63095299967326,34.06868100015602],[-80.6309369997797,34.06869500030016],[-80.63044499968514,34.06913900027025],[-80.62983999961263,34.06968800005289],[-80.62921100014901,34.069880999967616],[-80.62875000001657,34.0701089999674],[-80.62841699993062,34.07027500000549],[-80.62816199966251,34.07041400010102],[-80.62750200023675,34.07077700002443],[-80.62742000022098,34.070822999776595],[-80.62660699973601,34.07133799989083],[-80.62579400014938,34.07199800005492],[-80.62568600019435,34.07211299996332],[-80.62548399962965,34.072328999770534],[-80.62517599965808,34.072668000238444],[-80.62509199999249,34.072759999896505],[-80.62487500025753,34.0730019997656],[-80.62484199974725,34.073036999824716],[-80.62480599976223,34.07307800025827],[-80.62477700034823,34.073141999915315],[-80.62459599969996,34.07353799978764],[-80.62419900003992,34.0744120002711],[-80.62395999966532,34.07466599969436],[-80.62366299956439,34.07498499964001],[-80.62330899956207,34.07536299989103],[-80.62299599956762,34.075697999987014],[-80.62212299970652,34.076357999664616],[-80.62171099997788,34.07667099980072],[-80.6216149997184,34.07674399991332],[-80.62143899999131,34.076907000284294],[-80.62136299982333,34.077025000279455],[-80.62059000041967,34.07823700024818],[-80.62054799968855,34.07828699968283],[-80.62022999967124,34.07867400006767],[-80.62014500018074,34.07877599987467],[-80.62001999960896,34.078930000094545],[-80.61989300028566,34.0790830000405],[-80.61980899972176,34.079186000091596],[-80.61930900012958,34.07979200017449],[-80.61920600019741,34.08029199963741],[-80.61911699961063,34.08073299991149],[-80.61913000002941,34.081739000173776],[-80.61950199957509,34.08230600008842],[-80.62052500012234,34.082899000088105],[-80.62106599972242,34.08308100025011],[-80.62130000007416,34.08315999972041],[-80.62207099982798,34.08311899970314],[-80.62234100016472,34.08305500014465],[-80.62251600006691,34.083014000076524],[-80.62281999984053,34.08282600007263],[-80.62310400042097,34.08265199972086],[-80.62340300017172,34.08246900017097],[-80.62414299996341,34.08190699966246],[-80.62420800026077,34.08185800009402],[-80.62440200042951,34.08144500026656],[-80.62452499955484,34.08118399981255],[-80.6245489998443,34.08100100006634],[-80.62474200018814,34.079593999836085],[-80.62480499993733,34.07913899967929],[-80.62481199961003,34.07912799975316],[-80.625324999621,34.07831899978173],[-80.6253530001084,34.078275999646046],[-80.62584699985281,34.07779300034257],[-80.6266040002613,34.077438000084136],[-80.62789600042204,34.07736699985389],[-80.62831499982337,34.077345000284],[-80.62885200012381,34.07738900016215],[-80.62922399966949,34.07741899982925],[-80.6301889995921,34.07761199998803],[-80.63076299970245,34.07772799972534],[-80.63189400020472,34.07792299993923],[-80.63365499999553,34.07834599985575],[-80.63414299989216,34.07854700013637],[-80.63445800043475,34.07867800006244],[-80.6351160002107,34.079066000142824],[-80.63526299962547,34.079272000161104],[-80.63553100031238,34.07964799990667],[-80.63567100005447,34.0797719997179],[-80.63614200023267,34.08019000016821],[-80.63615999977601,34.08020599985963],[-80.63616300014905,34.08022000033121],[-80.63640099980043,34.0814809997786],[-80.63656599965687,34.08210799967571],[-80.63658400009855,34.082174999822094],[-80.63652600037221,34.08298200026365],[-80.63626699990613,34.08365700031057],[-80.63605099999607,34.08422400003078],[-80.63571200006234,34.08488600007649],[-80.63478200029985,34.086174999697036],[-80.63384099976837,34.08771499981522],[-80.63380300013353,34.08776500034955],[-80.63288199969354,34.08901299989457],[-80.63284200040889,34.08904399978379],[-80.63242700030719,34.08936799998696],[-80.63114199981914,34.08980899986229],[-80.6309069996425,34.08989000022729],[-80.62992900019941,34.089945000293206],[-80.62552999966042,34.089453000259766],[-80.62480499993733,34.08937200022056],[-80.62442099979776,34.0892680000382],[-80.62367299961014,34.08938300030388],[-80.62356600037835,34.089398999746244],[-80.62340800019459,34.089424000263804],[-80.62324800036102,34.08944800015857],[-80.62314200005582,34.089465000203866],[-80.62279899992413,34.08951800006066],[-80.62266699967965,34.08954199992873],[-80.62253899963314,34.08956599979004],[-80.6215019997405,34.08976600035336],[-80.621269000112,34.08987099979044],[-80.6208959998431,34.09004000012006],[-80.62084099959151,34.09008400009767],[-80.61912699965636,34.091465000351945],[-80.61905300003653,34.091530999942805],[-80.61856400031499,34.091974000136595],[-80.61788700027246,34.093054000023855],[-80.61701500023628,34.09487300027356],[-80.61629499963773,34.09575199974679],[-80.61569799996118,34.09676400029201],[-80.61562599999115,34.09739499993574],[-80.61558800035631,34.097736999808006],[-80.61567799986967,34.09850800025121],[-80.61609799999425,34.099611000317516],[-80.61611499971269,34.09960900007076],[-80.61616800031445,34.099606000072455],[-80.61618599985779,34.09960500032099],[-80.61780899955633,34.09984700009201],[-80.61885499966981,34.10016900036804],[-80.61947900000887,34.100537000139646],[-80.6201569998763,34.1012310001852],[-80.62062499968145,34.101970999687225],[-80.62078100021537,34.102385000264704],[-80.62083300009391,34.10317100012141],[-80.62083300009391,34.10395700011521],[-80.62062499968145,34.10493000023695],[-80.6204170001673,34.105577000088196],[-80.62036500028876,34.106455999954974],[-80.62036500028876,34.107054999840386],[-80.62031300041023,34.107377000207876],[-80.61994900036215,34.10797800031559],[-80.61958500031409,34.108530999769236],[-80.61922100026601,34.10880699980667],[-80.61854199967536,34.10917600032566],[-80.61853300035284,34.10917000026359],[-80.61845200016198,34.109119999729664],[-80.61806299999955,34.10888599981336],[-80.61736599986557,34.10850700007915],[-80.61729300007063,34.10846900012207],[-80.60440300039694,34.10167100026696],[-80.60351000044436,34.1016419999939],[-80.60348799980474,34.10160900005584],[-80.59969800043451,34.10134099967623],[-80.59936299980043,34.101317000178184],[-80.59771099978958,34.101198000086804],[-80.59438699967636,34.10096099988138],[-80.59276700035086,34.100845999724534],[-80.5884680002693,34.10054099984536],[-80.58610599970564,34.10037300013998],[-80.58503500037612,34.10029700034078],[-80.58382500023114,34.10021100005499],[-80.58237700043478,34.1001099997808],[-80.58224799966504,34.100100999838894],[-80.58043099979774,34.09997199982258],[-80.5801100003057,34.09994899968368],[-80.57917600034521,34.100697000123326],[-80.57849799957947,34.10126100033103],[-80.57827199962368,34.10141400009134],[-80.57816399966863,34.10148999963123],[-80.57808099982796,34.101549000000176],[-80.5779369998879,34.10164599964739],[-80.576549000366,34.102761000014965],[-80.57652900027452,34.10277699990399],[-80.57626499978555,34.102986000128844],[-80.57103299956843,34.106559999844436],[-80.56945099987777,34.10763699983666],[-80.56821700034165,34.10847700027103],[-80.5621099997153,34.11263699979796],[-80.55826000007062,34.11514299977746],[-80.55685999995482,34.1161040000258],[-80.55678100031213,34.116157999861244],[-80.55600899983506,34.11668899962916],[-80.55225499955152,34.119264000347364],[-80.54987500034281,34.12089999963276],[-80.54975899999187,34.12097900024361],[-80.54974399992325,34.120988999694376],[-80.5497330000526,34.12099700014649],[-80.54962199972452,34.12107299994231],[-80.5495639999982,34.121112999924776],[-80.54936999982944,34.12124599989785],[-80.54608699972412,34.12349700025749],[-80.54597100027146,34.1235740002491],[-80.54360200003511,34.12515200014347],[-80.53837400001595,34.12878100035352],[-80.53834600042686,34.12880000023274],[-80.53599399990895,34.1304329997681],[-80.53572699994527,34.13061799996138],[-80.52910200018336,34.13521200028296],[-80.52238500035996,34.13971200028511],[-80.51460200033159,34.14492699995229],[-80.5145739998442,34.144945999919095],[-80.51305900010068,34.145960999801474],[-80.51301499971976,34.145990999693026],[-80.51029700040226,34.147814000220436],[-80.50837400022975,34.149104000016216],[-80.50768499959334,34.149566000196856],[-80.50762299966907,34.149606999981394],[-80.50754900004921,34.14965700036257],[-80.50738800039075,34.14976500025233],[-80.50679699966362,34.15015900011103],[-80.50678800034112,34.15016500023812],[-80.50422199956296,34.15201100000555],[-80.50198700011921,34.15370500013854],[-80.49980100018097,34.15504299965546],[-80.49708100031533,34.15683800021423],[-80.49705500037606,34.156856999731986],[-80.4922700000477,34.160254999821824],[-80.49044399995957,34.16155300021596],[-80.49030900024034,34.161648999651895],[-80.49019700008735,34.16172800008144],[-80.4897700002901,34.162026999993465],[-80.48969900014498,34.16210399981432],[-80.48967499985554,34.16212000036676],[-80.48634700044266,34.16434999994578],[-80.48198600043682,34.16727100005799],[-80.48194600025386,34.16729799998632],[-80.48081800012463,34.16805299999031],[-80.47985700039999,34.168695999670035],[-80.47988800036214,34.16706800010011],[-80.4799569999591,34.16340299976865],[-80.47998100024854,34.16219400009503],[-80.4800980004244,34.15628000018565],[-80.48011500014285,34.15542099983553],[-80.48021899989992,34.150227999687765],[-80.48021999972484,34.15015299998358],[-80.48023499979347,34.149404999834985],[-80.48029400024298,34.14641299991322],[-80.48030699976347,34.145772999891605],[-80.48031900035735,34.14518500019364],[-80.48035199996932,34.14356099998253],[-80.48035600016728,34.14338599964446],[-80.4803579998171,34.14324499972861],[-80.48034600012153,34.14323799987429],[-80.48036799986284,34.14279799968965],[-80.48034799977135,34.13828099981166],[-80.48035299979422,34.13152199981745],[-80.48029300041809,34.125503999760205],[-80.48029099986995,34.12515300033674],[-80.48061200026032,34.12123699997339],[-80.48096999956228,34.11686999972793],[-80.48131799971682,34.11262199988377],[-80.47411299999679,34.10987400018092],[-80.47195800002069,34.10905700013057],[-80.47010799964309,34.10827999972954],[-80.46926300026941,34.10792500011762],[-80.46649399999997,34.10676100008384],[-80.46210700005486,34.10491800025388],[-80.45880100038332,34.10352999990583],[-80.45866800031392,34.10347499974133],[-80.4544140004382,34.10178099992996],[-80.45390100042721,34.101587000089935],[-80.4511050003936,34.10052899998377],[-80.45079300022405,34.10041000027194],[-80.45036300005374,34.10025299972111],[-80.44888900031812,34.099579999834916],[-80.44353800027531,34.09713699963962],[-80.43774199999359,34.094490000268834],[-80.43026799976171,34.09107699980072],[-80.42928699994559,34.0906769999323],[-80.42657999960043,34.08957400023828],[-80.42217299956381,34.08777699978899],[-80.41055999998227,34.08304699982442],[-80.40872399984839,34.08229899965336],[-80.4055260001319,34.08136899984108],[-80.39731700013118,34.08811199988171],[-80.39690000037966,34.088454000063635],[-80.39564000000597,34.08948999995797],[-80.39261800001653,34.0880259998622],[-80.39011200041114,34.0868130002217],[-80.38677099968119,34.08519600017742],[-80.38527600002914,34.08442000009813],[-80.38518200031783,34.084367000025985],[-80.38050400011957,34.08170399999033],[-80.37874099978063,34.0807009999807],[-80.37479999989934,34.08070499987973],[-80.3721849996157,34.08109099966164],[-80.3719240003981,34.081094000316085],[-80.36962299993381,34.081118000340005],[-80.36941200004662,34.08112100024946],[-80.36284300036121,34.08101499966246],[-80.36124400005382,34.08098999963808],[-80.36082999977701,34.08098299983823],[-80.35249199990488,34.08084899983833],[-80.35056700008256,34.08081799992473],[-80.34207400039973,34.08064999976374],[-80.33594699968188,34.08056099967623],[-80.33101400011381,34.08048999983197],[-80.32749699965674,34.08043900023193],[-80.3249430003708,34.08040200029868],[-80.3217210003648,34.08035599979603],[-80.32165199986953,34.080325999681214],[-80.32105400036804,34.080064000260336],[-80.32073899982547,34.07992399964686],[-80.32037099957944,34.07975999988809],[-80.31965099987922,34.07948800031394],[-80.3193179997933,34.07934000031],[-80.31848900031311,34.07896999991259],[-80.3170160004024,34.07831399976709],[-80.31650000001837,34.07810000035133],[-80.31633599998682,34.07800099975022],[-80.31625499979596,34.07795200015395],[-80.31605700032758,34.07781599980497],[-80.31585099956493,34.077627000155395],[-80.31560700006577,34.07738400009259],[-80.3142859995927,34.07586700033006],[-80.3116240003517,34.072810000331984],[-80.31029700003084,34.07128699998885],[-80.30816700016908,34.0688410000711],[-80.30629000002733,34.06668499972504],[-80.30568099975687,34.06598600001501],[-80.30434099991554,34.06446500012068],[-80.303844999623,34.0639019997938],[-80.30374699971371,34.06378999968188],[-80.30338900041174,34.06338500026097],[-80.30324499957337,34.06322199991836],[-80.3033869998636,34.06249399963343],[-80.3014290004293,34.05715599987736],[-80.29882599984121,34.05005600036781],[-80.29493099999068,34.03943699963274],[-80.2906650004194,34.038722999675564],[-80.287631999661,34.03821600021987],[-80.28285300007875,34.03742200031138],[-80.27965100016425,34.036881000182596],[-80.27938800039851,34.03683700011534],[-80.2793389999947,34.03682899989766],[-80.27888500043328,34.03675299965292],[-80.27882699980866,34.03670600027063],[-80.27846100011075,34.03672199998407],[-80.27377899971452,34.03589899978289],[-80.26906000040674,34.035100000188194],[-80.2688550003673,34.03492300003872],[-80.26860699977189,34.03460299989932],[-80.26847000040284,34.03380099991342],[-80.2682779998839,34.03359399974978],[-80.26698499989824,34.033112999965475],[-80.26698499989824,34.0328380001698],[-80.26660099975868,34.03162399972829],[-80.26638099965066,34.03134900031742],[-80.26539099961369,34.03050100007389],[-80.26478600043951,34.02981300016645],[-80.26420899995611,34.0283009998476],[-80.26390699983232,34.02697299992278],[-80.2636599999601,34.026582999854014],[-80.26324700040655,34.02623900034821],[-80.2630819996518,34.02619300022631],[-80.26214699986643,34.02543700021887],[-80.26173500013778,34.02484099975125],[-80.26173500013778,34.02454400007423],[-80.26157000028134,34.02410800024727],[-80.26126800015754,34.02378700036553],[-80.25964499956068,34.02289300007082],[-80.2590400003865,34.02231999998161],[-80.2587659998518,34.02181599981217],[-80.25865600024694,34.021335000270426],[-80.25832599963576,34.02064799969782],[-80.25829899987157,34.02039599986256],[-80.25816199960421,34.020212999903286],[-80.25805199999935,34.019823000040745],[-80.25794200039451,34.01968600028612],[-80.25772200028649,34.01853999984625],[-80.25780500012715,34.01776100005386],[-80.25805299982427,34.01716600001747],[-80.25899000015778,34.01585999998621],[-80.25931999987067,34.01526500002851],[-80.25962399964428,34.013662000012694],[-80.25965100030677,34.01308900015751],[-80.25943200002366,34.01267700035771],[-80.25926700016721,34.01196600021761],[-80.25868999968381,34.011324999787604],[-80.2575630002778,34.01047699977216],[-80.25712300006175,34.00992700002722],[-80.25684900042538,34.00884999983223],[-80.25638099972193,34.00841399981771],[-80.25610600026062,34.00807099974117],[-80.25564000010529,34.00662699972459],[-80.25547500024886,34.00644399987189],[-80.25541999999727,34.00594000002134],[-80.25575100043338,34.005183999850146],[-80.25564099993022,34.00415299999743],[-80.25583400027408,34.00344300011771],[-80.25583500009897,34.002778999690484],[-80.25564299958005,34.00241199998254],[-80.25531399969206,34.000853999659206],[-80.25495600039008,34.000155999685546],[-80.25478999981041,33.999731000269136],[-80.25484500006202,33.99946300013101],[-80.25479099963533,33.99886699977172],[-80.25470799979465,33.998568999885876],[-80.25446099992244,33.998248000256346],[-80.25437899990669,33.99790500008427],[-80.25468199985539,33.99735500009856],[-80.2547100003428,33.99694299992953],[-80.2544070003941,33.99634699976458],[-80.25429799971585,33.99625499987147],[-80.25421499987515,33.9960950000467],[-80.25402300025455,33.99591199984511],[-80.25394000041385,33.995704999630306],[-80.25330799967887,33.995065000338144],[-80.25300599955507,33.99490400026465],[-80.25223599962614,33.994720999732024],[-80.25168599980525,33.994490999879126],[-80.25132900032818,33.994193000283644],[-80.25061499957741,33.992955999651215],[-80.25056000022414,33.992933000258816],[-80.25050499997255,33.99274999994967],[-80.25022399976517,33.99235999981949],[-80.24979899961772,33.992165999729714],[-80.24920000029134,33.99201799998535],[-80.2477419995509,33.99178899979733],[-80.24658699965751,33.991767000368],[-80.24609200008818,33.991812999777686],[-80.24449699997872,33.99174500018816],[-80.2439470001578,33.99174500018816],[-80.24328699983374,33.99165400006085],[-80.24306699972571,33.99160799982027],[-80.22834400029119,33.99517799983283],[-80.21798000031438,33.99770500023063],[-80.21793599993346,33.99771600029438],[-80.20679799982973,34.00015699986568],[-80.19601700010142,34.00297699996401],[-80.19570900012984,34.00305099963183],[-80.1948820002995,34.00325100030338],[-80.19390700033117,34.003487000370875],[-80.18832399958643,34.00483600025181],[-80.18828799960143,34.00492400003671],[-80.18815000040746,34.00467199969852],[-80.18812299974498,34.003939000297756],[-80.18817799999655,34.0030000003608],[-80.18784800028368,34.00231300036204],[-80.18787500004785,34.00121300028956],[-80.18743499983181,34.00054599977616],[-80.18740800006763,34.000431000365225],[-80.18732500022696,34.00015699986568],[-80.1868280001095,33.99976099985962],[-80.18677299985792,33.99972700027334],[-80.18663599959055,33.99949999964181],[-80.18663599959055,33.99885800024785],[-80.18665800023018,33.998596000036066],[-80.18669099984214,33.99819399972618],[-80.18669199966705,33.99816400032702],[-80.18671799960632,33.99725500032792],[-80.18693799971435,33.996270000281804],[-80.18702099955502,33.99597200022322],[-80.18707599980661,33.99560599964074],[-80.18713100005819,33.995560000050155],[-80.18737899975531,33.99443699993999],[-80.1874340000069,33.992902999746775],[-80.18757200009917,33.99155100018382],[-80.18768199970401,33.99116200005008],[-80.18779200020718,33.99026800034213],[-80.18792899957623,33.989832999836835],[-80.1879839998278,33.98893999986599],[-80.18784699956045,33.98838999994273],[-80.18749000008339,33.9877940001133],[-80.18625200034931,33.986419999638386],[-80.18625200034931,33.986328000169436],[-80.18614199984613,33.9861910000065],[-80.18583999972235,33.98561800028636],[-80.1857300001175,33.98529700014317],[-80.18548200042038,33.98490799968606],[-80.18548200042038,33.98481600007016],[-80.18540000040461,33.98474800009572],[-80.1853719999172,33.984563999673085],[-80.18523499964986,33.98440400018],[-80.1851800002966,33.984243999640896],[-80.18501500044016,33.98392300026743],[-80.18493199970115,33.98360199968161],[-80.18484999968538,33.983556000296566],[-80.18479500033213,33.982731999711966],[-80.18462999957737,33.9822049999049],[-80.18451999997252,33.982044999695674],[-80.18451999997252,33.981952999960455],[-80.18441000036765,33.98183799996515],[-80.18441000036765,33.98167799981008],[-80.18432800035188,33.981632000128734],[-80.18432800035188,33.98154100034572],[-80.1842730001003,33.981472000330776],[-80.18380500029515,33.979937000326885],[-80.18372300027939,33.9792730001848],[-80.18361299977623,33.978883000035076],[-80.1833650000791,33.97847099969456],[-80.18322799981175,33.978356000203135],[-80.18289800009887,33.97789800007631],[-80.18276099983152,33.97737100009788],[-80.18276099983152,33.977050999804675],[-80.18267799999083,33.97686699985422],[-80.18259599997509,33.97601999974028],[-80.18251300013439,33.97496600005282],[-80.18240299963124,33.97446199970657],[-80.18226600026219,33.97416399990561],[-80.18204600015417,33.97384400020631],[-80.18146899967077,33.97343100028097],[-80.18138599983008,33.97320199992501],[-80.18138599983008,33.9728360003593],[-80.18179900028196,33.972079999895755],[-80.18251399995931,33.97130100012952],[-80.18267899981575,33.971071999997164],[-80.18276099983152,33.97056900019293],[-80.1825409997235,33.969721000127635],[-80.18226600026219,33.969172000064525],[-80.18226600026219,33.96868999983943],[-80.18251399995931,33.96811799967868],[-80.18254200044672,33.96761399971952],[-80.18245899970773,33.96733900012467],[-80.18248700019514,33.96495699971516],[-80.1822389995997,33.964132000057134],[-80.18221199983553,33.964063000069906],[-80.18207399974325,33.96342200032085],[-80.18190999971173,33.96294100016484],[-80.18160699976303,33.961887000048435],[-80.18152499974725,33.9618410000909],[-80.18149700015816,33.961681000304054],[-80.18135999989083,33.961497999769065],[-80.18135999989083,33.961406000153495],[-80.18127700005013,33.96135999993586],[-80.18125000028596,33.961268000171046],[-80.18108500042953,33.9610160000142],[-80.18111300001861,33.96092499977409],[-80.18094800016218,33.96069600001641],[-80.18089299991058,33.96049000036823],[-80.18081000006991,33.96042099966205],[-80.18069999956674,33.960099999754995],[-80.18053600043352,33.95810699972109],[-80.1805909997868,33.95425900007538],[-80.18056400002261,33.9534109998457],[-80.18045400041777,33.952357000140736],[-80.18042599993036,33.95208299965878],[-80.18037099967877,33.952002000312795],[-80.16776700023534,33.955995000202826],[-80.1672490002015,33.95616000001566],[-80.16713100020073,33.956212999729566],[-80.16468400014655,33.95730500004041],[-80.1619199999,33.95874800002982],[-80.14847500038253,33.96573600022539],[-80.13581300031449,33.972357999836525],[-80.12786700007952,33.97651399967662],[-80.12479599968628,33.978121000046144],[-80.12047499986342,33.98042899977043],[-80.11810200032741,33.981589000128814],[-80.11806100031954,33.98161500006208],[-80.11330100010551,33.984394000248294],[-80.10916500023058,33.98643300035681],[-80.10664799985621,33.9875350002868],[-80.10028699968495,33.990883000236096],[-80.09619799966568,33.99300900026735],[-80.08949199971292,33.996495999639244],[-80.08443500029631,33.99929400016774],[-80.0843990003113,33.999314000247054],[-80.08279099978304,34.000158000045786],[-80.07270399981566,34.006564999961086],[-80.07267299985354,34.00658399971324],[-80.07036399989163,34.007919999886965],[-80.06798799998259,34.007955000005325],[-80.06651900026984,34.00797699971057],[-80.05143100006401,34.00822500032686],[-80.05067899967841,34.008219999901186],[-80.05040900023998,34.008219999901186],[-80.04916899995777,34.00823499968793],[-80.04785599988062,34.00825000021665],[-80.03673899969331,34.00838499964342],[-80.0342940001873,34.00842800023217],[-80.02931899988812,34.00850399978206],[-80.02679400001617,34.008541999903834],[-80.02675999968098,34.00854299998521],[-80.02671700002325,34.00860599987451],[-80.02669799975669,34.00863399989306],[-80.02655600036479,34.00885799970914],[-80.02398299991393,34.01249400013976],[-80.01157399956588,34.029923999922985],[-80.01147900002962,34.03007599992407],[-80.00673700025727,34.03762099992413],[-80.00660099981484,34.03784199996821],[-80.00227300031928,34.04508300025607],[-80.00072599989039,34.04767399975733],[-80.0005939996459,34.04787699983833],[-80.00023899981868,34.04804300025469],[-79.99979100010502,34.04801899979309],[-79.99966300005849,34.04797799988823],[-79.99938500022415,34.047884000140435],[-79.99939799974462,34.04731099986759],[-79.99979100010502,34.04747000031198],[-80.00012900021382,34.0474929998179],[-80.00081899977681,34.04710399992365],[-80.00112199972551,34.046782999960485],[-80.00112199972551,34.04650799982329],[-80.00087499985331,34.04627899995954],[-80.00019799981078,34.04650799982329],[-79.99979100010502,34.04625699976128],[-79.99923000041343,34.0462580001426],[-79.99840400040803,34.046005999700654],[-79.99796400019197,34.04595999987588],[-79.99691800007851,34.04598400017597],[-79.99647799986245,34.04589199973326],[-79.99611999966217,34.0453890000384],[-79.99606399958567,34.04449500033328],[-79.99581699971347,34.04426600024385],[-79.99534899990832,34.04424400026771],[-79.99507400044702,34.044334999861334],[-79.99460599974356,34.04472500020371],[-79.99430399961976,34.04479400019208],[-79.99424800044159,34.04470199994703],[-79.99419300019001,34.04335100007266],[-79.99408199986192,34.04314499981231],[-79.9935039995536,34.04259500035867],[-79.99303599974844,34.041907999963904],[-79.9928979996562,34.041220999959066],[-79.99237499959946,34.04064899977382],[-79.99209900031326,34.03975599968843],[-79.99185099971783,34.03945799965],[-79.9913279996611,34.039274999856836],[-79.99099799994822,34.03936700003405],[-79.99069599982442,34.039664999647854],[-79.99022800001929,34.039710999909616],[-79.99014500017859,34.03957299979389],[-79.99014500017859,34.039138000241394],[-79.99028300027086,34.03897800008441],[-79.99028300027086,34.03870299994684],[-79.99003499967544,34.038656999882754],[-79.989292000409,34.03916099977395],[-79.98877000017718,34.039184000044614],[-79.9883569997253,34.0392530000748],[-79.9874489997041,34.03948300001816],[-79.98684399963162,34.039506000201506],[-79.98640400031385,34.03943699963274],[-79.98610100036517,34.038932999892786],[-79.98609999964192,34.03863599966724],[-79.98643000025314,34.038291999898235],[-79.98645799984223,34.03799499966142],[-79.98630200020662,34.0379230001467],[-79.9862450003052,34.03789700032756],[-79.9862100001451,34.03788100009138],[-79.98578800037072,34.03785999968369],[-79.98571399985256,34.0378569997314],[-79.98566500034708,34.03786499985213],[-79.98536999989597,34.03791100034567],[-79.98453200019499,34.03804199981828],[-79.98436700033852,34.037926999831825],[-79.98431200008696,34.037652000008855],[-79.9844209998669,34.037102999666274],[-79.98425600001045,34.036896000115725],[-79.9829350004357,34.03602600035484],[-79.98252199998383,34.036027000112405],[-79.98227500011161,34.03623299979515],[-79.98227500011161,34.0365990002019],[-79.98243999996805,34.037011999757055],[-79.98211000025518,34.03717199990051],[-79.98189000014715,34.03714899982868],[-79.98158700019845,34.03673699994531],[-79.98136700009042,34.03659999995271],[-79.98111900039329,34.0365769997258],[-79.98081700026951,34.0368750002086],[-79.98054199990989,34.03694399988387],[-79.98043200030504,34.036783000306144],[-79.98056899967409,34.03621099996857],[-79.9810909999059,34.03572899962827],[-79.9810909999059,34.035203000101056],[-79.98100899989014,34.03499599963619],[-79.98040299999272,34.03465299976803],[-79.98010000004402,34.0345839997181],[-79.97894500015063,34.034493000084375],[-79.97872500004259,34.0347909996994],[-79.97839500032971,34.03490600021519],[-79.9781750002217,34.0347909996994],[-79.9783390002532,34.033714999852776],[-79.97822899975004,34.03334799986961],[-79.97778900043231,34.03270700010526],[-79.97778799970908,34.0323630001151],[-79.97789800021225,34.03213400002571],[-79.97781600019648,34.03199700004407],[-79.97765100034003,34.03188200005168],[-79.97660500022658,34.03199700004407],[-79.9762200002621,34.03174499966311],[-79.97500900029223,34.03050900014391],[-79.97481599994838,34.03000500021704],[-79.9744309999839,34.0296840003072],[-79.97423799964005,34.028974000261066],[-79.97382500008649,34.02879100018584],[-79.97269699995728,34.02879100018584],[-79.97239499983347,34.02867700015916],[-79.97181700042348,34.02821900031075],[-79.97143099973579,34.02705099972148],[-79.97107400025871,34.027005000039786],[-79.97071600005845,34.02711999994176],[-79.97049599995042,34.027302999898254],[-79.97046800036132,34.02744099987291],[-79.9698909998779,34.02776100022375],[-79.96925800021633,34.02778499971748],[-79.96914799971316,34.02757799976601],[-79.96909300035988,34.02711999994176],[-79.96881800000025,34.026823000051195],[-79.96813000008709,34.02663899993589],[-79.96793699974324,34.026433000037514],[-79.96777199988682,34.026021000229505],[-79.96749700042552,34.02586099990219],[-79.96711199956273,34.02583799974193],[-79.96694699970628,34.025974999989494],[-79.96691900011722,34.026272999742474],[-79.96713900022523,34.026524999996084],[-79.96714000005014,34.02670799974668],[-79.96703000044529,34.02684599994449],[-79.96642399964956,34.026732000282756],[-79.96532400000774,34.0259759998655],[-79.9651590001513,34.02565500034872],[-79.96491099955587,34.02544900029524],[-79.96449800000231,34.02526600006317],[-79.96433300014587,34.02510599980137],[-79.96433300014587,34.02487700022806],[-79.96449800000231,34.024326999963904],[-79.96441500016164,34.02430400013244],[-79.96435999991004,34.024144000290484],[-79.9636729998218,34.02393800029184],[-79.96356200039203,34.02331900036644],[-79.96336999987308,34.02313600000857],[-79.96276399997569,34.02286099989235],[-79.96180200042612,34.02290700033126],[-79.9614989995791,34.022839000321056],[-79.96130600013358,34.022839000321056],[-79.96048099995305,34.02228900025112],[-79.9597660002757,34.0213729998613],[-79.95957299993186,34.02134999997381],[-79.95918799996738,34.02116699983774],[-79.95874799975132,34.02116699983774],[-79.95863800014646,34.021097999989124],[-79.95745499976567,34.02105299999291],[-79.95616199978001,34.02057199984993],[-79.95569399997487,34.02054899974542],[-79.95492400004593,34.0208469999372],[-79.95418099988116,34.02096100005871],[-79.95368600031185,34.02135099990431],[-79.95368600031185,34.02144300016029],[-79.95327399968488,34.02153399964366],[-79.95286100013132,34.02137399979148],[-79.95288899972041,34.021121999878055],[-79.9532190003316,34.020389000270114],[-79.9528879998955,34.02036600011601],[-79.95264100002329,34.02050300026219],[-79.95225600005881,34.02098499998643],[-79.95187100009437,34.02103000001869],[-79.95126600002186,34.020778999765746],[-79.9508249999809,34.020778999765746],[-79.95074299996513,34.02096199999379],[-79.95071600020096,34.021557000225854],[-79.95038700031299,34.02159100000677],[-79.94986500008118,34.021645999732975],[-79.94925800035885,34.02164900025854],[-79.94887300039439,34.02174100019152],[-79.94859800003478,34.02192399983454],[-79.9482130000703,34.02297800002094],[-79.94799200013738,34.02309200025834],[-79.94738700006486,34.02311499967373],[-79.94694699984882,34.022954999823824],[-79.94653400029527,34.022634000048306],[-79.94650699963275,34.02219900000863],[-79.94672699974078,34.02187800035198],[-79.94801999972644,34.02086999996101],[-79.94851500019408,34.0199539998928],[-79.94840499969094,34.019656000288585],[-79.94746900008064,34.019198000151555],[-79.94749699966972,34.01807599983012],[-79.94691900025971,34.01796100033088],[-79.9463690004388,34.01830499988386],[-79.94526899989867,34.018373999769175],[-79.94510400004224,34.018443000342984],[-79.9449390001858,34.018695000019825],[-79.94469099959036,34.01890100008633],[-79.9443059996259,34.0189469996931],[-79.94414099976944,34.01887800027356],[-79.94392099966143,34.01855699997034],[-79.9437009995534,34.0178930000811],[-79.94350800010787,34.017733000066826],[-79.94304100012764,34.01761800010299],[-79.94207799985485,34.01761800010299],[-79.94086799970987,34.01734299997853],[-79.94067500026432,34.017800999700235],[-79.94029000029988,34.0178930000811],[-79.93979499983223,34.01752700014417],[-79.93935499961617,34.017319999743684],[-79.93910699991905,34.01729800022534],[-79.93877700020617,34.017503999959125],[-79.93831000022593,34.01757199977597],[-79.93814399964626,34.01768699980213],[-79.93814399964626,34.0180079996724],[-79.93795200002566,34.01828199990962],[-79.9372370003483,34.0183969997185],[-79.93676899964484,34.01835099981362],[-79.93621899982394,34.017985000362266],[-79.93619200005975,34.01777900030655],[-79.93632900032709,34.01759499994259],[-79.93696199998868,34.017319999743684],[-79.93704400000446,34.01709100001104],[-79.9369069997371,34.01693099997428],[-79.93652199977262,34.01681699965247],[-79.93542100030591,34.01679400001965],[-79.9348990000741,34.016495999746105],[-79.93473400021766,34.015581000129835],[-79.93434900025316,34.01555800016216],[-79.93382600019645,34.015923999653126],[-79.93344100023198,34.01590099977837],[-79.93278099990789,34.0153510001726],[-79.93217599983541,34.015144999681915],[-79.93140599990647,34.01526000001747],[-79.93107600019358,34.0150079998234],[-79.9306900004042,34.01436600000867],[-79.93022300042398,34.013953999704135],[-79.92989299981278,34.01386200026671],[-79.92926000015119,34.013953999704135],[-79.92895800002741,34.013655999886126],[-79.92920499989961,34.013313000135064],[-79.92994800006436,34.01274000015834],[-79.93011299992081,34.012441999802384],[-79.93003000008012,34.01212099973558],[-79.92961800035148,34.01193799980849],[-79.92920499989961,34.012006999656414],[-79.92893000043831,34.01186999994667],[-79.92862800031452,34.01143399980144],[-79.9284080002065,34.01129699991174],[-79.9275000001853,34.01129699991174],[-79.92683999986122,34.01097599998397],[-79.92568499996781,34.011044999869014],[-79.9253269997675,34.01070099993898],[-79.92530000000333,34.01037999999195],[-79.92554799970046,34.01019700003577],[-79.9262349997887,34.009967999705985],[-79.92703300020506,34.00989899969036],[-79.92755500043687,34.00976200030263],[-79.92796799999043,34.00948700004916],[-79.92799599957952,34.00912100036125],[-79.92761099961507,34.00893699984902],[-79.92673000025636,34.00896000012105],[-79.9259879999165,34.00923499984723],[-79.92565800020364,34.009281000223574],[-79.92530000000333,34.008914000315436],[-79.92530000000333,34.007768999764316],[-79.92521799998757,34.00760900003176],[-79.92463999967926,34.007493999758545],[-79.92439299980705,34.00758600013849],[-79.92370499989389,34.00813500006682],[-79.92290800020076,34.008319000082885],[-79.92205500043116,34.00863900029431],[-79.92128499960391,34.008502000363066],[-79.92081699979876,34.00831799999887],[-79.92068000042973,34.00813500006682],[-79.92068000042973,34.007745999914384],[-79.9210100001426,34.007424999966666],[-79.92117499999905,34.00717300034759],[-79.92117499999905,34.006829000369656],[-79.92103799973168,34.00676100013981],[-79.92062500017813,34.00678400025647],[-79.92032200022943,34.007219000351554],[-79.91979999999762,34.0076309998267],[-79.91949700004892,34.007744999823636],[-79.91848000024777,34.0078369999317],[-79.91812200004749,34.007791000262436],[-79.91715999959962,34.00737900007424],[-79.9166099997787,34.00616400024146],[-79.91619700022515,34.005843999639744],[-79.91575700000911,34.0056600002186],[-79.91534500028044,34.005636999797474],[-79.91501499966924,34.005728999955146],[-79.91471199972055,34.00593500020586],[-79.91399700004318,34.006140999956834],[-79.9136389998429,34.006415999875884],[-79.9136389998429,34.00698900008244],[-79.91347399998648,34.00714900023846],[-79.91267700029336,34.00691999988024],[-79.91152200039994,34.006987999982776],[-79.91091700032744,34.00648399963735],[-79.9107519995727,34.00591099974687],[-79.91088899984005,34.005293000299886],[-79.91072499980851,34.00481200022694],[-79.9096250001667,34.00426200028096],[-79.9084150000217,34.0040550003063],[-79.90780999994921,34.004261000149185],[-79.90758999984118,34.00419300009721],[-79.90758999984118,34.00396399995989],[-79.90786500020079,34.00334500035206],[-79.90764500009277,34.00270399963558],[-79.90687500016384,34.00249700033197],[-79.90613199999908,34.00295499970819],[-79.90558200017816,34.00307000017014],[-79.90550000016239,34.00297800011092],[-79.90547300039822,34.002565999659446],[-79.90563800025467,34.00238299999283],[-79.90566500001886,34.00201600006329],[-79.90536299989506,34.00180999998835],[-79.90489500008991,34.00192400035182],[-79.90468599985253,34.00208899966628],[-79.90439999962227,34.002313999772035],[-79.90382300003719,34.002359000019524],[-79.90365800018073,34.00224500023984],[-79.90362999969334,34.00169500005456],[-79.90371300043233,34.001602999995406],[-79.90374100002143,34.00089299965178],[-79.90393299964202,34.00060400025536],[-79.90412599998588,34.000535000078806],[-79.90426300025324,34.00015900022588],[-79.90492100002916,33.99935600002587],[-79.90500399986986,33.999219000014605],[-79.90500399986986,33.99864600026397],[-79.9048669996025,33.998600000085176],[-79.90467400015696,33.998600000085176],[-79.90398600024379,33.99912700025274],[-79.90351900026357,33.99924099974864],[-79.90324399990396,33.99912700025274],[-79.9031340002991,33.9989659996849],[-79.9031340002991,33.998737000349934],[-79.90332699974464,33.99848500027402],[-79.9039589995813,33.99802699988294],[-79.90420700017674,33.997614999993935],[-79.90420700017674,33.99720300034112],[-79.90409699967357,33.99704300006743],[-79.9028399996729,33.99624700029699],[-79.90250300028734,33.99603400027153],[-79.90148599958788,33.99520899977997],[-79.90123799989077,33.994910999723714],[-79.901155999875,33.99447599989949],[-79.90123899971567,33.99429299993452],[-79.90151400007528,33.993857999925346],[-79.90242100027157,33.99310200021461],[-79.90244899986065,33.992782000304885],[-79.90233900025581,33.99250700018763],[-79.90214699973686,33.99241499986032],[-79.90107399985924,33.99234599973573],[-79.9006350003664,33.992208000063144],[-79.90027700016611,33.99218499972351],[-79.89961699984202,33.99252900017018],[-79.89909399978531,33.992665999797865],[-79.89873700030824,33.992665999797865],[-79.89843500018446,33.99248200013283],[-79.89840699969704,33.992162000122484],[-79.89868200005667,33.99151999964686],[-79.89870999964576,33.99129100035118],[-79.89860000004089,33.99108500033708],[-79.89807799980908,33.990650000290074],[-79.89780300034778,33.990398000060885],[-79.89769299984461,33.990192000116465],[-79.89758400006465,33.98954999965325],[-79.8974739995615,33.98922900020968],[-79.89730899970505,33.98909200025435],[-79.89700599975636,33.989046000116524],[-79.89662099979188,33.98902299966586],[-79.89593399970363,33.989365999944155],[-79.89527400027785,33.98964099979932],[-79.8942289999893,33.989709000327736],[-79.89392600004061,33.98959499995864],[-79.89370599993259,33.98952599977858],[-79.89340399980878,33.98913599974761],[-79.89337700004461,33.98874699973089],[-79.89354199990105,33.98815100017069],[-79.8935169997867,33.98801700019149],[-79.89727400044326,33.98622899968241],[-79.90477000041643,33.98262999983609],[-79.90567000004171,33.98215100035214],[-79.90806900041531,33.98087299993067],[-79.90812399976858,33.98084400003796],[-79.90816499977645,33.98082200001],[-79.90822800042396,33.980788999957404],[-79.91264799998102,33.97853400028276],[-79.92263899968893,33.97331899993021],[-79.92580299996857,33.971693000330106],[-79.92587999996148,33.97165400034543],[-79.93368800010418,33.96759600001163],[-79.93421100016093,33.96732499964466],[-79.93934700011857,33.96469400019],[-79.93951500034805,33.964609000025135],[-79.94181900028708,33.96332100024419],[-79.94583200013838,33.96129299972016],[-79.95263699982534,33.95776200012355],[-79.95309700013287,33.957523999872954],[-79.95404399961382,33.95703900012867],[-79.95837899968039,33.95482099986115],[-79.9586759997813,33.954670000016904],[-79.96867200041041,33.949558000053855],[-79.97358400006208,33.94704199984712],[-79.97460099986321,33.946527000238135],[-79.97464400041923,33.946504000208996],[-79.97477300029065,33.94643800028515],[-79.97481699977328,33.94641600029914],[-79.97482799964394,33.946408999828165],[-79.97486399962895,33.946391000104924],[-79.97487600022282,33.946384999699546],[-79.97529799999722,33.94616899972745],[-79.97579099991671,33.94591899971022],[-79.97658199976205,33.94555700005912],[-79.97701399958218,33.94536000024645],[-79.97727899989606,33.945238000130125],[-79.97807700031238,33.94487399964776],[-79.97834299955285,33.944752999666825],[-79.98251000028824,33.94285000030902],[-79.99501099979952,33.937144000169866],[-79.99917900035983,33.93524200010666],[-79.99926800004829,33.93520200035533],[-79.99941799983613,33.93513199981361],[-79.99979399957974,33.93496099976023],[-80.00012300036605,33.93514299977474],[-80.00035400034471,33.935270999896034],[-80.00138700003937,33.93477200016465],[-80.00448900039476,33.933274999822835],[-80.00552299991433,33.932776999802414],[-80.00563599989223,33.932720999716764],[-80.00597900002391,33.93255499969896],[-80.00609299982672,33.93249999969803],[-80.00772999976898,33.93169999993731],[-80.01264099959572,33.92930399986888],[-80.01427900026121,33.92850599971091],[-80.0143629999268,33.92846399996624],[-80.01461700037,33.928340999956],[-80.0147019998605,33.92830099994464],[-80.01551500034546,33.927903999652514],[-80.0179540000037,33.92671500019693],[-80.01873399997838,33.926334999903375],[-80.01876800031356,33.92631900026967],[-80.01943600013526,33.925992000342355],[-80.02144299997336,33.92501399994781],[-80.02211199961995,33.924687999805684],[-80.02222899979581,33.92463100004142],[-80.02227700037471,33.92460699973692],[-80.02277500031708,33.92436399981393],[-80.02294199982335,33.92428399976435],[-80.02475399966778,33.92339900002621],[-80.03019299957414,33.920746999680524],[-80.03200600014179,33.91986399973831],[-80.03391199969757,33.91889100027187],[-80.03963299963621,33.915972999740326],[-80.04153999991522,33.91500100026102],[-80.04156300037974,33.91498900024422],[-80.0417640002212,33.91488599996807],[-80.04236799957047,33.914579000020495],[-80.04250300018799,33.914510999814475],[-80.04252400010438,33.91450000017076],[-80.04256599993718,33.91447000032186],[-80.04262299983858,33.91442800036657],[-80.04279699991586,33.91430599991753],[-80.0428549996422,33.914265000326296],[-80.04385200025015,33.913719000216034],[-80.04684300027745,33.91208099977053],[-80.04783999998712,33.91153499983262],[-80.04852399970233,33.91115399993804],[-80.05057599974624,33.91001500021505],[-80.0512610001847,33.90963599974274],[-80.05178099986837,33.90934899988274],[-80.05334300036587,33.90848900023594],[-80.05386399987447,33.908203000012065],[-80.05404399979953,33.90810299979594],[-80.05458399957469,33.90780699978095],[-80.05476500022296,33.90770800036761],[-80.0550770003925,33.90753500013032],[-80.0560149996526,33.907018999647015],[-80.05632799964707,33.90684799982069],[-80.05645900006664,33.906774999729336],[-80.05685300025193,33.90655899994057],[-80.0569849995981,33.906487000137865],[-80.05919400000087,33.905271000082344],[-80.06582299996073,33.90162300022741],[-80.06803300018844,33.900407999996524],[-80.06828099988554,33.90027000030578],[-80.06902499987521,33.89986000011248],[-80.06927400029556,33.89972400002027],[-80.07092999960607,33.89881199971845],[-80.07589900005745,33.89607699985102],[-80.07755600009119,33.89516599998639],[-80.07758000038064,33.895150999643654],[-80.0776549998254,33.895108999862906],[-80.07767999993975,33.89509600010412],[-80.07769300035854,33.89508799996481],[-80.07773199981828,33.895065000212476],[-80.07774600006199,33.89505799999485],[-80.0783019997307,33.894740000261066],[-80.07997399983304,33.89378799978945],[-80.08053100022495,33.89347099973731],[-80.08216200031941,33.89253999979894],[-80.08705800007755,33.88975000011596],[-80.08868999999693,33.88881999982699],[-80.08871099991332,33.88880799985322],[-80.09008599991476,33.88802300013905],[-80.09421199974398,33.88567000022962],[-80.09558799957031,33.88488600002107],[-80.09562000025566,33.88486699993132],[-80.09656300043697,33.884315999963405],[-80.09939399973237,33.88266499972931],[-80.10029500008088,33.8821400001995],[-80.10033799973858,33.88211499978617],[-80.1004649999602,33.88203999999381],[-80.10060200022754,33.881960999823065],[-80.10077899977955,33.881838999897056],[-80.10083800022909,33.88179800035349],[-80.10096000042782,33.881714000299326],[-80.10104699956815,33.88165299980868],[-80.10131000023219,33.88147099965047],[-80.10139800009574,33.88141099981645],[-80.10144999997429,33.881384999850425],[-80.10160800015802,33.88130699990481],[-80.10166099986148,33.88128199999319],[-80.10222300027625,33.88099899976701],[-80.10391200009704,33.880151000268135],[-80.10447500033676,33.87986900012237],[-80.1047680002397,33.879707999848705],[-80.1056479997735,33.879226000298424],[-80.1059420003997,33.87906599966938],[-80.10668600038936,33.87861600025395],[-80.10891900018328,33.87726699983565],[-80.1089569998181,33.87724499988652],[-80.10965499977702,33.87680300018149],[-80.11007200042685,33.876538999727984],[-80.11132600005446,33.87574700017979],[-80.11174399963087,33.87548400034283],[-80.11225699964187,33.87515999978384],[-80.11246699970417,33.87503200036582],[-80.11465500019055,33.87370399992414],[-80.11538499993651,33.87326199978019],[-80.11562099993806,33.873120000193104],[-80.11632999976763,33.87269699982871],[-80.1165669995941,33.87255600023585],[-80.11758699976828,33.87194799989511],[-80.12064999976559,33.87012600017275],[-80.12161200021347,33.869554999752324],[-80.12167900016061,33.86953599997836],[-80.12177399969686,33.86950899989968],[-80.12206199957694,33.869430000062486],[-80.12215799983642,33.869404000175614],[-80.12277100030482,33.86939400015963],[-80.12460999991343,33.869367000036036],[-80.12471000037087,33.86936599981031],[-80.1247970004095,33.86943800037033],[-80.12519700044258,33.869414000190375],[-80.12572799999693,33.86938199969136],[-80.12732200028148,33.86928800006742],[-80.12785399966072,33.8692579999752],[-80.12821400040913,33.869236000199216],[-80.12929700033251,33.869171999801594],[-80.12965800000754,33.86915199971411],[-80.13152699975339,33.86906799989224],[-80.1336950001483,33.86897099997736],[-80.13548000022854,33.86876500000774],[-80.13694499974335,33.86801199966231],[-80.13841900037728,33.86725499987785],[-80.13852899998214,33.867070999836464],[-80.13869399983858,33.867070999836464],[-80.13899599996238,33.86690800027117],[-80.14033900017675,33.86618899995278],[-80.14078699989042,33.86595000017003],[-80.14141100022948,33.86568299965271],[-80.14328300034838,33.86488199980397],[-80.14390699978915,33.86461499967628],[-80.14397700010933,33.86458500017964],[-80.14418700017161,33.864493999851895],[-80.14425800031673,33.86446499985002],[-80.1447839998482,33.86423999998949],[-80.14636200023922,33.8635640002863],[-80.14688899959559,33.863339999839646],[-80.14719200044262,33.863171999864974],[-80.14800500002923,33.86272299975334],[-80.14811200015937,33.86268899986797],[-80.14844400042038,33.86258500026637],[-80.14884000025552,33.86236199979701],[-80.14995499996594,33.86173800013529],[-80.15002699993597,33.86168699971386],[-80.15031200034133,33.86148600016992],[-80.1503669996946,33.861395000268985],[-80.15051800020565,33.861395000268985],[-80.15053099972613,33.861395000268985],[-80.15096000007152,33.86129200015761],[-80.15110800020955,33.861257000127665],[-80.15124499957857,33.86109700012785],[-80.15179600012272,33.86082300005663],[-80.15382700025025,33.85981499985091],[-80.15401800004597,33.859719999798145],[-80.1547610002107,33.85935699988744],[-80.15534299981867,33.85903600032687],[-80.15708900043919,33.85807500034338],[-80.15767199987206,33.85775500005561],[-80.15853200021267,33.85721600029635],[-80.15884299965899,33.85706800014783],[-80.16252900017045,33.855325999840396],[-80.1637579996837,33.85474599981568],[-80.16404499973886,33.854610000171036],[-80.16449500000067,33.854399999756836],[-80.16491199975219,33.854214000301646],[-80.16520300000532,33.85408499965946],[-80.1655109999769,33.85394699964162],[-80.16643499989162,33.85353600022998],[-80.16674399968811,33.853398999737976],[-80.16695299992547,33.85330199992651],[-80.16757999973929,33.85301299991986],[-80.16778999980156,33.852917000088475],[-80.16783699965724,33.85289499983216],[-80.16797700029763,33.85283000019476],[-80.16802499997821,33.85280900033574],[-80.16803699967379,33.852803999729105],[-80.16807400038202,33.852791000239336],[-80.16808699990248,33.852787999725564],[-80.16812200006258,33.85277500023337],[-80.1682280003678,33.85273900002245],[-80.16826400035282,33.85272799987208],[-80.16920900018393,33.85240900011733],[-80.16931499959084,33.85237400017695],[-80.17183500033825,33.85097800002744],[-80.17250099961178,33.85061000027333],[-80.17271999989491,33.85051899997415],[-80.17287399988068,33.85043999972593],[-80.17333699966296,33.85020399973927],[-80.17349200037198,33.8501259996509],[-80.1735149999382,33.85011400020491],[-80.17460600025748,33.84955699994101],[-80.177880000142,33.847888999680826],[-80.17897200028622,33.8473340000529],[-80.18021699969297,33.846699000082275],[-80.18395099988503,33.84479700025311],[-80.18519700001502,33.8441629998542],[-80.1853920000087,33.84406299992659],[-80.1859769999897,33.84376499974686],[-80.18617299980829,33.843665999880294],[-80.18733199989964,33.84307499987325],[-80.19081099982357,33.84130299975677],[-80.19179300036292,33.84080300012045],[-80.19193499975482,33.84073100003934],[-80.19197099973984,33.84071299963649],[-80.19370899996444,33.83982699982719],[-80.19537100002104,33.838981999765636],[-80.19877299995206,33.8368989999685],[-80.20043800038172,33.83588100003371],[-80.20193499968356,33.83496400004227],[-80.20398699972752,33.833710000166256],[-80.20645399987316,33.83225699995554],[-80.20796799979176,33.83136700009462],[-80.20829800040295,33.83117300033199],[-80.20929000008975,33.83058999996143],[-80.20962099962755,33.83039699986386],[-80.21120800023938,33.82946699993971],[-80.21597000010323,33.82667899987232],[-80.21755799964167,33.8257499997925],[-80.21842600037822,33.825241000252234],[-80.22103200044103,33.82371399986972],[-80.22190100010418,33.82320600017028],[-80.22200599968616,33.82314399965359],[-80.22232200005364,33.822958000072774],[-80.22242800035886,33.82289700014622],[-80.22339599975619,33.82232999979911],[-80.22494300018508,33.821425999763996],[-80.22630300011791,33.82063799978732],[-80.2272739998883,33.82007599967178],[-80.22829300023756,33.81948499999645],[-80.2313500003871,33.8177139997712],[-80.23236999966296,33.81712400028457],[-80.23518699961298,33.81549300029961],[-80.2436369996381,33.81060000034621],[-80.24645500031134,33.80897000005938],[-80.24700900033022,33.808670000322834],[-80.24867300003665,33.80777100022729],[-80.24922799988042,33.80747200022275],[-80.24980100016587,33.80717999987896],[-80.25050300032274,33.80679099968277],[-80.25430100008889,33.80469300032795],[-80.25540499992866,33.80408300021991],[-80.25555200024175,33.80397099973737],[-80.25590399969595,33.80370799986749],[-80.25631499959967,33.80323900022516],[-80.2584200002454,33.80084100006395],[-80.25912200040226,33.800043000147284],[-80.25983200005675,33.79923399993891],[-80.26196100009358,33.796806999717276],[-80.26267199957296,33.795998999868154],[-80.26269699968732,33.79596999976412],[-80.26276799983245,33.7958880003435],[-80.26305900008559,33.79555500015949],[-80.26315699999486,33.795444999657136],[-80.26468199978413,33.793708000199985],[-80.26925899970004,33.788495999728354],[-80.27078500021253,33.78676000008841],[-80.27123299992618,33.78625199971661],[-80.27126100041359,33.786248000148504],[-80.27335899958999,33.785962000307705],[-80.27405900009703,33.78586800001048],[-80.27436000039592,33.78582300036384],[-80.27526599986896,33.78568999995924],[-80.27556799999276,33.785645999931454],[-80.27606799958494,33.78557399970156],[-80.27756700033325,33.78535899985754],[-80.27806799975035,33.78528799984954],[-80.27813200022278,33.78527799969645],[-80.2783239998434,33.78525000015754],[-80.27838900014072,33.78524200018097],[-80.28099600002845,33.78486799988095],[-80.28881800041488,33.78374799984933],[-80.29142600012752,33.7833750002299],[-80.29145200006677,33.78337899993218],[-80.29152999988459,33.78339300000866],[-80.29155699964876,33.783398000195376],[-80.29158599996107,33.78339300000866],[-80.29167200017478,33.78338100015661],[-80.29170200031203,33.78337699970777],[-80.29268700032613,33.78323100037052],[-80.29564099964517,33.78279500035696],[-80.2966270003825,33.78264999977497],[-80.29966799974017,33.78220799978169],[-80.30879399998291,33.78088399983778],[-80.3118360000638,33.780443999983454],[-80.31358400033415,33.78018100025541],[-80.31882700042193,33.77939500006216],[-80.32057599961884,33.779132999888255],[-80.3221780002993,33.778891999758784],[-80.32698500036898,33.77817000032829],[-80.32858799997605,33.77793000027851],[-80.328808999909,33.77789700006979],[-80.3294719997078,33.77779800011392],[-80.32969400036397,33.7777659996587],[-80.33102800035752,33.77756800007638],[-80.33503299981288,33.776974000076756],[-80.33636799963135,33.77677699997312],[-80.33835199990324,33.77648199999796],[-80.34430700019362,33.77559900035671],[-80.34629200029043,33.77530599972457],[-80.34784300001895,33.77507599971648],[-80.35249899957758,33.77438800015506],[-80.35405100002933,33.774160000362166],[-80.35442500012316,33.77410399997961],[-80.35554900005441,33.773935000256635],[-80.35592399997313,33.77388000032351],[-80.35699799967568,33.773728999728114],[-80.36021999968166,33.77327699993556],[-80.36129500010742,33.773126999629405],[-80.36225699965699,33.77298099999514],[-80.36514599957701,33.77254400021171],[-80.36535399998948,33.772512999899746],[-80.3661089998498,33.772399000197744],[-80.36843899972808,33.77207599996939],[-80.3748030002724,33.77119400034731],[-80.37542300041352,33.77106699967086],[-80.37758900026027,33.77062399975954],[-80.37772999982727,33.77060299987374],[-80.38336700010034,33.769794000035674],[-80.39713100035834,33.76782099969238],[-80.39710500041907,33.76463800031141],[-80.39706000021324,33.75894300024329],[-80.39705699984019,33.75866699988172],[-80.3970509999924,33.757842000297494],[-80.39704900034258,33.75756700016536],[-80.39703099990092,33.75542600033833],[-80.3969870004183,33.75003599995127],[-80.39698800024321,33.74900399987522],[-80.3969930002661,33.746864000006994],[-80.39698999989304,33.746834999700326]]]},"properties":{"kind":"greater_sumter_union"}},{"type":"Feature","geometry":{"type":"Polygon","coordinates":[[[-180.0,-85.0],[-180.0,85.0],[180.0,85.0],[180.0,-85.0],[-180.0,-85.0]],[[-80.3969930002661,33.746864000006994],[-80.39698800024321,33.74900399987522],[-80.3969870004183,33.75003599995127],[-80.39703099990092,33.75542600033833],[-80.39704900034258,33.75756700016536],[-80.3970509999924,33.757842000297494],[-80.39705699984019,33.75866699988172],[-80.39706000021324,33.75894300024329],[-80.39710500041907,33.76463800031141],[-80.39713100035834,33.76782099969238],[-80.38336700010034,33.769794000035674],[-80.37772999982727,33.77060299987374],[-80.37758900026027,33.77062399975954],[-80.37542300041352,33.77106699967086],[-80.3748030002724,33.77119400034731],[-80.36843899972808,33.77207599996939],[-80.3661089998498,33.772399000197744],[-80.36535399998948,33.772512999899746],[-80.36514599957701,33.77254400021171],[-80.36225699965699,33.77298099999514],[-80.36129500010742,33.773126999629405],[-80.36021999968166,33.77327699993556],[-80.35699799967568,33.773728999728114],[-80.35592399997313,33.77388000032351],[-80.35554900005441,33.773935000256635],[-80.35442500012316,33.77410399997961],[-80.35405100002933,33.774160000362166],[-80.35249899957758,33.77438800015506],[-80.34784300001895,33.77507599971648],[-80.34629200029043,33.77530599972457],[-80.34430700019362,33.77559900035671],[-80.33835199990324,33.77648199999796],[-80.33636799963135,33.77677699997312],[-80.33503299981288,33.776974000076756],[-80.33102800035752,33.77756800007638],[-80.32969400036397,33.7777659996587],[-80.3294719997078,33.77779800011392],[-80.328808999909,33.77789700006979],[-80.32858799997605,33.77793000027851],[-80.32698500036898,33.77817000032829],[-80.3221780002993,33.778891999758784],[-80.32057599961884,33.779132999888255],[-80.31882700042193,33.77939500006216],[-80.31358400033415,33.78018100025541],[-80.3118360000638,33.780443999983454],[-80.30879399998291,33.78088399983778],[-80.29966799974017,33.78220799978169],[-80.2966270003825,33.78264999977497],[-80.29564099964517,33.78279500035696],[-80.29268700032613,33.78323100037052],[-80.29170200031203,33.78337699970777],[-80.29167200017478,33.78338100015661],[-80.29158599996107,33.78339300000866],[-80.29155699964876,33.783398000195376],[-80.29152999988459,33.78339300000866],[-80.29145200006677,33.78337899993218],[-80.29142600012752,33.7833750002299],[-80.28881800041488,33.78374799984933],[-80.28099600002845,33.78486799988095],[-80.27838900014072,33.78524200018097],[-80.2783239998434,33.78525000015754],[-80.27813200022278,33.78527799969645],[-80.27806799975035,33.78528799984954],[-80.27756700033325,33.78535899985754],[-80.27606799958494,33.78557399970156],[-80.27556799999276,33.785645999931454],[-80.27526599986896,33.78568999995924],[-80.27436000039592,33.78582300036384],[-80.27405900009703,33.78586800001048],[-80.27335899958999,33.785962000307705],[-80.27126100041359,33.786248000148504],[-80.27123299992618,33.78625199971661],[-80.27078500021253,33.78676000008841],[-80.26925899970004,33.788495999728354],[-80.26468199978413,33.793708000199985],[-80.26315699999486,33.795444999657136],[-80.26305900008559,33.79555500015949],[-80.26276799983245,33.7958880003435],[-80.26269699968732,33.79596999976412],[-80.26267199957296,33.795998999868154],[-80.26196100009358,33.796806999717276],[-80.25983200005675,33.79923399993891],[-80.25912200040226,33.800043000147284],[-80.2584200002454,33.80084100006395],[-80.25631499959967,33.80323900022516],[-80.25590399969595,33.80370799986749],[-80.25555200024175,33.80397099973737],[-80.25540499992866,33.80408300021991],[-80.25430100008889,33.80469300032795],[-80.25050300032274,33.80679099968277],[-80.24980100016587,33.80717999987896],[-80.24922799988042,33.80747200022275],[-80.24867300003665,33.80777100022729],[-80.24700900033022,33.808670000322834],[-80.24645500031134,33.80897000005938],[-80.2436369996381,33.81060000034621],[-80.23518699961298,33.81549300029961],[-80.23236999966296,33.81712400028457],[-80.2313500003871,33.8177139997712],[-80.22829300023756,33.81948499999645],[-80.2272739998883,33.82007599967178],[-80.22630300011791,33.82063799978732],[-80.22494300018508,33.821425999763996],[-80.22339599975619,33.82232999979911],[-80.22242800035886,33.82289700014622],[-80.22232200005364,33.822958000072774],[-80.22200599968616,33.82314399965359],[-80.22190100010418,33.82320600017028],[-80.22103200044103,33.82371399986972],[-80.21842600037822,33.825241000252234],[-80.21755799964167,33.8257499997925],[-80.21597000010323,33.82667899987232],[-80.21120800023938,33.82946699993971],[-80.20962099962755,33.83039699986386],[-80.20929000008975,33.83058999996143],[-80.20829800040295,33.83117300033199],[-80.20796799979176,33.83136700009462],[-80.20645399987316,33.83225699995554],[-80.20398699972752,33.833710000166256],[-80.20193499968356,33.83496400004227],[-80.20043800038172,33.83588100003371],[-80.19877299995206,33.8368989999685],[-80.19537100002104,33.838981999765636],[-80.19370899996444,33.83982699982719],[-80.19197099973984,33.84071299963649],[-80.19193499975482,33.84073100003934],[-80.19179300036292,33.84080300012045],[-80.19081099982357,33.84130299975677],[-80.18733199989964,33.84307499987325],[-80.18617299980829,33.843665999880294],[-80.1859769999897,33.84376499974686],[-80.1853920000087,33.84406299992659],[-80.18519700001502,33.8441629998542],[-80.18395099988503,33.84479700025311],[-80.18021699969297,33.846699000082275],[-80.17897200028622,33.8473340000529],[-80.177880000142,33.847888999680826],[-80.17460600025748,33.84955699994101],[-80.1735149999382,33.85011400020491],[-80.17349200037198,33.8501259996509],[-80.17333699966296,33.85020399973927],[-80.17287399988068,33.85043999972593],[-80.17271999989491,33.85051899997415],[-80.17250099961178,33.85061000027333],[-80.17183500033825,33.85097800002744],[-80.16931499959084,33.85237400017695],[-80.16920900018393,33.85240900011733],[-80.16826400035282,33.85272799987208],[-80.1682280003678,33.85273900002245],[-80.16812200006258,33.85277500023337],[-80.16808699990248,33.852787999725564],[-80.16807400038202,33.852791000239336],[-80.16803699967379,33.852803999729105],[-80.16802499997821,33.85280900033574],[-80.16797700029763,33.85283000019476],[-80.16783699965724,33.85289499983216],[-80.16778999980156,33.852917000088475],[-80.16757999973929,33.85301299991986],[-80.16695299992547,33.85330199992651],[-80.16674399968811,33.853398999737976],[-80.16643499989162,33.85353600022998],[-80.1655109999769,33.85394699964162],[-80.16520300000532,33.85408499965946],[-80.16491199975219,33.854214000301646],[-80.16449500000067,33.854399999756836],[-80.16404499973886,33.854610000171036],[-80.1637579996837,33.85474599981568],[-80.16252900017045,33.855325999840396],[-80.15884299965899,33.85706800014783],[-80.15853200021267,33.85721600029635],[-80.15767199987206,33.85775500005561],[-80.15708900043919,33.85807500034338],[-80.15534299981867,33.85903600032687],[-80.1547610002107,33.85935699988744],[-80.15401800004597,33.859719999798145],[-80.15382700025025,33.85981499985091],[-80.15179600012272,33.86082300005663],[-80.15124499957857,33.86109700012785],[-80.15110800020955,33.861257000127665],[-80.15096000007152,33.86129200015761],[-80.15053099972613,33.861395000268985],[-80.15051800020565,33.861395000268985],[-80.1503669996946,33.861395000268985],[-80.15031200034133,33.86148600016992],[-80.15002699993597,33.86168699971386],[-80.14995499996594,33.86173800013529],[-80.14884000025552,33.86236199979701],[-80.14844400042038,33.86258500026637],[-80.14811200015937,33.86268899986797],[-80.14800500002923,33.86272299975334],[-80.14719200044262,33.863171999864974],[-80.14688899959559,33.863339999839646],[-80.14636200023922,33.8635640002863],[-80.1447839998482,33.86423999998949],[-80.14425800031673,33.86446499985002],[-80.14418700017161,33.864493999851895],[-80.14397700010933,33.86458500017964],[-80.14390699978915,33.86461499967628],[-80.14328300034838,33.86488199980397],[-80.14141100022948,33.86568299965271],[-80.14078699989042,33.86595000017003],[-80.14033900017675,33.86618899995278],[-80.13899599996238,33.86690800027117],[-80.13869399983858,33.867070999836464],[-80.13852899998214,33.867070999836464],[-80.13841900037728,33.86725499987785],[-80.13694499974335,33.86801199966231],[-80.13548000022854,33.86876500000774],[-80.1336950001483,33.86897099997736],[-80.13152699975339,33.86906799989224],[-80.12965800000754,33.86915199971411],[-80.12929700033251,33.869171999801594],[-80.12821400040913,33.869236000199216],[-80.12785399966072,33.8692579999752],[-80.12732200028148,33.86928800006742],[-80.12572799999693,33.86938199969136],[-80.12519700044258,33.869414000190375],[-80.1247970004095,33.86943800037033],[-80.12471000037087,33.86936599981031],[-80.12460999991343,33.869367000036036],[-80.12277100030482,33.86939400015963],[-80.12215799983642,33.869404000175614],[-80.12206199957694,33.869430000062486],[-80.12177399969686,33.86950899989968],[-80.12167900016061,33.86953599997836],[-80.12161200021347,33.869554999752324],[-80.12064999976559,33.87012600017275],[-80.11758699976828,33.87194799989511],[-80.1165669995941,33.87255600023585],[-80.11632999976763,33.87269699982871],[-80.11562099993806,33.873120000193104],[-80.11538499993651,33.87326199978019],[-80.11465500019055,33.87370399992414],[-80.11246699970417,33.87503200036582],[-80.11225699964187,33.87515999978384],[-80.11174399963087,33.87548400034283],[-80.11132600005446,33.87574700017979],[-80.11007200042685,33.876538999727984],[-80.10965499977702,33.87680300018149],[-80.1089569998181,33.87724499988652],[-80.10891900018328,33.87726699983565],[-80.10668600038936,33.87861600025395],[-80.1059420003997,33.87906599966938],[-80.1056479997735,33.879226000298424],[-80.1047680002397,33.879707999848705],[-80.10447500033676,33.87986900012237],[-80.10391200009704,33.880151000268135],[-80.10222300027625,33.88099899976701],[-80.10166099986148,33.88128199999319],[-80.10160800015802,33.88130699990481],[-80.10144999997429,33.881384999850425],[-80.10139800009574,33.88141099981645],[-80.10131000023219,33.88147099965047],[-80.10104699956815,33.88165299980868],[-80.10096000042782,33.881714000299326],[-80.10083800022909,33.88179800035349],[-80.10077899977955,33.881838999897056],[-80.10060200022754,33.881960999823065],[-80.1004649999602,33.88203999999381],[-80.10033799973858,33.88211499978617],[-80.10029500008088,33.8821400001995],[-80.09939399973237,33.88266499972931],[-80.09656300043697,33.884315999963405],[-80.09562000025566,33.88486699993132],[-80.09558799957031,33.88488600002107],[-80.09421199974398,33.88567000022962],[-80.09008599991476,33.88802300013905],[-80.08871099991332,33.88880799985322],[-80.08868999999693,33.88881999982699],[-80.08705800007755,33.88975000011596],[-80.08216200031941,33.89253999979894],[-80.08053100022495,33.89347099973731],[-80.07997399983304,33.89378799978945],[-80.0783019997307,33.894740000261066],[-80.07774600006199,33.89505799999485],[-80.07773199981828,33.895065000212476],[-80.07769300035854,33.89508799996481],[-80.07767999993975,33.89509600010412],[-80.0776549998254,33.895108999862906],[-80.07758000038064,33.895150999643654],[-80.07755600009119,33.89516599998639],[-80.07589900005745,33.89607699985102],[-80.07092999960607,33.89881199971845],[-80.06927400029556,33.89972400002027],[-80.06902499987521,33.89986000011248],[-80.06828099988554,33.90027000030578],[-80.06803300018844,33.900407999996524],[-80.06582299996073,33.90162300022741],[-80.05919400000087,33.905271000082344],[-80.0569849995981,33.906487000137865],[-80.05685300025193,33.90655899994057],[-80.05645900006664,33.906774999729336],[-80.05632799964707,33.90684799982069],[-80.0560149996526,33.907018999647015],[-80.0550770003925,33.90753500013032],[-80.05476500022296,33.90770800036761],[-80.05458399957469,33.90780699978095],[-80.05404399979953,33.90810299979594],[-80.05386399987447,33.908203000012065],[-80.05334300036587,33.90848900023594],[-80.05178099986837,33.90934899988274],[-80.0512610001847,33.90963599974274],[-80.05057599974624,33.91001500021505],[-80.04852399970233,33.91115399993804],[-80.04783999998712,33.91153499983262],[-80.04684300027745,33.91208099977053],[-80.04385200025015,33.913719000216034],[-80.0428549996422,33.914265000326296],[-80.04279699991586,33.91430599991753],[-80.04262299983858,33.91442800036657],[-80.04256599993718,33.91447000032186],[-80.04252400010438,33.91450000017076],[-80.04250300018799,33.914510999814475],[-80.04236799957047,33.914579000020495],[-80.0417640002212,33.91488599996807],[-80.04156300037974,33.91498900024422],[-80.04153999991522,33.91500100026102],[-80.03963299963621,33.915972999740326],[-80.03391199969757,33.91889100027187],[-80.03200600014179,33.91986399973831],[-80.03019299957414,33.920746999680524],[-80.02475399966778,33.92339900002621],[-80.02294199982335,33.92428399976435],[-80.02277500031708,33.92436399981393],[-80.02227700037471,33.92460699973692],[-80.02222899979581,33.92463100004142],[-80.02211199961995,33.924687999805684],[-80.02144299997336,33.92501399994781],[-80.01943600013526,33.925992000342355],[-80.01876800031356,33.92631900026967],[-80.01873399997838,33.926334999903375],[-80.0179540000037,33.92671500019693],[-80.01551500034546,33.927903999652514],[-80.0147019998605,33.92830099994464],[-80.01461700037,33.928340999956],[-80.0143629999268,33.92846399996624],[-80.01427900026121,33.92850599971091],[-80.01264099959572,33.92930399986888],[-80.00772999976898,33.93169999993731],[-80.00609299982672,33.93249999969803],[-80.00597900002391,33.93255499969896],[-80.00563599989223,33.932720999716764],[-80.00552299991433,33.932776999802414],[-80.00448900039476,33.933274999822835],[-80.00138700003937,33.93477200016465],[-80.00035400034471,33.935270999896034],[-80.00012300036605,33.93514299977474],[-79.99979399957974,33.93496099976023],[-79.99941799983613,33.93513199981361],[-79.99926800004829,33.93520200035533],[-79.99917900035983,33.93524200010666],[-79.99501099979952,33.937144000169866],[-79.98251000028824,33.94285000030902],[-79.97834299955285,33.944752999666825],[-79.97807700031238,33.94487399964776],[-79.97727899989606,33.945238000130125],[-79.97701399958218,33.94536000024645],[-79.97658199976205,33.94555700005912],[-79.97579099991671,33.94591899971022],[-79.97529799999722,33.94616899972745],[-79.97487600022282,33.946384999699546],[-79.97486399962895,33.946391000104924],[-79.97482799964394,33.946408999828165],[-79.97481699977328,33.94641600029914],[-79.97477300029065,33.94643800028515],[-79.97464400041923,33.946504000208996],[-79.97460099986321,33.946527000238135],[-79.97358400006208,33.94704199984712],[-79.96867200041041,33.949558000053855],[-79.9586759997813,33.954670000016904],[-79.95837899968039,33.95482099986115],[-79.95404399961382,33.95703900012867],[-79.95309700013287,33.957523999872954],[-79.95263699982534,33.95776200012355],[-79.94583200013838,33.96129299972016],[-79.94181900028708,33.96332100024419],[-79.93951500034805,33.964609000025135],[-79.93934700011857,33.96469400019],[-79.93421100016093,33.96732499964466],[-79.93368800010418,33.96759600001163],[-79.92587999996148,33.97165400034543],[-79.92580299996857,33.971693000330106],[-79.92263899968893,33.97331899993021],[-79.91264799998102,33.97853400028276],[-79.90822800042396,33.980788999957404],[-79.90816499977645,33.98082200001],[-79.90812399976858,33.98084400003796],[-79.90806900041531,33.98087299993067],[-79.90567000004171,33.98215100035214],[-79.90477000041643,33.98262999983609],[-79.89727400044326,33.98622899968241],[-79.8935169997867,33.98801700019149],[-79.89354199990105,33.98815100017069],[-79.89337700004461,33.98874699973089],[-79.89340399980878,33.98913599974761],[-79.89370599993259,33.98952599977858],[-79.89392600004061,33.98959499995864],[-79.8942289999893,33.989709000327736],[-79.89527400027785,33.98964099979932],[-79.89593399970363,33.989365999944155],[-79.89662099979188,33.98902299966586],[-79.89700599975636,33.989046000116524],[-79.89730899970505,33.98909200025435],[-79.8974739995615,33.98922900020968],[-79.89758400006465,33.98954999965325],[-79.89769299984461,33.990192000116465],[-79.89780300034778,33.990398000060885],[-79.89807799980908,33.990650000290074],[-79.89860000004089,33.99108500033708],[-79.89870999964576,33.99129100035118],[-79.89868200005667,33.99151999964686],[-79.89840699969704,33.992162000122484],[-79.89843500018446,33.99248200013283],[-79.89873700030824,33.992665999797865],[-79.89909399978531,33.992665999797865],[-79.89961699984202,33.99252900017018],[-79.90027700016611,33.99218499972351],[-79.9006350003664,33.992208000063144],[-79.90107399985924,33.99234599973573],[-79.90214699973686,33.99241499986032],[-79.90233900025581,33.99250700018763],[-79.90244899986065,33.992782000304885],[-79.90242100027157,33.99310200021461],[-79.90151400007528,33.993857999925346],[-79.90123899971567,33.99429299993452],[-79.901155999875,33.99447599989949],[-79.90123799989077,33.994910999723714],[-79.90148599958788,33.99520899977997],[-79.90250300028734,33.99603400027153],[-79.9028399996729,33.99624700029699],[-79.90409699967357,33.99704300006743],[-79.90420700017674,33.99720300034112],[-79.90420700017674,33.997614999993935],[-79.9039589995813,33.99802699988294],[-79.90332699974464,33.99848500027402],[-79.9031340002991,33.998737000349934],[-79.9031340002991,33.9989659996849],[-79.90324399990396,33.99912700025274],[-79.90351900026357,33.99924099974864],[-79.90398600024379,33.99912700025274],[-79.90467400015696,33.998600000085176],[-79.9048669996025,33.998600000085176],[-79.90500399986986,33.99864600026397],[-79.90500399986986,33.999219000014605],[-79.90492100002916,33.99935600002587],[-79.90426300025324,34.00015900022588],[-79.90412599998588,34.000535000078806],[-79.90393299964202,34.00060400025536],[-79.90374100002143,34.00089299965178],[-79.90371300043233,34.001602999995406],[-79.90362999969334,34.00169500005456],[-79.90365800018073,34.00224500023984],[-79.90382300003719,34.002359000019524],[-79.90439999962227,34.002313999772035],[-79.90468599985253,34.00208899966628],[-79.90489500008991,34.00192400035182],[-79.90536299989506,34.00180999998835],[-79.90566500001886,34.00201600006329],[-79.90563800025467,34.00238299999283],[-79.90547300039822,34.002565999659446],[-79.90550000016239,34.00297800011092],[-79.90558200017816,34.00307000017014],[-79.90613199999908,34.00295499970819],[-79.90687500016384,34.00249700033197],[-79.90764500009277,34.00270399963558],[-79.90786500020079,34.00334500035206],[-79.90758999984118,34.00396399995989],[-79.90758999984118,34.00419300009721],[-79.90780999994921,34.004261000149185],[-79.9084150000217,34.0040550003063],[-79.9096250001667,34.00426200028096],[-79.91072499980851,34.00481200022694],[-79.91088899984005,34.005293000299886],[-79.9107519995727,34.00591099974687],[-79.91091700032744,34.00648399963735],[-79.91152200039994,34.006987999982776],[-79.91267700029336,34.00691999988024],[-79.91347399998648,34.00714900023846],[-79.9136389998429,34.00698900008244],[-79.9136389998429,34.006415999875884],[-79.91399700004318,34.006140999956834],[-79.91471199972055,34.00593500020586],[-79.91501499966924,34.005728999955146],[-79.91534500028044,34.005636999797474],[-79.91575700000911,34.0056600002186],[-79.91619700022515,34.005843999639744],[-79.9166099997787,34.00616400024146],[-79.91715999959962,34.00737900007424],[-79.91812200004749,34.007791000262436],[-79.91848000024777,34.0078369999317],[-79.91949700004892,34.007744999823636],[-79.91979999999762,34.0076309998267],[-79.92032200022943,34.007219000351554],[-79.92062500017813,34.00678400025647],[-79.92103799973168,34.00676100013981],[-79.92117499999905,34.006829000369656],[-79.92117499999905,34.00717300034759],[-79.9210100001426,34.007424999966666],[-79.92068000042973,34.007745999914384],[-79.92068000042973,34.00813500006682],[-79.92081699979876,34.00831799999887],[-79.92128499960391,34.008502000363066],[-79.92205500043116,34.00863900029431],[-79.92290800020076,34.008319000082885],[-79.92370499989389,34.00813500006682],[-79.92439299980705,34.00758600013849],[-79.92463999967926,34.007493999758545],[-79.92521799998757,34.00760900003176],[-79.92530000000333,34.007768999764316],[-79.92530000000333,34.008914000315436],[-79.92565800020364,34.009281000223574],[-79.9259879999165,34.00923499984723],[-79.92673000025636,34.00896000012105],[-79.92761099961507,34.00893699984902],[-79.92799599957952,34.00912100036125],[-79.92796799999043,34.00948700004916],[-79.92755500043687,34.00976200030263],[-79.92703300020506,34.00989899969036],[-79.9262349997887,34.009967999705985],[-79.92554799970046,34.01019700003577],[-79.92530000000333,34.01037999999195],[-79.9253269997675,34.01070099993898],[-79.92568499996781,34.011044999869014],[-79.92683999986122,34.01097599998397],[-79.9275000001853,34.01129699991174],[-79.9284080002065,34.01129699991174],[-79.92862800031452,34.01143399980144],[-79.92893000043831,34.01186999994667],[-79.92920499989961,34.012006999656414],[-79.92961800035148,34.01193799980849],[-79.93003000008012,34.01212099973558],[-79.93011299992081,34.012441999802384],[-79.92994800006436,34.01274000015834],[-79.92920499989961,34.013313000135064],[-79.92895800002741,34.013655999886126],[-79.92926000015119,34.013953999704135],[-79.92989299981278,34.01386200026671],[-79.93022300042398,34.013953999704135],[-79.9306900004042,34.01436600000867],[-79.93107600019358,34.0150079998234],[-79.93140599990647,34.01526000001747],[-79.93217599983541,34.015144999681915],[-79.93278099990789,34.0153510001726],[-79.93344100023198,34.01590099977837],[-79.93382600019645,34.015923999653126],[-79.93434900025316,34.01555800016216],[-79.93473400021766,34.015581000129835],[-79.9348990000741,34.016495999746105],[-79.93542100030591,34.01679400001965],[-79.93652199977262,34.01681699965247],[-79.9369069997371,34.01693099997428],[-79.93704400000446,34.01709100001104],[-79.93696199998868,34.017319999743684],[-79.93632900032709,34.01759499994259],[-79.93619200005975,34.01777900030655],[-79.93621899982394,34.017985000362266],[-79.93676899964484,34.01835099981362],[-79.9372370003483,34.0183969997185],[-79.93795200002566,34.01828199990962],[-79.93814399964626,34.0180079996724],[-79.93814399964626,34.01768699980213],[-79.93831000022593,34.01757199977597],[-79.93877700020617,34.017503999959125],[-79.93910699991905,34.01729800022534],[-79.93935499961617,34.017319999743684],[-79.93979499983223,34.01752700014417],[-79.94029000029988,34.0178930000811],[-79.94067500026432,34.017800999700235],[-79.94086799970987,34.01734299997853],[-79.94207799985485,34.01761800010299],[-79.94304100012764,34.01761800010299],[-79.94350800010787,34.017733000066826],[-79.9437009995534,34.0178930000811],[-79.94392099966143,34.01855699997034],[-79.94414099976944,34.01887800027356],[-79.9443059996259,34.0189469996931],[-79.94469099959036,34.01890100008633],[-79.9449390001858,34.018695000019825],[-79.94510400004224,34.018443000342984],[-79.94526899989867,34.018373999769175],[-79.9463690004388,34.01830499988386],[-79.94691900025971,34.01796100033088],[-79.94749699966972,34.01807599983012],[-79.94746900008064,34.019198000151555],[-79.94840499969094,34.019656000288585],[-79.94851500019408,34.0199539998928],[-79.94801999972644,34.02086999996101],[-79.94672699974078,34.02187800035198],[-79.94650699963275,34.02219900000863],[-79.94653400029527,34.022634000048306],[-79.94694699984882,34.022954999823824],[-79.94738700006486,34.02311499967373],[-79.94799200013738,34.02309200025834],[-79.9482130000703,34.02297800002094],[-79.94859800003478,34.02192399983454],[-79.94887300039439,34.02174100019152],[-79.94925800035885,34.02164900025854],[-79.94986500008118,34.021645999732975],[-79.95038700031299,34.02159100000677],[-79.95071600020096,34.021557000225854],[-79.95074299996513,34.02096199999379],[-79.9508249999809,34.020778999765746],[-79.95126600002186,34.020778999765746],[-79.95187100009437,34.02103000001869],[-79.95225600005881,34.02098499998643],[-79.95264100002329,34.02050300026219],[-79.9528879998955,34.02036600011601],[-79.9532190003316,34.020389000270114],[-79.95288899972041,34.021121999878055],[-79.95286100013132,34.02137399979148],[-79.95327399968488,34.02153399964366],[-79.95368600031185,34.02144300016029],[-79.95368600031185,34.02135099990431],[-79.95418099988116,34.02096100005871],[-79.95492400004593,34.0208469999372],[-79.95569399997487,34.02054899974542],[-79.95616199978001,34.02057199984993],[-79.95745499976567,34.02105299999291],[-79.95863800014646,34.021097999989124],[-79.95874799975132,34.02116699983774],[-79.95918799996738,34.02116699983774],[-79.95957299993186,34.02134999997381],[-79.9597660002757,34.0213729998613],[-79.96048099995305,34.02228900025112],[-79.96130600013358,34.022839000321056],[-79.9614989995791,34.022839000321056],[-79.96180200042612,34.02290700033126],[-79.96276399997569,34.02286099989235],[-79.96336999987308,34.02313600000857],[-79.96356200039203,34.02331900036644],[-79.9636729998218,34.02393800029184],[-79.96435999991004,34.024144000290484],[-79.96441500016164,34.02430400013244],[-79.96449800000231,34.024326999963904],[-79.96433300014587,34.02487700022806],[-79.96433300014587,34.02510599980137],[-79.96449800000231,34.02526600006317],[-79.96491099955587,34.02544900029524],[-79.9651590001513,34.02565500034872],[-79.96532400000774,34.0259759998655],[-79.96642399964956,34.026732000282756],[-79.96703000044529,34.02684599994449],[-79.96714000005014,34.02670799974668],[-79.96713900022523,34.026524999996084],[-79.96691900011722,34.026272999742474],[-79.96694699970628,34.025974999989494],[-79.96711199956273,34.02583799974193],[-79.96749700042552,34.02586099990219],[-79.96777199988682,34.026021000229505],[-79.96793699974324,34.026433000037514],[-79.96813000008709,34.02663899993589],[-79.96881800000025,34.026823000051195],[-79.96909300035988,34.02711999994176],[-79.96914799971316,34.02757799976601],[-79.96925800021633,34.02778499971748],[-79.9698909998779,34.02776100022375],[-79.97046800036132,34.02744099987291],[-79.97049599995042,34.027302999898254],[-79.97071600005845,34.02711999994176],[-79.97107400025871,34.027005000039786],[-79.97143099973579,34.02705099972148],[-79.97181700042348,34.02821900031075],[-79.97239499983347,34.02867700015916],[-79.97269699995728,34.02879100018584],[-79.97382500008649,34.02879100018584],[-79.97423799964005,34.028974000261066],[-79.9744309999839,34.0296840003072],[-79.97481599994838,34.03000500021704],[-79.97500900029223,34.03050900014391],[-79.9762200002621,34.03174499966311],[-79.97660500022658,34.03199700004407],[-79.97765100034003,34.03188200005168],[-79.97781600019648,34.03199700004407],[-79.97789800021225,34.03213400002571],[-79.97778799970908,34.0323630001151],[-79.97778900043231,34.03270700010526],[-79.97822899975004,34.03334799986961],[-79.9783390002532,34.033714999852776],[-79.9781750002217,34.0347909996994],[-79.97839500032971,34.03490600021519],[-79.97872500004259,34.0347909996994],[-79.97894500015063,34.034493000084375],[-79.98010000004402,34.0345839997181],[-79.98040299999272,34.03465299976803],[-79.98100899989014,34.03499599963619],[-79.9810909999059,34.035203000101056],[-79.9810909999059,34.03572899962827],[-79.98056899967409,34.03621099996857],[-79.98043200030504,34.036783000306144],[-79.98054199990989,34.03694399988387],[-79.98081700026951,34.0368750002086],[-79.98111900039329,34.0365769997258],[-79.98136700009042,34.03659999995271],[-79.98158700019845,34.03673699994531],[-79.98189000014715,34.03714899982868],[-79.98211000025518,34.03717199990051],[-79.98243999996805,34.037011999757055],[-79.98227500011161,34.0365990002019],[-79.98227500011161,34.03623299979515],[-79.98252199998383,34.036027000112405],[-79.9829350004357,34.03602600035484],[-79.98425600001045,34.036896000115725],[-79.9844209998669,34.037102999666274],[-79.98431200008696,34.037652000008855],[-79.98436700033852,34.037926999831825],[-79.98453200019499,34.03804199981828],[-79.98536999989597,34.03791100034567],[-79.98566500034708,34.03786499985213],[-79.98571399985256,34.0378569997314],[-79.98578800037072,34.03785999968369],[-79.9862100001451,34.03788100009138],[-79.9862450003052,34.03789700032756],[-79.98630200020662,34.0379230001467],[-79.98645799984223,34.03799499966142],[-79.98643000025314,34.038291999898235],[-79.98609999964192,34.03863599966724],[-79.98610100036517,34.038932999892786],[-79.98640400031385,34.03943699963274],[-79.98684399963162,34.039506000201506],[-79.9874489997041,34.03948300001816],[-79.9883569997253,34.0392530000748],[-79.98877000017718,34.039184000044614],[-79.989292000409,34.03916099977395],[-79.99003499967544,34.038656999882754],[-79.99028300027086,34.03870299994684],[-79.99028300027086,34.03897800008441],[-79.99014500017859,34.039138000241394],[-79.99014500017859,34.03957299979389],[-79.99022800001929,34.039710999909616],[-79.99069599982442,34.039664999647854],[-79.99099799994822,34.03936700003405],[-79.9913279996611,34.039274999856836],[-79.99185099971783,34.03945799965],[-79.99209900031326,34.03975599968843],[-79.99237499959946,34.04064899977382],[-79.9928979996562,34.041220999959066],[-79.99303599974844,34.041907999963904],[-79.9935039995536,34.04259500035867],[-79.99408199986192,34.04314499981231],[-79.99419300019001,34.04335100007266],[-79.99424800044159,34.04470199994703],[-79.99430399961976,34.04479400019208],[-79.99460599974356,34.04472500020371],[-79.99507400044702,34.044334999861334],[-79.99534899990832,34.04424400026771],[-79.99581699971347,34.04426600024385],[-79.99606399958567,34.04449500033328],[-79.99611999966217,34.0453890000384],[-79.99647799986245,34.04589199973326],[-79.99691800007851,34.04598400017597],[-79.99796400019197,34.04595999987588],[-79.99840400040803,34.046005999700654],[-79.99923000041343,34.0462580001426],[-79.99979100010502,34.04625699976128],[-80.00019799981078,34.04650799982329],[-80.00087499985331,34.04627899995954],[-80.00112199972551,34.04650799982329],[-80.00112199972551,34.046782999960485],[-80.00081899977681,34.04710399992365],[-80.00012900021382,34.0474929998179],[-79.99979100010502,34.04747000031198],[-79.99939799974462,34.04731099986759],[-79.99938500022415,34.047884000140435],[-79.99966300005849,34.04797799988823],[-79.99979100010502,34.04801899979309],[-80.00023899981868,34.04804300025469],[-80.0005939996459,34.04787699983833],[-80.00072599989039,34.04767399975733],[-80.00227300031928,34.04508300025607],[-80.00660099981484,34.03784199996821],[-80.00673700025727,34.03762099992413],[-80.01147900002962,34.03007599992407],[-80.01157399956588,34.029923999922985],[-80.02398299991393,34.01249400013976],[-80.02655600036479,34.00885799970914],[-80.02669799975669,34.00863399989306],[-80.02671700002325,34.00860599987451],[-80.02675999968098,34.00854299998521],[-80.02679400001617,34.008541999903834],[-80.02931899988812,34.00850399978206],[-80.0342940001873,34.00842800023217],[-80.03673899969331,34.00838499964342],[-80.04785599988062,34.00825000021665],[-80.04916899995777,34.00823499968793],[-80.05040900023998,34.008219999901186],[-80.05067899967841,34.008219999901186],[-80.05143100006401,34.00822500032686],[-80.06651900026984,34.00797699971057],[-80.06798799998259,34.007955000005325],[-80.07036399989163,34.007919999886965],[-80.07267299985354,34.00658399971324],[-80.07270399981566,34.006564999961086],[-80.08279099978304,34.000158000045786],[-80.0843990003113,33.999314000247054],[-80.08443500029631,33.99929400016774],[-80.08949199971292,33.996495999639244],[-80.09619799966568,33.99300900026735],[-80.10028699968495,33.990883000236096],[-80.10664799985621,33.9875350002868],[-80.10916500023058,33.98643300035681],[-80.11330100010551,33.984394000248294],[-80.11806100031954,33.98161500006208],[-80.11810200032741,33.981589000128814],[-80.12047499986342,33.98042899977043],[-80.12479599968628,33.978121000046144],[-80.12786700007952,33.97651399967662],[-80.13581300031449,33.972357999836525],[-80.14847500038253,33.96573600022539],[-80.1619199999,33.95874800002982],[-80.16468400014655,33.95730500004041],[-80.16713100020073,33.956212999729566],[-80.1672490002015,33.95616000001566],[-80.16776700023534,33.955995000202826],[-80.18037099967877,33.952002000312795],[-80.18042599993036,33.95208299965878],[-80.18045400041777,33.952357000140736],[-80.18056400002261,33.9534109998457],[-80.1805909997868,33.95425900007538],[-80.18053600043352,33.95810699972109],[-80.18069999956674,33.960099999754995],[-80.18081000006991,33.96042099966205],[-80.18089299991058,33.96049000036823],[-80.18094800016218,33.96069600001641],[-80.18111300001861,33.96092499977409],[-80.18108500042953,33.9610160000142],[-80.18125000028596,33.961268000171046],[-80.18127700005013,33.96135999993586],[-80.18135999989083,33.961406000153495],[-80.18135999989083,33.961497999769065],[-80.18149700015816,33.961681000304054],[-80.18152499974725,33.9618410000909],[-80.18160699976303,33.961887000048435],[-80.18190999971173,33.96294100016484],[-80.18207399974325,33.96342200032085],[-80.18221199983553,33.964063000069906],[-80.1822389995997,33.964132000057134],[-80.18248700019514,33.96495699971516],[-80.18245899970773,33.96733900012467],[-80.18254200044672,33.96761399971952],[-80.18251399995931,33.96811799967868],[-80.18226600026219,33.96868999983943],[-80.18226600026219,33.969172000064525],[-80.1825409997235,33.969721000127635],[-80.18276099983152,33.97056900019293],[-80.18267899981575,33.971071999997164],[-80.18251399995931,33.97130100012952],[-80.18179900028196,33.972079999895755],[-80.18138599983008,33.9728360003593],[-80.18138599983008,33.97320199992501],[-80.18146899967077,33.97343100028097],[-80.18204600015417,33.97384400020631],[-80.18226600026219,33.97416399990561],[-80.18240299963124,33.97446199970657],[-80.18251300013439,33.97496600005282],[-80.18259599997509,33.97601999974028],[-80.18267799999083,33.97686699985422],[-80.18276099983152,33.977050999804675],[-80.18276099983152,33.97737100009788],[-80.18289800009887,33.97789800007631],[-80.18322799981175,33.978356000203135],[-80.1833650000791,33.97847099969456],[-80.18361299977623,33.978883000035076],[-80.18372300027939,33.9792730001848],[-80.18380500029515,33.979937000326885],[-80.1842730001003,33.981472000330776],[-80.18432800035188,33.98154100034572],[-80.18432800035188,33.981632000128734],[-80.18441000036765,33.98167799981008],[-80.18441000036765,33.98183799996515],[-80.18451999997252,33.981952999960455],[-80.18451999997252,33.982044999695674],[-80.18462999957737,33.9822049999049],[-80.18479500033213,33.982731999711966],[-80.18484999968538,33.983556000296566],[-80.18493199970115,33.98360199968161],[-80.18501500044016,33.98392300026743],[-80.1851800002966,33.984243999640896],[-80.18523499964986,33.98440400018],[-80.1853719999172,33.984563999673085],[-80.18540000040461,33.98474800009572],[-80.18548200042038,33.98481600007016],[-80.18548200042038,33.98490799968606],[-80.1857300001175,33.98529700014317],[-80.18583999972235,33.98561800028636],[-80.18614199984613,33.9861910000065],[-80.18625200034931,33.986328000169436],[-80.18625200034931,33.986419999638386],[-80.18749000008339,33.9877940001133],[-80.18784699956045,33.98838999994273],[-80.1879839998278,33.98893999986599],[-80.18792899957623,33.989832999836835],[-80.18779200020718,33.99026800034213],[-80.18768199970401,33.99116200005008],[-80.18757200009917,33.99155100018382],[-80.1874340000069,33.992902999746775],[-80.18737899975531,33.99443699993999],[-80.18713100005819,33.995560000050155],[-80.18707599980661,33.99560599964074],[-80.18702099955502,33.99597200022322],[-80.18693799971435,33.996270000281804],[-80.18671799960632,33.99725500032792],[-80.18669199966705,33.99816400032702],[-80.18669099984214,33.99819399972618],[-80.18665800023018,33.998596000036066],[-80.18663599959055,33.99885800024785],[-80.18663599959055,33.99949999964181],[-80.18677299985792,33.99972700027334],[-80.1868280001095,33.99976099985962],[-80.18732500022696,34.00015699986568],[-80.18740800006763,34.000431000365225],[-80.18743499983181,34.00054599977616],[-80.18787500004785,34.00121300028956],[-80.18784800028368,34.00231300036204],[-80.18817799999655,34.0030000003608],[-80.18812299974498,34.003939000297756],[-80.18815000040746,34.00467199969852],[-80.18828799960143,34.00492400003671],[-80.18832399958643,34.00483600025181],[-80.19390700033117,34.003487000370875],[-80.1948820002995,34.00325100030338],[-80.19570900012984,34.00305099963183],[-80.19601700010142,34.00297699996401],[-80.20679799982973,34.00015699986568],[-80.21793599993346,33.99771600029438],[-80.21798000031438,33.99770500023063],[-80.22834400029119,33.99517799983283],[-80.24306699972571,33.99160799982027],[-80.24328699983374,33.99165400006085],[-80.2439470001578,33.99174500018816],[-80.24449699997872,33.99174500018816],[-80.24609200008818,33.991812999777686],[-80.24658699965751,33.991767000368],[-80.2477419995509,33.99178899979733],[-80.24920000029134,33.99201799998535],[-80.24979899961772,33.992165999729714],[-80.25022399976517,33.99235999981949],[-80.25050499997255,33.99274999994967],[-80.25056000022414,33.992933000258816],[-80.25061499957741,33.992955999651215],[-80.25132900032818,33.994193000283644],[-80.25168599980525,33.994490999879126],[-80.25223599962614,33.994720999732024],[-80.25300599955507,33.99490400026465],[-80.25330799967887,33.995065000338144],[-80.25394000041385,33.995704999630306],[-80.25402300025455,33.99591199984511],[-80.25421499987515,33.9960950000467],[-80.25429799971585,33.99625499987147],[-80.2544070003941,33.99634699976458],[-80.2547100003428,33.99694299992953],[-80.25468199985539,33.99735500009856],[-80.25437899990669,33.99790500008427],[-80.25446099992244,33.998248000256346],[-80.25470799979465,33.998568999885876],[-80.25479099963533,33.99886699977172],[-80.25484500006202,33.99946300013101],[-80.25478999981041,33.999731000269136],[-80.25495600039008,34.000155999685546],[-80.25531399969206,34.000853999659206],[-80.25564299958005,34.00241199998254],[-80.25583500009897,34.002778999690484],[-80.25583400027408,34.00344300011771],[-80.25564099993022,34.00415299999743],[-80.25575100043338,34.005183999850146],[-80.25541999999727,34.00594000002134],[-80.25547500024886,34.00644399987189],[-80.25564000010529,34.00662699972459],[-80.25610600026062,34.00807099974117],[-80.25638099972193,34.00841399981771],[-80.25684900042538,34.00884999983223],[-80.25712300006175,34.00992700002722],[-80.2575630002778,34.01047699977216],[-80.25868999968381,34.011324999787604],[-80.25926700016721,34.01196600021761],[-80.25943200002366,34.01267700035771],[-80.25965100030677,34.01308900015751],[-80.25962399964428,34.013662000012694],[-80.25931999987067,34.01526500002851],[-80.25899000015778,34.01585999998621],[-80.25805299982427,34.01716600001747],[-80.25780500012715,34.01776100005386],[-80.25772200028649,34.01853999984625],[-80.25794200039451,34.01968600028612],[-80.25805199999935,34.019823000040745],[-80.25816199960421,34.020212999903286],[-80.25829899987157,34.02039599986256],[-80.25832599963576,34.02064799969782],[-80.25865600024694,34.021335000270426],[-80.2587659998518,34.02181599981217],[-80.2590400003865,34.02231999998161],[-80.25964499956068,34.02289300007082],[-80.26126800015754,34.02378700036553],[-80.26157000028134,34.02410800024727],[-80.26173500013778,34.02454400007423],[-80.26173500013778,34.02484099975125],[-80.26214699986643,34.02543700021887],[-80.2630819996518,34.02619300022631],[-80.26324700040655,34.02623900034821],[-80.2636599999601,34.026582999854014],[-80.26390699983232,34.02697299992278],[-80.26420899995611,34.0283009998476],[-80.26478600043951,34.02981300016645],[-80.26539099961369,34.03050100007389],[-80.26638099965066,34.03134900031742],[-80.26660099975868,34.03162399972829],[-80.26698499989824,34.0328380001698],[-80.26698499989824,34.033112999965475],[-80.2682779998839,34.03359399974978],[-80.26847000040284,34.03380099991342],[-80.26860699977189,34.03460299989932],[-80.2688550003673,34.03492300003872],[-80.26906000040674,34.035100000188194],[-80.27377899971452,34.03589899978289],[-80.27846100011075,34.03672199998407],[-80.27882699980866,34.03670600027063],[-80.27888500043328,34.03675299965292],[-80.2793389999947,34.03682899989766],[-80.27938800039851,34.03683700011534],[-80.27965100016425,34.036881000182596],[-80.28285300007875,34.03742200031138],[-80.287631999661,34.03821600021987],[-80.2906650004194,34.038722999675564],[-80.29493099999068,34.03943699963274],[-80.29882599984121,34.05005600036781],[-80.3014290004293,34.05715599987736],[-80.3033869998636,34.06249399963343],[-80.30324499957337,34.06322199991836],[-80.30338900041174,34.06338500026097],[-80.30374699971371,34.06378999968188],[-80.303844999623,34.0639019997938],[-80.30434099991554,34.06446500012068],[-80.30568099975687,34.06598600001501],[-80.30629000002733,34.06668499972504],[-80.30816700016908,34.0688410000711],[-80.31029700003084,34.07128699998885],[-80.3116240003517,34.072810000331984],[-80.3142859995927,34.07586700033006],[-80.31560700006577,34.07738400009259],[-80.31585099956493,34.077627000155395],[-80.31605700032758,34.07781599980497],[-80.31625499979596,34.07795200015395],[-80.31633599998682,34.07800099975022],[-80.31650000001837,34.07810000035133],[-80.3170160004024,34.07831399976709],[-80.31848900031311,34.07896999991259],[-80.3193179997933,34.07934000031],[-80.31965099987922,34.07948800031394],[-80.32037099957944,34.07975999988809],[-80.32073899982547,34.07992399964686],[-80.32105400036804,34.080064000260336],[-80.32165199986953,34.080325999681214],[-80.3217210003648,34.08035599979603],[-80.3249430003708,34.08040200029868],[-80.32749699965674,34.08043900023193],[-80.33101400011381,34.08048999983197],[-80.33594699968188,34.08056099967623],[-80.34207400039973,34.08064999976374],[-80.35056700008256,34.08081799992473],[-80.35249199990488,34.08084899983833],[-80.36082999977701,34.08098299983823],[-80.36124400005382,34.08098999963808],[-80.36284300036121,34.08101499966246],[-80.36941200004662,34.08112100024946],[-80.36962299993381,34.081118000340005],[-80.3719240003981,34.081094000316085],[-80.3721849996157,34.08109099966164],[-80.37479999989934,34.08070499987973],[-80.37874099978063,34.0807009999807],[-80.38050400011957,34.08170399999033],[-80.38518200031783,34.084367000025985],[-80.38527600002914,34.08442000009813],[-80.38677099968119,34.08519600017742],[-80.39011200041114,34.0868130002217],[-80.39261800001653,34.0880259998622],[-80.39564000000597,34.08948999995797],[-80.39690000037966,34.088454000063635],[-80.39731700013118,34.08811199988171],[-80.4055260001319,34.08136899984108],[-80.40872399984839,34.08229899965336],[-80.41055999998227,34.08304699982442],[-80.42217299956381,34.08777699978899],[-80.42657999960043,34.08957400023828],[-80.42928699994559,34.0906769999323],[-80.43026799976171,34.09107699980072],[-80.43774199999359,34.094490000268834],[-80.44353800027531,34.09713699963962],[-80.44888900031812,34.099579999834916],[-80.45036300005374,34.10025299972111],[-80.45079300022405,34.10041000027194],[-80.4511050003936,34.10052899998377],[-80.45390100042721,34.101587000089935],[-80.4544140004382,34.10178099992996],[-80.45866800031392,34.10347499974133],[-80.45880100038332,34.10352999990583],[-80.46210700005486,34.10491800025388],[-80.46649399999997,34.10676100008384],[-80.46926300026941,34.10792500011762],[-80.47010799964309,34.10827999972954],[-80.47195800002069,34.10905700013057],[-80.47411299999679,34.10987400018092],[-80.48131799971682,34.11262199988377],[-80.48096999956228,34.11686999972793],[-80.48061200026032,34.12123699997339],[-80.48029099986995,34.12515300033674],[-80.48029300041809,34.125503999760205],[-80.48035299979422,34.13152199981745],[-80.48034799977135,34.13828099981166],[-80.48036799986284,34.14279799968965],[-80.48034600012153,34.14323799987429],[-80.4803579998171,34.14324499972861],[-80.48035600016728,34.14338599964446],[-80.48035199996932,34.14356099998253],[-80.48031900035735,34.14518500019364],[-80.48030699976347,34.145772999891605],[-80.48029400024298,34.14641299991322],[-80.48023499979347,34.149404999834985],[-80.48021999972484,34.15015299998358],[-80.48021899989992,34.150227999687765],[-80.48011500014285,34.15542099983553],[-80.4800980004244,34.15628000018565],[-80.47998100024854,34.16219400009503],[-80.4799569999591,34.16340299976865],[-80.47988800036214,34.16706800010011],[-80.47985700039999,34.168695999670035],[-80.48081800012463,34.16805299999031],[-80.48194600025386,34.16729799998632],[-80.48198600043682,34.16727100005799],[-80.48634700044266,34.16434999994578],[-80.48967499985554,34.16212000036676],[-80.48969900014498,34.16210399981432],[-80.4897700002901,34.162026999993465],[-80.49019700008735,34.16172800008144],[-80.49030900024034,34.161648999651895],[-80.49044399995957,34.16155300021596],[-80.4922700000477,34.160254999821824],[-80.49705500037606,34.156856999731986],[-80.49708100031533,34.15683800021423],[-80.49980100018097,34.15504299965546],[-80.50198700011921,34.15370500013854],[-80.50422199956296,34.15201100000555],[-80.50678800034112,34.15016500023812],[-80.50679699966362,34.15015900011103],[-80.50738800039075,34.14976500025233],[-80.50754900004921,34.14965700036257],[-80.50762299966907,34.149606999981394],[-80.50768499959334,34.149566000196856],[-80.50837400022975,34.149104000016216],[-80.51029700040226,34.147814000220436],[-80.51301499971976,34.145990999693026],[-80.51305900010068,34.145960999801474],[-80.5145739998442,34.144945999919095],[-80.51460200033159,34.14492699995229],[-80.52238500035996,34.13971200028511],[-80.52910200018336,34.13521200028296],[-80.53572699994527,34.13061799996138],[-80.53599399990895,34.1304329997681],[-80.53834600042686,34.12880000023274],[-80.53837400001595,34.12878100035352],[-80.54360200003511,34.12515200014347],[-80.54597100027146,34.1235740002491],[-80.54608699972412,34.12349700025749],[-80.54936999982944,34.12124599989785],[-80.5495639999982,34.121112999924776],[-80.54962199972452,34.12107299994231],[-80.5497330000526,34.12099700014649],[-80.54974399992325,34.120988999694376],[-80.54975899999187,34.12097900024361],[-80.54987500034281,34.12089999963276],[-80.55225499955152,34.119264000347364],[-80.55600899983506,34.11668899962916],[-80.55678100031213,34.116157999861244],[-80.55685999995482,34.1161040000258],[-80.55826000007062,34.11514299977746],[-80.5621099997153,34.11263699979796],[-80.56821700034165,34.10847700027103],[-80.56945099987777,34.10763699983666],[-80.57103299956843,34.106559999844436],[-80.57626499978555,34.102986000128844],[-80.57652900027452,34.10277699990399],[-80.576549000366,34.102761000014965],[-80.5779369998879,34.10164599964739],[-80.57808099982796,34.101549000000176],[-80.57816399966863,34.10148999963123],[-80.57827199962368,34.10141400009134],[-80.57849799957947,34.10126100033103],[-80.57917600034521,34.100697000123326],[-80.5801100003057,34.09994899968368],[-80.58043099979774,34.09997199982258],[-80.58224799966504,34.100100999838894],[-80.58237700043478,34.1001099997808],[-80.58382500023114,34.10021100005499],[-80.58503500037612,34.10029700034078],[-80.58610599970564,34.10037300013998],[-80.5884680002693,34.10054099984536],[-80.59276700035086,34.100845999724534],[-80.59438699967636,34.10096099988138],[-80.59771099978958,34.101198000086804],[-80.59936299980043,34.101317000178184],[-80.59969800043451,34.10134099967623],[-80.60348799980474,34.10160900005584],[-80.60351000044436,34.1016419999939],[-80.60440300039694,34.10167100026696],[-80.61729300007063,34.10846900012207],[-80.61736599986557,34.10850700007915],[-80.61806299999955,34.10888599981336],[-80.61845200016198,34.109119999729664],[-80.61853300035284,34.10917000026359],[-80.61854199967536,34.10917600032566],[-80.61922100026601,34.10880699980667],[-80.61958500031409,34.108530999769236],[-80.61994900036215,34.10797800031559],[-80.62031300041023,34.107377000207876],[-80.62036500028876,34.107054999840386],[-80.62036500028876,34.106455999954974],[-80.6204170001673,34.105577000088196],[-80.62062499968145,34.10493000023695],[-80.62083300009391,34.10395700011521],[-80.62083300009391,34.10317100012141],[-80.62078100021537,34.102385000264704],[-80.62062499968145,34.101970999687225],[-80.6201569998763,34.1012310001852],[-80.61947900000887,34.100537000139646],[-80.61885499966981,34.10016900036804],[-80.61780899955633,34.09984700009201],[-80.61618599985779,34.09960500032099],[-80.61616800031445,34.099606000072455],[-80.61611499971269,34.09960900007076],[-80.61609799999425,34.099611000317516],[-80.61567799986967,34.09850800025121],[-80.61558800035631,34.097736999808006],[-80.61562599999115,34.09739499993574],[-80.61569799996118,34.09676400029201],[-80.61629499963773,34.09575199974679],[-80.61701500023628,34.09487300027356],[-80.61788700027246,34.093054000023855],[-80.61856400031499,34.091974000136595],[-80.61905300003653,34.091530999942805],[-80.61912699965636,34.091465000351945],[-80.62084099959151,34.09008400009767],[-80.6208959998431,34.09004000012006],[-80.621269000112,34.08987099979044],[-80.6215019997405,34.08976600035336],[-80.62253899963314,34.08956599979004],[-80.62266699967965,34.08954199992873],[-80.62279899992413,34.08951800006066],[-80.62314200005582,34.089465000203866],[-80.62324800036102,34.08944800015857],[-80.62340800019459,34.089424000263804],[-80.62356600037835,34.089398999746244],[-80.62367299961014,34.08938300030388],[-80.62442099979776,34.0892680000382],[-80.62480499993733,34.08937200022056],[-80.62552999966042,34.089453000259766],[-80.62992900019941,34.089945000293206],[-80.6309069996425,34.08989000022729],[-80.63114199981914,34.08980899986229],[-80.63242700030719,34.08936799998696],[-80.63284200040889,34.08904399978379],[-80.63288199969354,34.08901299989457],[-80.63380300013353,34.08776500034955],[-80.63384099976837,34.08771499981522],[-80.63478200029985,34.086174999697036],[-80.63571200006234,34.08488600007649],[-80.63605099999607,34.08422400003078],[-80.63626699990613,34.08365700031057],[-80.63652600037221,34.08298200026365],[-80.63658400009855,34.082174999822094],[-80.63656599965687,34.08210799967571],[-80.63640099980043,34.0814809997786],[-80.63616300014905,34.08022000033121],[-80.63615999977601,34.08020599985963],[-80.63614200023267,34.08019000016821],[-80.63567100005447,34.0797719997179],[-80.63553100031238,34.07964799990667],[-80.63526299962547,34.079272000161104],[-80.6351160002107,34.079066000142824],[-80.63445800043475,34.07867800006244],[-80.63414299989216,34.07854700013637],[-80.63365499999553,34.07834599985575],[-80.63189400020472,34.07792299993923],[-80.63076299970245,34.07772799972534],[-80.6301889995921,34.07761199998803],[-80.62922399966949,34.07741899982925],[-80.62885200012381,34.07738900016215],[-80.62831499982337,34.077345000284],[-80.62789600042204,34.07736699985389],[-80.6266040002613,34.077438000084136],[-80.62584699985281,34.07779300034257],[-80.6253530001084,34.078275999646046],[-80.625324999621,34.07831899978173],[-80.62481199961003,34.07912799975316],[-80.62480499993733,34.07913899967929],[-80.62474200018814,34.079593999836085],[-80.6245489998443,34.08100100006634],[-80.62452499955484,34.08118399981255],[-80.62440200042951,34.08144500026656],[-80.62420800026077,34.08185800009402],[-80.62414299996341,34.08190699966246],[-80.62340300017172,34.08246900017097],[-80.62310400042097,34.08265199972086],[-80.62281999984053,34.08282600007263],[-80.62251600006691,34.083014000076524],[-80.62234100016472,34.08305500014465],[-80.62207099982798,34.08311899970314],[-80.62130000007416,34.08315999972041],[-80.62106599972242,34.08308100025011],[-80.62052500012234,34.082899000088105],[-80.61950199957509,34.08230600008842],[-80.61913000002941,34.081739000173776],[-80.61911699961063,34.08073299991149],[-80.61920600019741,34.08029199963741],[-80.61930900012958,34.07979200017449],[-80.61980899972176,34.079186000091596],[-80.61989300028566,34.0790830000405],[-80.62001999960896,34.078930000094545],[-80.62014500018074,34.07877599987467],[-80.62022999967124,34.07867400006767],[-80.62054799968855,34.07828699968283],[-80.62059000041967,34.07823700024818],[-80.62136299982333,34.077025000279455],[-80.62143899999131,34.076907000284294],[-80.6216149997184,34.07674399991332],[-80.62171099997788,34.07667099980072],[-80.62212299970652,34.076357999664616],[-80.62299599956762,34.075697999987014],[-80.62330899956207,34.07536299989103],[-80.62366299956439,34.07498499964001],[-80.62395999966532,34.07466599969436],[-80.62419900003992,34.0744120002711],[-80.62459599969996,34.07353799978764],[-80.62477700034823,34.073141999915315],[-80.62480599976223,34.07307800025827],[-80.62484199974725,34.073036999824716],[-80.62487500025753,34.0730019997656],[-80.62509199999249,34.072759999896505],[-80.62517599965808,34.072668000238444],[-80.62548399962965,34.072328999770534],[-80.62568600019435,34.07211299996332],[-80.62579400014938,34.07199800005492],[-80.62660699973601,34.07133799989083],[-80.62742000022098,34.070822999776595],[-80.62750200023675,34.07077700002443],[-80.62816199966251,34.07041400010102],[-80.62841699993062,34.07027500000549],[-80.62875000001657,34.0701089999674],[-80.62921100014901,34.069880999967616],[-80.62983999961263,34.06968800005289],[-80.63044499968514,34.06913900027025],[-80.6309369997797,34.06869500030016],[-80.63095299967326,34.06868100015602],[-80.6311669999335,34.06823800014013],[-80.63091599986332,34.067567999896326],[-80.63037400043834,34.06717100026095],[-80.62944600032566,34.06665299969605],[-80.62897699979727,34.066620999654994],[-80.6278589997138,34.06654600020901],[-80.6264080004427,34.06629399979835],[-80.62480599976223,34.066089000364336],[-80.62364599984596,34.06573099971693],[-80.62245599979246,34.06473600014463],[-80.62106499989751,34.0639109998628],[-80.61967700037559,34.063286999759306],[-80.6194949999024,34.06324199981747],[-80.61849599964461,34.062996000358226],[-80.61743799983559,34.06280500001638],[-80.61618099983492,34.06295199970206],[-80.61612200028371,34.0629759996569],[-80.61595499987912,34.06304199986976],[-80.6157060003571,34.06314100009265],[-80.61545600011183,34.0632400001999],[-80.61529000043048,34.06330600020714],[-80.61513499972146,34.06336700001029],[-80.6148900003974,34.0634659998535],[-80.61465900041873,34.06350399992045],[-80.6144960002121,34.06353100025144],[-80.61424000011907,34.06357399968586],[-80.61354999965775,34.063544999758186],[-80.61318099958682,34.063443999650296],[-80.61304599986761,34.063407999914254],[-80.61271799980454,34.06310800003121],[-80.61256600036688,34.06281800020137],[-80.61227400028885,34.06221700021222],[-80.61233200001516,34.06130399994113],[-80.61291699999616,34.06060300007195],[-80.61336700025797,34.06022399998377],[-80.61407799973736,34.0596260001307],[-80.61434899989902,34.059346000329725],[-80.61435800011984,34.05933600029315],[-80.61451100028071,34.0591780000051],[-80.6145520002886,34.05893099968064],[-80.61461500003779,34.05855200030208],[-80.61448600016635,34.057941999871964],[-80.61420099976101,34.057655999725185],[-80.6138690003983,34.057323999744426],[-80.6135949998636,34.05688999996501],[-80.61346900036521,34.05668999991205],[-80.61273899972093,34.05616299988287],[-80.61233700003804,34.05617399981388],[-80.61207900029518,34.05618199969515],[-80.61183599972262,34.05625599986342],[-80.61119300001529,34.05645199989647],[-80.61094600014309,34.056528000349324],[-80.60961600034747,34.05731199971183],[-80.60943999972207,34.05743199996159],[-80.60897199991693,34.057755000285944],[-80.60887999985542,34.05780099966519],[-80.60871499999898,34.05788399987339],[-80.60836600001953,34.05806199997403],[-80.60821100020883,34.058115000132474],[-80.60803700013156,34.05817700019154],[-80.60747700026491,34.0583730002479],[-80.60712999993527,34.058310000093144],[-80.60694800036039,34.058276999638984],[-80.60641600008283,34.05798199992487],[-80.60625899972399,34.057508999784275],[-80.60644500039515,34.05676699966459],[-80.6067230002295,34.05636800025675],[-80.60694800036039,34.056178000126735],[-80.60767100043365,34.055567999729334],[-80.60776699979482,34.05548500023026],[-80.60810900010159,34.05529899996383],[-80.60947300023236,34.05456100023833],[-80.6099279996187,34.05431599968443],[-80.61022800009268,34.05415400005022],[-80.61111199982443,34.053455999987804],[-80.61143400003971,34.05320299980009],[-80.61195399972338,34.052561000182614],[-80.61256899984163,34.05177300027114],[-80.61262599974303,34.051044999892724],[-80.61257399986451,34.050140000307636],[-80.61233399966498,34.049667000323204],[-80.61211699993,34.04923899989006],[-80.61121999977946,34.048945999938994],[-80.61118200014462,34.048925999643764],[-80.6111300002661,34.048900000220506],[-80.61105200044828,34.04886200030482],[-80.61097399973217,34.04882300002102],[-80.61092299967854,34.04879699982189],[-80.61023999978825,34.04845199997444],[-80.60979700009744,34.04810500023717],[-80.60884600041855,34.0473589996961],[-80.6083919999588,34.04672600014607],[-80.60785800003141,34.04619400027852],[-80.60784600033584,34.04518799999933],[-80.60780600015286,34.04495599984702],[-80.60758400039502,34.0436480001634],[-80.60755799955744,34.04356999999215],[-80.60748099956454,34.04333900029522],[-80.6074560003485,34.04326200025644],[-80.60734599984534,34.043039999772546],[-80.60705600031544,34.0427420001072],[-80.606963000429,34.04264700008619],[-80.60530399984714,34.04181499987612],[-80.60512499974699,34.04172599993674],[-80.60471100036851,34.04152000019548],[-80.60393100039384,34.04113200014073],[-80.60320499994752,34.040770999936576],[-80.6016340001275,34.03988700003354],[-80.60103900010074,34.039551999805106],[-80.60095200006212,34.03938599988829],[-80.60070699983974,34.03891800031993],[-80.60064699956527,34.03820800013223],[-80.60061200030349,34.03777799970813],[-80.60072100008344,34.03673699994531],[-80.6010359997277,34.03592999975248],[-80.6020840003893,34.0352489998049],[-80.60220200039008,34.03520999996046],[-80.60325600000114,34.03486899975556],[-80.603373000177,34.03480800029042],[-80.60350500042149,34.034739000366564],[-80.6037039997148,34.0346359998904],[-80.6039010002566,34.034532000258444],[-80.604034000326,34.0344630001101],[-80.60430499958933,34.03432200031226],[-80.60456700042847,34.03380099991342],[-80.60463600002544,34.03366299986046],[-80.60525600016656,34.032434999882184],[-80.60596400017121,34.03154800003166],[-80.60625600024926,34.0311850003555],[-80.60656099984777,34.03089299963856],[-80.60683700003231,34.03062799979315],[-80.60745999964814,34.03003299987792],[-80.60763100025069,34.02980400019991],[-80.60786200022936,34.0294989998609],[-80.6080189996899,34.0292899999499],[-80.60817199985078,34.02867600031503],[-80.60821299985865,34.028515999782236],[-80.6079979997735,34.02754599986514],[-80.60669100044244,34.02681999970855],[-80.60666299995503,34.02682499978317],[-80.60578699972088,34.027000999839665],[-80.60563799975796,34.02703200008255],[-80.60545100016023,34.0270729996899],[-80.60444799970448,34.02729899971217],[-80.60411399979363,34.0273750002367],[-80.60377599968483,34.027451999807276],[-80.6034860001549,34.02736099996889],[-80.60304299956582,34.02722399972539],[-80.60221999993344,34.02635999977278],[-80.60218099957537,34.02606900019443],[-80.60209600008487,34.02542500014082],[-80.60209100006199,34.02539300017254],[-80.60208699986404,34.02535500014801],[-80.60212100019923,34.025307999663106],[-80.6021399995675,34.025283000329175],[-80.60241400010219,34.02491700024356],[-80.60284599992231,34.024340999987785],[-80.60344400032211,34.02408000012038],[-80.60386400044669,34.02389799981485],[-80.60450200013113,34.023621000126646],[-80.60593499985889,34.02372900008574],[-80.60609600041569,34.023752000073046],[-80.60665600028234,34.02383600000618],[-80.60865399989962,34.02462199987192],[-80.6101169997646,34.024809000307286],[-80.61281200041418,34.0249650000884],[-80.61458499990056,34.02506799964837],[-80.61508200001802,34.0249149997221],[-80.61515099961498,34.0248949997162],[-80.61547000035553,34.02445599977727],[-80.61529600027826,34.02366199989293],[-80.61541900030193,34.02248499986988],[-80.6154619999596,34.02203199971943],[-80.61559699967883,34.021537000173176],[-80.61591700024428,34.02082699971722],[-80.61762799980639,34.0183309997501],[-80.61866300004917,34.01667800028736],[-80.62002700017996,34.01535700017938],[-80.62099899977527,34.014591000350165],[-80.62119200011911,34.01444000017683],[-80.6222399998824,34.01379299969247],[-80.62345300040042,34.013444999632334],[-80.62383099979388,34.01343700018763],[-80.62480699958715,34.013415999687005],[-80.62520099977245,34.01353400019857],[-80.62612399986226,34.0138130000805],[-80.62669499959956,34.01350700032947],[-80.62749700021386,34.01311300007699],[-80.62804899968461,34.01188699991724],[-80.62803299979107,34.01157100021469],[-80.62801100004977,34.01113700012499],[-80.62785700006397,34.010195999973874],[-80.62785299986601,34.01017099991234],[-80.62779199976664,34.00980400012758],[-80.62775199958368,34.00955500033014],[-80.62743299974144,34.00868300008948],[-80.6274290004418,34.0086730000365],[-80.62729999967206,34.008319000082885],[-80.62729299999937,34.00830100005844],[-80.62723799974778,34.008149999868586],[-80.62718199967128,34.007995999891506],[-80.62708200011218,34.00769599983063],[-80.62703199988347,34.00754500005431],[-80.62677699961533,34.00677700028638],[-80.62667500040641,34.00654999987936],[-80.62587000031736,34.004742000363954],[-80.62528500033635,34.00370400013514],[-80.6255139997669,34.00311100018064],[-80.62591399979996,34.00297300012102],[-80.62612300003735,34.00290200008394],[-80.62664500026916,34.00285499982753],[-80.62718699969416,34.00300900019056],[-80.62821299971613,34.00363199982524],[-80.62862600016801,34.003883000134216],[-80.62986300007717,34.004716000059695],[-80.63165099963216,34.005848000092236],[-80.63274299977638,34.00673800001687],[-80.63433000038822,34.00768400022316],[-80.63449400041976,34.0077609997848],[-80.63493600028562,34.00796799966258],[-80.6359899998967,34.008034000240606],[-80.6369060003138,34.007727999768484],[-80.63711100035323,34.00765900016673],[-80.63726699998884,34.007607999939395],[-80.63740900027906,34.007144999847306],[-80.63747200002825,34.006939000297656],[-80.6375819996331,34.00658200024904],[-80.63765399960313,34.00635000027444],[-80.6375389999754,34.00553499986232],[-80.63751100038631,34.00548899969084],[-80.63732200024042,34.005168000148146],[-80.637265000339,34.00507100026105],[-80.63718199960002,34.00492899991177],[-80.63703699983506,34.004841000132046],[-80.63695700036745,34.00479300007835],[-80.63694200029882,34.00478399969291],[-80.63679900018369,34.00469800001626],[-80.63652399982406,34.00453199968403],[-80.63640300034857,34.00440099986573],[-80.63629000037066,34.00427900028527],[-80.63628299979966,34.004272000108664],[-80.63622500007334,34.00420899998293],[-80.63615800012619,34.004172000289195],[-80.6357079998644,34.00392600002369],[-80.63555800007656,34.003845000161775],[-80.63553999963489,34.00383500028379],[-80.63550000035026,34.003813000250204],[-80.63549299977925,34.00379999995686],[-80.6354839995584,34.003782999856725],[-80.63498800016418,34.00286800026546],[-80.63490199995044,34.0019800003176],[-80.63537399995354,34.001468000213954],[-80.63539300022012,34.0014479998971],[-80.63632399980754,34.00127199973562],[-80.63710700015527,34.00116800017966],[-80.63784199992409,34.00089499999466],[-80.6388570000754,34.00061399976905],[-80.63883699998394,34.000366000014104],[-80.63928700024574,34.00008199972981],[-80.6400529999767,33.99984199989255],[-80.6400889999617,33.9998310001041],[-80.64029599965096,33.99973599970514],[-80.64077500022506,33.99952499986574],[-80.64098600011226,33.99943299969055],[-80.64133799956646,33.99938599974879],[-80.6414460004198,33.99937200007796],[-80.64155299965161,33.999357000215355],[-80.64177199993473,33.999326999737505],[-80.64206999986055,33.99928700032502],[-80.64230000001432,33.99928799977068],[-80.64242399986288,33.999288999960974],[-80.64254900043468,33.999290000151284],[-80.64271799959076,33.99929100034161],[-80.64299899979815,33.99939499996148],[-80.64315899963172,33.99945399992553],[-80.6433190003636,33.999514000036235],[-80.64358499960407,33.99961199975361],[-80.64471699993125,33.999925999652056],[-80.6447410002207,33.99992400003112],[-80.64558399994458,33.99986700001584],[-80.64575800002183,33.99982199993761],[-80.64581800029632,33.99980599997023],[-80.64590899963459,33.99978300019804],[-80.64599900004626,33.99975900023479],[-80.64606000014564,33.99974399969584],[-80.64637899998785,33.999662000128204],[-80.64639900007936,33.99960099993538],[-80.64659800027098,33.999008999829414],[-80.64665799964712,33.99845800008856],[-80.64670200002804,33.99806800009337],[-80.64671399972363,33.99796000025937],[-80.64658999987506,33.99765100010008],[-80.64626099998709,33.99683399993563],[-80.64593799994688,33.99653299969759],[-80.64565799956442,33.996271999988764],[-80.64561599973163,33.99623300010892],[-80.64545000005027,33.996077999894005],[-80.64492600016862,33.9959690002798],[-80.64491299974983,33.99597099999383],[-80.64334699995268,33.9962500002306],[-80.64263800012311,33.99643299970414],[-80.64200999958611,33.996596999780564],[-80.64188900011058,33.996562999672655],[-80.64115199979364,33.99635699977939],[-80.64050099969037,33.99565799986029],[-80.64024200012258,33.99528900019196],[-80.63958599999647,33.994351000214365],[-80.6392570001085,33.99341200004859],[-80.63919500018422,33.99190099964764],[-80.63938199978197,33.99067500013907],[-80.64001500034189,33.990105000264684],[-80.64073800041515,33.98984999974946],[-80.64114000009805,33.989709000327736],[-80.64239899974852,33.98953900002186],[-80.64285599968302,33.98941599964549],[-80.64300899984389,33.98937499972871],[-80.64323999982257,33.989314999905716],[-80.64347099980125,33.98925300016825],[-80.64362499978705,33.989212999737],[-80.64396899974362,33.98912100031225],[-80.6443610002791,33.98858199982744],[-80.64432899959372,33.9881849999206],[-80.6443179997231,33.98804099974747],[-80.64420399992028,33.98786399979001],[-80.64413100012533,33.987751000251436],[-80.6440940003154,33.98769400026233],[-80.64398399981225,33.9875230000658],[-80.64390599999443,33.98746999975203],[-80.64387800040534,33.98744700036453],[-80.6437760002981,33.987361000267775],[-80.64342200029577,33.98708799966126],[-80.6433610001964,33.98704100033871],[-80.64236000028879,33.98667100015236],[-80.64217899964049,33.98659499968918],[-80.64176699991185,33.986424000260705],[-80.6416089997281,33.98635900036594],[-80.64131300035042,33.985811999683044],[-80.64121899974077,33.98563799986065],[-80.64126700031966,33.98473299988589],[-80.64120799987012,33.98381999995856],[-80.6411500001438,33.98346900035533],[-80.64112599985435,33.98331900035018],[-80.64080299981416,33.982766999779884],[-80.64056900036076,33.98256599966163],[-80.64018000019833,33.98223000000347],[-80.63982399964786,33.982027999711605],[-80.63955699968416,33.98187600009742],[-80.63951700039951,33.98185299994099],[-80.63946399979774,33.98182200033565],[-80.63939900039873,33.98178499983078],[-80.63936099986557,33.981763000046364],[-80.63930700033721,33.98173300006029],[-80.63842299970715,33.98125100027288],[-80.63773300014415,33.98068999972278],[-80.63677400006934,33.97990899978847],[-80.6359489998888,33.9792990000815],[-80.63586699987306,33.97925900017982],[-80.63493000043785,33.97880799974387],[-80.6349129998211,33.978802999821426],[-80.63489500027775,33.978797000212026],[-80.634264000266,33.978609000070776],[-80.63367799956175,33.97843499965675],[-80.63258399976772,33.97808200003017],[-80.63238299992626,33.97801000035478],[-80.6320620004342,33.97789599993697],[-80.63183300010535,33.97779299977439],[-80.63178799989952,33.97774599978165],[-80.63178000040192,33.97773799995465],[-80.63150699969212,33.97745800032089],[-80.63093400030499,33.97679700005999],[-80.63053900029477,33.97597100007266],[-80.6304420002104,33.97576599989528],[-80.63055900038627,33.97487400010611],[-80.63067200036417,33.97422300025413],[-80.63080500043355,33.9734280002868],[-80.63079299983967,33.97253500004884],[-80.63080500043355,33.97158600027222],[-80.63108800029076,33.97029299993676],[-80.63134600003363,33.9696359997717],[-80.63141899982858,33.96955100007577],[-80.63200299998466,33.96887999991429],[-80.632801000401,33.968159999975015],[-80.6329269998994,33.967969999781594],[-80.63293399957207,33.96796099996584],[-80.63297799995301,33.9678929999196],[-80.63305199957286,33.96778200028611],[-80.6331319999388,33.96766100009773],[-80.63317100029687,33.967603000229595],[-80.63318299999243,33.967583999955906],[-80.63319300003816,33.967567999879016],[-80.63320300008391,33.96755500000054],[-80.6332240000003,33.967522000013645],[-80.63323499987096,33.96750699974441],[-80.63327199968089,33.96744799995127],[-80.63338200018406,33.96696700021141],[-80.63331400041199,33.96684600035354],[-80.63314799983232,33.96654899976945],[-80.63253899956189,33.96610599989095],[-80.63165099963216,33.965624000170386],[-80.63142600039957,33.965502000049064],[-80.63102299999345,33.96537300009681],[-80.63100299990197,33.96536599969532],[-80.63003899980427,33.96505899993253],[-80.62894199963719,33.96471000006254],[-80.62820400039362,33.9648240002779],[-80.62736499996939,33.96534800025673],[-80.62726500041029,33.96545499996781],[-80.62657900014692,33.966199000218225],[-80.62616800024318,33.96664599967539],[-80.62607199998372,33.96675799987468],[-80.62550999956893,33.967418000129086],[-80.62480599976223,33.96784099984756],[-80.6242900002765,33.968101999702206],[-80.62394799996974,33.96827599965698],[-80.62357700024899,33.96827899983291],[-80.62341599969218,33.96827599965698],[-80.62329299966855,33.968274000036324],[-80.6229579999328,33.968144999818364],[-80.62280899996988,33.96808800009283],[-80.62278600040365,33.968079000289556],[-80.62206900017817,33.96782099981137],[-80.62018799983845,33.967142999900474],[-80.61991400020206,33.96707099990236],[-80.61919799980147,33.96688600013472],[-80.61917799971,33.966879999684494],[-80.61884200014933,33.9667929998136],[-80.61875000008783,33.96677000004696],[-80.61830099965094,33.9666529999716],[-80.61806600037262,33.96659199992576],[-80.61783500039392,33.966530000005335],[-80.61749999975986,33.96644400035334],[-80.61734599977407,33.96632000025152],[-80.61711399997048,33.966133999759826],[-80.61688700018976,33.965950999864525],[-80.61673499985379,33.965827999628104],[-80.61575999988546,33.96547200028552],[-80.6157280000984,33.96526799997397],[-80.61528799988236,33.96242199965497],[-80.61580799956602,33.96179400022198],[-80.61584299972611,33.961785999639275],[-80.61672800018111,33.96159999966389],[-80.61705700006908,33.96168699963088],[-80.61761000026303,33.96183599991581],[-80.61765499957056,33.96184800003743],[-80.6185099998883,33.96275100023361],[-80.61888700035517,33.96295700036707],[-80.61899399958699,33.96301600029534],[-80.61942499958221,33.96315199993616],[-80.61957500026834,33.96319999966984],[-80.61977899958451,33.96302200027311],[-80.62029300031875,33.96257499965206],[-80.62052699977217,33.9620169999559],[-80.62069400017673,33.96162300008344],[-80.62078799988808,33.96139800027938],[-80.62098100023192,33.960917999751565],[-80.62110300043064,33.96061699972927],[-80.62083599956864,33.95947200031739],[-80.62039000040312,33.95882899966004],[-80.62031300041023,33.958717000196955],[-80.61985700030064,33.9584589996353],[-80.61975799966812,33.95844400000313],[-80.61974000012478,33.958442000151265],[-80.61940700003886,33.95839200011524],[-80.61862700006418,33.958278000221156],[-80.61835199970457,33.95826600034107],[-80.61804600028113,33.958253999714174],[-80.61801799979372,33.95821600020155],[-80.61782100015023,33.957942999890335],[-80.61773599976141,33.95782499966205],[-80.61773999995937,33.95724699981678],[-80.61789599959499,33.95700799967305],[-80.61808100044122,33.95672800033421],[-80.61812400009893,33.95666300008974],[-80.61817500015256,33.95658700037148],[-80.61831700044277,33.9565849997309],[-80.61839500026058,33.956583999783156],[-80.61880199996635,33.95657700014858],[-80.61891999996713,33.95657500025288],[-80.61998199997413,33.95677100023931],[-80.62000700008848,33.956777999857934],[-80.62040000044888,33.956891000327516],[-80.62077299981947,33.95699800024475],[-80.62093799967589,33.95704599972519],[-80.62146599975549,33.957451999928935],[-80.62177600027522,33.95755899988582],[-80.62183700037457,33.95758000003562],[-80.62212699990448,33.95772700019418],[-80.62229199976093,33.95781099985139],[-80.62235500040845,33.95777999967709],[-80.62296600032872,33.95748899984569],[-80.62300300013864,33.957409000368],[-80.62311100009366,33.9571780002059],[-80.62317899986573,33.95703199978639],[-80.62330500026242,33.956763999875044],[-80.62337999970717,33.95659200010996],[-80.62344500000451,33.95644500022571],[-80.62362300027974,33.95603999964161],[-80.62320800017804,33.955529999889436],[-80.62319399993434,33.95552000028743],[-80.62264699958816,33.95510700005061],[-80.62128400018061,33.95468099968892],[-80.62046599967279,33.954369000243425],[-80.62026800020438,33.954068000150315],[-80.62010300034795,33.953818000236446],[-80.62044899995436,33.953078999692764],[-80.62046200037315,33.953052999976194],[-80.62063899992516,33.95286900026492],[-80.6210420003313,33.952455999828615],[-80.62131699979258,33.95244399987259],[-80.62160200019794,33.95243199991486],[-80.62190400032172,33.95241899995876],[-80.62200999972862,33.952414999971836],[-80.62280700032004,33.952309000250565],[-80.62282300021359,33.95230700025457],[-80.62311000026877,33.952303000262376],[-80.62313399965988,33.952303000262376],[-80.62338899992801,33.95229500027752],[-80.62389799974103,33.95228200030043],[-80.62422800035223,33.952254000343174],[-80.62449100011798,33.95223200037021],[-80.62450700001149,33.952230000372396],[-80.62480900013529,33.95220199965286],[-80.62547699995697,33.951900000088365],[-80.62563299959258,33.95178499968871],[-80.62610899979364,33.951435999759816],[-80.62696499993629,33.95089100022372],[-80.6275120002825,33.95035400034612],[-80.6279929996081,33.94954899978049],[-80.6281180001799,33.94918799995403],[-80.62826100029501,33.948780999774804],[-80.62817900027926,33.94798699977155],[-80.62817000005842,33.94790700030276],[-80.62815800036286,33.947788000264524],[-80.62814499994406,33.94766699995481],[-80.62813700044647,33.9475880002387],[-80.62812800022563,33.94746400022516],[-80.62803899963887,33.94709299990503],[-80.62801000022485,33.94696999997627],[-80.62787499960733,33.94642500015859],[-80.62782699992677,33.94593199991405],[-80.62779699978952,33.94562399999746],[-80.62795800034631,33.94492600034426],[-80.62828200021143,33.94393500002006],[-80.62848600042592,33.94347700010135],[-80.62870499981072,33.94291999972209],[-80.62886299999447,33.94251900005854],[-80.6290200003533,33.94191400032734],[-80.62903500042192,33.94185600004716],[-80.62904499956935,33.94181300005813],[-80.6290479999424,33.94180300033483],[-80.62905499961508,33.94177600003282],[-80.62904399974444,33.94174100023576],[-80.62899000021608,33.94158099991563],[-80.62896900029968,33.941518999654875],[-80.62893699961431,33.941421000040116],[-80.62891800024606,33.94136200004272],[-80.62888999975864,33.941271999778415],[-80.62881299976576,33.94122300021563],[-80.62876199971214,33.94118999970324],[-80.62844600024295,33.94098700017704],[-80.62808499966961,33.940942000231225],[-80.62798199973746,33.94093000014226],[-80.62747399974933,33.941135000063014],[-80.62678500001124,33.94160100015842],[-80.62615399999949,33.94197699967461],[-80.62594200028738,33.942103999837634],[-80.62548100015493,33.942275999820914],[-80.62540499998696,33.9423040000799],[-80.62524400032846,33.942365999769],[-80.6251830002291,33.942398999825464],[-80.625112000084,33.94243799980797],[-80.62497599964153,33.942513000125416],[-80.6248099999602,33.94260600015899],[-80.6245429999965,33.9425359997425],[-80.62439300020867,33.94249799991817],[-80.62437899996497,33.942495000323575],[-80.62407799966608,33.942414000050164],[-80.62378499976313,33.942336000045294],[-80.62311199991858,33.942354999995715],[-80.62278700022857,33.94236499965418],[-80.62248299955665,33.942376000171365],[-80.6222120002933,33.942386999941874],[-80.62157299988561,33.94243299998317],[-80.62127099976182,33.942455000253354],[-80.62125800024135,33.94245600036712],[-80.62085200036047,33.94248299970827],[-80.62080100030686,33.94247500029082],[-80.6201569998763,33.9423859998273],[-80.61968300022336,33.94187999996234],[-80.6196570002841,33.94181400017944],[-80.61948300020684,33.94137699970488],[-80.6194670003133,33.941337999981506],[-80.61944399984877,33.94127899992659],[-80.6194959997273,33.94124799969189],[-80.61953199971232,33.94122800011143],[-80.61978899963029,33.94107999964193],[-80.62016299972409,33.94086599988781],[-80.62050300038102,33.94055800027251],[-80.62072299959074,33.940358999792984],[-80.62079600028399,33.94029300032146],[-80.62087199955366,33.94025199982223],[-80.62136399964824,33.93999299977513],[-80.62152799967977,33.93990800027279],[-80.62165099970342,33.939842999850825],[-80.62250600002118,33.939105000339225],[-80.6227479998705,33.93848100012965],[-80.62283999993201,33.93770299992429],[-80.62277800000774,33.936646999854105],[-80.62229000011111,33.93606699963838],[-80.62173899956696,33.93596400025096],[-80.62156100019004,33.93593099993607],[-80.6207069996972,33.93592599972913],[-80.62051900027456,33.93605100034232],[-80.6205080004039,33.93605699998554],[-80.6201640004473,33.936277000275574],[-80.62008599973119,33.93660700001748],[-80.62000999956321,33.93693699997098],[-80.61961899975097,33.93740699988753],[-80.61890800027157,33.93828400033789],[-80.61876500015644,33.938368999971054],[-80.61824100027481,33.938683999669],[-80.61812800029688,33.93860700013202],[-80.6179809999838,33.938504000090795],[-80.61758699979849,33.938225999820546],[-80.61753800029301,33.938197000292355],[-80.61738500013215,33.9381050000789],[-80.61675499994529,33.93751499987917],[-80.61661900040117,33.93738700015009],[-80.61671599958721,33.93642699977475],[-80.61727200015422,33.935742999704935],[-80.61773300028669,33.93543699983654],[-80.61829599962806,33.93506499981616],[-80.61840899960596,33.93503300009913],[-80.61847700027634,33.93501500020644],[-80.61877299965404,33.93493800033268],[-80.6191910001288,33.93483000005363],[-80.61964399986532,33.93465600026827],[-80.6199300000956,33.93454700017018],[-80.62014299963259,33.934466999995735],[-80.62019299986132,33.93444000034848],[-80.62094699989673,33.93403999971274],[-80.62110099988251,33.933959000339065],[-80.6211999996167,33.93391099976291],[-80.62126499991403,33.933879999826736],[-80.62136399964824,33.933834999851236],[-80.62146099973263,33.93378800016608],[-80.62152699985485,33.9337579996558],[-80.62222200033904,33.93379599965447],[-80.62233299976882,33.93384599997995],[-80.62328400034602,33.93427900025891],[-80.62406000012275,33.934633000013015],[-80.62459700042317,33.9347889999049],[-80.62478599967075,33.93484399991809],[-80.62480800031038,33.93484999964635],[-80.62484599994521,33.934825999985435],[-80.62508199994676,33.93467999997711],[-80.6253170001234,33.93453399971838],[-80.62591499962488,33.93416299969089],[-80.62677900016347,33.933740000238856],[-80.62761199984159,33.93356800015328],[-80.62793099968383,33.93365199980516],[-80.6285559998478,33.93381699970529],[-80.62862000032023,33.933830999736294],[-80.6290200003533,33.93391499987408],[-80.62981899969624,33.93408299990103],[-80.63022100027746,33.93400199982295],[-80.63032199966148,33.93398200003105],[-80.63052300040127,33.93375000016384],[-80.63054199976952,33.93372699966387],[-80.63056699988387,33.933699999781986],[-80.63055400036339,33.933647000209724],[-80.63054699979239,33.93361799986736],[-80.63050699960941,33.93345699971427],[-80.63038899960863,33.93297600011507],[-80.63038100011103,33.93294000020153],[-80.63031900018674,33.93282899968929],[-80.63022799995015,33.93266700005181],[-80.63007700033741,33.93239699972272],[-80.62985600040449,33.93229400036811],[-80.6296889999999,33.93221600003591],[-80.62930099966238,33.93203399972822],[-80.62867300002367,33.9317410000826],[-80.62812400002767,33.93152399998012],[-80.62772700036764,33.93136699982581],[-80.62698900022575,33.9310759998709],[-80.6262889997187,33.9305620000802],[-80.6262329996422,33.930149999745375],[-80.62620000003024,33.92989900012924],[-80.6266119997589,33.92921499979951],[-80.62738300041104,33.92842899991475],[-80.62814300029424,33.927835999645886],[-80.62911700043769,33.92703499975693],[-80.62985899987922,33.92625599977269],[-80.63052599987599,33.925854000331476],[-80.63072400024271,33.92573600033928],[-80.63162600041612,33.92540300001674],[-80.63236299983478,33.925109000348925],[-80.63240200019283,33.92502600004354],[-80.63245999991915,33.924900999646546],[-80.6325469999578,33.92471599988513],[-80.63263399999641,33.9245289998188],[-80.63269199972275,33.92440499976365],[-80.63271799966202,33.92435200037036],[-80.63258700014077,33.92387600020614],[-80.6325129996226,33.92360699992363],[-80.63183499975517,33.92286800024272],[-80.6315820000352,33.92258900001559],[-80.63126200036804,33.92223399979228],[-80.63121499961407,33.92217699987685],[-80.63109400013856,33.922030999801855],[-80.63078399961884,33.92165700014303],[-80.63077600012124,33.92157400020143],[-80.63076000022772,33.92138600033105],[-80.6307319997403,33.92105900010342],[-80.63106800019929,33.920333999951],[-80.63139999956199,33.91978300030098],[-80.63149099979859,33.919634000196154],[-80.63224900003196,33.919098000351084],[-80.63311299967222,33.91868399968975],[-80.63376299995056,33.91842899973987],[-80.6340680004474,33.917890000053085],[-80.63409299966344,33.91733300003627],[-80.63381800020214,33.91679800029528],[-80.63338100035914,33.91615799985018],[-80.63282599961705,33.91553899990095],[-80.6322249997425,33.91481800000702],[-80.6320330001219,33.914686999885305],[-80.63145700036172,33.91429699964529],[-80.63143399989717,33.91428099998732],[-80.63126099964482,33.91417499975426],[-80.63119000039804,33.914131999952694],[-80.63055199981525,33.91374299986021],[-80.62984600035873,33.913065000042536],[-80.62931900010405,33.91222800021707],[-80.62922100019475,33.91207100028376],[-80.62862299979496,33.91066899993675],[-80.62818400030211,33.909629999729596],[-80.62762799973511,33.90869099992016],[-80.62689399979119,33.907616999803906],[-80.62574399992064,33.906555999825734],[-80.6245289997528,33.90551599963353],[-80.62450700001149,33.90549699966614],[-80.62399800019847,33.903569999696565],[-80.62402199958959,33.90285200019564],[-80.62403800038145,33.902798000237894],[-80.62406099994766,33.90272499966075],[-80.62411700002416,33.90254000021628],[-80.62425599994133,33.9020869998413],[-80.62449500031593,33.90184999963417],[-80.62468699993654,33.90166099964798],[-80.62480800031038,33.90154400029869],[-80.62495999974803,33.90137499962965],[-80.62538200042073,33.90091000001299],[-80.62567000030081,33.90042900007571],[-80.62572499965408,33.90033799994358],[-80.62580900021798,33.900061000246275],[-80.62587100014228,33.89985500002524],[-80.62593499971636,33.89964499982327],[-80.62588799986071,33.8992219997317],[-80.62588200001294,33.899159999954406],[-80.62584799967773,33.89901200020758],[-80.62579800034734,33.89878800034403],[-80.62574399992064,33.89854499986654],[-80.62551499959181,33.89817999977191],[-80.62534200023775,33.89801699997673],[-80.62532700016915,33.89800300002555],[-80.62528500033635,33.89796299993933],[-80.62527100009265,33.897949999869965],[-80.62516099958948,33.897846999881345],[-80.6250779997488,33.89778800027342],[-80.62480800031038,33.89759400001097],[-80.6245489998443,33.897260000170114],[-80.6243949998585,33.89706199984776],[-80.62413600029073,33.896728000160074],[-80.62384800041065,33.89635599963332],[-80.62319700030739,33.89589599980875],[-80.62294500041233,33.895718999795484],[-80.62285500000063,33.89564900036713],[-80.62257399979322,33.89554200016052],[-80.62173400044243,33.89522300007185],[-80.62145400005993,33.895117000000305],[-80.62127999998265,33.89512799990832],[-80.62114799973818,33.89512999975589],[-80.62056299975717,33.89513899981491],[-80.62025300013578,33.89525599975067],[-80.61996799973042,33.89536500015813],[-80.61989199956244,33.89539300017878],[-80.61977899958451,33.89543699965997],[-80.61966499978172,33.8954799999445],[-80.61959000033697,33.895508999846705],[-80.61954199975806,33.89551500010803],[-80.61920199999943,33.89555800035321],[-80.61869400001133,33.89562300026653],[-80.6181850001983,33.895687000213044],[-80.61784600026459,33.89573100028822],[-80.6178329998458,33.89572699987561],[-80.61779699986079,33.89571799987859],[-80.61778500016521,33.89571500012793],[-80.61757599992784,33.89566000020652],[-80.6170300003049,33.89551899978497],[-80.61698199972601,33.89545299987243],[-80.61685700005253,33.895279000197085],[-80.61648399978364,33.89476300010104],[-80.6154040002333,33.89326400005538],[-80.61537900011895,33.89320800009827],[-80.61512300002592,33.892627000238086],[-80.61508600021598,33.892542999661295],[-80.61506799977433,33.892261000209075],[-80.6150660001245,33.89223199994811],[-80.61504500020811,33.891886999661224],[-80.61530399977586,33.89127999981719],[-80.61532999971514,33.891220000170485],[-80.61535499982949,33.891160999706216],[-80.61538300031691,33.89109400017844],[-80.61553399992964,33.89074099996121],[-80.61554999982316,33.890732000183725],[-80.61632200030024,33.89031499975836],[-80.61659599993662,33.89016800030265],[-80.61774599980714,33.88942800001688],[-80.61858400040647,33.88897500008215],[-80.6191500001209,33.888670000033535],[-80.61938500029754,33.88866600003544],[-80.61957500026834,33.888663000036736],[-80.61986200032352,33.888659000038274],[-80.62014799965547,33.888654000040006],[-80.6203400001744,33.88865200004059],[-80.62040799994647,33.88865100004088],[-80.6204949999851,33.888683000026056],[-80.62061399981079,33.888724999988426],[-80.6207340003597,33.88876699993007],[-80.62098399970664,33.88885499974082],[-80.62113600004261,33.88890900032543],[-80.62277800000774,33.88966599968859],[-80.62283300025932,33.8897059999379],[-80.62332799982865,33.89006399988034],[-80.62334999956995,33.89012900025239],[-80.62337999970717,33.890221000074746],[-80.62342599973793,33.890361000327374],[-80.62347199976868,33.890500000372136],[-80.62350299973085,33.89059299977133],[-80.62370000027265,33.89119100030127],[-80.62372399966377,33.89134100013558],[-80.62392700005334,33.892577000330796],[-80.62435499967552,33.89321399977585],[-80.62458599965422,33.89344599966195],[-80.62480800031038,33.8936680002541],[-80.62526699989469,33.89357299984975],[-80.6255630001707,33.89351099969363],[-80.62574800011862,33.89310099981171],[-80.6258309999593,33.89261100024112],[-80.625873999617,33.892366000145756],[-80.62609000042539,33.89104300014652],[-80.62613499973291,33.89040600014668],[-80.62601699973213,33.88963000011924],[-80.62588299983783,33.88890800032873],[-80.62586100009652,33.8887889998913],[-80.62540800036001,33.88778400034763],[-80.6253940001163,33.88776400014747],[-80.62510000038841,33.88732199974797],[-80.62480800031038,33.8868830001026],[-80.62444500008722,33.88588299989105],[-80.62430600017005,33.88550100016885],[-80.62428100005569,33.88539800006033],[-80.62427299965977,33.88538300023682],[-80.62421599975836,33.885267000220416],[-80.62403900020634,33.88496000025166],[-80.62362400010466,33.88424099986854],[-80.6231139995684,33.883890999797096],[-80.62283099971118,33.883695999933465],[-80.62271799973328,33.883615999745764],[-80.62256899977037,33.88351000016452],[-80.6223460001876,33.88335200023475],[-80.62212199988163,33.88319299994865],[-80.6219739997436,33.88308799990685],[-80.62184300022237,33.88299499978321],[-80.62176299985641,33.88293799972947],[-80.62141700025,33.882775999957666],[-80.62127199958674,33.88270899981023],[-80.62112900036992,33.882642000355936],[-80.62079299991093,33.8824859997085],[-80.62077700001743,33.882388000054654],[-80.62075199990306,33.88223399983852],[-80.62068699960572,33.88183100000583],[-80.62067400008526,33.88174699998422],[-80.62086400005605,33.8810630002455],[-80.62121300003551,33.88081300008483],[-80.62154500029652,33.8805759996738],[-80.62163900000785,33.880507999940974],[-80.62182700032882,33.88051599995623],[-80.6224879995795,33.88054399963081],[-80.6227329998019,33.88060999989279],[-80.62302800025299,33.880691000008966],[-80.62330699991224,33.88089500009893],[-80.62347000011887,33.881014000361226],[-80.62393399972605,33.88114900037008],[-80.62425799959117,33.88107399972861],[-80.62427699985773,33.88106400033414],[-80.62458400000438,33.880904000168435],[-80.62461300031671,33.88089500009893],[-80.62466000017237,33.88088199966537],[-80.62470000035533,33.8808700000666],[-80.62472999959427,33.88086200008452],[-80.62480499993733,33.8808419997532],[-80.62489100015105,33.88082400034596],[-80.62500300030405,33.880801999822275],[-80.62511499955872,33.88043599976999],[-80.62512399977955,33.880408000059965],[-80.62508500031981,33.88027800011401],[-80.62503099989313,33.88009800020607],[-80.6249920004334,33.87996699968627],[-80.62489600017393,33.879849999661225],[-80.62468500028672,33.87967400001611],[-80.62454200017159,33.879554000016036],[-80.62406900034358,33.8794640000917],[-80.62393299990114,33.87943800027822],[-80.62263200041787,33.87952700012326],[-80.62215299984376,33.87955999990817],[-80.62214699999598,33.879585999684544],[-80.6221279997294,33.87963599974843],[-80.62199600038323,33.879790000178915],[-80.6219169998422,33.879849999661225],[-80.62185099971995,33.8798939997022],[-80.62177799992503,33.879927000090966],[-80.6216990002823,33.879937999720525],[-80.62154799977125,33.87992200032667],[-80.6214030000063,33.87987800030014],[-80.62123800014986,33.87984499989241],[-80.62118500044642,33.8798279996322],[-80.62105300020193,33.87980099982612],[-80.62092900035337,33.87975799984116],[-80.62082899989595,33.87972400002849],[-80.62069099980368,33.879620000298004],[-80.62060499958997,33.879564999693685],[-80.62029499996856,33.87938399966491],[-80.62026200035659,33.87935600035551],[-80.62020299990705,33.87932899965433],[-80.62009699960184,33.87928999986939],[-80.62003800005061,33.879262999893086],[-80.61988599971464,33.87915299968042],[-80.61983300001121,33.87907600004379],[-80.61977399956166,33.87897700008927],[-80.61971500001043,33.87890000029389],[-80.61970099976674,33.87887300019418],[-80.61958899961373,33.87873000013141],[-80.61957600009325,33.878697000025575],[-80.61956299967446,33.878624999818065],[-80.61957600009325,33.878547999705006],[-80.61965499973599,33.87838900016213],[-80.61968800024624,33.87834500009095],[-80.61972099985822,33.878261999742264],[-80.61978000030776,33.87816300033499],[-80.61991800040002,33.87802599982824],[-80.62015500022648,33.877805999800955],[-80.62020200008216,33.87776700006579],[-80.62021499960262,33.87774000035341],[-80.6204449997564,33.877531000274466],[-80.6206359995521,33.87738800020031],[-80.62068900015387,33.87734400035876],[-80.62085400001031,33.8772609997823],[-80.62093299965301,33.87723899983161],[-80.62097200001108,33.87723399990983],[-80.6213250001885,33.87725900026161],[-80.62134799975472,33.8772609997823],[-80.62142700029574,33.877276999675075],[-80.621493000418,33.877304999666634],[-80.62155299979413,33.877321000296924],[-80.62177000042743,33.87733200026241],[-80.62213299975225,33.877381000023604],[-80.62225099975304,33.87738700006857],[-80.62257399979322,33.877365000150384],[-80.6227260001292,33.87737600011019],[-80.62288000011498,33.87734700000967],[-80.62303900012365,33.8773179998993],[-80.62334299989726,33.87725999964902],[-80.62344900020247,33.877241000098536],[-80.62349799970796,33.87723100025496],[-80.62354700011177,33.877222999931725],[-80.62356899985308,33.8771790000051],[-80.62360700038622,33.877108000143465],[-80.62363699962513,33.877047000089085],[-80.62366000008967,33.877004000208004],[-80.62366699976235,33.87699300020025],[-80.62384800041065,33.87664400037057],[-80.62392500040353,33.87651600019501],[-80.62413600029073,33.876171999890666],[-80.62406199977256,33.87515499974024],[-80.62393200007622,33.87494899977822],[-80.62363699962513,33.87448000011724],[-80.62358899994456,33.87440400016008],[-80.62351799979943,33.87429099989262],[-80.62344699965432,33.874177000052],[-80.62339999979868,33.87410199999532],[-80.62316799999506,33.87373399994548],[-80.62309199982708,33.87361300036681],[-80.62290100003138,33.87248800007919],[-80.62290500022935,33.872470999845106],[-80.62301599965912,33.87205200002492],[-80.62314100023089,33.8715790000545],[-80.62318100041387,33.87152199983379],[-80.62361800025688,33.870924000170106],[-80.62436700026942,33.870365000198376],[-80.62481499998307,33.87003099965838],[-80.62501699964943,33.86986899999768],[-80.62532200014628,33.869624999707554],[-80.62532100032135,33.86923799990785],[-80.62532100032135,33.868979999812645],[-80.62532299997119,33.8685460002119],[-80.62532600034424,33.868107999680525],[-80.62532899981896,33.867244000105394],[-80.62533200019202,33.86681100013963],[-80.62533200019202,33.866478999639654],[-80.62533200019202,33.86603500034111],[-80.6250280004184,33.865577000174035],[-80.62484599994521,33.86530099975984],[-80.62480800031038,33.865243999822596],[-80.62465599997441,33.86493099999934],[-80.6241129998262,33.8638069997067],[-80.62393299990114,33.863432999750124],[-80.62386099993113,33.86328499993315],[-80.623753999801,33.8630639996534],[-80.62364699967088,33.86284300029342],[-80.62357600042408,33.862695999757705],[-80.62348099998952,33.86249900008409],[-80.62344199963147,33.86240400003359],[-80.62307900030663,33.86151400011986],[-80.62296399978057,33.861232000310615],[-80.62296299995566,33.861216999969336],[-80.6229599995826,33.86040800033542],[-80.62325099983576,33.85988099973109],[-80.6233110001102,33.859774999763076],[-80.62377100041775,33.85949899998901],[-80.62480800031038,33.85945100000209],[-80.62605299971715,33.860881999865825],[-80.62666500036065,33.86106500024113],[-80.62682199982117,33.86111199974432],[-80.62759599994807,33.86113999981696],[-80.62790200026983,33.86077899988162],[-80.6279840002856,33.860680999918856],[-80.62823199998272,33.86038799968677],[-80.62827100034077,33.86034400003355],[-80.6283089999756,33.86028600018474],[-80.62864899973422,33.859761999842355],[-80.62891099967504,33.85936099976747],[-80.62981899969624,33.858300999647035],[-80.63022600030033,33.85782699996384],[-80.63042999961652,33.857587999900204],[-80.6307669999004,33.85719599964611],[-80.63078100014413,33.856771999827224],[-80.63079299983967,33.856459000280104],[-80.63081200010626,33.855921000184715],[-80.63081600030422,33.85580899970812],[-80.63037400043834,33.85477700018156],[-80.63035900036972,33.85439799970067],[-80.6303500001489,33.854138999865235],[-80.63048099967016,33.85389399972152],[-80.6306330000061,33.85361099970381],[-80.63093400030499,33.85305100010306],[-80.63116500028367,33.85281900005611],[-80.6313929998893,33.85259199999837],[-80.63145999983645,33.85252400035332],[-80.63157700001231,33.85240700001455],[-80.631695999838,33.85241100022009],[-80.63179100027256,33.852414999679375],[-80.63198100024337,33.85242399976767],[-80.63226900012344,33.852437999737326],[-80.63255199998068,33.852450000349],[-80.63274299977638,33.852458000009754],[-80.63275399964704,33.852458000009754],[-80.6327660002409,33.85246099978913],[-80.63283400001296,33.852481999733655],[-80.63285699957918,33.85248800003662],[-80.63302300015886,33.852534000107056],[-80.63352299975107,33.85267400026629],[-80.63354500039067,33.85267999980971],[-80.63352199992615,33.85253100033024],[-80.6335129997053,33.85247400007516],[-80.63350000018484,33.85239000025804],[-80.63348699976605,33.85230400025317],[-80.63347900026844,33.85224800027287],[-80.63343099968955,33.851988999886316],[-80.633386000382,33.85173799993477],[-80.63318700019039,33.851243999831595],[-80.63309000010601,33.85100099972626],[-80.6330320003797,33.850862999948184],[-80.63294600016596,33.85065700030795],[-80.63285999995225,33.85044999972363],[-80.63280300005084,33.850313000250424],[-80.63277999958629,33.850276999747905],[-80.63274799979924,33.85022399978875],[-80.63271400036237,33.850168999641475],[-80.63269199972275,33.85013400027541],[-80.63192500016685,33.84889599991702],[-80.63097100011491,33.8473549997657],[-80.62968499980194,33.846593000167985],[-80.62874499999369,33.84610399966299],[-80.62823299980761,33.84583900002338],[-80.62768499963653,33.84539899989046],[-80.62763600013105,33.84522999992723],[-80.62753200037396,33.84488700016613],[-80.62748700016813,33.844733999959104],[-80.62776900020043,33.84386400024485],[-80.62778699974379,33.84381100003772],[-80.62783399959943,33.84351299972524],[-80.6279569996231,33.842719999930154],[-80.62796699966884,33.84265999972047],[-80.6266550003149,33.841630999678],[-80.62597999992222,33.8415640000671],[-80.6251820004042,33.841486000298026],[-80.62488199993022,33.841456000138294],[-80.62480800031038,33.84144900000004],[-80.62398200030495,33.84152500019147],[-80.6236829996559,33.841552999970084],[-80.62358899994456,33.841523999639634],[-80.62344900020247,33.84148200032709],[-80.62330799973715,33.84144000024776],[-80.62321499985075,33.84141199968599],[-80.62317100036812,33.84139800014779],[-80.62306699971273,33.84136700014962],[-80.62305500001716,33.841344000095575],[-80.6230349999257,33.8413040003112],[-80.62289500018359,33.841031999788754],[-80.62278800005348,33.84082200031832],[-80.62251699989183,33.84019700015549],[-80.62239600041632,33.839916999752],[-80.62237999962448,33.839880000266916],[-80.62207699967577,33.83951999984315],[-80.6218819996821,33.83950199993138],[-80.62120800001263,33.83944300027687],[-80.62031800043312,33.83943900021029],[-80.61976799971389,33.83942399977246],[-80.61962200012401,33.839421000281476],[-80.61907399995293,33.83930799997843],[-80.61903899979282,33.839259999837495],[-80.61898799973919,33.83918799994862],[-80.61893599986065,33.83911599999908],[-80.6189020004238,33.83906799975031],[-80.6188470001722,33.83898999994138],[-80.61876599998133,33.838655999801674],[-80.61864100030789,33.83813899999367],[-80.61886399989065,33.837387000320085],[-80.61889900005075,33.83727099999965],[-80.61894099988353,33.83695700002777],[-80.61898899956411,33.83659100004931],[-80.619001000158,33.83650499981064],[-80.6185650001399,33.83606299963088],[-80.61818400037339,33.83594099977975],[-80.61814199964228,33.835927999962706],[-80.61783000037104,33.83583900018641],[-80.6173890003301,33.835712999774586],[-80.6172760003522,33.835681000078615],[-80.61673800022685,33.83546400026207],[-80.61638099985147,33.834941999640094],[-80.61636099975999,33.83490199984401],[-80.61615599972058,33.83449300036992],[-80.6161230001086,33.834429999941314],[-80.61607299987989,33.83433200034301],[-80.61610100036731,33.834237000305365],[-80.61612099956048,33.83417000012105],[-80.61635300026238,33.83339100029314],[-80.61650899989799,33.83309099965379],[-80.61669499967081,33.832734000207296],[-80.61698500009905,33.83222199996838],[-80.61758400032376,33.831785000371696],[-80.61840199993328,33.831497999812214],[-80.61923899980935,33.83133899996373],[-80.61963499964448,33.83126500026662],[-80.62028800029587,33.83103200008596],[-80.6202899999457,33.83097700027089],[-80.62029499996856,33.83081099993621],[-80.62030900021227,33.830402000289496],[-80.62028099972486,33.830319000350414],[-80.62022999967124,33.830161999678815],[-80.62019600023436,33.83005800002578],[-80.62014500018074,33.829903000250766],[-80.62009400012711,33.829747000251146],[-80.62005999979193,33.829644000038],[-80.61992599989762,33.82923400008219],[-80.61981899976749,33.829014999666036],[-80.61956299967446,33.82848700020979],[-80.61920299982435,33.82810199974765],[-80.61839199988754,33.82769099989181],[-80.617791000013,33.82738700025974],[-80.61762399960843,33.827301999688125],[-80.61737400026149,33.82717500015155],[-80.61712300019131,33.82704799968007],[-80.61695699961165,33.82696400023998],[-80.61689499968736,33.82693300023031],[-80.61680799964874,33.826888999764],[-80.61677500003675,33.826786999817095],[-80.61675400012037,33.82672199972154],[-80.61670100041692,33.82655800004165],[-80.61662600007385,33.826321999768204],[-80.6166510001882,33.82605699998125],[-80.61666799990665,33.825886999840314],[-80.61666999955646,33.82587499997566],[-80.61667399975443,33.82583799963603],[-80.61673700040193,33.82539400028153],[-80.61677400021186,33.825136999837035],[-80.61662799972368,33.82422200028266],[-80.61654099968504,33.82396700006921],[-80.61638400022451,33.82350899972545],[-80.61635999993507,33.823441000071426],[-80.61632499977497,33.82333899974269],[-80.61628999961486,33.82323700003859],[-80.61626700004864,33.82316900016826],[-80.61613300015435,33.8227780002377],[-80.61639500009517,33.8222720002637],[-80.61691099958088,33.821610999653146],[-80.6172560002607,33.82127300009791],[-80.61744899970624,33.82108600013427],[-80.61739299962976,33.82031500018023],[-80.61682000024261,33.81859700017831],[-80.61601199978053,33.81718900021243],[-80.61564899955738,33.81674700017651],[-80.61528600023252,33.81630500009554],[-80.61507600017023,33.816009999733055],[-80.61525500027038,33.815378000237565],[-80.61538900016468,33.815135999770696],[-80.61552800008187,33.814888000154866],[-80.61567600021986,33.81451400025919],[-80.61483000012294,33.81419099991538],[-80.61415499973025,33.81396300012379],[-80.6139339997973,33.81388800018721],[-80.61327099999849,33.81366400011448],[-80.61323500001349,33.813652000027396],[-80.61307099998196,33.813547999699644],[-80.61299300016415,33.81349899988896],[-80.61287599998829,33.81342499967991],[-80.61275999963733,33.813352000288496],[-80.61268299964445,33.81330300036554],[-80.6126440001847,33.81327799995229],[-80.61258599956005,33.813241000133374],[-80.61252799983373,33.81320400029846],[-80.6124900001989,33.813179999993544],[-80.6123839998937,33.81311299972863],[-80.61206900024943,33.81291399964617],[-80.61196399976912,33.812848000060406],[-80.61189699982197,33.81280499995238],[-80.61169599998053,33.81267799978471],[-80.61162999985828,33.8126359997348],[-80.61153699997186,33.81253100026617],[-80.61139999970452,33.81237399977542],[-80.61126099978733,33.81221600034076],[-80.61116899972583,33.81211199976],[-80.61116299987805,33.812106000354184],[-80.6111520000074,33.81209299989857],[-80.61112000022035,33.81205699971753],[-80.61111000017459,33.81204500015135],[-80.61091900037889,33.811828000056245],[-80.61075899964702,33.81164600037065],[-80.61048500001061,33.81108400013619],[-80.61035899961392,33.81082499965002],[-80.6103560001392,33.81076699977663],[-80.61035199994124,33.810681999852484],[-80.61034699991836,33.81059599967652],[-80.61034500026854,33.810539999984094],[-80.61031599995623,33.809963000312344],[-80.61030400026067,33.809709999738736],[-80.6096590000052,33.809514999924865],[-80.60914099997133,33.809823000349944],[-80.60908900009281,33.81001700003404],[-80.6089839996125,33.810409999677105],[-80.60889599974897,33.81055599968666],[-80.60873599991538,33.8108209997372],[-80.60872400021982,33.8108420002103],[-80.60853599989885,33.811066000208434],[-80.60792300032874,33.811094999675525],[-80.60761399963394,33.81110999985929],[-80.60757000015133,33.81111200018215],[-80.60749099961029,33.81111600008137],[-80.6074639998461,33.8110729998491],[-80.60744100027989,33.81103699998517],[-80.6073009996395,33.81081400007598],[-80.60710599964582,33.81050399989589],[-80.60707100038402,33.81008499991151],[-80.6070549995922,33.80988799985451],[-80.60704899974442,33.80982399978003],[-80.6069910000181,33.809128999702246],[-80.60696500007883,33.80881500012782],[-80.60641600008283,33.80868599962874],[-80.605681000314,33.80965099967733],[-80.6052589996413,33.81020599991108],[-80.6051540000593,33.81034300022839],[-80.60483900041504,33.81075600019512],[-80.60479800040716,33.810811000327604],[-80.60472800008695,33.810888999722046],[-80.60470299997259,33.8109159996681],[-80.6046400002234,33.810985999903224],[-80.60462199978176,33.810985999903224],[-80.60458599979674,33.81098700006613],[-80.60431399981016,33.81099600003877],[-80.60379800032445,33.811015000143826],[-80.60350000039861,33.8109790002555],[-80.60323000006187,33.8109479996761],[-80.60314399984814,33.81093700011786],[-80.60309399961943,33.8109320000468],[-80.60300099973301,33.81074600003153],[-80.60297200031901,33.81068800010457],[-80.60296300009817,33.810670000093495],[-80.60281400013525,33.81037300011058],[-80.60280499991444,33.81035500003323],[-80.6026340002102,33.80939700023885],[-80.6025770003088,33.809071000171905],[-80.60238700033801,33.80799900010027],[-80.60229500027651,33.80777000002679],[-80.60208299966608,33.807235000071024],[-80.59930900027209,33.80521799969253],[-80.59828800027299,33.804476000246964],[-80.59825999978558,33.80441000012346],[-80.5981490003558,33.80414299988489],[-80.59842299999218,33.80357700012745],[-80.598472000396,33.80347699975213],[-80.59878299984231,33.803384999781365],[-80.60100999978845,33.80403100022735],[-80.60189199987038,33.8042869996558],[-80.60218499977333,33.80437199996147],[-80.60231799984273,33.80441100036324],[-80.6024779996763,33.80445799967547],[-80.60257399993576,33.804485999650474],[-80.60267000019522,33.80451400036277],[-80.60334800006265,33.80470999986733],[-80.60359900013282,33.80478199967921],[-80.60402599993007,33.80490599966936],[-80.60420099983226,33.80495600015634],[-80.60428399967294,33.804981000015665],[-80.60474399998049,33.804986999921056],[-80.60483500021708,33.804988999640656],[-80.60491899988266,33.804951999969184],[-80.60534499985502,33.80476099995806],[-80.60538099984002,33.80474600015404],[-80.6057089999031,33.80428300018379],[-80.60535999992362,33.80356999987353],[-80.60526299983925,33.80337200024001],[-80.60518599984636,33.803139000201355],[-80.60506500037086,33.80277200002328],[-80.6048519999355,33.80212200020442],[-80.60472899991187,33.801665999883866],[-80.60465399956878,33.801384999923535],[-80.60461299956091,33.801300999912954],[-80.60424900041116,33.800562999742034],[-80.6041890001367,33.80044100000307],[-80.60341300035998,33.800043000147284],[-80.60291000039473,33.79994999992551],[-80.60214999961323,33.799854999763134],[-80.60196999968818,33.79986700029234],[-80.60139499975291,33.799908999891905],[-80.60115200007867,33.79988200020504],[-80.60094100019145,33.79986200032087],[-80.6005289995645,33.79964600022919],[-80.6003450003398,33.79918300028686],[-80.60138300005734,33.79804799990336],[-80.60159999979233,33.79781200009608],[-80.60170899957227,33.79747199992567],[-80.60175499960302,33.797329999784026],[-80.60175299995319,33.79717200019065],[-80.60174499955728,33.79624999999764],[-80.60174299990746,33.79594300032772],[-80.60173700005967,33.79527699983867],[-80.60173100021188,33.79456799982586],[-80.60230100012429,33.79409100021933],[-80.60283699970148,33.79399000034355],[-80.60349200000269,33.793868000194244],[-80.60351399974401,33.79386299987235],[-80.60358200041438,33.793849999631234],[-80.60360499998059,33.793845999671554],[-80.60362500007209,33.79384199971162],[-80.60366000023218,33.793835999771396],[-80.60366299970693,33.7938100000256],[-80.60366600007997,33.793790000215786],[-80.6036819999735,33.79366799978144],[-80.60370600026293,33.79348699991212],[-80.60372899982914,33.79330500003711],[-80.6037460004459,33.7931840000291],[-80.60375300011862,33.79312499977192],[-80.60376200033944,33.79306200022427],[-80.60366199988201,33.79300699988215],[-80.60361099982839,33.79297899988441],[-80.60343900029926,33.79288699982741],[-80.60337599965176,33.79285400015615],[-80.60314100037343,33.79272799986908],[-80.60293399978586,33.792654000360564],[-80.60290899967151,33.792644999951904],[-80.60272600027172,33.792580999673056],[-80.60231500036798,33.792433000338],[-80.60170000024974,33.792211000109155],[-80.6010840003066,33.79198900005116],[-80.60067400022777,33.79184099969271],[-80.60063099967175,33.79182500022376],[-80.6005289995645,33.79178899972796],[-80.60052299971672,33.79176399974808],[-80.60051299967097,33.791721000243314],[-80.60044700044706,33.79144900027132],[-80.60033199992101,33.7909699996636],[-80.60038299997463,33.79062900028652],[-80.60042499980742,33.79035299970864],[-80.60045400011974,33.79015599976906],[-80.60054899965598,33.79006399966477],[-80.6012669997064,33.78937400021085],[-80.6015069999059,33.789145000321966],[-80.60155700013462,33.78909599997606],[-80.60159700031758,33.78905799973417],[-80.60152600017247,33.78891900033644],[-80.60149500021033,33.78885700035508],[-80.60147900031681,33.78882699964957],[-80.60145599985228,33.78878200006473],[-80.60143300028606,33.78873699970965],[-80.60141800021744,33.7887069997087],[-80.60131799976,33.78850999971487],[-80.60126199968352,33.7883990001857],[-80.60072799975615,33.78843799965329],[-80.60050900037133,33.788455000181365],[-80.60043800022622,33.788460000072575],[-80.60033399957082,33.7884679997485],[-80.60022800016394,33.78847499974433],[-80.60015799984373,33.78848100006026],[-80.60014000030039,33.788479999634326],[-80.60008699969862,33.78847699984968],[-80.60006999998019,33.78847600017034],[-80.60004800023889,33.78847600017034],[-80.59959499960405,33.788457000287224],[-80.59896399959226,33.78843099965444],[-80.59823600039444,33.78844699975763],[-80.5977829997596,33.788457999966774],[-80.59766099956086,33.788457999966774],[-80.59751900016896,33.78845899964639],[-80.59734500009168,33.788322999813],[-80.59724999965712,33.78824900023017],[-80.5972410003346,33.78824200021586],[-80.59702399970132,33.78806500030408],[-80.59676000011068,33.787831999659936],[-80.59625399977239,33.78738399988899],[-80.59620500026689,33.78643099979612],[-80.59636900029841,33.78618299986131],[-80.59672499995058,33.785648000102924],[-80.59676299958541,33.785611000283524],[-80.59691400009648,33.78548400007559],[-80.59748999985665,33.78500300025549],[-80.59772400020836,33.78490899965221],[-80.59808800025644,33.78476099974817],[-80.59839700005293,33.7846369996922],[-80.5992409996017,33.7846179997039],[-80.5996339999621,33.784609999668234],[-80.5997600003588,33.78460699974802],[-80.60045499994466,33.7851829996772],[-80.60063499986971,33.78544799990008],[-80.60101900000927,33.78601400007832],[-80.60140599962355,33.78648000017394],[-80.60175999962588,33.78666300007236],[-80.60244900026228,33.78656699964811],[-80.60278300017312,33.78629699988442],[-80.60303300041838,33.78585599975862],[-80.60297599961866,33.78532299962948],[-80.60283699970148,33.78518600032386],[-80.60251100018657,33.78486499996976],[-80.60189100004546,33.78422300013159],[-80.60153700004312,33.78385699996783],[-80.60145900022532,33.78377599987933],[-80.60066400018204,33.78289200027455],[-80.60053199993754,33.78271000027729],[-80.60023499983663,33.782297999863964],[-80.59975699998573,33.781635000026895],[-80.59975100013796,33.781626999712635],[-80.59887300025399,33.7800559997637],[-80.59852400027454,33.77952099980913],[-80.59818799981555,33.77900499999068],[-80.59811900021859,33.77881699970096],[-80.59802700015707,33.77856699978065],[-80.59788499986685,33.77817699967251],[-80.5977900003306,33.77780699984308],[-80.59772500003328,33.77754999982012],[-80.5977190001855,33.77752999994583],[-80.59771499998755,33.77751199968158],[-80.59773500007901,33.777474000272825],[-80.59774599994968,33.777455999996825],[-80.59788400004193,33.77720299965818],[-80.59807499983765,33.77685499976894],[-80.5983590004181,33.77648699984144],[-80.59853500014519,33.776260000230074],[-80.5987900004133,33.77593599979867],[-80.59923800012697,33.77577900012826],[-80.59981200023732,33.775579999856774],[-80.6014430003318,33.77521499992831],[-80.60177700024263,33.77502499986156],[-80.60216700022998,33.77480499972936],[-80.60245500011007,33.77447300027953],[-80.60260300024807,33.77430299994624],[-80.60273399976933,33.774045999864846],[-80.60294399983161,33.77363699989758],[-80.60369799986702,33.77286499969922],[-80.60375300011862,33.7728089999636],[-80.60412800003732,33.772589000114635],[-80.60438699960511,33.77243700036418],[-80.60479000001123,33.77220200002762],[-80.60517999999857,33.77201100012766],[-80.60531899991574,33.77194200000048],[-80.60545000033531,33.77187899980331],[-80.60548899979506,33.77185900009849],[-80.6055480002446,33.77183000003283],[-80.60560699979582,33.77180099995732],[-80.6056469999788,33.77178200010854],[-80.60567899976586,33.77176599987893],[-80.60568999963651,33.77166200018019],[-80.60569100035973,33.771626000168965],[-80.60569600038261,33.7713589999866],[-80.60534499985502,33.77100600009041],[-80.60486500035431,33.77081999993875],[-80.60456800025337,33.770705000337514],[-80.60340400013914,33.77037299993448],[-80.60277499977721,33.76991999971608],[-80.60207900036644,33.769450000273075],[-80.60167299958725,33.76888999985891],[-80.60155200011174,33.768724000035675],[-80.60160399999027,33.76802199989991],[-80.60180900002968,33.76771599976424],[-80.60190299974103,33.76757600015788],[-80.6020120004193,33.76741399973041],[-80.602303999599,33.7673099999768],[-80.6024640003309,33.76725500027155],[-80.60276100043183,33.767149999649895],[-80.60324799960523,33.76697899979173],[-80.60367000027792,33.76690399975937],[-80.60398099972423,33.76684999972531],[-80.60427700000024,33.766800000133614],[-80.60430499958933,33.766838999728044],[-80.60480400025494,33.76752600024301],[-80.60491899988266,33.76768400002375],[-80.60512399992207,33.76796699990486],[-80.60534200038028,33.76790900011619],[-80.60591099956945,33.76776000004142],[-80.60597400021695,33.76769900034699],[-80.60613700042357,33.7675429996946],[-80.60627499961753,33.76741000002944],[-80.60617300040857,33.767221999684644],[-80.60582799972877,33.76657999979132],[-80.6057809998731,33.76609699997795],[-80.60574200041336,33.7656939998238],[-80.60573900004032,33.76564999997942],[-80.60572200032188,33.76549200018243],[-80.60565700002454,33.76488899975916],[-80.60563600010815,33.76468799967095],[-80.6056250002375,33.76459000009233],[-80.6053239999386,33.764035999818375],[-80.60529799999934,33.763988000008894],[-80.60386199989856,33.76377399972212],[-80.60346799971325,33.76367899975161],[-80.60341400018488,33.763409000282415],[-80.6033449996896,33.76305599974872],[-80.60361000000347,33.76279900028616],[-80.60369899969194,33.762712999802844],[-80.60495400004275,33.76232099999752],[-80.60672400005441,33.76177099995744],[-80.60769900002275,33.76184100004991],[-80.60819399959207,33.762212000108434],[-80.60883700019772,33.76193799979554],[-80.60880600023559,33.76177099995744],[-80.60877600009836,33.76160599977997],[-80.60868300021193,33.760927000359494],[-80.608602999846,33.76079000012565],[-80.6084699997766,33.760580000089035],[-80.60838299973797,33.760423999920775],[-80.60833400023247,33.76034200007276],[-80.60826200026246,33.76021999978936],[-80.60818799974429,33.7600980000792],[-80.60814000006373,33.760016999930876],[-80.60809099965992,33.759935999705945],[-80.60802000041312,33.759816000366165],[-80.60794699971987,33.759694000080955],[-80.6078990000393,33.759614000313945],[-80.6078220000464,33.75948500036423],[-80.60776199977194,33.75943500020996],[-80.6073080002105,33.75905799994494],[-80.60721399960086,33.75905499987676],[-80.60698699982012,33.75904899974005],[-80.60690599962928,33.759045999671564],[-80.60666299995503,33.759040000281075],[-80.60664200003863,33.759040000281075],[-80.60658400031234,33.75902699998211],[-80.60613099967748,33.75894200021922],[-80.60563100008528,33.75884800014605],[-80.60497099976119,33.758483999923186],[-80.60499400022573,33.75836800016758],[-80.60508700011216,33.7579170000446],[-80.60511899989922,33.757887999741875],[-80.60563799975796,33.757476000201684],[-80.60646700013646,33.757426999664155],[-80.60797900040524,33.757337999637464],[-80.60884499969532,33.75709300000975],[-80.61076600021802,33.75602399982783],[-80.61180599958539,33.75544700020868],[-80.61174899968397,33.7551030003678],[-80.61170199982831,33.75481500022112],[-80.61127300038123,33.75450300027748],[-80.61122499980235,33.754517999920125],[-80.6107579998221,33.75466499971487],[-80.60971500008168,33.75484600021337],[-80.60924100042877,33.75459499973736],[-80.60900799990195,33.75411599992598],[-80.60900000040434,33.75409900005188],[-80.60930199962982,33.75348100031994],[-80.60936299972919,33.7533770000915],[-80.60938500036882,33.75333800034679],[-80.60986999989238,33.7525159998186],[-80.60991000007535,33.75248200017947],[-80.61109900030397,33.75150399969208],[-80.61250000024465,33.75102399967458],[-80.61295800000406,33.75086800004268],[-80.61347900041095,33.75091599972982],[-80.61368100007732,33.75093400035252],[-80.61398599967586,33.75096300001987],[-80.61429000034778,33.75099100030758],[-80.61449299983906,33.75101000028421],[-80.61480300035876,33.751037999809654],[-80.61522500013317,33.75107799996942],[-80.61573200029636,33.75101799972272],[-80.61604199991775,33.75098300011964],[-80.61606399965906,33.75097999976882],[-80.61613200032944,33.75097200032678],[-80.61615499989566,33.75097000009267],[-80.61613999982704,33.75093800007541],[-80.61611999973556,33.75089199988964],[-80.61609799999425,33.75084400018901],[-80.61608499957546,33.750813000243625],[-80.61602600002423,33.75068100013382],[-80.61593999981051,33.75048500020702],[-80.61585199994695,33.750287999707254],[-80.61579400022063,33.750156999662735],[-80.61577900015203,33.75011799994722],[-80.61575800023562,33.75006100015872],[-80.615735999596,33.75000300020398],[-80.61572200025061,33.74996499980035],[-80.61568299989256,33.74987000021128],[-80.6156789996946,33.749859999658746],[-80.61543099999747,33.74969499970994],[-80.61534599960865,33.749638999772905],[-80.61525899957003,33.749581999666006],[-80.61512600039894,33.74949399984591],[-80.61500099982717,33.74941099986494],[-80.61491499961345,33.74935499974238],[-80.61479499996284,33.74926000022447],[-80.61443500011273,33.74897699982595],[-80.61431499956382,33.74888300003067],[-80.61419499991321,33.74861399966576],[-80.61418099966951,33.74815799976848],[-80.61420599978388,33.74812600019568],[-80.61464900037299,33.74757700036692],[-80.61546699998249,33.74753300018634],[-80.61622400039094,33.747911999898115],[-80.61689700023551,33.748250000060956],[-80.61693400004542,33.74825899990563],[-80.617903000166,33.74848699988883],[-80.6179609998923,33.748495000309696],[-80.61882899973052,33.74862300021916],[-80.61943399980304,33.74855799976967],[-80.61971699966026,33.74832299968693],[-80.62012699973909,33.74788400009892],[-80.62015900042444,33.74754800030134],[-80.61999799986764,33.74721000035941],[-80.61985300010268,33.746903999873],[-80.6193250000231,33.74660900014251],[-80.61927899999233,33.74650899972507],[-80.61925700025103,33.746459999642255],[-80.61911900015876,33.74615699998718],[-80.61891900014221,33.74571499998061],[-80.61901100020374,33.7451640000341],[-80.61895799960197,33.745061000361694],[-80.618784000423,33.74471699993585],[-80.61865200017854,33.74445799963841],[-80.61864100030789,33.74439100012633],[-80.61857500018563,33.7439880002622],[-80.61865800002631,33.74358499999841],[-80.61887099956333,33.743447000232834],[-80.61902200007438,33.74334999973422],[-80.61920000034961,33.743331000301396],[-80.61927399996945,33.743323000145836],[-80.61938600012246,33.74331200011736],[-80.61949800027544,33.74329999988104],[-80.61957299972022,33.74329299992914],[-80.61967499982745,33.74328199989687],[-80.61982999963816,33.74326699978266],[-80.61998399962394,33.743249999998696],[-80.62008699955611,33.74324000016815],[-80.62010699964758,33.743237000293426],[-80.62024800011291,33.74282400035686],[-80.62045300015231,33.74254799964882],[-80.62062499968145,33.742369999987766],[-80.62066599968934,33.7423279998124],[-80.62109500003471,33.74202400027792],[-80.62185099971995,33.741799999695566],[-80.62350399955574,33.741367000213096],[-80.62449899961557,33.74110800025768],[-80.62455999971495,33.741089999813525],[-80.6246619998222,33.74106300026069],[-80.6247460003861,33.741038999904006],[-80.62480900013529,33.74102299991153],[-80.62725199999149,33.7405999996343],[-80.62729499964918,33.74058700027442],[-80.62876199971214,33.74017799975507],[-80.62926499967736,33.7398209996913],[-80.62963799994627,33.738920000180556],[-80.62973500003065,33.738061000214906],[-80.62965700021284,33.737390999834105],[-80.62927700027126,33.736930999653936],[-80.62808899986757,33.73626299998967],[-80.62715999992999,33.73601600007494],[-80.62581900026373,33.73566000016866],[-80.62480900013529,33.73513799966637],[-80.62473499961712,33.73501100010569],[-80.6246619998222,33.73488600021923],[-80.6245139996842,33.734632999724354],[-80.6244719998514,33.73456200026936],[-80.62447299967631,33.7344979999317],[-80.62447600004936,33.73399100007499],[-80.62455200021734,33.73371800029047],[-80.624599000073,33.73355400023766],[-80.62475200023387,33.732924000180844],[-80.6254929998505,33.732192999721256],[-80.62596900005155,33.732017000168476],[-80.62636800025973,33.731869999654094],[-80.62672399991187,33.73178899973565],[-80.6268179996232,33.731760999902846],[-80.6270069997691,33.73170399986817],[-80.62707399971625,33.73168500009721],[-80.62751700030535,33.73122499995479],[-80.62753099965074,33.73121199992147],[-80.6275480002675,33.73105200021164],[-80.62755400011528,33.73099600005599],[-80.6274009999544,33.73081199971403],[-80.62736300031958,33.730767000293085],[-80.62728299995364,33.73067200035887],[-80.62686100017923,33.730047999985885],[-80.62666100016268,33.7298409997147],[-80.62651399984959,33.72968900037059],[-80.62480900013529,33.72856100012876],[-80.62387599999974,33.7274969996329],[-80.62353500041618,33.72710799990619],[-80.62330199988936,33.726843000089026],[-80.62307000008579,33.72657800020076],[-80.6226209996489,33.72598999970892],[-80.62138999958752,33.72437800026706],[-80.62125200039355,33.7242500000429],[-80.62084599961439,33.723876000313794],[-80.62077799984232,33.723812999911395],[-80.62070900024536,33.72375000020986],[-80.62023100039445,33.7233090002575],[-80.61974799962239,33.72286300029866],[-80.61865999967614,33.722170999799225],[-80.6182630000161,33.72191899963101],[-80.61813900016755,33.721791000222886],[-80.61793099975507,33.72157499980824],[-80.6178909995721,33.72153399962663],[-80.6176360002023,33.721270000248076],[-80.61750599960764,33.7211339998891],[-80.61736900023861,33.72099200025132],[-80.61730800013923,33.720928999973715],[-80.61723500034431,33.72085300028884],[-80.6171009995517,33.720714000101346],[-80.61706200009193,33.72067399997885],[-80.61675300029547,33.7200660003046],[-80.61646500041537,33.71949700026532],[-80.61639000007231,33.71908599985684],[-80.61631399990432,33.71865900004264],[-80.61623899956125,33.71823200034629],[-80.61618800040594,33.717948000201645],[-80.61615300024584,33.717749999944964],[-80.61628299994219,33.71722999986626],[-80.61639900029314,33.716766999906014],[-80.61651499974576,33.71630299991662],[-80.61664799981516,33.7157690001297],[-80.6166579998609,33.71558100014474],[-80.61668700017321,33.7150279998813],[-80.61671599958721,33.714476000334976],[-80.61673900005174,33.71409000003013],[-80.6165039998751,33.71349399998052],[-80.61630300003365,33.71298099971554],[-80.61603000022218,33.71268100008936],[-80.61596499992486,33.71260999966082],[-80.61590100035076,33.71253800010293],[-80.61558199961023,33.71218599998398],[-80.61543600002035,33.71202500010466],[-80.61526399959288,33.711834999742706],[-80.6133349995726,33.710857999757735],[-80.61311100016493,33.710787000063675],[-80.61226699971783,33.71052299977067],[-80.61190500021789,33.71040999969444],[-80.61154299981965,33.7102960003728],[-80.61109699975582,33.71015599968789],[-80.60762700005273,33.70906599968019],[-80.60759299971755,33.70904600027069],[-80.60666600032808,33.708513999919624],[-80.60659799965771,33.70847599982181],[-80.60653099971057,33.70843699984158],[-80.60610200026346,33.70818899993638],[-80.60601100002688,33.70808199974404],[-80.60522199983137,33.707146000004975],[-80.60509600033299,33.70647599965687],[-80.6050279996626,33.706109000215385],[-80.60500300044656,33.70597999976227],[-80.60497699960898,33.70585199975847],[-80.60490999966183,33.705498999985494],[-80.60444699987956,33.70444299991911],[-80.6043940001761,33.70432299992232],[-80.60315100041916,33.70344700024796],[-80.60303199969515,33.70338700032216],[-80.60244400023942,33.70308799999236],[-80.60185599988536,33.702789000116496],[-80.60162499990666,33.70267099991653],[-80.6011400003831,33.70260499984802],[-80.60047599986106,33.7025139998742],[-80.6004649999904,33.70251200000509],[-80.59981100041242,33.702422999804035],[-80.59913000017194,33.702329999764075],[-80.59896699996531,33.7023350001947],[-80.59634400018406,33.702413999635816],[-80.59602899964149,33.70242399973963],[-80.5941359996062,33.70241999999718],[-80.59309200004087,33.70194699999291],[-80.59249500036431,33.700769999923985],[-80.59246299967893,33.69959100023405],[-80.59258200040293,33.69898899985941],[-80.59285000019155,33.698635000303966],[-80.59319300032321,33.69831200027729],[-80.59362400031844,33.69808000006639],[-80.59439400024738,33.697667000308826],[-80.59545899972909,33.69688000008311],[-80.59574900015731,33.69656700022338],[-80.59593699957998,33.69636299996135],[-80.59650099964459,33.69575300003259],[-80.59651300023847,33.69574099987294],[-80.59658000018563,33.69548999988633],[-80.59658199983545,33.69541900019478],[-80.59659000023137,33.69520700004044],[-80.59659299970609,33.69513700013548],[-80.59659799972897,33.6950360002575],[-80.59631900006971,33.69463200030601],[-80.59623799987887,33.69453399991676],[-80.59553800027012,33.69368600013318],[-80.59509600040424,33.69341199994259],[-80.59465399964006,33.69312299971683],[-80.59407600023005,33.69268899977368],[-80.59343500017256,33.69220700026803],[-80.59311899980504,33.69186300026389],[-80.59275499975698,33.69146700010129],[-80.59247899957245,33.69045800000801],[-80.59167799968138,33.688387000164965],[-80.5912209997469,33.687204999900146],[-80.59109500024852,33.68687699967994],[-80.59093399969171,33.68645799991602],[-80.59070199988813,33.68590200013539],[-80.59056700016892,33.685579000086165],[-80.59026000002224,33.68484400036145],[-80.58986599983696,33.68434700026796],[-80.58977999962322,33.68423799998654],[-80.58959899987325,33.68413900030384],[-80.58805499981743,33.68329400008628],[-80.58521500030119,33.68175799974524],[-80.58512599971442,33.681707999896815],[-80.58473699955199,33.68157599964898],[-80.58422699991405,33.68140400022246],[-80.58371700027612,33.68123100026962],[-80.58102800037261,33.68032100007508],[-80.57881899996984,33.679542999800745],[-80.57656699990935,33.679067000329745],[-80.57484899977624,33.679014999995466],[-80.5741120003576,33.67899400011028],[-80.57395400017384,33.679013999787465],[-80.57292200030409,33.67914500002472],[-80.5718889997111,33.679276000062366],[-80.57125000020174,33.679357000179785],[-80.5682270003874,33.6798539999681],[-80.5667770000429,33.679917999923056],[-80.56520899969762,33.679712000108196],[-80.56498399956672,33.67963299997927],[-80.5634810004171,33.67910300031278],[-80.56235900013563,33.678395000372014],[-80.56135999987784,33.67721699968489],[-80.56092600040789,33.67611100029678],[-80.56072700021626,33.67560300007122],[-80.56046399955221,33.674828999997395],[-80.56021300038036,33.67409000000611],[-80.56014100041034,33.67288099971895],[-80.56020099978649,33.672662999848356],[-80.56051200013111,33.671537999832346],[-80.56156699956709,33.67023099986614],[-80.56416099993433,33.66758400012951],[-80.5645319996551,33.667125000160695],[-80.5649459999319,33.666611999672035],[-80.56535900038375,33.66610000022037],[-80.56537899957694,33.666075000233356],[-80.56539299982063,33.666041000000114],[-80.56550199960057,33.665774000208216],[-80.56560999955562,33.66550700033526],[-80.5656649998072,33.66537099991898],[-80.56565700030959,33.66532599985487],[-80.56554799963132,33.66473200024138],[-80.564868999939,33.66405900003432],[-80.56247499958829,33.662996999822575],[-80.55590300042813,33.66242400002739],[-80.55469900013094,33.6619170001149],[-80.55454599997006,33.66176799992799],[-80.55393900024774,33.66117599975723],[-80.55370800026907,33.65963000003293],[-80.55380199998041,33.65758099971763],[-80.55377100001827,33.65730300000986],[-80.5537519997517,33.65721600027995],[-80.55375000010187,33.65710499982643],[-80.55368800017759,33.65653999969069],[-80.55355500010819,33.65633000031576],[-80.55305100031805,33.65552999974717],[-80.55117699965102,33.652972999733095],[-80.54971499961094,33.6515969999377],[-80.54845699978537,33.65041299989571],[-80.54595500037794,33.64875400010726],[-80.53850700008536,33.6459199999541],[-80.53556000043899,33.644580999666466],[-80.53482200029711,33.6442460001136],[-80.53408499998012,33.64391100000499],[-80.53407199956133,33.64392100018338],[-80.53372299958188,33.6441860000002],[-80.53337399960243,33.644452000359074],[-80.5306610003078,33.646510999795794],[-80.52837499991213,33.648248000232904],[-80.52776800018981,33.64870900032612],[-80.52349500004752,33.65197200001767],[-80.52193300044833,33.65316000009026],[-80.52039900043825,33.654327000288866],[-80.52037099995084,33.654348999961904],[-80.51867399973415,33.655640999989046],[-80.51697800024066,33.656932000343005],[-80.5154330003599,33.65810700010707],[-80.51252500017328,33.66032200035202],[-80.51094400030755,33.66180599974426],[-80.50952999994806,33.66313599993629],[-80.50811300011382,33.66445399971316],[-80.50744500029215,33.66497799995964],[-80.50366300041952,33.6681980001853],[-80.50363099973416,33.66821299995772],[-80.50362099968842,33.668218000130445],[-80.50358300005358,33.668241999909],[-80.50354100022079,33.668267000013856],[-80.50351100008356,33.66828600035776],[-80.50338300003706,33.668366000028655],[-80.50326599986118,33.668448999870236],[-80.50322300020348,33.66848400022982],[-80.50315999955598,33.66853699978595],[-80.50306199964669,33.66862700026925],[-80.50247599984077,33.669217000108624],[-80.50223099961838,33.66946599991998],[-80.50210699976982,33.669591999657925],[-80.50194199991337,33.66976199965269],[-80.50172799965313,33.66996600024948],[-80.50156299979669,33.67003000008783],[-80.50121600036539,33.67040900031542],[-80.50040600025348,33.671295999880584],[-80.50017500027478,33.671547999790995],[-80.49982899977007,33.67192800034815],[-80.49980700002875,33.671946000340725],[-80.4993800002315,33.672403999715996],[-80.49804100021508,33.67384100012543],[-80.49759500015122,33.67432000015905],[-80.49755999999113,33.674412999860955],[-80.49747499960232,33.67468200026534],[-80.4974589997088,33.67476499999235],[-80.49737199967016,33.67501499969482],[-80.49733499986023,33.675091999821625],[-80.4965980004416,33.67729299985454],[-80.4961909998375,33.678439000111666],[-80.49617199957092,33.67848699993791],[-80.49613499976098,33.67858600014896],[-80.49596900007964,33.67908199970158],[-80.49580800042115,33.67958399984392],[-80.4957480001467,33.67978000021777],[-80.49561099987935,33.680175999655475],[-80.49557300024452,33.68027399997103],[-80.4953049995576,33.68107399992475],[-80.49523099993775,33.68127699966883],[-80.49512899983051,33.68158800029145],[-80.4949599997761,33.68212699964098],[-80.49389299974625,33.685293000086965],[-80.49387900040087,33.68537999982412],[-80.49381800030149,33.68561699984712],[-80.49378599961612,33.685685999901374],[-80.49220800012341,33.691088000010915],[-80.49197600031982,33.691886000111595],[-80.49110299956043,33.693802999932],[-80.49035799974584,33.6950670001735],[-80.48243900017336,33.70849399963422],[-80.48241300023408,33.70851300005493],[-80.48227500014183,33.70863499990267],[-80.48223900015681,33.70866899973138],[-80.48189699985004,33.70899300028098],[-80.48174200003935,33.70918800023697],[-80.48155299989347,33.709458000019985],[-80.48112899957093,33.71016200025571],[-80.48013000021146,33.711841000193154],[-80.47981399984397,33.71238699982744],[-80.47980399979824,33.71240399974799],[-80.47926599967288,33.71333199975598],[-80.47913000012875,33.713567000037145],[-80.47870900017928,33.714264999932276],[-80.4784439998654,33.71425600025774],[-80.47661100010458,33.714198999806136],[-80.47111299974868,33.714030999867425],[-80.46928099981275,33.713974999814816],[-80.46918600027652,33.71397199966418],[-80.46861899983885,33.713959999807884],[-80.46663299991715,33.713917999923915],[-80.46597099994324,33.71390500025814],[-80.46512300019648,33.71388700008537],[-80.46257999988288,33.71383400009441],[-80.46173299996104,33.71381699970971],[-80.46045300039418,33.71375999971392],[-80.45661399972182,33.71358900024677],[-80.45538100001063,33.71353500026565],[-80.45533499997988,33.71353500026565],[-80.4552889999491,33.713533999712155],[-80.45515599987972,33.71353200009964],[-80.45461899957931,33.71352499996095],[-80.45444100020238,33.71352300034822],[-80.45436400020948,33.7138790001734],[-80.45413400005572,33.71494999987645],[-80.4540629999106,33.715283000207464],[-80.45405799988772,33.715308000081485],[-80.45338400021825,33.7184450002118],[-80.45136499978628,33.72785899986516],[-80.45095300005762,33.72978100030066],[-80.4506910001168,33.73099699965885],[-80.45066000015467,33.73113899992742],[-80.45056700026825,33.73156800035332],[-80.45054399980371,33.731677999944615],[-80.45053700013102,33.73171200036026],[-80.45028500023594,33.73288899991753],[-80.4495289996524,33.73642099986768],[-80.44929299965084,33.737528000104525],[-80.44921999985591,33.737531000178905],[-80.44801999975667,33.73758099965971],[-80.44441899963401,33.73773400023568],[-80.443220000258,33.73778499986901],[-80.4411790000847,33.73787099995835],[-80.43505899993788,33.738129999975925],[-80.43301899958949,33.738216999985156],[-80.43092499971274,33.73830599968871],[-80.43085299974271,33.73809400007507],[-80.42863900021537,33.7314989997974],[-80.4279010000735,33.729300999742826],[-80.4270209996414,33.72696999978495],[-80.42593500024327,33.724090000054574],[-80.42999099975228,33.72239599977789],[-80.43228999966843,33.72143600004265],[-80.43291200035767,33.7211780001607],[-80.43312800026774,33.7198520002451],[-80.43410099968796,33.713879999975624],[-80.43442600027628,33.711889999871026],[-80.43150800004393,33.71214099976497],[-80.42275699971992,33.71289599990299],[-80.4198400002108,33.71314799965614],[-80.41733000040745,33.713354999834166],[-80.40980199974892,33.713976000363175],[-80.40729299977048,33.714183999838326],[-80.40554799987319,33.7143429998122],[-80.40031599965609,33.71482199979153],[-80.3987759997982,33.71496399992086],[-80.39857300030692,33.71498299965724],[-80.39725799968163,33.715095999693624],[-80.39331599997546,33.715436000189094],[-80.39200299989831,33.71555000015936],[-80.39201299994404,33.71606200024351],[-80.39204599955602,33.717601000133705],[-80.39205700032497,33.71811399969516],[-80.39207599969323,33.7190120002669],[-80.39213299959464,33.72170600016607],[-80.39215299968613,33.722605000222664],[-80.39220200008992,33.7228889999042],[-80.39234600002999,33.72372600024025],[-80.39234900040302,33.72374100003527],[-80.39239899973342,33.72402499969396],[-80.39243100041878,33.72429499989248],[-80.39253000015299,33.72510600029342],[-80.39256299976495,33.725376999748335],[-80.39261499964348,33.725604000367284],[-80.39275399956065,33.72620200009141],[-80.39280899981225,33.726246999664724],[-80.39281100036038,33.72626300017142],[-80.39285099964503,33.726494000056974],[-80.39286400006384,33.72657299968755],[-80.3929050000717,33.726809999637275],[-80.39291900031542,33.72688899972412],[-80.3929679998209,33.72723200026979],[-80.393115000134,33.7282629996753],[-80.3931639996395,33.728607000337206],[-80.39317899970811,33.72870899996435],[-80.39322499973886,33.72901599998566],[-80.39324099963238,33.72911900024566],[-80.39331099995259,33.72958299969546],[-80.39352199983976,33.73097599977804],[-80.39359299998488,33.73144099999094],[-80.3936359996426,33.731639000044495],[-80.39376799988707,33.732232999705154],[-80.393812000268,33.732431000172404],[-80.39434399964723,33.73483200018805],[-80.39594100030484,33.742035999945784],[-80.39647400040731,33.74443800025777],[-80.3965720003166,33.744893999767065],[-80.39686900041752,33.74626499995004],[-80.39696800015173,33.74672200036936],[-80.3969739999995,33.74674999980099],[-80.39698999989304,33.746824000122295],[-80.39698999989304,33.746834999700326],[-80.3969930002661,33.746864000006994]]]},"properties":{"kind":"inverted_mask"}}]}