{"type":"FeatureCollection","features":[{"type":"Feature","geometry":{"type":"Polygon","coordinates":[[[-80.21629300014341,33.987029999637734],[-80.21611400004326,33.988163999879525],[-80.21577799958428,33.9892560003488],[-80.21526499957331,33.99006700008744],[-80.21469200018618,33.990852000200185],[-80.21458400023113,33.99099299995978],[-80.21340800042135,33.991990999979],[-80.21240699961541,33.99260700033323],[-80.21196399992462,33.99285499965023],[-80.21136999972278,33.99311699969208],[-80.21030900043903,33.99345399976612],[-80.2092099997238,33.993661999763525],[-80.20767400006389,33.99374800018662],[-80.206499000079,33.99367599963046],[-80.2058940000065,33.993572999970205],[-80.20567200024865,33.99353499985431],[-80.2041409997133,33.993043000307914],[-80.20394800026777,33.99293600030945],[-80.20333700034749,33.993448999960435],[-80.20295099965979,33.99372200024109],[-80.20280800044299,33.99378999973805],[-80.20248799987753,33.993906999708926],[-80.20136899996912,33.99421499982964],[-80.20074899982802,33.99341999988996],[-80.1995989999575,33.99189700002793],[-80.19929299963574,33.99149199994497],[-80.19910199984002,33.99123199993174],[-80.19984400017988,33.99081800002772],[-80.20074899982802,33.99031000012403],[-80.20036200021374,33.989711999747364],[-80.19988400036284,33.988765999744324],[-80.19986900029423,33.98870300003622],[-80.19981800024061,33.98849699970695],[-80.19957399984312,33.98751999982405],[-80.19956799999535,33.98660899997565],[-80.19975700014123,33.98539099994632],[-80.20008699985412,33.98436700005419],[-80.2004939995599,33.983504999751034],[-80.20113100031776,33.98265899986439],[-80.201338000007,33.982425000073206],[-80.20166699989497,33.98205499990381],[-80.20132799996124,33.98165300029404],[-80.1978530002353,33.98170300006363],[-80.1961280004295,33.98172800030989],[-80.19572699967318,33.98172299981428],[-80.19569800025918,33.98129300004156],[-80.19477400034447,33.98129999987684],[-80.19415699967809,33.980600000086575],[-80.19352800021446,33.97996700020188],[-80.19302500024922,33.97996700020188],[-80.18625599964896,33.97996700020188],[-80.18623200025783,33.976458999774415],[-80.18623300008274,33.97627400031637],[-80.1890609999034,33.97614300013458],[-80.18908500019286,33.97668399996196],[-80.18910100008638,33.97686999972705],[-80.18942699960131,33.976864999690626],[-80.20181699968278,33.97666000017894],[-80.20179699959131,33.98116299980333],[-80.20260400022846,33.981153999894076],[-80.20383199991682,33.98049799988715],[-80.20535000003336,33.98001099994971],[-80.2069640004094,33.97967799964991],[-80.20897200007242,33.97954399972043],[-80.20950099997694,33.97957300005662],[-80.21024999998947,33.97982600002699],[-80.21117899992707,33.98015100014712],[-80.21231799992694,33.98068900005842],[-80.21350700015554,33.98135399997024],[-80.21436599977292,33.98212200015052],[-80.21524600020504,33.98319599991008],[-80.21538299957408,33.983390000365745],[-80.2157509998201,33.98393599987809],[-80.21577799958428,33.984009999743975],[-80.21609800014976,33.98494999988241],[-80.21626100035635,33.985991000138775],[-80.21629300014341,33.987029999637734]]]},"properties":{"GEOID":"4545295","BASENAME":"Mayesville","display_name":"Mayesville town","kind":"incorporated_town","tooltip":"Mayesville town, SC"}},{"type":"Feature","geometry":{"type":"Polygon","coordinates":[[[-80.47682100016686,33.73456999974792],[-80.47399900019398,33.73761900032133],[-80.47394099956934,33.73767600016176],[-80.47342400025872,33.73761900032133],[-80.47287699991254,33.73756999964194],[-80.47236399990155,33.73753600005358],[-80.4719170000128,33.73752099968159],[-80.47062999987493,33.73750999965618],[-80.47007599985606,33.73754700007565],[-80.4685660001354,33.7376909997596],[-80.46862200021191,33.73787400002068],[-80.4682270002017,33.73794400020103],[-80.46812799956918,33.73796199981133],[-80.4678549997577,33.73802200022805],[-80.46785899995565,33.73828200005473],[-80.46794199979634,33.73846600006505],[-80.46797299975847,33.740403000331405],[-80.46811199967566,33.740795000254366],[-80.4682210003539,33.74093299980469],[-80.46836000027109,33.74120999996431],[-80.4691019997126,33.74197300017676],[-80.46935000030805,33.74238800016331],[-80.46946300028596,33.743140000304315],[-80.46947300033169,33.74320499963146],[-80.46951699981432,33.74349500033885],[-80.46959899983008,33.74353999980694],[-80.46962700031749,33.743701999788115],[-80.46992900044127,33.74384100009062],[-80.47042300018568,33.743890000175796],[-80.4706159996312,33.74405200024288],[-80.47061700035444,33.74472099994871],[-80.47045400014781,33.74529699985591],[-80.47061999982917,33.745988999857644],[-80.47067500008076,33.746057999964],[-80.47070299966985,33.74624199972729],[-80.47103400010596,33.74709599986643],[-80.47115200010674,33.74740399998512],[-80.46845099960936,33.74747100013118],[-80.46749699955741,33.74749400002433],[-80.46571800022326,33.74744700007376],[-80.45925499994475,33.74724700032961],[-80.4588499998888,33.747251999637946],[-80.45288499955267,33.74719299986305],[-80.45287200003217,33.74522500007904],[-80.45276599972698,33.739496000199445],[-80.45278599981846,33.73865800027218],[-80.45278599981846,33.73856699966342],[-80.45270600035083,33.73226300005434],[-80.45797899967751,33.73231900013022],[-80.46024800035477,33.7323429999381],[-80.46477699969178,33.732431000172404],[-80.46478099988973,33.73239300020113],[-80.46482600009558,33.73230400034027],[-80.46503299978481,33.73206300001855],[-80.46511700034871,33.73195399976542],[-80.4652010000143,33.731865000196265],[-80.46526299993859,33.731839999914556],[-80.46532300021305,33.73182800031463],[-80.46535800037314,33.73182500004088],[-80.46543100016808,33.731819000240044],[-80.46662799989427,33.73188700019906],[-80.46644600031941,33.7321999998319],[-80.46626100037147,33.73250799964967],[-80.46744200020414,33.73248300030239],[-80.46757899957318,33.7324699997125],[-80.46768700042652,33.73248300030239],[-80.46791099983419,33.73248700013865],[-80.46986699961867,33.732519999901534],[-80.47001499975669,33.73280300006371],[-80.47004200041918,33.732986000292016],[-80.4701789997882,33.733466999982106],[-80.47016700009264,33.733654999642184],[-80.47123099974945,33.733655999961165],[-80.47074700005078,33.734206000306386],[-80.47072399958626,33.73461099967856],[-80.47101499983938,33.73497299978296],[-80.47120800018324,33.7356329996538],[-80.47269899963729,33.73381400015773],[-80.47621699991929,33.73442900023779],[-80.47682100016686,33.73456999974792]]]},"properties":{"GEOID":"4557085","BASENAME":"Pinewood","display_name":"Pinewood town","kind":"incorporated_town","tooltip":"Pinewood town, SC"}},{"type":"Feature","geometry":{"type":"Polygon","coordinates":[[[-80.4936579995696,33.970117999850096],[-80.4935449995917,33.97107100021971],[-80.49352200002548,33.97123299977396],[-80.49320800020612,33.972560999771154],[-80.49317700024399,33.97260099984426],[-80.49136600022446,33.972553000201295],[-80.49079600031206,33.97253100026273],[-80.49048699961726,33.97252699973148],[-80.49007800026166,33.97251099983959],[-80.48995299968988,33.9730800002448],[-80.48993699979636,33.97315300012334],[-80.48977500031297,33.97389900031022],[-80.48942999963315,33.97552899983363],[-80.48932199967811,33.97602900019306],[-80.48887099959141,33.97810300032751],[-80.48836500015143,33.98049700022053],[-80.4883130002729,33.98074299979503],[-80.48826200021927,33.981138000135815],[-80.48823899975474,33.98149499984539],[-80.488264999694,33.9820050003412],[-80.48827999976261,33.982132999996985],[-80.48831699957253,33.98236899988126],[-80.48836599997634,33.98263700030618],[-80.48841799985487,33.98282200007041],[-80.48850200041878,33.98307599969066],[-80.48859199993215,33.98330700027874],[-80.48870400008515,33.98355299991484],[-80.48879799979646,33.9837279999099],[-80.4888260002839,33.98377799994871],[-80.48906399993525,33.98421599977632],[-80.48984700028298,33.985563999922434],[-80.49049800038624,33.98668900029133],[-80.49096700001628,33.98746999975203],[-80.49030400021748,33.98745399969302],[-80.48895900035328,33.98747400032497],[-80.48857799968845,33.98747199966609],[-80.48748399989441,33.98747299999554],[-80.48408699998627,33.987481999980574],[-80.48399599974967,33.98748300030991],[-80.48381900019766,33.988808999837524],[-80.48380300030414,33.989545000362675],[-80.48389700001546,33.98955099995823],[-80.4839899999019,33.98955700029816],[-80.48425600004066,33.98957499982586],[-80.48478499994518,33.98961199991888],[-80.48722199995359,33.98996300022113],[-80.48761199994092,33.99000800030785],[-80.4883219995954,33.990090000255535],[-80.48857699986354,33.99012000027115],[-80.48858299971133,33.99020399996057],[-80.48858899955911,33.99025300036175],[-80.4885879997342,33.99026899989383],[-80.48859100010723,33.99032500009431],[-80.48861299984854,33.990665999747414],[-80.48861000037382,33.990703000110166],[-80.48860600017586,33.99073600003768],[-80.4886160002216,33.99074400013103],[-80.48862500044243,33.99074999964188],[-80.48861299984854,33.99080699981564],[-80.48859699995502,33.99088699990352],[-80.48843299992349,33.99171399972191],[-80.48859100010723,33.99172300000261],[-80.4904670004241,33.99185400000774],[-80.49047699957153,33.991812999777686],[-80.49057700002894,33.99138700004975],[-80.49064200032628,33.99147099997631],[-80.49064099960304,33.99153300032991],[-80.49069000000684,33.99160299990594],[-80.49077500039566,33.99167800007934],[-80.49081300003051,33.99174700000161],[-80.49095199994768,33.99184299992982],[-80.4910590000778,33.99193800021746],[-80.49107800034439,33.99198700036352],[-80.49115699998708,33.99205799984103],[-80.49123999982777,33.992098999952866],[-80.49132500021659,33.99217100035573],[-80.49134699995788,33.99225500025206],[-80.49134199993502,33.99229900034197],[-80.49135700000365,33.99236599996112],[-80.49137000042242,33.992430999730146],[-80.49136700004938,33.99248299965848],[-80.49143499982142,33.9925389998895],[-80.49149300044607,33.992615000250446],[-80.49149500009588,33.99262399969089],[-80.49153799975359,33.992699999975756],[-80.49157899976149,33.992771000347055],[-80.4916649999752,33.99277900024881],[-80.49173100009743,33.992779999770974],[-80.49177200010533,33.992823000067375],[-80.49183700040267,33.992866000342005],[-80.49186400016683,33.992872999968895],[-80.49192799974094,33.992897999908664],[-80.49199700023622,33.99290800032941],[-80.49205400013763,33.99294100014533],[-80.49209699979534,33.99294700024593],[-80.49211000021413,33.992984000360245],[-80.4921710003135,33.99305900005943],[-80.49216399974249,33.993068999716414],[-80.49230400038289,33.993141000042094],[-80.49232000027642,33.993128999867935],[-80.49231199988049,33.99320599996305],[-80.49232199992623,33.993229000026304],[-80.49238600039865,33.99327800017262],[-80.49252699996565,33.99338799977508],[-80.49245400017072,33.99339500010385],[-80.49233100014705,33.993401999687165],[-80.49225699962892,33.99340700024043],[-80.4919880000154,33.99342899998995],[-80.49171000018103,33.99344100012174],[-80.4913069997749,33.99344199963611],[-80.49107900016928,33.99342499969736],[-80.49054900043986,33.99337599963581],[-80.49038500040834,33.993361000204075],[-80.49014699985864,33.99333599965579],[-80.49011000004872,33.994009999709135],[-80.48692400002776,33.99540300036955],[-80.48642199988744,33.99484600036238],[-80.48592700031811,33.9947080002815],[-80.48419199956827,33.99422000033506],[-80.48227599996675,33.993681999679154],[-80.48142999986982,33.99344299989528],[-80.4802950000679,33.99312400004312],[-80.47956799979666,33.992919999789976],[-80.47953099998675,33.99291399968753],[-80.47949300035191,33.99276299969978],[-80.47939700009245,33.99239700018943],[-80.47922300001518,33.99151999964686],[-80.4791190002581,33.99122500016961],[-80.47921299996943,33.99103699995834],[-80.47567899979393,33.9908570001587],[-80.47358300026737,33.99002899989325],[-80.47205299955692,33.99024700007091],[-80.47071100006578,33.989481999742395],[-80.47028799956814,33.98924899967911],[-80.47243300039683,33.9867469998027],[-80.4722750002131,33.986256999628694],[-80.47037999962966,33.98691200028958],[-80.46884899999262,33.98742800005615],[-80.4685309999753,33.9875350002868],[-80.46427899974941,33.98900600033264],[-80.46398699967136,33.989113999631435],[-80.46394300018875,33.989130000122756],[-80.46389299996004,33.989152000234796],[-80.46372499973054,33.9891200000022],[-80.463636999867,33.98910400025385],[-80.4635170002164,33.989092999819874],[-80.46279599979295,33.98894600024911],[-80.46023599976088,33.99213399988733],[-80.45976399975778,33.99271899985015],[-80.45821100037944,33.991801999694395],[-80.4570480000901,33.9911169998297],[-80.45703100037166,33.991175000043135],[-80.4551180002449,33.9900679996415],[-80.45498099997754,33.990145000276065],[-80.45477000009035,33.990262000052354],[-80.45446399976859,33.990432999951224],[-80.45429999973707,33.99024299962856],[-80.45417800043664,33.99006599978858],[-80.4540629999106,33.9899089996388],[-80.45391499977259,33.98973100028988],[-80.45389200020637,33.98962099967733],[-80.45367299992327,33.989360000335594],[-80.4536119998239,33.98928400004263],[-80.45350899989174,33.98917699977965],[-80.4533590001039,33.98905300005816],[-80.45320000009524,33.98892799984338],[-80.45304799975929,33.98877599990654],[-80.45291899988786,33.988609000172126],[-80.45284000024513,33.9885050000111],[-80.45275700040446,33.98841700034842],[-80.45267000036583,33.988374000056865],[-80.45246699997622,33.98823700021286],[-80.45231499964027,33.98810000014793],[-80.45222900032485,33.98799800001052],[-80.45213499971521,33.98788600022985],[-80.45199099977516,33.98782499977512],[-80.45179900015455,33.98774099996861],[-80.45172600035961,33.98770800036775],[-80.4521199996466,33.987311000102274],[-80.4525980003958,33.986819000271225],[-80.45271399984844,33.98670000029156],[-80.45310399983579,33.98630000024655],[-80.4529719995913,33.98627400025662],[-80.45287100020728,33.98627400025662],[-80.45268899973408,33.98622899968241],[-80.45260099987054,33.98618399982918],[-80.45251800002985,33.98612999982488],[-80.45244799970965,33.98606600005122],[-80.45233599955667,33.985991000138775],[-80.45222400030198,33.985968000351036],[-80.45217400007327,33.98595799985841],[-80.45195499979015,33.98593800035936],[-80.45181900024603,33.98593700001186],[-80.45175999979648,33.98593700001186],[-80.45161300038171,33.985940999912096],[-80.45151799994716,33.985950999661846],[-80.4513589999385,33.9858860001502],[-80.45127100007495,33.985809999729916],[-80.45135499974053,33.98568400035347],[-80.45135599956545,33.98558099994417],[-80.45138300022793,33.985503999643356],[-80.45137599965692,33.98549199988045],[-80.45134800006784,33.98544799999028],[-80.45141900021295,33.98532400004177],[-80.45141099981703,33.98519200004201],[-80.45141199964193,33.985069000077814],[-80.45132799997636,33.98496199972189],[-80.45123300044013,33.98484399973708],[-80.45117499981548,33.98470599979954],[-80.45108100010415,33.98459699974984],[-80.45096399992829,33.98448899992494],[-80.4508879997603,33.984390000275255],[-80.45079999989674,33.984310999651925],[-80.4506700002004,33.984294999743014],[-80.45060200042833,33.98429899972052],[-80.4505220000624,33.98430400006458],[-80.45042800035108,33.98423500005786],[-80.45041699958212,33.984175999953756],[-80.45048400042758,33.98411600018455],[-80.4506069995529,33.98397999980612],[-80.45060200042833,33.98389999992],[-80.45043800039683,33.983803999957296],[-80.45033799993939,33.98367300020567],[-80.45023199963418,33.9835939996608],[-80.45013700009794,33.983504999751034],[-80.45001499989921,33.98337600029392],[-80.44971399960033,33.98326700002839],[-80.4495849997289,33.983216999688985],[-80.44945500003254,33.98318700021608],[-80.44930699989455,33.98311199999776],[-80.44916600032755,33.98303299967637],[-80.44897800000656,33.9829829999442],[-80.44886000000581,33.98297299984525],[-80.44875799989855,33.98297299984525],[-80.44865900016434,33.982972000207745],[-80.44837999960677,33.982952999643814],[-80.44828199969749,33.98290499988613],[-80.44825199956024,33.982842000302625],[-80.44824200041282,33.98278799966477],[-80.4482209995981,33.98259899976922],[-80.44820600042782,33.982492999671486],[-80.44822899999403,33.982423000040384],[-80.44829199974322,33.98233700007421],[-80.44830099996405,33.982261000204915],[-80.44833000027637,33.98217099999738],[-80.44836999956104,33.98210300014155],[-80.44842800018567,33.98208499977624],[-80.44846599982048,33.981971000353724],[-80.44842200033789,33.98190899972804],[-80.44847500004133,33.981861999776235],[-80.4484519995768,33.9818140001473],[-80.44844599972902,33.98175699990101],[-80.44849599995773,33.98165199989609],[-80.44849199975977,33.98157899986586],[-80.4484940003079,33.981468999875425],[-80.44842200033789,33.981345999737854],[-80.44840800009418,33.9810720002632],[-80.44809099990178,33.98033100027491],[-80.44798799996961,33.980618000021444],[-80.44791400034977,33.98082499974328],[-80.44789199971014,33.980885000345744],[-80.44782899996095,33.98106400000428],[-80.44764099963997,33.981591000181254],[-80.44610699962989,33.985882999850666],[-80.44488999981222,33.989261999964775],[-80.44460399958194,33.98926300027314],[-80.43877800006129,33.98924100018984],[-80.43875799996982,33.98919099964075],[-80.438672999581,33.98902700016564],[-80.43863999996903,33.98896300033918],[-80.43855200010549,33.988803000189584],[-80.43843099973165,33.98864400005441],[-80.43828400031687,33.98846899975382],[-80.43806599985868,33.98825199980419],[-80.43766900019865,33.98792099966509],[-80.43469700043794,33.98539499987225],[-80.43423200010753,33.98499099969938],[-80.43340199990412,33.98431000003014],[-80.43334400017781,33.984262000293896],[-80.4332019998876,33.9841620000114],[-80.43309399993255,33.98408699990852],[-80.43307499966598,33.9840749999455],[-80.43280699987739,33.983905000287535],[-80.43219099993422,33.983609000071645],[-80.43178900025133,33.983439000226475],[-80.43152599958728,33.983348999776496],[-80.43148799995245,33.98333600007606],[-80.43107100020092,33.983214000040064],[-80.43061199971831,33.983109999981096],[-80.428690000269,33.982751000325244],[-80.42746099985744,33.98253700034651],[-80.42733899965872,33.98457299996612],[-80.42731699991741,33.984936999681956],[-80.42690699983858,33.98492400022438],[-80.42535699993496,33.98487499973005],[-80.4200090002652,33.98480600018686],[-80.41906199988594,33.98480699980281],[-80.4186509999822,33.98480699980281],[-80.41799700040423,33.984808000163625],[-80.41775300000675,33.98481800004667],[-80.41771600019683,33.984827999928505],[-80.41756800005882,33.98486600021383],[-80.41748600004306,33.984893999864255],[-80.41744800040823,33.984907000071296],[-80.41734399975284,33.984941999988486],[-80.41642300021117,33.985270000235936],[-80.41544999989264,33.98561600032867],[-80.41517000040847,33.985730000076515],[-80.41502899994316,33.9852119997166],[-80.4149319998588,33.984967999641],[-80.4148349997744,33.98466899980519],[-80.414777999873,33.98449000028948],[-80.414741999888,33.98442600002576],[-80.4146239998872,33.98421999975754],[-80.41435199990065,33.98392100026986],[-80.41428400012857,33.98384500032707],[-80.41423200025004,33.98378700032503],[-80.4138909997682,33.98340999971946],[-80.41354900035975,33.98265899986439],[-80.41358600016967,33.982462000299556],[-80.41358699999459,33.982284999896564],[-80.41362999965229,33.98223200004083],[-80.41369300029979,33.98215299964645],[-80.4136940001247,33.982086999817014],[-80.41375500022407,33.982054000255495],[-80.41396100008839,33.98193399991365],[-80.41404099955602,33.98182299998668],[-80.41409400015779,33.981823999637705],[-80.4140949999827,33.981735000109346],[-80.4143069996948,33.98164799979401],[-80.41440600032732,33.98164000033421],[-80.41457100018377,33.98158299997118],[-80.41465200037462,33.98158299997118],[-80.4149960003312,33.98158500002377],[-80.41504999985955,33.9815630001876],[-80.4150249997452,33.981451999776155],[-80.41483899997236,33.98140699962849],[-80.4147639996293,33.981364999916075],[-80.4147069997279,33.98136200020186],[-80.41451900030522,33.981321999781095],[-80.41438200003788,33.98134399967964],[-80.41430900024294,33.9813609998005],[-80.41415000023427,33.981360000144036],[-80.41396399956312,33.981490999735925],[-80.4137719999425,33.981529999677804],[-80.41353900031402,33.981533999785434],[-80.41335199981795,33.981621000217444],[-80.4130460003945,33.98165399994706],[-80.41279500032434,33.98168500035852],[-80.4126100003764,33.98161799976736],[-80.4123989995909,33.98152800036882],[-80.41233300036697,33.98145399983183],[-80.41228999981095,33.98141499985514],[-80.41219899957436,33.98131900006536],[-80.41203000041828,33.98117300011522],[-80.41187100040962,33.98110599986541],[-80.41173800034024,33.98103100004561],[-80.41166800002001,33.980941000025595],[-80.41161799979132,33.980832000362014],[-80.4115819998063,33.980751000084176],[-80.41152999992777,33.980662000177254],[-80.41144899973692,33.98055199974509],[-80.41139900040652,33.98050699986585],[-80.41131800021566,33.98042500035572],[-80.41126700016203,33.98037400016628],[-80.41108499968884,33.98022399991384],[-80.4109769997338,33.98015100014712],[-80.41093200042627,33.98009400027548],[-80.4109120003348,33.97998300018053],[-80.41079400033402,33.979841000357865],[-80.41054400008876,33.979461000347506],[-80.41053300021811,33.97937399993954],[-80.41047899979142,33.97922100036754],[-80.41048100033957,33.97911299967129],[-80.41050800010375,33.97899600018998],[-80.41026999955407,33.97884400036867],[-80.41027100027728,33.97877399996743],[-80.41009999967476,33.97863200036],[-80.41001799965899,33.97856399990793],[-80.40996999997841,33.97849100020561],[-80.40987000041929,33.97844599998031],[-80.4097930004264,33.9782939999205],[-80.40980199974892,33.97824700020478],[-80.40980400029706,33.97820199985033],[-80.4097800000076,33.97808299972518],[-80.40987799991689,33.977868999913646],[-80.4100119998112,33.97778200011128],[-80.41006200003993,33.97775799989326],[-80.410089999629,33.97773799995465],[-80.41027799994998,33.97773899965372],[-80.41034300024731,33.977740000097704],[-80.41048999966209,33.977740000097704],[-80.41053099966997,33.97770500019475],[-80.41066299991444,33.977596000106615],[-80.41070300009741,33.977553000299984],[-80.41070300009741,33.97749800032502],[-80.41070399992233,33.977408999992136],[-80.41062399955638,33.977364999642525],[-80.41041199984427,33.97736399993906],[-80.41014700042872,33.977361999787156],[-80.41001500018425,33.977361999787156],[-80.40979799955096,33.97735699977968],[-80.40967100022766,33.977272000352315],[-80.40970499966454,33.97721500004021],[-80.40975099969529,33.97713999976732],[-80.40975200041852,33.977050999804675],[-80.40961900034912,33.9770279998326],[-80.40952499973949,33.97701999993805],[-80.40948700010465,33.9770279998326],[-80.409328000096,33.97698300032282],[-80.40931300002738,33.97695600000954],[-80.40919699967642,33.97676100005827],[-80.4091880003539,33.97660600008356],[-80.40914499979789,33.97651800002028],[-80.40909799994222,33.976458000060305],[-80.40888200003215,33.976272999855134],[-80.40874999978767,33.97622899966254],[-80.40869899973404,33.97625100013416],[-80.40863599998485,33.9762380000932],[-80.40842900029563,33.97619899995832],[-80.4083499997546,33.97617700021819],[-80.4067170000103,33.97688400012544],[-80.40562700041423,33.97735600007613],[-80.40508099989297,33.97759199981374],[-80.40449900028499,33.977286999643994],[-80.40405099967303,33.97747600017608],[-80.40316500029145,33.97785300028206],[-80.40259799985378,33.97756499969381],[-80.40229200043035,33.97740999969508],[-80.40203700016224,33.97727599991536],[-80.40304999976541,33.976843000122834],[-80.4035340003624,33.976637000101135],[-80.40323300006352,33.976483000359146],[-80.40277799977883,33.9762519998507],[-80.40546699968233,33.97509800028835],[-80.40578600042289,33.97496199963619],[-80.40563200043708,33.97476399963425],[-80.40573299982113,33.97443099964098],[-80.40518499965003,33.97373300014572],[-80.40470500014932,33.97348099967156],[-80.40403399995459,33.97275899968828],[-80.4032399997362,33.97304899967535],[-80.40294699983325,33.97315699988016],[-80.40265200028047,33.972825999811704],[-80.40244800006597,33.97265800026975],[-80.40223899982858,33.97238500012002],[-80.40214900031522,33.97229100008933],[-80.40222600030812,33.972222999780506],[-80.40268099969448,33.97182499968683],[-80.40411799962018,33.970566999881186],[-80.40415199995537,33.970597000082506],[-80.40432000018485,33.97067600004054],[-80.40440899987331,33.970628999838574],[-80.405477999553,33.96984499974083],[-80.40592399961683,33.969518999913994],[-80.40608400034871,33.9694010000983],[-80.40599599958686,33.969179999952466],[-80.40564999998045,33.9690250003132],[-80.40538300001676,33.968971999641184],[-80.40522900003097,33.968971999641184],[-80.40490000014299,33.96897399999047],[-80.40428199965172,33.96906000006421],[-80.40402499973376,33.96906400001353],[-80.4039340003955,33.96914200010551],[-80.40367400010447,33.96933800019279],[-80.40289800032775,33.969903000314936],[-80.40288699955879,33.96991100013411],[-80.40246499978441,33.970229000159705],[-80.40220299984357,33.9704539996984],[-80.40158000022772,33.97108200000605],[-80.40151699958022,33.97100499998173],[-80.40147399992252,33.97094799993814],[-80.40144200013546,33.970860999758784],[-80.40139699992963,33.97077199992846],[-80.40131200043913,33.97065200005162],[-80.40113900018677,33.97051700026717],[-80.40102600020887,33.97036500018712],[-80.40098799967572,33.970282000048314],[-80.40099500024672,33.97015399968447],[-80.40096900030747,33.97003699979448],[-80.40092900012449,33.96998699986885],[-80.40087999972069,33.969862999717684],[-80.40085700015446,33.96978600007963],[-80.40085899980429,33.96973200008864],[-80.40075800042025,33.969557000337545],[-80.40073199958269,33.96945600009591],[-80.4007399999786,33.96933400025637],[-80.40062700000071,33.96917699980832],[-80.40042799980908,33.969053999767354],[-80.4003879996261,33.968986999651975],[-80.40023500036355,33.968868000039784],[-80.40019699983038,33.96878499992995],[-80.40007200015692,33.9685800003079],[-80.40001600008043,33.96848700034911],[-80.39989200023186,33.968387999944774],[-80.39972499982728,33.9682580000892],[-80.39967299994875,33.96821800020826],[-80.39958500008518,33.96807299992348],[-80.39942500025164,33.967845999669606],[-80.39937599984783,33.967770000256614],[-80.39937099982495,33.96772200012183],[-80.39935199955838,33.9676169999188],[-80.39922299968694,33.967353999678494],[-80.39918900025008,33.967230999980984],[-80.39918199967906,33.96720900015565],[-80.39904600013493,33.966791000158075],[-80.3990009999291,33.96666299975506],[-80.39885299979109,33.966546000277546],[-80.39885299979109,33.966315000339776],[-80.39853700032192,33.966520000206174],[-80.39810100030383,33.9667929998136],[-80.39597599956662,33.968294999776084],[-80.39549199986796,33.96804899994498],[-80.3948190000234,33.96770900026696],[-80.39433899962438,33.96746599969042],[-80.39379499965125,33.96718999979399],[-80.39378499960551,33.96711600018772],[-80.39374299977273,33.966825000255994],[-80.39372199985633,33.966674000111546],[-80.39370500013787,33.96666299975506],[-80.39334899958742,33.96643399979909],[-80.3926230000394,33.96570099985154],[-80.38973499994428,33.96766199991526],[-80.38888100034976,33.96824100032835],[-80.38924600022274,33.96850300025314],[-80.38947800002634,33.968669000197224],[-80.38955699966905,33.968726000278316],[-80.3911939996113,33.96761399971952],[-80.39166700033763,33.96809799970763],[-80.3911080002959,33.96848400018052],[-80.39164100039837,33.96901000030911],[-80.39191199966169,33.968827999700714],[-80.39244599958909,33.96936700028518],[-80.39283899994948,33.96968699969744],[-80.39288800035328,33.96986500004599],[-80.39322899993681,33.9701790003469],[-80.39356200002274,33.96994700005611],[-80.39388300041311,33.97017799981395],[-80.39585500009112,33.97160099982192],[-80.3943339996015,33.97274400034278],[-80.39497200018427,33.973204000174775],[-80.39521599968344,33.97301799983953],[-80.39557800008168,33.97275599967041],[-80.39613999959816,33.973160999636775],[-80.39553100022601,33.97360900024226],[-80.39748799983542,33.97503500013382],[-80.39768299982909,33.97484499965694],[-80.39834099960501,33.974203999969546],[-80.39885899963888,33.97459100002644],[-80.39842500016891,33.97499799965469],[-80.3982259999773,33.97518799978968],[-80.39805400044816,33.97535400009331],[-80.39801400026519,33.9753989997204],[-80.39800099984639,33.97539099967256],[-80.39793399989924,33.97549399976537],[-80.39822799962711,33.97571400016776],[-80.39827399965786,33.975743000320605],[-80.39850700018468,33.97599700023431],[-80.39861099994177,33.976132000257934],[-80.39868499956161,33.976240000271545],[-80.39884299974536,33.97608500009194],[-80.39898599986049,33.97594499990311],[-80.39915400008998,33.97577399990783],[-80.39932499979419,33.97560699995515],[-80.39984100017823,33.97513299977466],[-80.39977900025396,33.97509699981332],[-80.39919400027294,33.974777999634526],[-80.39929200018224,33.97468900017909],[-80.39969499969006,33.97425200017047],[-80.40101399961499,33.97493099975285],[-80.40098000017811,33.97497900028832],[-80.40061699995495,33.97534999969489],[-80.40110700039972,33.97560199984445],[-80.4019359998799,33.97601699983747],[-80.40064999956692,33.97656599965975],[-80.39965000038252,33.976053999873145],[-80.39944600016803,33.97618000011537],[-80.3992269998849,33.9762960000314],[-80.39891300006556,33.97647100006763],[-80.39891800008841,33.976486000245515],[-80.39895200042362,33.97658299999116],[-80.39904699995985,33.97676100005827],[-80.39929700020511,33.97718999995662],[-80.39963500031392,33.977772000145414],[-80.3999299998667,33.978288000275235],[-80.40061100010716,33.97943100029395],[-80.40093400014734,33.97930100018784],[-80.40255500019609,33.97860499982551],[-80.40299100021419,33.978402999858645],[-80.40318600020784,33.97830300013255],[-80.4032320002386,33.97832700019671],[-80.4037040002417,33.97857099996793],[-80.40403800015255,33.97873700037061],[-80.40437799991118,33.97892099999845],[-80.4046409996769,33.97907499979373],[-80.40488400024947,33.9792409999572],[-80.40519200022104,33.979459000244944],[-80.40545499998679,33.97965100019255],[-80.40550699986531,33.97969300000688],[-80.40562999988896,33.97979499968245],[-80.4056890003385,33.979842000032185],[-80.40566400022414,33.979853000173684],[-80.40548599994892,33.97993199972597],[-80.4051699995814,33.98006700020533],[-80.40460999971476,33.980307999700486],[-80.40463599965403,33.980329000192825],[-80.40185399986413,33.98152200020689],[-80.4017609999777,33.981364999916075],[-80.40138000021119,33.980722999813814],[-80.40044200005278,33.98110300014205],[-80.40030499978542,33.98115899967824],[-80.40060899955904,33.98167599975968],[-80.40070900001646,33.981846000151236],[-80.40028800006698,33.98201499980919],[-80.39994499993531,33.98215800011677],[-80.39976699966007,33.982219000169565],[-80.39954900010018,33.98231899975845],[-80.39683099988437,33.98336400023052],[-80.39621400011632,33.98359900004634],[-80.39551799980723,33.98386900031637],[-80.39526099988927,33.98397999980612],[-80.3915099999788,33.98539299990931],[-80.38960400042303,33.98612000009619],[-80.38900500019832,33.98633700027572],[-80.38739400019534,33.98324699989614],[-80.38848899981429,33.983578999992204],[-80.38875499995306,33.982132999996985],[-80.3874839997087,33.981750000103354],[-80.38770600036487,33.98123899990948],[-80.38825899966052,33.97975999988059],[-80.38864899964786,33.978664000071916],[-80.38893900007606,33.97788199970522],[-80.38917199970459,33.97724899969514],[-80.38929399990332,33.97690400026489],[-80.3893199998426,33.97682700029815],[-80.38932599969037,33.97681000001549],[-80.38923899965174,33.976753000138594],[-80.38888100034976,33.97629300013831],[-80.38776699956593,33.97709899988818],[-80.38774599964954,33.97711199979749],[-80.38750100032546,33.976778000350684],[-80.38720500004945,33.97637700008443],[-80.38628100013473,33.97683800008483],[-80.38386099984474,33.97808200003017],[-80.38338499964368,33.97832700019671],[-80.3827879999671,33.976267000067246],[-80.38239700015487,33.97491500031332],[-80.38173500018095,33.97263499985435],[-80.38115699987264,33.972300999954925],[-80.38061500044766,33.97198700003964],[-80.38011499995713,33.97169799992569],[-80.37763600011594,33.97026499994709],[-80.37745299981783,33.970114999739046],[-80.37667500039129,33.969709000371786],[-80.37813200040847,33.96933299971345],[-80.37709700016569,33.966842000299884],[-80.38208900018329,33.964658000279556],[-80.38242700029208,33.96515400035369],[-80.38339499968943,33.96472900023323],[-80.38345800033693,33.96469900019709],[-80.38340800010823,33.964624000060425],[-80.38304099968711,33.964079000061126],[-80.38218799991748,33.96272000036925],[-80.38180600032607,33.962111000166395],[-80.38171500008947,33.96196699978575],[-80.38147300024013,33.96206199993492],[-80.38093900031275,33.96202499977175],[-80.38102499962817,33.96210199973067],[-80.38154699985999,33.96299199963493],[-80.38124999975906,33.963117999860074],[-80.38090499997757,33.96327000022629],[-80.38059700000599,33.96340600020608],[-80.37977600002344,33.96376700006196],[-80.37959699992328,33.963845999658936],[-80.37931200041625,33.96397200010915],[-80.3783590001892,33.964392000262],[-80.37754099968139,33.9647759999706],[-80.37668500043704,33.96514899962834],[-80.37637099971936,33.9644030001672],[-80.3778660002697,33.9632350003278],[-80.3789070003603,33.962419999896674],[-80.37899799969858,33.96234900025085],[-80.37887100037528,33.96216599966281],[-80.37869200027512,33.96190699998981],[-80.37866399978773,33.96187300016117],[-80.37894800036817,33.961626999637446],[-80.37920199991306,33.96140799993562],[-80.37942399967092,33.96122000009228],[-80.37957799965672,33.96109100035174],[-80.3797109997261,33.9609819998294],[-80.37974699971112,33.96101199968633],[-80.37999600013146,33.96140199984402],[-80.38016699983568,33.961414000026856],[-80.38065300008249,33.961447000148354],[-80.38123600041368,33.96120199977636],[-80.38133400032297,33.96112599964227],[-80.38114099997911,33.96082100001914],[-80.38008700036805,33.95915999981275],[-80.37997400039013,33.95897100029752],[-80.37984100032075,33.958680999992254],[-80.37980699998558,33.95860200006921],[-80.37977799967325,33.95847100023328],[-80.37975199973397,33.95830299990381],[-80.37973599984046,33.95813899970577],[-80.37974099986332,33.95798300013264],[-80.3797459998862,33.95791299969622],[-80.37977400037362,33.957555000140516],[-80.37981200000844,33.9572800000645],[-80.37971300027424,33.95729300002308],[-80.37764600016168,33.95756899999331],[-80.37730200020509,33.95760100018028],[-80.3772119997934,33.957604999923376],[-80.37696999994407,33.95761400008982],[-80.37657900013183,33.95760100018028],[-80.37651200018466,33.95759799962772],[-80.37635300017601,33.95759200001246],[-80.37626899961211,33.95758599965172],[-80.37591999963266,33.95775499984076],[-80.37457200029371,33.958411000206894],[-80.37449500030083,33.95844899963242],[-80.3744300000035,33.95848100023351],[-80.37401699955163,33.958680999992254],[-80.37330400042241,33.95903000000991],[-80.37290600003915,33.9592249996397],[-80.37259399986961,33.95936700036126],[-80.37273699998475,33.95956499970197],[-80.37330199987426,33.96037399975368],[-80.37364699965576,33.96021500009305],[-80.37432799989624,33.96129700003476],[-80.37363800033324,33.96162300008344],[-80.37322099968343,33.961821000133966],[-80.37178799995567,33.96251100002764],[-80.37155600015207,33.962651999858195],[-80.37127300029486,33.9628089996851],[-80.37088400013243,33.96256699988789],[-80.37059500042744,33.962370999843145],[-80.37034900038013,33.962139999742725],[-80.37025099957253,33.96199600015621],[-80.37019399967112,33.961941999689635],[-80.3700720003707,33.962016000072005],[-80.36925100038813,33.96101799980549],[-80.3693819999094,33.96092399987736],[-80.3695230003747,33.96093400033436],[-80.36969300025402,33.96099099963859],[-80.36994199977605,33.96102700035592],[-80.37005300010412,33.96104599985914],[-80.37023100037936,33.96104599985914],[-80.37035199985486,33.96102499981975],[-80.37038700001496,33.96087700024684],[-80.37051199968843,33.96065600030465],[-80.37060899977283,33.9604850001138],[-80.3707900004211,33.9600150002151],[-80.37080700013955,33.959895000062644],[-80.37080999961427,33.959438000260604],[-80.37078700004804,33.95925500011622],[-80.37062200019162,33.958671000015514],[-80.37047999990138,33.958008999832984],[-80.37041399977915,33.95775499984076],[-80.3718180000929,33.95719799976408],[-80.3729520000699,33.956747999998164],[-80.37316399978201,33.956650000034905],[-80.37192000020015,33.95594500021897],[-80.371043999966,33.95546200033728],[-80.37091099989661,33.955621999898305],[-80.37078299985008,33.95577800007478],[-80.36916599999932,33.95774100001862],[-80.36836400028334,33.957273999681696],[-80.36981299990461,33.954999000024316],[-80.36991400018694,33.954841999941635],[-80.36961700008604,33.95468299962913],[-80.36827899989453,33.95392600027147],[-80.36815199967292,33.953856000223034],[-80.36782100013512,33.953673999976544],[-80.36766100030155,33.95379999984475],[-80.36682799972512,33.954464999908076],[-80.3665170002788,33.95469000016467],[-80.36597900015346,33.954387999743226],[-80.36556900007463,33.9541570003209],[-80.36592200025204,33.953880999714684],[-80.36551299999813,33.953649999661145],[-80.36629600034587,33.95303800013614],[-80.36645500035452,33.95291499985744],[-80.36615300023074,33.952744999749065],[-80.3659680002828,33.952641999675976],[-80.36559699966374,33.95243599990095],[-80.36551899984592,33.952606999876],[-80.36511100031522,33.95351299974925],[-80.3649539999564,33.95371300000892],[-80.364095000339,33.95433499963765],[-80.36378700036742,33.95455900026644],[-80.36372500044315,33.95452399976465],[-80.36272799983517,33.95397499997311],[-80.36233100017515,33.95426999980053],[-80.36176799993544,33.95491399985893],[-80.36034600007835,33.9559349999206],[-80.36100200020446,33.956525999813174],[-80.3612089998937,33.958490000307286],[-80.36124099968076,33.959119000205874],[-80.36156899974382,33.959567000272415],[-80.36191699989836,33.95966399994453],[-80.3626669997358,33.95984400022598],[-80.36323599982329,33.95998599991435],[-80.36335100034933,33.96001199974768],[-80.36369299975777,33.95987999993856],[-80.36382400017736,33.95994900033844],[-80.36470000041149,33.959603000102206],[-80.36531899982937,33.95935900029545],[-80.36605299977329,33.95906799990407],[-80.36639599990498,33.958933000360034],[-80.36633599963052,33.95885399992589],[-80.36560400023474,33.957552000331454],[-80.36660000011948,33.95716500022975],[-80.36737500007128,33.95854799968349],[-80.36642500021729,33.9589219997475],[-80.36645799982924,33.95900599971507],[-80.36635300024727,33.9610759996935],[-80.36580599990108,33.96102100023744],[-80.36524500020954,33.96089499988648],[-80.3651869995849,33.96085199983043],[-80.36513999972924,33.96080300036383],[-80.36504000017011,33.96077299968815],[-80.36495599960621,33.96074399964581],[-80.36466000022853,33.96065600030465],[-80.36456999981682,33.960602999633],[-80.36439400008973,33.96042699982285],[-80.36415100041549,33.96017500015507],[-80.36398099963786,33.9600570000422],[-80.3639200004368,33.96004999994824],[-80.36380300026096,33.960038000318086],[-80.3635730001072,33.9600460003201],[-80.36321900010485,33.9601869997659],[-80.36311600017268,33.96021699990318],[-80.3628700001254,33.96027600024166],[-80.36258600044326,33.96032500001176],[-80.36242700043462,33.960342999768194],[-80.35983399989227,33.960479999859054],[-80.35979399970931,33.959930999753574],[-80.35965599961702,33.95821800005872],[-80.35965499979213,33.95820600017017],[-80.35943100038446,33.958089000236725],[-80.35932799955398,33.958029999871705],[-80.35928599972118,33.957997999846086],[-80.3592360003908,33.9579319998949],[-80.3591889996368,33.95787300016613],[-80.35915600002484,33.957833999805175],[-80.35912000003982,33.95778600002416],[-80.35907499983398,33.95773399973417],[-80.3589979998411,33.95769500005456],[-80.35894000011477,33.95767000019325],[-80.35882499958872,33.95762300025531],[-80.35876799968733,33.957593999884295],[-80.35872000000676,33.957553000267815],[-80.35869099969443,33.95751299982335],[-80.3586389998159,33.957436000181495],[-80.35856400037115,33.957381999800816],[-80.35848200035537,33.95732700019197],[-80.35839399959352,33.957268999983356],[-80.35835500013377,33.957247999756746],[-80.35825999969921,33.9572020002713],[-80.35816000014009,33.95711099967706],[-80.35811300028443,33.9570650001175],[-80.3581109997363,33.95702600013128],[-80.35810499988851,33.9569880000702],[-80.35809800021582,33.95694900004863],[-80.35807499975128,33.95687499972944],[-80.35805499965979,33.956752999727186],[-80.35804299996423,33.95673699984823],[-80.35801000035227,33.956650000034905],[-80.35799299973552,33.95654700021799],[-80.35797500019218,33.956514999634535],[-80.35790700042011,33.956553999854975],[-80.35446399958288,33.95848699978608],[-80.3527680000894,33.9573160001169],[-80.35207900035132,33.95685899987345],[-80.35127699973702,33.95637899981495],[-80.35066800036488,33.956894000159885],[-80.34980600037444,33.95773199986562],[-80.34946900009055,33.95805700023325],[-80.3494029999683,33.958125999876444],[-80.34939799994545,33.95821199974207],[-80.34938600024986,33.95836799964042],[-80.34933199982319,33.95902299983145],[-80.35046099977734,33.960427999725425],[-80.35106199965188,33.96117600030673],[-80.35275600039384,33.963283999883636],[-80.35269199992143,33.96331399967376],[-80.35071900041851,33.964094000189874],[-80.35068000006046,33.96403600012449],[-80.35063700040274,33.963928000256985],[-80.35087199968106,33.96383200009409],[-80.35007699963778,33.96265600010889],[-80.349521999794,33.96234800037085],[-80.34980700019936,33.96184800003743],[-80.34953400038788,33.96149500009903],[-80.34830999999919,33.959911000092745],[-80.34818399960248,33.959747999924566],[-80.34717400037236,33.958442000151265],[-80.34695000006636,33.958152000278155],[-80.34639500022259,33.95814599995689],[-80.34472800014312,33.958124999946754],[-80.3445790001802,33.95794100002671],[-80.34594099976283,33.95796200008226],[-80.34601799975573,33.95796599980839],[-80.34646899984244,33.95799100032783],[-80.34792699968455,33.954947000266294],[-80.34748999984153,33.95481999989268],[-80.34742500044251,33.95480099974424],[-80.34739000028243,33.95487299969616],[-80.34646899984244,33.95457199989561],[-80.34692999997489,33.95359499987533],[-80.34742700009234,33.952541000213934],[-80.34797500026343,33.95184599992006],[-80.34803899983753,33.95175700031303],[-80.34805499973106,33.95162600037047],[-80.34809599973893,33.95129599997968],[-80.34791099979101,33.95128099982987],[-80.34766899994169,33.951261999636394],[-80.34687899992124,33.951207999808375],[-80.34437400014077,33.951039000028665],[-80.34435900007216,33.95122900003533],[-80.34432800011002,33.9516469997491],[-80.34409200010847,33.95163199966122],[-80.34408500043578,33.95122099994947],[-80.34410600035218,33.951033999963904],[-80.343847999711,33.951005000327825],[-80.34360500003676,33.950990000126765],[-80.34342900030967,33.950977999964024],[-80.34306299971344,33.95095399963338],[-80.3427909997269,33.95093700014033],[-80.34221199959367,33.95090000035515],[-80.34211899970724,33.95089400026761],[-80.34200800027747,33.95089500028222],[-80.34203300039184,33.950677999815994],[-80.34087900032334,33.950636999847774],[-80.34092899965374,33.949399000300716],[-80.34094899974522,33.9489060001431],[-80.3409610003391,33.94854299974031],[-80.34132799986192,33.948570000131504],[-80.3413410002807,33.948625000184265],[-80.34142199957323,33.94894800023761],[-80.34145099988555,33.94906299999986],[-80.34154100029725,33.94942000022888],[-80.34159900002356,33.949422000292735],[-80.34169100008506,33.94942499964321],[-80.34179900004011,33.94942699970701],[-80.34207100002666,33.949430999834334],[-80.34217300013391,33.94942000022888],[-80.34221300031689,33.94906700014433],[-80.34225099995172,33.94872399974258],[-80.3420309998437,33.948707999844395],[-80.34157999975699,33.94867299991679],[-80.34154200012215,33.948668999753785],[-80.34152200003068,33.948596999768924],[-80.34149500026648,33.948486000293954],[-80.34147099997703,33.94839199993387],[-80.34150399958901,33.94838699971359],[-80.34171200000146,33.94834700017661],[-80.34229399960942,33.948346000132005],[-80.34239400006686,33.94746100006034],[-80.3424059997624,33.94735600018637],[-80.34240699958733,33.947337999918176],[-80.34146900032722,33.94749100021344],[-80.3412359998004,33.947507999649666],[-80.34097200020976,33.946463999787014],[-80.34093000037697,33.94629400020594],[-80.34088699982094,33.9462239998414],[-80.34080999982805,33.94592300000248],[-80.3407429998809,33.94566700029713],[-80.3407860004369,33.94566700029713],[-80.34078800008675,33.94565199990042],[-80.34088299962298,33.94565999976455],[-80.34097200020976,33.94566899970393],[-80.34185299956846,33.945679999794166],[-80.34257999983969,33.9456889997315],[-80.34259099971034,33.94563600016991],[-80.34263500009128,33.945396000125236],[-80.34270500041148,33.94485500025952],[-80.3427410003965,33.944490999629835],[-80.34274300004631,33.94447200015616],[-80.34275599956678,33.94434100017861],[-80.34259099971034,33.944344999799775],[-80.34196399989655,33.94436199986432],[-80.34185799959133,33.944375999651925],[-80.34165099990209,33.94434800007442],[-80.3414400000149,33.94437699974312],[-80.34111500032489,33.944388000000316],[-80.34107099994397,33.9437339997848],[-80.3409329998517,33.94353800032549],[-80.3407989999574,33.94329700022348],[-80.34124400019633,33.94291900035898],[-80.34138599958821,33.942800000054284],[-80.34120499983827,33.94265200008194],[-80.3408480003612,33.9423589997102],[-80.34072500033756,33.94243899992194],[-80.34048099994008,33.942654000304884],[-80.34032100010651,33.94279099981154],[-80.34027400025083,33.94283199983317],[-80.34009199977766,33.942989999822814],[-80.34012600011283,33.94315600036386],[-80.34023599971769,33.94369599974999],[-80.34025499998427,33.943769000252885],[-80.34043200043459,33.94444100033897],[-80.34062499988012,33.945240999628055],[-80.34070100004811,33.94557099965017],[-80.3406369995757,33.94556499993217],[-80.34055700010806,33.94555700005912],[-80.34046699969637,33.945234999886786],[-80.34042700041172,33.94508999992525],[-80.34028299957336,33.944543999904354],[-80.3402299998699,33.9443980001652],[-80.33851599993476,33.944480000131186],[-80.33835399955305,33.944474999681084],[-80.33829300035202,33.94512200033372],[-80.33827300026051,33.9453330003274],[-80.3382649998646,33.94540899966373],[-80.3373700002622,33.94532499968731],[-80.33643700012664,33.945240999628055],[-80.33459000012212,33.94508999992525],[-80.33337499995424,33.94497600009547],[-80.3330259999748,33.94493799986993],[-80.33282599995825,33.94492099992042],[-80.33284400039992,33.94479099997501],[-80.33288100020984,33.94460899971786],[-80.33294599960885,33.944048999753534],[-80.33304400041645,33.94404799965848],[-80.33364399956776,33.94403299972171],[-80.33429200019629,33.9440150002412],[-80.33437500003696,33.94400700022247],[-80.3349969998279,33.943984000257586],[-80.33502199994226,33.94378500033432],[-80.3350400003839,33.94358200028903],[-80.3351099998058,33.94281500020833],[-80.33512200039966,33.942741000267354],[-80.33514900016384,33.9427429997429],[-80.33520100004239,33.942743999853285],[-80.33534599980734,33.942014999731505],[-80.33431099956454,33.941838000106394],[-80.3333220002508,33.94166900035248],[-80.33327899969477,33.941671999976236],[-80.33321500012067,33.9416750003451],[-80.33313300010492,33.941670999853265],[-80.33250499956787,33.941638999637895],[-80.33222500008372,33.94132300031249],[-80.33139499988032,33.941066000057525],[-80.33136100044347,33.94109899987272],[-80.33120599973442,33.94142999968242],[-80.33110000032754,33.941532999910045],[-80.33082099976997,33.94177000004733],[-80.33073799992928,33.94184000034841],[-80.33052799986702,33.94191699994245],[-80.33038300010206,33.941969000209596],[-80.33021200039782,33.94200199967471],[-80.33012100016124,33.94201900020716],[-80.33001900005398,33.94203900034705],[-80.32979300009818,33.94208399971301],[-80.32953600018021,33.942163000066046],[-80.32930400037662,33.94223500027671],[-80.32907599987269,33.9423199996915],[-80.32884900009196,33.94240499976663],[-80.32860999971736,33.942461000190576],[-80.32827199960856,33.942476999772616],[-80.32788800036731,33.942386999941874],[-80.32769400019855,33.942315999975186],[-80.32752599996907,33.94246200030427],[-80.3274289998847,33.942546000124906],[-80.32737100015837,33.942598000007834],[-80.32730900023408,33.94264799963602],[-80.3272609996552,33.942694000281534],[-80.32747200044071,33.94284399965403],[-80.32738399967884,33.94301099984177],[-80.32674400034456,33.94403299972171],[-80.32550499988727,33.94312299985558],[-80.32625300007489,33.94220200015667],[-80.32637100007567,33.94205800036376],[-80.32620100019635,33.94193700010625],[-80.32546600042751,33.94141199965158],[-80.3253240001373,33.94131100027728],[-80.32518100002216,33.94144500007786],[-80.32511599972483,33.941506999647245],[-80.32502399966333,33.941579999791585],[-80.3249230002793,33.941719999903455],[-80.32482399964677,33.94181699979803],[-80.3246980001484,33.94189900001453],[-80.32458000014763,33.942022999937436],[-80.32444000040553,33.942139000230654],[-80.32427999967364,33.94228000028431],[-80.32411900001517,33.94242900027221],[-80.32403399962637,33.94251099989923],[-80.32383000031018,33.942750999880424],[-80.32307700009967,33.94322500016579],[-80.32235200037658,33.94342299980534],[-80.32189899974173,33.94369099999908],[-80.32156300018107,33.94415099969941],[-80.32142599991373,33.944326000293515],[-80.32122599989718,33.94453000014437],[-80.32079200042723,33.94453800011395],[-80.31993600028456,33.944551999872616],[-80.32001199955424,33.94430700003773],[-80.32012700008028,33.94394500023812],[-80.32021599976872,33.94366099999708],[-80.32041199958731,33.94303400006956],[-80.32079999992482,33.94180999969409],[-80.3208950003594,33.941507999772206],[-80.3211420002316,33.94072900026427],[-80.32192700022914,33.941204000012505],[-80.32227200001066,33.94088199976962],[-80.3231490000697,33.94001600007304],[-80.32330100040566,33.93986799973232],[-80.32324299978103,33.93982599962905],[-80.32209000043576,33.93897999973794],[-80.32190600031275,33.93884300006055],[-80.3218119997031,33.938772000119286],[-80.32175399997678,33.93882900010831],[-80.32159599979303,33.93898899963828],[-80.32015899986733,33.940428999763775],[-80.32002199959997,33.940546000129416],[-80.31939200031142,33.940449000277205],[-80.31925400021917,33.94042700023389],[-80.31898399988243,33.940384999661106],[-80.31744599967439,33.940144999717006],[-80.31809299957966,33.939214999971284],[-80.31875200007885,33.9382650002242],[-80.3193400004329,33.937418999727754],[-80.31945500006061,33.93725299992474],[-80.31955700016789,33.937106000174644],[-80.31968199984135,33.93692500006283],[-80.31975700018441,33.93681700006813],[-80.31992200004086,33.93657900012061],[-80.32061199960386,33.93558199984307],[-80.320910000428,33.93515600013355],[-80.32105400036804,33.934949000318866],[-80.32116700034594,33.93478700024255],[-80.31797999960176,33.9340789997978],[-80.315785000341,33.933593999859205],[-80.31514299956027,33.933467999891825],[-80.31691699976989,33.93162499978406],[-80.31707499995363,33.93143699973575],[-80.32041199958731,33.93095599990731],[-80.32149500040902,33.93077699989587],[-80.3217620003727,33.93070499968525],[-80.32187000032773,33.93064699996822],[-80.32215999985765,33.93048799992447],[-80.32244199988996,33.93018600009288],[-80.32256300026378,33.92993300006116],[-80.32270600037891,33.92992099991137],[-80.32280199974007,33.92991300005904],[-80.3227409996407,33.929303000345996],[-80.32272700029532,33.92892000034505],[-80.32272300009735,33.92879100009325],[-80.32291200024324,33.92880599973384],[-80.3230510001604,33.928811000358834],[-80.32304500031262,33.92787799970023],[-80.32303299971875,33.92743900016782],[-80.32302799969587,33.92723599990934],[-80.3230029995815,33.92700100015888],[-80.3226419999065,33.92703499975693],[-80.32256300026378,33.927042999879575],[-80.32253599960129,33.92693399972749],[-80.32229600030008,33.92692800018692],[-80.3214870000131,33.926935000023555],[-80.32141500004306,33.92602899977252],[-80.32122900027024,33.926131999995334],[-80.31756799987312,33.92814399981189],[-80.31287499960625,33.93073900004077],[-80.3123270003335,33.931039999899596],[-80.31178400018527,33.93133800019759],[-80.3114489995512,33.93152200024111],[-80.31136800025867,33.93146799981588],[-80.31089299988251,33.93115200000883],[-80.30944699973597,33.93018999963367],[-80.30934200015398,33.93012000018945],[-80.30707099982692,33.92860599983596],[-80.30606800026949,33.92793500027324],[-80.30633199986012,33.92735200022278],[-80.3064499998609,33.92719199969774],[-80.30829900041357,33.9246480003151],[-80.30830400043645,33.924498000194646],[-80.30826400025347,33.924448000344256],[-80.3086249999285,33.924351000043956],[-80.30869799972342,33.92416300033853],[-80.30925099991738,33.92388099962975],[-80.30911299982512,33.92382599999067],[-80.30928199987953,33.923384999771216],[-80.30928299970444,33.92324100020915],[-80.30874899977707,33.92311699977003],[-80.3089350004482,33.92256499988124],[-80.30898899997658,33.92256899977987],[-80.30969199995836,33.92274000011573],[-80.3107160003305,33.922990999956475],[-80.31099499998975,33.923055999824435],[-80.31107500035569,33.92304699973099],[-80.3111940001814,33.92316999993168],[-80.31122400031862,33.92323299972937],[-80.31161500013087,33.923789999936645],[-80.31050000042043,33.92459099977866],[-80.31059400013177,33.924736999938744],[-80.31080800039202,33.925043999811315],[-80.31193300014817,33.92424000026407],[-80.31205500034692,33.92441399971363],[-80.31247999959605,33.925017999731395],[-80.3132160000881,33.92607900018572],[-80.31489700041129,33.92539299985709],[-80.31620600029049,33.92485999993554],[-80.31700700018156,33.92453399994948],[-80.31773799975244,33.92423599969848],[-80.31775700001901,33.924226999729704],[-80.31758499959155,33.92367399999028],[-80.3174549998952,33.92325000028204],[-80.3176930004449,33.92323700034207],[-80.31787900021774,33.9232199997868],[-80.3178900000884,33.923256000081714],[-80.31813199993773,33.924074999699435],[-80.3193339996868,33.923586000336925],[-80.32203799965892,33.922484999633035],[-80.32241400030087,33.92472200032696],[-80.32244100006504,33.92487799973835],[-80.32249299994358,33.92517400009159],[-80.32344100014774,33.924583999749395],[-80.32359699978335,33.924491000157694],[-80.32298500003817,33.92209500004933],[-80.32408399985508,33.92164500031811],[-80.32419500018317,33.92159900022828],[-80.32422799979511,33.9215860000363],[-80.32393900009012,33.920666000337214],[-80.324529000094,33.919734000300295],[-80.3244239996137,33.919683999890175],[-80.32337900022347,33.919182000110126],[-80.32132700017952,33.91819400029422],[-80.3205229999154,33.917809999887794],[-80.32087500026789,33.917302000030155],[-80.32104799962194,33.91708100026044],[-80.32114300005651,33.91699099968065],[-80.32106600006361,33.91606400032808],[-80.32103699975129,33.9158200002124],[-80.32096300013144,33.91527999998978],[-80.3208819999406,33.91453700011891],[-80.32028799973875,33.914564999807105],[-80.31867400026105,33.91463200027496],[-80.31838499965772,33.91464400034208],[-80.31800100041647,33.915054000253086],[-80.31828799957334,33.91523400019089],[-80.31837200013723,33.915227999826364],[-80.3184259996656,33.91549699972708],[-80.31841800016801,33.91560799971574],[-80.3174549998952,33.915411999631274],[-80.31672400032434,33.915265999891574],[-80.31657899966106,33.9152379996882],[-80.31622300000892,33.915750999823786],[-80.3161379996201,33.91571299997492],[-80.31588200042539,33.91561400005351],[-80.31530400011708,33.915415999865715],[-80.31502899975747,33.91533200012146],[-80.31475199974803,33.915261999650085],[-80.31438100002727,33.91517299981968],[-80.31425899982852,33.915148000143766],[-80.31406399983486,33.915109000336514],[-80.31376099988616,33.91505299981751],[-80.31346700015827,33.91501199984012],[-80.31319599999662,33.91497900035311],[-80.31287899980421,33.91494699979921],[-80.31263500030506,33.91491799979936],[-80.312595999947,33.914912999849825],[-80.31254900009134,33.91492600031445],[-80.31211300007325,33.91490700020818],[-80.31184199991159,33.91490599977088],[-80.31078400010257,33.91494499967104],[-80.31074700029265,33.91425500035023],[-80.31086100009546,33.914253000205804],[-80.31065100003318,33.91395400007512],[-80.3108500002248,33.913903000297175],[-80.3110810002035,33.91389499968606],[-80.3110319997997,33.91382800012977],[-80.31153599958985,33.91356200004741],[-80.31160900028308,33.91352600012946],[-80.31171600041321,33.9136450003388],[-80.31188000044475,33.91386399992015],[-80.3119840002018,33.91400400012017],[-80.31224199994467,33.914348999631365],[-80.3124069998011,33.914571000218324],[-80.3124339995653,33.914605999999516],[-80.31277599987206,33.91450000017076],[-80.31308800004159,33.91440200002888],[-80.31341199990668,33.914295999946326],[-80.3137359997718,33.914186000185424],[-80.3140599996369,33.91407499983554],[-80.31364600025842,33.91354299963704],[-80.3135669997174,33.913439000140606],[-80.31346700015827,33.91331399988982],[-80.31224199994467,33.9117389999566],[-80.31139699967267,33.91059699987811],[-80.31125899958042,33.91041399985897],[-80.31248899981688,33.91048200035194],[-80.31587800022743,33.91041399985897],[-80.31686800026438,33.9103609999634],[-80.3171650003653,33.91034500031196],[-80.31743099960578,33.91033799985782],[-80.31849199978784,33.910288999644564],[-80.31875799992662,33.91027699970976],[-80.31901200036984,33.910260000296205],[-80.31920499981537,33.91021999999631],[-80.3192769997854,33.91020200007893],[-80.31925400021917,33.910086000271455],[-80.31911899960164,33.90939700013443],[-80.31967000014579,33.90931599969402],[-80.31957300006141,33.908879000214775],[-80.3201499996465,33.908762000333915],[-80.3201439997987,33.908904000238564],[-80.32015399984446,33.90894899996475],[-80.3207279999548,33.90879700026414],[-80.32069799981758,33.90870300007826],[-80.32064199974107,33.90848900023594],[-80.3205089996717,33.907815999993005],[-80.3204679996638,33.907609000093814],[-80.31995499965282,33.907662999986314],[-80.31932500036429,33.90773500028679],[-80.31930299972467,33.90763600004434],[-80.31985500009371,33.90755100030921],[-80.31982800032952,33.90742600036931],[-80.31979599964417,33.90728100014981],[-80.31976700023017,33.907145999749396],[-80.31973700009294,33.90701099988075],[-80.31971000032875,33.90688599989459],[-80.31969600008505,33.90682200015277],[-80.31972899969702,33.906816999728264],[-80.31968799968914,33.90663200021691],[-80.31968400038949,33.90659400002979],[-80.32024599990595,33.906512000117694],[-80.32023199966225,33.9064379999474],[-80.3201920003776,33.90623500034949],[-80.319628000313,33.90631200007392],[-80.31907299957089,33.90636399971293],[-80.31901300019476,33.90637200028544],[-80.31881700037617,33.90507699969782],[-80.31891100008751,33.90503699994793],[-80.31916999965527,33.90495699964632],[-80.31951100013714,33.90486100007995],[-80.3197899997964,33.90480100029608],[-80.3199029997743,33.90477599981447],[-80.31985699974354,33.90453900037226],[-80.3197479999636,33.903983999968645],[-80.31957600043445,33.90310500012199],[-80.31954999959687,33.90297099965039],[-80.31948900039582,33.90265500001894],[-80.31942900012136,33.90237400029242],[-80.31939499978618,33.90224000016306],[-80.31930699992263,33.90195899981441],[-80.31925699969392,33.90182200024257],[-80.31919899996758,33.901687999991225],[-80.31914999956379,33.901564000249834],[-80.31899599957801,33.90126299989292],[-80.31882400004886,33.90096600013163],[-80.31850299965849,33.90044799968139],[-80.31827699970269,33.90008199966535],[-80.31818100034153,33.899904000271334],[-80.31807699968616,33.89970000015691],[-80.31791400037785,33.899345000022294],[-80.31787099982182,33.899238999855186],[-80.31784300023274,33.89917000021017],[-80.31781800011836,33.8990999998865],[-80.31741200023751,33.899169000333735],[-80.31712000015946,33.89922599998035],[-80.31664700033146,33.89800700033139],[-80.3160809997187,33.89622899986163],[-80.31625200032124,33.89618400013197],[-80.31618000035121,33.89597499975083],[-80.31616100008465,33.89591600033897],[-80.31625200032124,33.895894999893926],[-80.31627700043559,33.89589000031984],[-80.31645599963743,33.89585099990337],[-80.31659200007986,33.89583900017313],[-80.31645099961456,33.89562200034851],[-80.31630300037487,33.895433999899424],[-80.31618500037409,33.89529499969352],[-80.31613599997029,33.89524300001428],[-80.31627999991034,33.89525299998375],[-80.31656899961533,33.895274999763274],[-80.31653900037642,33.895217999712635],[-80.31644499976677,33.894954000315536],[-80.31609300031258,33.89395300008655],[-80.31606300017535,33.89386500031579],[-80.31603999971081,33.89379999980823],[-80.31587800022743,33.893785999910406],[-80.31573199973924,33.89377299994996],[-80.3156089997156,33.893746000083134],[-80.31548300021721,33.893731000236265],[-80.31532500003347,33.89361499964127],[-80.31524399984261,33.89360800005025],[-80.31517600007055,33.89359000035373],[-80.31510499992545,33.89356600025534],[-80.31500000034346,33.89351099969363],[-80.31491400012973,33.893442999831365],[-80.31485399985527,33.89342200026866],[-80.31478400043339,33.89338500010339],[-80.31462299987658,33.89331099972465],[-80.31456500015028,33.89327300031133],[-80.31447100043896,33.89322200009102],[-80.31440799979144,33.893204000313],[-80.31429499981354,33.89316700005314],[-80.31425999965343,33.89311399987459],[-80.31425899982852,33.893020000293006],[-80.31424299993499,33.89293300025475],[-80.31420699994999,33.89281700006576],[-80.31420699994999,33.89274699974676],[-80.31421500034591,33.89269699990982],[-80.31425399980564,33.89262900014425],[-80.31425899982852,33.892524999739955],[-80.31429700036168,33.89244499962945],[-80.3143209997528,33.89236400023343],[-80.31432300030093,33.89230000003021],[-80.31436900033168,33.89218599964247],[-80.31523600034501,33.89228200005759],[-80.31711699978642,33.89249099979535],[-80.31761200025406,33.89254700022326],[-80.31786300032421,33.89255299994734],[-80.3179460001649,33.89356800013949],[-80.31812799973979,33.895964999866024],[-80.31830199981705,33.895980999979415],[-80.31834299982494,33.896121999637096],[-80.31898499970735,33.897989999962334],[-80.31934100025782,33.89903000025101],[-80.31994399978217,33.898891999821274],[-80.3200159997522,33.89904599978926],[-80.32005500011024,33.89910599989516],[-80.32011500038472,33.89938199983859],[-80.3201429999738,33.89941600001831],[-80.3202209997916,33.89963999972336],[-80.32011700003453,33.89974600013766],[-80.31990399959919,33.89998900017493],[-80.32000099968359,33.9000249998454],[-80.32013799995093,33.90007599972538],[-80.32031700005106,33.900161000203134],[-80.3203749997774,33.9001840000722],[-80.32047000021194,33.900210000273326],[-80.32052100026557,33.90021399973006],[-80.32059200041067,33.90021100013756],[-80.32065000013701,33.900202999732485],[-80.32070799986333,33.9001890001402],[-80.32076200028999,33.9001639997974],[-80.32081699964327,33.90012999991589],[-80.3208610000242,33.900090999947416],[-80.3209229999485,33.90000299980006],[-80.32094399986488,33.89996700012025],[-80.32096499978128,33.8998849997988],[-80.32095800010859,33.89982000015177],[-80.32094899988775,33.8997810000415],[-80.3210090001622,33.89976699963431],[-80.32111399974417,33.899740000173985],[-80.3216140002347,33.89961300022288],[-80.32151299995235,33.89928400020948],[-80.3210230004059,33.89799600004909],[-80.32093700019219,33.897760000293495],[-80.32098200039802,33.89737700017839],[-80.32113899985856,33.89622799995076],[-80.32124299961562,33.89623799980472],[-80.3213959997765,33.89625100013503],[-80.3220300001613,33.896310000060765],[-80.32199900019917,33.89670099973749],[-80.32188299984821,33.89723900005604],[-80.32179400015976,33.89782500001964],[-80.32178800031195,33.89832900010342],[-80.32177999991605,33.89914199993848],[-80.32177200041845,33.89946200015221],[-80.32194499977248,33.900385000187825],[-80.32205000025279,33.900671999657725],[-80.32221500010924,33.90112099993527],[-80.32239500003429,33.90155199983237],[-80.32248500044597,33.901765000094606],[-80.32260099989861,33.902048999865045],[-80.32273499979291,33.90221700010299],[-80.32290899987018,33.902349999683835],[-80.32302500022114,33.90247600019412],[-80.32317900020692,33.90254100005312],[-80.32350600044508,33.902825000221014],[-80.3237189999821,33.903145000032765],[-80.32365200003495,33.903165000353894],[-80.32253999979925,33.903488999683724],[-80.32241500012577,33.90352500011311],[-80.32248999957054,33.903703000149044],[-80.32259400022592,33.90395000011929],[-80.32263799970853,33.904055999648634],[-80.32266600019595,33.904123000176455],[-80.32278900021959,33.9044160001189],[-80.32284699994592,33.90455600018113],[-80.32288499958074,33.90454999981042],[-80.32328899981178,33.90443299995234],[-80.32408499967998,33.9042010001348],[-80.32415099980223,33.904308999729885],[-80.32416599987084,33.90434200036588],[-80.32425600028252,33.904500000183816],[-80.32425799993236,33.904514999627565],[-80.32431599965865,33.90479899992979],[-80.32443100018472,33.90505600001785],[-80.32465399976748,33.905524000285624],[-80.32493999999774,33.90599200022081],[-80.3250220000135,33.90608300028263],[-80.32521500035736,33.90640400033124],[-80.32535500009944,33.90657299997801],[-80.32546200022955,33.906702000321026],[-80.32581899970663,33.907342999985914],[-80.3262899998848,33.90800300020812],[-80.32650599979488,33.90830499964937],[-80.32650599979488,33.908396999992306],[-80.32664300006222,33.90851100032814],[-80.32719299988312,33.90924399998347],[-80.32723399989102,33.90929099979109],[-80.32750400022776,33.90959299988764],[-80.32823499979862,33.91041099987987],[-80.32834600012673,33.910619000171685],[-80.32858999962588,33.910946000206316],[-80.32862499978599,33.91110800014863],[-80.3288309996503,33.91140900003835],[-80.3289429998033,33.91161100025744],[-80.32984999999958,33.91085399963263],[-80.33083699966349,33.91005600035985],[-80.33179800028645,33.90942700027804],[-80.33186000021074,33.90939599963245],[-80.33186600005853,33.909361999705105],[-80.33243099994804,33.909039999851984],[-80.33246399956,33.9088399997753],[-80.33248100017676,33.908732999720534],[-80.33307700002842,33.90875399998579],[-80.33312899990696,33.90872999968226],[-80.33331200020507,33.908645000292516],[-80.33515400018672,33.907800999639],[-80.33522100013387,33.90777099966866],[-80.33557000011332,33.90772999991584],[-80.33565600032705,33.9077339997653],[-80.33563899971031,33.90759600000409],[-80.33562100016695,33.90745800001952],[-80.33560400044851,33.90731999981147],[-80.33558699983176,33.90718200012563],[-80.33554499999896,33.90705599986073],[-80.33552800028053,33.906580999785334],[-80.33526200014174,33.906604000159184],[-80.33525999959362,33.906283999911075],[-80.33546499963302,33.90627900020056],[-80.33546800000607,33.90624399998202],[-80.33545100028763,33.90610600004528],[-80.33543399967088,33.90596799988519],[-80.33541600012755,33.90583000024727],[-80.33539900040911,33.90569199964038],[-80.33538099996746,33.9055540003012],[-80.33536400024902,33.90541599999308],[-80.33534699963225,33.90527800020711],[-80.33533099973873,33.90513799983941],[-80.33501000024667,33.905167999990816],[-80.33380599994946,33.90527699965678],[-80.33374300020027,33.9052740002424],[-80.33370100036747,33.905263999957],[-80.33364899959062,33.9052330000341],[-80.33362699984932,33.90519899993734],[-80.33362400037458,33.905145999781396],[-80.3336539996135,33.90427599982669],[-80.33367799990295,33.9040810003414],[-80.33372300010879,33.90376899964066],[-80.33377900018529,33.90338700024842],[-80.333681000276,33.90338999972919],[-80.3336600003596,33.90339100030167],[-80.33362699984932,33.903385999675905],[-80.33348899975707,33.90342200014877],[-80.33325500030365,33.903448999934334],[-80.33281000006473,33.90350800009865],[-80.3326109998731,33.90353499985691],[-80.33250499956787,33.90354899964538],[-80.33175499973044,33.90364800016087],[-80.33180900015711,33.90400099988819],[-80.33129899962086,33.904070000097136],[-80.33110199997736,33.903733999882704],[-80.33100900009093,33.90357699996101],[-80.33096300006018,33.90347599971129],[-80.33092100022739,33.903478999934514],[-80.33077700028736,33.90347700028275],[-80.3302459998347,33.903576000136255],[-80.33014100025271,33.903593999961714],[-80.33002900009971,33.903585999874075],[-80.32994799990887,33.903569999696565],[-80.32966599987655,33.903618000220156],[-80.32879600038851,33.90244699967895],[-80.32886900018343,33.9024060003478],[-80.3289229997118,33.902375999970054],[-80.32967199972435,33.90194399992101],[-80.32904699956036,33.90105300017636],[-80.32890400034356,33.900847999971916],[-80.32946099983715,33.90045100001119],[-80.32969099999093,33.90071000024775],[-80.32989000018254,33.900934000281374],[-80.33007500013048,33.901149000302695],[-80.3301050002677,33.90113099996104],[-80.33054600030866,33.900837000056086],[-80.33055999965404,33.90085100028759],[-80.33065500008863,33.90095100006353],[-80.33086900034886,33.90117500020956],[-80.33089500028814,33.901197999805156],[-80.33109600012959,33.90108300027403],[-80.33118499981802,33.90102399992277],[-80.33115899987878,33.90100899986488],[-80.33110100015244,33.90096600013163],[-80.33100400006808,33.90088499988159],[-80.33071899966271,33.9006300003594],[-80.33122900019896,33.90025699984256],[-80.33147199987322,33.900073000128025],[-80.33189100017287,33.89977300034165],[-80.33191999958687,33.899747999876865],[-80.33149000031487,33.89921499985531],[-80.33128899957511,33.89898000036962],[-80.33123500004676,33.89893800023786],[-80.33120099971157,33.89888400003807],[-80.33155399988898,33.89898300000544],[-80.33177499982192,33.898635999675385],[-80.3319299996326,33.898395000026945],[-80.33200800034874,33.898275000263546],[-80.33207500029589,33.898170000145676],[-80.33211700012868,33.89810400004801],[-80.33215300011369,33.89804800028656],[-80.33223299958132,33.89793799968945],[-80.33225000019807,33.89789499989876],[-80.33241800042757,33.89763899974217],[-80.3324490003897,33.897592000221174],[-80.33251499961362,33.89759300011611],[-80.33254999977373,33.89758700000095],[-80.33258900013179,33.89751599997322],[-80.33268000036838,33.89735400029776],[-80.33274399994248,33.897239999955055],[-80.33285199989751,33.89703999978353],[-80.33319599985411,33.897060000045485],[-80.3334849995591,33.897070999702876],[-80.33382100001809,33.89708300000541],[-80.33403799975306,33.897085999707954],[-80.33456400018284,33.89710300025729],[-80.33488800004793,33.89710799976025],[-80.33503899966067,33.89710899966086],[-80.33539400038623,33.89710099971034],[-80.3359979997355,33.897055999695226],[-80.33620399959983,33.89703099992508],[-80.33699000032061,33.89695100031323],[-80.3371169996439,33.896922000155755],[-80.33699799981821,33.897089000156036],[-80.33686399992392,33.897336999798526],[-80.33677500023545,33.897585000210995],[-80.33673900025043,33.89773400009095],[-80.33670900011322,33.897887000021974],[-80.3366940000446,33.89812800036058],[-80.33670400009034,33.898248000330796],[-80.33670699956507,33.89827399963103],[-80.33576900030496,33.89830499984742],[-80.33530300014964,33.89832100026741],[-80.3353159996701,33.89859599988604],[-80.33532099969298,33.89868800026819],[-80.33532400006604,33.898946000016],[-80.33533400011177,33.8989620003157],[-80.33523500037757,33.8995320001787],[-80.33431700031063,33.899427999990834],[-80.3338369999116,33.89937400010132],[-80.33383899956142,33.89944099983487],[-80.33380900032252,33.89970699999354],[-80.33379799955354,33.89978700000223],[-80.333785999858,33.90002599971174],[-80.33388299994236,33.90003499999971],[-80.3339359996458,33.90016899986653],[-80.33416599979958,33.90039799988595],[-80.33434900009767,33.90065700028352],[-80.3345399998934,33.90091000001299],[-80.33460900038868,33.9010020001352],[-80.33468200018362,33.90092199977519],[-80.33493599972853,33.90054299988304],[-80.33506399977504,33.900413000051344],[-80.33530399997454,33.90008599987366],[-80.33552999993034,33.89981799966856],[-80.33561299977103,33.899712999959476],[-80.33563899971031,33.89973500007964],[-80.33565600032705,33.89975399983997],[-80.335837000077,33.89956899991385],[-80.33600399958328,33.89944900031145],[-80.33606499968265,33.89942399975166],[-80.33612199958405,33.89940599979146],[-80.33622799988927,33.89938099996464],[-80.33636799963135,33.89935600013055],[-80.33686599957373,33.89931099981419],[-80.33700799986396,33.90019500007224],[-80.33869800040797,33.90002700032369],[-80.33881300003569,33.900941999872245],[-80.33996499955605,33.90082899970975],[-80.33994899966252,33.90071000024775],[-80.3398700000198,33.9000790000682],[-80.33971699985892,33.898965999830914],[-80.3397789997832,33.898966999709735],[-80.33984099970749,33.89895800005466],[-80.33987800041572,33.898946999895045],[-80.3402299998699,33.89880700031532],[-80.34098700027839,33.89848400022705],[-80.34079200028471,33.897966000356504],[-80.34043800028238,33.89705100018915],[-80.34021099960333,33.89644900010353],[-80.34008699975477,33.896136999809094],[-80.3413119999684,33.89569500029618],[-80.34108699983749,33.89525100013906],[-80.34107799961666,33.895233000043646],[-80.34089400039196,33.89488999981894],[-80.34085599985882,33.89483600003834],[-80.34083699959223,33.89481799985528],[-80.3402780004488,33.89448999991448],[-80.33996200008131,33.89477400005471],[-80.33983099966174,33.89487899988023],[-80.339391000344,33.89519400007239],[-80.33862999973758,33.895725000042034],[-80.33853600002627,33.89548800004704],[-80.3384409995917,33.89523200012104],[-80.33824099957515,33.89469199995904],[-80.3380249996651,33.8941119997048],[-80.338173999628,33.89406000004987],[-80.33956000039841,33.893835999854545],[-80.33970500016338,33.89418199964908],[-80.34007599988414,33.89405399968611],[-80.34023900009073,33.89399900018478],[-80.340377000183,33.89404099976651],[-80.34056499960568,33.894133999778724],[-80.34062099968216,33.894064999731285],[-80.34065900021531,33.89401799973182],[-80.3407989999574,33.89384500005018],[-80.34086799955436,33.89376299980696],[-80.34091299976022,33.89379300023245],[-80.34121800025704,33.89364700000111],[-80.34128000018133,33.89365099976567],[-80.34130799977044,33.89364600005998],[-80.3414040000299,33.89363100019556],[-80.3434879998609,33.89292100011399],[-80.3435940001661,33.89161200003248],[-80.34362000010537,33.891246000121996],[-80.34364799969447,33.89085600001708],[-80.34363799964872,33.89080899974063],[-80.34438800038448,33.890638000213954],[-80.3444460001108,33.890723999635],[-80.34470499967857,33.890711999929074],[-80.34484500031898,33.89070200017287],[-80.34496400014466,33.890692999645616],[-80.3451990003213,33.89067500007957],[-80.34571399998211,33.890638000213954],[-80.34598400031885,33.890939000045364],[-80.3458129997163,33.891220000170485],[-80.34576500003574,33.89129899996994],[-80.34570599958619,33.89143200017497],[-80.34562899959329,33.891523000117296],[-80.34557800043798,33.891607000207266],[-80.34604899971788,33.89192199980796],[-80.34613300028177,33.89197799986373],[-80.35110199983484,33.89094699982822],[-80.35132899961556,33.89089899962857],[-80.35155000044682,33.890853000095404],[-80.35283400021164,33.89061599998395],[-80.35702299979003,33.889811000037184],[-80.35708600043753,33.88980100017535],[-80.35727499968512,33.88975500005004],[-80.35726100033973,33.88971599981093],[-80.35724799992094,33.88964799990582],[-80.357251000294,33.8895949997777],[-80.35725399976872,33.88952799976555],[-80.35727700023324,33.88947000035809],[-80.35733199958652,33.88940500022964],[-80.35739699988385,33.88932400018368],[-80.35749599961807,33.8891469999538],[-80.35759600007547,33.88907500036189],[-80.35768099956599,33.88898900002394],[-80.35769499980968,33.888930000253566],[-80.35769099961172,33.888853999743496],[-80.35753699962594,33.88869400001822],[-80.35738500018829,33.88854900000796],[-80.35733900015754,33.88849499994112],[-80.35728300008104,33.88844399984667],[-80.35725999961649,33.88838899971059],[-80.35727499968512,33.888318000228175],[-80.35729499977661,33.88826900003629],[-80.35728599955577,33.88815900024879],[-80.35727200021039,33.88795400036785],[-80.357279999708,33.887850000228994],[-80.35726899983733,33.887797999739206],[-80.35723200002741,33.8877179996694],[-80.35719299966935,33.8876519996859],[-80.35718799964648,33.88759599977279],[-80.35727399986021,33.88749499998309],[-80.35727800005817,33.88744600006419],[-80.35723200002741,33.88738299991402],[-80.35719500021749,33.887327999839584],[-80.35716300043045,33.88725000010708],[-80.3572100002861,33.887138999733835],[-80.357251000294,33.887098999772206],[-80.35729300012679,33.88702799996184],[-80.3573640002719,33.8869330003648],[-80.35743200004394,33.88683599987421],[-80.35749300014331,33.886710000117816],[-80.35748599957232,33.886617000213775],[-80.35749399996824,33.88652000010962],[-80.35753599980103,33.886432000127236],[-80.35759299970243,33.88634500008089],[-80.35761399961883,33.88628399991834],[-80.35762399966457,33.886181000009415],[-80.35758699985466,33.88612799996436],[-80.35755900026557,33.88606400030229],[-80.35754500002187,33.88602299980603],[-80.35755099986964,33.88584100002091],[-80.3576460003042,33.88572199977937],[-80.35779299971897,33.885587000294564],[-80.35782799987909,33.885524000263004],[-80.357948000428,33.88540100017385],[-80.35800100013142,33.88532600028705],[-80.35796199977338,33.885226000086924],[-80.35786999971188,33.885142999719896],[-80.35778799969611,33.88506700031032],[-80.35771900009914,33.88490900028102],[-80.35771800027422,33.88478800014096],[-80.35773800036571,33.88464200015639],[-80.35759100005262,33.88465099983065],[-80.35736699974662,33.884678000339235],[-80.35725600031685,33.88469200024052],[-80.35489200010338,33.88486799997543],[-80.35506500035574,33.885177000356194],[-80.35519300040227,33.88546699966169],[-80.35533499979417,33.8858079996823],[-80.35535499988565,33.88619200032416],[-80.35536099973345,33.88622899988109],[-80.35539900026657,33.88640500017378],[-80.35541699980993,33.88654399995346],[-80.35537599980204,33.88663599991372],[-80.3553160004259,33.88666499984013],[-80.35514399999846,33.88669899986982],[-80.35514599964827,33.88675599964797],[-80.35503500021852,33.88680700000593],[-80.35487899968459,33.886967000287676],[-80.35472300004898,33.88712700026933],[-80.35456700041337,33.88728599993512],[-80.35441199970435,33.88744600006419],[-80.35425600006873,33.88760599989316],[-80.35441699972722,33.88813700012506],[-80.35444100001666,33.88822499984002],[-80.35429600025171,33.888252999967555],[-80.35398800028014,33.888306000183775],[-80.35348100011694,33.88839199971893],[-80.3525069999735,33.888556000014106],[-80.35201700042704,33.888638000043485],[-80.35198899993965,33.88852799998604],[-80.35192399964231,33.88825699998505],[-80.35187199976377,33.888042000271575],[-80.35181900006033,33.8878199999503],[-80.35179899996884,33.887733999838545],[-80.3517680000067,33.88760799991706],[-80.35171799977799,33.887474999715245],[-80.35168199979299,33.88719499994691],[-80.35160899999804,33.886940999777565],[-80.35155200009663,33.88668000018391],[-80.35151199991367,33.88651199991156],[-80.35158100040894,33.886418999791665],[-80.35176399980874,33.8862529998068],[-80.3518879996573,33.8861249998764],[-80.35193500041129,33.886077999976095],[-80.35200099963521,33.88600900012316],[-80.35217600043572,33.885828999628075],[-80.3522600001013,33.88574299974632],[-80.35234200011705,33.885657999812715],[-80.35250600014858,33.88548600036351],[-80.35265599993642,33.88532800036445],[-80.35283300038675,33.88514099963815],[-80.35252000039229,33.884929999702344],[-80.35066099979387,33.88366100014022],[-80.3506280001819,33.88381900024353],[-80.35041100044694,33.8848420003171],[-80.3504010004012,33.88492100005752],[-80.35037799993667,33.885102000272525],[-80.35035700002027,33.88522199992728],[-80.35032699988304,33.88556000007366],[-80.35032000021033,33.88596400022143],[-80.35033199990589,33.88648399995833],[-80.35036100021823,33.88692100012556],[-80.3503100001646,33.88672899979706],[-80.35003999982786,33.885589999655686],[-80.35001600043671,33.88550899971596],[-80.34994100009365,33.885297999944534],[-80.34988900021513,33.88518299985292],[-80.34984200035946,33.88509700006571],[-80.34974500027506,33.88493299983233],[-80.34959499958893,33.88472799965656],[-80.3495080004486,33.88463000034066],[-80.34935100008977,33.88447000015034],[-80.34923999976168,33.884371999792364],[-80.34897600017105,33.884168999864634],[-80.34887200041396,33.88410100001224],[-80.34930599988394,33.88357600036954],[-80.34920899979956,33.88351000016452],[-80.34866400000152,33.88315299962838],[-80.3491910002562,33.8825230001269],[-80.34972299963546,33.88262199969607],[-80.34991299960625,33.88265799998555],[-80.34997600025375,33.882661000195434],[-80.35017299989724,33.882362999713976],[-80.35029099989802,33.88217199964393],[-80.35048099986882,33.881842000135734],[-80.3507260000912,33.88184699978753],[-80.35074899965743,33.88184699978753],[-80.35078800001548,33.881785000057505],[-80.35090799966608,33.881578000356015],[-80.3509930000549,33.88141899974705],[-80.35104800030648,33.88130300030722],[-80.35115600026153,33.88104700031679],[-80.35126300039164,33.88073599970881],[-80.3512740002623,33.88069400028801],[-80.35137800001937,33.88045400000487],[-80.35139599956271,33.880329999966975],[-80.35140999980642,33.88025199980275],[-80.35156499961711,33.88025799964579],[-80.35356899998048,33.88027399972239],[-80.35371600029357,33.880071999839956],[-80.35420900021309,33.87940800002458],[-80.35432600038895,33.87927499971784],[-80.35595300028544,33.87699599986348],[-80.35603699995103,33.87687400029687],[-80.35619099993683,33.87701299994207],[-80.35625500040923,33.8770729998853],[-80.35637699970965,33.8771559998988],[-80.3564649995732,33.87718899985477],[-80.35661500025935,33.87729800022894],[-80.35678299959054,33.877381000023604],[-80.35703200001088,33.87742399971478],[-80.35720000024035,33.87741500002406],[-80.35726399981446,33.877385999936784],[-80.35746499965592,33.877299000361724],[-80.35755000004472,33.877306999932],[-80.35762799986253,33.87732399994869],[-80.35771400007626,33.87735699983972],[-80.35778799969611,33.877383999673256],[-80.35784299994769,33.87745000014195],[-80.35788200030575,33.877521999849215],[-80.3579559999256,33.877571999630895],[-80.35800799980413,33.87761000007188],[-80.35807300010146,33.87767000034118],[-80.3581590003152,33.877720000036156],[-80.35822500043743,33.87773400033332],[-80.35833400021737,33.877736999970516],[-80.3584420001724,33.877706999864685],[-80.35853000003594,33.87766099993059],[-80.35864999968655,33.87767000034118],[-80.35876799968733,33.87770400022644],[-80.35886599959662,33.87775999992023],[-80.35902200013054,33.87801600007659],[-80.35931699968333,33.87849899986807],[-80.35981899982366,33.87933199998126],[-80.36015899958228,33.87988899993602],[-80.36024300014618,33.8800289999915],[-80.35971500006659,33.880130999770145],[-80.35921200010134,33.88022600022929],[-80.3592360003908,33.880271000174375],[-80.36118399977934,33.883412000195364],[-80.3614199997809,33.883818000187176],[-80.36159200020835,33.884115000008215],[-80.36174700001905,33.88438000019103],[-80.36190799967753,33.88465700011013],[-80.36207400025718,33.884942000221635],[-80.36222300022011,33.88519899975177],[-80.36233799984784,33.88539800006033],[-80.36237399983285,33.88545900011064],[-80.36243199955916,33.885558000001694],[-80.36264400016958,33.88592299967716],[-80.3628140000489,33.88621900034504],[-80.36293100022478,33.88642299989511],[-80.3629549996159,33.88646400019914],[-80.36313700008908,33.88677600008445],[-80.36400599975222,33.88642399992099],[-80.36401499997307,33.88644000033278],[-80.36406500020176,33.886522000158976],[-80.36410700003456,33.88659200036657],[-80.36449399964886,33.887261000284035],[-80.36361900013794,33.88761199996476],[-80.36366000014581,33.88768300003479],[-80.3637370001387,33.8878199999503],[-80.36392200008663,33.88814400016508],[-80.36410700003456,33.888469999898625],[-80.3642149999896,33.888662000037115],[-80.36420199957081,33.88866600003544],[-80.36406900039972,33.88869700001583],[-80.36393799998018,33.88872799998495],[-80.36359700039662,33.888797999873795],[-80.36310399957881,33.888871999693826],[-80.36287900034623,33.88888999964029],[-80.36276100034546,33.888896000367346],[-80.36233299982497,33.88892000028845],[-80.36196399975402,33.8889140003088],[-80.36176299991257,33.888897000364175],[-80.36160599955373,33.888887999646464],[-80.36131799967364,33.88885799973277],[-80.3602509996438,33.88909100027645],[-80.36006599969586,33.88943299996983],[-80.35993699982444,33.89014599995142],[-80.3600540000003,33.89071099995352],[-80.36032400033703,33.8912440001834],[-80.36036299979678,33.89194700033012],[-80.36032000013907,33.89247099995323],[-80.36099499963345,33.89249800022368],[-80.36125699957427,33.89255799971705],[-80.36325300044004,33.89214999964537],[-80.3630819998375,33.89187999992844],[-80.36302099973814,33.89168599964828],[-80.3629339996995,33.891408000214966],[-80.36342999999205,33.89129800000127],[-80.36352700007643,33.89127100009659],[-80.36359400002358,33.89124700009132],[-80.36449399964886,33.89117000018407],[-80.36556900007463,33.89098300033308],[-80.36589600031279,33.89089299978813],[-80.36602600000911,33.891319000086895],[-80.36677599984657,33.89117500003492],[-80.36672899999091,33.89109400017844],[-80.3664689996999,33.890644000072335],[-80.36718400027557,33.89056700036643],[-80.36676699962574,33.88987699984165],[-80.36617699962186,33.89014300000478],[-80.36516900004156,33.88842199979645],[-80.36590399981037,33.88825499997633],[-80.36699699977952,33.88799299992115],[-80.3671709998568,33.887947000312295],[-80.36738199974398,33.887883999786446],[-80.36773699957122,33.88847499990774],[-80.36786799999078,33.888687000023346],[-80.36829599961295,33.88852799998604],[-80.37044899993924,33.892190000221234],[-80.37046800020582,33.89226000025163],[-80.36862000037638,33.89441499981673],[-80.36857699982035,33.89433699985388],[-80.36820899957434,33.89368699987489],[-80.36814800037327,33.893580000189274],[-80.36809800014456,33.893597999887895],[-80.3664190003695,33.894006999680634],[-80.36586000032779,33.894095999986426],[-80.36577900013691,33.8941119997048],[-80.36553599956436,33.89416000033321],[-80.36532999970002,33.89420099990102],[-80.36486899956759,33.894291999871584],[-80.364784999902,33.89430900023224],[-80.36470200006131,33.89432499991065],[-80.36432499959446,33.89439900015519],[-80.36406400037687,33.89444899973999],[-80.3638209998043,33.89449700017873],[-80.36373799996362,33.89451399975286],[-80.36364900027516,33.894528000276836],[-80.36359200037374,33.89434799986255],[-80.3635320000993,33.89416100026839],[-80.36348400041872,33.89400499980673],[-80.36345400028148,33.89390899983971],[-80.36329899957249,33.89380300037194],[-80.36317399989902,33.89366399974472],[-80.36305699972314,33.89351899998088],[-80.36292100017901,33.893365999669655],[-80.36288699984382,33.89328800023877],[-80.36283300031546,33.89322999965969],[-80.36272899966009,33.89313300036447],[-80.36258100042039,33.89316600010632],[-80.36234600024375,33.893219000252564],[-80.3621100002422,33.89327300031133],[-80.36187500006557,33.89332599964539],[-80.36160399990392,33.893341000309135],[-80.3613639997044,33.89329000012948],[-80.36116899971073,33.893442999831365],[-80.36097799991502,33.893593000179145],[-80.36079100031728,33.89372799967002],[-80.36042800009412,33.893412000084496],[-80.36038600026133,33.89340399978721],[-80.35965200031738,33.89401499992136],[-80.35908300022992,33.89407100009421],[-80.3586680001282,33.89410200034723],[-80.35908099968177,33.895480999864134],[-80.3588649997717,33.895526999883856],[-80.35856500019604,33.89559299973912],[-80.35786999971188,33.89574599978334],[-80.35785399981835,33.895773999678845],[-80.35775099988618,33.89583000018798],[-80.35770400003052,33.89586799995326],[-80.35766999969533,33.89593700003323],[-80.35766100037281,33.895994000348956],[-80.35767300006837,33.89605400036543],[-80.35774300038857,33.896162999752924],[-80.35779000024424,33.89623699989391],[-80.35800199995634,33.89646400021802],[-80.35809599966768,33.89656399991937],[-80.35821299984353,33.89668700031589],[-80.35824200015585,33.89677600006173],[-80.35821899969133,33.89682499984028],[-80.35815000009435,33.896888999630356],[-80.3581240001551,33.89692699966939],[-80.35808700034517,33.8969799997152],[-80.35807899994924,33.897047999739776],[-80.35808599962193,33.89712000005758],[-80.35811699958408,33.897192000314604],[-80.35814300042166,33.89724299965208],[-80.3581679996377,33.8972859997716],[-80.3581540002923,33.89732999976739],[-80.35819199992714,33.89748500021564],[-80.35826899992006,33.897510999748526],[-80.35826899992006,33.89754100034678],[-80.35838000024813,33.897592000221174],[-80.3584620002639,33.897621000150814],[-80.35855099995236,33.89763400027028],[-80.35861600024967,33.89763600005908],[-80.35871800035693,33.89763299963024],[-80.35880899969521,33.897621000150814],[-80.35894000011477,33.89757800020022],[-80.35897500027487,33.89756099974558],[-80.35908700042788,33.89750899995678],[-80.35916600007059,33.89749300013008],[-80.3592449997133,33.89750899995678],[-80.3593080003608,33.89755399973285],[-80.35942399981344,33.89770999966748],[-80.35947599969198,33.897760000293495],[-80.35957199995144,33.8978510001945],[-80.35969400015018,33.897996999939274],[-80.3597290003103,33.89805000006565],[-80.35975000022668,33.898112999793156],[-80.35977000031816,33.89819199991832],[-80.35980399975504,33.89829099994352],[-80.35987499990014,33.89836399984327],[-80.35992599995377,33.8984109996844],[-80.36006200039621,33.898491000163446],[-80.3601460000618,33.898568000171494],[-80.36017500037411,33.89866200034854],[-80.36022399987962,33.89875399991383],[-80.36024999981888,33.898804999808405],[-80.36027800030628,33.89886099981829],[-80.36030800044352,33.8989109997694],[-80.36039999960671,33.899011000329345],[-80.36043499976681,33.89904400003358],[-80.36052000015563,33.8991309998026],[-80.36057000038434,33.89923100010448],[-80.36057000038434,33.89930900006474],[-80.36057399968398,33.89938400033198],[-80.360577000057,33.899422999878205],[-80.360653000225,33.89957300014623],[-80.36074600011143,33.89967999976858],[-80.36079700016505,33.89972300015039],[-80.36088199965555,33.89982299975803],[-80.36090699976991,33.89989400010166],[-80.360905999945,33.89995199987641],[-80.36090900031803,33.899990000041704],[-80.36098100028806,33.90010100009399],[-80.36105800028095,33.90012999991589],[-80.36118499960426,33.90017999986849],[-80.3612430002289,33.90019099986903],[-80.36126999999306,33.9002729998962],[-80.36126099977223,33.90038000013137],[-80.36127699966576,33.900479999714044],[-80.36133600011532,33.90055800002292],[-80.36137600029828,33.90060000010234],[-80.36151699986526,33.900669000081336],[-80.361715000232,33.90076300017905],[-80.36176000043785,33.90078599988572],[-80.36195600025641,33.90065800014245],[-80.36229699983996,33.900417000244126],[-80.36237200018303,33.90036499996012],[-80.36295299996607,33.89996200003929],[-80.36306400029416,33.89986500019943],[-80.36328799970183,33.89975100023129],[-80.36505400041382,33.898472000121686],[-80.36537999992875,33.89821799998127],[-80.36544100002811,33.89817199992191],[-80.36550700015036,33.89812599983767],[-80.36562799962587,33.89803000003588],[-80.36577999996184,33.89790899986769],[-80.36584799973389,33.89785399987003],[-80.36607100021496,33.89766699976177],[-80.3662989998206,33.89747299996967],[-80.36643000024016,33.89735699999077],[-80.36656300030955,33.89723600035889],[-80.36671599957211,33.897095000306194],[-80.36691999978662,33.89690199986141],[-80.36700500017544,33.89682100022459],[-80.36708100034342,33.896745999939924],[-80.36728999968247,33.896533999723054],[-80.36737300042145,33.89645000001185],[-80.36752599968402,33.8962940000091],[-80.3677480003402,33.89615100006663],[-80.36802199997656,33.895911999935045],[-80.36818099998523,33.8957750003407],[-80.36859199988896,33.89552400012647],[-80.36890499988341,33.89533899997101],[-80.3690930002044,33.89526399987422],[-80.3691569997785,33.89539400009944],[-80.36919899961129,33.895504000249936],[-80.36925300003796,33.89562500010245],[-80.36932400018306,33.895841999919426],[-80.36953800044331,33.89671499990243],[-80.36957100005529,33.89684799986358],[-80.37043499969555,33.896440000182764],[-80.37064899995579,33.89633899968072],[-80.37044200026656,33.89598199989318],[-80.37038000034227,33.89587500010439],[-80.37093500018605,33.895727999792356],[-80.37081700018528,33.895460999977516],[-80.37100999963081,33.89540300013065],[-80.37116799981456,33.89534400032306],[-80.37142599955742,33.89516200029295],[-80.3715439995582,33.89503800000902],[-80.37168099982554,33.89491600014299],[-80.37177899973483,33.894780000367795],[-80.3719589996599,33.89459400015958],[-80.37215500037678,33.89421700034537],[-80.37235899969298,33.89381399970381],[-80.37182399994067,33.89362699968438],[-80.37099899976015,33.893131999671624],[-80.37090599987373,33.89307700032139],[-80.3708110003375,33.89291399972037],[-80.37063999973496,33.89264899994933],[-80.37072599994868,33.89258999972786],[-80.37079500044396,33.89254600026916],[-80.37126499989894,33.8922489999737],[-80.37190000010867,33.89181300021983],[-80.3726130001362,33.89129899996994],[-80.37273699998475,33.89121099969784],[-80.3731139995533,33.890879000158776],[-80.37258499964878,33.89035799964257],[-80.37295799991767,33.8899520002015],[-80.37276799994689,33.889802000161566],[-80.37167800035083,33.89111400034353],[-80.37156199999987,33.89094799980101],[-80.37108400014897,33.89016700032074],[-80.37037199994636,33.88890200034826],[-80.36939299978005,33.88716100011489],[-80.36836500010826,33.88754499988652],[-80.36785700012014,33.88773599985944],[-80.36719799962097,33.88654399995346],[-80.36647600027092,33.88522199992728],[-80.36452399978607,33.881899000175885],[-80.36276899984307,33.87891399965165],[-80.36207799955683,33.87774099973525],[-80.36203400007422,33.87766400031611],[-80.36178499965389,33.87780099991239],[-80.36145199956795,33.87760899994276],[-80.36116799988582,33.87745600018202],[-80.36056199998842,33.87734099996194],[-80.35923899986552,33.87730300014698],[-80.35842000043111,33.87690700036191],[-80.35831300030098,33.87654599997369],[-80.35773300034283,33.87569599992309],[-80.35751700043276,33.87571800027154],[-80.35710599963072,33.87580399981645],[-80.35686100030665,33.8757480003308],[-80.35603699995103,33.87687400029687],[-80.35602500025547,33.8768570001906],[-80.35584399960717,33.8767959999568],[-80.35579000007884,33.87678299964462],[-80.35570600041324,33.87676899993722],[-80.35545500034308,33.87682400010623],[-80.35530100035729,33.876779999973834],[-80.3551890002043,33.87674799999899],[-80.3549780003171,33.87659299990415],[-80.35477099972957,33.87651500005307],[-80.35454700032189,33.87639799976989],[-80.35450499959077,33.876554999756124],[-80.35387799977696,33.87907600004379],[-80.35382199970047,33.879301999690355],[-80.35362300040717,33.88006800018448],[-80.35356899998048,33.88027399972239],[-80.35346699987323,33.880241000213665],[-80.35332600030624,33.880192999956215],[-80.35275600039384,33.88000200024907],[-80.3516900001889,33.879644999950784],[-80.35153100018023,33.87958500032432],[-80.35163599976222,33.879087999894864],[-80.35226799959891,33.87609700009548],[-80.35231000033001,33.87588000001855],[-80.35239200034577,33.875513999738445],[-80.35240400004133,33.8754669999596],[-80.3524500000721,33.87529299979152],[-80.35257300009573,33.874878000298864],[-80.35265400028659,33.874629000082145],[-80.35287600004443,33.87394799974191],[-80.35294700018954,33.873758999830855],[-80.35280300024951,33.87372099991267],[-80.35268600007365,33.873669999937],[-80.35222499994119,33.87347099987198],[-80.35191199994674,33.87322800036279],[-80.35189699987814,33.872995999940265],[-80.35211799981107,33.872831000130454],[-80.35293999961853,33.873170999751565],[-80.35304199972579,33.87321400007228],[-80.35317800016824,33.873248999675496],[-80.35347199989612,33.8727399996423],[-80.35371999959322,33.87237199968689],[-80.35380499998203,33.87224500000891],[-80.3536190002092,33.87215000036114],[-80.35344400030701,33.872064000117774],[-80.35302599983227,33.871856999957295],[-80.35296100043324,33.87182700002207],[-80.35317200032044,33.87156400003936],[-80.35321099978019,33.87148700026823],[-80.3529299995728,33.87136500028525],[-80.35297200030391,33.87127799979351],[-80.3534500001548,33.87077599991347],[-80.35446699995595,33.869708999727216],[-80.35423699980217,33.86951199982595],[-80.35477099972957,33.86895399978865],[-80.35572800015456,33.869738000185414],[-80.35581799966793,33.86981200012686],[-80.35584799980514,33.86983699966925],[-80.35592700034618,33.869897999655684],[-80.3562389996174,33.869577000191974],[-80.35701000026957,33.870220999835524],[-80.35710300015599,33.87029900021759],[-80.3572389997001,33.87041199980322],[-80.35725799996668,33.870428000234156],[-80.35732699956364,33.87035199965245],[-80.3580399995912,33.86959599995681],[-80.35702799981291,33.86874499982496],[-80.35691700038313,33.86866199983658],[-80.35727600040835,33.86828599978609],[-80.35818799972918,33.8673460002463],[-80.35860500037901,33.86691700032395],[-80.35882700013688,33.86666399972254],[-80.35935600004137,33.86607700026276],[-80.35980499957994,33.86557899996839],[-80.36190400037789,33.86320899970572],[-80.36205699964043,33.86331199974252],[-80.36209099997563,33.86333400029916],[-80.36214000037944,33.86338299989105],[-80.36216899979344,33.86342799976554],[-80.3622299998928,33.863541999788936],[-80.36233700002293,33.86370199968283],[-80.36234700006867,33.86376000019505],[-80.36254299988725,33.864170999635014],[-80.36297499970739,33.86505600030945],[-80.36323400017346,33.86559700035315],[-80.36383199967496,33.866729000019376],[-80.36395100039896,33.86697000036671],[-80.36415399989023,33.8673570000056],[-80.36428600013471,33.867635000232305],[-80.3651360004296,33.869424000204006],[-80.36564900044058,33.87048499969365],[-80.36606299981905,33.87136199967822],[-80.36693599968015,33.87320799973392],[-80.36718299955236,33.87371999973791],[-80.3672710003142,33.87391200025282],[-80.36747600035362,33.87435000009054],[-80.36701199984812,33.8740540000139],[-80.3669680003655,33.87399800012583],[-80.36689100037262,33.87391600019677],[-80.36667999958712,33.87371999973791],[-80.36650399986003,33.873571999854235],[-80.36635400007218,33.873452999655804],[-80.36585899960454,33.873080999808174],[-80.36567799985457,33.87293899991995],[-80.3649339998649,33.872375000258415],[-80.36460599980184,33.872126999645445],[-80.36343599983984,33.87123399978538],[-80.36218999970984,33.870306000229284],[-80.36133899959005,33.869681000227054],[-80.36083899999785,33.87008299978813],[-80.36069199968476,33.870986999793324],[-80.36074899958615,33.871080000324156],[-80.36080100036301,33.871178000284665],[-80.36084700039378,33.87127799979351],[-80.36088800040164,33.871379000133224],[-80.36092199983852,33.87148300021044],[-80.36095000032593,33.87158700016094],[-80.36060100034648,33.87182400017716],[-80.36269799969796,33.873826000293114],[-80.36470200006131,33.87546300008835],[-80.36475999978765,33.87540299975903],[-80.36484400035155,33.875355999919066],[-80.36494899993353,33.87530199970603],[-80.36514999977497,33.875223000009605],[-80.36611700024572,33.87490799990749],[-80.36692700035763,33.87441099983512],[-80.3671919997732,33.87430600017432],[-80.36724899967457,33.874393999984015],[-80.36737900026925,33.87465399970536],[-80.367417999729,33.874755999941954],[-80.36747800000343,33.874944999882686],[-80.3675309997069,33.87518200027046],[-80.36754900014854,33.87533199991146],[-80.36755499999634,33.87546199993406],[-80.36754999997346,33.87562800003065],[-80.36753599972977,33.87583999999911],[-80.36752499985911,33.875912999722104],[-80.36749399989698,33.87605999987389],[-80.36742399957677,33.87629100002709],[-80.3673619996525,33.876439999813485],[-80.36702500026692,33.87708700028861],[-80.36684000031899,33.87714600004525],[-80.36643100006508,33.87731599963418],[-80.36591999970392,33.87744000032281],[-80.36569700012114,33.87724999980766],[-80.36556200040194,33.87721099981834],[-80.3655950000139,33.87727100036818],[-80.36627999955402,33.87852200035818],[-80.36640900032377,33.87875100032777],[-80.36928499982501,33.88397800010872],[-80.36936400036603,33.884049000220216],[-80.3694599997272,33.88422699989323],[-80.36967300016254,33.88460700000548],[-80.3698759996538,33.88496899989237],[-80.37008400006626,33.88534600031303],[-80.3702620003415,33.8856520003494],[-80.3705660001151,33.88617599986585],[-80.37077899965213,33.88654299992899],[-80.37082499968288,33.88662499965623],[-80.37124499980744,33.88646800030048],[-80.37137000037923,33.88641699973989],[-80.37151000012132,33.88635300029459],[-80.3716630002822,33.886282999890874],[-80.37177700008502,33.886226999824814],[-80.37205200044463,33.88607699994622],[-80.3724580003255,33.88586600008819],[-80.37254100016617,33.88582500024253],[-80.37312299977413,33.885534999916764],[-80.37324900017083,33.885477000031585],[-80.3742120004436,33.88503200033377],[-80.37575300012638,33.88587400034675],[-80.37589799989134,33.885674000368184],[-80.37690399982183,33.88400299997617],[-80.37671700022409,33.88403200005185],[-80.37653700029902,33.88406500033168],[-80.37641400027537,33.88409499969365],[-80.37627899965784,33.884127999949186],[-80.3759790000822,33.884228999996395],[-80.37565400039217,33.8843660002386],[-80.37514499968086,33.88460099972248],[-80.3750779997337,33.884631999688615],[-80.37433999959181,33.884973000063816],[-80.37405199971172,33.884521999685816],[-80.37384800039553,33.88426000009765],[-80.37367199977012,33.883980000217726],[-80.37362999993734,33.8839729998361],[-80.37363699961003,33.883952000179164],[-80.373648000379,33.88385199985999],[-80.37363999998307,33.88366999991796],[-80.37363199958715,33.883518999958184],[-80.37370399955718,33.88352100007795],[-80.3738530004184,33.88351799989832],[-80.37419999984972,33.88350800004456],[-80.37427799966753,33.883244000199355],[-80.37430699997984,33.883140000284634],[-80.37415899984184,33.882882999772384],[-80.37397899991679,33.88256800035207],[-80.37386199974092,33.882361999640565],[-80.3735570001424,33.88182400019367],[-80.37347599995154,33.88168799967985],[-80.37359399995232,33.88165299980868],[-80.37365900024963,33.88162399967016],[-80.37356999966288,33.88146800014453],[-80.37387400033481,33.881347999684316],[-80.37450399962333,33.881096000182175],[-80.37458099961623,33.881065999765674],[-80.3740009996581,33.88007799969566],[-80.37387799963446,33.88012700011744],[-80.37282099965034,33.88054100009229],[-80.37216600024743,33.879395000110264],[-80.37129300038634,33.87786599993246],[-80.37112699980668,33.877576000149126],[-80.37090599987373,33.877182999795934],[-80.37104300014109,33.87723500004335],[-80.37114900044631,33.87732799973273],[-80.37122899991392,33.87741999993523],[-80.37126999992181,33.87744199983925],[-80.37139100029563,33.87740799984956],[-80.37154899958107,33.87739199998135],[-80.37216600024743,33.877147000179804],[-80.372366000264,33.87706799995378],[-80.37244300025688,33.87698700012757],[-80.3725229997245,33.876944000216255],[-80.37256299990747,33.87692300032104],[-80.3726700000376,33.87689900000829],[-80.37273100013697,33.876901999674836],[-80.37282300019847,33.87690700036191],[-80.37291299971184,33.876927000123885],[-80.37297499963611,33.87692200018382],[-80.37303999993345,33.87685100010836],[-80.37308699978912,33.876781000112736],[-80.37312699997209,33.87671600001208],[-80.37316499960693,33.87667099968394],[-80.37323199955408,33.876671999824055],[-80.3733110000951,33.87672499977651],[-80.37337200019446,33.87681300007527],[-80.37342700044606,33.876852999638594],[-80.37351000028673,33.87686700007801],[-80.37357600040897,33.87687999963161],[-80.373676999793,33.876934000337826],[-80.37376600037976,33.877021000285],[-80.37383800034979,33.87710599987338],[-80.37393399971094,33.877131999651624],[-80.37401599972671,33.877103000214014],[-80.37405599990969,33.87704300029187],[-80.37408600004692,33.876994000336595],[-80.37412399968174,33.87694199994233],[-80.37417700028351,33.87688400018234],[-80.37423900020778,33.87686800021588],[-80.37432299987337,33.87686999974573],[-80.37441099973692,33.87689900000829],[-80.3744440002472,33.87691999990941],[-80.37448400043017,33.87695699975808],[-80.37451200001927,33.876994000336595],[-80.37454899982917,33.877047000089085],[-80.37457599959336,33.877089999948545],[-80.37463199966986,33.87713100026265],[-80.3746840004467,33.877170000288494],[-80.37473899979999,33.877199999837266],[-80.37479900007445,33.877220000276466],[-80.37486099999872,33.87723700031042],[-80.37492299992299,33.87725499972851],[-80.37501699963433,33.877277999808086],[-80.37510100019823,33.87729700009616],[-80.37515899992454,33.87731900003188],[-80.37527799975024,33.877385999936784],[-80.37533399982674,33.87743099988795],[-80.37536899998683,33.87748000033808],[-80.37539699957593,33.87751900020446],[-80.37541800039064,33.877614999971634],[-80.3754440003299,33.87767900000501],[-80.37549299983539,33.87772399980163],[-80.37558200042217,33.877774000210835],[-80.37566100006488,33.87778700037204],[-80.37574100043082,33.877785000117925],[-80.37580900020289,33.877773000083565],[-80.37588100017291,33.87774799988237],[-80.37594700029514,33.87771600027043],[-80.37603400033377,33.87767000034118],[-80.37615599963421,33.87758599995233],[-80.37623000015236,33.877533999918796],[-80.37631899984082,33.87746399973759],[-80.37637499991732,33.87740400006927],[-80.3764150001003,33.87734900027411],[-80.37649100026827,33.87727600028781],[-80.37653800012394,33.87723199964269],[-80.37659099982739,33.87719899970334],[-80.37664299970592,33.87718199966181],[-80.37669799995751,33.87717600034824],[-80.37675200038417,33.877175000214024],[-80.37685500031634,33.877182999795934],[-80.37694800020277,33.877200999971244],[-80.37707600024928,33.8772260003327],[-80.37713700034865,33.87723899983161],[-80.3772119997934,33.87724999980766],[-80.37731899992353,33.87726400018194],[-80.37744100012227,33.877278999941105],[-80.37752200031312,33.877277999808086],[-80.37760299960564,33.87726400018194],[-80.37767399975077,33.87724300036546],[-80.3777530002918,33.87720900029655],[-80.37780099997238,33.8771740000798],[-80.37786799991952,33.87711500034251],[-80.37794499991242,33.87706000036109],[-80.37802899957799,33.87698700012757],[-80.37808600037772,33.87695099968294],[-80.37820500020342,33.87689500020415],[-80.37830499976253,33.876864999802315],[-80.37837199970967,33.8768570001906],[-80.37845299990053,33.87684999997033],[-80.37852499987056,33.87685100010836],[-80.3786410002215,33.87685499991462],[-80.37870300014578,33.876859999858624],[-80.3787809999636,33.87686599994017],[-80.3788599996063,33.87688400018234],[-80.37901899961497,33.87693099992658],[-80.37911099967648,33.87694199994233],[-80.3791819998216,33.87694800001812],[-80.37926300001244,33.87695099968294],[-80.37933699963229,33.87695299995666],[-80.3794220000211,33.876949000154994],[-80.37951900010547,33.876939999668345],[-80.37961600018986,33.876925999986746],[-80.37968800015989,33.87691499996894],[-80.37976500015277,33.876901999674836],[-80.37984700016854,33.87690600022453],[-80.38011599978205,33.876804000320064],[-80.38014300044456,33.876756999760055],[-80.380196000148,33.876719999824616],[-80.3802870003846,33.87669799973447],[-80.3803719998751,33.8767070002467],[-80.38044300002021,33.87674799999899],[-80.38047599963215,33.876776000164114],[-80.3804990000967,33.87682599963705],[-80.38051300034041,33.87686900035369],[-80.38052400021104,33.87692300032104],[-80.38055500017319,33.87698100005453],[-80.38058699996024,33.87700500034423],[-80.38062499959509,33.87702500008323],[-80.38072500005251,33.87704200015604],[-80.38082100031198,33.87703399981515],[-80.38087499984033,33.87700199993547],[-80.38091900022127,33.87696699963383],[-80.38095799968102,33.876923999712396],[-80.3809989996889,33.8768720000213],[-80.38103300002409,33.87682400010623],[-80.38105899996334,33.876781000112736],[-80.38107900005484,33.876736999958226],[-80.38109400012345,33.87670200029373],[-80.38120700010136,33.87670200029373],[-80.3814149996155,33.87670200029373],[-80.38158100019517,33.87667599963866],[-80.38178299986153,33.87664400037057],[-80.38184800015885,33.876538999727984],[-80.38246800029998,33.875523999783276],[-80.3825960003465,33.87552999995875],[-80.38327300038901,33.8753920002907],[-80.38406599988416,33.87527700027263],[-80.38467199978156,33.87516800030047],[-80.38470399956863,33.87506099976133],[-80.38458999976581,33.87482399978339],[-80.38458399991801,33.8748109999166],[-80.38439599959705,33.87472900002281],[-80.38440499981787,33.87440299999338],[-80.38439200029741,33.87405000007641],[-80.38459300013885,33.873898000074504],[-80.38476899986594,33.873750999927985],[-80.38493100024766,33.87371999973791],[-80.38504800042352,33.87368800010734],[-80.38514299995977,33.87367200028757],[-80.38524400024211,33.87351199968722],[-80.38531100018926,33.873363000009775],[-80.38538499980909,33.87327700024279],[-80.38545799960404,33.87320300032182],[-80.385497999787,33.87314800005687],[-80.38558599965056,33.873021000041796],[-80.38562599983352,33.87292199977571],[-80.38564599992502,33.87286599989072],[-80.38564699974991,33.87278300018014],[-80.38560099971916,33.87269400001437],[-80.38554600036589,33.87260700013131],[-80.38550899965765,33.87254400021212],[-80.38551600022866,33.87246999965569],[-80.38554999966554,33.87241700004426],[-80.38558400000073,33.87230699995752],[-80.3856040000922,33.872257000074676],[-80.38567799971207,33.87218499965485],[-80.38574499965921,33.87209200032796],[-80.38577800016948,33.87199799995898],[-80.38583300042107,33.87187099972452],[-80.38584000009378,33.87178200009953],[-80.38584699976646,33.87172099996775],[-80.38587400042896,33.87166600023945],[-80.38590799986582,33.8716159999811],[-80.38598400003382,33.87158599996123],[-80.38606699987447,33.871569999747365],[-80.38614700024041,33.871561999639326],[-80.38628299978454,33.871562999839384],[-80.38635899995253,33.87153500020153],[-80.38644299961813,33.87148300021044],[-80.38650600026563,33.87141399974301],[-80.38658599973326,33.871347999827506],[-80.38665900042649,33.87129299985886],[-80.38670600028216,33.871259999860726],[-80.38677200040439,33.87122200032167],[-80.38686600011575,33.871171999803224],[-80.38691899981919,33.871134000224984],[-80.38695999982707,33.871079000118506],[-80.3869899999643,33.87098999966765],[-80.38700699968273,33.87088500027353],[-80.38700800040597,33.87077700012268],[-80.38700199965987,33.87066400027435],[-80.38700900023086,33.87058900011424],[-80.38706600013228,33.870509000318314],[-80.38715300017093,33.87046799980647],[-80.38718999998083,33.870410000122135],[-80.38716200039174,33.870359999873884],[-80.38643900031848,33.870558999733404],[-80.3861740000046,33.87003099965838],[-80.38595899991945,33.869708000251336],[-80.38602800041474,33.86959000011006],[-80.3868419998263,33.86822299966126],[-80.38725500027817,33.867538000180886],[-80.38869899987658,33.87024300010347],[-80.38880500018176,33.87043800012895],[-80.38887299995383,33.87056500025793],[-80.38970499980705,33.87210300022152],[-80.38981500031022,33.87230699995752],[-80.39028899996315,33.87318500004919],[-80.39046300004043,33.873489000084355],[-80.3909619998077,33.87437099987304],[-80.39109200040237,33.874600999958396],[-80.39140899969645,33.87520000012197],[-80.39182299997326,33.8759820002815],[-80.39185399993538,33.87604999989192],[-80.3919390003242,33.87620600037273],[-80.39187800022484,33.876362999966354],[-80.39174599998036,33.87672499977651],[-80.39170400014756,33.876862000134416],[-80.39169699957654,33.87691200030285],[-80.39167800020829,33.877131999651624],[-80.39148900006239,33.87749299979831],[-80.3913970000009,33.87739699989388],[-80.3913629996657,33.877345999877456],[-80.3913469997722,33.87728999991199],[-80.3903769998267,33.87698100005453],[-80.38993900015879,33.876852999638594],[-80.38988499973212,33.87698300032755],[-80.38464199964433,33.87578299964071],[-80.38458599956785,33.87581999998233],[-80.38449600005447,33.87584500000257],[-80.38440399999295,33.875863999863846],[-80.38433799987072,33.875910000020795],[-80.3843219999772,33.87598299968391],[-80.38431899960413,33.876054999883024],[-80.38431199993147,33.87609700009548],[-80.3843010000608,33.876141999980504],[-80.38425099983209,33.87618400015009],[-80.38420399997642,33.87619099967915],[-80.38414100022723,33.87618500029592],[-80.38407799957973,33.87618500029592],[-80.3839699996247,33.87617699987462],[-80.38395100025645,33.87621199975443],[-80.38384400012632,33.87625000005518],[-80.38377700017917,33.8762839997604],[-80.38373699999619,33.87631700005358],[-80.3836950001634,33.876376000342574],[-80.38366500002617,33.87642399976382],[-80.38372500030063,33.87646699993715],[-80.38375299988971,33.87651000008886],[-80.38377999965388,33.8765439996905],[-80.38381099961605,33.876622000260845],[-80.38387500008845,33.87667599963866],[-80.38395799992914,33.87672099996422],[-80.38403900011998,33.87674099976979],[-80.3841179997627,33.876713999732786],[-80.38417600038734,33.87676000017741],[-80.3846319995986,33.87742900037125],[-80.38487000014828,33.8777759997194],[-80.38517800011986,33.878225999835486],[-80.38602300039187,33.8794650001991],[-80.3865609996189,33.880274999820344],[-80.3863420002341,33.88017100001563],[-80.38612100030116,33.879988999679455],[-80.38604900033113,33.879929999651075],[-80.38553100029728,33.879633000177996],[-80.38535399984696,33.87962199976332],[-80.3847930001554,33.87946999999017],[-80.38451000029816,33.87946999999017],[-80.38444400017593,33.87946699966808],[-80.38426000005292,33.87945599997782],[-80.38399200026431,33.87943999974779],[-80.38386300039289,33.87945399976276],[-80.38338499964368,33.87950500001102],[-80.38289099989927,33.8796830002144],[-80.38252500020138,33.879840000123316],[-80.38213799968877,33.88000700000868],[-80.38179299990728,33.88015499991967],[-80.38142700020938,33.8803129998034],[-80.38107099965893,33.88045999983371],[-80.38072300040268,33.880558000210456],[-80.38032400019452,33.880640999817416],[-80.37973500001554,33.88084600011819],[-80.37925600033975,33.881312000333686],[-80.37907200021672,33.881619000005294],[-80.37888800009371,33.88192600006383],[-80.37870300014578,33.88223399983852],[-80.37851599964972,33.88253999985018],[-80.37812300018766,33.88320199977575],[-80.37782899956147,33.88369299975997],[-80.37785100020109,33.883890999797096],[-80.37743399955126,33.88394000026638],[-80.37728399976342,33.88425000033085],[-80.37709799999058,33.884569999745146],[-80.3770770000742,33.88457399993529],[-80.37703799971614,33.88462700020001],[-80.37678900019411,33.88503599975655],[-80.37651899985735,33.885446999664076],[-80.37635599965076,33.88571200018394],[-80.37625000024384,33.88587799973008],[-80.37612300002223,33.88607699994622],[-80.37650999963653,33.88628900005558],[-80.37697300031712,33.886541999904566],[-80.37704000026427,33.886578000031385],[-80.3780079996616,33.88710899995078],[-80.37824200001334,33.887235999879884],[-80.37892599972855,33.8875879996757],[-80.38103200019917,33.88871999999397],[-80.38261300006494,33.887879999751455],[-80.38189699966435,33.88750000004935],[-80.38189599983943,33.8874490001057],[-80.38199399974873,33.887485999863124],[-80.38211599994744,33.88752100032429],[-80.3827090003244,33.88761900004784],[-80.38313600012165,33.88770100023221],[-80.38292900043241,33.88694799991571],[-80.3829560001966,33.886868999815164],[-80.38298600033383,33.886792999705975],[-80.38289099989927,33.886322000208125],[-80.38286800033305,33.886073999856464],[-80.38302899999152,33.88604199963834],[-80.38336000042764,33.88593199996204],[-80.38371400042998,33.885814999913414],[-80.38373399962313,33.8857409996787],[-80.38378300002694,33.885561000109604],[-80.38386400021778,33.885269000299196],[-80.38379100042286,33.88479300036582],[-80.38403099972406,33.88466499973637],[-80.38409199982344,33.884617999777475],[-80.38458300009312,33.884695999679245],[-80.38469000022323,33.88425099963643],[-80.384772000239,33.8839079999935],[-80.3847930001554,33.88380700031204],[-80.38488000019402,33.883821999666814],[-80.38533299993055,33.88389800018545],[-80.38549899961191,33.883759999880475],[-80.38540900009855,33.88353899966201],[-80.38551399968053,33.883083000327765],[-80.38555999971128,33.88308899997175],[-80.38588600012453,33.88315599982086],[-80.38606600004958,33.88320099971216],[-80.38626600006612,33.88326299990473],[-80.386779999902,33.883437000228604],[-80.38685799971981,33.88565000027959],[-80.38327800041188,33.88754199984845],[-80.38332899956718,33.88775000000463],[-80.38338100034404,33.88776800018791],[-80.38340300008535,33.88777600026812],[-80.38346400018472,33.887817999931336],[-80.38352899958373,33.88786899965437],[-80.38359999972883,33.88790900000069],[-80.38373399962313,33.88798599986881],[-80.38379499972251,33.88802000011774],[-80.38369099996544,33.88807299973307],[-80.38336299990237,33.888244999932084],[-80.38260600039224,33.889976999809655],[-80.3824630002771,33.89026899991029],[-80.38226200043565,33.89021300022385],[-80.3822239999025,33.89026100006385],[-80.38213500021403,33.890510000152005],[-80.38238999958385,33.8905370002976],[-80.38393100016494,33.891007999639065],[-80.38391000024855,33.89105699974894],[-80.38324900009955,33.892555999809225],[-80.38409500019648,33.89281200031117],[-80.38427500012153,33.89287200032929],[-80.38451500032104,33.89296400017572],[-80.3846810000024,33.89303500026493],[-80.38484000001105,33.893111000032334],[-80.38506000011907,33.89322499992938],[-80.38535300002205,33.89339700017893],[-80.38561800033591,33.89358300001504],[-80.385794000063,33.89371599964112],[-80.38592799995732,33.893836999793514],[-80.38605000015605,33.893940000151545],[-80.38656800018991,33.89354499997724],[-80.38678800029794,33.89385799999965],[-80.38657999988547,33.89400800036322],[-80.38633899986105,33.894235999843836],[-80.3864200000519,33.89433300012155],[-80.3864400001434,33.8943570000041],[-80.38658800028139,33.894552000104575],[-80.38664199980974,33.894626000152144],[-80.38676700038154,33.89481600000044],[-80.38681800043516,33.894907000060385],[-80.38734499979152,33.894823000237935],[-80.38750399980019,33.89479899974085],[-80.38773499977887,33.89476300010104],[-80.38813900000991,33.89469900020671],[-80.38851200027882,33.89464099984161],[-80.38889999971802,33.894579999646425],[-80.38928899988046,33.89451900015333],[-80.38967600039305,33.89445699993926],[-80.39006499965717,33.89439700029053],[-80.39025399980305,33.89436700007745],[-80.39045399981958,33.89433599992082],[-80.39084299998203,33.894275000253145],[-80.39123100031954,33.894213999796236],[-80.39161999958365,33.89415399997656],[-80.39200799992118,33.89409300017871],[-80.39239799990851,33.89403200033723],[-80.39278600024603,33.893970999706504],[-80.39345099969466,33.893867000192984],[-80.39363800019072,33.89383799973241],[-80.393403999839,33.89325499979843],[-80.39327499996757,33.89292699981178],[-80.3932070001955,33.89244099980839],[-80.39334500028775,33.892389999836205],[-80.39355699999986,33.89242199991004],[-80.39499999977338,33.89259800010157],[-80.39540499982932,33.89267300030583],[-80.39572299984664,33.89271799965104],[-80.39604800043497,33.892763999669704],[-80.39637300012497,33.892809999663555],[-80.39653499960838,33.89283300002402],[-80.39669799981498,33.89285499968218],[-80.39725000018403,33.89293400020431],[-80.39731999960591,33.89335400033544],[-80.39705600001528,33.89335199970059],[-80.3965789999893,33.89340000001113],[-80.39662400019515,33.8936970000268],[-80.39666799967776,33.89399399975387],[-80.39668600011942,33.89411600019316],[-80.39671299988359,33.89428800013709],[-80.39701500000739,33.89462999987072],[-80.39725900040487,33.89460799992481],[-80.39746100007123,33.894591000369374],[-80.3972049999782,33.89497600017226],[-80.3970090001596,33.89526900023067],[-80.39696899997664,33.895323999658636],[-80.39695300008312,33.89538400014651],[-80.39690100020458,33.89558199989109],[-80.39682900023455,33.89585099990337],[-80.39673200015018,33.89590800027658],[-80.3968049999451,33.89616700014507],[-80.3968600001967,33.896313999700375],[-80.39680999996799,33.896315000355884],[-80.39668799976924,33.89636999985491],[-80.39631899969831,33.896532999815705],[-80.39651200004215,33.89687700004618],[-80.39694600041041,33.89672199998404],[-80.39703099990092,33.8969699999482],[-80.397106000244,33.89723700025794],[-80.39718200041197,33.89750499962758],[-80.39725699985672,33.897772999646186],[-80.3973320001998,33.89803999967853],[-80.39750299990403,33.898631000261936],[-80.39767299978334,33.89870700026177],[-80.3979790001051,33.900136999717155],[-80.39840199970439,33.90212300011715],[-80.3984440004355,33.90231699976795],[-80.3989440000277,33.90230900030604],[-80.39940900035809,33.902301000097836],[-80.39955099975,33.9022979998332],[-80.40004799986748,33.90229000036951],[-80.40111499989732,33.902281000319626],[-80.40171599977187,33.90226199963125],[-80.40198899958332,33.902258000270585],[-80.40311900026069,33.90223799973668],[-80.40429199969745,33.90221899978432],[-80.40431799963672,33.90246700016383],[-80.40432900040568,33.90256400002583],[-80.40434699994904,33.90283900012607],[-80.40441999974396,33.903999000248724],[-80.40444800023138,33.90443799977112],[-80.40446599977473,33.904711999979696],[-80.40453299972188,33.90522699971104],[-80.40455100016354,33.905526999691205],[-80.40458999962328,33.90596499974955],[-80.40459399982124,33.906055000044574],[-80.40462200030866,33.906329000274845],[-80.40431699981181,33.906359000007114],[-80.40148200031844,33.90663300000577],[-80.40111099969936,33.906668000064606],[-80.40090800020809,33.907886999644546],[-80.40080600010084,33.908426999742325],[-80.39840000005456,33.90771399977054],[-80.39788899969341,33.90757800027813],[-80.39772300001205,33.907512999786235],[-80.39748899966031,33.907447000211015],[-80.39697499982442,33.908471999720284],[-80.39742500008623,33.908649999864245],[-80.39764500019425,33.90873599975875],[-80.3979790001051,33.90870099980348],[-80.39926500041805,33.90856399988303],[-80.39954499990222,33.90854300031651],[-80.3996489996593,33.908541000038035],[-80.39978500010174,33.908548999660674],[-80.39992800021687,33.90857399978125],[-80.40019900037854,33.90866299979322],[-80.40073800032879,33.9088529996753],[-80.40071599968915,33.90893699984129],[-80.40054199961187,33.90970600036211],[-80.40050700035009,33.90986399992982],[-80.40067800005431,33.90993200011606],[-80.4010350004297,33.910072999814034],[-80.40173500003844,33.910343999821116],[-80.4010999998287,33.91069799989143],[-80.40087200022307,33.91082499973103],[-80.40071800023728,33.910909999928805],[-80.40039400037219,33.910686999755576],[-80.39984700002601,33.910325000184315],[-80.3997039999109,33.91045199983418],[-80.39937599984783,33.91032299994767],[-80.39900299957893,33.910176999690314],[-80.39863100003325,33.910030000179354],[-80.39838499998594,33.909932999866214],[-80.39825799976435,33.909882999669385],[-80.39788500039376,33.90973700014935],[-80.3974319997589,33.90955900003883],[-80.39704500014462,33.90940600017865],[-80.396593000233,33.90922800012237],[-80.39680300029528,33.908810999934],[-80.39534200008013,33.908933999810145],[-80.3944039999217,33.90902300019171],[-80.39398899982,33.909066000334406],[-80.39377200008502,33.90908900003774],[-80.39350699977115,33.90911700002475],[-80.39356700004562,33.90951600014483],[-80.39410900036891,33.91347799996663],[-80.39281200018532,33.91371799976479],[-80.39216199990695,33.91383800015589],[-80.3920940001349,33.913850000334826],[-80.39197199993616,33.91338200030546],[-80.39190800036205,33.91312599968619],[-80.39184499971454,33.91286999978894],[-80.39178600016332,33.91255700022675],[-80.39176199987388,33.9124290002652],[-80.38900900039629,33.9128809996431],[-80.38907200014548,33.913151999667676],[-80.388314999737,33.91327299982128],[-80.38823400044447,33.91328700024691],[-80.38820699978197,33.91317799964122],[-80.38817400017001,33.91302099996696],[-80.38816199957614,33.91296399985224],[-80.38814800023074,33.91290399980793],[-80.38811100042082,33.91274500019455],[-80.38818900023863,33.91273200014272],[-80.3889469995737,33.91261199968529],[-80.3884760002938,33.91056499991533],[-80.38895999999248,33.91048200035194],[-80.38878400026537,33.90971300012262],[-80.3887649999988,33.909622999962224],[-80.38741400028682,33.90976499992349],[-80.38696700039807,33.90981299994092],[-80.3868710001386,33.909818999941216],[-80.38655800014416,33.909839000187596],[-80.38663799961179,33.91020700030487],[-80.38670000043439,33.910478999629696],[-80.38676200035866,33.910752000063574],[-80.38682400028296,33.91102500036855],[-80.38688600020723,33.91129799979902],[-80.3869480001315,33.911570000115134],[-80.38701000005578,33.91184300003652],[-80.38707500035312,33.91212899997469],[-80.38713399990435,33.91238900023775],[-80.3871959998286,33.912661000053994],[-80.3872579997529,33.91293400020808],[-80.38731899985228,33.913204000352344],[-80.38740800043904,33.913465999735365],[-80.38752600043982,33.91426600002563],[-80.38749399975445,33.91426100003782],[-80.38718699960778,33.914223999969785],[-80.38714700032314,33.914301999631036],[-80.38683000013073,33.915179000188076],[-80.38723900038464,33.91525399991204],[-80.38773300012905,33.91447100001879],[-80.38785600015271,33.914312000347024],[-80.38829499964552,33.91437499998523],[-80.38842100004221,33.9143940002101],[-80.38864500034822,33.91440999984691],[-80.38880400035687,33.91440999984691],[-80.3888629999081,33.91440900014921],[-80.38899599997748,33.91440900014921],[-80.38912800022196,33.91439700004906],[-80.38925299989545,33.9143790002683],[-80.38958699980628,33.914320000173504],[-80.3901640002897,33.914206999852546],[-80.39019500025184,33.91430700036193],[-80.39031099970447,33.91511099971541],[-80.38946299995773,33.91483799982581],[-80.38923399962887,33.91531500022526],[-80.3891790002756,33.9154010001038],[-80.38863199992943,33.91495199974677],[-80.38856900018023,33.91505000000164],[-80.38815099970549,33.91569999963034],[-80.38775400004545,33.91631800022572],[-80.38673999971905,33.91792900007842],[-80.3865120001134,33.91831799969867],[-80.38711499963776,33.918585000238366],[-80.38704500021588,33.918708000171996],[-80.38687299978842,33.91901500015284],[-80.38680800038941,33.91910599972826],[-80.38724500023243,33.91929699982346],[-80.38762500017403,33.91946300033507],[-80.38748299988379,33.919689999940914],[-80.38698699959126,33.92042799998059],[-80.38676800020644,33.92075699964012],[-80.38652100033424,33.92112300033569],[-80.38597999983585,33.920453000343706],[-80.38588600012453,33.92033599995274],[-80.38577700034459,33.920199999729554],[-80.38565599997075,33.92004999997707],[-80.38552999957405,33.92000500014889],[-80.38546000015216,33.919977999644274],[-80.38537999978622,33.92012600026234],[-80.38516999972394,33.919995999733196],[-80.3850890004314,33.91987500018056],[-80.38473799990382,33.91947200006174],[-80.38467599997952,33.91938100013177],[-80.38462900012387,33.91930000023527],[-80.38460999985729,33.91929000010461],[-80.3845260001917,33.919246000261445],[-80.38436899983286,33.91916300020738],[-80.3843000002359,33.91910599972826],[-80.38408599997565,33.918875999630785],[-80.38374200001905,33.91861199969355],[-80.38371899955452,33.91809599992791],[-80.38372600012553,33.917929999734824],[-80.38373299979824,33.917857999846895],[-80.38375500043784,33.91784899994981],[-80.384223000243,33.917615999715544],[-80.38428599999219,33.917584000151926],[-80.38440499981787,33.917525999700835],[-80.38505000007333,33.91720600020396],[-80.38490199993534,33.91681200014179],[-80.38471100013965,33.9167620002534],[-80.38384199957818,33.91654700010076],[-80.38359300005615,33.91648199973977],[-80.38355899972096,33.916735999882356],[-80.38353799980457,33.91684600007898],[-80.38351900043631,33.91692999982177],[-80.38350799966733,33.91700599990816],[-80.38343700042053,33.916902000165166],[-80.38321999978724,33.916581999815854],[-80.38314299979436,33.916469999931465],[-80.38311900040321,33.91644099970449],[-80.38302099959562,33.9163149997089],[-80.38288900024945,33.91646299998043],[-80.38284800024157,33.916508999861314],[-80.38271900037014,33.9166310001383],[-80.38257200005704,33.91676099983788],[-80.38243300013987,33.916873000085204],[-80.38221100038203,33.917034000276026],[-80.38177600018885,33.917311999648604],[-80.38158600021805,33.917456999948236],[-80.38092599989398,33.917963000315396],[-80.38004700018509,33.91863699984406],[-80.37998199988776,33.91868999981097],[-80.38013400022372,33.91876100009469],[-80.38028499983645,33.91883200031924],[-80.38040700003519,33.918868000232024],[-80.38054699977727,33.91891000023527],[-80.38059299980803,33.91887400034024],[-80.38065599955722,33.918841000112494],[-80.38073799957299,33.91882800024521],[-80.38083999968023,33.91883200031924],[-80.38090800035062,33.9188569996598],[-80.38101799995547,33.91890299973923],[-80.3811119996668,33.918954000252],[-80.38125399995702,33.91900299995585],[-80.38137000030798,33.919021999894284],[-80.38146700039235,33.9190509999883],[-80.38157699999721,33.91910100002443],[-80.38165300016519,33.91914600033001],[-80.38167099970855,33.91919699995187],[-80.381730999983,33.91923200006939],[-80.38182499969433,33.91922500034519],[-80.3818940001896,33.91920300003698],[-80.38203300010679,33.91917699966532],[-80.38210000005394,33.91918800019622],[-80.38215199993246,33.919215999847104],[-80.38220700018407,33.919275999919776],[-80.38223700032128,33.91934099964033],[-80.38225300021482,33.91940200000951],[-80.3822380001462,33.91950799970406],[-80.38223200029842,33.919601999899506],[-80.3822309995752,33.919655999647695],[-80.38229599987253,33.91981400014998],[-80.38235500032208,33.91987199978901],[-80.38243800016274,33.9199249997331],[-80.38254699994268,33.91998399967432],[-80.38262999978336,33.92002700025009],[-80.38272100001996,33.92007899972119],[-80.38276299985274,33.92011600022868],[-80.38281300008146,33.92017599966763],[-80.38294399960272,33.92026300023263],[-80.38301800012088,33.920297999912236],[-80.38315100019027,33.9204470003467],[-80.38320600044186,33.920507999924084],[-80.38327699968865,33.9206609999795],[-80.38332699991736,33.92082500007976],[-80.38334100016108,33.92087899979822],[-80.38338999966656,33.92094300016564],[-80.38339700023757,33.92100699973961],[-80.38336899975016,33.92106399969239],[-80.3833150002218,33.92110499973943],[-80.38322200033538,33.92112399995456],[-80.38315700003805,33.92109200021753],[-80.38311699985508,33.92104700019432],[-80.38311600003017,33.92098200028444],[-80.38312100005304,33.92092199992228],[-80.38298600033383,33.92092799988583],[-80.38289500009724,33.92098800024384],[-80.38286300031018,33.92104799981408],[-80.38283800019582,33.92113500023408],[-80.38283999984563,33.921200999645194],[-80.38289000007437,33.92126899973041],[-80.38296500041743,33.921299999784175],[-80.3830559997557,33.92133200018846],[-80.38310599998444,33.92134600003545],[-80.3832309996579,33.921283999950184],[-80.38328900028252,33.92121100029696],[-80.38353600015473,33.92107299999527],[-80.38362900004115,33.92105300014909],[-80.3836750000719,33.92104700019432],[-80.38375299988971,33.921074999979666],[-80.3837870002249,33.921147000130844],[-80.38385099979901,33.92115900002585],[-80.38389400035503,33.92122599978149],[-80.3839210001192,33.92128799990896],[-80.3839770001957,33.92133699976141],[-80.38407199973193,33.921363000219294],[-80.38417999968698,33.921367000174364],[-80.3841599995955,33.92143100017521],[-80.38417200018938,33.92150100005118],[-80.38424199961125,33.92156100000565],[-80.38436499963491,33.9216269998322],[-80.38438899992435,33.92165999972624],[-80.38445300039677,33.92171599963024],[-80.38453299986439,33.92173099977129],[-80.38456700019958,33.921786999628615],[-80.38460599965933,33.92181899984998],[-80.38465199969008,33.92183200000639],[-80.38473600025398,33.92183599993945],[-80.3848140000718,33.92182400013973],[-80.38501200043851,33.92193599969524],[-80.38544599990846,33.92187499964945],[-80.38546000015216,33.9218740000394],[-80.3857029998264,33.921820999816866],[-80.3859639999423,33.921697999904694],[-80.38671600032791,33.92134699965176],[-80.38738999999738,33.921029999947415],[-80.38757199957226,33.92094500015308],[-80.38798000000126,33.92075499964832],[-80.38850200023307,33.920507999924084],[-80.38902699993965,33.92033599995274],[-80.38940799970614,33.920207000119035],[-80.3894830000492,33.920181999683734],[-80.38953999995061,33.920160999998224],[-80.38979100002078,33.920070999689926],[-80.39003799989298,33.91998100003205],[-80.39012099973367,33.91995200025457],[-80.39048200030699,33.919677999839],[-80.39132000000801,33.91904299986051],[-80.39180999955445,33.91867099979852],[-80.39196400043856,33.91881699966777],[-80.39253000015299,33.91935099976496],[-80.39272599997156,33.91916100017816],[-80.39285200036826,33.91904299986051],[-80.39292199979015,33.919092999901345],[-80.39317299986031,33.919250000315905],[-80.39370699978771,33.919564000277084],[-80.39386099977348,33.9196550000116],[-80.39447000004394,33.919999999752385],[-80.39487799957463,33.92022500015956],[-80.39602300032061,33.92074800004924],[-80.39662199964701,33.92103900025395],[-80.39678700040176,33.9211299999039],[-80.3944099997695,33.923072999667],[-80.39171500001821,33.925288999916106],[-80.39094500008926,33.92591100002279],[-80.39052699961454,33.92625099974308],[-80.39021600016822,33.92650199967425],[-80.39012099973367,33.92658000002195],[-80.38995500005231,33.92671599975018],[-80.38977000010438,33.92686500014036],[-80.38976699973134,33.92682399988387],[-80.3897709999293,33.92678399990556],[-80.38974800036307,33.92674599975967],[-80.38968800008861,33.92670200004028],[-80.38966200014936,33.92664500013288],[-80.38966700017221,33.926556999821756],[-80.38967800004288,33.92652600019024],[-80.3896949997613,33.9264570002726],[-80.38970099960909,33.92638899985618],[-80.38967600039305,33.92627599988819],[-80.38964899973057,33.92618200034803],[-80.38955400019431,33.926009000344415],[-80.3895109996383,33.92593499995984],[-80.3894200003,33.92580500009555],[-80.38920600003976,33.92566100015191],[-80.38910700030557,33.925513999772],[-80.3890319999625,33.925427000096974],[-80.3888760003269,33.92527300008594],[-80.38877500004456,33.92517499966292],[-80.38862699990655,33.92494399997673],[-80.3881809998427,33.925250999848686],[-80.38811899991843,33.92528300025969],[-80.38800099991767,33.92536300011649],[-80.3883630003159,33.925688000346234],[-80.38870700027249,33.92601100021294],[-80.38894200044913,33.92623199992603],[-80.3885320003703,33.92644299977475],[-80.38832999980563,33.92654699979758],[-80.38823699991922,33.92659300019722],[-80.38818599986558,33.92660500007051],[-80.38828100030014,33.926758000356784],[-80.3882999996684,33.926730000203115],[-80.38866399971648,33.92654999995399],[-80.38905700007685,33.92636399974422],[-80.38920299966674,33.92658100032219],[-80.38919599999403,33.92677200005743],[-80.38916300038207,33.927017999959624],[-80.38923899965174,33.92711500020447],[-80.38932599969037,33.92723799974905],[-80.38943600019356,33.92739300022511],[-80.38956900026292,33.92758100025568],[-80.389637000035,33.92767799985938],[-80.3897709999293,33.92786700029136],[-80.38975500003578,33.92803599986111],[-80.3897709999293,33.92848199975284],[-80.3901299999545,33.92889299968448],[-80.39035199971234,33.92916900007059],[-80.39040399959089,33.92920399981798],[-80.39043899975098,33.92917599972306],[-80.39057500019342,33.92906399999669],[-80.39091699960187,33.92878100033134],[-80.39136400038895,33.928412999929016],[-80.39180000040703,33.92804699999349],[-80.39234100000711,33.927594999821046],[-80.39377899975773,33.926400000201255],[-80.39373699992493,33.926358999720954],[-80.39370900033583,33.92631499980172],[-80.393700000115,33.92624700001732],[-80.39371799965836,33.92618900024602],[-80.39374600014575,33.92615299969981],[-80.39378299995569,33.926128000263994],[-80.39378100030586,33.92611899974977],[-80.393840999682,33.92609499986451],[-80.3938130000929,33.92596500024439],[-80.3939460001623,33.92586399969162],[-80.39420899992804,33.92565900027519],[-80.39507000009357,33.92493599965694],[-80.39594499960448,33.92423899993636],[-80.39845799978087,33.92215900024871],[-80.39840599990235,33.922125000195365],[-80.39797400008221,33.92184799973741],[-80.39781900027151,33.92174999984682],[-80.39727799977312,33.921412000028546],[-80.39724599998607,33.92139299987766],[-80.39723400029051,33.921384999969774],[-80.39724599998607,33.92137100012919],[-80.39728699999397,33.92132299991294],[-80.39729600021478,33.92131199965764],[-80.39730399971239,33.92130399974219],[-80.39734700026841,33.92125299989066],[-80.39795399999073,33.92057399982091],[-80.39796700040952,33.920561000217994],[-80.3982970001224,33.920189999704576],[-80.39878599984394,33.91965299999387],[-80.4011120004226,33.91703900010112],[-80.40230099975287,33.91750099996982],[-80.40197000021509,33.918592000015074],[-80.40445900010202,33.91963099979617],[-80.40424499984178,33.92021500013753],[-80.4053589997273,33.92068600027425],[-80.40532399956722,33.92078500026621],[-80.40529400032828,33.92086099989585],[-80.40484200041668,33.92204700024094],[-80.40457799992772,33.92277199997914],[-80.40443900001056,33.92315399970351],[-80.40141199999825,33.923088000314564],[-80.40151900012837,33.923867999786005],[-80.40166800009129,33.92397399988734],[-80.40154400024274,33.924110000049204],[-80.39972200035255,33.92295999977266],[-80.39875700042994,33.922350999812984],[-80.39872300009475,33.922329000311954],[-80.39653799998142,33.9241359996608],[-80.39622599981188,33.924407999995566],[-80.39629699995699,33.924457999869446],[-80.39752499964533,33.92532300019751],[-80.39809799993077,33.92571200034617],[-80.39837800031327,33.925929000348916],[-80.3986200001626,33.925822999698724],[-80.39895499989835,33.9256750000329],[-80.39936599980209,33.92549400022299],[-80.39977199968295,33.92531600022835],[-80.40013800027916,33.92517799986773],[-80.4003530003643,33.925066999674634],[-80.4004799996876,33.92498099986209],[-80.40084299991076,33.924849000136945],[-80.40118000019466,33.92470399974573],[-80.4014439997853,33.924590000200475],[-80.40154400024274,33.92451499974947],[-80.40164899982472,33.9243679996281],[-80.40173900023639,33.92423300020591],[-80.40224499967637,33.92455300014522],[-80.4028589999697,33.92493300018903],[-80.40303800006984,33.92502900025353],[-80.40324599958397,33.92513000030559],[-80.4034859997835,33.92521099987706],[-80.4036759997543,33.92525700025278],[-80.40392799964937,33.92531300002846],[-80.40550299966735,33.92553099986946],[-80.40561800019339,33.925551999722096],[-80.40582800025568,33.92558999965526],[-80.40598200024145,33.92561800018367],[-80.40613700005215,33.925656999653064],[-80.40628099999222,33.925693999974136],[-80.40626699974848,33.92581099971527],[-80.40623599978636,33.92611600032351],[-80.40620399999932,33.92643099987863],[-80.40616999966413,33.92674599975967],[-80.40614299989996,33.92705999967194],[-80.40611299976271,33.92737599975387],[-80.40608299962548,33.927661000190355],[-80.40605300038658,33.92801900026359],[-80.40602300024935,33.92848999973964],[-80.40566599987397,33.92874099978131],[-80.40579999976826,33.92941199970252],[-80.4058230002328,33.92952099966496],[-80.40586000004274,33.92951299977505],[-80.40599999978481,33.92951400004084],[-80.406070000105,33.92952199993064],[-80.40617100038735,33.92955100017717],[-80.40625099985498,33.92959000008191],[-80.40630000025878,33.92963000023322],[-80.40639899999299,33.92972099965033],[-80.40646199974219,33.92965899969766],[-80.40652600021458,33.92961399972777],[-80.40682300031551,33.9294089996469],[-80.40692700007259,33.92935500011796],[-80.40703099982964,33.92929499969025],[-80.40706099996689,33.929278999867186],[-80.4071880001885,33.92920600035679],[-80.4079279999802,33.92878900029],[-80.40928500043827,33.92803299975698],[-80.4095540000518,33.92823199997419],[-80.40963600006756,33.92829199966003],[-80.41142500034577,33.929594999915516],[-80.41167499969272,33.92977700021793],[-80.41179199986857,33.92986200014409],[-80.4128070000199,33.928819999843284],[-80.41202100019744,33.92823199997419],[-80.41189700034887,33.928056999841566],[-80.41173900016513,33.927596000109354],[-80.41225200017612,33.92724200017365],[-80.41388099972244,33.926174999704116],[-80.41443399991641,33.92581099971527],[-80.41459700012302,33.92570499966357],[-80.41476100015456,33.925597000347246],[-80.41563900003854,33.925015999839616],[-80.41604300026957,33.9247490000735],[-80.41629500016465,33.92458100026909],[-80.41654799988463,33.92441399971363],[-80.41680099960462,33.92424599999396],[-80.41716700020082,33.9240040001171],[-80.4175310002489,33.9237620002982],[-80.41805599995547,33.92341300027894],[-80.41802900019127,33.923360999861096],[-80.41801400012267,33.92335300013802],[-80.41801300029775,33.92333100015031],[-80.41767699983876,33.92267699995347],[-80.41723199959984,33.92179500024413],[-80.41740900005017,33.92171300004893],[-80.41792600025913,33.92147700035575],[-80.4177570002047,33.92121999983892],[-80.41759900002096,33.92097400033803],[-80.41740999987508,33.9206720003188],[-80.41704400017719,33.92011499985255],[-80.4167560002971,33.91970800009067],[-80.41673299983256,33.91966900013415],[-80.4173689998672,33.919601999899506],[-80.41825500014708,33.91950900008733],[-80.41897499984732,33.91943399963583],[-80.41908299980234,33.91937399967441],[-80.41966699995844,33.91905300002011],[-80.42032999975726,33.91868700012314],[-80.4206079995916,33.918532999855465],[-80.42158799958281,33.917994999736685],[-80.4210920001886,33.91743499992893],[-80.42061299961446,33.91689399983565],[-80.41973300008068,33.91590099968976],[-80.41923199976526,33.915334999927346],[-80.41918200043486,33.9152790003023],[-80.41934499974316,33.91507499970631],[-80.41951100032283,33.91486999967512],[-80.4196569999127,33.914688000325185],[-80.41953899991194,33.91463099983443],[-80.4193819995531,33.91455600030766],[-80.4188960002046,33.914322000316346],[-80.41849600017152,33.91413100025178],[-80.41801300029775,33.9138989999917],[-80.41763800037903,33.913719000216034],[-80.41743099979148,33.913618999762235],[-80.41765400027255,33.91300599978354],[-80.4179320001069,33.912242999791964],[-80.41777599957297,33.912204999869815],[-80.4177210002197,33.91053500017227],[-80.4173410002781,33.91045700004546],[-80.41720499983566,33.910428999753115],[-80.4171930001401,33.91021199978504],[-80.41714499956122,33.90939799989091],[-80.41698499972763,33.90940099990567],[-80.415250999701,33.909428000034126],[-80.41454900044245,33.90944699987087],[-80.4139540004157,33.909440999844435],[-80.41367900005609,33.90742899970797],[-80.41244999964454,33.90756599996165],[-80.41248599962954,33.907352000246966],[-80.41226200022186,33.90736699993442],[-80.41115500000905,33.90740099991203],[-80.41088399984739,33.90666400016512],[-80.41079299961078,33.90641399973735],[-80.41055099976145,33.905756000230525],[-80.4108010000067,33.90573299962788],[-80.41269999988977,33.9055489998023],[-80.414228999877,33.905400999962346],[-80.41418700004421,33.90477500000382],[-80.41415299970902,33.90437799968954],[-80.41412000009706,33.90413399966828],[-80.41342700016101,33.90414999974],[-80.4134110002675,33.903908000198996],[-80.41410800040148,33.90384299989104],[-80.41409900018067,33.903740000310904],[-80.41400600029424,33.902622000221115],[-80.41142899964542,33.90180300019744],[-80.41097900028196,33.900574999880035],[-80.41076699967152,33.89999500012103],[-80.41190099964852,33.89962899965173],[-80.41191499989225,33.89938199983859],[-80.41194300037962,33.898907000251604],[-80.41209300016746,33.89702499977041],[-80.41200100010596,33.89561799993079],[-80.40922799963856,33.895165000063066],[-80.40925100010308,33.89459400015958],[-80.40925500030104,33.89446600006935],[-80.40926299979867,33.894265000169014],[-80.4092729998444,33.89395100021143],[-80.40928999956284,33.893593000179145],[-80.4093070001796,33.89322899971366],[-80.40931800005023,33.89299500008544],[-80.40932300007312,33.89289999967706],[-80.409328000096,33.89280399995761],[-80.4098140003428,33.89287899998071],[-80.4104970002331,33.89298499985121],[-80.41044000033169,33.89289000017738],[-80.41076900021966,33.892674000258374],[-80.41093800027406,33.892953999937866],[-80.4110129997188,33.89308499990367],[-80.41108499968884,33.89302899982906],[-80.41139900040652,33.89279900020225],[-80.41160299972269,33.89267300030583],[-80.41179799971637,33.892577000330796],[-80.41184799994507,33.89255199999332],[-80.41210800023609,33.89245300001675],[-80.41238900044347,33.89235899970659],[-80.41263700014058,33.89230399985789],[-80.41485800023894,33.89189799998584],[-80.4149390004298,33.89188299981399],[-80.41530400030277,33.89181600010773],[-80.41548699970257,33.89178299984349],[-80.41582399998644,33.89172099987751],[-80.41659499974031,33.89157899968931],[-80.41723499997289,33.89146199992902],[-80.41868699996722,33.89119500018095],[-80.41888600015885,33.8911640003627],[-80.41905600003815,33.89114400020941],[-80.41921599987174,33.89113599969937],[-80.41944100000262,33.891134999728735],[-80.4201070001745,33.89117799994527],[-80.42147600032816,33.891297000032544],[-80.42200000020978,33.89133700026275],[-80.42225299992977,33.89135700037079],[-80.42325899986027,33.89145700009505],[-80.4234940000369,33.89147600020838],[-80.42435500020243,33.89154200021591],[-80.42456299971657,33.893671000076765],[-80.42459600022686,33.893994999690925],[-80.42464300008253,33.8944520002808],[-80.4246909997631,33.89492400029846],[-80.42264499956693,33.89509600010412],[-80.41935700033704,33.89539400009944],[-80.41741200042323,33.897135999954216],[-80.41604099972143,33.898344999773265],[-80.4165749996488,33.89929899982526],[-80.4168059996275,33.89972599976006],[-80.41709100003285,33.90025400025157],[-80.41773000044053,33.90143700003316],[-80.4192340003134,33.90411999997588],[-80.41965799973761,33.90487600020571],[-80.41758399995237,33.90507699969782],[-80.41706099989563,33.90512699973153],[-80.41707199976629,33.90549900001611],[-80.41710399955332,33.906702000321026],[-80.41771100017395,33.90709200027493],[-80.41842800039944,33.90750400028773],[-80.41938699957596,33.90807800028277],[-80.42019000001517,33.90855799979438],[-80.42033700032825,33.90864600005777],[-80.42084600014128,33.90886499981059],[-80.42080599995832,33.908993999667125],[-80.42058400020048,33.91080199975062],[-80.42033899997809,33.912740999834725],[-80.42032700028251,33.9128359997564],[-80.42056400010898,33.91289299995679],[-80.42074300020913,33.91292499979095],[-80.42088899979899,33.912942000163916],[-80.4210290004394,33.91296399985224],[-80.42107799994488,33.91296600002692],[-80.42101799967043,33.913013999732556],[-80.42112999982342,33.91296899991613],[-80.42156900021455,33.91298499982048],[-80.42310999989735,33.91301099984498],[-80.42454099997528,33.913028000200796],[-80.426310000162,33.91305100032594],[-80.42624900006264,33.913790000168845],[-80.42621899992541,33.91401400012564],[-80.42608099983315,33.91506799964062],[-80.42604700039627,33.91532299995758],[-80.42591699980161,33.91692400032208],[-80.42582899993808,33.91802400018024],[-80.42581399986945,33.91817700022357],[-80.42569900024174,33.91941899983579],[-80.42567800032532,33.91973600031607],[-80.4255989997843,33.92090099967372],[-80.42555600012659,33.92101099971139],[-80.4255209999665,33.92110299975581],[-80.42542100040737,33.921774000210775],[-80.4253519999121,33.92223300018639],[-80.42530800042947,33.92260900024664],[-80.42549800040027,33.922866000300466],[-80.42590000008319,33.92341100034949],[-80.42609699972667,33.92367799983685],[-80.42615299980316,33.923753999867344],[-80.42629400026847,33.923943999647],[-80.42652900044511,33.9242600001075],[-80.42676600027157,33.92457999994537],[-80.42737299999389,33.92523300012465],[-80.42760499979748,33.925482999760895],[-80.42806900030298,33.92598200025185],[-80.4276540002013,33.92624399985017],[-80.42717399980228,33.92654600024235],[-80.42630099994118,33.927095999834755],[-80.42658700017144,33.927408999657075],[-80.4267129996698,33.92754500029778],[-80.42691500023449,33.92776399993049],[-80.42841800028245,33.929378000307985],[-80.42905500014199,33.92972199991367],[-80.4297179999408,33.930066000366],[-80.42997300020895,33.93019899971772],[-80.43012999966945,33.930274999892944],[-80.43025900043918,33.930163999633855],[-80.43186100022136,33.92877899978248],[-80.43247999963924,33.92823800016828],[-80.43317299957526,33.9276309997578],[-80.43336199972114,33.927794000316204],[-80.43657299985648,33.93057400013968],[-80.43663099958277,33.930624999628265],[-80.43873700005342,33.932448999841576],[-80.44041599982845,33.93390399975427],[-80.44114899994747,33.93454899983821],[-80.4416510000878,33.93499200004814],[-80.44175099964691,33.935081000042835],[-80.44190299998289,33.935333000234905],[-80.44210600037248,33.936244000081984],[-80.44185699995212,33.93629300027447],[-80.44030000037583,33.93663399972294],[-80.43960700043978,33.936786999879644],[-80.4394629996014,33.93681899968281],[-80.43796700012449,33.93715899982992],[-80.43767800041948,33.93722400006509],[-80.43739700021207,33.93728800007624],[-80.43736000040217,33.93729499980669],[-80.4372430002263,33.93731900026233],[-80.43717000043137,33.93812599981233],[-80.43716799988321,33.938368999971054],[-80.43714100011904,33.938366999647485],[-80.43709199971525,33.938408000309195],[-80.4370180000954,33.9384599997385],[-80.43674500028392,33.93865099966302],[-80.43676700002523,33.9387620000388],[-80.4368980004448,33.93942400014761],[-80.43697399971447,33.9398150002729],[-80.43699399980595,33.93991599993145],[-80.43707300034698,33.9402949998545],[-80.43725900011982,33.94118399967644],[-80.43730500015057,33.94154000003676],[-80.43738600034142,33.942160999831565],[-80.43743900004486,33.942568000365895],[-80.4376309996655,33.94351999999512],[-80.43765400013004,33.94363699983882],[-80.43790699985001,33.94396600002153],[-80.4382919998145,33.94446799979571],[-80.43857200019696,33.94483299986442],[-80.43850000022695,33.94481399972186],[-80.4381729999888,33.944728999816455],[-80.43750299961899,33.94455500013996],[-80.4368349997973,33.94484400006269],[-80.43642300006863,33.944768000221956],[-80.43603300008131,33.944928999853246],[-80.43587099969959,33.94502699990093],[-80.4358149996231,33.94535399976839],[-80.43578399966096,33.94553599992303],[-80.43543100038185,33.94566600022109],[-80.43524999973357,33.945731999998316],[-80.43531599985582,33.945960999788284],[-80.4346739999734,33.94669600003514],[-80.43440299981175,33.947025999632686],[-80.43391900011308,33.94752100035596],[-80.43371099970062,33.9478849999513],[-80.43195199955963,33.948114999957575],[-80.4310979999651,33.94801100019371],[-80.43011399977593,33.94789200030088],[-80.42997400003384,33.94787500019614],[-80.42963599992504,33.94783400036792],[-80.42950399968056,33.94781800030237],[-80.4276819997904,33.94759800002759],[-80.42599200014467,33.947393000021876],[-80.42593799971802,33.947124000246816],[-80.42581499969437,33.94650600034137],[-80.42573799970145,33.94611699979033],[-80.42566400008161,33.945727999697084],[-80.42560200015734,33.94539800028365],[-80.42556000032455,33.945223999739056],[-80.42542200023229,33.94466099983107],[-80.42538200004931,33.94466999987608],[-80.42505999983403,33.9450740000891],[-80.42506900005488,33.94524700011413],[-80.42485499979463,33.94528500020172],[-80.42470699965664,33.945296000341635],[-80.42448499989877,33.945404000013426],[-80.4243099999966,33.94551200029343],[-80.42422399978287,33.94554900018531],[-80.42413900029236,33.94556100036837],[-80.42452400025684,33.94590500017639],[-80.42446399998236,33.94595199987975],[-80.42438299979152,33.94599299986934],[-80.42418299977498,33.94613300017565],[-80.42409599973635,33.9462200003085],[-80.42396199984205,33.946249000084606],[-80.42381500042727,33.94635000030705],[-80.42375799962754,33.94649799981154],[-80.42377000022142,33.94665999996101],[-80.42374699975689,33.94672100013977],[-80.42370800029715,33.946797999789915],[-80.42370300027427,33.94685300024257],[-80.42364800002268,33.94691500034445],[-80.42351999997616,33.94701599977661],[-80.42342500043993,33.9470389996674],[-80.42330800026406,33.9470389996674],[-80.42318000021754,33.94702100007738],[-80.4230649996915,33.9470240002577],[-80.4230439997751,33.94695200037167],[-80.42293499999515,33.946947000066785],[-80.42285999965209,33.94697500027981],[-80.42278199983429,33.94700499985899],[-80.42245700014428,33.947001999677994],[-80.42233599977045,33.94700499985899],[-80.42224999955673,33.94702300019759],[-80.42218699980755,33.94705000032578],[-80.42209999976889,33.94710699998869],[-80.42202799979886,33.947143999932436],[-80.4219609998517,33.94716899990547],[-80.42180900041409,33.94721200016983],[-80.42175699963722,33.947228000349305],[-80.42170700030681,33.94724499983808],[-80.42163199996375,33.9472750000673],[-80.42155999999372,33.947306999654344],[-80.4215010004425,33.94733899997458],[-80.42144799984074,33.94737899998528],[-80.42140000016016,33.94742400025434],[-80.42135599977924,33.947478000247784],[-80.42130600044884,33.94755600001214],[-80.42126399971772,33.947635999810856],[-80.42124000032659,33.9477120000716],[-80.42125899969484,33.94778700021341],[-80.42116499998352,33.94779199972368],[-80.42084600014128,33.94781099994675],[-80.42081799965388,33.947720999794015],[-80.42078900023988,33.94756699985851],[-80.42077199962313,33.947428999785984],[-80.42073800018625,33.947236000065324],[-80.42073999983607,33.94683000030151],[-80.42075900010265,33.94669499997118],[-80.42077099979824,33.946607000258865],[-80.4208539996389,33.94600600006187],[-80.42029600032038,33.94587099991501],[-80.41958099974472,33.9456419998829],[-80.41907600012965,33.94549599979137],[-80.41857700036236,33.94535200035413],[-80.41805400030563,33.94520000002149],[-80.41733700008014,33.94499199995005],[-80.41718700029233,33.94494900005463],[-80.41544800024283,33.94445799963911],[-80.4154049996868,33.944444999955444],[-80.4158559997735,33.94279899994456],[-80.4158979996063,33.94261400030938],[-80.41621200032398,33.941452000211825],[-80.41645599982313,33.94056800014198],[-80.41653700001399,33.94027399991078],[-80.4165959995652,33.94005699994064],[-80.41564900008427,33.93986500004505],[-80.415074000149,33.939748999634325],[-80.41466499989508,33.93966700032805],[-80.41293800043947,33.93932000019888],[-80.41285300005065,33.93930299987273],[-80.41269099966895,33.93913999972942],[-80.41270499991265,33.93908199979522],[-80.41271199958535,33.93904299976581],[-80.41256400034565,33.939014999924794],[-80.41183700007443,33.93887599999213],[-80.41157500013361,33.93882699979555],[-80.41149099956971,33.938988000229074],[-80.41135400020066,33.93925299977047],[-80.41110700032846,33.93975200007102],[-80.41078500011318,33.93969499995465],[-80.41068899985372,33.939677999703314],[-80.4106520000438,33.93972200017138],[-80.41060500018813,33.93974999977988],[-80.41054200043894,33.939884999945704],[-80.41053099966997,33.940013999788164],[-80.41111599965097,33.94014800013973],[-80.4109630003884,33.940557000136444],[-80.41085100023543,33.940959000230094],[-80.41083399961867,33.94109000019537],[-80.41081600007531,33.94145399971764],[-80.41067200013528,33.9419800000327],[-80.4105259996471,33.94236099993997],[-80.41040299962344,33.94274600007406],[-80.41028100032302,33.9431309999574],[-80.41100799969595,33.9432859998253],[-80.41086499958081,33.94378300013801],[-80.41011999976622,33.943640000138465],[-80.41002299968184,33.94394600033443],[-80.40936900010387,33.943825999877205],[-80.40857800025854,33.94367999965182],[-80.40805900039976,33.94357200002833],[-80.40799499992735,33.9435590002093],[-80.40784599996444,33.94352800005962],[-80.40753700016795,33.943463000165906],[-80.4074989996348,33.94345500009529],[-80.40733799997632,33.943425000010116],[-80.40731200003704,33.943502999762416],[-80.40720800027998,33.94381699974296],[-80.40716399989904,33.9439520001665],[-80.40708600008124,33.94419199981124],[-80.40649600007735,33.944702999784624],[-80.40641900008445,33.944757000013816],[-80.40625099985498,33.94472099986483],[-80.40496700009014,33.944444999955444],[-80.40412400036628,33.94423700027476],[-80.40348099976063,33.94407800026928],[-80.40368900017309,33.94317999991246],[-80.40382899991518,33.94260399993497],[-80.40428900022272,33.940739000113666],[-80.40242799997448,33.94041000012872],[-80.40215199978995,33.940351000175944],[-80.402451000439,33.93972999984758],[-80.4022329999808,33.939546999801195],[-80.40208800021584,33.93942199984883],[-80.40198100008573,33.93933000021378],[-80.40175500012992,33.9391370000165],[-80.40156500015914,33.93908599966342],[-80.40143499956447,33.939051999659554],[-80.4012889999746,33.93903899989559],[-80.40102299983582,33.938942999971935],[-80.40086100035242,33.93890000000204],[-80.40057599994708,33.93882900010831],[-80.40022199994475,33.938744000189146],[-80.4001559998225,33.93884699994004],[-80.4000219999282,33.93931100033352],[-80.3999730004227,33.93940500028827],[-80.39996400020189,33.93939299998273],[-80.39993300023974,33.93938900012889],[-80.39927700011363,33.93934099963263],[-80.39885199996618,33.93935099964513],[-80.39856900010898,33.939296999712944],[-80.39848500044339,33.939304000023526],[-80.39817999994655,33.93926000008466],[-80.39620200042076,33.93911400022637],[-80.39608100004692,33.93910599974706],[-80.3960850002449,33.9391589996479],[-80.39606900035136,33.93927000010666],[-80.39603599984109,33.939367999961696],[-80.39601199955163,33.939449000152145],[-80.39607400037423,33.939517999977596],[-80.39616899991046,33.93956500022634],[-80.39620800026853,33.93959299988648],[-80.39625400029928,33.9396239999786],[-80.39627100001773,33.93966200034052],[-80.3962989996068,33.93969999994018],[-80.3963399996147,33.939774999688744],[-80.39637899997275,33.9398269997737],[-80.39638599964545,33.93989600003809],[-80.39639099966833,33.93998299983806],[-80.39654100035446,33.94038599979918],[-80.3965990000808,33.94045199994389],[-80.39662500002005,33.94047000017777],[-80.39668699994434,33.94056200007136],[-80.39669500034024,33.94062800007968],[-80.39679099970141,33.94113000016169],[-80.39681499999085,33.941183000293],[-80.39687199989226,33.941241000286425],[-80.3969029998544,33.941321000058316],[-80.3969249995957,33.94135800028138],[-80.39695499973294,33.94139699999554],[-80.39695599955783,33.94147100035954],[-80.39690500040254,33.941538999912225],[-80.3969029998544,33.94170599967905],[-80.39691999957283,33.94179000024572],[-80.39715200027474,33.941969000209596],[-80.39815599965708,33.94265900011665],[-80.39921600001425,33.943387999940185],[-80.40011300016481,33.9440509999436],[-80.40031599965609,33.94420099990584],[-80.40100600011738,33.94471800034851],[-80.40199699997926,33.94542700033986],[-80.40202999959122,33.94545099999344],[-80.40200500037518,33.94556600000945],[-80.40162600025849,33.946455999998456],[-80.40168099961176,33.94648000010711],[-80.40177000019854,33.94649500035784],[-80.40183399977262,33.94651899971027],[-80.40193699970479,33.94653900028333],[-80.40202700011648,33.94654800012978],[-80.40210099973633,33.94654299980117],[-80.4021760000794,33.94651500019131],[-80.40226899996581,33.94656900001618],[-80.40241799992873,33.94663100032487],[-80.40247800020319,33.94666999985891],[-80.40254000012747,33.946744000110336],[-80.40264899990743,33.946810999859494],[-80.40268900009039,33.94687500011562],[-80.40277500030412,33.94693500007918],[-80.40287800023629,33.946959000052765],[-80.40294699983325,33.94696999997627],[-80.40301799997836,33.947010000160454],[-80.40314299965182,33.947191999754985],[-80.40313400032932,33.94734699968016],[-80.40323700026148,33.947343000200036],[-80.40333900036872,33.947393000021876],[-80.40339899974485,33.94743500011782],[-80.40410799957444,33.94774500029118],[-80.40437799991118,33.94781099994675],[-80.40460899988986,33.947786000162274],[-80.40480200023372,33.94780000013187],[-80.40503400003729,33.94785299983636],[-80.40530400037403,33.94797099973482],[-80.40609400039446,33.94801499964244],[-80.40686599997322,33.94790800035247],[-80.40733299995344,33.9479389996522],[-80.40572799979824,33.951559999947555],[-80.40612399963337,33.95163899970254],[-80.40664099984232,33.95175400029955],[-80.40676399986597,33.95200300031439],[-80.40689799976028,33.95227200031673],[-80.40691799985174,33.952449999850835],[-80.40693700011833,33.95262799975772],[-80.40889700010077,33.953212000353915],[-80.40891700019225,33.953142999706316],[-80.4089359995605,33.953077999703815],[-80.40892899988782,33.95281699995041],[-80.40891700019225,33.952541000213934],[-80.40882000010787,33.952263000330404],[-80.40871399980266,33.95200300031439],[-80.40866799977191,33.95189100006268],[-80.40862000009133,33.951632999667154],[-80.40872600039656,33.951341999677375],[-80.4095680002955,33.9513539997888],[-80.41185700016591,33.951389000104136],[-80.41251499994186,33.951390000112916],[-80.41259000028492,33.9499749997528],[-80.41260600017846,33.94968600011262],[-80.41267700032355,33.949703999884235],[-80.41277699988267,33.949704999912825],[-80.41293699971624,33.94969200028533],[-80.41302799995283,33.94966900036623],[-80.41310800031877,33.949657000017204],[-80.41318100011371,33.94968600011262],[-80.41324200021309,33.949717000255085],[-80.41329200044179,33.94975499983746],[-80.41334400032032,33.94980100036803],[-80.41338000030534,33.949852000263135],[-80.41343899985658,33.94991799977512],[-80.41351300037473,33.949999000359476],[-80.41356199988023,33.95005500025843],[-80.41379000038417,33.95001500001502],[-80.41385099958522,33.95000499976493],[-80.41392699975322,33.95005000013592],[-80.4140599998226,33.95018500036086],[-80.4145879999022,33.95072199981448],[-80.41544900006772,33.951612000285],[-80.41656299995326,33.952795000123054],[-80.41719099959197,33.95346299979722],[-80.41766900034116,33.953761999833155],[-80.41790199996967,33.95383099997882],[-80.41858700040811,33.95403600012484],[-80.41983400036301,33.955269000205625],[-80.41978499995922,33.955569999775896],[-80.4197489999742,33.95559600021362],[-80.41962099992769,33.95568900010942],[-80.41946100009412,33.955756000267826],[-80.41935499978891,33.95578299986073],[-80.4193189998039,33.95579200021991],[-80.41933899989537,33.955920999799],[-80.41948700003339,33.956096000035956],[-80.41948600020848,33.95625100013679],[-80.41947100013986,33.95640300010574],[-80.4194450002006,33.95656899982041],[-80.41949899972896,33.957193000061274],[-80.42095099972329,33.95757800016351],[-80.4211289999985,33.95762500012636],[-80.42173599972082,33.957783000223245],[-80.42183799982807,33.95823900004585],[-80.42191800019403,33.9585920000832],[-80.42280899959846,33.95854100021052],[-80.42321299982952,33.95852100022287],[-80.42398100010863,33.958484000009875],[-80.4243950003854,33.95895300025078],[-80.42630199976608,33.958740999828215],[-80.426422000315,33.95904899995908],[-80.42649900030789,33.95924799995633],[-80.42656700007996,33.959485999854685],[-80.42660300006496,33.95961299996943],[-80.42668599990563,33.959721000099684],[-80.42714200001522,33.9599020001693],[-80.42771399957743,33.96012999992296],[-80.42758300005619,33.9604020000193],[-80.42764800035351,33.96085600016577],[-80.42729799965083,33.96129799992711],[-80.42723699955147,33.96159799988622],[-80.4272099997873,33.961737999852794],[-80.42712199992374,33.96172900012268],[-80.42685800033308,33.96171000002692],[-80.42665599976843,33.96170399995662],[-80.42662599963118,33.96170399995662],[-80.42639399982758,33.96170100029385],[-80.42624300021484,33.96169999966115],[-80.42615899965094,33.96170100029385],[-80.42615000032843,33.96165799990011],[-80.42613199988676,33.96155799985349],[-80.42611299962019,33.96145099971063],[-80.42593199987024,33.96055900027342],[-80.42527099972125,33.96058499993161],[-80.42527300026937,33.960596000329126],[-80.42545200036953,33.96147900036684],[-80.42546900008796,33.9615810002844],[-80.42548499998148,33.9616830000797],[-80.42549400020229,33.96172399994101],[-80.42530699970625,33.961736000078425],[-80.42490699967317,33.9617709998486],[-80.42466499982385,33.961802000058796],[-80.42424200022452,33.96186700010232],[-80.42398899960622,33.9619139999309],[-80.4235500001134,33.9620150001881],[-80.42320100013393,33.96210799977289],[-80.42276400029094,33.96224699976402],[-80.42245799996918,33.96235199989077],[-80.42203299982174,33.962512999783776],[-80.42192499986672,33.96255499986775],[-80.42163199996375,33.96268000011903],[-80.42138500009155,33.96277799984189],[-80.42089600037,33.962979999674694],[-80.41955200033073,33.96353199981798],[-80.41942699975893,33.96358000008229],[-80.41896800017462,33.963755000211044],[-80.41865000015729,33.96386800035414],[-80.41808799974251,33.96404799993574],[-80.41751199998234,33.964205000166245],[-80.41715399978203,33.96428599981597],[-80.41697300003209,33.96432900037131],[-80.41664599979393,33.964392000262],[-80.41628799959364,33.964451999795266],[-80.41628000009604,33.96430799965231],[-80.41627300042333,33.96419000005707],[-80.4161239995621,33.963095999715954],[-80.41572500025225,33.96206700009667],[-80.41644400012756,33.96186600021665],[-80.4160950001481,33.961094000036084],[-80.41509000004253,33.96134699985364],[-80.41451699975708,33.9614899999036],[-80.41408400011204,33.961628000271],[-80.41411300042436,33.961689000151495],[-80.41413900036365,33.96174399992075],[-80.41247499975889,33.96198300017124],[-80.41241399965952,33.96199099999029],[-80.41256400034565,33.96269700024631],[-80.41274099989766,33.96360800003765],[-80.41383200021696,33.96346100035529],[-80.41440100030445,33.9633840001364],[-80.41444499978707,33.9636730001913],[-80.4145030004117,33.96403799984478],[-80.41454699989431,33.96433500025645],[-80.41456299978783,33.96443500001874],[-80.41457799985645,33.96454899985761],[-80.41458999955204,33.9646259997669],[-80.41459899977285,33.96468500002758],[-80.41425900001421,33.9647340002382],[-80.41312800041027,33.96488799965218],[-80.41287899998991,33.964921999765764],[-80.41309499989998,33.96612800000158],[-80.4132150004489,33.966774000103996],[-80.41325999975642,33.96702799998823],[-80.41337100008452,33.96766199991526],[-80.41345300010029,33.967636000185124],[-80.41347599966649,33.9676280001519],[-80.41440200012936,33.967293000135435],[-80.41476799982725,33.96800899996574],[-80.41461700021452,33.96806400011857],[-80.41364399989598,33.96846199993429],[-80.41373599995751,33.968631999928085],[-80.41376299972168,33.968681999905414],[-80.41384300008762,33.9688110000538],[-80.41395900043857,33.96896900023468],[-80.41586900019229,33.96821000022984],[-80.41556100022073,33.96760700024745],[-80.41549199972543,33.967523999651974],[-80.41651899957232,33.96757699973638],[-80.41818900002484,33.966515000306195],[-80.41825299959895,33.96583099989039],[-80.41964199984409,33.96537999975274],[-80.4196850004001,33.965448000318105],[-80.419798000378,33.965634000074836],[-80.42059000004825,33.96534300028783],[-80.42154800029816,33.9650009997801],[-80.42154400010021,33.96508499970546],[-80.4215850001081,33.96565300003911],[-80.42160900039752,33.96609199995302],[-80.42162899959071,33.966449000257505],[-80.42180900041409,33.96653800014179],[-80.42394299957547,33.96756300004059],[-80.42417899957702,33.96776300005241],[-80.42516000029147,33.9685490003329],[-80.42536199995783,33.968986999651975],[-80.42543899995073,33.968966000083086],[-80.42693199995293,33.9684450002142],[-80.42709699980936,33.96718599975647],[-80.4276059996224,33.96722299990972],[-80.4287320001018,33.96729999963329],[-80.42961300035881,33.96732499964466],[-80.42988299979724,33.967323999823165],[-80.43276300039476,33.967459000206226],[-80.43399299973294,33.967514999789024],[-80.43422600025976,33.96752799967356],[-80.43534400034322,33.96758600033782],[-80.43541299994021,33.967590000356516],[-80.43581600034632,33.967609999702],[-80.4358139997982,33.96760000002982],[-80.43580600030059,33.967571999898524],[-80.43579999955449,33.967550999980254],[-80.43576299974455,33.96743699969483],[-80.43604300012706,33.96737300000352],[-80.43619499956469,33.96733699973694],[-80.43651699977998,33.96726300025864],[-80.43786099981926,33.96695199984429],[-80.43922599977495,33.9666430001869],[-80.43948000021815,33.96656500003803],[-80.43955700021107,33.966546000277546],[-80.439489000439,33.96630700018229],[-80.43942999998944,33.96609600004199],[-80.43932399968425,33.96571200033246],[-80.43925199971422,33.96545199969226],[-80.4392080002316,33.96529600011872],[-80.43918899996504,33.96522800017689],[-80.43908699985779,33.96508499970546],[-80.4392159997292,33.965115000350494],[-80.43988600009904,33.965225999739516],[-80.4401449996668,33.9652539998981],[-80.44043500009504,33.96527299994726],[-80.44067299974641,33.96528399973853],[-80.44086400044043,33.965287999865446],[-80.4410729997795,33.96528200004752],[-80.44134399994114,33.965267000128286],[-80.44271100044496,33.96518900020762],[-80.44290700026355,33.96517900025081],[-80.44347999965068,33.96515000022047],[-80.44370800015461,33.96513799981962],[-80.44375500001028,33.965136000125185],[-80.44385000044485,33.965131000143835],[-80.44407100037779,33.965118999740305],[-80.4449740003761,33.96507399988845],[-80.4465719999603,33.96498699966034],[-80.44683999974889,33.96497199968907],[-80.44792500022042,33.964913000372526],[-80.44824200041282,33.96489599994306],[-80.44993700008139,33.96480299968112],[-80.45377599985542,33.964593000133604],[-80.45565100034736,33.96448899964776],[-80.45653699972894,33.96444300035225],[-80.45781899984395,33.96437399987224],[-80.45882399994953,33.96431599999776],[-80.46019899995096,33.96424200012618],[-80.46059200031135,33.964211000060196],[-80.46113600028447,33.96416200029329],[-80.46168600010537,33.96406999983363],[-80.46196099956667,33.96401699979899],[-80.46221199963685,33.963963999731334],[-80.46257200038526,33.963875000133875],[-80.46284799967148,33.96379499995581],[-80.46333800011624,33.96363599998385],[-80.46360500007995,33.96353600002729],[-80.46411100041823,33.963316000156105],[-80.4649330002257,33.96293199981689],[-80.4658060000868,33.96253300032304],[-80.46669300019161,33.96212300024922],[-80.46702799992735,33.96198300017124],[-80.46742499958738,33.961829999854395],[-80.4674530000748,33.96182000024776],[-80.46784100041232,33.96168800026374],[-80.4678890000929,33.96167199982276],[-80.46818700001873,33.961585999729394],[-80.46853500017326,33.961500000294116],[-80.468910000092,33.961414000026856],[-80.47015899969672,33.96112599964227],[-80.47040200026929,33.96107000032352],[-80.47111399957359,33.960913000267375],[-80.4722690003653,33.96062600032217],[-80.47232600026672,33.96061400002818],[-80.47283699972957,33.960503999738066],[-80.47433399992973,33.96015700036314],[-80.47470899984846,33.960073000041824],[-80.47504000028457,33.959998000296935],[-80.47524299977584,33.95994699977691],[-80.47525399964651,33.95980799975313],[-80.47527799993594,33.95947500005875],[-80.47528499960863,33.95939099980916],[-80.47542199987599,33.95775599977475],[-80.47545399966303,33.95775900032173],[-80.47666700018107,33.957839000215436],[-80.47712599976538,33.95717099987506],[-80.47716400029853,33.95712399966146],[-80.47662000032543,33.956710999759174],[-80.47630499978283,33.95666400003656],[-80.47596000000132,33.956514999634535],[-80.47458300035007,33.95604500015731],[-80.47329200001423,33.955073999705284],[-80.47324400033366,33.95410400007144],[-80.47319599975475,33.953476000338995],[-80.47317800021142,33.95325299982671],[-80.47368200000157,33.953017000355594],[-80.47405000024762,33.953283000173585],[-80.47508700014023,33.95343200027417],[-80.47525399964651,33.95386799997994],[-80.47538800043912,33.954218000342216],[-80.47520799961575,33.954316000126],[-80.47471600041946,33.95470199980396],[-80.47491499971278,33.95522600028658],[-80.47577300040356,33.95523899981385],[-80.4765640002489,33.95573399971004],[-80.47701899963525,33.95660600012115],[-80.47687499969521,33.95665399982275],[-80.47696099990894,33.956715000289236],[-80.47738299968333,33.95701400007461],[-80.47804499965723,33.956216000330976],[-80.4790699998543,33.95498299981559],[-80.47961399982744,33.95521300001218],[-80.47966599970597,33.95526299968105],[-80.47974600007191,33.95531699991639],[-80.48057299990224,33.955796000048046],[-80.48124999994477,33.95615700015742],[-80.48131100004414,33.95618800017793],[-80.48150500021288,33.95628499997694],[-80.48182599970494,33.95648900022277],[-80.48200300015526,33.956274999718595],[-80.48404500015347,33.95382000019693],[-80.48441599987424,33.95337399964587],[-80.48470499957924,33.953546999938325],[-80.48770099962938,33.955338999836805],[-80.48785200014044,33.95542900012958],[-80.4881230003021,33.95533000017489],[-80.48867499977283,33.95512700009565],[-80.488785000276,33.95509599968852],[-80.48901999955433,33.955007999721275],[-80.49074400043352,33.95436800026963],[-80.49169599993733,33.954015999823355],[-80.49174500034115,33.9539980002187],[-80.49181800013608,33.95397100005932],[-80.49180899991524,33.954099000186815],[-80.49154699997443,33.95787899976157],[-80.49152699988295,33.95795800035596],[-80.49139800001151,33.959432000030056],[-80.49138600031594,33.959572999748396],[-80.49137299989715,33.95968600023118],[-80.49136500039955,33.95978299976762],[-80.49104099963613,33.96555099978903],[-80.49151400036247,33.96559200002112],[-80.49247900028507,33.965648000088144],[-80.49256700014863,33.96565399988025],[-80.49254700005712,33.96603799985165],[-80.49247599991202,33.966791000158075],[-80.49246300039154,33.966924000244695],[-80.4924530003458,33.967023000118104],[-80.49241599963757,33.967567999879016],[-80.49234100019282,33.96812499985367],[-80.49234500039078,33.96816200034338],[-80.49236700013206,33.96823199979623],[-80.49226199965177,33.96830900009635],[-80.49218899985685,33.96836400005517],[-80.49178799999885,33.968719999957905],[-80.49169500011243,33.96881000024977],[-80.49105599970476,33.96881199985789],[-80.49096199999342,33.968812999661885],[-80.4909329996811,33.96896200012915],[-80.49081300003051,33.9691450002509],[-80.49071099992324,33.96994300014832],[-80.49091000011488,33.969944999729734],[-80.49258300004213,33.970032999890925],[-80.49311500031972,33.97005700005454],[-80.4936709999884,33.970082999789554],[-80.4936579995696,33.970117999850096]],[[-80.35292899974789,33.87319000020814],[-80.35278499980784,33.87315899981435],[-80.35266799963198,33.87313300031746],[-80.35263500002003,33.87324199990515],[-80.35288199989223,33.87327200008889],[-80.35292899974789,33.87319000020814]],[[-80.35685399973563,33.912099000036605],[-80.35668300003141,33.91210799979552],[-80.356738000283,33.912347000002384],[-80.35676199967413,33.91245100008588],[-80.35679199981135,33.91233300016785],[-80.35685399973563,33.912099000036605]],[[-80.41304499967127,33.93797799991256],[-80.41298299974699,33.93796600015112],[-80.41289400005854,33.9379490002999],[-80.41287499979197,33.93807000026325],[-80.41274900029357,33.938414999947575],[-80.4129259998456,33.938441999824995],[-80.41303499962554,33.9380759997642],[-80.41304499967127,33.93797799991256]],[[-80.37820600002833,33.88734600011192],[-80.37817800043923,33.887330999885236],[-80.37795400013326,33.88720900018089],[-80.3778650004448,33.88733799999134],[-80.37777000001024,33.887476999742205],[-80.3779869997452,33.88760399986917],[-80.37820600002833,33.88734600011192]],[[-80.38380300011843,33.952790000161464],[-80.38374299984397,33.95239000004949],[-80.38372199992759,33.952275000312014],[-80.38372299975251,33.95225100034717],[-80.38372199992759,33.952239000362226],[-80.38353000030696,33.952239000362226],[-80.38346599983454,33.95224100035981],[-80.38348000007824,33.95246099980982],[-80.38352000026121,33.952776000267555],[-80.38359200023123,33.95278000023746],[-80.38380300011843,33.952790000161464]],[[-80.32179300033484,33.91449500019663],[-80.32178099974097,33.91442699992365],[-80.32173600043343,33.914156000226],[-80.32171499961872,33.91405100028486],[-80.32164699984665,33.913719000216034],[-80.321459000424,33.91372799980381],[-80.32159499996811,33.914505000144544],[-80.32161800043266,33.91450399970252],[-80.32179300033484,33.91449500019663]],[[-80.35711300020174,33.91160800032047],[-80.35703200001088,33.91105700015855],[-80.35670099957477,33.91108899993662],[-80.35673900010792,33.91130200022657],[-80.35678799961339,33.91159200015762],[-80.3568160001008,33.91163699995564],[-80.35699900039891,33.911617000131166],[-80.35711300020174,33.91160800032047]],[[-80.38452199999375,33.95508400010479],[-80.38451399959781,33.95504100009225],[-80.3844550000466,33.954699999864204],[-80.38443800032816,33.95455099974855],[-80.38442099971141,33.95450900018389],[-80.3841679999914,33.9544979997445],[-80.38413399965623,33.95506500001531],[-80.38426599990072,33.95507199977421],[-80.38452199999375,33.95508400010479]],[[-80.4188750002882,33.91267900019762],[-80.41838400001852,33.9126290001207],[-80.41832299991914,33.9130390000345],[-80.41881500001375,33.91308800015774],[-80.4188750002882,33.91267900019762]],[[-80.35704000040678,33.874156999645514],[-80.35701899959209,33.874156000221774],[-80.35696699971353,33.874152000289016],[-80.35686799997933,33.874147000186355],[-80.35682199994858,33.87414499984692],[-80.35661000023647,33.87413499964052],[-80.35658099992416,33.874131999876724],[-80.35645399970257,33.87411799973449],[-80.35632599965605,33.874090000188936],[-80.35631200031065,33.87408600025309],[-80.35627600032564,33.874073999698666],[-80.35619400030987,33.87404600013869],[-80.35607399976097,33.873990999671115],[-80.3559630003312,33.873924000084166],[-80.35584899963006,33.87383500036236],[-80.35576199959142,33.873745999801855],[-80.35565199998658,33.873758999830855],[-80.35558199966637,33.87376600030465],[-80.3556469999637,33.87384499985808],[-80.35571899993373,33.87391899996822],[-80.35579799957644,33.873985000133224],[-80.35588499961507,33.87404700030962],[-80.35597599985167,33.87410099982502],[-80.35607499958587,33.87414999994969],[-80.35617800041635,33.87419000001535],[-80.35627799997545,33.87422200020355],[-80.35644000035715,33.87425599997085],[-80.35660100001566,33.87427199968115],[-80.35695400019307,33.87428900030235],[-80.35702600016309,33.87429399965083],[-80.35703700003376,33.87418600008418],[-80.35704000040678,33.874156999645514]],[[-80.40908700007157,33.934751000349344],[-80.4087599998334,33.934682999847034],[-80.40861099987049,33.9352179998109],[-80.40858800030428,33.93531400020797],[-80.40880699968908,33.93535699975292],[-80.40891100034446,33.935375999770265],[-80.40905699993434,33.93485700032255],[-80.40908700007157,33.934751000349344]],[[-80.39105300004431,33.90987999967154],[-80.39098799974698,33.909388000089315],[-80.39059799975965,33.90943000029183],[-80.3906029997825,33.90951699989992],[-80.39053300036063,33.90959500014144],[-80.39058799971389,33.90993500011207],[-80.39105300004431,33.90987999967154]],[[-80.34981300004713,33.90814899971608],[-80.34975500032083,33.90806900009833],[-80.34904099957006,33.90729299976085],[-80.34891099987372,33.907289999671896],[-80.34897199997309,33.90777099966866],[-80.34904800014107,33.90779600001748],[-80.34981300004713,33.90814899971608]],[[-80.40985700000049,33.934901000300805],[-80.4094989998002,33.93483400012158],[-80.40945100011965,33.934916999812984],[-80.40924199988227,33.93543999967981],[-80.40931700022534,33.93545499964003],[-80.40967000040276,33.935523000271104],[-80.40983799973392,33.93496099976023],[-80.40985700000049,33.934901000300805]],[[-80.38830499969127,33.95333500020333],[-80.38824399959191,33.952930999709906],[-80.38808200010851,33.95296400014124],[-80.38748100023398,33.95313199983548],[-80.38751399984594,33.953393000112996],[-80.38752200024186,33.95346599975045],[-80.38830499969127,33.95333500020333]],[[-80.41751399963215,33.932463000097535],[-80.41726699975995,33.93227899985114],[-80.41650699987676,33.93278399990375],[-80.41646800041703,33.93280999984899],[-80.41640200029477,33.93285199968647],[-80.41665300036493,33.93303600018545],[-80.41671799976395,33.9329930002138],[-80.41677600038858,33.93295399963144],[-80.41751399963215,33.932463000097535]],[[-80.34794299957807,33.89859799965229],[-80.34782999960017,33.898203000175336],[-80.3477889995923,33.89806200023035],[-80.3473469997264,33.89833400028015],[-80.3471910000908,33.898392000370436],[-80.34720299978636,33.89843699968052],[-80.34728399997721,33.89869199979626],[-80.34727399993146,33.89869699995177],[-80.3473119995663,33.89877999980544],[-80.34794299957807,33.89859799965229]],[[-80.38340200026045,33.954221000268824],[-80.38339800006247,33.954208999816544],[-80.38331900041976,33.95393200014524],[-80.38332400044263,33.953897000130624],[-80.38268699968476,33.95386700000027],[-80.38274699995924,33.95403900005786],[-80.38275299980701,33.95405699965391],[-80.3823510001241,33.954156000344625],[-80.38217600022193,33.9542099997922],[-80.38212199979526,33.95422300021984],[-80.38214500025978,33.95442400027411],[-80.38219899978814,33.95439900019684],[-80.38260999969188,33.95430399968713],[-80.3827029995783,33.95428300021901],[-80.3828149997313,33.954261000025504],[-80.38280999970843,33.95424199975225],[-80.38280499968555,33.95422700012173],[-80.38277600027155,33.95413500009483],[-80.38329199975726,33.954224000195325],[-80.38340200026045,33.954221000268824]],[[-80.38430299971063,33.95394399989142],[-80.3842089999993,33.953568000333235],[-80.38419499975561,33.95351199976542],[-80.38418700025798,33.95348100026022],[-80.38417100036446,33.953368999718364],[-80.38410199986917,33.953363999790504],[-80.3841250003337,33.95280500004529],[-80.38407400028008,33.95280300006089],[-80.38383400008058,33.952791000153795],[-80.38382599968465,33.953019000334905],[-80.38380999979113,33.95335399993395],[-80.38386300039289,33.9533719996749],[-80.38391899957107,33.95337499963134],[-80.38399499973904,33.95392900020838],[-80.38409799967121,33.95393400010305],[-80.38430299971063,33.95394399989142]],[[-80.32320900034415,33.91443300034457],[-80.32276099973218,33.913566000368704],[-80.32254599964703,33.913593999630436],[-80.32269499960995,33.91445600009053],[-80.3230379997416,33.91444100015969],[-80.32320900034415,33.91443300034457]],[[-80.39011400006096,33.95694900004863],[-80.3894610003079,33.95692499991193],[-80.38943000034575,33.95761000034715],[-80.38989700032599,33.95764199977357],[-80.39008999977153,33.95763700009686],[-80.39011400006096,33.95694900004863]],[[-80.32463000037635,33.92524099967119],[-80.32440100004747,33.92406599971365],[-80.32431400000884,33.924110000049204],[-80.32411499981721,33.92421000011742],[-80.32394999996077,33.92430899974134],[-80.32410899996943,33.925288999916106],[-80.32416000002307,33.92528500014519],[-80.32422299977226,33.925278999743085],[-80.32435300036691,33.92526699968299],[-80.32440799972017,33.92526200034073],[-80.32463000037635,33.92524099967119]],[[-80.34097999970737,33.90325700027955],[-80.34094100024764,33.90294399971347],[-80.34077399984304,33.90294799978749],[-80.3407639997973,33.9025620003526],[-80.34075700012461,33.90239200037165],[-80.34072500033756,33.902397000310174],[-80.34058399987225,33.902380000070735],[-80.34048099994008,33.90236199998897],[-80.34018300001425,33.90237000019145],[-80.34016100027293,33.902393000210296],[-80.3401720001436,33.90247899970689],[-80.34027599990067,33.90330399966029],[-80.34035600026661,33.90329799994705],[-80.34096399981384,33.90325700027955],[-80.34097999970737,33.90325700027955]],[[-80.37841600009061,33.89414299994286],[-80.37834199957246,33.89413499971414],[-80.37778500007886,33.894082000137196],[-80.3777599999645,33.89426099968763],[-80.37773300020031,33.8944520002808],[-80.37762400042037,33.89508199967338],[-80.37814199955592,33.89512699998455],[-80.37819799963242,33.89513099967963],[-80.37826200010481,33.894780000367795],[-80.3783099997854,33.89450900009781],[-80.37837099988475,33.894514999683864],[-80.37841600009061,33.89414299994286]],[[-80.34826999981621,33.899743999652706],[-80.34798399958595,33.89874099996507],[-80.3479240002098,33.898751000269975],[-80.34770699957652,33.8988150001058],[-80.34761899971298,33.898840999978745],[-80.3473550001223,33.8989169997914],[-80.34737900041178,33.8990569999361],[-80.34772199964512,33.89989699970532],[-80.34824499970185,33.89975100023129],[-80.34826999981621,33.899743999652706]],[[-80.34131500034142,33.902246999791096],[-80.3412919998769,33.90209500006959],[-80.34124400019633,33.90194499976485],[-80.34112399964741,33.90152199989968],[-80.34111199995185,33.9014839996716],[-80.341102999731,33.90139799991691],[-80.34075399975157,33.90141000035604],[-80.34004300027217,33.9014589997085],[-80.34006300036364,33.901619000091216],[-80.34014600020433,33.902277000214305],[-80.3403200002816,33.90228499967916],[-80.34047799956703,33.90229399972861],[-80.34070299969792,33.902328000238406],[-80.34075700012461,33.90225999995093],[-80.34085699968371,33.90225599984462],[-80.34090299971447,33.902338000122555],[-80.34116700020344,33.90227599962875],[-80.34131500034142,33.902246999791096]],[[-80.38400800015785,33.929806999894666],[-80.38389500017995,33.92961699977616],[-80.38386199966966,33.92956999999924],[-80.38376899978324,33.929439999719854],[-80.3834270003748,33.92898000029161],[-80.38331600004672,33.929035000329726],[-80.38302099959562,33.92917800026253],[-80.38265900009569,33.929353999850306],[-80.38249699971398,33.929431999822334],[-80.38292000021158,33.930023999899845],[-80.3830769996721,33.93024299986665],[-80.38329699978014,33.93014300017289],[-80.38363999991181,33.929977999862494],[-80.38400800015785,33.929806999894666]],[[-80.40573299982113,33.95978099994729],[-80.4056890003385,33.95965200025992],[-80.40563499991184,33.95945099988945],[-80.40562099966813,33.959357999635216],[-80.40561599964526,33.959323000362424],[-80.4054270003977,33.95923899996274],[-80.40317000031433,33.95821999991579],[-80.40295100003121,33.958563000042425],[-80.40318799985768,33.95866700032249],[-80.40573299982113,33.95978099994729]],[[-80.36499599978919,33.87698100005453],[-80.36471499958179,33.87638600028633],[-80.36455999977109,33.876087000117785],[-80.36448600015125,33.87594200030987],[-80.363947000201,33.87630499981285],[-80.36390899966784,33.87633099983509],[-80.36373200011585,33.876449999749795],[-80.36357200028228,33.87655800018059],[-80.36341200044869,33.87666599972887],[-80.36337499974047,33.87669100024704],[-80.36324099984617,33.87680099990425],[-80.3624559998486,33.877446999748855],[-80.36267099993375,33.87737999989179],[-80.36276899984307,33.877348000141865],[-80.36318700031781,33.87718500006423],[-80.36345900030436,33.87715999969076],[-80.3639260002846,33.87718500006423],[-80.36435800010472,33.877089999948545],[-80.3647220001528,33.87706300002198],[-80.36499599978919,33.87698100005453]],[[-80.41188599957991,33.96627200004343],[-80.41164100025584,33.96522700033074],[-80.41163299985992,33.965190999900805],[-80.41075400015104,33.96531199987802],[-80.41065700006666,33.965325000099334],[-80.4108779999996,33.96612800000158],[-80.41090700031192,33.96638700023284],[-80.41092499985527,33.96653599973522],[-80.41100000019834,33.96714900033223],[-80.4111530003592,33.967153000371425],[-80.41122600015416,33.96714600011643],[-80.41123299982685,33.9672210002643],[-80.41159299967696,33.96720500011907],[-80.41158799965407,33.967179000249224],[-80.41145899978265,33.96637699967188],[-80.41106299994753,33.96643100030306],[-80.41106100029772,33.966414000177025],[-80.41097199971094,33.96642700022989],[-80.41094699959658,33.96644000028079],[-80.4109419995737,33.96640299978691],[-80.4109630003884,33.96639200014036],[-80.41105100025196,33.96638099974739],[-80.41145200010996,33.96632900024093],[-80.41188599957991,33.96627200004343]],[[-80.419057999688,33.930734999780405],[-80.41875800011233,33.93040899991893],[-80.4176939995572,33.93106299963458],[-80.41571799968125,33.932364000261444],[-80.41597299994936,33.93253999997329],[-80.41610699984368,33.93263699989189],[-80.41620999977583,33.932583000173665],[-80.41678300006127,33.93221100035616],[-80.419057999688,33.930734999780405]],[[-80.37849399990843,33.89356099979898],[-80.37728700013648,33.89343800011347],[-80.3761480001366,33.89332199986565],[-80.37606199992288,33.8933130003605],[-80.37610399975567,33.893480999914615],[-80.37625500026672,33.89407599977499],[-80.37651300000958,33.89498099979997],[-80.37672800009474,33.89484200034706],[-80.3768310000269,33.89475300007411],[-80.3769080000198,33.89466800017077],[-80.37703500024139,33.894511999890895],[-80.37709399979262,33.89437400035185],[-80.37712099955681,33.894298000218534],[-80.37717499998347,33.89422499982071],[-80.37720599994563,33.894012000110784],[-80.37723000023507,33.893844000111365],[-80.37726200002213,33.89361600032846],[-80.37726100019721,33.893596999946176],[-80.37739599991642,33.89368799981554],[-80.37746299986357,33.893731000236265],[-80.37779000010171,33.89396200026984],[-80.37780099997238,33.89396600001956],[-80.37810399992108,33.89384300017254],[-80.37826200010481,33.893784000031324],[-80.3783800001056,33.89373899975724],[-80.37847399981692,33.8937050002966],[-80.37849399990843,33.89356099979898]],[[-80.37324199959981,33.90182200024257],[-80.37316700015506,33.90177500004485],[-80.37291400043506,33.90161499995482],[-80.37263499987748,33.9014410001779],[-80.37244900010465,33.90133399978306],[-80.37222200032393,33.9014489997212],[-80.3720159995613,33.90155400027485],[-80.37160399983266,33.90176099996507],[-80.37154199990836,33.901793000250535],[-80.3716630002822,33.90196200009102],[-80.37174199992492,33.90207199997043],[-80.37180999969698,33.90217400023337],[-80.37160300000774,33.902283999839305],[-80.37150799957318,33.90233499985922],[-80.37049499996999,33.9028070002332],[-80.37051900025945,33.902933000068096],[-80.37054699984854,33.9030740001596],[-80.37059100022948,33.903302999832384],[-80.37068800031385,33.90325499987704],[-80.37208500005657,33.90247799986932],[-80.37324199959981,33.90182200024257]],[[-80.3520219995516,33.89376299980696],[-80.35196999967307,33.89354400003491],[-80.35195399977952,33.893480999914615],[-80.35173399967151,33.89355700003026],[-80.35124599977489,33.893649999824525],[-80.35060700026551,33.8935770003634],[-80.3490079999581,33.89387099994717],[-80.34899299988949,33.89387499970115],[-80.3499159999793,33.8944479998082],[-80.35041999976946,33.894368000010196],[-80.35187299958869,33.89413599964955],[-80.3520219995516,33.89376299980696]],[[-80.41213900019822,33.95805800016368],[-80.41092300020543,33.95752299993625],[-80.41085299988525,33.95749400027628],[-80.4110400003813,33.95712500034793],[-80.41105799992465,33.95708900021478],[-80.41040299962344,33.956794999674386],[-80.4101599999492,33.957270999862715],[-80.41020500015505,33.95729100014423],[-80.41081799972514,33.95756400031225],[-80.41069800007455,33.95780199970584],[-80.41044000033169,33.95831399985128],[-80.41043399958558,33.958323999870025],[-80.4116599996241,33.958868000309984],[-80.41209599964219,33.95841300005942],[-80.41213900019822,33.95805800016368]],[[-80.41682400006917,33.93013599985453],[-80.41677600038858,33.930083999814045],[-80.41640200029477,33.92969099994332],[-80.41553699993128,33.93021500011331],[-80.41387200039993,33.931260999980395],[-80.41451599993218,33.93163999967089],[-80.41682400006917,33.93013599985453]],[[-80.41649699983103,33.93596499969566],[-80.41579399984923,33.93583100021363],[-80.41585499994859,33.93558999990819],[-80.41577499958265,33.93557399977715],[-80.41508400019475,33.93544399971916],[-80.41469900023029,33.93537000007906],[-80.41444300013724,33.936442000306364],[-80.414785000444,33.936508999965596],[-80.41627699972298,33.93679800037233],[-80.41649699983103,33.93596499969566]],[[-80.37593700024941,33.89438399967754],[-80.37592499965551,33.894330000322164],[-80.37536300013905,33.89442599981528],[-80.37521099980309,33.894412000020225],[-80.37470799983784,33.894345000063694],[-80.37471299986072,33.89432200011099],[-80.3747339997771,33.894236999778066],[-80.37476999976212,33.89416100026839],[-80.37482699966354,33.89409300017871],[-80.37485199977789,33.894069000221855],[-80.37413100025275,33.89360600016703],[-80.37403499999328,33.89376499968654],[-80.37382499993099,33.8941119997048],[-80.37365699970151,33.894392999815295],[-80.37365300040186,33.894500999903364],[-80.37362900011243,33.894786999862575],[-80.37364400018103,33.89491300036413],[-80.37462800037021,33.89499999987385],[-80.37504900031969,33.89503700008419],[-80.37563900032359,33.89509600010412],[-80.37582699974622,33.89510500016679],[-80.37587100012716,33.89481100036304],[-80.37592600037875,33.89440199995215],[-80.37590299991422,33.894407000359195],[-80.37590499956404,33.89439399974773],[-80.37593700024941,33.89438399967754]],[[-80.40807000027043,33.96550000036313],[-80.40776800014662,33.96551000028221],[-80.40752700012222,33.965492000129046],[-80.40703599985252,33.96542100006728],[-80.40673999957652,33.965358000193625],[-80.40641900008445,33.965268999819635],[-80.40631399960417,33.96521999991722],[-80.40585900021782,33.96605099996195],[-80.40572500032351,33.966294999944736],[-80.40705799959382,33.96670099996467],[-80.40716100042431,33.96643100030306],[-80.40795700029251,33.966370000098],[-80.40805000017895,33.96565799998977],[-80.40807000027043,33.96550000036313]],[[-80.31050399972007,33.92718999985701],[-80.30955200021627,33.9256019996699],[-80.30938300016187,33.92531600022835],[-80.30907299964217,33.92595199997334],[-80.30901400009094,33.92613500016643],[-80.30899300017452,33.92622600033602],[-80.30897300008304,33.92638399983437],[-80.30897200025814,33.92649400024619],[-80.30897899993082,33.92655499996606],[-80.30901599974075,33.92670099974148],[-80.30903800038037,33.92675300035665],[-80.30908799971075,33.92686899983709],[-80.30913799993948,33.92696600025162],[-80.30927400038193,33.927163000138776],[-80.3095470001934,33.927586999750254],[-80.30937999978882,33.927654999955614],[-80.30983400024857,33.9285560001608],[-80.31033399984078,33.9283589997686],[-80.31049000037468,33.928297000315155],[-80.31002300039447,33.927388999807604],[-80.31050399972007,33.92718999985701]],[[-80.35463699983526,33.881502000008076],[-80.35329000032122,33.88068400010322],[-80.35288400044035,33.88123300023468],[-80.3512180001858,33.88121999985261],[-80.3511479998656,33.88152400035128],[-80.35107599989557,33.881854999677245],[-80.35243500000347,33.88187499977112],[-80.35317399997028,33.88188100024584],[-80.35457999993385,33.88189399978135],[-80.35455900001746,33.881589999855215],[-80.35463699983526,33.881502000008076]],[[-80.37728100028869,33.89104000023141],[-80.3763520003511,33.889852000204186],[-80.37629700009951,33.889852000204186],[-80.37628700005378,33.889886999694575],[-80.37530500041274,33.890415999937595],[-80.37527000025263,33.890427999685144],[-80.37569600022498,33.89189300017743],[-80.37554700026205,33.89197400002076],[-80.37483500005945,33.89235899970659],[-80.37502599985515,33.89259700014807],[-80.37511799991667,33.89271199993857],[-80.37588299982272,33.892308999642246],[-80.37579499995917,33.89195599997935],[-80.37576900001993,33.89185400017014],[-80.37723500025794,33.891066000237785],[-80.37728100028869,33.89104000023141]],[[-80.3618499999512,33.952573000056454],[-80.36115399964211,33.95192600015721],[-80.36088099983066,33.95212499967567],[-80.36013699984096,33.951439999792704],[-80.3594060002701,33.951982000278434],[-80.35955199985996,33.952111999672674],[-80.36013400036624,33.95269800007119],[-80.35995100006814,33.95284699970584],[-80.3597369998079,33.95302200030379],[-80.35963600042386,33.95317300009192],[-80.35955199985996,33.95332199964002],[-80.35947099966911,33.95354000005395],[-80.35946700036948,33.95355099987204],[-80.35940399972196,33.95370000024846],[-80.35935500021648,33.953871999898524],[-80.35931900023147,33.954096000255916],[-80.35930400016284,33.954291999991696],[-80.35932000005639,33.95442100035466],[-80.36066099972261,33.95343700019799],[-80.36076299982987,33.95337499963134],[-80.3609770000901,33.953244999931115],[-80.36104999988504,33.953188999895886],[-80.36161700032271,33.95275199969889],[-80.3618499999512,33.952573000056454]],[[-80.40381399984658,33.96394900032473],[-80.40367300027957,33.96386400016039],[-80.40269699958799,33.96327100009545],[-80.40121000033189,33.96490400023322],[-80.40106999969147,33.96505800008439],[-80.40236100002733,33.9658409997705],[-80.40240600023317,33.96578300015131],[-80.40377000036395,33.964008000309946],[-80.40381399984658,33.96394900032473]],[[-80.3899419996335,33.9697299997572],[-80.38978199979995,33.96961300002888],[-80.389560999867,33.96945200016502],[-80.38877300039474,33.96887699975957],[-80.38870800009741,33.96891499972498],[-80.38761500012829,33.96970099978861],[-80.38730999963144,33.9699330000055],[-80.38719199963066,33.97002400029347],[-80.38723500018668,33.97046200021075],[-80.38734499979152,33.97058099982748],[-80.38754599963298,33.970764000190286],[-80.38814700040584,33.9713370002081],[-80.38821199980485,33.971394999764534],[-80.3899419996335,33.9697299997572]],[[-80.48438200043735,33.985996999985254],[-80.48354499966297,33.9852369996756],[-80.48353899981518,33.984847999688746],[-80.48086900017826,33.98486800018917],[-80.48086300033047,33.98550800030884],[-80.48148099992345,33.98625900031618],[-80.48429200002568,33.98625000020163],[-80.48438200043735,33.985996999985254]],[[-80.34837899959615,33.94895599979195],[-80.3483180003951,33.94893199963627],[-80.34566299992849,33.94875899964921],[-80.34495400009892,33.94871300004576],[-80.34492099958864,33.94917800035196],[-80.34507600029765,33.94919200009259],[-80.34512599962805,33.949193000127195],[-80.34508299997034,33.9495939996474],[-80.34504199996248,33.949592000332736],[-80.34492800015964,33.94958400009298],[-80.3448679998852,33.95001800008979],[-80.34496499996958,33.9500240002391],[-80.34642399963658,33.95012499970775],[-80.34816199986119,33.950247000270956],[-80.34820799989194,33.95024800029317],[-80.34837899959615,33.94895599979195]],[[-80.3660810002607,33.91002199995018],[-80.36545899957147,33.909085000251864],[-80.3651580001709,33.90916699992543],[-80.3628700001254,33.909794999937574],[-80.36294499957016,33.91000600023513],[-80.36143499984952,33.91002700018674],[-80.36112199985506,33.910110000193164],[-80.36089099987639,33.90944399985767],[-80.3598289998694,33.90973400014642],[-80.35953599996645,33.90981399969252],[-80.3595829998221,33.90994400009944],[-80.35978299983866,33.91065300034315],[-80.3631809995717,33.910299000085935],[-80.36542099993663,33.91010100022333],[-80.36590100033565,33.91003900015674],[-80.3660810002607,33.91002199995018]],[[-80.39055500010194,33.96098799995068],[-80.39030700040482,33.96098799995068],[-80.38974400016512,33.96098799995068],[-80.38971300020297,33.96096899968947],[-80.38960600007286,33.960939999713936],[-80.38879099993808,33.96089100029801],[-80.38780500009908,33.960837999772835],[-80.38766299980885,33.96083400018174],[-80.38763600004468,33.961304999918376],[-80.38760900028048,33.96157299968172],[-80.38757800031834,33.9617989996544],[-80.38755800022687,33.9618709996449],[-80.38750399980019,33.96213700009534],[-80.38741000008886,33.96234200034556],[-80.38739699967006,33.962368000203845],[-80.38736300023321,33.96243399969387],[-80.38745000027183,33.962438999833815],[-80.38788600028992,33.96246299990517],[-80.38819000006355,33.96248099995426],[-80.38853099964707,33.962499999877764],[-80.38885299986235,33.96251799991902],[-80.38917599990253,33.96253300032304],[-80.38960400042303,33.96256099987802],[-80.39003100022029,33.962583000160514],[-80.39030599968159,33.96259199980033],[-80.3903280003212,33.96210600000722],[-80.3900670002053,33.962091000272984],[-80.39006999968004,33.96202300000414],[-80.39007800007596,33.96195399979629],[-80.39041700000968,33.961971000068665],[-80.39049900002544,33.96197500035139],[-80.39055500010194,33.96098799995068]],[[-80.3578710004351,33.90898300005684],[-80.35767100041856,33.908370000282815],[-80.35749300014331,33.90840000004234],[-80.35720400043832,33.9084549999468],[-80.35674800032875,33.908559000306205],[-80.35658199974908,33.90861199983125],[-80.35647399979405,33.90865999975244],[-80.35638900030355,33.90870399984282],[-80.35626600027989,33.90877500024581],[-80.355668999705,33.90919499988681],[-80.35541500016011,33.90940099990567],[-80.35543699990141,33.90947699999682],[-80.35546600021374,33.909601999911125],[-80.35595999995815,33.9110030001797],[-80.35597400020184,33.911037000198036],[-80.35574300022317,33.911077999851216],[-80.35541699980993,33.91112099970265],[-80.35515300021929,33.911142999861035],[-80.35499699968535,33.91115699989104],[-80.35501799960177,33.9111840002087],[-80.35505100011203,33.91122600027173],[-80.3551769996104,33.91138199979198],[-80.35527700006784,33.91150399995374],[-80.355344000015,33.91158600028212],[-80.35562799969712,33.91187500026493],[-80.35599000009537,33.911672999926076],[-80.35599699976807,33.91170500021832],[-80.3560760003091,33.91166100018612],[-80.35614499990606,33.91189700022867],[-80.35637699970965,33.91174999995668],[-80.35640199982402,33.91173800022758],[-80.35626200008194,33.911131999782555],[-80.35586000039903,33.91117000018312],[-80.35603299975307,33.911071000202746],[-80.35613499986033,33.911009999833766],[-80.35641900044077,33.910841999777375],[-80.35666700013789,33.91070800028487],[-80.35702500033817,33.9105399996332],[-80.35721299976085,33.910465999977696],[-80.35718500017174,33.91042599977449],[-80.35715599985943,33.91031600023719],[-80.35715599985943,33.91009399974909],[-80.35714099979081,33.90994000035368],[-80.35713400011812,33.909860999931304],[-80.3571540002096,33.90975500016499],[-80.35768800013699,33.90965399977971],[-80.35772499994692,33.909477999752376],[-80.35776699977971,33.909361999705105],[-80.35777699982545,33.90931499993664],[-80.3578710004351,33.90898300005684]],[[-80.39419800005739,33.933162000046686],[-80.39412500026245,33.933056999678406],[-80.39406099979003,33.93292600002405],[-80.39409799959995,33.93285500036614],[-80.39409599995014,33.932788000067816],[-80.39405199956919,33.93270799973155],[-80.39401499975928,33.93263999983384],[-80.3939670000787,33.93259799989176],[-80.39393100009369,33.93256499976309],[-80.3939250002459,33.93249799998193],[-80.39391600002507,33.93242800019875],[-80.39392299969778,33.932341000132475],[-80.39391299965203,33.932243999876725],[-80.39391500020017,33.9321829997592],[-80.39392600007082,33.932129999988156],[-80.39393299974351,33.932055000213595],[-80.39390299960627,33.931990999995975],[-80.39390400032951,33.931911999893984],[-80.39387500001719,33.9318609996854],[-80.39385199955267,33.9318089999528],[-80.39383700038236,33.93174700002949],[-80.39382999981135,33.9316679997011],[-80.393812000268,33.93159600024375],[-80.39381800011577,33.93151900025977],[-80.39382099959053,33.93143200001028],[-80.39381100044308,33.931329999733016],[-80.39380300004717,33.93128099966602],[-80.39378200013077,33.93120899988144],[-80.3937279997041,33.93113800028276],[-80.39369099989419,33.93107400012137],[-80.39364099966545,33.93103500015082],[-80.39359299998488,33.9309849996656],[-80.39354399958108,33.93095400015495],[-80.39350400029643,33.93090799987455],[-80.39345200041788,33.930859999814736],[-80.39338499957242,33.93084000003025],[-80.3933059999297,33.93072299974362],[-80.39323099958665,33.930698999664955],[-80.39317399968523,33.93066200002729],[-80.39309699969235,33.930610000307965],[-80.3930099996537,33.930557999811526],[-80.39294000023182,33.93050300001161],[-80.39292799963793,33.93043199982431],[-80.3928830003304,33.930405999898426],[-80.3928339999266,33.93033299986332],[-80.39278500042111,33.93025600022815],[-80.3927419998651,33.930187000350756],[-80.39270500005517,33.93012900028096],[-80.39268300031387,33.93006899965311],[-80.39263700028312,33.93000000036958],[-80.39259600027522,33.929960999907216],[-80.39259200007727,33.92991499983584],[-80.39263300008516,33.929877999857574],[-80.3926089997957,33.92982999996263],[-80.39256000029023,33.92982399988069],[-80.39251400025947,33.92978999990525],[-80.39248099974918,33.929715999824126],[-80.39246200038092,33.92965899969766],[-80.39242100037305,33.92956800021428],[-80.39239999955834,33.929501999832006],[-80.3924110003273,33.92945099967089],[-80.39234500020507,33.92925599965044],[-80.39230500002209,33.92917899978694],[-80.39227700043301,33.92911899998057],[-80.39225499979338,33.92911100005284],[-80.39206800019562,33.92904300026452],[-80.39170199959942,33.92890099963267],[-80.39154900033687,33.928878000059136],[-80.39137100006162,33.92896300013713],[-80.39104600037162,33.929120000250975],[-80.3910379999757,33.92912800017778],[-80.39106999976275,33.929211000212945],[-80.39109499987711,33.92926999968587],[-80.3910880002044,33.92932700007267],[-80.39106300009006,33.92946499967434],[-80.39105200021939,33.92960799963061],[-80.39104399982347,33.92970900021597],[-80.39105200021939,33.929803000335895],[-80.39109099967915,33.9299050002059],[-80.39115000012869,33.929982000158404],[-80.39118100009082,33.930057999781866],[-80.39121600025092,33.930147999974025],[-80.39121700007584,33.9302060000309],[-80.39124399984003,33.93034199993226],[-80.39124899986288,33.93040899991893],[-80.39128900004586,33.93051800009606],[-80.3913409999244,33.93060400028097],[-80.39143100033608,33.93072700000454],[-80.39152800042046,33.9307900001759],[-80.39160600023826,33.930806999965704],[-80.39173099991174,33.93082399975212],[-80.39188800027057,33.93084700029074],[-80.39198399963172,33.93085399980536],[-80.39227400005996,33.930865999823695],[-80.39234500020507,33.930870000077896],[-80.39241399980203,33.93092599989],[-80.39243700026657,33.930969999663354],[-80.3924880003202,33.93101499966213],[-80.39252299958197,33.931041999649935],[-80.3926010002981,33.93104599989588],[-80.39267400009302,33.93103299965497],[-80.39273099999444,33.931039999899596],[-80.39280100031465,33.9310840003594],[-80.3928559996679,33.93117599995989],[-80.3928680002618,33.931332999721015],[-80.39283899994948,33.93140999987311],[-80.39283899994948,33.931491999677824],[-80.39288099978228,33.9315770001283],[-80.39291299956932,33.93163199998003],[-80.39298700008749,33.93175100024226],[-80.39299600030832,33.93180300001028],[-80.39297899969156,33.93185599998482],[-80.39293699985876,33.931948999733876],[-80.39289500002597,33.93204399985352],[-80.39285400001808,33.93213199971291],[-80.39289900022393,33.93222799986233],[-80.39294100005672,33.93229400036811],[-80.39300100033118,33.93235299994129],[-80.39306900010325,33.932406999805345],[-80.39305800023259,33.93248099978433],[-80.39303099957009,33.93255100026924],[-80.39307699960084,33.93269799968421],[-80.3930799999739,33.93275399978504],[-80.39308499999676,33.93287599990372],[-80.3930809997988,33.93305200004804],[-80.39310099989031,33.93308799991418],[-80.39318399973097,33.93311300028844],[-80.39328800038638,33.933112000064924],[-80.39358799996202,33.93313699968681],[-80.39364800023648,33.93319499994407],[-80.39370400031297,33.93325900000214],[-80.39384200040524,33.93330400028207],[-80.39386099977348,33.93335700006781],[-80.39395799985786,33.933367000037705],[-80.39400899991149,33.93341800008973],[-80.39401499975928,33.93347900006796],[-80.39407300038391,33.933439999708106],[-80.3941429998058,33.933332999986106],[-80.39418600036181,33.93325700030387],[-80.39419800005739,33.933162000046686]],[[-80.38553200012218,33.91216100009571],[-80.38545299958116,33.91171499974808],[-80.3848500000568,33.91178800008171],[-80.38476499966798,33.91179600014512],[-80.38469900044406,33.91139799999426],[-80.38466799958361,33.91120900030199],[-80.38472799985807,33.911187000160645],[-80.38448400035891,33.91096499970469],[-80.3844349999551,33.91087500012078],[-80.38440099961991,33.910809000166715],[-80.38437100038101,33.91076300019105],[-80.38430500025875,33.910677000105196],[-80.38439499977213,33.910631999800295],[-80.384660000086,33.91046699972164],[-80.3851530000055,33.91015299978748],[-80.3851670002492,33.910145000315396],[-80.38526699980832,33.91008900026205],[-80.38536700026576,33.91003799966224],[-80.38534399980121,33.90996400031649],[-80.38527000018136,33.90997100005586],[-80.3850829996853,33.90998800027254],[-80.38496100038489,33.91000000024804],[-80.38473399970586,33.91001999970642],[-80.3846459998423,33.91002899968481],[-80.38452100016882,33.910066000083035],[-80.38328900028252,33.91014999979913],[-80.38199399974873,33.91026400002694],[-80.38207199956652,33.910428999753115],[-80.38238499956097,33.91125200008732],[-80.38251699980546,33.91159899976329],[-80.38272000019506,33.91212899997469],[-80.38286900015797,33.91252200034956],[-80.38553200012218,33.91216100009571]],[[-80.41801900014553,33.971946999677726],[-80.41783099982457,33.971622000230134],[-80.4171720002237,33.970476000174266],[-80.41599300004086,33.97076199988312],[-80.41587199966705,33.97079100023486],[-80.41576000041235,33.970819000051335],[-80.41401899981473,33.971308999817175],[-80.41319799983215,33.97153700028427],[-80.41307499980852,33.971571999746374],[-80.41338199995516,33.97211300034896],[-80.41350099978085,33.97219799971901],[-80.41353500011603,33.97221699970684],[-80.41360100023829,33.972384000358005],[-80.41367900005609,33.972581999942285],[-80.4137860001862,33.97284300014594],[-80.4137929998589,33.97287000027538],[-80.41385499978318,33.97284399990255],[-80.4139629997382,33.972818000266706],[-80.41429699964905,33.97273300002644],[-80.41447099972632,33.97268699997494],[-80.41491000011747,33.972565000300804],[-80.41572600007717,33.972341999912835],[-80.41579700022227,33.97242900006696],[-80.4158909999336,33.97267599965123],[-80.41600899993438,33.97265999978738],[-80.4160869997522,33.97264999996401],[-80.41618499966147,33.97263700011746],[-80.4167849997111,33.97241399991831],[-80.41729400042244,33.972225000053314],[-80.41740200037746,33.972178999726985],[-80.4175029997615,33.97213799969047],[-80.41801900014553,33.971946999677726]],[[-80.348684000093,33.94651300005915],[-80.34857399958982,33.94649799981154],[-80.34778199991959,33.94638699983472],[-80.3460720001824,33.94616500019198],[-80.34490399987021,33.94604599995381],[-80.34475900010526,33.9460319996957],[-80.34411100037507,33.94597099976831],[-80.3440939997583,33.94596900036859],[-80.34407100019209,33.946135999642046],[-80.34404299970467,33.94633900030342],[-80.3439809997804,33.94681400004722],[-80.34471700027245,33.94688900023512],[-80.34459699972355,33.94776799998503],[-80.34456800030954,33.94797900012613],[-80.34453300014944,33.94824099985948],[-80.34461000014234,33.94824600008829],[-80.34525200002474,33.948289999853735],[-80.34579299962483,33.94832800007319],[-80.34596099985431,33.948338999819825],[-80.34601199990794,33.94834199995369],[-80.34603299982433,33.94819199983696],[-80.34605499956565,33.948030999670905],[-80.34608300005306,33.94782499991224],[-80.34613199955854,33.947494999686604],[-80.34687100042365,33.947537999786256],[-80.34690400003561,33.94729399966058],[-80.34693099979978,33.94709500002363],[-80.34779799981311,33.94716999996386],[-80.34777900044485,33.947306999654344],[-80.34777000022403,33.94735199996147],[-80.34775799963013,33.94744800009004],[-80.34754699974295,33.94742999984132],[-80.34750599973506,33.9477300002607],[-80.34758799975081,33.947736999877804],[-80.34758299972796,33.94777899980398],[-80.34754599991803,33.94804200020107],[-80.34826999981621,33.948111999815666],[-80.34841999960405,33.948126999778815],[-80.3484659996348,33.948132000014375],[-80.34849800032018,33.947985999722775],[-80.34858799983353,33.94725200024028],[-80.34864599955985,33.94676499994838],[-80.34865999980354,33.946655999703445],[-80.348684000093,33.94651300005915]],[[-80.35508700009704,33.89628500007197],[-80.35469799993463,33.89541499992218],[-80.35467899966805,33.895370999683976],[-80.3547049996073,33.895310000011],[-80.35470200013258,33.895256999672924],[-80.35467799984313,33.89511099971093],[-80.35465100007895,33.8951140002285],[-80.35395599959476,33.89522900035329],[-80.35391999960976,33.89512500013691],[-80.35240999988912,33.895373000271505],[-80.35233100024641,33.895040999783504],[-80.35228500021566,33.89485300029056],[-80.3536819999584,33.894584000112836],[-80.35377999986767,33.89456499994628],[-80.35376200032434,33.894427999679316],[-80.35368699998125,33.894150000235584],[-80.35365500019422,33.89403200033723],[-80.35326500020687,33.89409699992229],[-80.35318599966583,33.89383100015975],[-80.35230500030713,33.89400000012184],[-80.35224400020776,33.89414499981353],[-80.35216100036709,33.89434100033169],[-80.35201099968094,33.89469900020671],[-80.35066099979387,33.89492899992923],[-80.3507600004264,33.89499400032191],[-80.3511410001929,33.8952439999367],[-80.3512950001787,33.89590000021344],[-80.35148299960134,33.89670300029376],[-80.35175499958791,33.896650999981766],[-80.35244300039939,33.89651200026826],[-80.35250199995062,33.89673400033569],[-80.3527329999293,33.89670099973749],[-80.35278200033312,33.89690099995845],[-80.35430100027459,33.896722999889164],[-80.35426100009161,33.89652100018149],[-80.35426000026669,33.896457000115234],[-80.35495200037784,33.89631299979051],[-80.35508700009704,33.89628500007197]],[[-80.39244999978705,33.97154499994978],[-80.39187300020195,33.97112999973441],[-80.39074099987478,33.970306999928106],[-80.3902990000089,33.96998999998442],[-80.39019600007673,33.969915000043414],[-80.38978699982282,33.97028699972691],[-80.38886200008318,33.97116599988538],[-80.3885049997078,33.971525999811796],[-80.3888849996494,33.97197700013714],[-80.38904000035842,33.97211300034896],[-80.38938400031499,33.97240499982779],[-80.38996699974787,33.97289699965132],[-80.39002500037252,33.972947000100895],[-80.39056699979749,33.973414000064295],[-80.39051400009404,33.97346400020986],[-80.39114699975563,33.97403499968282],[-80.39122499957344,33.97408899992116],[-80.39140600022174,33.97390300003194],[-80.39163999967514,33.97364800007521],[-80.39190199961595,33.97335899964672],[-80.39208599973897,33.97315999988388],[-80.39134500012236,33.97262599978728],[-80.39244999978705,33.97154499994978]],[[-80.47756599998145,33.98480499982603],[-80.47750200040733,33.98480899977953],[-80.47746600042233,33.98481000014033],[-80.47693099977171,33.98482199999958],[-80.47660400043188,33.98485800031198],[-80.47629200026235,33.984914000353854],[-80.47599599998634,33.984986999754426],[-80.47574200044144,33.9850670001072],[-80.4739380000946,33.98568600030957],[-80.47373899990299,33.98575400027841],[-80.47430499961742,33.98689800005303],[-80.474648999574,33.987589999726445],[-80.47479099986423,33.987888999713824],[-80.47625999957698,33.9874620000953],[-80.47744799998067,33.98714199980173],[-80.47756599998145,33.98710500012295],[-80.47756599998145,33.98480499982603]],[[-80.38862500025672,33.95479000008774],[-80.38861199983792,33.954695999984494],[-80.38849399983717,33.95392200035544],[-80.38757900014328,33.95399200034959],[-80.38757099974734,33.95391499975671],[-80.38754900000603,33.95371599995333],[-80.38740800043904,33.95373099967387],[-80.38701900027662,33.953761999833155],[-80.38694999978132,33.9531479996471],[-80.38694300010863,33.95307999968169],[-80.3865330000298,33.95311200006669],[-80.3865330000298,33.95319899977182],[-80.38660099980187,33.953793999961675],[-80.38625299964733,33.95382500009799],[-80.38593200015528,33.953847999638974],[-80.3856250000086,33.953856000223034],[-80.38562099981066,33.95397000008086],[-80.38568500028305,33.95443499997793],[-80.3856810000851,33.95450300035082],[-80.38576300010087,33.954996000125135],[-80.38565400032093,33.95500399985605],[-80.38526299961035,33.95503500029669],[-80.38518700034071,33.95504699988734],[-80.38518300014275,33.95513899967332],[-80.3850829996853,33.95660500017366],[-80.38507199981466,33.95676499982067],[-80.38545699977911,33.95681200023258],[-80.38553200012218,33.956807999707074],[-80.38561999998574,33.95679199983853],[-80.38603400026253,33.956799000200505],[-80.38624500014973,33.95680699976195],[-80.38635700030271,33.9568110002875],[-80.38642400024986,33.95681300017764],[-80.38705699991144,33.956837000346],[-80.38785199995475,33.956866000229965],[-80.38785000030492,33.9567239998047],[-80.38785000030492,33.956654999769675],[-80.38781599996973,33.95626400025259],[-80.3877649999161,33.95577800007478],[-80.387729999756,33.95541000011708],[-80.38771700023553,33.955269000205625],[-80.38769399977099,33.95503700022857],[-80.38782600001547,33.95500099995704],[-80.38844899963132,33.95483700010039],[-80.38862500025672,33.95479000008774]],[[-80.35713599976796,33.90025400025157],[-80.3570119999194,33.900094000289776],[-80.35699400037603,33.900083000276645],[-80.35686700015444,33.89993099967969],[-80.35671900001641,33.89976300015661],[-80.35658799959687,33.89975999980266],[-80.35653099969545,33.89979800005348],[-80.356442000007,33.89985799963027],[-80.35628399982325,33.89997700028137],[-80.35590999972943,33.9002970003439],[-80.35588399979015,33.90027999968573],[-80.35572599960642,33.9002220001341],[-80.35550700022162,33.90017200020613],[-80.35524299973267,33.900171000341444],[-80.35505299976185,33.90018300020771],[-80.35505399958677,33.89998099974904],[-80.35493999978395,33.89943200022982],[-80.3549149996696,33.899024000236956],[-80.35618099989108,33.898888000302584],[-80.35624799983823,33.89888099965315],[-80.35607399976097,33.8982069997262],[-80.35593700039192,33.89795199965136],[-80.35584100013246,33.897669000295444],[-80.35562900042035,33.897166999838724],[-80.35560599995583,33.89702299996728],[-80.35548999960487,33.897042000331915],[-80.3544369998187,33.89721199979526],[-80.3536409999505,33.89734100013561],[-80.35330700003966,33.89739599971849],[-80.35291700005232,33.897460999722085],[-80.35292500044824,33.89748999969621],[-80.35296100043324,33.89763699995344],[-80.35300499991587,33.89781700013634],[-80.3530130003118,33.89785299997823],[-80.3545339999031,33.897622000045345],[-80.3547180000261,33.898426000199336],[-80.3548729998368,33.89903000025101],[-80.35355800010983,33.8991760002139],[-80.35343400026127,33.89919099984869],[-80.35331799991032,33.89920700010235],[-80.35343300043637,33.89970899973367],[-80.35351200007908,33.9002970003439],[-80.35476400005685,33.900201999868166],[-80.35499300038572,33.90018699966565],[-80.35505299976185,33.90018300020771],[-80.35512700028002,33.900840000372185],[-80.35505199993695,33.900846000258454],[-80.35470700015544,33.90087499982696],[-80.35476200040704,33.901754000297124],[-80.35478199960019,33.90220399993666],[-80.35491200019487,33.90219599971854],[-80.35529999963407,33.90217500007457],[-80.3557740001853,33.902147000044096],[-80.3559929995701,33.9019180002486],[-80.35614400008114,33.90177000006984],[-80.35627799997545,33.90162599977024],[-80.35639799962607,33.9014750002822],[-80.35642899958819,33.90141000035604],[-80.35645799990053,33.901331000229966],[-80.35646100027357,33.901190000238245],[-80.35740299973163,33.90060000010234],[-80.35713599976796,33.90025400025157]],[[-80.40468800043088,33.960089999945],[-80.40225600044533,33.95897699981548],[-80.39990999977519,33.957699999727915],[-80.3991699999835,33.957282999883155],[-80.39832800008455,33.956819999792806],[-80.39804000020446,33.957304000101125],[-80.39789200006645,33.957553000267815],[-80.39782599994422,33.95766299990293],[-80.39937800039596,33.958613999901914],[-80.39833599958216,33.96029699972085],[-80.39826000031249,33.96041899985673],[-80.39800599986927,33.96026200008927],[-80.39770299992055,33.9606699996471],[-80.39593000043418,33.96270900024646],[-80.3961770003064,33.96280299969232],[-80.39622800036001,33.962747999862685],[-80.39777099969263,33.96105600030179],[-80.39822000012951,33.960563999778486],[-80.39831600038897,33.96045300026649],[-80.39836300024464,33.96039900031057],[-80.39841099992522,33.960342999768194],[-80.39869899980532,33.96052100030021],[-80.39886799985972,33.96062399977657],[-80.39891100041574,33.96056600032549],[-80.39894700040072,33.96051699994906],[-80.39938599989357,33.95980200029372],[-80.39969700023819,33.95929499974167],[-80.40027399982327,33.959702000300595],[-80.40033699957247,33.959746000103415],[-80.40153199964884,33.96048600001568],[-80.40148099959524,33.96053900001513],[-80.40060299971125,33.96153600005094],[-80.40059600003855,33.961544999801525],[-80.40051099964974,33.96164300008688],[-80.40095400023885,33.96192199975649],[-80.40129900002033,33.96213399970275],[-80.40155099991541,33.962288999979265],[-80.40178600009206,33.96243399969387],[-80.40205600042881,33.96199799992453],[-80.40305399996338,33.96037399975368],[-80.40413400041201,33.961038999846565],[-80.40434699994904,33.96067200019162],[-80.40468800043088,33.960089999945]],[[-80.38199200009892,33.90169799995044],[-80.38193699984733,33.90168399985803],[-80.38148699958552,33.90156500009813],[-80.38002999956834,33.90119299979631],[-80.3799640003444,33.90134499963472],[-80.3794780000976,33.90129600021675],[-80.37659300037552,33.90101999975847],[-80.37635499982584,33.90224000016306],[-80.37577099966974,33.90232699965345],[-80.37517700036621,33.90241600022287],[-80.37453399976057,33.90292300025368],[-80.37388400038054,33.90343000025185],[-80.37329400037666,33.90350400005089],[-80.37352000033248,33.90482500021467],[-80.37353200002805,33.90489500031151],[-80.3736979997094,33.90486000027031],[-80.37395999965021,33.904810999890216],[-80.37451299984416,33.90471000035691],[-80.37491299987725,33.90463600011351],[-80.37509600017535,33.904603000336905],[-80.37533999967451,33.904557999807594],[-80.37541900021554,33.904543000371454],[-80.37572700018713,33.90448599980599],[-80.37602000009008,33.90443299995234],[-80.37612499967207,33.90441299992864],[-80.37625500026672,33.90438899989406],[-80.37620199966496,33.90435299982946],[-80.37591100031013,33.904152999939456],[-80.37619499999226,33.90385099995455],[-80.37581400022576,33.90358299965462],[-80.37775400011671,33.90369199985601],[-80.37790599955436,33.903678999914526],[-80.37829999973965,33.90370499979545],[-80.37849499973332,33.90371699990992],[-80.37850700032722,33.90366500014741],[-80.37930400002033,33.90368299995407],[-80.37932499993673,33.90324500010039],[-80.37935900027192,33.90292300025368],[-80.37937099996748,33.902844000038385],[-80.37942600021907,33.902638999666635],[-80.37947499972455,33.90251499981722],[-80.37952400012836,33.90236299982791],[-80.37971999994691,33.90191099984793],[-80.37976900035073,33.90179800022414],[-80.38082799998466,33.902100999867535],[-80.38097199992472,33.90213499970869],[-80.38159899973851,33.90227800005424],[-80.38174100002874,33.90231000014567],[-80.38183899993803,33.902057000096896],[-80.38199200009892,33.90169799995044]],[[-80.3684379999032,33.90642300009648],[-80.36825499960509,33.90562600014637],[-80.36821500032042,33.90532599976901],[-80.3681490001982,33.90500100015698],[-80.36810700036538,33.904782999979886],[-80.36807999970289,33.904644000102614],[-80.36806200015954,33.904572000173644],[-80.36799500021239,33.904339999988835],[-80.36792599971712,33.90409900006023],[-80.36785899976996,33.90386399986975],[-80.36767899984488,33.90331900006],[-80.36702100006896,33.90340000023437],[-80.3662560001629,33.90354500034514],[-80.36546600014246,33.903695000071586],[-80.36376100042817,33.904025000032064],[-80.36393600033036,33.904140999886415],[-80.3640109997751,33.90425899996198],[-80.36405500015603,33.904411000298836],[-80.36430700005111,33.90455200018255],[-80.36437900002112,33.90461200014167],[-80.36441400018124,33.904672999870456],[-80.36438599969382,33.904752999692995],[-80.36435499973169,33.90482399965903],[-80.36439599973957,33.9049340003192],[-80.36443699974745,33.905124000311886],[-80.36439400008973,33.90528100036693],[-80.3645039996946,33.90535500005037],[-80.36457300018989,33.905450000003306],[-80.36458800025851,33.90560800000437],[-80.36459800030424,33.9056879996951],[-80.36460499997695,33.905760999971754],[-80.36460300032712,33.90598500015473],[-80.36468799981762,33.90621000028848],[-80.36482599990987,33.90641999997692],[-80.3649539999564,33.90664499970803],[-80.36498599974345,33.906853000243395],[-80.36494999975844,33.907107999791464],[-80.36494899993353,33.90733200016258],[-80.36503500014726,33.907585000213395],[-80.36501699970559,33.907613999726294],[-80.36503900034522,33.90770699984581],[-80.36505799971347,33.90778800032418],[-80.36510499956913,33.90786800020561],[-80.36515300014801,33.907948000012006],[-80.36536800023318,33.90821699977943],[-80.36501500005576,33.90831500032352],[-80.36499999998713,33.90844599980221],[-80.36507699998005,33.90854799989423],[-80.36586100015269,33.9082890003575],[-80.36773200044665,33.90767200021358],[-80.36771099963195,33.907556999723134],[-80.36770200030944,33.90751500008882],[-80.36768800006573,33.907448999769656],[-80.36766200012647,33.90732500020653],[-80.36765999957834,33.9073120000735],[-80.36759900037727,33.90705599986073],[-80.3675519996233,33.90686800001865],[-80.36751099961542,33.906702000321026],[-80.36764899970767,33.90666100005397],[-80.3677909999979,33.90661699965456],[-80.36793400011302,33.906576000092194],[-80.36827200022184,33.9064749996678],[-80.3684379999032,33.90642300009648]],[[-80.35633800024992,33.904529000000636],[-80.3561399998832,33.90433800035726],[-80.356033999578,33.90422799967364],[-80.35482199978317,33.902954000271016],[-80.35479400019409,33.90285300002883],[-80.35468500041415,33.902875000084386],[-80.35450700013891,33.902888999981236],[-80.35401900024227,33.90290399970838],[-80.35368600015636,33.902910000194986],[-80.35375700030146,33.90408399979775],[-80.3534019995759,33.90411999997588],[-80.35266500015724,33.90419700011955],[-80.35269899959411,33.90440899992335],[-80.35249799975266,33.90441299992864],[-80.35250199995062,33.904472000171396],[-80.35251799984417,33.90477000020483],[-80.35166300042472,33.90475800023857],[-80.35157800003591,33.90475599987128],[-80.35158600043182,33.90480900026969],[-80.35162999991444,33.90509899992499],[-80.35168699981585,33.905481999649645],[-80.35168699981585,33.90553299999321],[-80.35165800040186,33.905585000107365],[-80.3520709999554,33.90599099967886],[-80.35241900010996,33.90574999994428],[-80.35249699992777,33.90569499978558],[-80.35279999987645,33.90598100022319],[-80.35286099997583,33.906039000330445],[-80.35299400004523,33.90595699988442],[-80.3532469997652,33.905780999679166],[-80.35348100011694,33.90562600014637],[-80.35353100034565,33.90558999985862],[-80.35383400029436,33.905428999669645],[-80.35385400038584,33.90580199992611],[-80.35350000038352,33.90596399995285],[-80.35350100020841,33.90598100022319],[-80.35349600018553,33.90605299970771],[-80.35348000029202,33.906101000324334],[-80.35344599995683,33.906176999630034],[-80.35340400012404,33.90623500034949],[-80.35330799986457,33.90632799973685],[-80.35319599971157,33.90641399973735],[-80.35278599963276,33.90669200020314],[-80.35264699971557,33.90678600037012],[-80.35198200026696,33.907257000177104],[-80.35192000034267,33.90730599989678],[-80.35185300039552,33.907342999985914],[-80.35177700022754,33.90736600015416],[-80.35173000037187,33.90737099980091],[-80.35161200037108,33.907373000106894],[-80.35075399968028,33.90733999989868],[-80.35044599970873,33.90733200016258],[-80.35030799961646,33.90732800029426],[-80.35052699989959,33.90753400035199],[-80.35043599966298,33.907561000326275],[-80.35039499965508,33.9075729998979],[-80.35027699965433,33.90766999991461],[-80.35023200034678,33.907623999736025],[-80.34993500024588,33.90731800024985],[-80.34951000009843,33.90730699967772],[-80.34981999971983,33.90763900012111],[-80.35006900014018,33.90793100013396],[-80.3504640001504,33.90831900014554],[-80.35077499959668,33.908502000189465],[-80.35109699981197,33.9086670003444],[-80.35118100037586,33.908716999763506],[-80.3512960000036,33.90878599988293],[-80.35136700014871,33.90882799963649],[-80.35145199963921,33.90887699994418],[-80.35196899984815,33.90916300014322],[-80.35221300024563,33.90931499993664],[-80.35410700010581,33.91034000009414],[-80.35401699969414,33.90881499973274],[-80.35401400021941,33.90875600025926],[-80.35401099984637,33.90869900027426],[-80.35400499999858,33.908586999721756],[-80.35400099980062,33.90851299986183],[-80.3539780002344,33.908065000264585],[-80.35396700036374,33.90784900001689],[-80.35359999994262,33.907852999860765],[-80.35345900037562,33.90785500015544],[-80.35316700029757,33.90709699993781],[-80.35307100003811,33.90684600024801],[-80.3534350000862,33.90661100017443],[-80.35359300026992,33.90647799978549],[-80.35387699995206,33.90623699993657],[-80.35420699966494,33.90600700014757],[-80.35633800024992,33.904529000000636]],[[-80.39153000007029,33.96522499989334],[-80.39142200011524,33.96521999991722],[-80.38722599996585,33.96499499994193],[-80.38607799974514,33.964258999941286],[-80.38599699955428,33.964194000235494],[-80.38593800000305,33.96414499971374],[-80.38575600042817,33.964331999941415],[-80.38448099998585,33.965634000074836],[-80.38466900030683,33.96578300015131],[-80.38520900008199,33.966171000370736],[-80.3851809995946,33.966191999884714],[-80.38512000039356,33.96624599988835],[-80.38507199981466,33.966288000364166],[-80.3840469996176,33.96726099986912],[-80.38367599989682,33.96761299990141],[-80.38374799986684,33.96769999967848],[-80.38595200024676,33.96771599973057],[-80.38753800013538,33.967985999782904],[-80.38774900002258,33.968137999644966],[-80.38781099994685,33.96818200029938],[-80.38790499965819,33.96810499988427],[-80.38883000029612,33.96728500007001],[-80.38900100000036,33.96722299990972],[-80.38925600026849,33.96718599975647],[-80.38943600019356,33.96711600018772],[-80.39029399998603,33.96654399987116],[-80.3905309998125,33.966313999761354],[-80.3905950002849,33.966167000285346],[-80.39062799989686,33.96608799986391],[-80.3907919999284,33.96581900033067],[-80.39096299963262,33.96565300003911],[-80.39123899981715,33.96547200028552],[-80.39153000007029,33.96522499989334]],[[-80.3809779997725,33.9086870001156],[-80.38010999993428,33.90743199979208],[-80.37995099992561,33.90718699978318],[-80.3798589998641,33.90703300035442],[-80.3794069999525,33.90716800018823],[-80.37925600033975,33.907210999775586],[-80.37918799966937,33.90723799985219],[-80.37903200003375,33.907130000240045],[-80.37896500008661,33.907087999649775],[-80.37890599963706,33.90698099963242],[-80.37888100042102,33.9069139998597],[-80.37883000036742,33.90673999971444],[-80.37733200034232,33.90694400013165],[-80.37723500025794,33.906702000321026],[-80.37697599979185,33.90672100001985],[-80.37689100030136,33.90625100002683],[-80.37689200012626,33.90601999973404],[-80.37681500013336,33.90589300019071],[-80.3763020001224,33.90590899993228],[-80.37564900036932,33.90592600021353],[-80.3753749998346,33.90593899981236],[-80.37499499989302,33.905944000288386],[-80.37454999965409,33.90595500029084],[-80.37460599973059,33.90614600003914],[-80.37470399963988,33.906415000274336],[-80.37466799965487,33.906430999917944],[-80.37427199981975,33.90653499976459],[-80.37428299969041,33.90669099966941],[-80.37388100000749,33.906790000263875],[-80.37376100035691,33.90644800009509],[-80.37328500015585,33.90655899994057],[-80.37284800031283,33.906661999842555],[-80.37289500016848,33.906781999730605],[-80.37386000009108,33.90923799994274],[-80.3739160001676,33.90937500027097],[-80.37402900014551,33.90936600022352],[-80.37411600018413,33.90935700017508],[-80.37812700038562,33.90894800020306],[-80.3809779997725,33.9086870001156]],[[-80.38271799964691,33.913447999757956],[-80.38268000001209,33.91334700002152],[-80.38256600020927,33.91309100004268],[-80.38255199996556,33.91309499964056],[-80.38244800020847,33.9128509999698],[-80.38250099991194,33.91284599989893],[-80.38245300023135,33.91278299987593],[-80.38227199958307,33.912347000002384],[-80.38223399994824,33.91225699964134],[-80.38206599971875,33.91185499975084],[-80.38181899984654,33.91192299983958],[-80.3815619999286,33.911963000085734],[-80.38131099985843,33.91202899989169],[-80.38105899996334,33.912093999921666],[-80.38080799989318,33.91216000037169],[-80.38055599999811,33.91222500030182],[-80.38030400010302,33.912290999904876],[-80.38005200020794,33.91235599973505],[-80.37980000031287,33.912421000261205],[-80.37954699969457,33.912483000086056],[-80.37950599968669,33.912410000347684],[-80.37900100007163,33.91249999980168],[-80.3789369995992,33.91252200034956],[-80.37884600026092,33.91255400032308],[-80.37835400016634,33.912682000096886],[-80.37839900037218,33.91280000027722],[-80.37811099959376,33.91287799975078],[-80.3778450003533,33.91298199993182],[-80.3776050001538,33.91307599987152],[-80.37736999997716,33.913168000283164],[-80.37713599962542,33.913259999849984],[-80.37717900018144,33.91332499968662],[-80.3772469999535,33.91343199994054],[-80.37743399955126,33.91371799976479],[-80.37745700001578,33.91378000013703],[-80.37753099963564,33.91374299986021],[-80.37762299969715,33.913692999662025],[-80.37770600043613,33.91378000013703],[-80.37795400013326,33.91409999982618],[-80.37771300010883,33.91421199984357],[-80.37751899994008,33.914301999631036],[-80.37731200025083,33.9143990001901],[-80.37718500002923,33.91445800023025],[-80.37698800038574,33.91455100033689],[-80.37668999956159,33.91416600021368],[-80.37655900004033,33.91399299966546],[-80.37646199995595,33.9138469997311],[-80.37630600032035,33.91386500036969],[-80.37623400035032,33.91376500008721],[-80.37617700044892,33.91370600031278],[-80.37600800039452,33.91377099980923],[-80.37567500030858,33.913893000278684],[-80.37570799992055,33.91393600020085],[-80.37573700023287,33.91396900009175],[-80.37579800033222,33.91403799968674],[-80.37540999999473,33.91426600002563],[-80.3751489998788,33.91403299968557],[-80.37488600011307,33.91381099993354],[-80.37477399996008,33.91382099996165],[-80.37452399971482,33.91384300016851],[-80.37425199972827,33.913858000204655],[-80.37395600035056,33.91387399994205],[-80.37363199958715,33.913953000372146],[-80.37346699973071,33.91399499981604],[-80.37349000019525,33.9140499998375],[-80.37353399967786,33.91413600024721],[-80.37345599986006,33.91415900007334],[-80.37320899998785,33.914288999816705],[-80.37300700032148,33.91439499990792],[-80.37293700000129,33.91424699977221],[-80.37269900034991,33.91431000020389],[-80.37244699955652,33.91437499998523],[-80.37219499966143,33.91444100015969],[-80.37195000033738,33.91450599984105],[-80.37108099977593,33.91474900029808],[-80.37104899998887,33.914757000083526],[-80.37109199964658,33.91480599996446],[-80.3712330001119,33.914852999686765],[-80.37130300043208,33.91486499972277],[-80.37137299985397,33.91486699985288],[-80.37139999961816,33.91486699985288],[-80.37147900015917,33.914851999994326],[-80.37153100003772,33.91483700013319],[-80.37157799989338,33.91482200026935],[-80.37172400038158,33.91482099983106],[-80.37177299988706,33.91482000013824],[-80.37184800023012,33.91482399965498],[-80.3719379997435,33.91483999995649],[-80.37203099962991,33.914844000217784],[-80.37204700042176,33.914851999994326],[-80.37218399979078,33.91487199980512],[-80.37222099960071,33.914936000211725],[-80.37228500007313,33.91500999971347],[-80.37234299979944,33.91504000011769],[-80.372394999678,33.915040999807985],[-80.37245099975448,33.91502000034638],[-80.3724950001354,33.91497099984306],[-80.37254799983886,33.91499799969788],[-80.37260899993824,33.914939999723074],[-80.37262300018193,33.91490099982063],[-80.37266599983964,33.91486800029064],[-80.37271699989326,33.914910999720846],[-80.37275200005337,33.914965000205456],[-80.37279399988617,33.91499700000715],[-80.37285400016061,33.91501800021986],[-80.37292600013063,33.91502699967051],[-80.37302400003992,33.91503200035886],[-80.37317999967554,33.9150219997273],[-80.37322999990425,33.91499299975303],[-80.37327500011008,33.91494699979921],[-80.37337800004225,33.914900000128696],[-80.37342700044606,33.91488300014632],[-80.37349600004303,33.914895999870026],[-80.37357200021101,33.914932999646304],[-80.37347599995154,33.915129000087006],[-80.37344900018736,33.91521000022117],[-80.3733189995927,33.915613000369994],[-80.37320999981276,33.91594600019442],[-80.37314500041374,33.91614699967351],[-80.37307799956828,33.916330999730526],[-80.37298600040509,33.91663899974702],[-80.37274100018271,33.91739099987326],[-80.37265800034203,33.91758299974605],[-80.37310000020791,33.91781499966735],[-80.37360599964789,33.91800900013198],[-80.37380900003748,33.91813400020503],[-80.37397999974169,33.91821600011756],[-80.37421599974326,33.91823399983326],[-80.37450299979842,33.91825599964627],[-80.37479099967852,33.91827699980135],[-80.37522099984884,33.91831000024753],[-80.37536300013905,33.91836200002105],[-80.37587299977699,33.9185510002496],[-80.37616800022808,33.91865999994628],[-80.37634099958214,33.91736199995973],[-80.37643099999381,33.916678000345],[-80.37645799975799,33.91647699988198],[-80.37641000007741,33.91649099978124],[-80.37633399990943,33.91649099978124],[-80.37627399963499,33.916446999983606],[-80.37622900032744,33.91640700035118],[-80.37615200033456,33.91638500006078],[-80.37606799977065,33.91638999992396],[-80.37599099977777,33.91638799982965],[-80.37593100040162,33.916399999649485],[-80.37586299973124,33.91640599993148],[-80.37581400022576,33.91638900024955],[-80.37576099962399,33.91636099966975],[-80.3756970000499,33.91635700022514],[-80.37567000028572,33.916307000069764],[-80.37595099959479,33.916168000348364],[-80.37606100009796,33.916113000202955],[-80.37635099962787,33.91598300026022],[-80.37751800011516,33.91541099994539],[-80.37933599980737,33.91455600030766],[-80.37993599985698,33.91430000023316],[-80.38048099965505,33.91413600024721],[-80.38108800027567,33.913953000372146],[-80.3812249996447,33.91390999971305],[-80.3815839996699,33.91379899974912],[-80.38172000011234,33.913757000208626],[-80.38187499992304,33.91370900017595],[-80.38196799980946,33.913679999754805],[-80.38245200040643,33.91352999970693],[-80.38271799964691,33.913447999757956]],[[-80.3964250000035,33.90235100026851],[-80.39626299962181,33.8997180000551],[-80.3962550001242,33.899574000017935],[-80.39619300019993,33.89962000006659],[-80.39613899977324,33.89966299973303],[-80.39594399977958,33.89979899992253],[-80.39581699955797,33.89987999971302],[-80.39560499984586,33.90000399966665],[-80.39525300039168,33.90019000000463],[-80.3950729995683,33.900271000169305],[-80.3943679999367,33.90058800029476],[-80.39410199979791,33.90070699992708],[-80.39254600004651,33.90139500036605],[-80.39149900010814,33.90185700003979],[-80.39063799994261,33.90223799973668],[-80.39020299974943,33.90156599994648],[-80.38994599983147,33.901136999826825],[-80.3898289996556,33.90094299972783],[-80.38964600025582,33.900625000317305],[-80.38957000008784,33.90047700013089],[-80.38947200017854,33.90026899969667],[-80.3894040004065,33.900099000363],[-80.3893359997361,33.89995100000919],[-80.38927399981183,33.8997810000415],[-80.38919500016911,33.89952000022087],[-80.3885950001195,33.8976749996592],[-80.38841099999648,33.89713400015374],[-80.38832200030804,33.89691899970184],[-80.38821500017791,33.89672900006507],[-80.3881249997662,33.89659699982493],[-80.38804000027571,33.89649099997],[-80.3879120002292,33.8963539998145],[-80.38760199970949,33.89604999996797],[-80.38743600002813,33.895860999801535],[-80.38725699992798,33.89563400010929],[-80.38709999956916,33.89538200030489],[-80.3869549998042,33.895148999796575],[-80.38694300010863,33.89512799990832],[-80.38659199958104,33.89527100007494],[-80.3863649998003,33.895357999965114],[-80.38623400027906,33.89541000031996],[-80.38613100034691,33.895233000043646],[-80.38607699992023,33.89513899981491],[-80.38599900010243,33.89503099978918],[-80.38342200035193,33.895420000269844],[-80.38251699980546,33.895555999770075],[-80.38235699997189,33.89558299980953],[-80.38234600010124,33.8956240001845],[-80.38230799956808,33.89576199993782],[-80.38223999979601,33.89598999994868],[-80.38222200025268,33.89604999996797],[-80.382131999841,33.896297999649526],[-80.38199999959652,33.89665999988032],[-80.38178700005949,33.897150999947854],[-80.38199399974873,33.89718199982685],[-80.38240899985043,33.8972419997531],[-80.38252900039934,33.897260000170114],[-80.38331900041976,33.89737600028097],[-80.38356999959161,33.89680700007705],[-80.38386599986762,33.89613899963294],[-80.3838929996318,33.89607699985102],[-80.38406699970908,33.89608300007238],[-80.384147000075,33.896090000205874],[-80.38407099990704,33.89626499962826],[-80.38452899966643,33.89677600006173],[-80.38500499986749,33.89730699987409],[-80.38465699971294,33.89811399968198],[-80.38473700007889,33.8981680003694],[-80.38469699989592,33.89827299974415],[-80.38442999993224,33.89894400025798],[-80.38304300023525,33.89855000003059],[-80.38281399990639,33.89915200019636],[-80.38255699998842,33.89907499997003],[-80.38113799960608,33.898650000268276],[-80.38057899956432,33.89996700012025],[-80.38030400010302,33.90056700025468],[-80.3810480000927,33.900762000321286],[-80.3817519998994,33.90094600004021],[-80.382652000423,33.90118100007225],[-80.3830480002581,33.90128399976157],[-80.38310900035746,33.90141299990637],[-80.3832030000688,33.9014839996716],[-80.3832990003283,33.90150899962735],[-80.38403999994487,33.902027000341896],[-80.38434700009155,33.90223399962933],[-80.38506299959383,33.90271700023718],[-80.38509000025631,33.90299999998727],[-80.38513000043929,33.90354600017021],[-80.385132999914,33.90358699969865],[-80.38531500038721,33.90357200009169],[-80.38532000041008,33.90353899990321],[-80.3855470001908,33.90352900015988],[-80.3854130002965,33.90295699976702],[-80.38578400001725,33.90292700032869],[-80.38586500020813,33.90292000001088],[-80.38617900002748,33.90289499972331],[-80.38621099981454,33.903048000086194],[-80.38622000003535,33.903131000177964],[-80.38626000021831,33.903496999780444],[-80.38637499984607,33.903488999683724],[-80.3865189997861,33.903478999934514],[-80.38659099975614,33.903474000059504],[-80.38652200015915,33.90286699992929],[-80.38659699960391,33.90286100018524],[-80.38680300036656,33.902844000038385],[-80.38689399970482,33.90283199980103],[-80.38703000014726,33.90281299998105],[-80.38711399981285,33.9028009997394],[-80.38714599959991,33.90284999978357],[-80.38721300044536,33.9030549996479],[-80.3872999995857,33.903314000175605],[-80.3873280000731,33.903397000008425],[-80.38748899973159,33.90337400026043],[-80.38756400007465,33.903359999697685],[-80.38779400022841,33.90331800023229],[-80.38799199969682,33.903276000000645],[-80.38776099971814,33.903749000206766],[-80.38769100029626,33.903889999694265],[-80.38725299973002,33.90478900033426],[-80.38669100021355,33.905913999664484],[-80.38656900001482,33.905872999764],[-80.3859830002089,33.90567900000389],[-80.38609399963866,33.905831000045545],[-80.3859639999423,33.90604499985078],[-80.38575700025308,33.9059950003555],[-80.38571000039742,33.90622999989055],[-80.3857089996742,33.90637300007734],[-80.38578900004013,33.90641200015443],[-80.38574600038243,33.90672100001985],[-80.38568199991002,33.90697200007771],[-80.38402999989914,33.9064970002798],[-80.38305699958063,33.906218000129876],[-80.38225700041276,33.905986999747604],[-80.38207800031263,33.90593599967571],[-80.3818580002046,33.905872999764],[-80.38042700012669,33.905461000069444],[-80.38042700012669,33.90551099987799],[-80.38068499986954,33.906123000287295],[-80.38096199987896,33.90692499973697],[-80.38158200002009,33.90860800002298],[-80.3817319998079,33.90859299980836],[-80.38191199973298,33.908576999825065],[-80.38402499987629,33.908365999717645],[-80.38554299999285,33.908210999666416],[-80.38684799967407,33.90807800028277],[-80.38952700043014,33.90781399969741],[-80.39015900026682,33.90775200020387],[-80.39246200038092,33.90752599988854],[-80.3931429997231,33.90746100010261],[-80.39429400031683,33.90504800006741],[-80.3954030001795,33.90272100032186],[-80.39543599979146,33.90236699992925],[-80.3964250000035,33.90235100026851]],[[-80.35749099959519,33.97865700001956],[-80.35721100011102,33.978583999652166],[-80.35704200005661,33.978539999910666],[-80.35694699962207,33.97862000037182],[-80.3568510002609,33.97870400025355],[-80.3504010004012,33.98285300005591],[-80.34992000017726,33.98087400033778],[-80.34923100043918,33.978443999853866],[-80.34780399966088,33.97299699977614],[-80.35009099988147,33.97273800030586],[-80.34920200012685,33.9692980000748],[-80.35120399994209,33.96907599986039],[-80.35310399965007,33.968874000349764],[-80.35452999970514,33.96870300028939],[-80.35494700035497,33.96865899990459],[-80.3547809997753,33.96850599967604],[-80.35465000025404,33.96838499977269],[-80.35453499972799,33.96830500011152],[-80.3545840001318,33.96822099964127],[-80.35482199978317,33.96780099977054],[-80.35487500038494,33.96770900026696],[-80.35464400040625,33.967616000100726],[-80.3545489999717,33.967587999974704],[-80.35414800011371,33.967884999910595],[-80.35403500013581,33.96797200015444],[-80.3539070000893,33.96789600010902],[-80.35369899967682,33.96778300010224],[-80.35349799983537,33.967680000354164],[-80.35308299973367,33.96751399996969],[-80.35225900027638,33.967193999831274],[-80.35192100016758,33.96705700012334],[-80.35196399982529,33.966962000337645],[-80.35228400039074,33.96631200009456],[-80.35242499995773,33.96602600032113],[-80.35222800031424,33.96595699963526],[-80.3519939999625,33.965904999869586],[-80.35197499969594,33.96589199973697],[-80.35199700033556,33.965793000037124],[-80.35201099968094,33.96573899974587],[-80.35210000026773,33.965450000005205],[-80.35214499957524,33.965306999907014],[-80.35232299985049,33.96474400024735],[-80.35239800019356,33.964502999849486],[-80.35249000025507,33.96421799981169],[-80.35273499957913,33.96336399979723],[-80.35276499971636,33.963295999800934],[-80.35288500026527,33.96325699969089],[-80.35282099979285,33.963464999822875],[-80.35259999985993,33.96421199991829],[-80.35247699983627,33.964592000279985],[-80.35231000033001,33.96514199995346],[-80.35211000031346,33.96580700002426],[-80.35257200027083,33.96598399971594],[-80.35241900010996,33.96629099986519],[-80.35210799976532,33.966921000020974],[-80.35332600030624,33.96739499978642],[-80.3534219996674,33.96743299966898],[-80.35359400009484,33.96750699974441],[-80.35375599957823,33.967583999955906],[-80.35393899987633,33.96767799997446],[-80.35411499960342,33.967776999715284],[-80.35452800005531,33.96747399973888],[-80.35502900037072,33.96766199991526],[-80.3549849999898,33.967742000181296],[-80.3549220002406,33.967856999873135],[-80.35472700024694,33.96819999988323],[-80.35489700012626,33.96835100029842],[-80.35505899960964,33.96849399974871],[-80.35519400022717,33.968631999928085],[-80.3554779999093,33.968601999778585],[-80.3554999996506,33.968670999808595],[-80.35557900019165,33.96912899972262],[-80.35563699991795,33.969468999683805],[-80.35565600018454,33.96969500028194],[-80.35574999989586,33.969919999743524],[-80.35610200024836,33.97115200003539],[-80.35622100007406,33.97159199964541],[-80.35636900021206,33.972266000047874],[-80.35642000026569,33.9728939996383],[-80.35648399983978,33.97452099984829],[-80.35652200037293,33.975184000128415],[-80.35669999974985,33.97655299966695],[-80.35680000020729,33.977391000122765],[-80.3569140000101,33.97743199986108],[-80.35749099959519,33.97865700001956]]]},"properties":{"GEOID":"4570405","BASENAME":"Sumter","display_name":"Sumter city","kind":"incorporated_town","tooltip":"Sumter city, SC"}}]}