{"type":"FeatureCollection","features":[{"type":"Feature","geometry":{"type":"Polygon","coordinates":[[[-80.47411299999679,34.10987400018092],[-80.4740779998367,34.10979599998426],[-80.47376700039038,34.109209000287656],[-80.47359499996293,34.10888399978586],[-80.47323199973977,34.10822400002795],[-80.4729380000119,34.1077330002872],[-80.4728109997903,34.10754999991536],[-80.47248199990233,34.107138000133205],[-80.47198599960977,34.106575999758874],[-80.47166299956959,34.10625699982442],[-80.47138399991033,34.106046000146534],[-80.4710230002353,34.105837999719895],[-80.4701210000619,34.10534500015295],[-80.4693260000186,34.10495400019792],[-80.46922599956117,34.10490400014753],[-80.4690239998948,34.104808000206056],[-80.46883800012198,34.10471900022496],[-80.46879200009121,34.10469700032385],[-80.46854600004393,34.10456000010096],[-80.46806700036811,34.104245000278105],[-80.4678909997427,34.10411200034794],[-80.4677209998634,34.10395799981526],[-80.46731599980744,34.103492999650335],[-80.46682899973572,34.102839000003215],[-80.46601500032418,34.10168000004189],[-80.46558900035181,34.10107599988194],[-80.46543399964281,34.10088100017692],[-80.4651650000293,34.10056300008321],[-80.46486000043078,34.10022999965858],[-80.46458500007117,34.09995399990848],[-80.46421000015242,34.09962199981419],[-80.463672999852,34.09916499991105],[-80.46316700041203,34.09872399968319],[-80.46297599971801,34.09856399968855],[-80.46251399976065,34.09823699967453],[-80.46232200014,34.09811900022822],[-80.46211799992552,34.09801099980909],[-80.46150600018032,34.09770099976905],[-80.4610829996827,34.09745700025877],[-80.46097200025295,34.09737599969572],[-80.46069799971823,34.09715800023807],[-80.46048400035632,34.09695000027986],[-80.46034500043915,34.09679500031832],[-80.46025900022542,34.09668400033945],[-80.460054000186,34.09637700001507],[-80.4599849996907,34.09625299997296],[-80.4599279997893,34.096138000113484],[-80.45990299967494,34.09608700026814],[-80.45981800018446,34.095867000130745],[-80.45937999961824,34.09456100027623],[-80.45902300014116,34.09353399984895],[-80.45891699983595,34.09330599967629],[-80.4587369999109,34.09294400017653],[-80.45865999991801,34.09280499986069],[-80.45809099983052,34.09170200036791],[-80.45801300001271,34.091550999853744],[-80.45787099972249,34.0912850000566],[-80.45781399982107,34.09115099999324],[-80.45773299963022,34.09089899987691],[-80.45770099984317,34.090774999993045],[-80.45764099956871,34.09048600025467],[-80.45761700017759,34.090321000260204],[-80.45760899978167,34.09014200037141],[-80.45760299993388,34.08983199978089],[-80.45762600039843,34.08950899973642],[-80.45764399994177,34.089398999746244],[-80.45770800041419,34.08908900015486],[-80.45779600027774,34.08877699966952],[-80.45782600041495,34.0886180000958],[-80.45786099967675,34.08832600003549],[-80.45786499987472,34.0881929996385],[-80.45786599969962,34.088150999939586],[-80.45785900002693,34.08797199992642],[-80.45784800015628,34.0878200003081],[-80.45781600036922,34.08763099992229],[-80.45766800023122,34.086848999683546],[-80.45750199965156,34.08592700004497],[-80.45747300023756,34.08578900002604],[-80.45741100031326,34.08554099998737],[-80.45730199963499,34.08524400012519],[-80.4571679997407,34.0849130002888],[-80.45698000031803,34.08453800004139],[-80.45671300035436,34.08412399995831],[-80.4566539999048,34.0840610003505],[-80.45653500007913,34.083901000167415],[-80.45620500036624,34.08350600032746],[-80.45602200006813,34.083311000320464],[-80.45573300036314,34.08297799972821],[-80.45530300019283,34.08246099979538],[-80.45504899974961,34.08212099987481],[-80.45480299970231,34.081803999944604],[-80.45461000025678,34.08154499978265],[-80.45443100015663,34.081282999668915],[-80.45401000020715,34.08064399991125],[-80.45372999982466,34.08018600024485],[-80.45351999976239,34.07985399999737],[-80.45335400008103,34.07955900025424],[-80.45299500005584,34.07890200021068],[-80.4523799999376,34.07779500036075],[-80.45157300019874,34.07630799983524],[-80.45093299996616,34.07517299993634],[-80.45075100039126,34.07485399995466],[-80.45069399959154,34.07476200033852],[-80.45051600021462,34.07447699971268],[-80.45037099955135,34.07422799997883],[-80.45027699984001,34.0740819998184],[-80.4502330003574,34.07401499996629],[-80.44990100009638,34.07356299977949],[-80.44867199968482,34.07192799980773],[-80.44829099991831,34.071449999699155],[-80.4479579998324,34.071058000094226],[-80.4475779998908,34.07064499969104],[-80.44711699975834,34.07026000002437],[-80.4465719999603,34.06980400022399],[-80.44576600004635,34.06919599989678],[-80.44520199998173,34.06873800009068],[-80.44491999994943,34.06850300003492],[-80.44464799996287,34.06824300000538],[-80.44442399965689,34.06801899994692],[-80.44415199967032,34.06773399970406],[-80.4434749996278,34.06695499995349],[-80.44332999986284,34.066741000118746],[-80.44321500023511,34.0665419996414],[-80.44310100043232,34.06631899969544],[-80.4430169998684,34.06610499974268],[-80.44288600034714,34.06574000033584],[-80.44281400037713,34.06540400014645],[-80.44216400009878,34.062530999947],[-80.44206500036458,34.062057999890925],[-80.44197499995289,34.06162699964935],[-80.44184400043166,34.061088999768565],[-80.44174599962403,34.06071300025344],[-80.44156400004917,34.060153999683905],[-80.44140800041355,34.0597379997921],[-80.44088199998377,34.058578999978124],[-80.44057800021017,34.05784600026337],[-80.44048399960052,34.05761999976323],[-80.43953399974653,34.055167000079344],[-80.43946799962428,34.054996000312435],[-80.43931500036173,34.05463500033323],[-80.43925900028523,34.05452100005952],[-80.43916700022373,34.05433699973837],[-80.43887299959754,34.053832999984664],[-80.43868799964962,34.05354000028036],[-80.43771600005431,34.05182400000918],[-80.43597799982973,34.04891799982208],[-80.43579000040707,34.04863500006185],[-80.43565399996461,34.04842500005009],[-80.43557600014681,34.04830000015059],[-80.43543200020677,34.04809999992812],[-80.4350890000751,34.04760499987946],[-80.43469999991268,34.0470659999474],[-80.43451499996475,34.04679299998929],[-80.43431199957516,34.046421000357455],[-80.43422399971159,34.046219999787176],[-80.43414099987093,34.04599899998785],[-80.4340689999009,34.04574900029522],[-80.43405600038044,34.045695999848874],[-80.43401199999951,34.04551100008159],[-80.43393900020456,34.04507199963036],[-80.43391499991512,34.04492300014919],[-80.43387800010518,34.04466700009457],[-80.43376799960204,34.04413999976186],[-80.43365600034734,34.043784999937394],[-80.43359799972272,34.0436239999466],[-80.43350099963833,34.043385999723895],[-80.43335599987337,34.04304600005482],[-80.43269999974726,34.04156900001667],[-80.43209100037511,34.04012499965406],[-80.4319859998948,34.03984200032417],[-80.43179699974893,34.0392639999665],[-80.43170600041066,34.03894800020745],[-80.43159599990749,34.03850399989487],[-80.4315120002419,34.03813199963419],[-80.43144100009678,34.03773799980027],[-80.4310410000637,34.03528000001197],[-80.43088799990284,34.034344999661734],[-80.43083799967411,34.03403600014503],[-80.43073999976481,34.03338600003687],[-80.43045500025778,34.03148599985653],[-80.43039499998332,34.03108900023069],[-80.43035599962526,34.0308269997095],[-80.43034099955663,34.03074899965951],[-80.43030399974673,34.030551000126735],[-80.42999499995024,34.028216999867126],[-80.42990100023891,34.027488999779074],[-80.42972600033671,34.02612499987104],[-80.42971299991794,34.02605299996099],[-80.42965299964347,34.02568999985638],[-80.42957300017585,34.025322000269675],[-80.42948399958908,34.0249549997197],[-80.42939200042588,34.024643999725576],[-80.42918599966325,34.02401200030555],[-80.4290340002256,34.023547999676644],[-80.42891100020195,34.0231709998105],[-80.42883000001108,34.02289900028907],[-80.42880499989673,34.022808000035575],[-80.4287310002769,34.02253799992832],[-80.42867500020039,34.02227300004949],[-80.42866299960652,34.022197000167594],[-80.42860999990306,34.02183300002476],[-80.42858599961363,34.0216010000273],[-80.42856700024537,34.02120999990922],[-80.42856600042045,34.021018999996485],[-80.42856899989518,34.02092099966776],[-80.42858300013889,34.02054300010555],[-80.42872000040624,34.01895799998384],[-80.42882900018618,34.017688999749424],[-80.42885400030055,34.01739300033817],[-80.42888100006472,34.01709399995297],[-80.4289649997303,34.01627599993735],[-80.4299149995843,34.0163100003444],[-80.42962900025235,34.01585999998621],[-80.4292450001128,34.015330000145475],[-80.42907500023348,34.01508800020244],[-80.42881300029266,34.01468799978726],[-80.42855899984944,34.01431600009998],[-80.42849600010025,34.01423699975239],[-80.42846000011524,34.01420099997489],[-80.42836899987864,34.01413099966062],[-80.4282679995963,34.01407900032587],[-80.42818499975563,34.01405199988552],[-80.42810899958765,34.01403300031507],[-80.4279000002486,34.01400499984305],[-80.4277110001027,34.01398900031379],[-80.4275410002234,34.01396099982721],[-80.42748400032198,34.013943000254166],[-80.42738999971235,34.01389700016967],[-80.42733899965872,34.01386400030412],[-80.42723800027467,34.01377600010354],[-80.42658299997348,34.01286699964986],[-80.42643599966038,34.012681999776234],[-80.42621899992541,34.01242499994295],[-80.4260430001983,34.01219799974164],[-80.42582100044046,34.011895000252615],[-80.42561999970069,34.01159799995481],[-80.42539899976776,34.01125900027827],[-80.425360000308,34.01121699968375],[-80.42531299955404,34.01118899977228],[-80.42526999989632,34.01115600034345],[-80.42523300008641,34.01111899995325],[-80.42521200017,34.01107399987953],[-80.42517500036008,34.010958999831004],[-80.42514299967472,34.01090499993578],[-80.42472099990033,34.010337999707296],[-80.42459000037906,34.01009599968357],[-80.42445399993663,34.00988100000084],[-80.42406999979707,34.009403000064935],[-80.4238379999935,34.009185999969326],[-80.4237409999091,34.00907199967294],[-80.42363499960389,34.00892000003251],[-80.42342500043993,34.00859699989319],[-80.42332800035555,34.00846400022339],[-80.42323000044627,34.00834399994499],[-80.42314000003456,34.00827400001462],[-80.42301100016314,34.008209999793664],[-80.42293599982007,34.00816599975345],[-80.42286899987292,34.00808300003858],[-80.42281500034456,34.00800700011191],[-80.42280100010085,34.00792500033032],[-80.42279400042815,34.00784299972481],[-80.4227340001537,34.00767799967414],[-80.42253999998493,34.00735600011866],[-80.42221000027207,34.006880999676405],[-80.42204500041561,34.00665300018845],[-80.42195400017904,34.006506999829085],[-80.42190200030049,34.00634900016724],[-80.42188800005678,34.00627900008171],[-80.4218810003841,34.006172000371365],[-80.42192800023976,34.00594499983657],[-80.4219879996159,34.00576699982933],[-80.4220210001262,34.00562299966759],[-80.42205399973814,34.00534599992144],[-80.42206200013406,34.005231999682856],[-80.42204000039276,34.005092999968774],[-80.42202600014905,34.00492899991177],[-80.42198199976811,34.00475200013514],[-80.42191499982096,34.00457299973344],[-80.42123100010575,34.004456000302945],[-80.42102199986839,34.004391000053225],[-80.41989399973916,34.00347500016868],[-80.41841900017863,34.00254400004189],[-80.41807900042,34.002328999857134],[-80.4176939995572,34.00193999992026],[-80.41763900020393,34.001733999661006],[-80.41761900011247,34.001341000058176],[-80.41755899983798,34.00013300000814],[-80.4180249999933,33.99979699980108],[-80.41788799972598,33.99973800007526],[-80.41722900012512,33.99964799975823],[-80.41684499998556,33.99944899972818],[-80.41536100020417,33.99905899981423],[-80.41461899986435,33.998680999735654],[-80.41418000037152,33.99839799997668],[-80.41357699994883,33.99781099997338],[-80.41327400000014,33.997691000282835],[-80.41321999957347,33.99748200025574],[-80.41327499982503,33.99689900001034],[-80.41347900003954,33.996435999631196],[-80.41362800000246,33.996168000269435],[-80.4136239998045,33.9959690002798],[-80.41406700039362,33.99561699997627],[-80.41421499963329,33.994931000090126],[-80.41426599968693,33.99426100014844],[-80.4142430001207,33.99387400026818],[-80.41415100005919,33.99340599998084],[-80.41412000009706,33.993198000101486],[-80.41403700025637,33.993060000323105],[-80.41432900033443,33.992535000299874],[-80.41451400028235,33.99226699980485],[-80.41466900009304,33.991960999879126],[-80.41472699981937,33.99167199988913],[-80.41478799991874,33.99136900016104],[-80.41497399969158,33.99077000024295],[-80.4151660002105,33.990403000046115],[-80.41519299997469,33.98973899973302],[-80.41530400030277,33.98923499982755],[-80.41530400030277,33.98813500023989],[-80.41516700003542,33.98765399984212],[-80.41469900023029,33.98696700013236],[-80.4146439999787,33.986691999817545],[-80.41480899983513,33.98655500024139],[-80.41459399975,33.98607700013214],[-80.41502200027047,33.98581300003197],[-80.41517000040847,33.985730000076515],[-80.41502899994316,33.9852119997166],[-80.4149319998588,33.984967999641],[-80.4148349997744,33.98466899980519],[-80.414777999873,33.98449000028948],[-80.414741999888,33.98442600002576],[-80.4146239998872,33.98421999975754],[-80.41435199990065,33.98392100026986],[-80.41428400012857,33.98384500032707],[-80.41423200025004,33.98378700032503],[-80.4138909997682,33.98340999971946],[-80.41354299961365,33.98320500034797],[-80.41348499988733,33.98312499973246],[-80.41226999971947,33.982370999915354],[-80.41124700007055,33.981554000320685],[-80.41103500035844,33.98147099993069],[-80.41016699962191,33.980967000156994],[-80.41003199990269,33.98082600015095],[-80.40968399974814,33.98030299986626],[-80.40947200003603,33.980074999813155],[-80.40912499970639,33.9796350001514],[-80.40910499961493,33.97944100006467],[-80.40906699998007,33.97928599976167],[-80.40893200026085,33.97915699986115],[-80.40843099994545,33.97858099983982],[-80.40801900021678,33.97800899991396],[-80.40730500036436,33.97727500021086],[-80.40692000039988,33.977045999778895],[-80.4067170000103,33.97688400012544],[-80.4063150003274,33.976564999946895],[-80.40576499960818,33.97592300009728],[-80.40559499972886,33.97546399980186],[-80.4055560002691,33.97535999994563],[-80.40546699968233,33.97509800028835],[-80.40541999982668,33.97495799996424],[-80.40505300030387,33.97442799968209],[-80.40447499999556,33.97401500035844],[-80.4042809998268,33.97397599994884],[-80.40403399995459,33.97376899993965],[-80.40353900038527,33.97328800019282],[-80.40332500012502,33.973117000068605],[-80.4032399997362,33.97304899967535],[-80.40239799983726,33.9723760000265],[-80.40222600030812,33.972222999780506],[-80.40220299984357,33.972202000265725],[-80.40168300015989,33.971573000262936],[-80.40162299988543,33.971541999889084],[-80.40143000043992,33.97123299977396],[-80.40140600015046,33.97119699965136],[-80.40102600020887,33.97036500018712],[-80.40098799967572,33.970282000048314],[-80.40082600019232,33.96992800030609],[-80.39927499956548,33.96817900012002],[-80.39912599960257,33.96780600033996],[-80.39870399982817,33.96725400036799],[-80.39869100030769,33.96723699966147],[-80.39857999997962,33.9669169999708],[-80.39853700032192,33.966520000206174],[-80.39852800010108,33.966434999631055],[-80.39859000002538,33.966195999968924],[-80.39822000012951,33.96511200006295],[-80.39808899970993,33.964810000128956],[-80.39801400026519,33.96470300035154],[-80.39785899955618,33.96448299977342],[-80.39770499957038,33.964350000340055],[-80.39706799971084,33.96404999965576],[-80.3968750002653,33.96389500035289],[-80.39676700031026,33.96326900035712],[-80.39673999964778,33.9631129997601],[-80.39666299965488,33.96299099976249],[-80.396445000095,33.96290700000442],[-80.3961770003064,33.96280299969232],[-80.39593000043418,33.96270900024646],[-80.39558300010455,33.96262500020992],[-80.39431000021038,33.961908999760155],[-80.3941560002246,33.96186000015735],[-80.39396399970565,33.961705999731734],[-80.39367400017574,33.961471999644814],[-80.39323300013477,33.96082199991707],[-80.39298399971443,33.96047000009372],[-80.39293000018607,33.96028699993403],[-80.39293199983588,33.96009099985154],[-80.39295500030043,33.959870000102704],[-80.39305499985954,33.959503999788595],[-80.39307900014899,33.95923500029647],[-80.39319799997467,33.95894199964089],[-80.39328099981536,33.958490000307286],[-80.39336500037926,33.958085999701375],[-80.39323800015764,33.95748200028561],[-80.39314899957087,33.95744700024106],[-80.39292599998811,33.957375000231885],[-80.39253600000077,33.95726400028471],[-80.39225899999134,33.95719499994243],[-80.3919540003928,33.95712600028938],[-80.39161399973587,33.95706400017539],[-80.39140000037396,33.957042999898185],[-80.39116400037238,33.9570130001319],[-80.3910100003866,33.95699399972799],[-80.39076699981405,33.95697899983754],[-80.39066700025494,33.95697300017863],[-80.39051400009404,33.95696399994444],[-80.39011400006096,33.95694900004863],[-80.3894610003079,33.95692499991193],[-80.38923799982682,33.95691700036157],[-80.38865600021886,33.956896000048076],[-80.38785199995475,33.956866000229965],[-80.38705699991144,33.956837000346],[-80.38642400024986,33.95681300017764],[-80.38635700030271,33.9568110002875],[-80.38624500014973,33.95680699976195],[-80.38603400026253,33.956799000200505],[-80.38561999998574,33.95679199983853],[-80.38553200012218,33.956807999707074],[-80.38545699977911,33.95681200023258],[-80.3851100003478,33.956810000342415],[-80.38481200042197,33.95679099989323],[-80.38411299973983,33.956763999875044],[-80.38399499973904,33.956763999875044],[-80.38386599986762,33.95676499982067],[-80.38365599980533,33.95684100012506],[-80.38269900027866,33.95730100028315],[-80.38202100041123,33.957626999997366],[-80.38139000039946,33.95795800035596],[-80.38106599963605,33.958103999931495],[-80.38093699976461,33.95816400017432],[-80.38079100017475,33.958230999873976],[-80.37984100032075,33.958680999992254],[-80.37973300036572,33.958732999703486],[-80.37862899962762,33.95925799986524],[-80.37663199983527,33.96020800001211],[-80.37432799989624,33.96129700003476],[-80.37363800033324,33.96162300008344],[-80.37322099968343,33.961821000133966],[-80.37178799995567,33.96251100002764],[-80.37155600015207,33.962651999858195],[-80.37127300029486,33.9628089996851],[-80.3711500002712,33.962878999818244],[-80.3711209999589,33.9628950000322],[-80.37048199955119,33.96327600018614],[-80.36959699999454,33.963800000015695],[-80.36926700028167,33.96399599974804],[-80.36884499960895,33.964228999739404],[-80.36740400038362,33.96506899990346],[-80.36538999997448,33.96624299964071],[-80.36516900004156,33.96637199976349],[-80.36386400036032,33.967129000133305],[-80.3634480004337,33.96736300030353],[-80.36320800023421,33.967481999786536],[-80.36293200004967,33.96760099984808],[-80.36246000004657,33.967750000203736],[-80.36213899965621,33.96782700019522],[-80.36188099991334,33.967867000260064],[-80.36147300038266,33.967917999756644],[-80.36041999969818,33.96804099995061],[-80.35980799995299,33.96811299987257],[-80.35884700022837,33.96821800020826],[-80.3578789999327,33.96831799987529],[-80.35638299955744,33.96849600010921],[-80.35579599992661,33.96856500022527],[-80.35551100041958,33.96859900035903],[-80.3554779999093,33.968601999778585],[-80.35519400022717,33.968631999928085],[-80.35494700035497,33.96865899990459],[-80.35452999970514,33.96870300028939],[-80.35310399965007,33.968874000349764],[-80.35120399994209,33.96907599986039],[-80.34920200012685,33.9692980000748],[-80.34800799987538,33.96943199976267],[-80.34765499969797,33.969471000021386],[-80.34707499973985,33.969535000368886],[-80.3469810000285,33.9695460003539],[-80.34584500040168,33.969685999903696],[-80.34452499975352,33.9698210002624],[-80.34260300030422,33.97003999990827],[-80.341615999742,33.970139999667936],[-80.34114700011193,33.97020199993665],[-80.34087900032334,33.97022699983996],[-80.3407499995536,33.970229000159705],[-80.34056799997872,33.970208000152496],[-80.34076200014748,33.970306999928106],[-80.34099099957803,33.97044400036064],[-80.34113100021843,33.97055900012373],[-80.34129600007486,33.97074599965909],[-80.34140900005276,33.97090000010709],[-80.34163800038162,33.97136600036373],[-80.34172799989499,33.97158199969652],[-80.34177999977354,33.971708999630906],[-80.34193100028459,33.972072000280626],[-80.3421589998902,33.9726590000286],[-80.34232200009683,33.97313400034465],[-80.34241900018121,33.97343800001862],[-80.34269600019064,33.974203999969546],[-80.34287399956756,33.97471799993651],[-80.34301500003288,33.97517399985698],[-80.34311999961486,33.975644000169204],[-80.34317900006441,33.97602799972894],[-80.34325699988223,33.97642199991503],[-80.34338400010381,33.9769150000416],[-80.34341300041613,33.97701700007051],[-80.34365500026547,33.97785699981777],[-80.3437559996495,33.97827600023849],[-80.34403199983402,33.97916199976276],[-80.34425699996491,33.979944000273825],[-80.34458000000511,33.981063000344314],[-80.34494099968012,33.98229799975774],[-80.34494800025114,33.98232400021899],[-80.34539799961462,33.9839199998986],[-80.34551200031575,33.984357000118074],[-80.34554300027789,33.98452999996427],[-80.34557300041511,33.984637999737096],[-80.3456010000042,33.98476199994156],[-80.34562000027077,33.984936999681956],[-80.34563000031653,33.985169000038034],[-80.34558400028577,33.98641399982178],[-80.34547200013277,33.98945299980768],[-80.34545200004128,33.990003000299396],[-80.3454379997976,33.99041199972084],[-80.3454389996225,33.99069999998069],[-80.3454539996911,33.990870000198356],[-80.34547899980548,33.991041999905974],[-80.3455159996154,33.991212999724844],[-80.34556400019429,33.99137900001692],[-80.34564399966192,33.99159300007647],[-80.34606600033463,33.99257600018154],[-80.3465869998432,33.99376000027336],[-80.34723899977136,33.99527600008361],[-80.347726999668,33.996392000194184],[-80.34803800001262,33.99708299979175],[-80.3481209998533,33.99728500004807],[-80.34819700002129,33.997489000247114],[-80.34827099964113,33.99771399987671],[-80.34833699976336,33.997939999861316],[-80.3483610000528,33.998046000055595],[-80.34839299983986,33.998190999861215],[-80.34843399984774,33.99844099966395],[-80.34846099961192,33.998691999673085],[-80.34847300020581,33.99894399987969],[-80.34847099965765,33.999158999695524],[-80.3484580001372,33.99936999969928],[-80.34837199992346,34.00013800016518],[-80.34823300000629,34.001225000066604],[-80.34822399978545,34.001410999745346],[-80.34822200013564,34.00159699976147],[-80.3482270001585,34.00178300011501],[-80.34823899985408,34.00196799990249],[-80.3482620003186,34.00217400033895],[-80.34829400010565,34.00238299999283],[-80.34855299967343,34.003765000360225],[-80.3487629997357,34.004960000024],[-80.34916000029406,34.00699299973631],[-80.3491989997538,34.00719500025543],[-80.3492199996702,34.007301000070235],[-80.34932000012763,34.00773799993276],[-80.34936500033348,34.00787200008421],[-80.34943300010553,34.008033000153304],[-80.3495159999462,34.00819299983161],[-80.34961200020568,34.00834399994499],[-80.34972199981054,34.0084910002068],[-80.34980899984917,34.00859399965096],[-80.3499019997356,34.008692000061714],[-80.35124400012506,34.01000399978899],[-80.35248400040727,34.01124200018196],[-80.3525920003623,34.01135999999174],[-80.35270899963987,34.011475000241795],[-80.35283199966351,34.01158600015409],[-80.35295899988512,34.011690999655826],[-80.35309100012961,34.0117900002585],[-80.35323099987168,34.01188599987525],[-80.35337700035986,34.011975999882786],[-80.35352399977464,34.012059000260194],[-80.35376300014924,34.012167000037685],[-80.35401199967126,34.012256999747365],[-80.35427100013736,34.01232700011744],[-80.35453599955291,34.01237699970826],[-80.35468899971379,34.0123969996852],[-80.35640600002198,34.01257900007841],[-80.35640600002198,34.012609999631934],[-80.35615900014977,34.01299799981166],[-80.35552499976495,34.01363800024841],[-80.35547000041169,34.01425500000769],[-80.35585399965295,34.01526000001747],[-80.35593599966869,34.015991999991],[-80.35563299971999,34.01690499967924],[-80.35527500041803,34.017453999664866],[-80.35480599988966,34.01797999976684],[-80.35403500013581,34.01834500001844],[-80.35353999966816,34.018367000009974],[-80.35307100003811,34.01825200016046],[-80.35227299962176,34.01788400033959],[-80.35172199997595,34.01792899978215],[-80.35122700040662,34.01806500016961],[-80.35053799977022,34.01808700023371],[-80.35059399984674,34.018752000055734],[-80.3509239995596,34.019827999783026],[-80.35150299969283,34.02083599989127],[-80.35175100028826,34.02170599979982],[-80.35177899987735,34.023287000348596],[-80.35142200040029,34.025418000218586],[-80.35155999959423,34.026172999777145],[-80.35186300044126,34.02644800032888],[-80.35213799990257,34.026563000241225],[-80.35400900019653,34.026492999698114],[-80.35505399958677,34.02676799995737],[-80.35549499962775,34.0269969996394],[-80.35711800022459,34.02827900019755],[-80.35733900015754,34.02853099970539],[-80.35739400040912,34.02878299995389],[-80.35794500005494,34.02974499973412],[-80.35824700017874,34.029927999985254],[-80.35916400042076,34.030718999850215],[-80.35967900008157,34.031163999779125],[-80.36061499969186,34.03233200033098],[-80.36094500030305,34.03304199982207],[-80.3611109999844,34.0338899999795],[-80.3611109999844,34.0349670003543],[-80.36108900024308,34.03663399966179],[-80.36126599979511,34.038951999844265],[-80.36161599959946,34.040803000060045],[-80.36166500000327,34.04110200028129],[-80.36195600025641,34.042069000234946],[-80.36266000006313,34.04303200013993],[-80.3633639998698,34.04394900010388],[-80.36499800033732,34.04475599992496],[-80.36535200033967,34.04501500015448],[-80.3661099996747,34.04597699971694],[-80.36673099964072,34.04693999990416],[-80.36721900043568,34.04757300008965],[-80.3675940003544,34.04847400034747],[-80.36805600031177,34.04888599978347],[-80.36892800034795,34.04881199988049],[-80.36914699973275,34.04891799982208],[-80.36959899964437,34.05023700004609],[-80.3699250000576,34.05058500031981],[-80.37025200029575,34.050734000271916],[-80.37093400036113,34.05068800003492],[-80.3716149997033,34.05050499991276],[-80.37235200002029,34.0506840002073],[-80.3731139995533,34.051133999727405],[-80.37346699973071,34.05141599975742],[-80.37412100020701,34.051733999837886],[-80.3749150004254,34.05202499994762],[-80.37676499990467,34.053319999763026],[-80.37708299992197,34.053852999866564],[-80.37719599989987,34.05404299999809],[-80.37746399968849,34.05470199988066],[-80.37765100018456,34.05505200024358],[-80.37791200030044,34.056263000217946],[-80.37765100018456,34.05738500013207],[-80.37756499997083,34.057649000229944],[-80.37761600002443,34.05799999983089],[-80.37777800040615,34.05822000010978],[-80.37854099976407,34.05844500026111],[-80.37873099973488,34.05864099969772],[-80.37883700004008,34.05892700024195],[-80.37882600016945,34.059851999747295],[-80.37856500005353,34.060733000000454],[-80.37853999993918,34.06082300029209],[-80.378401000022,34.062494999823166],[-80.37853900011426,34.06304499967524],[-80.37903299985868,34.06391599998338],[-80.3791979997151,34.0646029999089],[-80.37903299985868,34.064970000069415],[-80.37884000041315,34.06517600013618],[-80.37853699956612,34.06519799988978],[-80.37760199978074,34.064830999972585],[-80.37694099963176,34.06496899990889],[-80.37669299993463,34.06521999963763],[-80.37649999959079,34.06558700010251],[-80.37649999959079,34.06618199987137],[-80.37740699978708,34.067190999972134],[-80.3779020002547,34.06757999996504],[-80.37925100031687,34.06817700012277],[-80.37969099963462,34.06858899978892],[-80.37985600038938,34.06897900017379],[-80.3799929997584,34.06978100007436],[-80.37946899987676,34.071520999680324],[-80.37831099961032,34.073422000264834],[-80.37820000018054,34.07429300030569],[-80.37835699964107,34.074834999864166],[-80.37879000018444,34.07538199986309],[-80.37894900019309,34.07583099991979],[-80.37881600012368,34.07769500013693],[-80.37878400033665,34.07835599988101],[-80.37874099978063,34.0807009999807],[-80.38050400011957,34.08170399999033],[-80.38518200031783,34.084367000025985],[-80.38527600002914,34.08442000009813],[-80.38677099968119,34.08519600017742],[-80.39011200041114,34.0868130002217],[-80.39261800001653,34.0880259998622],[-80.39564000000597,34.08948999995797],[-80.39690000037966,34.088454000063635],[-80.39731700013118,34.08811199988171],[-80.4055260001319,34.08136899984108],[-80.40872399984839,34.08229899965336],[-80.41055999998227,34.08304699982442],[-80.42217299956381,34.08777699978899],[-80.42657999960043,34.08957400023828],[-80.42928699994559,34.0906769999323],[-80.43026799976171,34.09107699980072],[-80.43774199999359,34.094490000268834],[-80.44353800027531,34.09713699963962],[-80.44888900031812,34.099579999834916],[-80.45036300005374,34.10025299972111],[-80.45079300022405,34.10041000027194],[-80.4511050003936,34.10052899998377],[-80.45390100042721,34.101587000089935],[-80.4544140004382,34.10178099992996],[-80.45866800031392,34.10347499974133],[-80.45880100038332,34.10352999990583],[-80.46210700005486,34.10491800025388],[-80.46649399999997,34.10676100008384],[-80.46926300026941,34.10792500011762],[-80.47010799964309,34.10827999972954],[-80.47195800002069,34.10905700013057],[-80.47411299999679,34.10987400018092]]]},"properties":{"GEOID":"45085000401","TRACT":"000401","NAME":"Census Tract 4.01","county_name":"Sumter","aland_sqkm":89.5529,"is_greater_area":true,"pop_2020":6523,"pop_2010":null,"has_2010":false,"growth_pct":null,"growth_abs":null,"density_per_sqkm":65.4,"pct_nonwhite":58.4,"median_income":65439,"median_age":38.1,"median_home_value":175600,"median_gross_rent":1317,"poverty_rate":14.7,"pct_bachelors_plus":30.9,"unemployment_rate":5.3,"pct_wfh":2.6,"total_housing_units":2717,"vacancy_rate":11.3,"owner_occ_rate":83.1,"pct_single_family":73.1,"median_year_built":1995,"pop_2021":6545,"pop_2022":7014,"pop_2023":7211,"pop_2024":6107}},{"type":"Feature","geometry":{"type":"Polygon","coordinates":[[[-80.46784100041232,33.96168800026374],[-80.46771800038869,33.96158700036344],[-80.46716400036979,33.961094999930815],[-80.46651400009145,33.96052499990603],[-80.4663619997555,33.960419999759395],[-80.46627399989195,33.96037700020835],[-80.4662069999448,33.96035099974147],[-80.46613499997477,33.96033299998678],[-80.46599100003473,33.96033499979412],[-80.46583200002607,33.960354000196936],[-80.46564600025323,33.96038699998459],[-80.46548399987152,33.96039400005077],[-80.46542600014521,33.96039100034181],[-80.46534699960418,33.96037499965688],[-80.46527399980924,33.96035500010038],[-80.46521299970986,33.96033100017938],[-80.46504799985344,33.96024400031574],[-80.4649180001571,33.960150000277416],[-80.46446399969733,33.95976499989274],[-80.46434099967368,33.95965300017167],[-80.46427200007672,33.95958199970665],[-80.46412200028888,33.95940999967771],[-80.46407200006017,33.95933699992423],[-80.46396199955701,33.95915999981275],[-80.46391600042458,33.95907599999724],[-80.46387100021872,33.95895699993037],[-80.46380300044665,33.958689000121865],[-80.46369899979126,33.95808399984111],[-80.4634760002085,33.95684000018032],[-80.46336499988043,33.95617799990812],[-80.46321900029056,33.95539399998564],[-80.46277499987654,33.952854999638845],[-80.46255700031665,33.95161000027262],[-80.46242599989709,33.950777999982826],[-80.46223099990343,33.94973600004841],[-80.46200699959742,33.948537000231845],[-80.4617999999082,33.94729399966058],[-80.46118099959199,33.94385200017697],[-80.46092700004709,33.94256999984556],[-80.46089799973478,33.94246299967275],[-80.46039099957157,33.94256999984556],[-80.45988199975854,33.942593000192495],[-80.45890400031546,33.94263800001081],[-80.45822700027294,33.942717999960415],[-80.45774799969884,33.94277500028847],[-80.45659100015561,33.943002999728684],[-80.45394900010778,33.943254000217074],[-80.45251800002985,33.943321999835995],[-80.4521680002255,33.94329999978987],[-80.45194399991951,33.94226100031715],[-80.4518529996829,33.941799999970485],[-80.45182199972076,33.94147500011556],[-80.45182099989584,33.94122900023961],[-80.45183299959143,33.94097899987375],[-80.45187500032253,33.940675999850264],[-80.45194499974441,33.94037499977012],[-80.45198499992739,33.94023999963607],[-80.45268399971121,33.93808200001003],[-80.4532040002932,33.936446000298645],[-80.45148199996214,33.93660000023041],[-80.45078700037628,33.93666200034697],[-80.45046599998591,33.93668100007311],[-80.44920599961222,33.93675699968063],[-80.4486979996241,33.93675100008673],[-80.44808300040417,33.93674599992795],[-80.44708999999415,33.936625999755854],[-80.44648499992167,33.93655400001861],[-80.44349100041966,33.93616599964132],[-80.4431280001965,33.93613400033805],[-80.44293300020281,33.9361300003311],[-80.44281199982898,33.93613300014996],[-80.44267499956165,33.93614699980024],[-80.44248600031408,33.936173000209315],[-80.44225699998522,33.9362139996916],[-80.44210600037248,33.936244000081984],[-80.44185699995212,33.93629300027447],[-80.44030000037583,33.93663399972294],[-80.43960700043978,33.936786999879644],[-80.4394629996014,33.93681899968281],[-80.43796700012449,33.93715899982992],[-80.43767800041948,33.93722400006509],[-80.43739700021207,33.93728800007624],[-80.43736000040217,33.93729499980669],[-80.4372430002263,33.93731900026233],[-80.43705599973023,33.93734599974201],[-80.43583899991255,33.937487999707784],[-80.43563999972092,33.93751200010902],[-80.43519000035744,33.937560000145815],[-80.43479899964686,33.93760199987633],[-80.43381000033314,33.937647000096995],[-80.43363700008078,33.9376549999681],[-80.43296000003825,33.93767900032225],[-80.43285999958084,33.937683000256364],[-80.43203799977336,33.93770699985734],[-80.43147600025688,33.93769600022738],[-80.42972799998654,33.93758100001366],[-80.42966199986431,33.93757899967159],[-80.42644200040648,33.937496000339124],[-80.42626900015412,33.93749199965093],[-80.42167100032182,33.93721799975886],[-80.42027100020603,33.93720000032804],[-80.42030499964291,33.93727299969367],[-80.42039099985662,33.937443000148384],[-80.42044199991025,33.937561999743046],[-80.42051499970519,33.93774500032956],[-80.42054800021546,33.93782900033272],[-80.42057099978167,33.9379180003432],[-80.42109300001349,33.93993199999179],[-80.42123199993067,33.940477999783624],[-80.42129300003005,33.94068400018203],[-80.42134999993145,33.940942000231225],[-80.42141500022878,33.94129400034864],[-80.42143299977212,33.941439000069046],[-80.42143600014518,33.94148200024705],[-80.4214520000387,33.941737999869225],[-80.42144299981786,33.94203000002387],[-80.42143699997008,33.942121999722154],[-80.4214239995513,33.94231399974436],[-80.42139099993933,33.94253499962969],[-80.42137000002293,33.942670999961884],[-80.42095300027141,33.945287000362804],[-80.42091300008843,33.94557399988166],[-80.4208539996389,33.94600600006187],[-80.42077099979824,33.946607000258865],[-80.42075900010265,33.94669499997118],[-80.42073999983607,33.94683000030151],[-80.42073800018625,33.947236000065324],[-80.42077199962313,33.947428999785984],[-80.42078900023988,33.94756699985851],[-80.42081799965388,33.947720999794015],[-80.42084600014128,33.94781099994675],[-80.42086500040787,33.94787099999564],[-80.42088499960103,33.94793600024934],[-80.42039500005458,33.948318999669816],[-80.41996200040954,33.94862400014299],[-80.41979500000497,33.94886600010484],[-80.41956900004914,33.948992999677095],[-80.41939999999475,33.949209999968666],[-80.41909799987096,33.94938699991356],[-80.41872100030241,33.94948700010704],[-80.41854999969988,33.94952399976134],[-80.41841900017863,33.94967699985279],[-80.41815600041288,33.949893999890726],[-80.41791000036558,33.94994199965274],[-80.41726599993504,33.95001399999007],[-80.41683300029,33.95022799984657],[-80.41647300043988,33.95037900012146],[-80.41611699988941,33.950710000359074],[-80.41572600007717,33.95061300016614],[-80.41527499999046,33.950513999824516],[-80.41423300007496,33.950025000263935],[-80.41403999973112,33.95000899986508],[-80.4139050000119,33.94999500025885],[-80.41385099958522,33.95000499976493],[-80.41379000038417,33.95001500001502],[-80.41356199988023,33.95005500025843],[-80.41340399969648,33.95008300019409],[-80.41328200039605,33.95008600026648],[-80.4130179999071,33.95009299968983],[-80.41263200011771,33.950012999965104],[-80.41259000028492,33.9499749997528],[-80.41207300007598,33.94950699998258],[-80.41185299996795,33.949324000089085],[-80.41151400003424,33.94903999991081],[-80.41091599963444,33.94862400014299],[-80.41043399958558,33.94845399965981],[-80.40995200043504,33.94829600012486],[-80.40879400016861,33.948134000108496],[-80.40755999973416,33.94795599974416],[-80.40744400028153,33.947945999997344],[-80.40733299995344,33.9479389996522],[-80.40686599997322,33.94790800035247],[-80.40609400039446,33.94801499964244],[-80.40530400037403,33.94797099973482],[-80.40503400003729,33.94785299983636],[-80.40480200023372,33.94780000013187],[-80.40460899988986,33.947786000162274],[-80.40437799991118,33.94781099994675],[-80.40410799957444,33.94774500029118],[-80.40339899974485,33.94743500011782],[-80.40333900036872,33.947393000021876],[-80.40323700026148,33.947343000200036],[-80.40313400032932,33.94734699968016],[-80.40292400026703,33.94736600000251],[-80.40283999970313,33.947340000030955],[-80.40269400011327,33.94728700000702],[-80.40250400014246,33.947182999976626],[-80.40206300010148,33.94699800018167],[-80.40188999984915,33.94692400015114],[-80.40138699988388,33.94670599992882],[-80.40069300012294,33.9463969997647],[-80.40038400032645,33.946073999717996],[-80.40030700033356,33.946048000096994],[-80.398416999773,33.94509699975942],[-80.39831800003878,33.9451910000325],[-80.39817400009875,33.945658000357525],[-80.3980719999915,33.945868999767704],[-80.39801099989215,33.945981999819566],[-80.39787299979987,33.94608200028769],[-80.39742099988827,33.94630999981276],[-80.3967680001352,33.946879000362884],[-80.39638700036869,33.947535999678074],[-80.39604199968886,33.948333000296934],[-80.39597999976459,33.948533000062454],[-80.395747999961,33.949481999951146],[-80.39558499975438,33.9498780002125],[-80.39553899972363,33.950245000226495],[-80.39526300043741,33.950377000080096],[-80.39520399998787,33.950405999930176],[-80.394473000417,33.95112999966513],[-80.3943830000053,33.951197999698465],[-80.39368800041944,33.952054999635976],[-80.3935739997183,33.9526129998427],[-80.39354699995413,33.95277300029],[-80.3934809998319,33.952912999875686],[-80.3934809998319,33.953086000360216],[-80.39351900036505,33.953295000011295],[-80.39355799982478,33.95342900031969],[-80.39353899955822,33.9535579997555],[-80.39357700009137,33.95407100008222],[-80.39365400008425,33.954321999972265],[-80.39369500009214,33.95445600015368],[-80.3936080000535,33.95512100030615],[-80.39362899996989,33.95526099975448],[-80.39355699999986,33.955618000061946],[-80.39361999974905,33.95600299983988],[-80.39358399976406,33.956244999681466],[-80.39313900042345,33.95657099971624],[-80.39309400021759,33.95684100012506],[-80.3932070001955,33.957198999704666],[-80.39322200026412,33.9573339997648],[-80.39323800015764,33.95748200028561],[-80.3936780003737,33.957657000292265],[-80.39392799972065,33.95777500000849],[-80.39412799973718,33.95787999969409],[-80.39435500041621,33.958006999970905],[-80.39461099961095,33.95815799985392],[-80.39499999977338,33.95840100019838],[-80.39528799965345,33.9585790003231],[-80.39542599974573,33.958664999730814],[-80.39549100004305,33.95870499963366],[-80.39551100013453,33.958717000196955],[-80.395599999823,33.95877199965234],[-80.39587799965733,33.95894400022604],[-80.39603099981821,33.95903900002561],[-80.3966989996399,33.9594519998035],[-80.39791999965554,33.960208999917256],[-80.39800599986927,33.96026200008927],[-80.39826000031249,33.96041899985673],[-80.39830200014528,33.96044500030276],[-80.39831600038897,33.96045300026649],[-80.39836099969652,33.960480999760996],[-80.39860300044415,33.96062999992304],[-80.39867399969094,33.960673999991],[-80.39887000040784,33.96079499968797],[-80.39980000017036,33.96137000034165],[-80.40120500030902,33.96224300023916],[-80.40146499970169,33.96240400033842],[-80.40170300025139,33.96255100035732],[-80.40184200016856,33.96263600034357],[-80.4019650001922,33.96271199987369],[-80.40277899960375,33.96321699969318],[-80.4037319998308,33.96380599993815],[-80.40385999987733,33.963885000244005],[-80.40424900003974,33.96412799987585],[-80.40472199986776,33.9644130002152],[-80.40488099987641,33.96450399970415],[-80.40501899996868,33.96458300010672],[-80.40553600017763,33.96484500012444],[-80.40576600033138,33.96493599989627],[-80.40616200016652,33.96507999972105],[-80.40635899981002,33.96513799981962],[-80.4067720002619,33.965248000077786],[-80.40696700025555,33.96529199999218],[-80.407168000097,33.96533199975915],[-80.40741400014431,33.965369999818385],[-80.4076119996127,33.965396000241235],[-80.40781900020026,33.965416999946555],[-80.40803699976014,33.96543400027188],[-80.40808299979089,33.96543500011559],[-80.40811200010322,33.9654359999593],[-80.40818099970018,33.96543799964674],[-80.40825500021835,33.96544099992278],[-80.40835899997542,33.96544500004231],[-80.40837300021913,33.96544500004231],[-80.40854599957316,33.96544599988591],[-80.40879400016861,33.9654359999593],[-80.40915200036888,33.96541500025869],[-80.40934499981441,33.96539399980781],[-80.40967200005258,33.96535599975931],[-80.41013700038297,33.96529199999218],[-80.41057199967786,33.96523300015255],[-80.41072700038687,33.96521199965674],[-80.41171999989855,33.96507800002525],[-80.41209099961934,33.96502800016432],[-80.41219899957436,33.965014000048946],[-80.41259199993475,33.96496000000816],[-80.41270599973758,33.96494500003214],[-80.41287899998991,33.964921999765764],[-80.41312800041027,33.96488799965218],[-80.41425900001421,33.9647340002382],[-80.41459899977285,33.96468500002758],[-80.41477500039825,33.96465999998529],[-80.41558700015999,33.96454899985761],[-80.4161029996457,33.96447799975368],[-80.41627300042333,33.96445500010609],[-80.41628799959364,33.964451999795266],[-80.41664599979393,33.964392000262],[-80.41697300003209,33.96432900037131],[-80.41715399978203,33.96428599981597],[-80.41751199998234,33.964205000166245],[-80.41808799974251,33.96404799993574],[-80.41865000015729,33.96386800035414],[-80.41896800017462,33.963755000211044],[-80.41942699975893,33.96358000008229],[-80.41955200033073,33.96353199981798],[-80.42089600037,33.962979999674694],[-80.42138500009155,33.96277799984189],[-80.42163199996375,33.96268000011903],[-80.42192499986672,33.96255499986775],[-80.42203299982174,33.962512999783776],[-80.42245799996918,33.96235199989077],[-80.42276400029094,33.96224699976402],[-80.42320100013393,33.96210799977289],[-80.4235500001134,33.9620150001881],[-80.42398899960622,33.9619139999309],[-80.42424200022452,33.96186700010232],[-80.42466499982385,33.961802000058796],[-80.42490699967317,33.9617709998486],[-80.42530699970625,33.961736000078425],[-80.42549400020229,33.96172399994101],[-80.42580399982371,33.96170499984417],[-80.42615899965094,33.96170100029385],[-80.42624300021484,33.96169999966115],[-80.42639399982758,33.96170100029385],[-80.42662599963118,33.96170399995662],[-80.42665599976843,33.96170399995662],[-80.42685800033308,33.96171000002692],[-80.42712199992374,33.96172900012268],[-80.4272099997873,33.961737999852794],[-80.42761400001832,33.96177899968764],[-80.42791500031721,33.96182000024776],[-80.42800999985344,33.96183599991581],[-80.42803199959477,33.96184000020493],[-80.42859999985733,33.96194500008898],[-80.42906000016487,33.96205900028471],[-80.42932200010569,33.96213500033034],[-80.43030700011977,33.9624360001969],[-80.43074700033583,33.96256899964277],[-80.43334300035289,33.963358999711716],[-80.43488499986059,33.96382500031078],[-80.43513099990788,33.96389999966189],[-80.43635299974845,33.96427400003829],[-80.43693699990455,33.96445000008466],[-80.43763200038872,33.964660999838095],[-80.43866099988543,33.96497199968907],[-80.43881800024427,33.96501499989761],[-80.43903199960619,33.96507300004049],[-80.43908699985779,33.96508499970546],[-80.4392159997292,33.965115000350494],[-80.43988600009904,33.965225999739516],[-80.4401449996668,33.9652539998981],[-80.44043500009504,33.96527299994726],[-80.44067299974641,33.96528399973853],[-80.44086400044043,33.965287999865446],[-80.4410729997795,33.96528200004752],[-80.44134399994114,33.965267000128286],[-80.44271100044496,33.96518900020762],[-80.44290700026355,33.96517900025081],[-80.44347999965068,33.96515000022047],[-80.44370800015461,33.96513799981962],[-80.44375500001028,33.965136000125185],[-80.44385000044485,33.965131000143835],[-80.44407100037779,33.965118999740305],[-80.4449740003761,33.96507399988845],[-80.4465719999603,33.96498699966034],[-80.44683999974889,33.96497199968907],[-80.44792500022042,33.964913000372526],[-80.44824200041282,33.96489599994306],[-80.44993700008139,33.96480299968112],[-80.45377599985542,33.964593000133604],[-80.45565100034736,33.96448899964776],[-80.45653699972894,33.96444300035225],[-80.45781899984395,33.96437399987224],[-80.45882399994953,33.96431599999776],[-80.46019899995096,33.96424200012618],[-80.46059200031135,33.964211000060196],[-80.46113600028447,33.96416200029329],[-80.46168600010537,33.96406999983363],[-80.46196099956667,33.96401699979899],[-80.46221199963685,33.963963999731334],[-80.46257200038526,33.963875000133875],[-80.46284799967148,33.96379499995581],[-80.46333800011624,33.96363599998385],[-80.46360500007995,33.96353600002729],[-80.46411100041823,33.963316000156105],[-80.4649330002257,33.96293199981689],[-80.4658060000868,33.96253300032304],[-80.46669300019161,33.96212300024922],[-80.46702799992735,33.96198300017124],[-80.46742499958738,33.961829999854395],[-80.4674530000748,33.96182000024776],[-80.46784100041232,33.96168800026374]]]},"properties":{"GEOID":"45085001803","TRACT":"001803","NAME":"Census Tract 18.03","county_name":"Sumter","aland_sqkm":14.8936,"is_greater_area":true,"pop_2020":4839,"pop_2010":null,"has_2010":false,"growth_pct":null,"growth_abs":null,"density_per_sqkm":323.9,"pct_nonwhite":48.1,"median_income":52174,"median_age":28.8,"median_home_value":214100,"median_gross_rent":1321,"poverty_rate":9.9,"pct_bachelors_plus":32.0,"unemployment_rate":15.0,"pct_wfh":5.8,"total_housing_units":2577,"vacancy_rate":12.5,"owner_occ_rate":40.6,"pct_single_family":40.1,"median_year_built":1995,"pop_2021":4709,"pop_2022":5049,"pop_2023":5328,"pop_2024":5301}},{"type":"Feature","geometry":{"type":"Polygon","coordinates":[[[-80.6340680004474,33.917890000053085],[-80.63409299966344,33.91733300003627],[-80.63381800020214,33.91679800029528],[-80.63338100035914,33.91615799985018],[-80.63282599961705,33.91553899990095],[-80.6322249997425,33.91481800000702],[-80.6320330001219,33.914686999885305],[-80.63145700036172,33.91429699964529],[-80.63143399989717,33.91428099998732],[-80.63126099964482,33.91417499975426],[-80.63119000039804,33.914131999952694],[-80.63055199981525,33.91374299986021],[-80.62984600035873,33.913065000042536],[-80.62931900010405,33.91222800021707],[-80.62922100019475,33.91207100028376],[-80.62862299979496,33.91066899993675],[-80.62818400030211,33.909629999729596],[-80.62762799973511,33.90869099992016],[-80.62689399979119,33.907616999803906],[-80.62574399992064,33.906555999825734],[-80.6245289997528,33.90551599963353],[-80.62450700001149,33.90549699966614],[-80.62399800019847,33.903569999696565],[-80.62402199958959,33.90285200019564],[-80.62403800038145,33.902798000237894],[-80.62406099994766,33.90272499966075],[-80.62411700002416,33.90254000021628],[-80.62425599994133,33.9020869998413],[-80.62449500031593,33.90184999963417],[-80.62468699993654,33.90166099964798],[-80.62480800031038,33.90154400029869],[-80.62495999974803,33.90137499962965],[-80.62538200042073,33.90091000001299],[-80.62567000030081,33.90042900007571],[-80.62572499965408,33.90033799994358],[-80.62580900021798,33.900061000246275],[-80.62587100014228,33.89985500002524],[-80.62593499971636,33.89964499982327],[-80.62588799986071,33.8992219997317],[-80.62588200001294,33.899159999954406],[-80.62584799967773,33.89901200020758],[-80.62579800034734,33.89878800034403],[-80.62574399992064,33.89854499986654],[-80.62551499959181,33.89817999977191],[-80.62534200023775,33.89801699997673],[-80.62532700016915,33.89800300002555],[-80.62528500033635,33.89796299993933],[-80.62527100009265,33.897949999869965],[-80.62516099958948,33.897846999881345],[-80.6250779997488,33.89778800027342],[-80.62480800031038,33.89759400001097],[-80.6245489998443,33.897260000170114],[-80.6243949998585,33.89706199984776],[-80.62413600029073,33.896728000160074],[-80.62384800041065,33.89635599963332],[-80.62319700030739,33.89589599980875],[-80.62294500041233,33.895718999795484],[-80.62285500000063,33.89564900036713],[-80.62257399979322,33.89554200016052],[-80.62173400044243,33.89522300007185],[-80.62145400005993,33.895117000000305],[-80.62127999998265,33.89512799990832],[-80.62114799973818,33.89512999975589],[-80.62056299975717,33.89513899981491],[-80.62025300013578,33.89525599975067],[-80.61996799973042,33.89536500015813],[-80.61989199956244,33.89539300017878],[-80.61977899958451,33.89543699965997],[-80.61966499978172,33.8954799999445],[-80.61959000033697,33.895508999846705],[-80.61954199975806,33.89551500010803],[-80.61920199999943,33.89555800035321],[-80.61869400001133,33.89562300026653],[-80.6181850001983,33.895687000213044],[-80.61784600026459,33.89573100028822],[-80.6178329998458,33.89572699987561],[-80.61779699986079,33.89571799987859],[-80.61778500016521,33.89571500012793],[-80.61757599992784,33.89566000020652],[-80.6170300003049,33.89551899978497],[-80.61698199972601,33.89545299987243],[-80.61685700005253,33.895279000197085],[-80.61648399978364,33.89476300010104],[-80.6154040002333,33.89326400005538],[-80.61537900011895,33.89320800009827],[-80.61512300002592,33.892627000238086],[-80.61508600021598,33.892542999661295],[-80.61506799977433,33.892261000209075],[-80.6150660001245,33.89223199994811],[-80.61504500020811,33.891886999661224],[-80.61530399977586,33.89127999981719],[-80.61532999971514,33.891220000170485],[-80.61535499982949,33.891160999706216],[-80.61538300031691,33.89109400017844],[-80.61553399992964,33.89074099996121],[-80.61554999982316,33.890732000183725],[-80.61632200030024,33.89031499975836],[-80.61659599993662,33.89016800030265],[-80.61774599980714,33.88942800001688],[-80.61858400040647,33.88897500008215],[-80.6191500001209,33.888670000033535],[-80.61938500029754,33.88866600003544],[-80.61957500026834,33.888663000036736],[-80.61986200032352,33.888659000038274],[-80.62014799965547,33.888654000040006],[-80.6203400001744,33.88865200004059],[-80.62040799994647,33.88865100004088],[-80.6204949999851,33.888683000026056],[-80.62061399981079,33.888724999988426],[-80.6207340003597,33.88876699993007],[-80.62098399970664,33.88885499974082],[-80.62113600004261,33.88890900032543],[-80.62277800000774,33.88966599968859],[-80.62283300025932,33.8897059999379],[-80.62332799982865,33.89006399988034],[-80.62334999956995,33.89012900025239],[-80.62337999970717,33.890221000074746],[-80.62342599973793,33.890361000327374],[-80.62347199976868,33.890500000372136],[-80.62350299973085,33.89059299977133],[-80.62370000027265,33.89119100030127],[-80.62372399966377,33.89134100013558],[-80.62392700005334,33.892577000330796],[-80.62435499967552,33.89321399977585],[-80.62458599965422,33.89344599966195],[-80.62480800031038,33.8936680002541],[-80.62526699989469,33.89357299984975],[-80.6255630001707,33.89351099969363],[-80.62574800011862,33.89310099981171],[-80.6258309999593,33.89261100024112],[-80.625873999617,33.892366000145756],[-80.62609000042539,33.89104300014652],[-80.62613499973291,33.89040600014668],[-80.62601699973213,33.88963000011924],[-80.62588299983783,33.88890800032873],[-80.62586100009652,33.8887889998913],[-80.62540800036001,33.88778400034763],[-80.6253940001163,33.88776400014747],[-80.62510000038841,33.88732199974797],[-80.62480800031038,33.8868830001026],[-80.62444500008722,33.88588299989105],[-80.62430600017005,33.88550100016885],[-80.62428100005569,33.88539800006033],[-80.62427299965977,33.88538300023682],[-80.62421599975836,33.885267000220416],[-80.62403900020634,33.88496000025166],[-80.62362400010466,33.88424099986854],[-80.6231139995684,33.883890999797096],[-80.62283099971118,33.883695999933465],[-80.62271799973328,33.883615999745764],[-80.62256899977037,33.88351000016452],[-80.6223460001876,33.88335200023475],[-80.62212199988163,33.88319299994865],[-80.6219739997436,33.88308799990685],[-80.62184300022237,33.88299499978321],[-80.62176299985641,33.88293799972947],[-80.62141700025,33.882775999957666],[-80.62127199958674,33.88270899981023],[-80.62112900036992,33.882642000355936],[-80.62079299991093,33.8824859997085],[-80.62077700001743,33.882388000054654],[-80.62075199990306,33.88223399983852],[-80.62068699960572,33.88183100000583],[-80.62067400008526,33.88174699998422],[-80.62086400005605,33.8810630002455],[-80.62121300003551,33.88081300008483],[-80.62154500029652,33.8805759996738],[-80.62163900000785,33.880507999940974],[-80.62182700032882,33.88051599995623],[-80.6224879995795,33.88054399963081],[-80.6227329998019,33.88060999989279],[-80.62302800025299,33.880691000008966],[-80.62330699991224,33.88089500009893],[-80.62347000011887,33.881014000361226],[-80.62393399972605,33.88114900037008],[-80.62425799959117,33.88107399972861],[-80.62427699985773,33.88106400033414],[-80.62458400000438,33.880904000168435],[-80.62461300031671,33.88089500009893],[-80.62466000017237,33.88088199966537],[-80.62470000035533,33.8808700000666],[-80.62472999959427,33.88086200008452],[-80.62480499993733,33.8808419997532],[-80.62489100015105,33.88082400034596],[-80.62500300030405,33.880801999822275],[-80.62511499955872,33.88043599976999],[-80.62512399977955,33.880408000059965],[-80.62508500031981,33.88027800011401],[-80.62503099989313,33.88009800020607],[-80.6249920004334,33.87996699968627],[-80.62489600017393,33.879849999661225],[-80.62468500028672,33.87967400001611],[-80.62454200017159,33.879554000016036],[-80.62406900034358,33.8794640000917],[-80.62393299990114,33.87943800027822],[-80.62263200041787,33.87952700012326],[-80.62215299984376,33.87955999990817],[-80.62214699999598,33.879585999684544],[-80.6221279997294,33.87963599974843],[-80.62199600038323,33.879790000178915],[-80.6219169998422,33.879849999661225],[-80.62185099971995,33.8798939997022],[-80.62177799992503,33.879927000090966],[-80.6216990002823,33.879937999720525],[-80.62154799977125,33.87992200032667],[-80.6214030000063,33.87987800030014],[-80.62123800014986,33.87984499989241],[-80.62118500044642,33.8798279996322],[-80.62105300020193,33.87980099982612],[-80.62092900035337,33.87975799984116],[-80.62082899989595,33.87972400002849],[-80.62069099980368,33.879620000298004],[-80.62060499958997,33.879564999693685],[-80.62029499996856,33.87938399966491],[-80.62026200035659,33.87935600035551],[-80.62020299990705,33.87932899965433],[-80.62009699960184,33.87928999986939],[-80.62003800005061,33.879262999893086],[-80.61988599971464,33.87915299968042],[-80.61983300001121,33.87907600004379],[-80.61977399956166,33.87897700008927],[-80.61971500001043,33.87890000029389],[-80.61970099976674,33.87887300019418],[-80.61958899961373,33.87873000013141],[-80.61957600009325,33.878697000025575],[-80.61956299967446,33.878624999818065],[-80.61957600009325,33.878547999705006],[-80.61965499973599,33.87838900016213],[-80.61968800024624,33.87834500009095],[-80.61972099985822,33.878261999742264],[-80.61978000030776,33.87816300033499],[-80.61991800040002,33.87802599982824],[-80.62015500022648,33.877805999800955],[-80.62020200008216,33.87776700006579],[-80.62021499960262,33.87774000035341],[-80.6204449997564,33.877531000274466],[-80.6206359995521,33.87738800020031],[-80.62068900015387,33.87734400035876],[-80.62085400001031,33.8772609997823],[-80.62093299965301,33.87723899983161],[-80.62097200001108,33.87723399990983],[-80.6213250001885,33.87725900026161],[-80.62134799975472,33.8772609997823],[-80.62142700029574,33.877276999675075],[-80.621493000418,33.877304999666634],[-80.62155299979413,33.877321000296924],[-80.62177000042743,33.87733200026241],[-80.62213299975225,33.877381000023604],[-80.62225099975304,33.87738700006857],[-80.62257399979322,33.877365000150384],[-80.6227260001292,33.87737600011019],[-80.62288000011498,33.87734700000967],[-80.62303900012365,33.8773179998993],[-80.62334299989726,33.87725999964902],[-80.62344900020247,33.877241000098536],[-80.62349799970796,33.87723100025496],[-80.62354700011177,33.877222999931725],[-80.62356899985308,33.8771790000051],[-80.62360700038622,33.877108000143465],[-80.62363699962513,33.877047000089085],[-80.62366000008967,33.877004000208004],[-80.62366699976235,33.87699300020025],[-80.62384800041065,33.87664400037057],[-80.62392500040353,33.87651600019501],[-80.62413600029073,33.876171999890666],[-80.62406199977256,33.87515499974024],[-80.62393200007622,33.87494899977822],[-80.62363699962513,33.87448000011724],[-80.62358899994456,33.87440400016008],[-80.62351799979943,33.87429099989262],[-80.62344699965432,33.874177000052],[-80.62339999979868,33.87410199999532],[-80.62316799999506,33.87373399994548],[-80.62309199982708,33.87361300036681],[-80.62290100003138,33.87248800007919],[-80.62290500022935,33.872470999845106],[-80.62301599965912,33.87205200002492],[-80.62314100023089,33.8715790000545],[-80.62318100041387,33.87152199983379],[-80.62361800025688,33.870924000170106],[-80.62436700026942,33.870365000198376],[-80.62481499998307,33.87003099965838],[-80.62501699964943,33.86986899999768],[-80.62532200014628,33.869624999707554],[-80.62532100032135,33.86923799990785],[-80.62532100032135,33.868979999812645],[-80.62532299997119,33.8685460002119],[-80.62532600034424,33.868107999680525],[-80.62532899981896,33.867244000105394],[-80.62533200019202,33.86681100013963],[-80.62480800031038,33.866838999835224],[-80.61276899985816,33.8699990001365],[-80.601718999618,33.87270099982961],[-80.5939029999777,33.87462299984326],[-80.5932989997301,33.87478600033933],[-80.59326799976796,33.874792999983036],[-80.5902640002202,33.875597999929276],[-80.58414099970032,33.87721599974147],[-80.58385199999532,33.87728999991199],[-80.58268799988109,33.87758900034055],[-80.56328100040054,33.88255300003106],[-80.55770000020397,33.883973999890635],[-80.55755200006595,33.88401199971783],[-80.55740200027815,33.884050000273874],[-80.55671900038783,33.88422499979008],[-80.55440600022798,33.88484599974874],[-80.55419699999061,33.88488800010878],[-80.55226200012252,33.885484000289814],[-80.55029499956908,33.88610099991468],[-80.54657200014601,33.88721700031351],[-80.53885299969176,33.88968400021322],[-80.53436600018753,33.89111099968521],[-80.52336500035119,33.89230000003021],[-80.51996900026793,33.89266799979711],[-80.51813800015692,33.89290400022228],[-80.51501700043332,33.893276000147885],[-80.50435999965522,33.894585000043044],[-80.49987700034896,33.895058999919435],[-80.49572200020744,33.89562500010245],[-80.48631099955935,33.89690700012188],[-80.48492899988521,33.89712299975883],[-80.46688800018528,33.89960700024985],[-80.4647220003385,33.8999050001391],[-80.45846900012229,33.900765999752124],[-80.45668099966898,33.90101200017492],[-80.45072000042913,33.90165700025918],[-80.45008299967128,33.90171799986547],[-80.45013999957268,33.90193999979987],[-80.44763499979219,33.90327000028538],[-80.44667499989247,33.90377400024396],[-80.44592699970484,33.904165999808654],[-80.44391900004183,33.905228000261964],[-80.44107899962727,33.90672300034109],[-80.44095800015177,33.90678700015717],[-80.4405160002859,33.907018999647015],[-80.43957999977728,33.90752699966697],[-80.43861599967958,33.90803399986924],[-80.43489499990633,33.9099869997775],[-80.43472099982908,33.91008499977757],[-80.43461799989691,33.910139000338035],[-80.43451699961456,33.91019200037165],[-80.43186700006913,33.91158199986789],[-80.43114300017095,33.91196200035933],[-80.43017999989817,33.91247299990089],[-80.4299079999116,33.91261199968529],[-80.42978300023812,33.91267299965314],[-80.42963000007725,33.912740999834725],[-80.42933999964903,33.912848000076416],[-80.42908000025635,33.91292499979095],[-80.4286550001089,33.913017000365606],[-80.42853700010812,33.913036000147805],[-80.42831899964993,33.91305400021217],[-80.42800599965548,33.913067999928266],[-80.42766500007195,33.913070999813904],[-80.42736399977306,33.913065999755986],[-80.4269789998086,33.91305999998426],[-80.42644599970613,33.91305299975313],[-80.426310000162,33.91305100032594],[-80.42454099997528,33.913028000200796],[-80.42310999989735,33.91301099984498],[-80.42156900021455,33.91298499982048],[-80.42112999982342,33.91296899991613],[-80.42167399979654,33.914031000281376],[-80.4219800001183,33.91462300003715],[-80.42204700006545,33.91475200012454],[-80.42308999980585,33.916773000350624],[-80.42346499972457,33.917494000103424],[-80.42364499964965,33.91784000005177],[-80.42370099972614,33.91794899991252],[-80.42387300015359,33.91827899985132],[-80.4245920000289,33.9196619997004],[-80.4248740000612,33.920191000079846],[-80.42492599993973,33.92027999988712],[-80.42516600013926,33.92061100011345],[-80.42528199959189,33.920758999631936],[-80.42544499979851,33.92091399997015],[-80.42555600012659,33.92101099971139],[-80.42571400031034,33.92114799974943],[-80.42729000015322,33.92251900028815],[-80.42779099957033,33.922955000295005],[-80.42807599997569,33.9232040003134],[-80.42909100012699,33.92408600034334],[-80.42929799981623,33.92427699970981],[-80.43112100042966,33.925854000331476],[-80.43176900015985,33.92641500026296],[-80.43267999965578,33.92720299993912],[-80.43298199977956,33.9274650002541],[-80.43317299957526,33.9276309997578],[-80.43336199972114,33.927794000316204],[-80.43657299985648,33.93057400013968],[-80.43663099958277,33.930624999628265],[-80.43873700005342,33.932448999841576],[-80.44041599982845,33.93390399975427],[-80.44114899994747,33.93454899983821],[-80.4416510000878,33.93499200004814],[-80.44175099964691,33.935081000042835],[-80.44207500041034,33.93536799968504],[-80.44293300020281,33.9361300003311],[-80.4431280001965,33.93613400033805],[-80.44349100041966,33.93616599964132],[-80.44648499992167,33.93655400001861],[-80.44708999999415,33.936625999755854],[-80.44808300040417,33.93674599992795],[-80.4486979996241,33.93675100008673],[-80.44920599961222,33.93675699968063],[-80.45046599998591,33.93668100007311],[-80.45078700037628,33.93666200034697],[-80.45148199996214,33.93660000023041],[-80.4532040002932,33.936446000298645],[-80.45268399971121,33.93808200001003],[-80.45198499992739,33.94023999963607],[-80.45194499974441,33.94037499977012],[-80.45187500032253,33.940675999850264],[-80.45183299959143,33.94097899987375],[-80.45182099989584,33.94122900023961],[-80.45182199972076,33.94147500011556],[-80.4518529996829,33.941799999970485],[-80.45194399991951,33.94226100031715],[-80.4521680002255,33.94329999978987],[-80.45251800002985,33.943321999835995],[-80.45394900010778,33.943254000217074],[-80.45659100015561,33.943002999728684],[-80.45774799969884,33.94277500028847],[-80.45822700027294,33.942717999960415],[-80.45890400031546,33.94263800001081],[-80.45988199975854,33.942593000192495],[-80.46039099957157,33.94256999984556],[-80.46089799973478,33.94246299967275],[-80.46092700004709,33.94256999984556],[-80.46118099959199,33.94385200017697],[-80.4617999999082,33.94729399966058],[-80.46200699959742,33.948537000231845],[-80.46223099990343,33.94973600004841],[-80.46242599989709,33.950777999982826],[-80.46255700031665,33.95161000027262],[-80.46277499987654,33.952854999638845],[-80.46321900029056,33.95539399998564],[-80.46336499988043,33.95617799990812],[-80.4634760002085,33.95684000018032],[-80.46369899979126,33.95808399984111],[-80.46380300044665,33.958689000121865],[-80.46387100021872,33.95895699993037],[-80.46391600042458,33.95907599999724],[-80.46396199955701,33.95915999981275],[-80.46407200006017,33.95933699992423],[-80.46412200028888,33.95940999967771],[-80.46427200007672,33.95958199970665],[-80.46434099967368,33.95965300017167],[-80.46446399969733,33.95976499989274],[-80.4649180001571,33.960150000277416],[-80.46504799985344,33.96024400031574],[-80.46521299970986,33.96033100017938],[-80.46527399980924,33.96035500010038],[-80.46534699960418,33.96037499965688],[-80.46542600014521,33.96039100034181],[-80.46548399987152,33.96039400005077],[-80.46564600025323,33.96038699998459],[-80.46583200002607,33.960354000196936],[-80.46599100003473,33.96033499979412],[-80.46613499997477,33.96033299998678],[-80.4662069999448,33.96035099974147],[-80.46627399989195,33.96037700020835],[-80.4663619997555,33.960419999759395],[-80.46651400009145,33.96052499990603],[-80.46716400036979,33.961094999930815],[-80.46771800038869,33.96158700036344],[-80.46784100041232,33.96168800026374],[-80.4678890000929,33.96167199982276],[-80.46818700001873,33.961585999729394],[-80.46853500017326,33.961500000294116],[-80.468910000092,33.961414000026856],[-80.47015899969672,33.96112599964227],[-80.47040200026929,33.96107000032352],[-80.47111399957359,33.960913000267375],[-80.4722690003653,33.96062600032217],[-80.47232600026672,33.96061400002818],[-80.47283699972957,33.960503999738066],[-80.47433399992973,33.96015700036314],[-80.47470899984846,33.960073000041824],[-80.47504000028457,33.959998000296935],[-80.47524299977584,33.95994699977691],[-80.47525399964651,33.95980799975313],[-80.4753320003626,33.95978800006333],[-80.47570499973321,33.95969899982214],[-80.47595800035151,33.95962900005257],[-80.47638299960063,33.95949100016785],[-80.47714199965893,33.959217000305586],[-80.48014299973192,33.9581120001153],[-80.48148299957327,33.957617999832294],[-80.482963000055,33.95707199971187],[-80.48399300027494,33.956695999818834],[-80.48533899996404,33.95620400016011],[-80.4861869997108,33.955893000294004],[-80.4862720000996,33.95586300012219],[-80.48635099974231,33.95598100009109],[-80.48642100006252,33.95595499977102],[-80.48779400041413,33.955451000021085],[-80.48785200014044,33.95542900012958],[-80.4881230003021,33.95533000017489],[-80.48867499977283,33.95512700009565],[-80.488785000276,33.95509599968852],[-80.48901999955433,33.955007999721275],[-80.49074400043352,33.95436800026963],[-80.49169599993733,33.954015999823355],[-80.49174500034115,33.9539980002187],[-80.49168099986873,33.953873999857734],[-80.49177299993023,33.95383999979933],[-80.49286500007445,33.95344000015213],[-80.49370199995053,33.95312999985878],[-80.49378999981408,33.95309700023699],[-80.49396800008931,33.95303100020985],[-80.49438099964287,33.952854999638845],[-80.49467299972092,33.9527159999509],[-80.49558099974212,33.9522480003511],[-80.49678599986423,33.95161600030968],[-80.49743500031768,33.95126100037122],[-80.49882600021263,33.95053500022273],[-80.49986800012812,33.94999999963947],[-80.50048700044432,33.94968199999729],[-80.50081899980702,33.94951800032198],[-80.5010060003031,33.94942699970701],[-80.50151199974306,33.94920799989984],[-80.50211199979267,33.9489579998667],[-80.50239300000008,33.948849000194656],[-80.50309599998187,33.94859300034761],[-80.50352899962691,33.94845200031836],[-80.50523000004158,33.9479389996522],[-80.5063220001858,33.94762399992033],[-80.5074550003379,33.94728199972184],[-80.509025000333,33.946804000166225],[-80.51069700043534,33.946299999872565],[-80.51222999972221,33.945837999714065],[-80.51305200042799,33.94559600008524],[-80.51355100019528,33.94544899983622],[-80.51383599970231,33.945361999660534],[-80.51409699981822,33.94529300010035],[-80.51472100015731,33.945156000149105],[-80.51499999981657,33.94510200017297],[-80.51548400041354,33.94503399974033],[-80.51598700037877,33.94498800035933],[-80.51611899972494,33.94497600009547],[-80.51631600026677,33.94496700008281],[-80.5165020000396,33.944959000153546],[-80.51667000026907,33.94495499981605],[-80.5171649998384,33.944956999984825],[-80.51753200025952,33.94497700017968],[-80.51796599972947,33.94499300003405],[-80.51891200028382,33.94505199975055],[-80.52062000037118,33.945132999749454],[-80.52181999957212,33.945215999833955],[-80.5229669999679,33.9452729999798],[-80.52402099957898,33.94532499968731],[-80.52571399959773,33.94541199990086],[-80.52584300036749,33.945426000260944],[-80.52990800009731,33.945638000322674],[-80.5312599996342,33.94570700034843],[-80.53328499991397,33.9458169996473],[-80.5340530001931,33.94586600029189],[-80.53475899964961,33.9459480003341],[-80.53528199970634,33.94601900025236],[-80.53554899967003,33.94606200035247],[-80.53589299962663,33.946124000285316],[-80.53638600044444,33.9462239998414],[-80.53674899976927,33.9462889998624],[-80.5378989996398,33.946552999712814],[-80.53963400038967,33.94696400035688],[-80.5407850000851,33.947250000125386],[-80.54101100004091,33.94730100005871],[-80.54236799960067,33.94760999992179],[-80.54424499974245,33.94805199993667],[-80.54680999979738,33.94864899968131],[-80.54782999997157,33.94889999991503],[-80.54821699958586,33.94899000031132],[-80.55378600008686,33.950296999877146],[-80.55486099961433,33.950543999646634],[-80.56034499972652,33.95180399976547],[-80.56166700002451,33.952121999675164],[-80.56263799979489,33.952309000250565],[-80.56321799975304,33.952400000019324],[-80.56412099975135,33.95251300034188],[-80.56427899993511,33.95253300025146],[-80.56475299958804,33.952576000041105],[-80.56528400004069,33.952604999886994],[-80.56577399958715,33.95262699976348],[-80.56628900014626,33.95263499971716],[-80.56683599959412,33.95263699970545],[-80.56784999992054,33.952592999951925],[-80.56837299997727,33.95255400015145],[-80.57122799956211,33.95228200030043],[-80.57533500002306,33.95190900011309],[-80.57664800010022,33.95179099971337],[-80.57674799965932,33.95177999966777],[-80.57684700029183,33.9517680003616],[-80.57704300011042,33.951746000263036],[-80.5772110003399,33.95172700017333],[-80.57748699962612,33.95170200004881],[-80.57962499988379,33.951506000308676],[-80.58299300037794,33.951191999631995],[-80.58327500041024,33.951166000084065],[-80.58402000022483,33.951097000012936],[-80.593740999596,33.95020099998144],[-80.59630599965091,33.949964000217655],[-80.6036679997298,33.949262000251714],[-80.60561600001667,33.949075999723476],[-80.60744899977749,33.9489189998907],[-80.6082789999809,33.948840999885064],[-80.61333200009787,33.948365000231405],[-80.61616400011648,33.94810200008716],[-80.61631399990432,33.948088000167246],[-80.61884600034729,33.94784800032967],[-80.62214399962292,33.94754099994836],[-80.62423500002494,33.947324999929094],[-80.62702299966263,33.947050999640396],[-80.62734200040317,33.94702899981284],[-80.62777800042126,33.94698999969813],[-80.62801000022485,33.94696999997627],[-80.62787499960733,33.94642500015859],[-80.62782699992677,33.94593199991405],[-80.62779699978952,33.94562399999746],[-80.62795800034631,33.94492600034426],[-80.62828200021143,33.94393500002006],[-80.62848600042592,33.94347700010135],[-80.62870499981072,33.94291999972209],[-80.62886299999447,33.94251900005854],[-80.6290200003533,33.94191400032734],[-80.62903500042192,33.94185600004716],[-80.62904499956935,33.94181300005813],[-80.6290479999424,33.94180300033483],[-80.62905499961508,33.94177600003282],[-80.62904399974444,33.94174100023576],[-80.62899000021608,33.94158099991563],[-80.62896900029968,33.941518999654875],[-80.62893699961431,33.941421000040116],[-80.62891800024606,33.94136200004272],[-80.62888999975864,33.941271999778415],[-80.62881299976576,33.94122300021563],[-80.62876199971214,33.94118999970324],[-80.62844600024295,33.94098700017704],[-80.62808499966961,33.940942000231225],[-80.62798199973746,33.94093000014226],[-80.62747399974933,33.941135000063014],[-80.62678500001124,33.94160100015842],[-80.62615399999949,33.94197699967461],[-80.62594200028738,33.942103999837634],[-80.62548100015493,33.942275999820914],[-80.62540499998696,33.9423040000799],[-80.62524400032846,33.942365999769],[-80.6251830002291,33.942398999825464],[-80.625112000084,33.94243799980797],[-80.62497599964153,33.942513000125416],[-80.6248099999602,33.94260600015899],[-80.6245429999965,33.9425359997425],[-80.62439300020867,33.94249799991817],[-80.62437899996497,33.942495000323575],[-80.62407799966608,33.942414000050164],[-80.62378499976313,33.942336000045294],[-80.62311199991858,33.942354999995715],[-80.62278700022857,33.94236499965418],[-80.62248299955665,33.942376000171365],[-80.6222120002933,33.942386999941874],[-80.62157299988561,33.94243299998317],[-80.62127099976182,33.942455000253354],[-80.62125800024135,33.94245600036712],[-80.62085200036047,33.94248299970827],[-80.62080100030686,33.94247500029082],[-80.6201569998763,33.9423859998273],[-80.61968300022336,33.94187999996234],[-80.6196570002841,33.94181400017944],[-80.61948300020684,33.94137699970488],[-80.6194670003133,33.941337999981506],[-80.61944399984877,33.94127899992659],[-80.6194959997273,33.94124799969189],[-80.61953199971232,33.94122800011143],[-80.61978899963029,33.94107999964193],[-80.62016299972409,33.94086599988781],[-80.62050300038102,33.94055800027251],[-80.62072299959074,33.940358999792984],[-80.62079600028399,33.94029300032146],[-80.62087199955366,33.94025199982223],[-80.62136399964824,33.93999299977513],[-80.62152799967977,33.93990800027279],[-80.62165099970342,33.939842999850825],[-80.62250600002118,33.939105000339225],[-80.6227479998705,33.93848100012965],[-80.62283999993201,33.93770299992429],[-80.62277800000774,33.936646999854105],[-80.62229000011111,33.93606699963838],[-80.62173899956696,33.93596400025096],[-80.62156100019004,33.93593099993607],[-80.6207069996972,33.93592599972913],[-80.62051900027456,33.93605100034232],[-80.6205080004039,33.93605699998554],[-80.6201640004473,33.936277000275574],[-80.62008599973119,33.93660700001748],[-80.62000999956321,33.93693699997098],[-80.61961899975097,33.93740699988753],[-80.61890800027157,33.93828400033789],[-80.61876500015644,33.938368999971054],[-80.61824100027481,33.938683999669],[-80.61812800029688,33.93860700013202],[-80.6179809999838,33.938504000090795],[-80.61758699979849,33.938225999820546],[-80.61753800029301,33.938197000292355],[-80.61738500013215,33.9381050000789],[-80.61675499994529,33.93751499987917],[-80.61661900040117,33.93738700015009],[-80.61671599958721,33.93642699977475],[-80.61727200015422,33.935742999704935],[-80.61773300028669,33.93543699983654],[-80.61829599962806,33.93506499981616],[-80.61840899960596,33.93503300009913],[-80.61847700027634,33.93501500020644],[-80.61877299965404,33.93493800033268],[-80.6191910001288,33.93483000005363],[-80.61964399986532,33.93465600026827],[-80.6199300000956,33.93454700017018],[-80.62014299963259,33.934466999995735],[-80.62019299986132,33.93444000034848],[-80.62094699989673,33.93403999971274],[-80.62110099988251,33.933959000339065],[-80.6211999996167,33.93391099976291],[-80.62126499991403,33.933879999826736],[-80.62136399964824,33.933834999851236],[-80.62146099973263,33.93378800016608],[-80.62152699985485,33.9337579996558],[-80.62222200033904,33.93379599965447],[-80.62233299976882,33.93384599997995],[-80.62328400034602,33.93427900025891],[-80.62406000012275,33.934633000013015],[-80.62459700042317,33.9347889999049],[-80.62478599967075,33.93484399991809],[-80.62480800031038,33.93484999964635],[-80.62484599994521,33.934825999985435],[-80.62508199994676,33.93467999997711],[-80.6253170001234,33.93453399971838],[-80.62591499962488,33.93416299969089],[-80.62677900016347,33.933740000238856],[-80.62761199984159,33.93356800015328],[-80.62793099968383,33.93365199980516],[-80.6285559998478,33.93381699970529],[-80.62862000032023,33.933830999736294],[-80.6290200003533,33.93391499987408],[-80.62981899969624,33.93408299990103],[-80.63022100027746,33.93400199982295],[-80.63032199966148,33.93398200003105],[-80.63052300040127,33.93375000016384],[-80.63054199976952,33.93372699966387],[-80.63056699988387,33.933699999781986],[-80.63055400036339,33.933647000209724],[-80.63054699979239,33.93361799986736],[-80.63050699960941,33.93345699971427],[-80.63038899960863,33.93297600011507],[-80.63038100011103,33.93294000020153],[-80.63031900018674,33.93282899968929],[-80.63022799995015,33.93266700005181],[-80.63007700033741,33.93239699972272],[-80.62985600040449,33.93229400036811],[-80.6296889999999,33.93221600003591],[-80.62930099966238,33.93203399972822],[-80.62867300002367,33.9317410000826],[-80.62812400002767,33.93152399998012],[-80.62772700036764,33.93136699982581],[-80.62698900022575,33.9310759998709],[-80.6262889997187,33.9305620000802],[-80.6262329996422,33.930149999745375],[-80.62620000003024,33.92989900012924],[-80.6266119997589,33.92921499979951],[-80.62738300041104,33.92842899991475],[-80.62814300029424,33.927835999645886],[-80.62911700043769,33.92703499975693],[-80.62985899987922,33.92625599977269],[-80.63052599987599,33.925854000331476],[-80.63072400024271,33.92573600033928],[-80.63162600041612,33.92540300001674],[-80.63236299983478,33.925109000348925],[-80.63240200019283,33.92502600004354],[-80.63245999991915,33.924900999646546],[-80.6325469999578,33.92471599988513],[-80.63263399999641,33.9245289998188],[-80.63269199972275,33.92440499976365],[-80.63271799966202,33.92435200037036],[-80.63258700014077,33.92387600020614],[-80.6325129996226,33.92360699992363],[-80.63183499975517,33.92286800024272],[-80.6315820000352,33.92258900001559],[-80.63126200036804,33.92223399979228],[-80.63121499961407,33.92217699987685],[-80.63109400013856,33.922030999801855],[-80.63078399961884,33.92165700014303],[-80.63077600012124,33.92157400020143],[-80.63076000022772,33.92138600033105],[-80.6307319997403,33.92105900010342],[-80.63106800019929,33.920333999951],[-80.63139999956199,33.91978300030098],[-80.63149099979859,33.919634000196154],[-80.63224900003196,33.919098000351084],[-80.63311299967222,33.91868399968975],[-80.63376299995056,33.91842899973987],[-80.6340680004474,33.917890000053085]]]},"properties":{"GEOID":"45085001804","TRACT":"001804","NAME":"Census Tract 18.04","county_name":"Sumter","aland_sqkm":118.3468,"is_greater_area":true,"pop_2020":4390,"pop_2010":null,"has_2010":false,"growth_pct":null,"growth_abs":null,"density_per_sqkm":30.1,"pct_nonwhite":69.0,"median_income":45536,"median_age":31.5,"median_home_value":106500,"median_gross_rent":1126,"poverty_rate":20.6,"pct_bachelors_plus":21.6,"unemployment_rate":13.0,"pct_wfh":4.5,"total_housing_units":1529,"vacancy_rate":12.0,"owner_occ_rate":41.5,"pct_single_family":53.0,"median_year_built":1989,"pop_2021":4128,"pop_2022":3693,"pop_2023":3193,"pop_2024":3247}},{"type":"Feature","geometry":{"type":"Polygon","coordinates":[[[-80.3799929997584,34.06978100007436],[-80.37985600038938,34.06897900017379],[-80.37969099963462,34.06858899978892],[-80.37925100031687,34.06817700012277],[-80.3779020002547,34.06757999996504],[-80.37740699978708,34.067190999972134],[-80.37649999959079,34.06618199987137],[-80.37649999959079,34.06558700010251],[-80.37669299993463,34.06521999963763],[-80.37694099963176,34.06496899990889],[-80.37760199978074,34.064830999972585],[-80.37853699956612,34.06519799988978],[-80.37884000041315,34.06517600013618],[-80.37903299985868,34.064970000069415],[-80.3791979997151,34.0646029999089],[-80.37903299985868,34.06391599998338],[-80.37853900011426,34.06304499967524],[-80.378401000022,34.062494999823166],[-80.37853999993918,34.06082300029209],[-80.37856500005353,34.060733000000454],[-80.37882600016945,34.059851999747295],[-80.37883700004008,34.05892700024195],[-80.37873099973488,34.05864099969772],[-80.37854099976407,34.05844500026111],[-80.37777800040615,34.05822000010978],[-80.37761600002443,34.05799999983089],[-80.37756499997083,34.057649000229944],[-80.37765100018456,34.05738500013207],[-80.37791200030044,34.056263000217946],[-80.37765100018456,34.05505200024358],[-80.37746399968849,34.05470199988066],[-80.37719599989987,34.05404299999809],[-80.37708299992197,34.053852999866564],[-80.37676499990467,34.053319999763026],[-80.3749150004254,34.05202499994762],[-80.37412100020701,34.051733999837886],[-80.37346699973071,34.05141599975742],[-80.3731139995533,34.051133999727405],[-80.37235200002029,34.0506840002073],[-80.3716149997033,34.05050499991276],[-80.37093400036113,34.05068800003492],[-80.37025200029575,34.050734000271916],[-80.3699250000576,34.05058500031981],[-80.36959899964437,34.05023700004609],[-80.36914699973275,34.04891799982208],[-80.36892800034795,34.04881199988049],[-80.36805600031177,34.04888599978347],[-80.3675940003544,34.04847400034747],[-80.36721900043568,34.04757300008965],[-80.36673099964072,34.04693999990416],[-80.3661099996747,34.04597699971694],[-80.36535200033967,34.04501500015448],[-80.36499800033732,34.04475599992496],[-80.3633639998698,34.04394900010388],[-80.36266000006313,34.04303200013993],[-80.36195600025641,34.042069000234946],[-80.36166500000327,34.04110200028129],[-80.36161599959946,34.040803000060045],[-80.36126599979511,34.038951999844265],[-80.36108900024308,34.03663399966179],[-80.3611109999844,34.0349670003543],[-80.3611109999844,34.0338899999795],[-80.36094500030305,34.03304199982207],[-80.36061499969186,34.03233200033098],[-80.35967900008157,34.031163999779125],[-80.35916400042076,34.030718999850215],[-80.35824700017874,34.029927999985254],[-80.35794500005494,34.02974499973412],[-80.35739400040912,34.02878299995389],[-80.35733900015754,34.02853099970539],[-80.35711800022459,34.02827900019755],[-80.35549499962775,34.0269969996394],[-80.35505399958677,34.02676799995737],[-80.35400900019653,34.026492999698114],[-80.35213799990257,34.026563000241225],[-80.35186300044126,34.02644800032888],[-80.35155999959423,34.026172999777145],[-80.35142200040029,34.025418000218586],[-80.35177899987735,34.023287000348596],[-80.35175100028826,34.02170599979982],[-80.35150299969283,34.02083599989127],[-80.3509239995596,34.019827999783026],[-80.35059399984674,34.018752000055734],[-80.35053799977022,34.01808700023371],[-80.35122700040662,34.01806500016961],[-80.35172199997595,34.01792899978215],[-80.35227299962176,34.01788400033959],[-80.35307100003811,34.01825200016046],[-80.35353999966816,34.018367000009974],[-80.35403500013581,34.01834500001844],[-80.35480599988966,34.01797999976684],[-80.35527500041803,34.017453999664866],[-80.35563299971999,34.01690499967924],[-80.35593599966869,34.015991999991],[-80.35585399965295,34.01526000001747],[-80.35547000041169,34.01425500000769],[-80.35552499976495,34.01363800024841],[-80.35615900014977,34.01299799981166],[-80.35640600002198,34.012609999631934],[-80.35640600002198,34.01257900007841],[-80.35468899971379,34.0123969996852],[-80.35453599955291,34.01237699970826],[-80.35427100013736,34.01232700011744],[-80.35401199967126,34.012256999747365],[-80.35376300014924,34.012167000037685],[-80.35352399977464,34.012059000260194],[-80.35337700035986,34.011975999882786],[-80.35323099987168,34.01188599987525],[-80.35309100012961,34.0117900002585],[-80.35295899988512,34.011690999655826],[-80.35283199966351,34.01158600015409],[-80.35270899963987,34.011475000241795],[-80.3525920003623,34.01135999999174],[-80.35248400040727,34.01124200018196],[-80.35124400012506,34.01000399978899],[-80.3499019997356,34.008692000061714],[-80.34980899984917,34.00859399965096],[-80.34972199981054,34.0084910002068],[-80.34961200020568,34.00834399994499],[-80.3495159999462,34.00819299983161],[-80.34943300010553,34.008033000153304],[-80.34936500033348,34.00787200008421],[-80.34932000012763,34.00773799993276],[-80.3492199996702,34.007301000070235],[-80.3491989997538,34.00719500025543],[-80.34916000029406,34.00699299973631],[-80.3487629997357,34.004960000024],[-80.34855299967343,34.003765000360225],[-80.34829400010565,34.00238299999283],[-80.3482620003186,34.00217400033895],[-80.34823899985408,34.00196799990249],[-80.3482270001585,34.00178300011501],[-80.34822200013564,34.00159699976147],[-80.34822399978545,34.001410999745346],[-80.34823300000629,34.001225000066604],[-80.34837199992346,34.00013800016518],[-80.3484580001372,33.99936999969928],[-80.34847099965765,33.999158999695524],[-80.34847300020581,33.99894399987969],[-80.34846099961192,33.998691999673085],[-80.34843399984774,33.99844099966395],[-80.34839299983986,33.998190999861215],[-80.3483610000528,33.998046000055595],[-80.34833699976336,33.997939999861316],[-80.34827099964113,33.99771399987671],[-80.34819700002129,33.997489000247114],[-80.3481209998533,33.99728500004807],[-80.34803800001262,33.99708299979175],[-80.347726999668,33.996392000194184],[-80.34723899977136,33.99527600008361],[-80.3465869998432,33.99376000027336],[-80.34606600033463,33.99257600018154],[-80.34564399966192,33.99159300007647],[-80.34556400019429,33.99137900001692],[-80.3455159996154,33.991212999724844],[-80.34547899980548,33.991041999905974],[-80.3454539996911,33.990870000198356],[-80.3454389996225,33.99069999998069],[-80.3454379997976,33.99041199972084],[-80.34545200004128,33.990003000299396],[-80.34547200013277,33.98945299980768],[-80.34558400028577,33.98641399982178],[-80.34563000031653,33.985169000038034],[-80.34562000027077,33.984936999681956],[-80.3456010000042,33.98476199994156],[-80.34557300041511,33.984637999737096],[-80.34554300027789,33.98452999996427],[-80.34551200031575,33.984357000118074],[-80.34539799961462,33.9839199998986],[-80.34494800025114,33.98232400021899],[-80.34494099968012,33.98229799975774],[-80.34458000000511,33.981063000344314],[-80.34425699996491,33.979944000273825],[-80.34403199983402,33.97916199976276],[-80.3437559996495,33.97827600023849],[-80.34365500026547,33.97785699981777],[-80.34341300041613,33.97701700007051],[-80.34338400010381,33.9769150000416],[-80.34325699988223,33.97642199991503],[-80.34317900006441,33.97602799972894],[-80.34311999961486,33.975644000169204],[-80.34301500003288,33.97517399985698],[-80.34287399956756,33.97471799993651],[-80.34269600019064,33.974203999969546],[-80.34241900018121,33.97343800001862],[-80.34232200009683,33.97313400034465],[-80.3421589998902,33.9726590000286],[-80.34193100028459,33.972072000280626],[-80.34177999977354,33.971708999630906],[-80.34172799989499,33.97158199969652],[-80.34163800038162,33.97136600036373],[-80.34140900005276,33.97090000010709],[-80.34129600007486,33.97074599965909],[-80.34113100021843,33.97055900012373],[-80.34099099957803,33.97044400036064],[-80.34076200014748,33.970306999928106],[-80.34056799997872,33.970208000152496],[-80.33983099966174,33.96982599996803],[-80.33980300007265,33.96995599966177],[-80.33976700008763,33.97008200000049],[-80.33972100005688,33.97020599983226],[-80.33966699963023,33.970330000228245],[-80.33960399988102,33.97045100034422],[-80.33953500028406,33.97056600009779],[-80.33945699956793,33.97067800034973],[-80.33937000042759,33.970788999928324],[-80.33802800003815,33.97231200032713],[-80.33334099961907,33.97762899990889],[-80.33241599987943,33.978678000174874],[-80.32894899965108,33.98260200018468],[-80.32828699967719,33.98334600013229],[-80.32787900014648,33.983805000329916],[-80.32690400017813,33.984922999865006],[-80.32681799996442,33.98481600007016],[-80.3261690004093,33.984719000035334],[-80.32562899973583,33.98455100015847],[-80.32546800007734,33.98439600023474],[-80.32525200016727,33.98428899977646],[-80.32516699977846,33.98421500015343],[-80.32510400002927,33.98387900030985],[-80.32501299979266,33.983741000295275],[-80.32496299956395,33.98366500019155],[-80.32496299956395,33.983597999671304],[-80.32449599958373,33.98316300003422],[-80.32287700008312,33.98213900011579],[-80.32229999959974,33.98166000009967],[-80.32205399955242,33.98138600014734],[-80.32194399994758,33.98118100036388],[-80.32177900009114,33.98102099971701],[-80.32142300043898,33.98015399990406],[-80.32106699988853,33.97965199986911],[-80.32013399975297,33.97894499988814],[-80.31933700005985,33.97860400013662],[-80.31818399981627,33.97865299977655],[-80.31777200008761,33.978561999784255],[-80.31722200026672,33.978356000203135],[-80.31653500017846,33.977851999839395],[-80.31620499956725,33.977439999716935],[-80.31617699997817,33.977303000127],[-80.31593000010595,33.97714199992445],[-80.31568200040884,33.976843999832425],[-80.31546200030081,33.97652399979045],[-80.31532500003347,33.97638599975446],[-80.3146379999452,33.97510299968378],[-80.31452800034035,33.974782999793675],[-80.31449999985294,33.974531000196535],[-80.31441799983719,33.97446199970657],[-80.31417000014007,33.97350000011763],[-80.31395000003204,33.973294000190926],[-80.31309800008732,33.97185100037129],[-80.3128779999793,33.97123199999841],[-80.31279500013864,33.97077400023539],[-80.31273999988704,33.97070499967665],[-80.31249300001484,33.97001800006463],[-80.31238300040998,33.969925999979274],[-80.31230100039421,33.9696279999266],[-80.31224600014264,33.969559999723266],[-80.3120810002862,33.96907900000814],[-80.3120260000346,33.96859799980747],[-80.31188799994234,33.96818499973358],[-80.31161299958274,33.96772699995086],[-80.3114209999621,33.96752100019445],[-80.31084400037702,33.966765000161665],[-80.3105959997816,33.96612399991417],[-80.31048600017672,33.965779999887346],[-80.3103210003203,33.96550500032285],[-80.3102939996578,33.96529899965478],[-80.31012899980136,33.96502400002517],[-80.30993600035582,33.96484099997668],[-80.30982599985266,33.96468000001972],[-80.30878200028732,33.96435999964929],[-80.30787500009104,33.963971000248236],[-80.30551000005265,33.963054999770804],[-80.30490599980507,33.96303199973844],[-80.30432800039507,33.96312299995975],[-80.3040410003399,33.963014999678116],[-80.30335900027451,33.96305100028394],[-80.30257500010187,33.96336399979723],[-80.30223600016815,33.96348600000493],[-80.30182899956405,33.96356900007066],[-80.30000300037423,33.963861999690934],[-80.29906600004072,33.964125000298566],[-80.29872299990906,33.964394999829935],[-80.29850000032629,33.965206999679864],[-80.29828000021826,33.965321999819196],[-80.29597100025636,33.9656879996877],[-80.29492599996782,33.96596300015062],[-80.29404600043402,33.96610000013072],[-80.29368900005865,33.96605400021641],[-80.29316600000192,33.96577900004767],[-80.29253400016523,33.965115000350494],[-80.29198500016925,33.96438200021153],[-80.29170999980964,33.96417499994531],[-80.29124299982941,33.963945999996064],[-80.29115999998871,33.96385499991014],[-80.2906650004194,33.96378599969821],[-80.28934499977125,33.96378599969821],[-80.28882199971451,33.96389999966189],[-80.28788799975405,33.96428900013265],[-80.28755800004116,33.964357999936496],[-80.28675999962482,33.964357999936496],[-80.28588099991593,33.96410599999297],[-80.28436899964716,33.96383000036889],[-80.2839839996827,33.96362400011447],[-80.28329699959443,33.963074000311174],[-80.28282999961421,33.96298200016489],[-80.28272000000935,33.96284499963304],[-80.28211499993684,33.96270699974985],[-80.2804930000632,33.962614999951654],[-80.27914599965086,33.96247699969534],[-80.27735899992079,33.96217900036495],[-80.2767820003357,33.96215600009567],[-80.27631500035547,33.96231599973419],[-80.2759019999036,33.962637000220234],[-80.27518700022624,33.96254500034634],[-80.27345499984943,33.96268199987121],[-80.27166800011938,33.96293299969001],[-80.27131099974399,33.96293299969001],[-80.27062399965571,33.962955999749205],[-80.26963399961876,33.962818000046035],[-80.26911200028526,33.962542999845866],[-80.26911200028526,33.962450999870306],[-80.26891999976631,33.962130000172586],[-80.26878199967406,33.96199299975865],[-80.26859000005345,33.96169500022286],[-80.26820599991389,33.96128300005039],[-80.26738099973336,33.96091599995792],[-80.26573200009554,33.96073200011355],[-80.26504500000728,33.960479999859054],[-80.26457700020212,33.96038799988764],[-80.26446699969898,33.96054799987118],[-80.26405499997031,33.96077700002722],[-80.26399999971873,33.96091400016422],[-80.26358700016517,33.96095999987795],[-80.26314699994913,33.961143000080106],[-80.26240499960929,33.96132599988861],[-80.26158000032709,33.96141699969975],[-80.2611679997001,33.96125699986044],[-80.2609209998279,33.96107399990352],[-80.26081100022304,33.96075300022522],[-80.26075599997147,33.960683999732346],[-80.2606739999557,33.96043200008076],[-80.26056400035084,33.96034000005739],[-80.26048200033509,33.96017999968264],[-80.26039899959609,33.960088000131904],[-80.2600689998832,33.960202999741085],[-80.25962899966716,33.96027099997463],[-80.25935400020586,33.96027099997463],[-80.25881400043069,33.96017199969329],[-80.25860000017045,33.960132999641125],[-80.25685600009807,33.959814999866936],[-80.2559509995516,33.95947200031739],[-80.2552390002473,33.95894600006604],[-80.25507500021577,33.958786000049926],[-80.25488100004702,33.958686000352785],[-80.25449799973237,33.95848799971145],[-80.25361700037367,33.958188999890474],[-80.25312199990603,33.95789099969625],[-80.25251699983353,33.957407999684825],[-80.2523519999771,33.95704199995583],[-80.2522969997255,33.95667500019592],[-80.2520490000284,33.956399000306135],[-80.25100399973985,33.95596300015691],[-80.25029599973519,33.95532099976685],[-80.24980199999078,33.95505800025575],[-80.24909200033629,33.95479399996297],[-80.24884499956579,33.95461100026158],[-80.24832200040737,33.95442700019346],[-80.24793599971967,33.95419800008352],[-80.24785399970389,33.9540380000802],[-80.24735900013457,33.95390100004789],[-80.24678199965118,33.953534000152565],[-80.24650600036497,33.953121999951684],[-80.24645100011338,33.95266400028806],[-80.24656099971823,33.95213699967668],[-80.24661500014491,33.95158700012676],[-80.24675200041226,33.95101499971528],[-80.24697199962196,33.95050999974809],[-80.24699900028446,33.950326999775776],[-80.24708200012515,33.95021400027636],[-80.24710899988932,33.949962000166494],[-80.24721900039249,33.94973199993537],[-80.24724600015666,33.948334999641126],[-80.24713599965351,33.948198000115],[-80.24708100030023,33.947945999997344],[-80.24666799984836,33.947236000065324],[-80.24631100037128,33.946778000022995],[-80.24578699959135,33.946319999751786],[-80.24526500025785,33.94604499988221],[-80.24367099997329,33.94586300007071],[-80.24292799980854,33.94561099974659],[-80.24262599968473,33.945359000166796],[-80.2424609998283,33.94508400017334],[-80.24237799998762,33.94471800034851],[-80.24229599997186,33.944672000051554],[-80.24223999989538,33.94389299968757],[-80.24215700005468,33.943664000295875],[-80.24201999978735,33.943457999656054],[-80.24201999978735,33.943367000014234],[-80.24177200009022,33.942976999914904],[-80.24174500032605,33.94283999996233],[-80.24160700023378,33.94261099997362],[-80.2415240003931,33.942312999628925],[-80.2415240003931,33.94132800020247],[-80.24141399988993,33.94093899983653],[-80.24094600008479,33.94050400036061],[-80.24089099983321,33.940389000213365],[-80.24067099972518,33.940297000132766],[-80.2408359995816,33.939404000138666],[-80.24069800038767,33.93890000000204],[-80.24064300013609,33.938830999675794],[-80.24064300013609,33.93871699966221],[-80.24039500043897,33.938166999844796],[-80.24009300031517,33.93784699963056],[-80.23893800042177,33.937183000323834],[-80.23816799959452,33.93633499988471],[-80.23772800027677,33.93560300019877],[-80.2376450004361,33.93532799999289],[-80.23759000018451,33.93523599966069],[-80.2375619996971,33.934708999957806],[-80.23747999968134,33.934433999846],[-80.23745200009226,33.933861999690365],[-80.23734199958908,33.93326600006385],[-80.23725899974842,33.93299099976394],[-80.23720400039514,33.93234999998927],[-80.23712099965616,33.93216699973334],[-80.2367640001791,33.931961000343264],[-80.23555499985902,33.93184700007587],[-80.23439999996562,33.931480999990384],[-80.23324599989712,33.931388999974025],[-80.2330540002765,33.931388999974025],[-80.23242200043981,33.93118300019276],[-80.23233899970083,33.93104599989588],[-80.23209600002659,33.931029999656396],[-80.23198200022377,33.9310230001563],[-80.23115799986816,33.93109200010174],[-80.23025099967187,33.931023999659],[-80.22912400026586,33.93047400008919],[-80.22851900019339,33.93054299973412],[-80.2272549996217,33.93095599990731],[-80.22681600012888,33.93095599990731],[-80.2264579999286,33.93088800010138],[-80.22643100016441,33.93095599990731],[-80.22607399978905,33.93109399985085],[-80.2253039998601,33.93127700017647],[-80.22392999968359,33.931689999771606],[-80.22343599993917,33.931758999921996],[-80.2213470000853,33.931117999818255],[-80.21972600003659,33.930545999749796],[-80.21890099985606,33.93063799993145],[-80.21870900023544,33.93056900036355],[-80.218544000379,33.93034000016548],[-80.21840600028673,33.9299050002059],[-80.21826900001939,33.92978999990525],[-80.21799399965977,33.92969899981655],[-80.21769200043428,33.929675999713204],[-80.21618000016552,33.92997400031175],[-80.21598799964657,33.93004300036171],[-80.21552099966634,33.93011200035581],[-80.2147509997374,33.929928999763],[-80.21436699959786,33.929700000080146],[-80.21409200013656,33.929378999830035],[-80.2138989997927,33.928990000030154],[-80.21346000029988,33.92850899979833],[-80.21315700035117,33.92814199999344],[-80.21260699963196,33.92770699998838],[-80.21071100012193,33.92669899988922],[-80.20969400032078,33.92578299999569],[-80.20911699983738,33.9254859999548],[-80.20832000014427,33.924866999942125],[-80.2073579996964,33.923744999847706],[-80.20694599996776,33.92333300008165],[-80.20689099971617,33.92326399981385],[-80.20667099960814,33.923081000161744],[-80.20603200009876,33.922437000044376],[-80.20478199977082,33.92130999967886],[-80.20417300039865,33.92089699969677],[-80.20317499996578,33.9204590003403],[-80.20275900003918,33.9202850002672],[-80.20218499992882,33.920045999960166],[-80.2019649998208,33.92002399986387],[-80.19941800020753,33.91913200012152],[-80.1987060000049,33.918630000071055],[-80.19782999977076,33.918104000144616],[-80.19717299981973,33.9178530000698],[-80.19678899968018,33.91778399983652],[-80.19506300004946,33.91822099987331],[-80.19470700039732,33.91824400008781],[-80.19451599970328,33.918130999752215],[-80.19432400008266,33.91794800025635],[-80.19396900025544,33.91739900015617],[-80.19358500011587,33.917124000064916],[-80.19268100029264,33.91682699965534],[-80.19164000020204,33.91689700033202],[-80.19125500023759,33.91673700029818],[-80.19023800043644,33.916141000118756],[-80.19007299968169,33.91598100015636],[-80.18935899982924,33.915752999933105],[-80.18787500004785,33.91520300016658],[-80.1875179996725,33.91504299993392],[-80.18732600005187,33.914813000051616],[-80.18721600044701,33.91456100027822],[-80.18707900017966,33.914424000085745],[-80.18705099969225,33.914286999673024],[-80.18658399971203,33.91419499972395],[-80.18598000036275,33.91396600023772],[-80.18570500000314,33.913575999680056],[-80.1855679997358,33.91288900034942],[-80.18542999964353,33.91263700010516],[-80.18485300005844,33.91217900034494],[-80.18446899991888,33.91144599983749],[-80.18435900031402,33.91128600000627],[-80.1838920003338,33.91089599985823],[-80.18339699986616,33.910712999735594],[-80.18323200000971,33.910553000019384],[-80.18317699975813,33.91009399974909],[-80.1830400003891,33.90991100014109],[-80.18251800015727,33.90949899983403],[-80.1824079996541,33.909269999658186],[-80.18224299979767,33.90876600013501],[-80.1821609997819,33.9086969999994],[-80.1819139999097,33.90817000012516],[-80.18095200036012,33.9069790000628],[-80.18015599959361,33.90624600031438],[-80.17905699977669,33.90549000030493],[-80.17817800006782,33.90530599995481],[-80.1777110000876,33.90512299975975],[-80.1763100001469,33.90409199983864],[-80.1757329996635,33.903451000332296],[-80.17463399984658,33.902489000318994],[-80.17424999970702,33.902282000159516],[-80.1732339997308,33.90216799969501],[-80.17243700003769,33.901823999933086],[-80.17229999977033,33.90166399993508],[-80.17227200018124,33.90145700000936],[-80.17199799964654,33.90097600017558],[-80.1718329997901,33.90076999992835],[-80.17111899993766,33.90006399984405],[-80.17084100010331,33.89978600013308],[-80.17082100001183,33.89963600023977],[-80.1707630002855,33.89915700032481],[-80.17052700028395,33.898735999812196],[-80.17029600030527,33.898539999702116],[-80.1661720001259,33.900018999901356],[-80.16617700014876,33.900151999928454],[-80.16627500005806,33.9003929998302],[-80.1665599995651,33.90065700028352],[-80.16684900016841,33.90082299982234],[-80.16710799973619,33.90108999999711],[-80.16721800023934,33.90102100035876],[-80.16914100041188,33.9017550001432],[-80.1695249996531,33.902052999981066],[-80.16969000040787,33.90239599972604],[-80.1698820000285,33.903289999831635],[-80.16993700028007,33.904320999759335],[-80.17001900029584,33.90436599966816],[-80.1701289999007,33.90615300009206],[-80.17012800007578,33.90645100021373],[-80.17026600016804,33.906657000154155],[-80.17098000002049,33.907322000118654],[-80.17108999962535,33.907505000066365],[-80.17103500027207,33.90789400030005],[-80.1709249997689,33.90800900033577],[-80.17078699967664,33.908076999765306],[-80.17056800029182,33.908076999765306],[-80.17051300004026,33.90830600016416],[-80.17098000002049,33.90869600023474],[-80.17169399987293,33.90913099964205],[-80.17191399998096,33.9094520001411],[-80.17180400037608,33.909932999866214],[-80.17128100031937,33.91059699987811],[-80.17141900041163,33.911147000295806],[-80.17141900041163,33.91197199985894],[-80.17213300026407,33.91252200034956],[-80.17282000035232,33.912979999757454],[-80.17336900034832,33.91341499966537],[-80.17457799977008,33.91396499978937],[-80.17510000000189,33.91458399998963],[-80.17512699976608,33.91476700000063],[-80.17523700026926,33.91490399964168],[-80.17529199962253,33.91508800014622],[-80.1753739996383,33.91575200025123],[-80.17548400014147,33.916072999668266],[-80.17553900039304,33.91662299978329],[-80.17562100040881,33.91666799990668],[-80.1756489999979,33.91698900034593],[-80.17578600026525,33.917355999745055],[-80.17586900010593,33.9173779997847],[-80.1759510001217,33.9177909996791],[-80.17606099972654,33.91795099997019],[-80.17608800038903,33.91824899984195],[-80.176225999583,33.91854700016232],[-80.1762530002455,33.91875299993966],[-80.17636299985034,33.91909699996299],[-80.17647300035351,33.92058500017146],[-80.17652699988187,33.92092799988583],[-80.17669199973832,33.921203000371975],[-80.17669199973832,33.921295000209106],[-80.17699499968703,33.92163800004678],[-80.17768099995035,33.92216500012516],[-80.17823099977127,33.922600999707505],[-80.1784509998793,33.92303599969834],[-80.17897300011111,33.92344800015529],[-80.17944000009136,33.923539999804284],[-80.18023699978447,33.92356300007368],[-80.1812529997607,33.923586000336925],[-80.18169299997676,33.923655000343906],[-80.18193999984896,33.92376899964964],[-80.1823519995776,33.92420399963959],[-80.1823519995776,33.92431900002819],[-80.18246200008078,33.92443299993618],[-80.18246200008078,33.92450200000247],[-80.18260000017305,33.92473100024338],[-80.18292900006102,33.925556000225896],[-80.18290200029683,33.92644900009486],[-80.18273700044038,33.92725099982384],[-80.18248899984496,33.92777800021117],[-80.18238000006502,33.92816700032894],[-80.18226999956184,33.928419000110345],[-80.18218699972117,33.928694000266304],[-80.1821049997054,33.92887699978589],[-80.18196699961314,33.92945000014975],[-80.18188499959736,33.9295189998789],[-80.1818019997567,33.92970199986195],[-80.18177499999251,33.92993100028479],[-80.18166500038765,33.93002299964005],[-80.18161000013608,33.93029799983452],[-80.1812800004232,33.9309849996656],[-80.18114300015584,33.93116800022539],[-80.18111499966842,33.93158100034912],[-80.18095099963692,33.93206299986473],[-80.18043000012831,33.93279699987736],[-80.1799089997214,33.933644000303296],[-80.179414999977,33.93483699998615],[-80.1794159998019,33.935615999742026],[-80.17947199987842,33.93589199995395],[-80.17969199998645,33.93630400008567],[-80.17993899985865,33.93660199985024],[-80.18013200020249,33.93708400001279],[-80.18015999979158,33.93745100003871],[-80.18021599986807,33.93770299992429],[-80.18027100011966,33.93820799985753],[-80.18032700019616,33.938413999786334],[-80.18035399996033,33.9391019998798],[-80.18046500028841,33.93956000023282],[-80.18054700030417,33.93962899996832],[-80.1805480001291,33.94043200017644],[-80.18038300027266,33.941004000166984],[-80.18022000006603,33.94251799994553],[-80.18016599963936,33.94343599964514],[-80.17991999959206,33.94444399986498],[-80.17978300022303,33.94476499996207],[-80.17970100020726,33.94524600003315],[-80.17937200031929,33.946300999941144],[-80.17926299964103,33.94675999963257],[-80.17929100012844,33.94744700003493],[-80.17959499990205,33.94829600012486],[-80.17965000015364,33.94834199995369],[-80.17975899993358,33.94861699985368],[-80.17978800024589,33.9497869999824],[-80.17986900043674,33.95029599985551],[-80.17991100026954,33.95064499998853],[-80.17993399983575,33.950808999727556],[-80.18006899955498,33.95155599992031],[-80.18037099967877,33.952002000312795],[-80.18042599993036,33.95208299965878],[-80.18045400041777,33.952357000140736],[-80.18056400002261,33.9534109998457],[-80.1805909997868,33.95425900007538],[-80.18053600043352,33.95810699972109],[-80.18069999956674,33.960099999754995],[-80.18081000006991,33.96042099966205],[-80.18089299991058,33.96049000036823],[-80.18094800016218,33.96069600001641],[-80.18111300001861,33.96092499977409],[-80.18108500042953,33.9610160000142],[-80.18125000028596,33.961268000171046],[-80.18127700005013,33.96135999993586],[-80.18135999989083,33.961406000153495],[-80.18135999989083,33.961497999769065],[-80.18149700015816,33.961681000304054],[-80.18152499974725,33.9618410000909],[-80.18160699976303,33.961887000048435],[-80.18190999971173,33.96294100016484],[-80.18207399974325,33.96342200032085],[-80.18221199983553,33.964063000069906],[-80.1822389995997,33.964132000057134],[-80.18248700019514,33.96495699971516],[-80.18245899970773,33.96733900012467],[-80.18254200044672,33.96761399971952],[-80.18251399995931,33.96811799967868],[-80.18226600026219,33.96868999983943],[-80.18226600026219,33.969172000064525],[-80.1825409997235,33.969721000127635],[-80.18276099983152,33.97056900019293],[-80.18267899981575,33.971071999997164],[-80.18251399995931,33.97130100012952],[-80.18179900028196,33.972079999895755],[-80.18138599983008,33.9728360003593],[-80.18138599983008,33.97320199992501],[-80.18146899967077,33.97343100028097],[-80.18204600015417,33.97384400020631],[-80.18226600026219,33.97416399990561],[-80.18240299963124,33.97446199970657],[-80.18251300013439,33.97496600005282],[-80.18259599997509,33.97601999974028],[-80.18267799999083,33.97686699985422],[-80.18276099983152,33.977050999804675],[-80.18276099983152,33.97737100009788],[-80.18289800009887,33.97789800007631],[-80.18322799981175,33.978356000203135],[-80.1833650000791,33.97847099969456],[-80.18361299977623,33.978883000035076],[-80.18372300027939,33.9792730001848],[-80.18380500029515,33.979937000326885],[-80.1842730001003,33.981472000330776],[-80.18432800035188,33.98154100034572],[-80.18432800035188,33.981632000128734],[-80.18441000036765,33.98167799981008],[-80.18441000036765,33.98183799996515],[-80.18451999997252,33.981952999960455],[-80.18451999997252,33.982044999695674],[-80.18462999957737,33.9822049999049],[-80.18479500033213,33.982731999711966],[-80.18484999968538,33.983556000296566],[-80.18493199970115,33.98360199968161],[-80.18501500044016,33.98392300026743],[-80.1851800002966,33.984243999640896],[-80.18523499964986,33.98440400018],[-80.1853719999172,33.984563999673085],[-80.18540000040461,33.98474800009572],[-80.18548200042038,33.98481600007016],[-80.18548200042038,33.98490799968606],[-80.1857300001175,33.98529700014317],[-80.18583999972235,33.98561800028636],[-80.18614199984613,33.9861910000065],[-80.18625200034931,33.986328000169436],[-80.18625200034931,33.986419999638386],[-80.18749000008339,33.9877940001133],[-80.18784699956045,33.98838999994273],[-80.1879839998278,33.98893999986599],[-80.18792899957623,33.989832999836835],[-80.18779200020718,33.99026800034213],[-80.18768199970401,33.99116200005008],[-80.18757200009917,33.99155100018382],[-80.1874340000069,33.992902999746775],[-80.18737899975531,33.99443699993999],[-80.18713100005819,33.995560000050155],[-80.18707599980661,33.99560599964074],[-80.18702099955502,33.99597200022322],[-80.18693799971435,33.996270000281804],[-80.18671799960632,33.99725500032792],[-80.18669199966705,33.99816400032702],[-80.18669099984214,33.99819399972618],[-80.18665800023018,33.998596000036066],[-80.18663599959055,33.99885800024785],[-80.18663599959055,33.99949999964181],[-80.18677299985792,33.99972700027334],[-80.1868280001095,33.99976099985962],[-80.18732500022696,34.00015699986568],[-80.18740800006763,34.000431000365225],[-80.18743499983181,34.00054599977616],[-80.18787500004785,34.00121300028956],[-80.18784800028368,34.00231300036204],[-80.18817799999655,34.0030000003608],[-80.18812299974498,34.003939000297756],[-80.18815000040746,34.00467199969852],[-80.18828799960143,34.00492400003671],[-80.18832399958643,34.00483600025181],[-80.19390700033117,34.003487000370875],[-80.1948820002995,34.00325100030338],[-80.19570900012984,34.00305099963183],[-80.19601700010142,34.00297699996401],[-80.20679799982973,34.00015699986568],[-80.21793599993346,33.99771600029438],[-80.21798000031438,33.99770500023063],[-80.22834400029119,33.99517799983283],[-80.24306699972571,33.99160799982027],[-80.24328699983374,33.99165400006085],[-80.2439470001578,33.99174500018816],[-80.24449699997872,33.99174500018816],[-80.24609200008818,33.991812999777686],[-80.24658699965751,33.991767000368],[-80.2477419995509,33.99178899979733],[-80.24920000029134,33.99201799998535],[-80.24979899961772,33.992165999729714],[-80.25022399976517,33.99235999981949],[-80.25050499997255,33.99274999994967],[-80.25056000022414,33.992933000258816],[-80.25061499957741,33.992955999651215],[-80.25132900032818,33.994193000283644],[-80.25168599980525,33.994490999879126],[-80.25223599962614,33.994720999732024],[-80.25300599955507,33.99490400026465],[-80.25330799967887,33.995065000338144],[-80.25394000041385,33.995704999630306],[-80.25402300025455,33.99591199984511],[-80.25421499987515,33.9960950000467],[-80.25429799971585,33.99625499987147],[-80.2544070003941,33.99634699976458],[-80.2547100003428,33.99694299992953],[-80.25468199985539,33.99735500009856],[-80.25437899990669,33.99790500008427],[-80.25446099992244,33.998248000256346],[-80.25470799979465,33.998568999885876],[-80.25479099963533,33.99886699977172],[-80.25484500006202,33.99946300013101],[-80.25478999981041,33.999731000269136],[-80.25495600039008,34.000155999685546],[-80.25531399969206,34.000853999659206],[-80.25564299958005,34.00241199998254],[-80.25583500009897,34.002778999690484],[-80.25583400027408,34.00344300011771],[-80.25564099993022,34.00415299999743],[-80.25575100043338,34.005183999850146],[-80.25541999999727,34.00594000002134],[-80.25547500024886,34.00644399987189],[-80.25564000010529,34.00662699972459],[-80.25610600026062,34.00807099974117],[-80.25638099972193,34.00841399981771],[-80.25684900042538,34.00884999983223],[-80.25712300006175,34.00992700002722],[-80.2575630002778,34.01047699977216],[-80.25868999968381,34.011324999787604],[-80.25926700016721,34.01196600021761],[-80.25943200002366,34.01267700035771],[-80.25965100030677,34.01308900015751],[-80.25962399964428,34.013662000012694],[-80.25931999987067,34.01526500002851],[-80.25899000015778,34.01585999998621],[-80.25805299982427,34.01716600001747],[-80.25780500012715,34.01776100005386],[-80.25772200028649,34.01853999984625],[-80.25794200039451,34.01968600028612],[-80.25805199999935,34.019823000040745],[-80.25816199960421,34.020212999903286],[-80.25829899987157,34.02039599986256],[-80.25832599963576,34.02064799969782],[-80.25865600024694,34.021335000270426],[-80.2587659998518,34.02181599981217],[-80.2590400003865,34.02231999998161],[-80.25964499956068,34.02289300007082],[-80.26126800015754,34.02378700036553],[-80.26157000028134,34.02410800024727],[-80.26173500013778,34.02454400007423],[-80.26173500013778,34.02484099975125],[-80.26214699986643,34.02543700021887],[-80.2630819996518,34.02619300022631],[-80.26324700040655,34.02623900034821],[-80.2636599999601,34.026582999854014],[-80.26390699983232,34.02697299992278],[-80.26420899995611,34.0283009998476],[-80.26478600043951,34.02981300016645],[-80.26539099961369,34.03050100007389],[-80.26638099965066,34.03134900031742],[-80.26660099975868,34.03162399972829],[-80.26698499989824,34.0328380001698],[-80.26698499989824,34.033112999965475],[-80.2682779998839,34.03359399974978],[-80.26847000040284,34.03380099991342],[-80.26860699977189,34.03460299989932],[-80.2688550003673,34.03492300003872],[-80.26906000040674,34.035100000188194],[-80.27377899971452,34.03589899978289],[-80.27846100011075,34.03672199998407],[-80.27882699980866,34.03670600027063],[-80.27888500043328,34.03675299965292],[-80.2793389999947,34.03682899989766],[-80.27938800039851,34.03683700011534],[-80.27965100016425,34.036881000182596],[-80.28285300007875,34.03742200031138],[-80.287631999661,34.03821600021987],[-80.2906650004194,34.038722999675564],[-80.29493099999068,34.03943699963274],[-80.29882599984121,34.05005600036781],[-80.3014290004293,34.05715599987736],[-80.3033869998636,34.06249399963343],[-80.30324499957337,34.06322199991836],[-80.30338900041174,34.06338500026097],[-80.30374699971371,34.06378999968188],[-80.303844999623,34.0639019997938],[-80.30434099991554,34.06446500012068],[-80.30568099975687,34.06598600001501],[-80.30629000002733,34.06668499972504],[-80.30816700016908,34.0688410000711],[-80.31029700003084,34.07128699998885],[-80.3116240003517,34.072810000331984],[-80.3142859995927,34.07586700033006],[-80.31560700006577,34.07738400009259],[-80.31585099956493,34.077627000155395],[-80.31605700032758,34.07781599980497],[-80.31625499979596,34.07795200015395],[-80.31633599998682,34.07800099975022],[-80.31650000001837,34.07810000035133],[-80.3170160004024,34.07831399976709],[-80.31848900031311,34.07896999991259],[-80.3193179997933,34.07934000031],[-80.31965099987922,34.07948800031394],[-80.32037099957944,34.07975999988809],[-80.32073899982547,34.07992399964686],[-80.32105400036804,34.080064000260336],[-80.32165199986953,34.080325999681214],[-80.3217210003648,34.08035599979603],[-80.3249430003708,34.08040200029868],[-80.32749699965674,34.08043900023193],[-80.33101400011381,34.08048999983197],[-80.33594699968188,34.08056099967623],[-80.34207400039973,34.08064999976374],[-80.35056700008256,34.08081799992473],[-80.35249199990488,34.08084899983833],[-80.36082999977701,34.08098299983823],[-80.36124400005382,34.08098999963808],[-80.36284300036121,34.08101499966246],[-80.36941200004662,34.08112100024946],[-80.36962299993381,34.081118000340005],[-80.3719240003981,34.081094000316085],[-80.3721849996157,34.08109099966164],[-80.37479999989934,34.08070499987973],[-80.37874099978063,34.0807009999807],[-80.37878400033665,34.07835599988101],[-80.37881600012368,34.07769500013693],[-80.37894900019309,34.07583099991979],[-80.37879000018444,34.07538199986309],[-80.37835699964107,34.074834999864166],[-80.37820000018054,34.07429300030569],[-80.37831099961032,34.073422000264834],[-80.37946899987676,34.071520999680324],[-80.3799929997584,34.06978100007436]]]},"properties":{"GEOID":"45085000402","TRACT":"000402","NAME":"Census Tract 4.02","county_name":"Sumter","aland_sqkm":147.8635,"is_greater_area":true,"pop_2020":2386,"pop_2010":null,"has_2010":false,"growth_pct":null,"growth_abs":null,"density_per_sqkm":16.7,"pct_nonwhite":53.1,"median_income":67292,"median_age":50.2,"median_home_value":195800,"median_gross_rent":483,"poverty_rate":21.7,"pct_bachelors_plus":19.9,"unemployment_rate":0.6,"pct_wfh":2.2,"total_housing_units":1091,"vacancy_rate":24.5,"owner_occ_rate":80.1,"pct_single_family":71.1,"median_year_built":1981,"pop_2021":2086,"pop_2022":2168,"pop_2023":2164,"pop_2024":2150}},{"type":"Feature","geometry":{"type":"Polygon","coordinates":[[[-80.47165300042217,33.835045000185396],[-80.47163199960745,33.835036999640366],[-80.47120499981017,33.834848000164236],[-80.4710220004104,33.83475600035485],[-80.47070900041595,33.834614000162766],[-80.47066800040805,33.83459500007713],[-80.47055999955471,33.8345379997949],[-80.47028799956814,33.83442900005256],[-80.46983999985449,33.83428999973456],[-80.46971799965576,33.83426700001444],[-80.46951400033956,33.83423800019632],[-80.46925499987348,33.834207999730864],[-80.46895600012274,33.834206999839495],[-80.46811800042175,33.834182000313824],[-80.46687499976647,33.83415299972066],[-80.46662399969631,33.83414700036865],[-80.46046300043992,33.83400499991099],[-80.45902599961589,33.83396899999918],[-80.45276999992493,33.83381100016563],[-80.45208200001176,33.833792999797694],[-80.45125199980838,33.83377199973673],[-80.44982999995128,33.83374199985386],[-80.44873600015724,33.83372699990855],[-80.44702899989478,33.83370400003694],[-80.44609400010941,33.833677999720415],[-80.4455650002049,33.83367500002782],[-80.44524999966232,33.83368999998226],[-80.44504799999596,33.833705999831366],[-80.444346999664,33.83377400027576],[-80.44227799990162,33.83409799967514],[-80.4416510000878,33.834187999663385],[-80.44009699998622,33.83441199970368],[-80.43900499984203,33.83455799978043],[-80.43885800042723,33.834569000031664],[-80.43860499980893,33.83458100016843],[-80.4384900001812,33.83458499971618],[-80.4383420000432,33.83460100014389],[-80.43818399985945,33.834624999660605],[-80.43774899966627,33.834681999884815],[-80.43499600018869,33.835086999676605],[-80.43350499983629,33.8353560000862],[-80.43307800003903,33.83544100011173],[-80.4316329997174,33.835709000279564],[-80.43079300036658,33.83586399997363],[-80.42990399971364,33.836021999743146],[-80.42872299988097,33.83624299985166],[-80.42831100015233,33.83631300024972],[-80.42796999967047,33.83635700034262],[-80.42759599957667,33.83637299969249],[-80.4271849996729,33.83637099996048],[-80.4270280002124,33.83636199967343],[-80.42687099985356,33.836342999976345],[-80.4263739997361,33.836268000266905],[-80.42607199961232,33.83619899970008],[-80.42593600006819,33.83616200009772],[-80.42579100030322,33.836116000166385],[-80.42572000015814,33.836090999706684],[-80.4253309999957,33.83595199985295],[-80.42500200010772,33.83579599969956],[-80.42473299959589,33.83565100011963],[-80.42458700000603,33.83556399980585],[-80.42445300011174,33.8354770001497],[-80.42422100030812,33.83531399998092],[-80.4241130003531,33.83522700007036],[-80.42399500035232,33.83511799971427],[-80.42387700035155,33.83502299980402],[-80.4237629996504,33.834908999772374],[-80.42363999962677,33.83476900035016],[-80.4234999998847,33.83461900034166],[-80.42316799962367,33.83420599994819],[-80.42030100034326,33.83072200005561],[-80.42019699968786,33.830600999977065],[-80.4199520003638,33.8303090002354],[-80.41976400004283,33.830099999728695],[-80.41955399998054,33.829881999980344],[-80.41932300000187,33.82969600013216],[-80.41915599959727,33.829590999966925],[-80.41892899981654,33.8294590003651],[-80.4186860001423,33.82933600009477],[-80.41842199965335,33.82924400032295],[-80.41825400032218,33.829197999653644],[-80.41809199994046,33.8291610000058],[-80.41792999955877,33.82913299989863],[-80.4177489998088,33.82911100023439],[-80.41757599955643,33.82909800012487],[-80.41742800031675,33.829094000320396],[-80.4172480003917,33.82909600022266],[-80.41701999988773,33.82911000028347],[-80.41683199956677,33.82913000004655],[-80.41632100010392,33.82920100024964],[-80.41101799974169,33.83007499974815],[-80.41086999960369,33.83009599997111],[-80.41059299959426,33.83012599964104],[-80.41042899956273,33.83013599977741],[-80.41027100027728,33.8301379996553],[-80.40997699965111,33.83013399989949],[-80.40952599956438,33.830099999728695],[-80.4092939997608,33.830051999640126],[-80.40870499958183,33.829931000105745],[-80.40824900037056,33.829779999873],[-80.40800800034614,33.82968300011158],[-80.40785099998732,33.82960999967234],[-80.40770500039744,33.82953400007905],[-80.40742500001497,33.82937299966689],[-80.40728500027286,33.829285999679485],[-80.40687799966877,33.82904599966704],[-80.40672299985808,33.82895900009312],[-80.40644300037393,33.82882700026175],[-80.40626599992359,33.828753999837836],[-80.40591000027145,33.82862199968989],[-80.40551600008614,33.82851099995053],[-80.40531799971943,33.828466000337805],[-80.40511500022815,33.82842799966802],[-80.40487000000576,33.82839500027056],[-80.40467500001209,33.82837700025463],[-80.40450400030787,33.828370999750994],[-80.40404800019829,33.828364000033496],[-80.40385300020462,33.828367999872114],[-80.40348999998146,33.82840100002626],[-80.40332199975197,33.82842399983219],[-80.40305999981115,33.82847200008857],[-80.40176900037362,33.82869099965698],[-80.40105399979795,33.82880799963606],[-80.40049499975622,33.828884999828304],[-80.40029399991477,33.82890299973729],[-80.40008700022553,33.82891200006342],[-80.39985700007178,33.82890099983051],[-80.39965000038252,33.828884999828304],[-80.3994019997871,33.828845000182866],[-80.399190000075,33.828803999817964],[-80.3988600003621,33.82872900020987],[-80.39857099975879,33.8286529998334],[-80.39836300024464,33.82858499979282],[-80.3982410000459,33.82854599996455],[-80.3980999995806,33.828490000084436],[-80.39784600003568,33.82837700025463],[-80.3977409995554,33.82832500010447],[-80.39748700001049,33.828187000270184],[-80.39658300018725,33.82764499987941],[-80.39642300035368,33.82756500015585],[-80.39625699977404,33.82748800026724],[-80.3959520001755,33.8273690000316],[-80.395783999946,33.82731600004271],[-80.39548600002017,33.82724499976667],[-80.39533700005725,33.82721999969752],[-80.3948750000999,33.827183999913395],[-80.3945229997474,33.82715200000961],[-80.39440599957153,33.82714600016626],[-80.39432899957863,33.827148000114086],[-80.39417399976793,33.827170000283445],[-80.39413100011024,33.827207000046656],[-80.39400899991149,33.82721699977826],[-80.3939539996599,33.82721299988578],[-80.39391000017729,33.82720400012699],[-80.39385999994859,33.8271819999664],[-80.39372299968122,33.82709400001366],[-80.39211900024925,33.826126999765414],[-80.39182499962307,33.82595499978801],[-80.39173199973663,33.82590600036892],[-80.39152199967437,33.825807999953945],[-80.39128800022095,33.82571600011709],[-80.39102700010504,33.82563500008949],[-80.39081700004274,33.82558099977972],[-80.3908000003243,33.82557699981071],[-80.3907579995932,33.825566999887364],[-80.39066999972965,33.82555399998524],[-80.39058799971389,33.82554100008107],[-80.39029300016111,33.82551000030176],[-80.39018000018321,33.825505000336335],[-80.39012599975653,33.82550100036372],[-80.38978099997503,33.82550300035002],[-80.38967399984492,33.825514000273955],[-80.38953099972979,33.82552100022473],[-80.38805699999416,33.8256719997707],[-80.38631200009688,33.82584300032824],[-80.3846190000781,33.82601499978472],[-80.38310799963426,33.82616899990692],[-80.38285699956408,33.82621599995198],[-80.38248099982044,33.826297000175394],[-80.38228500000187,33.826348000083215],[-80.38218500044276,33.82637800032206],[-80.38203700030475,33.82643300011073],[-80.38156100010369,33.826621000301714],[-80.38050800031753,33.82704799968007],[-80.37933499998246,33.82754500002669],[-80.37750700024449,33.82836499999319],[-80.37744399959699,33.82839199964628],[-80.3771480002193,33.82852000031794],[-80.37665899959944,33.82871200021991],[-80.37648799989522,33.8287679999546],[-80.37608299983927,33.828888999642565],[-80.37546600007121,33.82904700036496],[-80.37489699998373,33.82917899985667],[-80.37425799957605,33.829335000146486],[-80.37410199994044,33.829363000187506],[-80.37389400042629,33.82939100021936],[-80.37389000022833,33.829511999771825],[-80.37385199969518,33.82989599991246],[-80.37360800019603,33.831208999928855],[-80.3733100002702,33.83275599968535],[-80.37303599973549,33.834131999748145],[-80.37278399984041,33.835410000191224],[-80.37239800005104,33.83736499979541],[-80.37237100028685,33.837497999726715],[-80.37231500021035,33.83778299984181],[-80.37175100014575,33.8406589998975],[-80.37132900037136,33.84282399984551],[-80.37102499969943,33.84437000000388],[-80.37071900027598,33.845906000012704],[-80.3705870000315,33.846454000235916],[-80.3705019996427,33.846763999908376],[-80.37035600005284,33.84726599995272],[-80.37027800023502,33.8475350000765],[-80.3699800003092,33.84856399989422],[-80.3697130003455,33.849483000350546],[-80.36955500016174,33.85002800014674],[-80.3693479995742,33.85076299965612],[-80.36919799978637,33.8512679998966],[-80.3690089996405,33.85190399990802],[-80.36857099997256,33.85343300033799],[-80.3683340001461,33.85424999989089],[-80.36816099989375,33.854871000115345],[-80.36793400011302,33.855634999755445],[-80.36780400041668,33.856052999945014],[-80.36774400014224,33.85620600002227],[-80.36766700014932,33.85639900002135],[-80.36754699960042,33.85663599967874],[-80.36738699976685,33.85692199973987],[-80.36715900016121,33.85725200011227],[-80.36688499962652,33.85760100015182],[-80.36634099965339,33.858212999659166],[-80.36436300012761,33.86043099973285],[-80.36190400037789,33.86320899970572],[-80.36205699964043,33.86331199974252],[-80.36160800010187,33.86381999975748],[-80.36005300017538,33.86558000023848],[-80.35949699960838,33.8661700001756],[-80.35896199985608,33.86673800009102],[-80.35869300024255,33.86699300023435],[-80.35828599963848,33.86742199977479],[-80.35805200018507,33.867666999894425],[-80.35702799981291,33.86874499982496],[-80.3563099997625,33.86950400027093],[-80.35629300004406,33.869521999828116],[-80.3562389996174,33.869577000191974],[-80.35592700034618,33.869897999655684],[-80.35582500023892,33.87000300026389],[-80.35568600032175,33.87014700024863],[-80.35546500038882,33.870376000314515],[-80.35541900035807,33.87042400012668],[-80.35537599980204,33.870469000019334],[-80.35475499983602,33.871119000131635],[-80.35456800023829,33.87132400018456],[-80.35450999961364,33.87138700025841],[-80.35425600006873,33.87165500028956],[-80.3540910002123,33.871848999876164],[-80.35390600026437,33.872095000163455],[-80.35380499998203,33.87224500000891],[-80.35371999959322,33.87237199968689],[-80.35347199989612,33.8727399996423],[-80.35317800016824,33.873248999675496],[-80.35312200009174,33.87335699968195],[-80.35310100017534,33.873395999940755],[-80.35294700018954,33.873758999830855],[-80.35287600004443,33.87394799974191],[-80.35265400028659,33.874629000082145],[-80.35257300009573,33.874878000298864],[-80.3524500000721,33.87529299979152],[-80.35240400004133,33.8754669999596],[-80.35239200034577,33.875513999738445],[-80.35231000033001,33.87588000001855],[-80.35301999998447,33.87612300018106],[-80.35413100039528,33.87644900035291],[-80.35450499959077,33.876554999756124],[-80.3551890002043,33.87674799999899],[-80.35530100035729,33.876779999973834],[-80.35545500034308,33.87682400010623],[-80.3556129996285,33.87686900035369],[-80.35595300028544,33.87699599986348],[-80.35624199999046,33.87710499973834],[-80.35637699970965,33.8771559998988],[-80.3564649995732,33.87718899985477],[-80.35661500025935,33.87729800022894],[-80.35728899992883,33.87778399999078],[-80.35772800031997,33.878012999703394],[-80.35899399964313,33.87840100010987],[-80.35931699968333,33.87849899986807],[-80.35959600024088,33.87858500033945],[-80.36132699989447,33.87897399974985],[-80.36190299965465,33.87904300007171],[-80.36276899984307,33.87891399965165],[-80.36299200032413,33.87888100036273],[-80.36314200011196,33.8788579999694],[-80.36387199985792,33.878783999666965],[-80.36491299994852,33.878984000135056],[-80.36550200012748,33.87897900031551],[-80.36612499974332,33.87882100019908],[-80.36624899959189,33.878791999843855],[-80.36640900032377,33.87875100032777],[-80.36698400025904,33.87860499970822],[-80.36720400036707,33.87849099966371],[-80.36816500009171,33.87816900032494],[-80.36871400008769,33.878078000307795],[-80.36942799994014,33.87839799975019],[-80.37008700043931,33.878191000035855],[-80.3710869996237,33.87760099965496],[-80.37112699980668,33.877576000149126],[-80.37113900040055,33.877570000117494],[-80.37121300002039,33.87752699975413],[-80.37154899958107,33.87739199998135],[-80.37216600024743,33.877147000179804],[-80.372366000264,33.87706799995378],[-80.37376600037976,33.877021000285],[-80.37401599972671,33.877103000214014],[-80.3748030002724,33.877364000018325],[-80.37539699957593,33.87751900020446],[-80.37567500030858,33.87759300011223],[-80.37615599963421,33.87758599995233],[-80.37743199990143,33.87757100024714],[-80.37869599957477,33.87734200009421],[-80.37984700016854,33.87690600022453],[-80.38011599978205,33.876804000320064],[-80.38020700001864,33.87677000007625],[-80.38044300002021,33.87674799999899],[-80.38047300015744,33.876745999720455],[-80.38097600012269,33.87670200029373],[-80.38109400012345,33.87670200029373],[-80.38120700010136,33.87670200029373],[-80.3814149996155,33.87670200029373],[-80.38158100019517,33.87667599963866],[-80.38178299986153,33.87664400037057],[-80.3822940002227,33.876564999678976],[-80.38267900018717,33.876496999733064],[-80.38328300043474,33.87626799968145],[-80.3839699996247,33.87617699987462],[-80.38400599960971,33.876200000244786],[-80.38410100004425,33.876258999868824],[-80.3841889999078,33.87631400036648],[-80.38454600028318,33.87647500033126],[-80.38460099963646,33.87656599982033],[-80.38580999995654,33.876864999802315],[-80.38649700004478,33.87691100016548],[-80.38721099989723,33.87713999998333],[-80.38734800016458,33.87723199964269],[-80.38759500003678,33.87723199964269],[-80.38891300013681,33.877461000090804],[-80.39047800010904,33.87812500014026],[-80.3911650001973,33.87828599967163],[-80.39131499998514,33.87827300033221],[-80.39142499959,33.878260000245035],[-80.39191800040781,33.878214999985246],[-80.39323399995968,33.87800600032382],[-80.39365400008425,33.87802900020099],[-80.39435799989096,33.87827499982913],[-80.39449500015829,33.87832399979468],[-80.39471799974105,33.87832399979468],[-80.3953339996842,33.878231999821],[-80.39617499975826,33.87793099990302],[-80.39673499962491,33.8779539998004],[-80.39780000000493,33.87827300033221],[-80.39816400005301,33.878478000355564],[-80.39844699991023,33.87875299981349],[-80.3988109999583,33.878842999741906],[-80.39956699964354,33.8786819997698],[-80.40080100007798,33.87817599969119],[-80.40180899965829,33.878012999703394],[-80.402704000159,33.87805800006974],[-80.40351599992073,33.87816900032494],[-80.40387999996881,33.87816999970168],[-80.40449599991194,33.87818299980262],[-80.4049069998157,33.878192000158165],[-80.40515600023602,33.87835200018853],[-80.40559499972886,33.8786740003284],[-80.40589799967755,33.87874300014704],[-80.40617700023513,33.87870699969737],[-80.40732700010565,33.87855999963031],[-80.40859300032716,33.87814900010821],[-80.40933499976867,33.87814900010821],[-80.41043500030882,33.87847100026828],[-80.41315599999936,33.878472999760554],[-80.413567999728,33.87861000029544],[-80.41411900027214,33.87886299979597],[-80.41552100003776,33.87922999999332],[-80.41623499989021,33.879344999905115],[-80.41766500014322,33.87913999972726],[-80.41892999964146,33.879186999720616],[-80.41961699972974,33.87927800004668],[-80.42002900035669,33.8792790001563],[-80.42148499965064,33.879461999876845],[-80.4218689997902,33.87959900031552],[-80.42241899961112,33.880011999767945],[-80.42340699999826,33.88035600025448],[-80.42499999955959,33.88035600025448],[-80.42535699993496,33.88028700024859],[-80.4255219997914,33.88028700024859],[-80.42689500014302,33.88003499985028],[-80.42917599961748,33.879898000111616],[-80.43016499982954,33.88008099999627],[-80.43118099980578,33.88021900028546],[-80.43282899961868,33.88024200031195],[-80.43473800044583,33.87998800032402],[-80.43524600043393,33.87992100022464],[-80.4363989997792,33.87978400030295],[-80.43665400004733,33.87980099982612],[-80.43708599986745,33.879829999838485],[-80.43777200013079,33.88001299986897],[-80.43875600031997,33.879871999684575],[-80.43982400017475,33.879806000343315],[-80.44089399967935,33.87993299995687],[-80.44133700026845,33.879871000327704],[-80.44179699967768,33.87964100027529],[-80.44259099989605,33.87910699977993],[-80.44280199978324,33.878912000169706],[-80.4433829995663,33.878497999749364],[-80.44440699993844,33.878060000317475],[-80.44544100035633,33.87767000034118],[-80.44780300002168,33.8772190001427],[-80.4491289996193,33.87704399968181],[-80.45017599955767,33.87692899965234],[-80.45102000000477,33.876968999907184],[-80.45177599969001,33.87700199993547],[-80.45204100000389,33.87715300024118],[-80.45243199981613,33.87747900020742],[-80.45299099985789,33.877885000089606],[-80.45333900001242,33.87792100014024],[-80.45443399963136,33.87778199973659],[-80.45505600032062,33.87790400024254],[-80.45586300005947,33.87812199977088],[-80.45592400015884,33.8782420002931],[-80.45609999988594,33.878360999780426],[-80.45664200020924,33.87830800009821],[-80.45682700015716,33.87842700023932],[-80.45666800014851,33.87866899974493],[-80.4566609995775,33.878869999851105],[-80.45778899970672,33.879173999772625],[-80.45848199964277,33.87949800000798],[-80.4605909995881,33.87991099994925],[-80.46204799960532,33.8801229997188],[-80.46333899994116,33.880166000265625],[-80.46516800040234,33.8800289999915],[-80.46656299959695,33.87939899979729],[-80.46762399977902,33.87877700035058],[-80.46846599967799,33.877746999754855],[-80.46878000039564,33.87725300020769],[-80.47016500044282,33.875038999989364],[-80.47039800007133,33.874737999996796],[-80.47053500033867,33.87370500009908],[-80.47119300011462,33.872043999962074],[-80.47121999987878,33.87063299970901],[-80.47113799986302,33.87010999968526],[-80.47075299989856,33.8690170001199],[-80.47031299968252,33.868266999729634],[-80.469791000349,33.86751799971058],[-80.46915899961402,33.86681400016077],[-80.46811599987362,33.86592800028747],[-80.46795100001715,33.865655999847256],[-80.46784100041232,33.86531400032912],[-80.46775799967331,33.86410899974456],[-80.46770300032006,33.86374400000627],[-80.46774799962758,33.863445999857845],[-80.46775799967331,33.863377999903534],[-80.4680869995613,33.863088999679974],[-80.46816899957706,33.86266100030332],[-80.46795000019226,33.86244600024957],[-80.46761999958106,33.862180999837456],[-80.46715299960084,33.86172499976745],[-80.46712599983665,33.861488000060035],[-80.46698799974438,33.86146500020138],[-80.46643899974839,33.860732000195156],[-80.46624700012777,33.860342999702056],[-80.4655600000395,33.85960999976211],[-80.4652849996799,33.85876200035628],[-80.46520299966413,33.85869399965563],[-80.46517500007505,33.85841899972572],[-80.46509300005928,33.858395999786396],[-80.464954999967,33.85784600010561],[-80.46462500025414,33.857044000220505],[-80.46457000000254,33.856677999747696],[-80.46448799998679,33.85663199967108],[-80.46448799998679,33.85649499966911],[-80.4635530002014,33.85415800008151],[-80.46341500010912,33.853700000366665],[-80.46316800023693,33.85184400017963],[-80.46305799973378,33.850904999871794],[-80.46306600012969,33.85082199970084],[-80.46311800000822,33.85026899988284],[-80.46314099957443,33.850035000328205],[-80.46360699972976,33.848888999642234],[-80.46368899974553,33.84847700004342],[-80.46368899974553,33.847445999704945],[-80.46503299978481,33.843001999679615],[-80.465143000288,33.8429780002769],[-80.46536300039602,33.84272399984316],[-80.46712800038479,33.840896999762045],[-80.46721600024834,33.8407820002896],[-80.4683689995936,33.83930200024209],[-80.46839600025608,33.83921099983678],[-80.46894799972682,33.838401999952],[-80.46980300004458,33.83687700006439],[-80.46994000031192,33.83668900004224],[-80.47024499991046,33.83627599995053],[-80.47032699992621,33.83613699965147],[-80.47165300042217,33.835045000185396]]]},"properties":{"GEOID":"45085001903","TRACT":"001903","NAME":"Census Tract 19.03","county_name":"Sumter","aland_sqkm":48.27,"is_greater_area":true,"pop_2020":4338,"pop_2010":null,"has_2010":false,"growth_pct":null,"growth_abs":null,"density_per_sqkm":89.0,"pct_nonwhite":39.6,"median_income":54664,"median_age":38.7,"median_home_value":200700,"median_gross_rent":1182,"poverty_rate":14.7,"pct_bachelors_plus":20.3,"unemployment_rate":11.1,"pct_wfh":7.8,"total_housing_units":1735,"vacancy_rate":14.0,"owner_occ_rate":77.7,"pct_single_family":82.6,"median_year_built":1992,"pop_2021":3386,"pop_2022":4025,"pop_2023":3920,"pop_2024":3850}},{"type":"Feature","geometry":{"type":"Polygon","coordinates":[[[-80.40442399994193,33.87948000031724],[-80.40449599991194,33.87818299980262],[-80.40387999996881,33.87816999970168],[-80.40351599992073,33.87816900032494],[-80.402704000159,33.87805800006974],[-80.40180899965829,33.878012999703394],[-80.40080100007798,33.87817599969119],[-80.39956699964354,33.8786819997698],[-80.3988109999583,33.878842999741906],[-80.39844699991023,33.87875299981349],[-80.39816400005301,33.878478000355564],[-80.39780000000493,33.87827300033221],[-80.39673499962491,33.8779539998004],[-80.39617499975826,33.87793099990302],[-80.3953339996842,33.878231999821],[-80.39471799974105,33.87832399979468],[-80.39449500015829,33.87832399979468],[-80.39435799989096,33.87827499982913],[-80.39365400008425,33.87802900020099],[-80.39323399995968,33.87800600032382],[-80.39191800040781,33.878214999985246],[-80.39142499959,33.878260000245035],[-80.39131499998514,33.87827300033221],[-80.3911650001973,33.87828599967163],[-80.39047800010904,33.87812500014026],[-80.38891300013681,33.877461000090804],[-80.38759500003678,33.87723199964269],[-80.38734800016458,33.87723199964269],[-80.38721099989723,33.87713999998333],[-80.38649700004478,33.87691100016548],[-80.38580999995654,33.876864999802315],[-80.38460099963646,33.87656599982033],[-80.38454600028318,33.87647500033126],[-80.3841889999078,33.87631400036648],[-80.38410100004425,33.876258999868824],[-80.38400599960971,33.876200000244786],[-80.3839699996247,33.87617699987462],[-80.38328300043474,33.87626799968145],[-80.38267900018717,33.876496999733064],[-80.3822940002227,33.876564999678976],[-80.38178299986153,33.87664400037057],[-80.38158100019517,33.87667599963866],[-80.3814149996155,33.87670200029373],[-80.38120700010136,33.87670200029373],[-80.38109400012345,33.87670200029373],[-80.38097600012269,33.87670200029373],[-80.38047300015744,33.876745999720455],[-80.38044300002021,33.87674799999899],[-80.38020700001864,33.87677000007625],[-80.38011599978205,33.876804000320064],[-80.37984700016854,33.87690600022453],[-80.37869599957477,33.87734200009421],[-80.37743199990143,33.87757100024714],[-80.37615599963421,33.87758599995233],[-80.37567500030858,33.87759300011223],[-80.37539699957593,33.87751900020446],[-80.3748030002724,33.877364000018325],[-80.37401599972671,33.877103000214014],[-80.37376600037976,33.877021000285],[-80.372366000264,33.87706799995378],[-80.37216600024743,33.877147000179804],[-80.37154899958107,33.87739199998135],[-80.37121300002039,33.87752699975413],[-80.37113900040055,33.877570000117494],[-80.37112699980668,33.877576000149126],[-80.3710869996237,33.87760099965496],[-80.37008700043931,33.878191000035855],[-80.36942799994014,33.87839799975019],[-80.36871400008769,33.878078000307795],[-80.36816500009171,33.87816900032494],[-80.36720400036707,33.87849099966371],[-80.36698400025904,33.87860499970822],[-80.36640900032377,33.87875100032777],[-80.36624899959189,33.878791999843855],[-80.36612499974332,33.87882100019908],[-80.36550200012748,33.87897900031551],[-80.36491299994852,33.878984000135056],[-80.36387199985792,33.878783999666965],[-80.36314200011196,33.8788579999694],[-80.36299200032413,33.87888100036273],[-80.36276899984307,33.87891399965165],[-80.36190299965465,33.87904300007171],[-80.36132699989447,33.87897399974985],[-80.35959600024088,33.87858500033945],[-80.35931699968333,33.87849899986807],[-80.35899399964313,33.87840100010987],[-80.35772800031997,33.878012999703394],[-80.35775599990906,33.87835700004481],[-80.35786600041223,33.87874599974876],[-80.3579490002529,33.87936499984157],[-80.35775699973398,33.8804420003459],[-80.35775699973398,33.88083100024018],[-80.35786700023714,33.88112900010602],[-80.35808700034517,33.881563999943744],[-80.35808700034517,33.881632999662756],[-80.35819699995002,33.88179299995304],[-80.35825300002651,33.88238900012777],[-80.35814300042166,33.88296099976882],[-80.35778600004627,33.88383200022954],[-80.3577319996196,33.88419899993579],[-80.35764899977893,33.88431299981173],[-80.35759100005262,33.88465099983065],[-80.35756699976316,33.88479399966505],[-80.35753999999899,33.88534400023605],[-80.35745799998323,33.8856650000561],[-80.35743100021905,33.886122999817744],[-80.35738600001321,33.88627899978086],[-80.35700799972143,33.887567000162925],[-80.35701500029244,33.888120000025644],[-80.35699699985078,33.88859700003862],[-80.3570050002467,33.88870200001158],[-80.35706899982078,33.88956600010165],[-80.35708600043753,33.88980100017535],[-80.35709399993516,33.88990300020253],[-80.35715199966147,33.88997299987286],[-80.35721100011102,33.89013200019953],[-80.35723100020249,33.89018400001219],[-80.35732499991383,33.890429999642926],[-80.35763299988541,33.89114000032734],[-80.35766499967245,33.89126900015859],[-80.35772999996978,33.891528999913405],[-80.35774000001553,33.89166800029178],[-80.35774400021349,33.89171000027571],[-80.35776900032785,33.89203799972291],[-80.35777099997767,33.892056999706796],[-80.35779199989408,33.892327000354804],[-80.3578150003586,33.89263100005042],[-80.35784499959752,33.89301900034451],[-80.35780699996268,33.893267999837846],[-80.3575559998925,33.8944550000759],[-80.35759500025057,33.89498700009846],[-80.35786999971188,33.89574599978334],[-80.35792599978836,33.89590000021344],[-80.35796099994846,33.895995000262566],[-80.35801899967478,33.8960419999181],[-80.35803299991848,33.896169999879845],[-80.35807200027654,33.896411999760225],[-80.35809599966768,33.89656399991937],[-80.35815000009435,33.896888999630356],[-80.35820100014799,33.89701699981201],[-80.35823299993504,33.897095000306194],[-80.35859000031041,33.89739200012962],[-80.35897500027487,33.89756099974558],[-80.35911199964391,33.897621000150814],[-80.35941499959262,33.897873000049444],[-80.35977199996799,33.89830800025262],[-80.3598299996943,33.89838700019712],[-80.36040399980467,33.89917899984282],[-80.36050000006412,33.89929399970507],[-80.36053500022425,33.899337000281584],[-80.36057399968398,33.89938400033198],[-80.3611319999008,33.9000570000368],[-80.3612430002289,33.90019099986903],[-80.36159600040631,33.90061600009161],[-80.36169500014051,33.900738999862526],[-80.361715000232,33.90076300017905],[-80.36198899986836,33.90110199973398],[-80.36218200021223,33.90137799992683],[-80.36293299987459,33.90270499998201],[-80.36316399985327,33.90334299965027],[-80.36324199967108,33.90350999974964],[-80.36326099993764,33.90365200020187],[-80.36314499958668,33.90398700017395],[-80.36316399985327,33.904063999692156],[-80.36320300021133,33.904090000201265],[-80.36341499992344,33.904115999956836],[-80.36366599999359,33.90411699977526],[-80.36376200025306,33.90414300026813],[-80.36391600023886,33.904361999660665],[-80.36393499960711,33.904443000335185],[-80.36393499960711,33.90449100036723],[-80.36387799970571,33.9047359999234],[-80.36385799961423,33.90499400000947],[-80.36376200025306,33.90532100000227],[-80.36379999988789,33.9056740002579],[-80.36379999988789,33.90583800012433],[-80.36383900024597,33.90593800001532],[-80.36410899968439,33.90608800000469],[-80.36420499994385,33.90625100002683],[-80.3643980002877,33.90637600019863],[-80.36443599992253,33.90643899973859],[-80.36447500028059,33.90672899981328],[-80.36447500028059,33.90676699994022],[-80.36455200027349,33.906854000029725],[-80.36464799963464,33.90693000015515],[-80.3647639999856,33.9071179998605],[-80.36478300025217,33.907257000177104],[-80.36478300025217,33.907430000233106],[-80.36480300034366,33.90749599982148],[-80.36482699973479,33.907544000371104],[-80.36486000024506,33.907609999871205],[-80.36487100011571,33.907720999694696],[-80.36488000033656,33.9078110003723],[-80.36491799997138,33.908024999680144],[-80.36495700032945,33.90811400026534],[-80.36501500005576,33.90820200024155],[-80.36501500005576,33.90831500032352],[-80.36499999998713,33.90844599980221],[-80.36499499996428,33.90849099977014],[-80.36501500005576,33.90856900020507],[-80.36501500005576,33.90872400035085],[-80.3650529996906,33.90882699987338],[-80.36512999968349,33.908904000238564],[-80.36516900004156,33.909008000050186],[-80.36514999977497,33.90912399983368],[-80.3651580001709,33.90916699992543],[-80.36516900004156,33.90922700036394],[-80.36520699967639,33.90929099979109],[-80.36532300002733,33.90940600017865],[-80.36540000002023,33.909470999972505],[-80.36547700001312,33.9096259999691],[-80.36547700001312,33.90971600012635],[-80.36543900037829,33.90977999993186],[-80.3654190002868,33.909845000186024],[-80.36547700001312,33.90990899989467],[-80.36563099999891,33.90992300012742],[-80.36571100036485,33.90992099988129],[-80.3658050000762,33.909949000340504],[-80.36590100033565,33.91003900015674],[-80.36593999979539,33.91015500002812],[-80.3659470003664,33.9101789999304],[-80.37314000039089,33.909459999678226],[-80.3739160001676,33.90937500027097],[-80.37402900014551,33.90936600022352],[-80.37411600018413,33.90935700017508],[-80.37812700038562,33.90894800020306],[-80.3809779997725,33.9086870001156],[-80.38010999993428,33.90743199979208],[-80.37995099992561,33.90718699978318],[-80.3798589998641,33.90703300035442],[-80.37983600029787,33.90699300003126],[-80.37979500029,33.90692300016609],[-80.37963700010626,33.906604999948364],[-80.37951699955734,33.90632799973685],[-80.37943399971668,33.906069999960245],[-80.37933400015756,33.90569000004053],[-80.37929899999746,33.90549000030493],[-80.37926800003531,33.90527999981663],[-80.37924299992096,33.90501700006597],[-80.37924499957079,33.90478100035875],[-80.37927899990596,33.904214999813895],[-80.3797180002971,33.904066000075744],[-80.3798730001078,33.90402299964751],[-80.38001100020007,33.90399600004379],[-80.38015000011725,33.903975000097546],[-80.38049200042401,33.90394500027189],[-80.38193699984733,33.903835999648436],[-80.38267199961615,33.90378099974607],[-80.38416399979344,33.903664000323744],[-80.38458899994089,33.90363000034681],[-80.385132999914,33.90358699969865],[-80.38531500038721,33.90357200009169],[-80.38626000021831,33.903496999780444],[-80.38637499984607,33.903488999683724],[-80.3865189997861,33.903478999934514],[-80.38659099975614,33.903474000059504],[-80.38675899998562,33.90346299973693],[-80.3868419998263,33.90345799986092],[-80.38724000020954,33.903410999819485],[-80.38726199995087,33.90340699976717],[-80.3873280000731,33.903397000008425],[-80.38748899973159,33.90337400026043],[-80.38756400007465,33.903359999697685],[-80.38779400022841,33.90331800023229],[-80.38799199969682,33.903276000000645],[-80.38811399989557,33.903253000220026],[-80.38840000012581,33.90317599996932],[-80.38849899986002,33.903149000097365],[-80.38870399989943,33.90308200029528],[-80.38899400032766,33.90296599974555],[-80.38918500012338,33.902884000071616],[-80.39063799994261,33.90223799973668],[-80.39149900010814,33.90185700003979],[-80.39254600004651,33.90139500036605],[-80.39410199979791,33.90070699992708],[-80.3943679999367,33.90058800029476],[-80.3950729995683,33.900271000169305],[-80.39525300039168,33.90019000000463],[-80.39560499984586,33.90000399966665],[-80.39581699955797,33.89987999971302],[-80.39594399977958,33.89979899992253],[-80.39613899977324,33.89966299973303],[-80.39619300019993,33.89962000006659],[-80.3962550001242,33.899574000017935],[-80.39650399964624,33.899382999712486],[-80.39666600002795,33.89926700009503],[-80.39735999978889,33.898740000083656],[-80.39750299990403,33.898631000261936],[-80.3979869996027,33.89826400001583],[-80.39756300017847,33.896747999749564],[-80.3974650002692,33.89640800012521],[-80.39741800041351,33.89608300007238],[-80.39741900023843,33.89590000021344],[-80.39746799974391,33.895631000355664],[-80.39750100025421,33.89553699982002],[-80.39752100034568,33.89546299981727],[-80.39754599956171,33.89529900012646],[-80.39756099963034,33.89505700007026],[-80.3975439999119,33.894829999729176],[-80.39748000033781,33.89438399967754],[-80.39731999960591,33.89335400033544],[-80.39725000018403,33.89293400020431],[-80.3972400001383,33.89287200032929],[-80.39723599994034,33.892777999735344],[-80.39725100000895,33.892531000211285],[-80.3972619998796,33.89245300001675],[-80.39728199997109,33.89233300009437],[-80.39733300002472,33.892133000345744],[-80.3974660000941,33.891655000008484],[-80.39828600025173,33.8917879996584],[-80.39945200001581,33.89197499998151],[-80.4006479999171,33.892164999770316],[-80.40185800006209,33.89235999966287],[-80.40173500003844,33.89154500011335],[-80.40166399989333,33.891053999834334],[-80.40165100037285,33.89096500008258],[-80.40162100023562,33.890568000343734],[-80.401634999581,33.89028299963971],[-80.40166200024349,33.89006499986347],[-80.40170099970325,33.889830999757386],[-80.40174400025927,33.8896609997493],[-80.40192800038228,33.88911200015978],[-80.4020289997663,33.88881199984465],[-80.4024589999366,33.8875299996949],[-80.40249699957145,33.88739300005931],[-80.40259700002888,33.88696500024869],[-80.40265999977808,33.886587000247154],[-80.40268400006751,33.88638100029083],[-80.40269800031123,33.88620700000537],[-80.40272000005253,33.88519300025611],[-80.40273500012114,33.88382100035626],[-80.40275299966449,33.88355299975021],[-80.40277600012901,33.88336100004508],[-80.40281799996181,33.88315699988496],[-80.40285700031988,33.883003000311064],[-80.40290500000046,33.88284400012034],[-80.40297199994761,33.88266300033525],[-80.40303899989475,33.88250300018492],[-80.40324200028434,33.882122000320244],[-80.4038370003111,33.881206000127385],[-80.40394199989308,33.8810360000844],[-80.40402200025903,33.880882999756196],[-80.40407800033553,33.88077099995613],[-80.40414899958232,33.88062000008625],[-80.4042170002527,33.880449000271454],[-80.40427300032918,33.880275999918226],[-80.40435399962173,33.87995999972118],[-80.40440700022349,33.87957700022178],[-80.40442399994193,33.87948000031724]]]},"properties":{"GEOID":"45085001704","TRACT":"001704","NAME":"Census Tract 17.04","county_name":"Sumter","aland_sqkm":11.7426,"is_greater_area":true,"pop_2020":4406,"pop_2010":5355,"has_2010":true,"growth_pct":6.6,"growth_abs":353,"density_per_sqkm":486.1,"pct_nonwhite":51.9,"median_income":63981,"median_age":46.6,"median_home_value":176900,"median_gross_rent":1166,"poverty_rate":9.0,"pct_bachelors_plus":23.5,"unemployment_rate":1.4,"pct_wfh":10.5,"total_housing_units":2364,"vacancy_rate":13.5,"owner_occ_rate":72.9,"pct_single_family":80.7,"median_year_built":1985,"pop_2014":5878,"pop_2015":5662,"pop_2016":5547,"pop_2017":5569,"pop_2018":5485,"pop_2019":5200,"pop_2021":4855,"pop_2022":4814,"pop_2023":4647,"pop_2024":4881}},{"type":"Feature","geometry":{"type":"Polygon","coordinates":[[[-80.36593700032067,33.92836399967447],[-80.36580400025127,33.92818699999568],[-80.3649969996141,33.92707799975525],[-80.36488199998638,33.92692800018692],[-80.36425400034766,33.926069999666275],[-80.36351700003068,33.92507100020121],[-80.36273100020823,33.92401500002476],[-80.36196499957893,33.92298599973521],[-80.36117100025886,33.92190800019288],[-80.36032299961383,33.921980999994375],[-80.35992400030396,33.922015000105205],[-80.3598770004483,33.922019000029614],[-80.35900200003906,33.922091999735954],[-80.35830499990504,33.92215000006051],[-80.35820600017085,33.92215799989656],[-80.35770400003052,33.92219999976886],[-80.35751300023482,33.92221499982471],[-80.35719900041546,33.92224200036582],[-80.35687700020017,33.922269000152994],[-80.35487399966172,33.92244099994902],[-80.35458699960654,33.92245999986619],[-80.35450600031399,33.92193399973112],[-80.35450200011604,33.92191299973202],[-80.35443000014601,33.92142700022314],[-80.35427199996228,33.92033999995597],[-80.35335300007041,33.9204039999829],[-80.35182400008318,33.92051100029319],[-80.35057799995319,33.92059799977071],[-80.34901600035403,33.9207069998304],[-80.34799100015695,33.920769000335554],[-80.34768800020825,33.920779000292576],[-80.34741899969642,33.92078199990675],[-80.34720600015939,33.92077300031852],[-80.34680299975327,33.920744999688495],[-80.34645200012399,33.920720999780094],[-80.34464600012736,33.920601000136664],[-80.34460500011946,33.92109899978833],[-80.34453099960129,33.92187499964945],[-80.34441900034662,33.923072000071],[-80.34441400032375,33.92312099964275],[-80.34435599969912,33.92330799981822],[-80.34424400044443,33.92446899971848],[-80.34299300029156,33.924409000321305],[-80.34208699992018,33.92436500014019],[-80.3420109997522,33.92436100032593],[-80.34130399957246,33.92431500021178],[-80.33969299956948,33.92418700002265],[-80.33819899974236,33.92409900015381],[-80.33769599977713,33.9240709998715],[-80.33749599976056,33.92406399979953],[-80.3373219996833,33.924065000129296],[-80.337151999804,33.9240740001152],[-80.33632599979856,33.92414799988026],[-80.3363070004303,33.92463100004142],[-80.3362940000115,33.9247879999408],[-80.33624100030806,33.92524099967119],[-80.33614900024655,33.925953999843145],[-80.33612499995711,33.926177999873694],[-80.33611499991137,33.92646600000578],[-80.33611900010933,33.92684500016315],[-80.33617699983564,33.92731100020072],[-80.33626999972206,33.92778899963148],[-80.3362930001866,33.92789199996217],[-80.33631999995079,33.92801400033748],[-80.33673099985451,33.929602000278344],[-80.3370749998111,33.93092599989],[-80.33709499990259,33.931002999664784],[-80.33737199991204,33.93206899978892],[-80.33745300010288,33.93238199996916],[-80.3374759996691,33.93246899999355],[-80.33806900004602,33.934750000145065],[-80.33841100035278,33.93608500005401],[-80.33889599987637,33.93795700014263],[-80.34080300015536,33.93797000007181],[-80.3433270002024,33.93799200000474],[-80.34344199983013,33.93799899967731],[-80.34415900005563,33.93805500001845],[-80.3445669995863,33.938079999679665],[-80.34472899996801,33.93669000021648],[-80.34474499986155,33.936479999852615],[-80.34474900005951,33.936346999876],[-80.34474700040967,33.93630699989839],[-80.34483400044833,33.93631200008295],[-80.3452279997353,33.93632199970589],[-80.34642799983455,33.936564999796104],[-80.34679600008059,33.936638999888245],[-80.34710900007504,33.93669199983419],[-80.34922600041631,33.93704899977744],[-80.34924499978457,33.93712200001782],[-80.34925499983031,33.93717000027449],[-80.34954400043361,33.940066999868975],[-80.34955500030428,33.94014999967618],[-80.34968699965044,33.94024699986911],[-80.34975799979556,33.94030599989395],[-80.35018299994299,33.94068699984049],[-80.35093000030571,33.93981299998326],[-80.35024999989014,33.93936400010668],[-80.3502049996843,33.939324000055954],[-80.35019100033891,33.93930199972192],[-80.35017000042252,33.9392810002785],[-80.35014299976002,33.939227999708386],[-80.35012299966853,33.93917300029116],[-80.35010900032314,33.9390950002979],[-80.35009099988147,33.93892900003613],[-80.35060499971738,33.93833599984297],[-80.3512609998435,33.937561999743046],[-80.35192799984027,33.936788000059984],[-80.35297300012883,33.9374080000606],[-80.35418599974855,33.93812499964769],[-80.35448000037472,33.9378089999491],[-80.35544100009936,33.936682999690994],[-80.35674300030588,33.937448999693515],[-80.35698699980505,33.93716699974687],[-80.3579059996969,33.93604300032046],[-80.35829599968423,33.93628900027505],[-80.35890199958163,33.936673000110495],[-80.35975900044751,33.937205999890296],[-80.36039499958383,33.93761300026373],[-80.36078899976911,33.93785900015401],[-80.36086099973915,33.93778000027887],[-80.36100700022735,33.9376239999044],[-80.36137399975014,33.93730500005948],[-80.36157899978956,33.93711699988083],[-80.36174299982109,33.936952999845865],[-80.36198300002059,33.93670099997639],[-80.36208199975479,33.93658800027482],[-80.36245300037388,33.93617399965157],[-80.36258399989514,33.93603500029789],[-80.36272000033756,33.9359040000077],[-80.36282800029261,33.93580800027581],[-80.36308500021055,33.9356039996477],[-80.36322599977754,33.93551100016367],[-80.36333600028073,33.935443000268336],[-80.36361599976489,33.93530099987328],[-80.36378900001726,33.93522800030763],[-80.36399300023174,33.93514800002766],[-80.36448799980107,33.934975000348466],[-80.36458900008341,33.93345699971427],[-80.36481300038942,33.931732000161446],[-80.36486100006998,33.93055900006503],[-80.3649539999564,33.92995999964668],[-80.36521699972212,33.92908499972369],[-80.36561199973234,33.92860099994431],[-80.36593700032067,33.92836399967447]]]},"properties":{"GEOID":"45085002000","TRACT":"002000","NAME":"Census Tract 20","county_name":"Sumter","aland_sqkm":4.2084,"is_greater_area":true,"pop_2020":3069,"pop_2010":4061,"has_2010":true,"growth_pct":-0.7,"growth_abs":-27,"density_per_sqkm":958.6,"pct_nonwhite":52.6,"median_income":39298,"median_age":48.3,"median_home_value":119100,"median_gross_rent":892,"poverty_rate":6.3,"pct_bachelors_plus":27.7,"unemployment_rate":5.9,"pct_wfh":7.2,"total_housing_units":1873,"vacancy_rate":19.1,"owner_occ_rate":59.9,"pct_single_family":81.2,"median_year_built":1958,"pop_2014":4125,"pop_2015":4153,"pop_2016":3939,"pop_2017":3714,"pop_2018":3458,"pop_2019":3220,"pop_2021":3286,"pop_2022":3464,"pop_2023":3522,"pop_2024":3258}},{"type":"Feature","geometry":{"type":"Polygon","coordinates":[[[-80.48064900007023,33.76835099996155],[-80.4813799996411,33.768198000244375],[-80.47975600011765,33.760730999957495],[-80.47907900007515,33.75836300001362],[-80.47800000034972,33.756061999786816],[-80.47571499977894,33.75307899994488],[-80.47536300032476,33.75267699992568],[-80.47367199995584,33.750752999811496],[-80.47294999970747,33.7501600000423],[-80.47215999968704,33.74911400026483],[-80.47180300020997,33.74872399980865],[-80.471474000322,33.74824299976612],[-80.47115200010674,33.74740399998512],[-80.47103400010596,33.74709599986643],[-80.47070299966985,33.74624199972729],[-80.47067500008076,33.746057999964],[-80.47061999982917,33.745988999857644],[-80.47045400014781,33.74529699985591],[-80.47061700035444,33.74472099994871],[-80.4706159996312,33.74405200024288],[-80.47042300018568,33.743890000175796],[-80.46992900044127,33.74384100009062],[-80.46962700031749,33.743701999788115],[-80.46959899983008,33.74353999980694],[-80.46951699981432,33.74349500033885],[-80.46947300033169,33.74320499963146],[-80.46946300028596,33.743140000304315],[-80.46935000030805,33.74238800016331],[-80.4691019997126,33.74197300017676],[-80.46836000027109,33.74120999996431],[-80.4682210003539,33.74093299980469],[-80.46811199967566,33.740795000254366],[-80.46797299975847,33.740403000331405],[-80.46794199979634,33.73846600006505],[-80.46785899995565,33.73828200005473],[-80.4678549997577,33.73802200022805],[-80.46783999968909,33.7366149999913],[-80.46798000032949,33.73612200027367],[-80.46817500032316,33.73567399982353],[-80.46839600025608,33.735294000269406],[-80.46859000042485,33.735070000042604],[-80.46861800001396,33.73505800014737],[-80.46949400024809,33.734659000246644],[-80.46993299974092,33.73431499993995],[-80.47015200002403,33.73388000014426],[-80.47016700009264,33.733654999642184],[-80.4701789997882,33.733466999982106],[-80.47004200041918,33.732986000292016],[-80.47001499975669,33.73280300006371],[-80.46986699961867,33.732519999901534],[-80.4697970001968,33.732413000148796],[-80.46947900017946,33.732021000026506],[-80.46925800024653,33.731666999917095],[-80.46915600013928,33.731624999731245],[-80.46872400031914,33.731105999633435],[-80.46871400027341,33.731065999871326],[-80.46858100020403,33.73097100026819],[-80.46977799993023,33.72894500036555],[-80.47380900022317,33.722119999851564],[-80.47421900030201,33.72142599991109],[-80.47511999975218,33.720003999825515],[-80.4784439998654,33.71425600025774],[-80.47661100010458,33.714198999806136],[-80.47111299974868,33.714030999867425],[-80.46928099981275,33.713974999814816],[-80.46918600027652,33.71397199966418],[-80.46861899983885,33.713959999807884],[-80.46663299991715,33.713917999923915],[-80.46597099994324,33.71390500025814],[-80.46512300019648,33.71388700008537],[-80.46257999988288,33.71383400009441],[-80.46173299996104,33.71381699970971],[-80.46045300039418,33.71375999971392],[-80.45661399972182,33.71358900024677],[-80.45538100001063,33.71353500026565],[-80.45533499997988,33.71353500026565],[-80.4552889999491,33.713533999712155],[-80.45515599987972,33.71353200009964],[-80.45461899957931,33.71352499996095],[-80.45444100020238,33.71352300034822],[-80.45436400020948,33.7138790001734],[-80.45413400005572,33.71494999987645],[-80.4540629999106,33.715283000207464],[-80.45405799988772,33.715308000081485],[-80.45338400021825,33.7184450002118],[-80.45136499978628,33.72785899986516],[-80.45095300005762,33.72978100030066],[-80.4506910001168,33.73099699965885],[-80.45066000015467,33.73113899992742],[-80.45056700026825,33.73156800035332],[-80.45054399980371,33.731677999944615],[-80.45053700013102,33.73171200036026],[-80.45028500023594,33.73288899991753],[-80.4495289996524,33.73642099986768],[-80.44929299965084,33.737528000104525],[-80.44921999985591,33.737531000178905],[-80.44801999975667,33.73758099965971],[-80.44441899963401,33.73773400023568],[-80.443220000258,33.73778499986901],[-80.4411790000847,33.73787099995835],[-80.43505899993788,33.738129999975925],[-80.43301899958949,33.738216999985156],[-80.43092499971274,33.73830599968871],[-80.43085299974271,33.73809400007507],[-80.42863900021537,33.7314989997974],[-80.4279010000735,33.729300999742826],[-80.4270209996414,33.72696999978495],[-80.42593500024327,33.724090000054574],[-80.42999099975228,33.72239599977789],[-80.43228999966843,33.72143600004265],[-80.43291200035767,33.7211780001607],[-80.43312800026774,33.7198520002451],[-80.43410099968796,33.713879999975624],[-80.43442600027628,33.711889999871026],[-80.43150800004393,33.71214099976497],[-80.42275699971992,33.71289599990299],[-80.4198400002108,33.71314799965614],[-80.41733000040745,33.713354999834166],[-80.40980199974892,33.713976000363175],[-80.40729299977048,33.714183999838326],[-80.40554799987319,33.7143429998122],[-80.40031599965609,33.71482199979153],[-80.3987759997982,33.71496399992086],[-80.39857300030692,33.71498299965724],[-80.39725799968163,33.715095999693624],[-80.39331599997546,33.715436000189094],[-80.39200299989831,33.71555000015936],[-80.39201299994404,33.71606200024351],[-80.39204599955602,33.717601000133705],[-80.39205700032497,33.71811399969516],[-80.39207599969323,33.7190120002669],[-80.39213299959464,33.72170600016607],[-80.39215299968613,33.722605000222664],[-80.39220200008992,33.7228889999042],[-80.39234600002999,33.72372600024025],[-80.39234900040302,33.72374100003527],[-80.39239899973342,33.72402499969396],[-80.39243100041878,33.72429499989248],[-80.39253000015299,33.72510600029342],[-80.39256299976495,33.725376999748335],[-80.39261499964348,33.725604000367284],[-80.39275399956065,33.72620200009141],[-80.39280899981225,33.726246999664724],[-80.39281100036038,33.72626300017142],[-80.39285099964503,33.726494000056974],[-80.39286400006384,33.72657299968755],[-80.3929050000717,33.726809999637275],[-80.39291900031542,33.72688899972412],[-80.3929679998209,33.72723200026979],[-80.393115000134,33.7282629996753],[-80.3931639996395,33.728607000337206],[-80.39317899970811,33.72870899996435],[-80.39322499973886,33.72901599998566],[-80.39324099963238,33.72911900024566],[-80.39331099995259,33.72958299969546],[-80.39352199983976,33.73097599977804],[-80.39359299998488,33.73144099999094],[-80.3936359996426,33.731639000044495],[-80.39376799988707,33.732232999705154],[-80.393812000268,33.732431000172404],[-80.39434399964723,33.73483200018805],[-80.39594100030484,33.742035999945784],[-80.39647400040731,33.74443800025777],[-80.3965720003166,33.744893999767065],[-80.39686900041752,33.74626499995004],[-80.39696800015173,33.74672200036936],[-80.3969739999995,33.74674999980099],[-80.39698999989304,33.746824000122295],[-80.39698999989304,33.746834999700326],[-80.3969930002661,33.746864000006994],[-80.39718099968874,33.746956000193755],[-80.3972689995523,33.7470160002949],[-80.39760599983619,33.747261999747735],[-80.39924699997638,33.74851199980099],[-80.39982600010961,33.748970000337394],[-80.40010300011905,33.74918300009764],[-80.4001769997389,33.74925599967631],[-80.40036199968684,33.74945399969411],[-80.40057599994708,33.74973999965955],[-80.4007530003974,33.74999999981894],[-80.4012129998066,33.750715999860205],[-80.40138600005898,33.75099199967747],[-80.40174599990908,33.75156800003913],[-80.40184999966617,33.751743999813534],[-80.40191300031367,33.75186299988914],[-80.4019359998799,33.751904999876395],[-80.40200299982705,33.75207599993225],[-80.4020570002537,33.75227899992274],[-80.4021819999272,33.753016000072],[-80.40224100037672,33.75337199964643],[-80.40296699992471,33.757501999774405],[-80.40301600032853,33.75782999985384],[-80.40304800011559,33.75800900032197],[-80.40308999994839,33.75817299992202],[-80.40313099995626,33.75835899989025],[-80.40320700012424,33.75860200032479],[-80.40334900041447,33.758980999655215],[-80.40344099957765,33.75921699967449],[-80.40582900008059,33.764833999993655],[-80.4065479999559,33.76655000024399],[-80.4067160001854,33.76696500001967],[-80.40676999971375,33.76716599999473],[-80.40677800010967,33.767287000172246],[-80.40679300017828,33.76741600032757],[-80.4068080002469,33.767737000357585],[-80.40680700042198,33.76788000020713],[-80.40679800020115,33.76800800029829],[-80.40673600027688,33.76833599975244],[-80.40653100023746,33.77008299978034],[-80.4064989995521,33.77030100030709],[-80.40645900026743,33.7705060002279],[-80.40641200041176,33.770667000149665],[-80.40636399983288,33.77087799999724],[-80.40627799961915,33.771172999854514],[-80.40619200030375,33.771403999765184],[-80.40612899965625,33.77158900026604],[-80.40603499994491,33.771819999801934],[-80.40594999955611,33.77201199999925],[-80.40585599984476,33.77220399976632],[-80.40571899957742,33.77246600022437],[-80.40554500039846,33.772774000297],[-80.40539700026045,33.77300399976479],[-80.40522599965793,33.77322200032674],[-80.4049789997857,33.77356699973302],[-80.40337700000356,33.77573500023561],[-80.40297000029778,33.77628299986608],[-80.4023159998215,33.77716400030097],[-80.4014439997853,33.778338000112356],[-80.40038699980119,33.77977300024036],[-80.3997340000481,33.780659000220155],[-80.39796999988425,33.7830189998466],[-80.39772700021001,33.783323000350116],[-80.39665500015728,33.78477800025969],[-80.39475100025133,33.787334000335804],[-80.39370400031297,33.7887439996835],[-80.39294799972943,33.78976299968761],[-80.39241299997714,33.79048400027777],[-80.39221999963328,33.79071600002458],[-80.39189900014124,33.79103900014079],[-80.39175799967592,33.791154999714074],[-80.39161100026114,33.79128399976296],[-80.39154900033687,33.79133300034979],[-80.39141999956712,33.79141499965418],[-80.39099500031799,33.7916699998478],[-80.38970200033232,33.79242300027279],[-80.38956800043802,33.79249899999237],[-80.38937799956891,33.792606999792106],[-80.38861100001303,33.793056000229384],[-80.38792899994763,33.79344900012601],[-80.38738999999738,33.793743999888825],[-80.3870829998507,33.79390300019978],[-80.38658900010631,33.79414900019761],[-80.38575600042817,33.79454899980162],[-80.38534799999917,33.79475000000188],[-80.3833500003819,33.79572799964556],[-80.3820280000839,33.79637199973828],[-80.38170000002087,33.79654099997895],[-80.38118700000987,33.79679200001221],[-80.380773999558,33.79699500007772],[-80.38063499964082,33.79707100021745],[-80.38039000031675,33.797218000168506],[-80.38019500032308,33.79736100007161],[-80.38008599964483,33.79745099990377],[-80.37994699972765,33.79757800027735],[-80.37977900039647,33.79776199991422],[-80.3794999998389,33.798132000120624],[-80.37909499978294,33.79872199994546],[-80.37888200024594,33.79903999969525],[-80.37860199986345,33.79945799971944],[-80.37709600034077,33.801654000353345],[-80.37696200044647,33.80184999969011],[-80.37602599993787,33.80322199964716],[-80.37563099992765,33.80379300000181],[-80.37535899994108,33.8041949998094],[-80.3751489998788,33.80454100008126],[-80.3750640003883,33.80472599991371],[-80.37502000000738,33.80485299994237],[-80.37497499980154,33.80501100028503],[-80.37494100036466,33.80518400006583],[-80.37492100027318,33.80535400030362],[-80.37490899967928,33.805587999762345],[-80.3748740004175,33.80677600023459],[-80.37479800024953,33.80923800034762],[-80.37478400000582,33.809702999986605],[-80.37477200031026,33.81027099987104],[-80.37472100025664,33.812240000169744],[-80.37464799956338,33.814562000113746],[-80.37459900005788,33.81592200022482],[-80.37457700031659,33.81654000030141],[-80.37456999974557,33.816775999956775],[-80.37454499963123,33.8176869997318],[-80.37452999956261,33.818049999797815],[-80.37441099973692,33.82146599989499],[-80.37433499956893,33.82349600025674],[-80.37431500037577,33.82381599975114],[-80.37429000026142,33.823928999638674],[-80.37428299969041,33.82396500004698],[-80.37418200030638,33.82429000006191],[-80.37411600018413,33.824463999667806],[-80.37407000015338,33.82456700015123],[-80.37392000036554,33.82482500007124],[-80.3738170004334,33.82496500010694],[-80.37365099985372,33.82515199979708],[-80.37358300008167,33.82522000032931],[-80.3734309997457,33.82535999971827],[-80.37336299997362,33.82541600015597],[-80.37308400031438,33.82561400026328],[-80.37245599977736,33.826023999668664],[-80.37256999958016,33.82614600024064],[-80.37282099965034,33.82643000016391],[-80.37291899955962,33.826553000137466],[-80.37301300016927,33.826682999789774],[-80.3731629999571,33.82691000002333],[-80.37332199996575,33.82718099999286],[-80.37341700040032,33.82735800034637],[-80.37348500017238,33.82750299981484],[-80.3735859995564,33.82775000019592],[-80.37363699961003,33.82789399978065],[-80.37371299977801,33.82813000019249],[-80.37378200027331,33.82838899976819],[-80.37380900003748,33.82851499978229],[-80.37385199969518,33.828785999888204],[-80.37388600003037,33.82905000022001],[-80.37389400042629,33.82939100021936],[-80.37410199994044,33.829363000187506],[-80.37425799957605,33.829335000146486],[-80.37489699998373,33.82917899985667],[-80.37546600007121,33.82904700036496],[-80.37608299983927,33.828888999642565],[-80.37648799989522,33.8287679999546],[-80.37665899959944,33.82871200021991],[-80.3771480002193,33.82852000031794],[-80.37744399959699,33.82839199964628],[-80.37750700024449,33.82836499999319],[-80.37933499998246,33.82754500002669],[-80.38050800031753,33.82704799968007],[-80.38156100010369,33.826621000301714],[-80.38203700030475,33.82643300011073],[-80.38218500044276,33.82637800032206],[-80.38228500000187,33.826348000083215],[-80.38248099982044,33.826297000175394],[-80.38285699956408,33.82621599995198],[-80.38310799963426,33.82616899990692],[-80.3846190000781,33.82601499978472],[-80.38631200009688,33.82584300032824],[-80.38805699999416,33.8256719997707],[-80.38953099972979,33.82552100022473],[-80.38967399984492,33.825514000273955],[-80.38978099997503,33.82550300035002],[-80.39012599975653,33.82550100036372],[-80.39018000018321,33.825505000336335],[-80.39029300016111,33.82551000030176],[-80.39058799971389,33.82554100008107],[-80.39066999972965,33.82555399998524],[-80.3907579995932,33.825566999887364],[-80.3908000003243,33.82557699981071],[-80.39081700004274,33.82558099977972],[-80.39102700010504,33.82563500008949],[-80.39128800022095,33.82571600011709],[-80.39152199967437,33.825807999953945],[-80.39173199973663,33.82590600036892],[-80.39182499962307,33.82595499978801],[-80.39211900024925,33.826126999765414],[-80.39372299968122,33.82709400001366],[-80.39385999994859,33.8271819999664],[-80.39391000017729,33.82720400012699],[-80.3939539996599,33.82721299988578],[-80.39400899991149,33.82721699977826],[-80.39413100011024,33.827207000046656],[-80.39417399976793,33.827170000283445],[-80.39432899957863,33.827148000114086],[-80.39440599957153,33.82714600016626],[-80.3945229997474,33.82715200000961],[-80.3948750000999,33.827183999913395],[-80.39533700005725,33.82721999969752],[-80.39548600002017,33.82724499976667],[-80.395783999946,33.82731600004271],[-80.3959520001755,33.8273690000316],[-80.39625699977404,33.82748800026724],[-80.39642300035368,33.82756500015585],[-80.39658300018725,33.82764499987941],[-80.39748700001049,33.828187000270184],[-80.3977409995554,33.82832500010447],[-80.39784600003568,33.82837700025463],[-80.3980999995806,33.828490000084436],[-80.3982410000459,33.82854599996455],[-80.39836300024464,33.82858499979282],[-80.39857099975879,33.8286529998334],[-80.3988600003621,33.82872900020987],[-80.399190000075,33.828803999817964],[-80.3994019997871,33.828845000182866],[-80.39965000038252,33.828884999828304],[-80.39985700007178,33.82890099983051],[-80.40008700022553,33.82891200006342],[-80.40029399991477,33.82890299973729],[-80.40049499975622,33.828884999828304],[-80.40105399979795,33.82880799963606],[-80.40176900037362,33.82869099965698],[-80.40305999981115,33.82847200008857],[-80.40332199975197,33.82842399983219],[-80.40348999998146,33.82840100002626],[-80.40385300020462,33.828367999872114],[-80.40404800019829,33.828364000033496],[-80.40450400030787,33.828370999750994],[-80.40467500001209,33.82837700025463],[-80.40487000000576,33.82839500027056],[-80.40511500022815,33.82842799966802],[-80.40531799971943,33.828466000337805],[-80.40551600008614,33.82851099995053],[-80.40591000027145,33.82862199968989],[-80.40626599992359,33.828753999837836],[-80.40644300037393,33.82882700026175],[-80.40672299985808,33.82895900009312],[-80.40687799966877,33.82904599966704],[-80.40728500027286,33.829285999679485],[-80.40742500001497,33.82937299966689],[-80.40770500039744,33.82953400007905],[-80.40785099998732,33.82960999967234],[-80.40800800034614,33.82968300011158],[-80.40824900037056,33.829779999873],[-80.40870499958183,33.829931000105745],[-80.4092939997608,33.830051999640126],[-80.41001099998628,33.82885099990705],[-80.41030600043737,33.82835900023492],[-80.41195000005234,33.82570400022838],[-80.41359100019255,33.82303000019928],[-80.41503999981381,33.820651999740406],[-80.4164960000061,33.81830000010287],[-80.41693799987196,33.8175790002351],[-80.42006199996864,33.81230199963461],[-80.42253699961189,33.80828699985705],[-80.4229590002846,33.80741599997845],[-80.42636899971323,33.8015580003164],[-80.43162199984675,33.79279400004257],[-80.43213700040586,33.79193599979081],[-80.43252900004302,33.791274000310125],[-80.4328860004184,33.79067399964716],[-80.43545800014604,33.78641200020584],[-80.44088000033396,33.78283799986445],[-80.44161799957753,33.776544999796975],[-80.44167000035439,33.7760419999318],[-80.44210999967211,33.77527899974591],[-80.44369499973583,33.772572000170705],[-80.444382999649,33.77143200009673],[-80.44588900007001,33.768814000096725],[-80.44747900015659,33.76612900031107],[-80.44766900012738,33.766134000011995],[-80.44778499958002,33.76613999965273],[-80.44785599972512,33.76613999965273],[-80.44802800015259,33.76611299977261],[-80.4481639996967,33.76606299975091],[-80.44824499988756,33.76602499974477],[-80.44838100033,33.765997999828414],[-80.44845499994986,33.76602699962763],[-80.44851900042225,33.76603399996393],[-80.4487410001801,33.766015000329915],[-80.44957899988111,33.76587600012806],[-80.45084400027768,33.76564999997942],[-80.45399699978836,33.765013999977505],[-80.45470200031828,33.764856999709764],[-80.45664899988192,33.7644620001234],[-80.45699000036379,33.76441599972609],[-80.45726700037322,33.76440000036141],[-80.45758600021546,33.76439499981251],[-80.45841700024377,33.764433999754615],[-80.45938200016636,33.764445000060576],[-80.46040800018834,33.7644879998175],[-80.46154399981516,33.7645219999226],[-80.4623559995769,33.764588000175955],[-80.46279599979295,33.76463199981876],[-80.4638000000736,33.76476899988581],[-80.46430700023681,33.76482800026149],[-80.46468999965315,33.76488899975916],[-80.4651299998692,33.76498599978912],[-80.46561199991804,33.765082999709286],[-80.46663999958984,33.7653480001326],[-80.46704399982089,33.76544499964304],[-80.4673269996781,33.76552899973089],[-80.46757500027354,33.765612999736405],[-80.46824399992013,33.765916000085696],[-80.46896600016849,33.766233000004355],[-80.46975899966364,33.766575000116404],[-80.47011699986393,33.76676999991651],[-80.47042700038364,33.76697899979173],[-80.47060399993565,33.767151000324986],[-80.47068900032446,33.76724700010781],[-80.47078100038598,33.76731199982967],[-80.47091500028029,33.767390000028264],[-80.4710640002432,33.76745600031318],[-80.47146099990321,33.76755800004252],[-80.47279300024695,33.767884999805894],[-80.47342699973343,33.76801900014549],[-80.4737899999566,33.76813199978416],[-80.47407899966161,33.768204999656554],[-80.47470600037373,33.76836400033981],[-80.47510100038394,33.76843300036134],[-80.47566500044854,33.768491999708004],[-80.47611999983489,33.768534999674515],[-80.4766980001432,33.76856599993222],[-80.47737900038369,33.768617999809365],[-80.47777299967068,33.76862499993406],[-80.47812699967301,33.76862699975619],[-80.47869900013355,33.76860899986165],[-80.47914600002228,33.768590000051766],[-80.47956899962158,33.76855699997899],[-80.47980999964601,33.768529000201454],[-80.48011000011998,33.76847299987217],[-80.48064900007023,33.76835099996155]]]},"properties":{"GEOID":"45085001904","TRACT":"001904","NAME":"Census Tract 19.04","county_name":"Sumter","aland_sqkm":62.753,"is_greater_area":true,"pop_2020":2306,"pop_2010":null,"has_2010":false,"growth_pct":null,"growth_abs":null,"density_per_sqkm":39.2,"pct_nonwhite":35.6,"median_income":59531,"median_age":35.6,"median_home_value":105300,"median_gross_rent":849,"poverty_rate":15.1,"pct_bachelors_plus":10.7,"unemployment_rate":2.5,"pct_wfh":3.2,"total_housing_units":1067,"vacancy_rate":12.2,"owner_occ_rate":77.7,"pct_single_family":61.3,"median_year_built":1984,"pop_2021":2418,"pop_2022":2459,"pop_2023":2881,"pop_2024":2864}},{"type":"Feature","geometry":{"type":"Polygon","coordinates":[[[-80.3943830000053,33.951197999698465],[-80.394473000417,33.95112999966513],[-80.39298299988953,33.95110100006176],[-80.39185700030843,33.951078999790774],[-80.38945399973689,33.95103199993794],[-80.38716499986647,33.95099800023435],[-80.3870669999572,33.95041000001148],[-80.38691899981919,33.94945299978615],[-80.38682500010785,33.948837999768784],[-80.38676400000848,33.94849700002011],[-80.38670899975689,33.94819299988332],[-80.38662300044149,33.947674000322316],[-80.38659199958104,33.94751700013887],[-80.38654800009841,33.947330000211764],[-80.38646299970961,33.947016999836784],[-80.38636700034844,33.94673100003051],[-80.38632999964022,33.94662199974204],[-80.38613800001959,33.946132000105074],[-80.38548400044161,33.94455600022904],[-80.38515200018058,33.943753000168435],[-80.38502900015693,33.943457999656054],[-80.38470600011676,33.942667000262055],[-80.38458800011597,33.94238499971272],[-80.38448699983364,33.942103999837634],[-80.38440800019092,33.94185399980553],[-80.38429900041098,33.94141100027077],[-80.38421499984707,33.94103800013657],[-80.38419999977846,33.940975000094475],[-80.38404999999065,33.940297000132766],[-80.38392899961681,33.93974599994287],[-80.38381999983686,33.939222999695055],[-80.38357999963736,33.93806299985121],[-80.38349900034481,33.937670999708104],[-80.38344699956797,33.937461000273125],[-80.38339600041265,33.937290999854355],[-80.38332100006957,33.9370659998084],[-80.38325699959718,33.93692200027188],[-80.38311600003017,33.9366459996721],[-80.383013000098,33.936467999880044],[-80.3828930004474,33.93629600008764],[-80.38275500035516,33.93611199992498],[-80.3826740001643,33.93600899984669],[-80.38236600019272,33.93564100011942],[-80.38221399985676,33.935443000268336],[-80.3821329996659,33.93531800025323],[-80.3821040002519,33.93527300029233],[-80.38193900039546,33.93495099997747],[-80.38164800014232,33.93426299988159],[-80.3812039997283,33.93318000033108],[-80.38114299962893,33.93302900010489],[-80.380929000267,33.93257600005587],[-80.38067800019685,33.932122999833126],[-80.38001500039803,33.930918000132074],[-80.37995199975053,33.93080200020326],[-80.37870700034374,33.93124400028121],[-80.37578099971547,33.93227899985114],[-80.37496899995375,33.932561000333834],[-80.37481099976999,33.93259799989176],[-80.37465299958625,33.93262699983621],[-80.37451600021723,33.932645999717394],[-80.37436399988125,33.93265599977079],[-80.37421400009343,33.93265800022852],[-80.37402900014551,33.93265100011687],[-80.37384400019756,33.932632999720674],[-80.37367099994522,33.93260900018028],[-80.37349799969284,33.93257700028567],[-80.37298399985696,33.93250299964482],[-80.3726569996188,33.932455999969875],[-80.37219300001162,33.93237700029918],[-80.37152400036501,33.93227599989646],[-80.37131900032561,33.93225399997738],[-80.37102499969943,33.932249000299876],[-80.37075000023813,33.93227100022025],[-80.37058100018372,33.93230099976382],[-80.3703679997484,33.93235199970885],[-80.37014799964037,33.93242699996719],[-80.36994900034706,33.93252200029896],[-80.36960500039048,33.93269899991259],[-80.36929700041888,33.93285199968647],[-80.36775699966269,33.93076499986499],[-80.367417999729,33.93032000025889],[-80.36667100026459,33.9293410000965],[-80.36663299973144,33.92928999983903],[-80.36593700032067,33.92836399967447],[-80.36561199973234,33.92860099994431],[-80.36521699972212,33.92908499972369],[-80.3649539999564,33.92995999964668],[-80.36486100006998,33.93055900006503],[-80.36481300038942,33.931732000161446],[-80.36458900008341,33.93345699971427],[-80.36448799980107,33.934975000348466],[-80.36399300023174,33.93514800002766],[-80.36378900001726,33.93522800030763],[-80.36361599976489,33.93530099987328],[-80.36333600028073,33.935443000268336],[-80.36322599977754,33.93551100016367],[-80.36308500021055,33.9356039996477],[-80.36282800029261,33.93580800027581],[-80.36272000033756,33.9359040000077],[-80.36258399989514,33.93603500029789],[-80.36245300037388,33.93617399965157],[-80.36208199975479,33.93658800027482],[-80.36198300002059,33.93670099997639],[-80.36174299982109,33.936952999845865],[-80.36157899978956,33.93711699988083],[-80.36137399975014,33.93730500005948],[-80.36100700022735,33.9376239999044],[-80.36086099973915,33.93778000027887],[-80.36078899976911,33.93785900015401],[-80.3616599999804,33.93840499982515],[-80.36267299958358,33.93904299976581],[-80.3634979997641,33.939550000244935],[-80.36362099978776,33.9396239999786],[-80.36356300006145,33.93992300019113],[-80.3634890004416,33.94057199994044],[-80.36328000020423,33.94146699985812],[-80.36291600015616,33.942753000101035],[-80.36274899975156,33.94326900029111],[-80.36264400016958,33.94374600022368],[-80.36250600007732,33.94493899995452],[-80.36244800035102,33.94617800035825],[-80.36234000039597,33.946727999839865],[-80.3623079997106,33.947093999964366],[-80.3622790002966,33.94744299981437],[-80.36199300006635,33.94823200019204],[-80.36163300021622,33.94880800009044],[-80.36136999955218,33.94909499965986],[-80.36094299975493,33.949451999754594],[-80.36079600034013,33.94958600015303],[-80.36077399970053,33.949607000035066],[-80.36065099967688,33.949673999766],[-80.36049800041431,33.94977799973326],[-80.36048400017062,33.949795000203075],[-80.36032000013907,33.949919999827266],[-80.36005099962725,33.950126999755035],[-80.35953599996645,33.95072999994721],[-80.35921700012422,33.951374999979734],[-80.35917899959107,33.95162899964328],[-80.35913099991049,33.95196300024141],[-80.3590260003285,33.95273499981979],[-80.35885599955087,33.95322900013774],[-80.35879699999964,33.95337600036195],[-80.35866700030331,33.95379100002001],[-80.35831900014875,33.95459200006641],[-80.35816500016297,33.95578599973223],[-80.3581459998964,33.95586300012219],[-80.35808800017008,33.956256999846595],[-80.35804700016219,33.956710999759174],[-80.35804299996423,33.95673699984823],[-80.35803600029155,33.95680899965219],[-80.35802100022293,33.95696399994444],[-80.35798600006282,33.95727299974205],[-80.35803000044375,33.95862699965666],[-80.35813400020083,33.959567000272415],[-80.35829200038458,33.96034700012748],[-80.3584000003396,33.96053000015812],[-80.35847999980724,33.96089800032277],[-80.35869700044053,33.96128700036547],[-80.35883299998466,33.961400999952886],[-80.35885999974883,33.96151600002235],[-80.35921399975116,33.96188299976152],[-80.359992000076,33.96256400025555],[-80.36067499996632,33.96314199973986],[-80.3617939998747,33.963963999731334],[-80.36298399992822,33.96470599990843],[-80.36412899977586,33.96541100013773],[-80.36538999997448,33.96624299964071],[-80.36740400038362,33.96506899990346],[-80.36884499960895,33.964228999739404],[-80.36926700028167,33.96399599974804],[-80.36959699999454,33.963800000015695],[-80.37048199955119,33.96327600018614],[-80.3711209999589,33.9628950000322],[-80.3711500002712,33.962878999818244],[-80.37127300029486,33.9628089996851],[-80.37155600015207,33.962651999858195],[-80.37178799995567,33.96251100002764],[-80.37322099968343,33.961821000133966],[-80.37363800033324,33.96162300008344],[-80.37432799989624,33.96129700003476],[-80.37663199983527,33.96020800001211],[-80.37862899962762,33.95925799986524],[-80.37973300036572,33.958732999703486],[-80.37984100032075,33.958680999992254],[-80.38079100017475,33.958230999873976],[-80.38093699976461,33.95816400017432],[-80.38106599963605,33.958103999931495],[-80.38139000039946,33.95795800035596],[-80.38202100041123,33.957626999997366],[-80.38269900027866,33.95730100028315],[-80.38365599980533,33.95684100012506],[-80.38386599986762,33.95676499982067],[-80.38399499973904,33.956763999875044],[-80.38411299973983,33.956763999875044],[-80.38481200042197,33.95679099989323],[-80.3851100003478,33.956810000342415],[-80.38545699977911,33.95681200023258],[-80.38553200012218,33.956807999707074],[-80.38561999998574,33.95679199983853],[-80.38603400026253,33.956799000200505],[-80.38624500014973,33.95680699976195],[-80.38635700030271,33.9568110002875],[-80.38642400024986,33.95681300017764],[-80.38705699991144,33.956837000346],[-80.38785199995475,33.956866000229965],[-80.38865600021886,33.956896000048076],[-80.38923799982682,33.95691700036157],[-80.3894610003079,33.95692499991193],[-80.39011400006096,33.95694900004863],[-80.39051400009404,33.95696399994444],[-80.39066700025494,33.95697300017863],[-80.39076699981405,33.95697899983754],[-80.3910100003866,33.95699399972799],[-80.39116400037238,33.9570130001319],[-80.39140000037396,33.957042999898185],[-80.39161399973587,33.95706400017539],[-80.3919540003928,33.95712600028938],[-80.39225899999134,33.95719499994243],[-80.39253600000077,33.95726400028471],[-80.39292599998811,33.957375000231885],[-80.39314899957087,33.95744700024106],[-80.39323800015764,33.95748200028561],[-80.39322200026412,33.9573339997648],[-80.3932070001955,33.957198999704666],[-80.39309400021759,33.95684100012506],[-80.39313900042345,33.95657099971624],[-80.39358399976406,33.956244999681466],[-80.39361999974905,33.95600299983988],[-80.39355699999986,33.955618000061946],[-80.39362899996989,33.95526099975448],[-80.3936080000535,33.95512100030615],[-80.39369500009214,33.95445600015368],[-80.39365400008425,33.954321999972265],[-80.39357700009137,33.95407100008222],[-80.39353899955822,33.9535579997555],[-80.39355799982478,33.95342900031969],[-80.39351900036505,33.953295000011295],[-80.3934809998319,33.953086000360216],[-80.3934809998319,33.952912999875686],[-80.39354699995413,33.95277300029],[-80.3935739997183,33.9526129998427],[-80.39368800041944,33.952054999635976],[-80.3943830000053,33.951197999698465]]]},"properties":{"GEOID":"45085000901","TRACT":"000901","NAME":"Census Tract 9.01","county_name":"Sumter","aland_sqkm":7.769,"is_greater_area":true,"pop_2020":4422,"pop_2010":3936,"has_2010":true,"growth_pct":7.6,"growth_abs":300,"density_per_sqkm":545.2,"pct_nonwhite":65.7,"median_income":44808,"median_age":36.0,"median_home_value":126700,"median_gross_rent":1046,"poverty_rate":16.6,"pct_bachelors_plus":31.0,"unemployment_rate":10.2,"pct_wfh":2.5,"total_housing_units":2111,"vacancy_rate":14.6,"owner_occ_rate":28.9,"pct_single_family":45.2,"median_year_built":1982,"pop_2014":3906,"pop_2015":3756,"pop_2016":4181,"pop_2017":4231,"pop_2018":4376,"pop_2019":4131,"pop_2021":4829,"pop_2022":4342,"pop_2023":4163,"pop_2024":4047}},{"type":"Feature","geometry":{"type":"Polygon","coordinates":[[[-80.45008299967128,33.90171799986547],[-80.4500559999071,33.90161099981825],[-80.44963699960742,33.89964900005208],[-80.44948900036775,33.89895700017579],[-80.44872399956334,33.895376000034204],[-80.44868199973055,33.89517999965773],[-80.44832899955315,33.89353199998005],[-80.44787800036475,33.89146399986256],[-80.44761899989867,33.89028099967849],[-80.44736299980563,33.88905399972374],[-80.44671400025052,33.886017999653255],[-80.44638399963934,33.88447100019905],[-80.4462410004225,33.8838280000046],[-80.44619500039175,33.88366699974357],[-80.44618399962278,33.8836289997627],[-80.44614199978999,33.88351799989832],[-80.44589800029082,33.88298700000038],[-80.4458399996662,33.88286099977965],[-80.44560399966466,33.88234499988182],[-80.44536500018835,33.88182500027339],[-80.44507700030827,33.88121099981644],[-80.44500899963789,33.88109299991726],[-80.44485899985008,33.880866999793746],[-80.44468099957483,33.8806680001035],[-80.44448399993134,33.88048399989074],[-80.44280199978324,33.878912000169706],[-80.44259099989605,33.87910699977993],[-80.44179699967768,33.87964100027529],[-80.44133700026845,33.879871000327704],[-80.44089399967935,33.87993299995687],[-80.43982400017475,33.879806000343315],[-80.43875600031997,33.879871999684575],[-80.43777200013079,33.88001299986897],[-80.43708599986745,33.879829999838485],[-80.43665400004733,33.87980099982612],[-80.4363989997792,33.87978400030295],[-80.43524600043393,33.87992100022464],[-80.43473800044583,33.87998800032402],[-80.43282899961868,33.88024200031195],[-80.43118099980578,33.88021900028546],[-80.43016499982954,33.88008099999627],[-80.42917599961748,33.879898000111616],[-80.42689500014302,33.88003499985028],[-80.4255219997914,33.88028700024859],[-80.42535699993496,33.88028700024859],[-80.42499999955959,33.88035600025448],[-80.42340699999826,33.88035600025448],[-80.42241899961112,33.880011999767945],[-80.4218689997902,33.87959900031552],[-80.42148499965064,33.879461999876845],[-80.42002900035669,33.8792790001563],[-80.41961699972974,33.87927800004668],[-80.41892999964146,33.879186999720616],[-80.41766500014322,33.87913999972726],[-80.41623499989021,33.879344999905115],[-80.41552100003776,33.87922999999332],[-80.41411900027214,33.87886299979597],[-80.413567999728,33.87861000029544],[-80.41315599999936,33.878472999760554],[-80.41043500030882,33.87847100026828],[-80.40933499976867,33.87814900010821],[-80.40859300032716,33.87814900010821],[-80.40732700010565,33.87855999963031],[-80.40617700023513,33.87870699969737],[-80.40589799967755,33.87874300014704],[-80.40559499972886,33.8786740003284],[-80.40515600023602,33.87835200018853],[-80.4049069998157,33.878192000158165],[-80.40449599991194,33.87818299980262],[-80.40442399994193,33.87948000031724],[-80.40440700022349,33.87957700022178],[-80.40435399962173,33.87995999972118],[-80.40427300032918,33.880275999918226],[-80.4042170002527,33.880449000271454],[-80.40414899958232,33.88062000008625],[-80.40407800033553,33.88077099995613],[-80.40402200025903,33.880882999756196],[-80.40394199989308,33.8810360000844],[-80.4038370003111,33.881206000127385],[-80.40324200028434,33.882122000320244],[-80.40303899989475,33.88250300018492],[-80.40297199994761,33.88266300033525],[-80.40290500000046,33.88284400012034],[-80.40285700031988,33.883003000311064],[-80.40281799996181,33.88315699988496],[-80.40277600012901,33.88336100004508],[-80.40275299966449,33.88355299975021],[-80.40273500012114,33.88382100035626],[-80.40272000005253,33.88519300025611],[-80.40269800031123,33.88620700000537],[-80.40268400006751,33.88638100029083],[-80.40265999977808,33.886587000247154],[-80.40259700002888,33.88696500024869],[-80.40249699957145,33.88739300005931],[-80.4024589999366,33.8875299996949],[-80.4020289997663,33.88881199984465],[-80.40192800038228,33.88911200015978],[-80.40174400025927,33.8896609997493],[-80.40170099970325,33.889830999757386],[-80.40166200024349,33.89006499986347],[-80.401634999581,33.89028299963971],[-80.40162100023562,33.890568000343734],[-80.40165100037285,33.89096500008258],[-80.40166399989333,33.891053999834334],[-80.40173500003844,33.89154500011335],[-80.40185800006209,33.89235999966287],[-80.4006479999171,33.892164999770316],[-80.39945200001581,33.89197499998151],[-80.39828600025173,33.8917879996584],[-80.3974660000941,33.891655000008484],[-80.39733300002472,33.892133000345744],[-80.39728199997109,33.89233300009437],[-80.3972619998796,33.89245300001675],[-80.39725100000895,33.892531000211285],[-80.39723599994034,33.892777999735344],[-80.3972400001383,33.89287200032929],[-80.39725000018403,33.89293400020431],[-80.39731999960591,33.89335400033544],[-80.39748000033781,33.89438399967754],[-80.3975439999119,33.894829999729176],[-80.39756099963034,33.89505700007026],[-80.39754599956171,33.89529900012646],[-80.39752100034568,33.89546299981727],[-80.39750100025421,33.89553699982002],[-80.39746799974391,33.895631000355664],[-80.39741900023843,33.89590000021344],[-80.39741800041351,33.89608300007238],[-80.3974650002692,33.89640800012521],[-80.39756300017847,33.896747999749564],[-80.3979869996027,33.89826400001583],[-80.39750299990403,33.898631000261936],[-80.39735999978889,33.898740000083656],[-80.39666600002795,33.89926700009503],[-80.39650399964624,33.899382999712486],[-80.3962550001242,33.899574000017935],[-80.39619300019993,33.89962000006659],[-80.39613899977324,33.89966299973303],[-80.39594399977958,33.89979899992253],[-80.39581699955797,33.89987999971302],[-80.39560499984586,33.90000399966665],[-80.39525300039168,33.90019000000463],[-80.3950729995683,33.900271000169305],[-80.3943679999367,33.90058800029476],[-80.39410199979791,33.90070699992708],[-80.39254600004651,33.90139500036605],[-80.39149900010814,33.90185700003979],[-80.39063799994261,33.90223799973668],[-80.38918500012338,33.902884000071616],[-80.38899400032766,33.90296599974555],[-80.38870399989943,33.90308200029528],[-80.38849899986002,33.903149000097365],[-80.38840000012581,33.90317599996932],[-80.38811399989557,33.903253000220026],[-80.38799199969682,33.903276000000645],[-80.38779400022841,33.90331800023229],[-80.38756400007465,33.903359999697685],[-80.38748899973159,33.90337400026043],[-80.3873280000731,33.903397000008425],[-80.38726199995087,33.90340699976717],[-80.38724000020954,33.903410999819485],[-80.3868419998263,33.90345799986092],[-80.38675899998562,33.90346299973693],[-80.38659099975614,33.903474000059504],[-80.3865189997861,33.903478999934514],[-80.38637499984607,33.903488999683724],[-80.38626000021831,33.903496999780444],[-80.38531500038721,33.90357200009169],[-80.385132999914,33.90358699969865],[-80.38458899994089,33.90363000034681],[-80.38416399979344,33.903664000323744],[-80.38267199961615,33.90378099974607],[-80.38193699984733,33.903835999648436],[-80.38049200042401,33.90394500027189],[-80.38015000011725,33.903975000097546],[-80.38001100020007,33.90399600004379],[-80.3798730001078,33.90402299964751],[-80.3797180002971,33.904066000075744],[-80.37927899990596,33.904214999813895],[-80.37924499957079,33.90478100035875],[-80.37924299992096,33.90501700006597],[-80.37926800003531,33.90527999981663],[-80.37929899999746,33.90549000030493],[-80.37933400015756,33.90569000004053],[-80.37943399971668,33.906069999960245],[-80.37951699955734,33.90632799973685],[-80.37963700010626,33.906604999948364],[-80.37979500029,33.90692300016609],[-80.37983600029787,33.90699300003126],[-80.3798589998641,33.90703300035442],[-80.37995099992561,33.90718699978318],[-80.38010999993428,33.90743199979208],[-80.3809779997725,33.9086870001156],[-80.38158200002009,33.90860800002298],[-80.3817319998079,33.90859299980836],[-80.38191199973298,33.908576999825065],[-80.38402499987629,33.908365999717645],[-80.38554299999285,33.908210999666416],[-80.38684799967407,33.90807800028277],[-80.38952700043014,33.90781399969741],[-80.39015900026682,33.90775200020387],[-80.39246200038092,33.90752599988854],[-80.3931429997231,33.90746100010261],[-80.39401899995723,33.90736499962834],[-80.3968049999451,33.9070950003709],[-80.39787299979987,33.90698099963242],[-80.40111099969936,33.906668000064606],[-80.40148200031844,33.90663300000577],[-80.40431699981181,33.906359000007114],[-80.40462200030866,33.906329000274845],[-80.40469299955545,33.90632300002887],[-80.40814300006535,33.905986999747604],[-80.41055099976145,33.905756000230525],[-80.4108010000067,33.90573299962788],[-80.41269999988977,33.9055489998023],[-80.414228999877,33.905400999962346],[-80.41642999988387,33.905188999643144],[-80.41706099989563,33.90512699973153],[-80.41758399995237,33.90507699969782],[-80.41965799973761,33.90487600020571],[-80.42779200029355,33.904090000201265],[-80.42863699966723,33.90400899993688],[-80.43246600029383,33.903603999697424],[-80.43318599999405,33.90352800033461],[-80.43552000007031,33.90328099988727],[-80.4396519997473,33.902844000038385],[-80.44056399996646,33.902745999914906],[-80.44393400011045,33.90239200037165],[-80.44467800010011,33.90231299966432],[-80.44800200021332,33.901965000367476],[-80.45008299967128,33.90171799986547]]]},"properties":{"GEOID":"45085001703","TRACT":"001703","NAME":"Census Tract 17.03","county_name":"Sumter","aland_sqkm":13.0601,"is_greater_area":true,"pop_2020":4680,"pop_2010":4833,"has_2010":true,"growth_pct":11.3,"growth_abs":546,"density_per_sqkm":411.9,"pct_nonwhite":41.6,"median_income":83006,"median_age":43.4,"median_home_value":227500,"median_gross_rent":1602,"poverty_rate":4.2,"pct_bachelors_plus":34.7,"unemployment_rate":4.0,"pct_wfh":3.1,"total_housing_units":2208,"vacancy_rate":10.9,"owner_occ_rate":87.5,"pct_single_family":95.4,"median_year_built":1994,"pop_2014":4977,"pop_2015":4994,"pop_2016":5276,"pop_2017":5302,"pop_2018":5284,"pop_2019":5512,"pop_2021":5048,"pop_2022":4925,"pop_2023":4938,"pop_2024":4875}},{"type":"Feature","geometry":{"type":"Polygon","coordinates":[[[-80.398416999773,33.94509699975942],[-80.3983399997801,33.944897000117415],[-80.398128000068,33.944724000126214],[-80.39749100020845,33.943711999845156],[-80.3973179999561,33.94324600012683],[-80.39726000022976,33.94298399992288],[-80.39706699988592,33.942654999671056],[-80.39694600041041,33.9419240000376],[-80.39691999957283,33.94179000024572],[-80.3969029998544,33.94170599967905],[-80.39690500040254,33.941538999912225],[-80.39695599955783,33.94147100035954],[-80.39695499973294,33.94139699999554],[-80.3969249995957,33.94135800028138],[-80.3969029998544,33.941321000058316],[-80.39687199989226,33.941241000286425],[-80.39681499999085,33.941183000293],[-80.39679099970141,33.94113000016169],[-80.39669500034024,33.94062800007968],[-80.39668699994434,33.94056200007136],[-80.39662500002005,33.94047000017777],[-80.3965990000808,33.94045199994389],[-80.39654100035446,33.94038599979918],[-80.39639099966833,33.93998299983806],[-80.39638599964545,33.93989600003809],[-80.39637899997275,33.9398269997737],[-80.3963399996147,33.939774999688744],[-80.3962989996068,33.93969999994018],[-80.39627100001773,33.93966200034052],[-80.39627100001773,33.93951199983304],[-80.39621099974326,33.939165999969816],[-80.39620200042076,33.93911400022637],[-80.39611100018415,33.938585000357946],[-80.39605799958238,33.9383459999735],[-80.39593000043418,33.93778099970226],[-80.39576800005248,33.93742100007359],[-80.39562699958718,33.93712899976192],[-80.39557300005882,33.93690699982478],[-80.39543699961636,33.93675299970296],[-80.39543699961636,33.93666399996528],[-80.39532799983643,33.936531999714134],[-80.39532799983643,33.93644299974546],[-80.39524599982066,33.936398999818756],[-80.39521900005647,33.93622199969735],[-80.39513700004072,33.936156000000054],[-80.39478300003839,33.93537999981263],[-80.3943470000203,33.93480699984537],[-80.39409299957708,33.93436100028237],[-80.39409299957708,33.934304000283525],[-80.39397700012444,33.9339069996516],[-80.39395799985786,33.933627999806596],[-80.39386099977348,33.93335700006781],[-80.39384200040524,33.93330400028207],[-80.39359100033506,33.932821000110124],[-80.39312900037768,33.93233399999479],[-80.39293699985876,33.931948999733876],[-80.39297899969156,33.93185599998482],[-80.39299600030832,33.93180300001028],[-80.39298700008749,33.93175100024226],[-80.39291299956932,33.93163199998003],[-80.39288099978228,33.9315770001283],[-80.39283899994948,33.931491999677824],[-80.39283899994948,33.93140999987311],[-80.3928680002618,33.931332999721015],[-80.3928559996679,33.93117599995989],[-80.39280100031465,33.9310840003594],[-80.39273099999444,33.931039999899596],[-80.39267400009302,33.93103299965497],[-80.3926010002981,33.93104599989588],[-80.39252299958197,33.931041999649935],[-80.3924880003202,33.93101499966213],[-80.39243700026657,33.930969999663354],[-80.39241399980203,33.93092599989],[-80.39234500020507,33.930870000077896],[-80.39227400005996,33.930865999823695],[-80.39219500041723,33.9307900001759],[-80.39208200043932,33.93064699996822],[-80.3915600002075,33.92998699996901],[-80.39116699984713,33.92939200032342],[-80.39104600037162,33.929120000250975],[-80.39091999997491,33.92883700002632],[-80.39091699960187,33.92878100033134],[-80.39091499995206,33.92869799987715],[-80.39089400003566,33.92806199976516],[-80.39087099957112,33.927982000207074],[-80.39075299957034,33.927555000204805],[-80.39021600016822,33.92650199967425],[-80.39001500032677,33.92610699980795],[-80.3889979996273,33.9248700001577],[-80.38870600044758,33.92454900033979],[-80.3877930004035,33.92375100035787],[-80.38777999998472,33.9237399996707],[-80.3874340003783,33.92347500030567],[-80.38706000028449,33.92318800009162],[-80.38664000015993,33.922658999685545],[-80.38644699981609,33.922384999776156],[-80.3859639999423,33.921697999904694],[-80.38578999986505,33.921450000317634],[-80.38574800003225,33.92138899992381],[-80.38566199981852,33.921299999784175],[-80.38476300001817,33.92037100034776],[-80.38384599977614,33.91943999970424],[-80.38175699992226,33.91765099973702],[-80.38168400012732,33.917588000284404],[-80.38158600021805,33.917456999948236],[-80.38149599980635,33.91733500010846],[-80.38112400026067,33.91683000015407],[-80.38103999969677,33.91671599976362],[-80.38089400010692,33.91667200008216],[-80.38071800037983,33.91668399986201],[-80.3804649997615,33.91675800008213],[-80.37927600043123,33.91733900025263],[-80.37884799991073,33.91741400031181],[-80.37861799975698,33.917408000100785],[-80.37824700003623,33.917306999839525],[-80.37774700044402,33.917028000038194],[-80.37702600002055,33.91676999984988],[-80.37689700014914,33.916753999910696],[-80.37643099999381,33.916678000345],[-80.37637499991732,33.91666900032328],[-80.3748030002724,33.91649099978124],[-80.3743310002693,33.916536999647064],[-80.37319399991924,33.916359000320185],[-80.37307799956828,33.916330999730526],[-80.37253799979312,33.91612500006147],[-80.37170900031296,33.91557600014348],[-80.37129300038634,33.915163999639006],[-80.3711009998674,33.91530100013275],[-80.37088199958428,33.91566800009263],[-80.37033299958829,33.916332999826174],[-80.37019100019639,33.916497999730026],[-80.37010499998266,33.91672899995317],[-80.37003600038568,33.916866000167225],[-80.37001499957097,33.91699200009348],[-80.36982899979814,33.918104000144616],[-80.36959299979658,33.91951700017136],[-80.3695650002075,33.92002900025898],[-80.3694599997272,33.92000100012988],[-80.36876599996624,33.919804999714046],[-80.36820600009958,33.91963099979617],[-80.36798299961852,33.91956299989446],[-80.36780799971633,33.91951599978819],[-80.36760799969979,33.919482999809105],[-80.36755599982125,33.91947899976557],[-80.36746200010992,33.91947200006174],[-80.36718299955236,33.91946300033507],[-80.3669750000382,33.91947200006174],[-80.36594999984115,33.91954299969382],[-80.36569899977098,33.91956299989446],[-80.36531999965429,33.91959300018662],[-80.36419599972304,33.91966999977008],[-80.36161899997252,33.91983400028701],[-80.36079700016505,33.91988700025474],[-80.36079700016505,33.919989000071766],[-80.3608649999371,33.92066200034924],[-80.36092400038666,33.921313999636425],[-80.36091699981564,33.9213810000156],[-80.36088900022656,33.921456000244014],[-80.3608649999371,33.92149300015349],[-80.36117100025886,33.92190800019288],[-80.36196499957893,33.92298599973521],[-80.36273100020823,33.92401500002476],[-80.36351700003068,33.92507100020121],[-80.36425400034766,33.926069999666275],[-80.36488199998638,33.92692800018692],[-80.3649969996141,33.92707799975525],[-80.36580400025127,33.92818699999568],[-80.36593700032067,33.92836399967447],[-80.36663299973144,33.92928999983903],[-80.36667100026459,33.9293410000965],[-80.367417999729,33.93032000025889],[-80.36775699966269,33.93076499986499],[-80.36929700041888,33.93285199968647],[-80.36960500039048,33.93269899991259],[-80.36994900034706,33.93252200029896],[-80.37014799964037,33.93242699996719],[-80.3703679997484,33.93235199970885],[-80.37058100018372,33.93230099976382],[-80.37075000023813,33.93227100022025],[-80.37102499969943,33.932249000299876],[-80.37131900032561,33.93225399997738],[-80.37152400036501,33.93227599989646],[-80.37219300001162,33.93237700029918],[-80.3726569996188,33.932455999969875],[-80.37298399985696,33.93250299964482],[-80.37349799969284,33.93257700028567],[-80.37367099994522,33.93260900018028],[-80.37384400019756,33.932632999720674],[-80.37402900014551,33.93265100011687],[-80.37421400009343,33.93265800022852],[-80.37436399988125,33.93265599977079],[-80.37451600021723,33.932645999717394],[-80.37465299958625,33.93262699983621],[-80.37481099976999,33.93259799989176],[-80.37496899995375,33.932561000333834],[-80.37578099971547,33.93227899985114],[-80.37870700034374,33.93124400028121],[-80.37995199975053,33.93080200020326],[-80.38001500039803,33.930918000132074],[-80.38067800019685,33.932122999833126],[-80.380929000267,33.93257600005587],[-80.38114299962893,33.93302900010489],[-80.3812039997283,33.93318000033108],[-80.38164800014232,33.93426299988159],[-80.38193900039546,33.93495099997747],[-80.3821040002519,33.93527300029233],[-80.3821329996659,33.93531800025323],[-80.38221399985676,33.935443000268336],[-80.38236600019272,33.93564100011942],[-80.3826740001643,33.93600899984669],[-80.38275500035516,33.93611199992498],[-80.3828930004474,33.93629600008764],[-80.383013000098,33.936467999880044],[-80.38311600003017,33.9366459996721],[-80.38325699959718,33.93692200027188],[-80.38332100006957,33.9370659998084],[-80.38339600041265,33.937290999854355],[-80.38344699956797,33.937461000273125],[-80.38349900034481,33.937670999708104],[-80.38357999963736,33.93806299985121],[-80.38381999983686,33.939222999695055],[-80.38392899961681,33.93974599994287],[-80.38404999999065,33.940297000132766],[-80.38419999977846,33.940975000094475],[-80.38421499984707,33.94103800013657],[-80.38429900041098,33.94141100027077],[-80.38440800019092,33.94185399980553],[-80.38448699983364,33.942103999837634],[-80.38458800011597,33.94238499971272],[-80.38470600011676,33.942667000262055],[-80.38502900015693,33.943457999656054],[-80.38515200018058,33.943753000168435],[-80.38548400044161,33.94455600022904],[-80.38613800001959,33.946132000105074],[-80.38632999964022,33.94662199974204],[-80.38636700034844,33.94673100003051],[-80.38646299970961,33.947016999836784],[-80.38654800009841,33.947330000211764],[-80.38659199958104,33.94751700013887],[-80.38662300044149,33.947674000322316],[-80.38670899975689,33.94819299988332],[-80.38676400000848,33.94849700002011],[-80.38682500010785,33.948837999768784],[-80.38691899981919,33.94945299978615],[-80.3870669999572,33.95041000001148],[-80.38716499986647,33.95099800023435],[-80.38945399973689,33.95103199993794],[-80.39185700030843,33.951078999790774],[-80.39298299988953,33.95110100006176],[-80.394473000417,33.95112999966513],[-80.39520399998787,33.950405999930176],[-80.39526300043741,33.950377000080096],[-80.39553899972363,33.950245000226495],[-80.39558499975438,33.9498780002125],[-80.395747999961,33.949481999951146],[-80.39597999976459,33.948533000062454],[-80.39604199968886,33.948333000296934],[-80.39638700036869,33.947535999678074],[-80.3967680001352,33.946879000362884],[-80.39742099988827,33.94630999981276],[-80.39787299979987,33.94608200028769],[-80.39801099989215,33.945981999819566],[-80.3980719999915,33.945868999767704],[-80.39817400009875,33.945658000357525],[-80.39831800003878,33.9451910000325],[-80.398416999773,33.94509699975942]]]},"properties":{"GEOID":"45085000902","TRACT":"000902","NAME":"Census Tract 9.02","county_name":"Sumter","aland_sqkm":5.6091,"is_greater_area":true,"pop_2020":3809,"pop_2010":4584,"has_2010":true,"growth_pct":0.5,"growth_abs":23,"density_per_sqkm":821.3,"pct_nonwhite":20.1,"median_income":75781,"median_age":46.4,"median_home_value":211700,"median_gross_rent":1681,"poverty_rate":16.6,"pct_bachelors_plus":48.7,"unemployment_rate":2.3,"pct_wfh":2.4,"total_housing_units":1771,"vacancy_rate":13.5,"owner_occ_rate":89.4,"pct_single_family":98.2,"median_year_built":1972,"pop_2014":4604,"pop_2015":4776,"pop_2016":4638,"pop_2017":4438,"pop_2018":4013,"pop_2019":4079,"pop_2021":3924,"pop_2022":3765,"pop_2023":3781,"pop_2024":3623}},{"type":"Feature","geometry":{"type":"Polygon","coordinates":[[[-80.3410249999132,33.86840700020326],[-80.34094200007253,33.86833800023293],[-80.34091500030836,33.867925999725195],[-80.34080499980517,33.86758199985647],[-80.34080499980517,33.867329999983646],[-80.34072199996452,33.86714700035563],[-80.3398709998447,33.86648299993192],[-80.33918399975646,33.866184999646734],[-80.3387999996169,33.86579600012725],[-80.33871699977621,33.86563599968197],[-80.33824999979599,33.86517700008329],[-80.33778299981576,33.8646049998452],[-80.33756400043096,33.86417000009429],[-80.33739799985128,33.862818000194814],[-80.33731599983551,33.862383000290826],[-80.33717899956817,33.8621539996705],[-80.33695900035845,33.86192499992783],[-80.33624499960771,33.86201600000989],[-80.3360189996519,33.8619400001448],[-80.3354210001504,33.86174199990373],[-80.33487200015442,33.86144400022769],[-80.33462500028222,33.86121500007281],[-80.33462500028222,33.860780000207946],[-80.33473400006216,33.860573999869175],[-80.33487200015442,33.86043599989293],[-80.33495400017019,33.86027599984672],[-80.33498099993436,33.859703000005304],[-80.3340200002097,33.85890200000457],[-80.33275700036127,33.857962999707695],[-80.33196099959477,33.857550999861786],[-80.33138400000968,33.85748200006989],[-80.33102699963429,33.857368000161834],[-80.33069699992141,33.85702400027593],[-80.33055999965404,33.85690999975656],[-80.33034000044435,33.85679500020392],[-80.32984599980162,33.85674999981791],[-80.32951699991364,33.85690999975656],[-80.32948900032456,33.85700200033154],[-80.32896799991764,33.85704699983882],[-80.32822599957781,33.85684100019274],[-80.32792400035233,33.85677300020053],[-80.32778700008498,33.85636000020358],[-80.32773199983339,33.85629199982836],[-80.32764999981762,33.85597099993708],[-80.32773199983339,33.85546700028799],[-80.32795100011651,33.85498600002061],[-80.32819799998872,33.85461900002804],[-80.32844499986092,33.85416099980114],[-80.32844499986092,33.85367999963902],[-80.32841800009673,33.8534510002991],[-80.32830799959358,33.85310700030295],[-80.32819799998872,33.85205400016373],[-80.32803300013227,33.85152700023113],[-80.32786800027583,33.85132099995406],[-80.32786800027583,33.85122899997406],[-80.32781399984916,33.851160000297035],[-80.32781399984916,33.85106899983771],[-80.32668800026806,33.84944200018692],[-80.32655000017581,33.84912199963489],[-80.32643999967264,33.849030000270844],[-80.32622100028783,33.84866300005399],[-80.32607599962456,33.848518999648014],[-80.32550700043541,33.84795300036319],[-80.32512199957262,33.84770100001038],[-80.32512199957262,33.84742599975118],[-80.32503999955684,33.84726599995272],[-80.32515000006002,33.845869000136446],[-80.32506700021933,33.845593999949166],[-80.32487499970041,33.84518100036539],[-80.32446299997176,33.84456299988631],[-80.32374900011932,33.84380700017561],[-80.32245899960837,33.842708000190036],[-80.32212899989551,33.842248999725776],[-80.32210200013134,33.842066000072386],[-80.32196499986398,33.84176799964319],[-80.3218550002591,33.84114999984741],[-80.32166299974018,33.84060000029569],[-80.32155300013532,33.84016499990005],[-80.32149799988375,33.84002699978012],[-80.32108600015509,33.83968400002531],[-80.32097599965192,33.839478000291834],[-80.32043400022694,33.838782000351756],[-80.3202619997995,33.83856100009315],[-80.31987799965994,33.83810300033077],[-80.31957600043445,33.83782799977312],[-80.31927400031067,33.83732399978607],[-80.31927400031067,33.83723300025929],[-80.3191920002949,33.83716399972534],[-80.3191920002949,33.83707200017036],[-80.31910899955591,33.83700400011125],[-80.31867000006308,33.83590400006571],[-80.3185880000473,33.83553700017935],[-80.31855999955991,33.83457500010025],[-80.31847800044245,33.83420900036835],[-80.31855999955991,33.83352199989388],[-80.3185880000473,33.83168899982118],[-80.31853299979574,33.831505999942316],[-80.31820300008285,33.831185000199326],[-80.31790099995906,33.8310930001786],[-80.31754500030691,33.83104699975802],[-80.31707800032667,33.831185000199326],[-80.31672099995129,33.831208000002476],[-80.31655600009485,33.8311160000065],[-80.31639200006332,33.83090999977005],[-80.31639200006332,33.83056600005807],[-80.31655600009485,33.830406000032774],[-80.31749000005532,33.83006199978521],[-80.3177639996917,33.8298329998269],[-80.31795600021064,33.829490000205126],[-80.31795600021064,33.828870999730704],[-80.31770900033843,33.828436000085354],[-80.31694100005932,33.82774900022909],[-80.31666599969972,33.82754300008814],[-80.31655600009485,33.827359000317834],[-80.31614500019111,33.82694699989907],[-80.31611699970371,33.826695000287295],[-80.31606200035044,33.82662600020193],[-80.31606200035044,33.826488999845665],[-80.31576000022663,33.82593899998078],[-80.3150739999633,33.82504600002296],[-80.3150739999633,33.82488500011461],[-80.31496400035844,33.82461000031634],[-80.31493699969596,33.8240380000821],[-80.31468999982373,33.82339600002919],[-80.3145800002189,33.82282399988334],[-80.31433300034669,33.82255000020114],[-80.31353699958017,33.8220909996979],[-80.31331700037045,33.82181599986973],[-80.31328999970796,33.82131300030042],[-80.31350999981599,33.82080899996347],[-80.31361899959593,33.82062499988217],[-80.31361899959593,33.819868999644065],[-80.31342699997529,33.81945699970592],[-80.31276900019937,33.818426000057315],[-80.31249399983976,33.81812800005502],[-80.31243899958815,33.81785300017107],[-80.31235699957239,33.81602100013167],[-80.31230200021913,33.81595199964328],[-80.31219199971596,33.815540000241555],[-80.31200000009532,33.81526500024666],[-80.31194499984376,33.81505899988568],[-80.3115890001916,33.814600000228275],[-80.31114899997556,33.81421100018238],[-80.31038099969643,33.81384399972607],[-80.30788400031187,33.812951000352854],[-80.30730799965339,33.812813000338586],[-80.3072249998127,33.812722000099214],[-80.30522200017256,33.81162199962858],[-80.30401500040063,33.81043100025109],[-80.30330099964988,33.81013300001201],[-80.30261500028483,33.810109999765054],[-80.30179199975414,33.81020099979728],[-80.30088600028108,33.8100409997335],[-80.29912999961483,33.8094910000778],[-80.29852700009046,33.80921600004367],[-80.29797800009447,33.80878099969112],[-80.29770299973487,33.808254000151805],[-80.29767599997069,33.80699399991754],[-80.29745699968757,33.8066729999721],[-80.29666099981935,33.80609999973399],[-80.29575600017122,33.80564200000596],[-80.29460299992762,33.80516099998139],[-80.29427400003965,33.80481699970067],[-80.2941920000239,33.80442799995864],[-80.29397600011383,33.80422500035437],[-80.29387099963353,33.803909000207],[-80.29376299967849,33.80375100006896],[-80.29363399980707,33.80316399984504],[-80.29328599965251,33.80248600014387],[-80.29266800005955,33.80169700009397],[-80.29251400007377,33.80156300018883],[-80.29156900024263,33.80073399973815],[-80.29057699965755,33.7996280001347],[-80.290384000212,33.79923799964689],[-80.29029799999829,33.79820299992889],[-80.2901869996702,33.797904000085715],[-80.2898560001324,33.79735099983556],[-80.28919400015849,33.79645400018825],[-80.28875300011755,33.795925000201024],[-80.28756800008689,33.79486599977274],[-80.2872369996508,33.794542999910945],[-80.2869069999379,33.79438200007474],[-80.28621800019984,33.79380600006399],[-80.28586099982446,33.79366599979733],[-80.28423599957776,33.79260600016094],[-80.28407099972132,33.79237600032408],[-80.2836320002285,33.79223799997605],[-80.28291900020096,33.791481999737634],[-80.28275400034454,33.79136799989861],[-80.28039500015392,33.790223000091174],[-80.27888600025818,33.78976400009856],[-80.27792600035846,33.78923699992056],[-80.27762500005957,33.78893899979103],[-80.27754200021889,33.788733000257665],[-80.27748699996731,33.788664000161816],[-80.27740499995154,33.7882520000228],[-80.2772679996842,33.787861999967454],[-80.27724099992001,33.78767899964505],[-80.27713100031517,33.787586999865624],[-80.2770490002994,33.78738100006595],[-80.2768020004272,33.787174999770684],[-80.27647299964089,33.787198000208804],[-80.27556799999276,33.787129000369156],[-80.27504699958584,33.786945000276184],[-80.27452500025234,33.786555999942586],[-80.27405900009703,33.78586800001048],[-80.27335899958999,33.785962000307705],[-80.27126100041359,33.786248000148504],[-80.27123299992618,33.78625199971661],[-80.27078500021253,33.78676000008841],[-80.26925899970004,33.788495999728354],[-80.26468199978413,33.793708000199985],[-80.26315699999486,33.795444999657136],[-80.26305900008559,33.79555500015949],[-80.26276799983245,33.7958880003435],[-80.26269699968732,33.79596999976412],[-80.26267199957296,33.795998999868154],[-80.26196100009358,33.796806999717276],[-80.25983200005675,33.79923399993891],[-80.25912200040226,33.800043000147284],[-80.2584200002454,33.80084100006395],[-80.25631499959967,33.80323900022516],[-80.25590399969595,33.80370799986749],[-80.25555200024175,33.80397099973737],[-80.25540499992866,33.80408300021991],[-80.25430100008889,33.80469300032795],[-80.25050300032274,33.80679099968277],[-80.24980100016587,33.80717999987896],[-80.24922799988042,33.80747200022275],[-80.24867300003665,33.80777100022729],[-80.24700900033022,33.808670000322834],[-80.24645500031134,33.80897000005938],[-80.2436369996381,33.81060000034621],[-80.23518699961298,33.81549300029961],[-80.23236999966296,33.81712400028457],[-80.2313500003871,33.8177139997712],[-80.22829300023756,33.81948499999645],[-80.2272739998883,33.82007599967178],[-80.22630300011791,33.82063799978732],[-80.22494300018508,33.821425999763996],[-80.22339599975619,33.82232999979911],[-80.22242800035886,33.82289700014622],[-80.22232200005364,33.822958000072774],[-80.22200599968616,33.82314399965359],[-80.22190100010418,33.82320600017028],[-80.22103200044103,33.82371399986972],[-80.21842600037822,33.825241000252234],[-80.21755799964167,33.8257499997925],[-80.21597000010323,33.82667899987232],[-80.21120800023938,33.82946699993971],[-80.20962099962755,33.83039699986386],[-80.20929000008975,33.83058999996143],[-80.20829800040295,33.83117300033199],[-80.20796799979176,33.83136700009462],[-80.20645399987316,33.83225699995554],[-80.20398699972752,33.833710000166256],[-80.20193499968356,33.83496400004227],[-80.20043800038172,33.83588100003371],[-80.19877299995206,33.8368989999685],[-80.19537100002104,33.838981999765636],[-80.19370899996444,33.83982699982719],[-80.19197099973984,33.84071299963649],[-80.19193499975482,33.84073100003934],[-80.19179300036292,33.84080300012045],[-80.19081099982357,33.84130299975677],[-80.18733199989964,33.84307499987325],[-80.18617299980829,33.843665999880294],[-80.1859769999897,33.84376499974686],[-80.1853920000087,33.84406299992659],[-80.18519700001502,33.8441629998542],[-80.18395099988503,33.84479700025311],[-80.18021699969297,33.846699000082275],[-80.17897200028622,33.8473340000529],[-80.177880000142,33.847888999680826],[-80.17460600025748,33.84955699994101],[-80.1735149999382,33.85011400020491],[-80.17349200037198,33.8501259996509],[-80.17333699966296,33.85020399973927],[-80.17287399988068,33.85043999972593],[-80.17271999989491,33.85051899997415],[-80.17250099961178,33.85061000027333],[-80.17183500033825,33.85097800002744],[-80.16931499959084,33.85237400017695],[-80.16920900018393,33.85240900011733],[-80.16826400035282,33.85272799987208],[-80.1682280003678,33.85273900002245],[-80.16812200006258,33.85277500023337],[-80.16808699990248,33.852787999725564],[-80.16807400038202,33.852791000239336],[-80.16803699967379,33.852803999729105],[-80.16802499997821,33.85280900033574],[-80.16797700029763,33.85283000019476],[-80.16783699965724,33.85289499983216],[-80.16778999980156,33.852917000088475],[-80.16757999973929,33.85301299991986],[-80.16695299992547,33.85330199992651],[-80.16674399968811,33.853398999737976],[-80.16643499989162,33.85353600022998],[-80.1655109999769,33.85394699964162],[-80.16520300000532,33.85408499965946],[-80.16491199975219,33.854214000301646],[-80.16449500000067,33.854399999756836],[-80.16404499973886,33.854610000171036],[-80.1637579996837,33.85474599981568],[-80.16252900017045,33.855325999840396],[-80.15884299965899,33.85706800014783],[-80.15853200021267,33.85721600029635],[-80.15767199987206,33.85775500005561],[-80.15708900043919,33.85807500034338],[-80.15534299981867,33.85903600032687],[-80.1547610002107,33.85935699988744],[-80.15401800004597,33.859719999798145],[-80.15382700025025,33.85981499985091],[-80.15179600012272,33.86082300005663],[-80.15124499957857,33.86109700012785],[-80.15110800020955,33.861257000127665],[-80.15096000007152,33.86129200015761],[-80.15053099972613,33.861395000268985],[-80.15051800020565,33.861395000268985],[-80.1503669996946,33.861395000268985],[-80.15031200034133,33.86148600016992],[-80.15002699993597,33.86168699971386],[-80.14995499996594,33.86173800013529],[-80.14884000025552,33.86236199979701],[-80.14844400042038,33.86258500026637],[-80.14811200015937,33.86268899986797],[-80.14800500002923,33.86272299975334],[-80.14719200044262,33.863171999864974],[-80.14688899959559,33.863339999839646],[-80.14636200023922,33.8635640002863],[-80.1447839998482,33.86423999998949],[-80.14425800031673,33.86446499985002],[-80.14418700017161,33.864493999851895],[-80.14397700010933,33.86458500017964],[-80.14390699978915,33.86461499967628],[-80.14402200031518,33.86480600025214],[-80.14443400004383,33.864760000078306],[-80.14484599977247,33.86556199985014],[-80.14495499955243,33.865654000054704],[-80.14503800029141,33.866020000097684],[-80.14512000030719,33.86606600033852],[-80.14522999991203,33.86638700032407],[-80.14580599967222,33.86737200001411],[-80.14651899969975,33.86803699973185],[-80.14687600007511,33.868173999863515],[-80.14736999981952,33.8687010000029],[-80.14758999992755,33.86897599963731],[-80.14838499997084,33.870258999820194],[-80.14876999993531,33.87083199967793],[-80.14915400007487,33.871518999978164],[-80.14981199985081,33.87218300001525],[-80.15030700031845,33.87243499973304],[-80.15052599970325,33.87245800036573],[-80.1506629999706,33.873145000258326],[-80.15088300007864,33.87337399973955],[-80.1512399995557,33.87360400027415],[-80.15200899965971,33.87378700023084],[-80.15275000017465,33.87436000027175],[-80.15310699965171,33.87468099964823],[-80.1531340003142,33.87474999971206],[-80.1536280000586,33.874818999720105],[-80.15413799969654,33.87515900037183],[-80.1545910003314,33.875648000092426],[-80.15486599979269,33.87616400021398],[-80.15511199983999,33.876966000243],[-80.15519499968067,33.87751599981378],[-80.15544199955288,33.8781800001811],[-80.15571600008758,33.87857000006403],[-80.15675899982799,33.879462999984305],[-80.1567870003154,33.87978400030295],[-80.15689699992024,33.87992100022464],[-80.15703400018761,33.8805170000513],[-80.15719800021913,33.8809069996942],[-80.15730799982398,33.88118100018616],[-80.15733499958817,33.88138800010507],[-80.15750000034292,33.88179999976776],[-80.15755499969619,33.882234999913436],[-80.15736300007556,33.88239599989365],[-80.15738999983975,33.8828079999094],[-80.15771899972773,33.8833349999275],[-80.15826799972372,33.883746999883435],[-80.15876300019136,33.8839079999935],[-80.15884500020714,33.883954000288774],[-80.15881800044295,33.884113999955325],[-80.15892700022289,33.88425099963643],[-80.1588999995604,33.884617999777475],[-80.1585699998475,33.88560300011759],[-80.1585699998475,33.886130000022966],[-80.15865199986328,33.88617599986585],[-80.15867899962745,33.8863820003172],[-80.15892700022289,33.88665699965567],[-80.1591189998435,33.88700000017795],[-80.1591730002702,33.88743599992512],[-80.15952999974724,33.887893999873015],[-80.15977800034267,33.88809999990426],[-80.15996999996331,33.88855800001578],[-80.16002500021487,33.8886270000441],[-80.16002500021487,33.88871899999507],[-80.16018900024642,33.888832999796655],[-80.1599149997117,33.88903899979746],[-80.15986000035844,33.889337000076594],[-80.15977699961947,33.890459999749396],[-80.15969399977877,33.89103199971162],[-80.15963900042549,33.89135299975301],[-80.15961099993811,33.892108999837276],[-80.15991300006189,33.892430000299434],[-80.16027000043728,33.89258999972786],[-80.16112200038198,33.89286499993165],[-80.16213800035818,33.89346100030458],[-80.16260500033843,33.89362100003585],[-80.16271499994328,33.893735999936965],[-80.16337400044245,33.8940340002105],[-80.16364899990376,33.89421700034537],[-80.16384100042269,33.89426300030121],[-80.1640880002949,33.89426300030121],[-80.1643629997562,33.89410300028301],[-80.16477500038317,33.894057000240885],[-80.16491199975219,33.89408000026505],[-80.16526900012757,33.89421800027982],[-80.16562599960464,33.89456100022459],[-80.16581800012356,33.89478999964588],[-80.16595600021583,33.895065000212476],[-80.1662299998522,33.895363000316124],[-80.166531999976,33.895545999836145],[-80.16677999967312,33.895545999836145],[-80.16780200039545,33.89617500018323],[-80.16863099987562,33.89694099979723],[-80.16908100013741,33.897479999989066],[-80.16955300014051,33.89790000010095],[-80.16980900023354,33.89812099964875],[-80.17029600030527,33.898539999702116],[-80.17052700028395,33.898735999812196],[-80.1707630002855,33.89915700032481],[-80.17082100001183,33.89963600023977],[-80.17084100010331,33.89978600013308],[-80.17111899993766,33.90006399984405],[-80.1718329997901,33.90076999992835],[-80.17199799964654,33.90097600017558],[-80.17227200018124,33.90145700000936],[-80.17229999977033,33.90166399993508],[-80.17243700003769,33.901823999933086],[-80.1732339997308,33.90216799969501],[-80.17424999970702,33.902282000159516],[-80.17463399984658,33.902489000318994],[-80.1757329996635,33.903451000332296],[-80.1763100001469,33.90409199983864],[-80.1777110000876,33.90512299975975],[-80.17817800006782,33.90530599995481],[-80.17905699977669,33.90549000030493],[-80.18015599959361,33.90624600031438],[-80.18095200036012,33.9069790000628],[-80.1819139999097,33.90817000012516],[-80.1821609997819,33.9086969999994],[-80.18224299979767,33.90876600013501],[-80.1824079996541,33.909269999658186],[-80.18251800015727,33.90949899983403],[-80.1830400003891,33.90991100014109],[-80.18317699975813,33.91009399974909],[-80.18323200000971,33.910553000019384],[-80.18339699986616,33.910712999735594],[-80.1838920003338,33.91089599985823],[-80.18435900031402,33.91128600000627],[-80.18446899991888,33.91144599983749],[-80.18485300005844,33.91217900034494],[-80.18542999964353,33.91263700010516],[-80.1855679997358,33.91288900034942],[-80.18570500000314,33.913575999680056],[-80.18598000036275,33.91396600023772],[-80.18658399971203,33.91419499972395],[-80.18705099969225,33.914286999673024],[-80.18707900017966,33.914424000085745],[-80.18721600044701,33.91456100027822],[-80.18732600005187,33.914813000051616],[-80.1875179996725,33.91504299993392],[-80.18787500004785,33.91520300016658],[-80.18935899982924,33.915752999933105],[-80.19007299968169,33.91598100015636],[-80.19023800043644,33.916141000118756],[-80.19125500023759,33.91673700029818],[-80.19164000020204,33.91689700033202],[-80.19268100029264,33.91682699965534],[-80.19358500011587,33.917124000064916],[-80.19396900025544,33.91739900015617],[-80.19432400008266,33.91794800025635],[-80.19451599970328,33.918130999752215],[-80.19470700039732,33.91824400008781],[-80.19506300004946,33.91822099987331],[-80.19678899968018,33.91778399983652],[-80.19717299981973,33.9178530000698],[-80.19782999977076,33.918104000144616],[-80.1987060000049,33.918630000071055],[-80.19941800020753,33.91913200012152],[-80.2019649998208,33.92002399986387],[-80.20218499992882,33.920045999960166],[-80.20275900003918,33.9202850002672],[-80.20317499996578,33.9204590003403],[-80.20417300039865,33.92089699969677],[-80.20478199977082,33.92130999967886],[-80.20603200009876,33.922437000044376],[-80.20667099960814,33.923081000161744],[-80.20689099971617,33.92326399981385],[-80.20694599996776,33.92333300008165],[-80.2073579996964,33.923744999847706],[-80.20832000014427,33.924866999942125],[-80.20911699983738,33.9254859999548],[-80.20969400032078,33.92578299999569],[-80.21071100012193,33.92669899988922],[-80.21260699963196,33.92770699998838],[-80.21315700035117,33.92814199999344],[-80.21346000029988,33.92850899979833],[-80.2138989997927,33.928990000030154],[-80.21409200013656,33.929378999830035],[-80.21436699959786,33.929700000080146],[-80.2147509997374,33.929928999763],[-80.21552099966634,33.93011200035581],[-80.21598799964657,33.93004300036171],[-80.21618000016552,33.92997400031175],[-80.21769200043428,33.929675999713204],[-80.21799399965977,33.92969899981655],[-80.21826900001939,33.92978999990525],[-80.21840600028673,33.9299050002059],[-80.218544000379,33.93034000016548],[-80.21870900023544,33.93056900036355],[-80.21890099985606,33.93063799993145],[-80.21972600003659,33.930545999749796],[-80.2213470000853,33.931117999818255],[-80.22343599993917,33.931758999921996],[-80.22392999968359,33.931689999771606],[-80.2253039998601,33.93127700017647],[-80.22607399978905,33.93109399985085],[-80.22643100016441,33.93095599990731],[-80.2264579999286,33.93088800010138],[-80.22681600012888,33.93095599990731],[-80.2272549996217,33.93095599990731],[-80.22851900019339,33.93054299973412],[-80.22912400026586,33.93047400008919],[-80.23025099967187,33.931023999659],[-80.23115799986816,33.93109200010174],[-80.23198200022377,33.9310230001563],[-80.23209600002659,33.931029999656396],[-80.23233899970083,33.93104599989588],[-80.23242200043981,33.93118300019276],[-80.2330540002765,33.931388999974025],[-80.23324599989712,33.931388999974025],[-80.23439999996562,33.931480999990384],[-80.23555499985902,33.93184700007587],[-80.2367640001791,33.931961000343264],[-80.23712099965616,33.93216699973334],[-80.23720400039514,33.93234999998927],[-80.23725899974842,33.93299099976394],[-80.23734199958908,33.93326600006385],[-80.23849599965757,33.9331969996438],[-80.23885300003295,33.933334000207026],[-80.23910099973007,33.93354000000249],[-80.23912800039257,33.93367800023072],[-80.23923799999743,33.93383799975099],[-80.2393209998381,33.93402100014262],[-80.23984300006992,33.93438799995473],[-80.2404749999066,33.93459400018173],[-80.24165699956419,33.93450100033994],[-80.24273000034013,33.934523999885535],[-80.2434170004284,33.934684000052094],[-80.24448899958281,33.9351190001964],[-80.24454399983439,33.93534800021397],[-80.24482000001892,33.93594199979403],[-80.24528899964898,33.93655800000564],[-80.24572999968993,33.93696999989599],[-80.24630700017333,33.93740400011351],[-80.24895099987097,33.9385669997256],[-80.24980799983857,33.939033999871164],[-80.25148900016175,33.93954799994912],[-80.25382800026087,33.940071999832725],[-80.25413000038466,33.9401869996629],[-80.25743199985826,33.940069000152604],[-80.25765899963898,33.93999600020316],[-80.25778900023363,33.939954000163034],[-80.25822799972644,33.939702999633326],[-80.25905100025714,33.938788999806185],[-80.25935400020586,33.93840099992496],[-80.25973699962219,33.93757899967159],[-80.26003999957089,33.93714500034602],[-80.26023000044,33.936963000138824],[-80.26042399971044,33.93677899992697],[-80.26179600023714,33.93609599989208],[-80.26278399972597,33.935754000332444],[-80.26432100010909,33.935435999640326],[-80.26701099983751,33.93541900002924],[-80.26767000033666,33.93523699985926],[-80.26832899993754,33.93487100018257],[-80.26885199999425,33.93443600026197],[-80.27063899972434,33.933039000113354],[-80.27124399979684,33.93226100012164],[-80.27138100006418,33.93203200000117],[-80.27195900037249,33.93077200013165],[-80.27270199963894,33.92951200025457],[-80.27314199985499,33.92850399990098],[-80.27330699971142,33.9282750001136],[-80.27330699971142,33.92816100012983],[-80.27366400008681,33.92763399987611],[-80.27421399990772,33.927039000191066],[-80.27498399983665,33.92642000028295],[-80.27533199999121,33.925996999641775],[-80.27558800008424,33.92564299976912],[-80.27561400002351,33.92491200018379],[-80.27547500010633,33.924432000356134],[-80.27547400028142,33.923448999746924],[-80.27579300012366,33.92245599996244],[-80.27581499986496,33.92239399993953],[-80.27642099976237,33.920694999871664],[-80.27706299964478,33.920090000135644],[-80.2775279999752,33.91970099966019],[-80.27856999989069,33.91913200012152],[-80.28005200002225,33.9181960003462],[-80.28057300042916,33.91780799982681],[-80.28070899997329,33.917602999661305],[-80.2809009995939,33.917419000114606],[-80.28128499973346,33.916710999919566],[-80.28150300019165,33.91641499998099],[-80.2815199999101,33.916399999649485],[-80.28174099984304,33.91641999984241],[-80.28184799997317,33.91642499970353],[-80.2822520002042,33.91644400021681],[-80.28233300039506,33.916446999983606],[-80.28257100004643,33.91644099970449],[-80.28295500018598,33.91642300035552],[-80.28501800010059,33.916212000290066],[-80.28551400039314,33.91616100037247],[-80.2863429998733,33.916134000140644],[-80.28674499955622,33.91611699965901],[-80.2869129997857,33.91610999967892],[-80.28868199997241,33.91594400008964],[-80.28969499957562,33.915851999693025],[-80.2900319998595,33.915843000329495],[-80.29026399966308,33.91584800022447],[-80.29030200019623,33.915851999693025],[-80.29043000024275,33.91586500001434],[-80.29056499996197,33.91587900001419],[-80.29059099990126,33.91588300022667],[-80.29085399966696,33.91588800011935],[-80.29115900016382,33.9159110002181],[-80.29164799988536,33.9159110002181],[-80.2917209996803,33.91590600032682],[-80.29181899958958,33.91587900001419],[-80.29184700007698,33.9158920003314],[-80.29187800003912,33.91588699969352],[-80.29229499979064,33.91581800010471],[-80.29264499959501,33.91574599992312],[-80.2930039996202,33.915672999997945],[-80.29318899956814,33.9156390003382],[-80.29358399957835,33.91557600014348],[-80.29383100034887,33.915573000346086],[-80.29514900044889,33.91552400016076],[-80.29687699972942,33.91546000019571],[-80.29643599968847,33.9141630003666],[-80.2961500003565,33.91334400014565],[-80.2959949996475,33.912913999942525],[-80.29585599973032,33.91245800036653],[-80.2957989998289,33.91217700015174],[-80.29577999956234,33.91198599975278],[-80.29577899973744,33.91185499975084],[-80.29578499958521,33.91172599975126],[-80.2958409996617,33.91129499985103],[-80.2959040003092,33.91096300022853],[-80.29602399995981,33.9103649996894],[-80.29617399974764,33.90961499969484],[-80.29621099955757,33.90942599977641],[-80.29621899995348,33.90934400035201],[-80.29623800022006,33.90915700009672],[-80.29623999986987,33.90888600004326],[-80.29623599967192,33.90882000004005],[-80.29619399983912,33.90856000007247],[-80.29613199991485,33.90823200006022],[-80.29610299960252,33.90809500013145],[-80.29589300043854,33.907089000178914],[-80.29577500043779,33.906484999811134],[-80.29573299970667,33.90624300018853],[-80.29569800044489,33.90610799963538],[-80.29565499988887,33.90597899988454],[-80.29560399983525,33.905848000342395],[-80.29556600020041,33.90576700025723],[-80.2955529997816,33.90573800011604],[-80.29554600010893,33.905722000342365],[-80.29548099981159,33.90559900030476],[-80.29540700019174,33.90547699989211],[-80.29528900019098,33.90531300007671],[-80.29528199961997,33.90530299979593],[-80.29506499988499,33.905002999773],[-80.29330300026926,33.90256800011769],[-80.29321299985759,33.902445000002984],[-80.29186499962033,33.900601999821525],[-80.29462700021708,33.90071500028486],[-80.29865900033495,33.90087399997057],[-80.2995770004019,33.90092000006351],[-80.30054099960127,33.90097600017558],[-80.30260900043704,33.90116400033595],[-80.30387599958514,33.90127200005026],[-80.30438299974834,33.90125200003068],[-80.30453699973413,33.90125600018409],[-80.30864300037017,33.9014829998223],[-80.30949600013977,33.90153699986737],[-80.310616999698,33.9016080002749],[-80.3165660001406,33.90195399985019],[-80.31685099964763,33.901967999898275],[-80.31710900028881,33.901967000054704],[-80.31733600006953,33.90194499976485],[-80.31753600008606,33.90191400012624],[-80.31844099973422,33.901788000276596],[-80.31919899996758,33.901687999991225],[-80.31914999956379,33.901564000249834],[-80.31899599957801,33.90126299989292],[-80.31882400004886,33.90096600013163],[-80.31850299965849,33.90044799968139],[-80.31827699970269,33.90008199966535],[-80.31818100034153,33.899904000271334],[-80.31807699968616,33.89970000015691],[-80.31791400037785,33.899345000022294],[-80.31787099982182,33.899238999855186],[-80.31784300023274,33.89917000021017],[-80.31781800011836,33.8990999998865],[-80.31755399962941,33.89833799982488],[-80.31738600029824,33.897841999676],[-80.31698000041739,33.896647000357966],[-80.31689500002857,33.89643399998647],[-80.31680700016501,33.8962340001615],[-80.31678899972336,33.896193000079805],[-80.31666800024784,33.89596000029604],[-80.31659200007986,33.89583900017313],[-80.31645099961456,33.89562200034851],[-80.31630300037487,33.895433999899424],[-80.31618500037409,33.89529499969352],[-80.31613599997029,33.89524300001428],[-80.31605399995452,33.8951530002363],[-80.31586800018168,33.89497099979862],[-80.31562799998217,33.89477100027084],[-80.31540899969906,33.894603000275225],[-80.31490400008398,33.89430100001904],[-80.31474000005245,33.89420299977033],[-80.31321199989014,33.893279999929845],[-80.31243600011344,33.89282199982],[-80.31165699996367,33.89235000009983],[-80.31087500033917,33.891880999890276],[-80.310772000407,33.89181899999554],[-80.31045900041255,33.89161599989244],[-80.31024299960417,33.89146099996225],[-80.31008100012077,33.891332999644035],[-80.30974200018707,33.8910279998243],[-80.30956999975962,33.89085899993866],[-80.30931299984167,33.89057500018418],[-80.30923500002386,33.890482000019645],[-80.30937599959086,33.89038899975376],[-80.3094840004442,33.89033100018603],[-80.3096889995853,33.890229999906154],[-80.30977999982191,33.89019299984751],[-80.30984799959396,33.89017000026653],[-80.30994499967835,33.89014300000478],[-80.3099909997091,33.89013500014656],[-80.31007600009792,33.890118999682116],[-80.31026500024379,33.89009700006396],[-80.31171999971286,33.89005699999795],[-80.3121809998453,33.89004900013162],[-80.31248899981688,33.890052000081575],[-80.31281299968198,33.89007099976216],[-80.3134820002269,33.89012300035779],[-80.31368999974104,33.89013600012886],[-80.31450499987582,33.89019099988422],[-80.31516699984971,33.89024299966093],[-80.31554299959336,33.890255000178534],[-80.3157710000973,33.89024299966093],[-80.31598500035754,33.890217000149384],[-80.31617600015325,33.89018400001219],[-80.31636699994895,33.89014200002256],[-80.3164959998204,33.89010699989109],[-80.31661200017135,33.89007099976216],[-80.31683700030224,33.88998900036468],[-80.31695199992997,33.88993899965666],[-80.31722599956636,33.88980000018906],[-80.31749300042836,33.889663999712894],[-80.31778200013338,33.88950699998465],[-80.31797200010416,33.88940900019307],[-80.31852299974997,33.8891180001255],[-80.3188049997823,33.888971000098316],[-80.31929799970179,33.88963700003668],[-80.31977800010081,33.890284000365995],[-80.32044599992251,33.891184999735664],[-80.32255499986786,33.89402699990825],[-80.32295499990094,33.89309600007382],[-80.3233039998804,33.892280000143295],[-80.32370200026365,33.891353999721076],[-80.32392099964845,33.89053600031994],[-80.32408200020525,33.88993599970272],[-80.32446999964446,33.88848999993319],[-80.32468999975248,33.8878260000069],[-80.32474500000407,33.88736799969385],[-80.32519400044096,33.88626200005685],[-80.32578299972161,33.88504300005097],[-80.32583999962301,33.88497500014948],[-80.32590200044561,33.88477200016502],[-80.3261350000741,33.884367000288535],[-80.32752199977111,33.88147700015358],[-80.32816500037676,33.880349999672525],[-80.32908300044369,33.879290999978814],[-80.32979700029614,33.87861700037132],[-80.33039499979762,33.87814599973969],[-80.33233200021385,33.87654999979426],[-80.33264299966014,33.87639299979882],[-80.33363500024524,33.87574100001956],[-80.3340479997988,33.87536200010636],[-80.33464500037368,33.87472900002281],[-80.33494499994934,33.874356000348556],[-80.33503899966067,33.874157999815154],[-80.33547700022692,33.87272200001783],[-80.33586300001629,33.87211900033548],[-80.3379750003347,33.87050100011084],[-80.33866800027073,33.870024000370016],[-80.3410249999132,33.86840700020326]]]},"properties":{"GEOID":"45085000600","TRACT":"000600","NAME":"Census Tract 6","county_name":"Sumter","aland_sqkm":170.6533,"is_greater_area":true,"pop_2020":3638,"pop_2010":4168,"has_2010":true,"growth_pct":-15.0,"growth_abs":-626,"density_per_sqkm":20.8,"pct_nonwhite":49.6,"median_income":74375,"median_age":50.4,"median_home_value":116100,"median_gross_rent":1009,"poverty_rate":21.9,"pct_bachelors_plus":18.0,"unemployment_rate":7.2,"pct_wfh":2.0,"total_housing_units":1814,"vacancy_rate":15.4,"owner_occ_rate":83.7,"pct_single_family":67.4,"median_year_built":1981,"pop_2014":3865,"pop_2015":4155,"pop_2016":4004,"pop_2017":4044,"pop_2018":4094,"pop_2019":3752,"pop_2021":3397,"pop_2022":3517,"pop_2023":3559,"pop_2024":3604}},{"type":"Feature","geometry":{"type":"Polygon","coordinates":[[[-80.18290200029683,33.92644900009486],[-80.18292900006102,33.925556000225896],[-80.18260000017305,33.92473100024338],[-80.18246200008078,33.92450200000247],[-80.18246200008078,33.92443299993618],[-80.1823519995776,33.92431900002819],[-80.1823519995776,33.92420399963959],[-80.18193999984896,33.92376899964964],[-80.18169299997676,33.923655000343906],[-80.1812529997607,33.923586000336925],[-80.18023699978447,33.92356300007368],[-80.17944000009136,33.923539999804284],[-80.17897300011111,33.92344800015529],[-80.1784509998793,33.92303599969834],[-80.17823099977127,33.922600999707505],[-80.17768099995035,33.92216500012516],[-80.17699499968703,33.92163800004678],[-80.17669199973832,33.921295000209106],[-80.17669199973832,33.921203000371975],[-80.17652699988187,33.92092799988583],[-80.17647300035351,33.92058500017146],[-80.17636299985034,33.91909699996299],[-80.1762530002455,33.91875299993966],[-80.176225999583,33.91854700016232],[-80.17608800038903,33.91824899984195],[-80.17606099972654,33.91795099997019],[-80.1759510001217,33.9177909996791],[-80.17586900010593,33.9173779997847],[-80.17578600026525,33.917355999745055],[-80.1756489999979,33.91698900034593],[-80.17562100040881,33.91666799990668],[-80.17553900039304,33.91662299978329],[-80.17548400014147,33.916072999668266],[-80.1753739996383,33.91575200025123],[-80.17529199962253,33.91508800014622],[-80.17523700026926,33.91490399964168],[-80.17512699976608,33.91476700000063],[-80.17510000000189,33.91458399998963],[-80.17457799977008,33.91396499978937],[-80.17336900034832,33.91341499966537],[-80.17282000035232,33.912979999757454],[-80.17213300026407,33.91252200034956],[-80.17141900041163,33.91197199985894],[-80.17141900041163,33.911147000295806],[-80.17128100031937,33.91059699987811],[-80.17180400037608,33.909932999866214],[-80.17191399998096,33.9094520001411],[-80.17169399987293,33.90913099964205],[-80.17098000002049,33.90869600023474],[-80.17051300004026,33.90830600016416],[-80.17056800029182,33.908076999765306],[-80.17078699967664,33.908076999765306],[-80.1709249997689,33.90800900033577],[-80.17103500027207,33.90789400030005],[-80.17108999962535,33.907505000066365],[-80.17098000002049,33.907322000118654],[-80.17026600016804,33.906657000154155],[-80.17012800007578,33.90645100021373],[-80.1701289999007,33.90615300009206],[-80.17001900029584,33.90436599966816],[-80.16993700028007,33.904320999759335],[-80.1698820000285,33.903289999831635],[-80.16969000040787,33.90239599972604],[-80.1695249996531,33.902052999981066],[-80.16914100041188,33.9017550001432],[-80.16721800023934,33.90102100035876],[-80.16710799973619,33.90108999999711],[-80.16684900016841,33.90082299982234],[-80.1665599995651,33.90065700028352],[-80.16627500005806,33.9003929998302],[-80.16617700014876,33.900151999928454],[-80.1661720001259,33.900018999901356],[-80.17029600030527,33.898539999702116],[-80.16980900023354,33.89812099964875],[-80.16955300014051,33.89790000010095],[-80.16908100013741,33.897479999989066],[-80.16863099987562,33.89694099979723],[-80.16780200039545,33.89617500018323],[-80.16677999967312,33.895545999836145],[-80.166531999976,33.895545999836145],[-80.1662299998522,33.895363000316124],[-80.16595600021583,33.895065000212476],[-80.16581800012356,33.89478999964588],[-80.16562599960464,33.89456100022459],[-80.16526900012757,33.89421800027982],[-80.16491199975219,33.89408000026505],[-80.16477500038317,33.894057000240885],[-80.1643629997562,33.89410300028301],[-80.1640880002949,33.89426300030121],[-80.16384100042269,33.89426300030121],[-80.16364899990376,33.89421700034537],[-80.16337400044245,33.8940340002105],[-80.16271499994328,33.893735999936965],[-80.16260500033843,33.89362100003585],[-80.16213800035818,33.89346100030458],[-80.16112200038198,33.89286499993165],[-80.16027000043728,33.89258999972786],[-80.15991300006189,33.892430000299434],[-80.15961099993811,33.892108999837276],[-80.15963900042549,33.89135299975301],[-80.15969399977877,33.89103199971162],[-80.15977699961947,33.890459999749396],[-80.15986000035844,33.889337000076594],[-80.1599149997117,33.88903899979746],[-80.16018900024642,33.888832999796655],[-80.16002500021487,33.88871899999507],[-80.16002500021487,33.8886270000441],[-80.15996999996331,33.88855800001578],[-80.15977800034267,33.88809999990426],[-80.15952999974724,33.887893999873015],[-80.1591730002702,33.88743599992512],[-80.1591189998435,33.88700000017795],[-80.15892700022289,33.88665699965567],[-80.15867899962745,33.8863820003172],[-80.15865199986328,33.88617599986585],[-80.1585699998475,33.886130000022966],[-80.1585699998475,33.88560300011759],[-80.1588999995604,33.884617999777475],[-80.15892700022289,33.88425099963643],[-80.15881800044295,33.884113999955325],[-80.15884500020714,33.883954000288774],[-80.15876300019136,33.8839079999935],[-80.15826799972372,33.883746999883435],[-80.15771899972773,33.8833349999275],[-80.15738999983975,33.8828079999094],[-80.15736300007556,33.88239599989365],[-80.15755499969619,33.882234999913436],[-80.15750000034292,33.88179999976776],[-80.15733499958817,33.88138800010507],[-80.15730799982398,33.88118100018616],[-80.15719800021913,33.8809069996942],[-80.15703400018761,33.8805170000513],[-80.15689699992024,33.87992100022464],[-80.1567870003154,33.87978400030295],[-80.15675899982799,33.879462999984305],[-80.15571600008758,33.87857000006403],[-80.15544199955288,33.8781800001811],[-80.15519499968067,33.87751599981378],[-80.15511199983999,33.876966000243],[-80.15486599979269,33.87616400021398],[-80.1545910003314,33.875648000092426],[-80.15413799969654,33.87515900037183],[-80.1536280000586,33.874818999720105],[-80.1531340003142,33.87474999971206],[-80.15310699965171,33.87468099964823],[-80.15275000017465,33.87436000027175],[-80.15200899965971,33.87378700023084],[-80.1512399995557,33.87360400027415],[-80.15088300007864,33.87337399973955],[-80.1506629999706,33.873145000258326],[-80.15052599970325,33.87245800036573],[-80.15030700031845,33.87243499973304],[-80.14981199985081,33.87218300001525],[-80.14915400007487,33.871518999978164],[-80.14876999993531,33.87083199967793],[-80.14838499997084,33.870258999820194],[-80.14758999992755,33.86897599963731],[-80.14736999981952,33.8687010000029],[-80.14687600007511,33.868173999863515],[-80.14651899969975,33.86803699973185],[-80.14580599967222,33.86737200001411],[-80.14522999991203,33.86638700032407],[-80.14512000030719,33.86606600033852],[-80.14503800029141,33.866020000097684],[-80.14495499955243,33.865654000054704],[-80.14484599977247,33.86556199985014],[-80.14443400004383,33.864760000078306],[-80.14402200031518,33.86480600025214],[-80.14390699978915,33.86461499967628],[-80.14328300034838,33.86488199980397],[-80.14141100022948,33.86568299965271],[-80.14078699989042,33.86595000017003],[-80.14033900017675,33.86618899995278],[-80.13899599996238,33.86690800027117],[-80.13869399983858,33.867070999836464],[-80.13852899998214,33.867070999836464],[-80.13841900037728,33.86725499987785],[-80.13694499974335,33.86801199966231],[-80.13548000022854,33.86876500000774],[-80.1336950001483,33.86897099997736],[-80.13152699975339,33.86906799989224],[-80.12965800000754,33.86915199971411],[-80.12929700033251,33.869171999801594],[-80.12821400040913,33.869236000199216],[-80.12785399966072,33.8692579999752],[-80.12732200028148,33.86928800006742],[-80.12572799999693,33.86938199969136],[-80.12519700044258,33.869414000190375],[-80.1247970004095,33.86943800037033],[-80.12471000037087,33.86936599981031],[-80.12460999991343,33.869367000036036],[-80.12277100030482,33.86939400015963],[-80.12215799983642,33.869404000175614],[-80.12206199957694,33.869430000062486],[-80.12177399969686,33.86950899989968],[-80.12167900016061,33.86953599997836],[-80.12161200021347,33.869554999752324],[-80.12064999976559,33.87012600017275],[-80.11758699976828,33.87194799989511],[-80.1165669995941,33.87255600023585],[-80.11632999976763,33.87269699982871],[-80.11562099993806,33.873120000193104],[-80.11538499993651,33.87326199978019],[-80.11465500019055,33.87370399992414],[-80.11246699970417,33.87503200036582],[-80.11225699964187,33.87515999978384],[-80.11174399963087,33.87548400034283],[-80.11132600005446,33.87574700017979],[-80.11007200042685,33.876538999727984],[-80.10965499977702,33.87680300018149],[-80.1089569998181,33.87724499988652],[-80.10891900018328,33.87726699983565],[-80.10668600038936,33.87861600025395],[-80.1059420003997,33.87906599966938],[-80.1056479997735,33.879226000298424],[-80.1047680002397,33.879707999848705],[-80.10447500033676,33.87986900012237],[-80.10391200009704,33.880151000268135],[-80.10222300027625,33.88099899976701],[-80.10166099986148,33.88128199999319],[-80.10160800015802,33.88130699990481],[-80.10144999997429,33.881384999850425],[-80.10139800009574,33.88141099981645],[-80.10131000023219,33.88147099965047],[-80.10104699956815,33.88165299980868],[-80.10096000042782,33.881714000299326],[-80.10083800022909,33.88179800035349],[-80.10077899977955,33.881838999897056],[-80.10060200022754,33.881960999823065],[-80.1004649999602,33.88203999999381],[-80.10033799973858,33.88211499978617],[-80.10029500008088,33.8821400001995],[-80.09939399973237,33.88266499972931],[-80.09656300043697,33.884315999963405],[-80.09562000025566,33.88486699993132],[-80.09558799957031,33.88488600002107],[-80.09421199974398,33.88567000022962],[-80.09008599991476,33.88802300013905],[-80.08871099991332,33.88880799985322],[-80.08868999999693,33.88881999982699],[-80.08705800007755,33.88975000011596],[-80.08216200031941,33.89253999979894],[-80.08053100022495,33.89347099973731],[-80.07997399983304,33.89378799978945],[-80.0783019997307,33.894740000261066],[-80.07774600006199,33.89505799999485],[-80.07773199981828,33.895065000212476],[-80.07769300035854,33.89508799996481],[-80.07767999993975,33.89509600010412],[-80.0776549998254,33.895108999862906],[-80.07758000038064,33.895150999643654],[-80.07755600009119,33.89516599998639],[-80.07589900005745,33.89607699985102],[-80.07092999960607,33.89881199971845],[-80.06927400029556,33.89972400002027],[-80.06902499987521,33.89986000011248],[-80.06828099988554,33.90027000030578],[-80.06803300018844,33.900407999996524],[-80.06582299996073,33.90162300022741],[-80.05919400000087,33.905271000082344],[-80.0569849995981,33.906487000137865],[-80.05685300025193,33.90655899994057],[-80.05645900006664,33.906774999729336],[-80.05632799964707,33.90684799982069],[-80.0560149996526,33.907018999647015],[-80.0550770003925,33.90753500013032],[-80.05476500022296,33.90770800036761],[-80.05458399957469,33.90780699978095],[-80.05404399979953,33.90810299979594],[-80.05386399987447,33.908203000012065],[-80.05334300036587,33.90848900023594],[-80.05178099986837,33.90934899988274],[-80.0512610001847,33.90963599974274],[-80.05057599974624,33.91001500021505],[-80.04852399970233,33.91115399993804],[-80.04783999998712,33.91153499983262],[-80.04684300027745,33.91208099977053],[-80.04385200025015,33.913719000216034],[-80.0428549996422,33.914265000326296],[-80.04279699991586,33.91430599991753],[-80.04262299983858,33.91442800036657],[-80.04256599993718,33.91447000032186],[-80.04252400010438,33.91450000017076],[-80.04250300018799,33.914510999814475],[-80.04236799957047,33.914579000020495],[-80.0417640002212,33.91488599996807],[-80.04156300037974,33.91498900024422],[-80.04153999991522,33.91500100026102],[-80.03963299963621,33.915972999740326],[-80.03391199969757,33.91889100027187],[-80.03200600014179,33.91986399973831],[-80.03019299957414,33.920746999680524],[-80.02475399966778,33.92339900002621],[-80.02294199982335,33.92428399976435],[-80.02277500031708,33.92436399981393],[-80.02227700037471,33.92460699973692],[-80.02222899979581,33.92463100004142],[-80.02211199961995,33.924687999805684],[-80.02144299997336,33.92501399994781],[-80.01943600013526,33.925992000342355],[-80.01876800031356,33.92631900026967],[-80.01873399997838,33.926334999903375],[-80.0179540000037,33.92671500019693],[-80.01551500034546,33.927903999652514],[-80.0147019998605,33.92830099994464],[-80.01461700037,33.928340999956],[-80.0143629999268,33.92846399996624],[-80.01427900026121,33.92850599971091],[-80.01264099959572,33.92930399986888],[-80.00772999976898,33.93169999993731],[-80.00609299982672,33.93249999969803],[-80.00597900002391,33.93255499969896],[-80.00563599989223,33.932720999716764],[-80.00552299991433,33.932776999802414],[-80.00448900039476,33.933274999822835],[-80.00138700003937,33.93477200016465],[-80.00035400034471,33.935270999896034],[-80.00012300036605,33.93514299977474],[-79.99979399957974,33.93496099976023],[-79.99941799983613,33.93513199981361],[-79.99926800004829,33.93520200035533],[-79.99917900035983,33.93524200010666],[-79.99501099979952,33.937144000169866],[-79.98251000028824,33.94285000030902],[-79.97834299955285,33.944752999666825],[-79.97807700031238,33.94487399964776],[-79.97727899989606,33.945238000130125],[-79.97701399958218,33.94536000024645],[-79.97658199976205,33.94555700005912],[-79.97579099991671,33.94591899971022],[-79.97529799999722,33.94616899972745],[-79.97487600022282,33.946384999699546],[-79.97486399962895,33.946391000104924],[-79.97482799964394,33.946408999828165],[-79.97481699977328,33.94641600029914],[-79.97477300029065,33.94643800028515],[-79.97464400041923,33.946504000208996],[-79.97460099986321,33.946527000238135],[-79.97358400006208,33.94704199984712],[-79.96867200041041,33.949558000053855],[-79.9586759997813,33.954670000016904],[-79.95837899968039,33.95482099986115],[-79.95404399961382,33.95703900012867],[-79.95309700013287,33.957523999872954],[-79.95263699982534,33.95776200012355],[-79.94583200013838,33.96129299972016],[-79.94181900028708,33.96332100024419],[-79.93951500034805,33.964609000025135],[-79.93934700011857,33.96469400019],[-79.93421100016093,33.96732499964466],[-79.93368800010418,33.96759600001163],[-79.92587999996148,33.97165400034543],[-79.92580299996857,33.971693000330106],[-79.92263899968893,33.97331899993021],[-79.91264799998102,33.97853400028276],[-79.90822800042396,33.980788999957404],[-79.90816499977645,33.98082200001],[-79.90812399976858,33.98084400003796],[-79.90806900041531,33.98087299993067],[-79.90567000004171,33.98215100035214],[-79.90477000041643,33.98262999983609],[-79.89727400044326,33.98622899968241],[-79.8935169997867,33.98801700019149],[-79.89354199990105,33.98815100017069],[-79.89337700004461,33.98874699973089],[-79.89340399980878,33.98913599974761],[-79.89370599993259,33.98952599977858],[-79.89392600004061,33.98959499995864],[-79.8942289999893,33.989709000327736],[-79.89527400027785,33.98964099979932],[-79.89593399970363,33.989365999944155],[-79.89662099979188,33.98902299966586],[-79.89700599975636,33.989046000116524],[-79.89730899970505,33.98909200025435],[-79.8974739995615,33.98922900020968],[-79.89758400006465,33.98954999965325],[-79.89769299984461,33.990192000116465],[-79.89780300034778,33.990398000060885],[-79.89807799980908,33.990650000290074],[-79.89860000004089,33.99108500033708],[-79.89870999964576,33.99129100035118],[-79.89868200005667,33.99151999964686],[-79.89840699969704,33.992162000122484],[-79.89843500018446,33.99248200013283],[-79.89873700030824,33.992665999797865],[-79.89909399978531,33.992665999797865],[-79.89961699984202,33.99252900017018],[-79.90027700016611,33.99218499972351],[-79.9006350003664,33.992208000063144],[-79.90107399985924,33.99234599973573],[-79.90214699973686,33.99241499986032],[-79.90233900025581,33.99250700018763],[-79.90244899986065,33.992782000304885],[-79.90242100027157,33.99310200021461],[-79.90151400007528,33.993857999925346],[-79.90123899971567,33.99429299993452],[-79.901155999875,33.99447599989949],[-79.90123799989077,33.994910999723714],[-79.90148599958788,33.99520899977997],[-79.90250300028734,33.99603400027153],[-79.9028399996729,33.99624700029699],[-79.90409699967357,33.99704300006743],[-79.90420700017674,33.99720300034112],[-79.90420700017674,33.997614999993935],[-79.9039589995813,33.99802699988294],[-79.90332699974464,33.99848500027402],[-79.9031340002991,33.998737000349934],[-79.9031340002991,33.9989659996849],[-79.90324399990396,33.99912700025274],[-79.90351900026357,33.99924099974864],[-79.90398600024379,33.99912700025274],[-79.90467400015696,33.998600000085176],[-79.9048669996025,33.998600000085176],[-79.90500399986986,33.99864600026397],[-79.90500399986986,33.999219000014605],[-79.90492100002916,33.99935600002587],[-79.90426300025324,34.00015900022588],[-79.90412599998588,34.000535000078806],[-79.90393299964202,34.00060400025536],[-79.90374100002143,34.00089299965178],[-79.90371300043233,34.001602999995406],[-79.90362999969334,34.00169500005456],[-79.90365800018073,34.00224500023984],[-79.90382300003719,34.002359000019524],[-79.90439999962227,34.002313999772035],[-79.90468599985253,34.00208899966628],[-79.90489500008991,34.00192400035182],[-79.90536299989506,34.00180999998835],[-79.90566500001886,34.00201600006329],[-79.90563800025467,34.00238299999283],[-79.90547300039822,34.002565999659446],[-79.90550000016239,34.00297800011092],[-79.90558200017816,34.00307000017014],[-79.90613199999908,34.00295499970819],[-79.90687500016384,34.00249700033197],[-79.90764500009277,34.00270399963558],[-79.90786500020079,34.00334500035206],[-79.90758999984118,34.00396399995989],[-79.90758999984118,34.00419300009721],[-79.90780999994921,34.004261000149185],[-79.9084150000217,34.0040550003063],[-79.9096250001667,34.00426200028096],[-79.91072499980851,34.00481200022694],[-79.91088899984005,34.005293000299886],[-79.9107519995727,34.00591099974687],[-79.91091700032744,34.00648399963735],[-79.91152200039994,34.006987999982776],[-79.91267700029336,34.00691999988024],[-79.91347399998648,34.00714900023846],[-79.9136389998429,34.00698900008244],[-79.9136389998429,34.006415999875884],[-79.91399700004318,34.006140999956834],[-79.91471199972055,34.00593500020586],[-79.91501499966924,34.005728999955146],[-79.91534500028044,34.005636999797474],[-79.91575700000911,34.0056600002186],[-79.91619700022515,34.005843999639744],[-79.9166099997787,34.00616400024146],[-79.91715999959962,34.00737900007424],[-79.91812200004749,34.007791000262436],[-79.91848000024777,34.0078369999317],[-79.91949700004892,34.007744999823636],[-79.91979999999762,34.0076309998267],[-79.92032200022943,34.007219000351554],[-79.92062500017813,34.00678400025647],[-79.92103799973168,34.00676100013981],[-79.92117499999905,34.006829000369656],[-79.92117499999905,34.00717300034759],[-79.9210100001426,34.007424999966666],[-79.92068000042973,34.007745999914384],[-79.92068000042973,34.00813500006682],[-79.92081699979876,34.00831799999887],[-79.92128499960391,34.008502000363066],[-79.92205500043116,34.00863900029431],[-79.92290800020076,34.008319000082885],[-79.92370499989389,34.00813500006682],[-79.92439299980705,34.00758600013849],[-79.92463999967926,34.007493999758545],[-79.92521799998757,34.00760900003176],[-79.92530000000333,34.007768999764316],[-79.92530000000333,34.008914000315436],[-79.92565800020364,34.009281000223574],[-79.9259879999165,34.00923499984723],[-79.92673000025636,34.00896000012105],[-79.92761099961507,34.00893699984902],[-79.92799599957952,34.00912100036125],[-79.92796799999043,34.00948700004916],[-79.92755500043687,34.00976200030263],[-79.92703300020506,34.00989899969036],[-79.9262349997887,34.009967999705985],[-79.92554799970046,34.01019700003577],[-79.92530000000333,34.01037999999195],[-79.9253269997675,34.01070099993898],[-79.92568499996781,34.011044999869014],[-79.92683999986122,34.01097599998397],[-79.9275000001853,34.01129699991174],[-79.9284080002065,34.01129699991174],[-79.92862800031452,34.01143399980144],[-79.92893000043831,34.01186999994667],[-79.92920499989961,34.012006999656414],[-79.92961800035148,34.01193799980849],[-79.93003000008012,34.01212099973558],[-79.93011299992081,34.012441999802384],[-79.92994800006436,34.01274000015834],[-79.92920499989961,34.013313000135064],[-79.92895800002741,34.013655999886126],[-79.92926000015119,34.013953999704135],[-79.92989299981278,34.01386200026671],[-79.93022300042398,34.013953999704135],[-79.9306900004042,34.01436600000867],[-79.93107600019358,34.0150079998234],[-79.93140599990647,34.01526000001747],[-79.93217599983541,34.015144999681915],[-79.93278099990789,34.0153510001726],[-79.93344100023198,34.01590099977837],[-79.93382600019645,34.015923999653126],[-79.93434900025316,34.01555800016216],[-79.93473400021766,34.015581000129835],[-79.9348990000741,34.016495999746105],[-79.93542100030591,34.01679400001965],[-79.93652199977262,34.01681699965247],[-79.9369069997371,34.01693099997428],[-79.93704400000446,34.01709100001104],[-79.93696199998868,34.017319999743684],[-79.93632900032709,34.01759499994259],[-79.93619200005975,34.01777900030655],[-79.93621899982394,34.017985000362266],[-79.93676899964484,34.01835099981362],[-79.9372370003483,34.0183969997185],[-79.93795200002566,34.01828199990962],[-79.93814399964626,34.0180079996724],[-79.93814399964626,34.01768699980213],[-79.93831000022593,34.01757199977597],[-79.93877700020617,34.017503999959125],[-79.93910699991905,34.01729800022534],[-79.93935499961617,34.017319999743684],[-79.93979499983223,34.01752700014417],[-79.94029000029988,34.0178930000811],[-79.94067500026432,34.017800999700235],[-79.94086799970987,34.01734299997853],[-79.94207799985485,34.01761800010299],[-79.94304100012764,34.01761800010299],[-79.94350800010787,34.017733000066826],[-79.9437009995534,34.0178930000811],[-79.94392099966143,34.01855699997034],[-79.94414099976944,34.01887800027356],[-79.9443059996259,34.0189469996931],[-79.94469099959036,34.01890100008633],[-79.9449390001858,34.018695000019825],[-79.94510400004224,34.018443000342984],[-79.94526899989867,34.018373999769175],[-79.9463690004388,34.01830499988386],[-79.94691900025971,34.01796100033088],[-79.94749699966972,34.01807599983012],[-79.94746900008064,34.019198000151555],[-79.94840499969094,34.019656000288585],[-79.94851500019408,34.0199539998928],[-79.94801999972644,34.02086999996101],[-79.94672699974078,34.02187800035198],[-79.94650699963275,34.02219900000863],[-79.94653400029527,34.022634000048306],[-79.94694699984882,34.022954999823824],[-79.94738700006486,34.02311499967373],[-79.94799200013738,34.02309200025834],[-79.9482130000703,34.02297800002094],[-79.94859800003478,34.02192399983454],[-79.94887300039439,34.02174100019152],[-79.94925800035885,34.02164900025854],[-79.94986500008118,34.021645999732975],[-79.95038700031299,34.02159100000677],[-79.95071600020096,34.021557000225854],[-79.95074299996513,34.02096199999379],[-79.9508249999809,34.020778999765746],[-79.95126600002186,34.020778999765746],[-79.95187100009437,34.02103000001869],[-79.95225600005881,34.02098499998643],[-79.95264100002329,34.02050300026219],[-79.9528879998955,34.02036600011601],[-79.9532190003316,34.020389000270114],[-79.95288899972041,34.021121999878055],[-79.95286100013132,34.02137399979148],[-79.95327399968488,34.02153399964366],[-79.95368600031185,34.02144300016029],[-79.95368600031185,34.02135099990431],[-79.95418099988116,34.02096100005871],[-79.95492400004593,34.0208469999372],[-79.95569399997487,34.02054899974542],[-79.95616199978001,34.02057199984993],[-79.95745499976567,34.02105299999291],[-79.95863800014646,34.021097999989124],[-79.95874799975132,34.02116699983774],[-79.95918799996738,34.02116699983774],[-79.95957299993186,34.02134999997381],[-79.9597660002757,34.0213729998613],[-79.96048099995305,34.02228900025112],[-79.96130600013358,34.022839000321056],[-79.9614989995791,34.022839000321056],[-79.96180200042612,34.02290700033126],[-79.96276399997569,34.02286099989235],[-79.96336999987308,34.02313600000857],[-79.96356200039203,34.02331900036644],[-79.9636729998218,34.02393800029184],[-79.96435999991004,34.024144000290484],[-79.96441500016164,34.02430400013244],[-79.96449800000231,34.024326999963904],[-79.96433300014587,34.02487700022806],[-79.96433300014587,34.02510599980137],[-79.96449800000231,34.02526600006317],[-79.96491099955587,34.02544900029524],[-79.9651590001513,34.02565500034872],[-79.96532400000774,34.0259759998655],[-79.96642399964956,34.026732000282756],[-79.96703000044529,34.02684599994449],[-79.96714000005014,34.02670799974668],[-79.96713900022523,34.026524999996084],[-79.96691900011722,34.026272999742474],[-79.96694699970628,34.025974999989494],[-79.96711199956273,34.02583799974193],[-79.96749700042552,34.02586099990219],[-79.96777199988682,34.026021000229505],[-79.96793699974324,34.026433000037514],[-79.96813000008709,34.02663899993589],[-79.96881800000025,34.026823000051195],[-79.96909300035988,34.02711999994176],[-79.96914799971316,34.02757799976601],[-79.96925800021633,34.02778499971748],[-79.9698909998779,34.02776100022375],[-79.97046800036132,34.02744099987291],[-79.97049599995042,34.027302999898254],[-79.97071600005845,34.02711999994176],[-79.97107400025871,34.027005000039786],[-79.97143099973579,34.02705099972148],[-79.97181700042348,34.02821900031075],[-79.97239499983347,34.02867700015916],[-79.97269699995728,34.02879100018584],[-79.97382500008649,34.02879100018584],[-79.97423799964005,34.028974000261066],[-79.9744309999839,34.0296840003072],[-79.97481599994838,34.03000500021704],[-79.97500900029223,34.03050900014391],[-79.9762200002621,34.03174499966311],[-79.97660500022658,34.03199700004407],[-79.97765100034003,34.03188200005168],[-79.97781600019648,34.03199700004407],[-79.97789800021225,34.03213400002571],[-79.97778799970908,34.0323630001151],[-79.97778900043231,34.03270700010526],[-79.97822899975004,34.03334799986961],[-79.9783390002532,34.033714999852776],[-79.9781750002217,34.0347909996994],[-79.97839500032971,34.03490600021519],[-79.97872500004259,34.0347909996994],[-79.97894500015063,34.034493000084375],[-79.98010000004402,34.0345839997181],[-79.98040299999272,34.03465299976803],[-79.98100899989014,34.03499599963619],[-79.9810909999059,34.035203000101056],[-79.9810909999059,34.03572899962827],[-79.98056899967409,34.03621099996857],[-79.98043200030504,34.036783000306144],[-79.98054199990989,34.03694399988387],[-79.98081700026951,34.0368750002086],[-79.98111900039329,34.0365769997258],[-79.98136700009042,34.03659999995271],[-79.98158700019845,34.03673699994531],[-79.98189000014715,34.03714899982868],[-79.98211000025518,34.03717199990051],[-79.98243999996805,34.037011999757055],[-79.98227500011161,34.0365990002019],[-79.98227500011161,34.03623299979515],[-79.98252199998383,34.036027000112405],[-79.9829350004357,34.03602600035484],[-79.98425600001045,34.036896000115725],[-79.9844209998669,34.037102999666274],[-79.98431200008696,34.037652000008855],[-79.98436700033852,34.037926999831825],[-79.98453200019499,34.03804199981828],[-79.98536999989597,34.03791100034567],[-79.98566500034708,34.03786499985213],[-79.98571399985256,34.0378569997314],[-79.98578800037072,34.03785999968369],[-79.9862100001451,34.03788100009138],[-79.9862450003052,34.03789700032756],[-79.98630200020662,34.0379230001467],[-79.98645799984223,34.03799499966142],[-79.98643000025314,34.038291999898235],[-79.98609999964192,34.03863599966724],[-79.98610100036517,34.038932999892786],[-79.98640400031385,34.03943699963274],[-79.98684399963162,34.039506000201506],[-79.9874489997041,34.03948300001816],[-79.9883569997253,34.0392530000748],[-79.98877000017718,34.039184000044614],[-79.989292000409,34.03916099977395],[-79.99003499967544,34.038656999882754],[-79.99028300027086,34.03870299994684],[-79.99028300027086,34.03897800008441],[-79.99014500017859,34.039138000241394],[-79.99014500017859,34.03957299979389],[-79.99022800001929,34.039710999909616],[-79.99069599982442,34.039664999647854],[-79.99099799994822,34.03936700003405],[-79.9913279996611,34.039274999856836],[-79.99185099971783,34.03945799965],[-79.99209900031326,34.03975599968843],[-79.99237499959946,34.04064899977382],[-79.9928979996562,34.041220999959066],[-79.99303599974844,34.041907999963904],[-79.9935039995536,34.04259500035867],[-79.99408199986192,34.04314499981231],[-79.99419300019001,34.04335100007266],[-79.99424800044159,34.04470199994703],[-79.99430399961976,34.04479400019208],[-79.99460599974356,34.04472500020371],[-79.99507400044702,34.044334999861334],[-79.99534899990832,34.04424400026771],[-79.99581699971347,34.04426600024385],[-79.99606399958567,34.04449500033328],[-79.99611999966217,34.0453890000384],[-79.99647799986245,34.04589199973326],[-79.99691800007851,34.04598400017597],[-79.99796400019197,34.04595999987588],[-79.99840400040803,34.046005999700654],[-79.99923000041343,34.0462580001426],[-79.99979100010502,34.04625699976128],[-80.00019799981078,34.04650799982329],[-80.00087499985331,34.04627899995954],[-80.00112199972551,34.04650799982329],[-80.00112199972551,34.046782999960485],[-80.00081899977681,34.04710399992365],[-80.00012900021382,34.0474929998179],[-79.99979100010502,34.04747000031198],[-79.99939799974462,34.04731099986759],[-79.99938500022415,34.047884000140435],[-79.99966300005849,34.04797799988823],[-79.99979100010502,34.04801899979309],[-80.00023899981868,34.04804300025469],[-80.0005939996459,34.04787699983833],[-80.00072599989039,34.04767399975733],[-80.00227300031928,34.04508300025607],[-80.00660099981484,34.03784199996821],[-80.00673700025727,34.03762099992413],[-80.01147900002962,34.03007599992407],[-80.01157399956588,34.029923999922985],[-80.02398299991393,34.01249400013976],[-80.02655600036479,34.00885799970914],[-80.02669799975669,34.00863399989306],[-80.02671700002325,34.00860599987451],[-80.02675999968098,34.00854299998521],[-80.02679400001617,34.008541999903834],[-80.02931899988812,34.00850399978206],[-80.0342940001873,34.00842800023217],[-80.03673899969331,34.00838499964342],[-80.04785599988062,34.00825000021665],[-80.04916899995777,34.00823499968793],[-80.05040900023998,34.008219999901186],[-80.05067899967841,34.008219999901186],[-80.05143100006401,34.00822500032686],[-80.06651900026984,34.00797699971057],[-80.06798799998259,34.007955000005325],[-80.07036399989163,34.007919999886965],[-80.07267299985354,34.00658399971324],[-80.07270399981566,34.006564999961086],[-80.08279099978304,34.000158000045786],[-80.0843990003113,33.999314000247054],[-80.08443500029631,33.99929400016774],[-80.08949199971292,33.996495999639244],[-80.09619799966568,33.99300900026735],[-80.10028699968495,33.990883000236096],[-80.10664799985621,33.9875350002868],[-80.10916500023058,33.98643300035681],[-80.11330100010551,33.984394000248294],[-80.11806100031954,33.98161500006208],[-80.11810200032741,33.981589000128814],[-80.12047499986342,33.98042899977043],[-80.12479599968628,33.978121000046144],[-80.12786700007952,33.97651399967662],[-80.13581300031449,33.972357999836525],[-80.14847500038253,33.96573600022539],[-80.1619199999,33.95874800002982],[-80.16468400014655,33.95730500004041],[-80.16713100020073,33.956212999729566],[-80.1672490002015,33.95616000001566],[-80.16776700023534,33.955995000202826],[-80.18037099967877,33.952002000312795],[-80.18006899955498,33.95155599992031],[-80.17993399983575,33.950808999727556],[-80.17991100026954,33.95064499998853],[-80.17986900043674,33.95029599985551],[-80.17978800024589,33.9497869999824],[-80.17975899993358,33.94861699985368],[-80.17965000015364,33.94834199995369],[-80.17959499990205,33.94829600012486],[-80.17929100012844,33.94744700003493],[-80.17926299964103,33.94675999963257],[-80.17937200031929,33.946300999941144],[-80.17970100020726,33.94524600003315],[-80.17978300022303,33.94476499996207],[-80.17991999959206,33.94444399986498],[-80.18016599963936,33.94343599964514],[-80.18022000006603,33.94251799994553],[-80.18038300027266,33.941004000166984],[-80.1805480001291,33.94043200017644],[-80.18054700030417,33.93962899996832],[-80.18046500028841,33.93956000023282],[-80.18035399996033,33.9391019998798],[-80.18032700019616,33.938413999786334],[-80.18027100011966,33.93820799985753],[-80.18021599986807,33.93770299992429],[-80.18015999979158,33.93745100003871],[-80.18013200020249,33.93708400001279],[-80.17993899985865,33.93660199985024],[-80.17969199998645,33.93630400008567],[-80.17947199987842,33.93589199995395],[-80.1794159998019,33.935615999742026],[-80.179414999977,33.93483699998615],[-80.1799089997214,33.933644000303296],[-80.18043000012831,33.93279699987736],[-80.18095099963692,33.93206299986473],[-80.18111499966842,33.93158100034912],[-80.18114300015584,33.93116800022539],[-80.1812800004232,33.9309849996656],[-80.18161000013608,33.93029799983452],[-80.18166500038765,33.93002299964005],[-80.18177499999251,33.92993100028479],[-80.1818019997567,33.92970199986195],[-80.18188499959736,33.9295189998789],[-80.18196699961314,33.92945000014975],[-80.1821049997054,33.92887699978589],[-80.18218699972117,33.928694000266304],[-80.18226999956184,33.928419000110345],[-80.18238000006502,33.92816700032894],[-80.18248899984496,33.92777800021117],[-80.18273700044038,33.92725099982384],[-80.18290200029683,33.92644900009486]]]},"properties":{"GEOID":"45085000500","TRACT":"000500","NAME":"Census Tract 5","county_name":"Sumter","aland_sqkm":239.9678,"is_greater_area":false,"pop_2020":2269,"pop_2010":2349,"has_2010":true,"growth_pct":-15.2,"growth_abs":-356,"density_per_sqkm":8.3,"pct_nonwhite":67.3,"median_income":56490,"median_age":42.0,"median_home_value":115300,"median_gross_rent":716,"poverty_rate":29.5,"pct_bachelors_plus":17.7,"unemployment_rate":4.3,"pct_wfh":1.2,"total_housing_units":959,"vacancy_rate":21.3,"owner_occ_rate":85.2,"pct_single_family":62.0,"median_year_built":1984,"pop_2014":2306,"pop_2015":2367,"pop_2016":2263,"pop_2017":2152,"pop_2018":2102,"pop_2019":2106,"pop_2021":1929,"pop_2022":1801,"pop_2023":1894,"pop_2024":1988}},{"type":"Feature","geometry":{"type":"Polygon","coordinates":[[[-80.64670200002804,33.99806800009337],[-80.64671399972363,33.99796000025937],[-80.64658999987506,33.99765100010008],[-80.64626099998709,33.99683399993563],[-80.64593799994688,33.99653299969759],[-80.64565799956442,33.996271999988764],[-80.64561599973163,33.99623300010892],[-80.64545000005027,33.996077999894005],[-80.64492600016862,33.9959690002798],[-80.64491299974983,33.99597099999383],[-80.64334699995268,33.9962500002306],[-80.64263800012311,33.99643299970414],[-80.64200999958611,33.996596999780564],[-80.64188900011058,33.996562999672655],[-80.64115199979364,33.99635699977939],[-80.64050099969037,33.99565799986029],[-80.64024200012258,33.99528900019196],[-80.63958599999647,33.994351000214365],[-80.6392570001085,33.99341200004859],[-80.63919500018422,33.99190099964764],[-80.63938199978197,33.99067500013907],[-80.64001500034189,33.990105000264684],[-80.64073800041515,33.98984999974946],[-80.64114000009805,33.989709000327736],[-80.64239899974852,33.98953900002186],[-80.64285599968302,33.98941599964549],[-80.64300899984389,33.98937499972871],[-80.64323999982257,33.989314999905716],[-80.64347099980125,33.98925300016825],[-80.64362499978705,33.989212999737],[-80.64396899974362,33.98912100031225],[-80.6443610002791,33.98858199982744],[-80.64432899959372,33.9881849999206],[-80.6443179997231,33.98804099974747],[-80.64420399992028,33.98786399979001],[-80.64413100012533,33.987751000251436],[-80.6440940003154,33.98769400026233],[-80.64398399981225,33.9875230000658],[-80.64390599999443,33.98746999975203],[-80.64387800040534,33.98744700036453],[-80.6437760002981,33.987361000267775],[-80.64342200029577,33.98708799966126],[-80.6433610001964,33.98704100033871],[-80.64236000028879,33.98667100015236],[-80.64217899964049,33.98659499968918],[-80.64176699991185,33.986424000260705],[-80.6416089997281,33.98635900036594],[-80.64131300035042,33.985811999683044],[-80.64121899974077,33.98563799986065],[-80.64126700031966,33.98473299988589],[-80.64120799987012,33.98381999995856],[-80.6411500001438,33.98346900035533],[-80.64112599985435,33.98331900035018],[-80.64080299981416,33.982766999779884],[-80.64056900036076,33.98256599966163],[-80.64018000019833,33.98223000000347],[-80.63982399964786,33.982027999711605],[-80.63955699968416,33.98187600009742],[-80.63951700039951,33.98185299994099],[-80.63946399979774,33.98182200033565],[-80.63939900039873,33.98178499983078],[-80.63936099986557,33.981763000046364],[-80.63930700033721,33.98173300006029],[-80.63842299970715,33.98125100027288],[-80.63773300014415,33.98068999972278],[-80.63677400006934,33.97990899978847],[-80.6359489998888,33.9792990000815],[-80.63586699987306,33.97925900017982],[-80.63493000043785,33.97880799974387],[-80.6349129998211,33.978802999821426],[-80.63489500027775,33.978797000212026],[-80.634264000266,33.978609000070776],[-80.63367799956175,33.97843499965675],[-80.63258399976772,33.97808200003017],[-80.63238299992626,33.97801000035478],[-80.6320620004342,33.97789599993697],[-80.63183300010535,33.97779299977439],[-80.63178799989952,33.97774599978165],[-80.63178000040192,33.97773799995465],[-80.63150699969212,33.97745800032089],[-80.63093400030499,33.97679700005999],[-80.63053900029477,33.97597100007266],[-80.6304420002104,33.97576599989528],[-80.63055900038627,33.97487400010611],[-80.63067200036417,33.97422300025413],[-80.63080500043355,33.9734280002868],[-80.63079299983967,33.97253500004884],[-80.63080500043355,33.97158600027222],[-80.63108800029076,33.97029299993676],[-80.63134600003363,33.9696359997717],[-80.63141899982858,33.96955100007577],[-80.63200299998466,33.96887999991429],[-80.632801000401,33.968159999975015],[-80.6329269998994,33.967969999781594],[-80.63293399957207,33.96796099996584],[-80.63297799995301,33.9678929999196],[-80.63305199957286,33.96778200028611],[-80.6331319999388,33.96766100009773],[-80.63317100029687,33.967603000229595],[-80.63318299999243,33.967583999955906],[-80.63319300003816,33.967567999879016],[-80.63320300008391,33.96755500000054],[-80.6332240000003,33.967522000013645],[-80.63323499987096,33.96750699974441],[-80.63327199968089,33.96744799995127],[-80.63338200018406,33.96696700021141],[-80.63331400041199,33.96684600035354],[-80.63314799983232,33.96654899976945],[-80.63253899956189,33.96610599989095],[-80.63165099963216,33.965624000170386],[-80.63142600039957,33.965502000049064],[-80.63102299999345,33.96537300009681],[-80.63100299990197,33.96536599969532],[-80.63003899980427,33.96505899993253],[-80.62894199963719,33.96471000006254],[-80.62820400039362,33.9648240002779],[-80.62736499996939,33.96534800025673],[-80.62726500041029,33.96545499996781],[-80.62657900014692,33.966199000218225],[-80.62616800024318,33.96664599967539],[-80.62607199998372,33.96675799987468],[-80.62550999956893,33.967418000129086],[-80.62480599976223,33.96784099984756],[-80.6242900002765,33.968101999702206],[-80.62394799996974,33.96827599965698],[-80.62357700024899,33.96827899983291],[-80.62341599969218,33.96827599965698],[-80.62329299966855,33.968274000036324],[-80.6229579999328,33.968144999818364],[-80.62280899996988,33.96808800009283],[-80.62278600040365,33.968079000289556],[-80.62206900017817,33.96782099981137],[-80.62018799983845,33.967142999900474],[-80.61991400020206,33.96707099990236],[-80.61919799980147,33.96688600013472],[-80.61917799971,33.966879999684494],[-80.61884200014933,33.9667929998136],[-80.61875000008783,33.96677000004696],[-80.61830099965094,33.9666529999716],[-80.61806600037262,33.96659199992576],[-80.61783500039392,33.966530000005335],[-80.61749999975986,33.96644400035334],[-80.61734599977407,33.96632000025152],[-80.61711399997048,33.966133999759826],[-80.61688700018976,33.965950999864525],[-80.61673499985379,33.965827999628104],[-80.61575999988546,33.96547200028552],[-80.6157280000984,33.96526799997397],[-80.61528799988236,33.96242199965497],[-80.61580799956602,33.96179400022198],[-80.61584299972611,33.961785999639275],[-80.61672800018111,33.96159999966389],[-80.61705700006908,33.96168699963088],[-80.61761000026303,33.96183599991581],[-80.61765499957056,33.96184800003743],[-80.6185099998883,33.96275100023361],[-80.61888700035517,33.96295700036707],[-80.61899399958699,33.96301600029534],[-80.61942499958221,33.96315199993616],[-80.61957500026834,33.96319999966984],[-80.61977899958451,33.96302200027311],[-80.62029300031875,33.96257499965206],[-80.62052699977217,33.9620169999559],[-80.62069400017673,33.96162300008344],[-80.62078799988808,33.96139800027938],[-80.62098100023192,33.960917999751565],[-80.62110300043064,33.96061699972927],[-80.62083599956864,33.95947200031739],[-80.62039000040312,33.95882899966004],[-80.62031300041023,33.958717000196955],[-80.61985700030064,33.9584589996353],[-80.61975799966812,33.95844400000313],[-80.61974000012478,33.958442000151265],[-80.61940700003886,33.95839200011524],[-80.61862700006418,33.958278000221156],[-80.61835199970457,33.95826600034107],[-80.61804600028113,33.958253999714174],[-80.61801799979372,33.95821600020155],[-80.61782100015023,33.957942999890335],[-80.61773599976141,33.95782499966205],[-80.61773999995937,33.95724699981678],[-80.61789599959499,33.95700799967305],[-80.61808100044122,33.95672800033421],[-80.61812400009893,33.95666300008974],[-80.61817500015256,33.95658700037148],[-80.61831700044277,33.9565849997309],[-80.61839500026058,33.956583999783156],[-80.61880199996635,33.95657700014858],[-80.61891999996713,33.95657500025288],[-80.61998199997413,33.95677100023931],[-80.62000700008848,33.956777999857934],[-80.62040000044888,33.956891000327516],[-80.62077299981947,33.95699800024475],[-80.62093799967589,33.95704599972519],[-80.62146599975549,33.957451999928935],[-80.62177600027522,33.95755899988582],[-80.62183700037457,33.95758000003562],[-80.62212699990448,33.95772700019418],[-80.62229199976093,33.95781099985139],[-80.62235500040845,33.95777999967709],[-80.62296600032872,33.95748899984569],[-80.62300300013864,33.957409000368],[-80.62311100009366,33.9571780002059],[-80.62317899986573,33.95703199978639],[-80.62330500026242,33.956763999875044],[-80.62337999970717,33.95659200010996],[-80.62344500000451,33.95644500022571],[-80.62362300027974,33.95603999964161],[-80.62320800017804,33.955529999889436],[-80.62319399993434,33.95552000028743],[-80.62264699958816,33.95510700005061],[-80.62128400018061,33.95468099968892],[-80.62046599967279,33.954369000243425],[-80.62026800020438,33.954068000150315],[-80.62010300034795,33.953818000236446],[-80.62044899995436,33.953078999692764],[-80.62046200037315,33.953052999976194],[-80.62063899992516,33.95286900026492],[-80.6210420003313,33.952455999828615],[-80.62131699979258,33.95244399987259],[-80.62160200019794,33.95243199991486],[-80.62190400032172,33.95241899995876],[-80.62200999972862,33.952414999971836],[-80.62280700032004,33.952309000250565],[-80.62282300021359,33.95230700025457],[-80.62311000026877,33.952303000262376],[-80.62313399965988,33.952303000262376],[-80.62338899992801,33.95229500027752],[-80.62389799974103,33.95228200030043],[-80.62422800035223,33.952254000343174],[-80.62449100011798,33.95223200037021],[-80.62450700001149,33.952230000372396],[-80.62480900013529,33.95220199965286],[-80.62547699995697,33.951900000088365],[-80.62563299959258,33.95178499968871],[-80.62610899979364,33.951435999759816],[-80.62696499993629,33.95089100022372],[-80.6275120002825,33.95035400034612],[-80.6279929996081,33.94954899978049],[-80.6281180001799,33.94918799995403],[-80.62826100029501,33.948780999774804],[-80.62817900027926,33.94798699977155],[-80.62817000005842,33.94790700030276],[-80.62815800036286,33.947788000264524],[-80.62814499994406,33.94766699995481],[-80.62813700044647,33.9475880002387],[-80.62812800022563,33.94746400022516],[-80.62803899963887,33.94709299990503],[-80.62801000022485,33.94696999997627],[-80.62777800042126,33.94698999969813],[-80.62734200040317,33.94702899981284],[-80.62702299966263,33.947050999640396],[-80.62423500002494,33.947324999929094],[-80.62214399962292,33.94754099994836],[-80.61884600034729,33.94784800032967],[-80.61631399990432,33.948088000167246],[-80.61616400011648,33.94810200008716],[-80.61333200009787,33.948365000231405],[-80.6082789999809,33.948840999885064],[-80.60744899977749,33.9489189998907],[-80.60561600001667,33.949075999723476],[-80.6036679997298,33.949262000251714],[-80.59630599965091,33.949964000217655],[-80.593740999596,33.95020099998144],[-80.58402000022483,33.951097000012936],[-80.58327500041024,33.951166000084065],[-80.58299300037794,33.951191999631995],[-80.57962499988379,33.951506000308676],[-80.57748699962612,33.95170200004881],[-80.5772110003399,33.95172700017333],[-80.57704300011042,33.951746000263036],[-80.57684700029183,33.9517680003616],[-80.57674799965932,33.95177999966777],[-80.57664800010022,33.95179099971337],[-80.57533500002306,33.95190900011309],[-80.57122799956211,33.95228200030043],[-80.56837299997727,33.95255400015145],[-80.56784999992054,33.952592999951925],[-80.56683599959412,33.95263699970545],[-80.56628900014626,33.95263499971716],[-80.56577399958715,33.95262699976348],[-80.56528400004069,33.952604999886994],[-80.56475299958804,33.952576000041105],[-80.56427899993511,33.95253300025146],[-80.56412099975135,33.95251300034188],[-80.56321799975304,33.952400000019324],[-80.56263799979489,33.952309000250565],[-80.56166700002451,33.952121999675164],[-80.56034499972652,33.95180399976547],[-80.55486099961433,33.950543999646634],[-80.55378600008686,33.950296999877146],[-80.54821699958586,33.94899000031132],[-80.54782999997157,33.94889999991503],[-80.54680999979738,33.94864899968131],[-80.54424499974245,33.94805199993667],[-80.54236799960067,33.94760999992179],[-80.54101100004091,33.94730100005871],[-80.5407850000851,33.947250000125386],[-80.53963400038967,33.94696400035688],[-80.5378989996398,33.946552999712814],[-80.53674899976927,33.9462889998624],[-80.53638600044444,33.9462239998414],[-80.53589299962663,33.946124000285316],[-80.53554899967003,33.94606200035247],[-80.53528199970634,33.94601900025236],[-80.53475899964961,33.9459480003341],[-80.5340530001931,33.94586600029189],[-80.53328499991397,33.9458169996473],[-80.5312599996342,33.94570700034843],[-80.52990800009731,33.945638000322674],[-80.52584300036749,33.945426000260944],[-80.52571399959773,33.94541199990086],[-80.52402099957898,33.94532499968731],[-80.5229669999679,33.9452729999798],[-80.52181999957212,33.945215999833955],[-80.52062000037118,33.945132999749454],[-80.51891200028382,33.94505199975055],[-80.51796599972947,33.94499300003405],[-80.51753200025952,33.94497700017968],[-80.5171649998384,33.944956999984825],[-80.51667000026907,33.94495499981605],[-80.5165020000396,33.944959000153546],[-80.51631600026677,33.94496700008281],[-80.51611899972494,33.94497600009547],[-80.51598700037877,33.94498800035933],[-80.51548400041354,33.94503399974033],[-80.51499999981657,33.94510200017297],[-80.51472100015731,33.945156000149105],[-80.51409699981822,33.94529300010035],[-80.51383599970231,33.945361999660534],[-80.51355100019528,33.94544899983622],[-80.51305200042799,33.94559600008524],[-80.51222999972221,33.945837999714065],[-80.51069700043534,33.946299999872565],[-80.509025000333,33.946804000166225],[-80.5074550003379,33.94728199972184],[-80.5063220001858,33.94762399992033],[-80.50523000004158,33.9479389996522],[-80.50352899962691,33.94845200031836],[-80.50309599998187,33.94859300034761],[-80.50239300000008,33.948849000194656],[-80.50211199979267,33.9489579998667],[-80.50151199974306,33.94920799989984],[-80.5010060003031,33.94942699970701],[-80.50081899980702,33.94951800032198],[-80.50048700044432,33.94968199999729],[-80.49986800012812,33.94999999963947],[-80.49882600021263,33.95053500022273],[-80.49743500031768,33.95126100037122],[-80.49678599986423,33.95161600030968],[-80.49558099974212,33.9522480003511],[-80.49467299972092,33.9527159999509],[-80.49438099964287,33.952854999638845],[-80.49396800008931,33.95303100020985],[-80.49378999981408,33.95309700023699],[-80.49370199995053,33.95312999985878],[-80.49286500007445,33.95344000015213],[-80.49177299993023,33.95383999979933],[-80.49168099986873,33.953873999857734],[-80.49174500034115,33.9539980002187],[-80.49181800013608,33.95397100005932],[-80.49180899991524,33.954099000186815],[-80.49154699997443,33.95787899976157],[-80.49152699988295,33.95795800035596],[-80.49139800001151,33.959432000030056],[-80.49138600031594,33.959572999748396],[-80.49137299989715,33.95968600023118],[-80.49136500039955,33.95978299976762],[-80.49104099963613,33.96555099978903],[-80.49151400036247,33.96559200002112],[-80.49247900028507,33.965648000088144],[-80.49256700014863,33.96565399988025],[-80.49254700005712,33.96603799985165],[-80.49247599991202,33.966791000158075],[-80.49246300039154,33.966924000244695],[-80.4924530003458,33.967023000118104],[-80.49241599963757,33.967567999879016],[-80.49234100019282,33.96812499985367],[-80.49234500039078,33.96816200034338],[-80.49236700013206,33.96823199979623],[-80.49226199965177,33.96830900009635],[-80.49218899985685,33.96836400005517],[-80.49178799999885,33.968719999957905],[-80.49169500011243,33.96881000024977],[-80.49105599970476,33.96881199985789],[-80.49096199999342,33.968812999661885],[-80.4909329996811,33.96896200012915],[-80.49081300003051,33.9691450002509],[-80.49071099992324,33.96994300014832],[-80.49091000011488,33.969944999729734],[-80.49258300004213,33.970032999890925],[-80.49311500031972,33.97005700005454],[-80.4936709999884,33.970082999789554],[-80.4936579995696,33.970117999850096],[-80.4935449995917,33.97107100021971],[-80.49352200002548,33.97123299977396],[-80.49320800020612,33.972560999771154],[-80.49294399971717,33.972519000158414],[-80.4921379998032,33.972498999732466],[-80.49141599955486,33.97247999980763],[-80.49009300033029,33.97244400021296],[-80.49007800026166,33.97251099983959],[-80.48995299968988,33.9730800002448],[-80.48993699979636,33.97315300012334],[-80.48977500031297,33.97389900031022],[-80.48942999963315,33.97552899983363],[-80.48932199967811,33.97602900019306],[-80.48887099959141,33.97810300032751],[-80.48836500015143,33.98049700022053],[-80.4883130002729,33.98074299979503],[-80.48826200021927,33.981138000135815],[-80.48823899975474,33.98149499984539],[-80.488264999694,33.9820050003412],[-80.48827999976261,33.982132999996985],[-80.48831699957253,33.98236899988126],[-80.48836599997634,33.98263700030618],[-80.48841799985487,33.98282200007041],[-80.48850200041878,33.98307599969066],[-80.48859199993215,33.98330700027874],[-80.48870400008515,33.98355299991484],[-80.48879799979646,33.9837279999099],[-80.4888260002839,33.98377799994871],[-80.48906399993525,33.98421599977632],[-80.48984700028298,33.985563999922434],[-80.49049800038624,33.98668900029133],[-80.49096700001628,33.98746999975203],[-80.49103700033649,33.987587000231926],[-80.49122300010931,33.98789700007515],[-80.49158299995945,33.98851199999729],[-80.49171299965579,33.988732999796696],[-80.49189000010611,33.98903700029713],[-80.49364599987405,33.992035999736515],[-80.4939940000286,33.992629000289895],[-80.49411000037952,33.99282499985545],[-80.49419599969494,33.99297099989921],[-80.49423500005301,33.993037999733225],[-80.49440199955927,33.99332299999335],[-80.49446199983373,33.99342400018279],[-80.49559199961278,33.993505000299585],[-80.49620400025627,33.99353600011233],[-80.4967110004195,33.99354800022905],[-80.49737000002034,33.99355799982845],[-80.49764500037995,33.99356599965612],[-80.4978959995518,33.993572999970205],[-80.49873800034909,33.99358399982417],[-80.49882000036484,33.99358200005394],[-80.49963100030165,33.993554999799834],[-80.50023399982602,33.993531999824825],[-80.50165400003328,33.99347699976224],[-80.50225099970986,33.99345399976612],[-80.5026120002832,33.99344299989528],[-80.50300100044564,33.99342499969736],[-80.503535000373,33.99341399982282],[-80.50404599983587,33.99344799970134],[-80.50421499989027,33.99347099969907],[-80.50437300007401,33.99348799962862],[-80.50490299980343,33.99355700031544],[-80.50505799961412,33.99358300031146],[-80.50599699959747,33.99369800005514],[-80.50735300023064,33.9938730000141],[-80.507955999755,33.993973000041606],[-80.50817000001524,33.994012000214084],[-80.50901500028725,33.99416300021649],[-80.50990999988966,33.99432799971004],[-80.51034400025792,33.9944089997098],[-80.51062399974208,33.99445600017076],[-80.51082299993374,33.994495000121525],[-80.51098000029256,33.994517000334135],[-80.51119299982958,33.99453899979624],[-80.5113629997089,33.9945609999974],[-80.51185499980349,33.99460799962952],[-80.51332299969134,33.99473699991234],[-80.51562400015561,33.99489500032095],[-80.51585299958616,33.99491600018816],[-80.51656200031404,33.99497800026231],[-80.51714800011997,33.99501200025975],[-80.5174879998786,33.995009999778404],[-80.51779000000238,33.994993999649495],[-80.51785500029972,33.99498599995628],[-80.517945999638,33.99497599978016],[-80.5181640000962,33.99494000003006],[-80.51962600013627,33.99463400004867],[-80.51991900003922,33.994578999954705],[-80.5201280002766,33.994547999777645],[-80.52033099976786,33.99452699981948],[-80.52056000009674,33.994516000087614],[-80.52066300002889,33.99451100034441],[-80.52100299978753,33.99452999981383],[-80.52118100006275,33.994547999777645],[-80.52135500014002,33.994580999701405],[-80.52154799958555,33.99463599979413],[-80.52169400007374,33.9946719996731],[-80.52181899974721,33.99470899978097],[-80.5220220001368,33.99478499969043],[-80.52217699994749,33.994851000085816],[-80.52233599995616,33.99492999984847],[-80.52254299964538,33.99505299969094],[-80.52273199979128,33.99518699974659],[-80.52402499977694,33.99615299984109],[-80.5250009995702,33.99689199997034],[-80.52541200037226,33.997196999796316],[-80.52543800031152,33.997216000154616],[-80.5259089995914,33.997563999693384],[-80.52711899973637,33.998469000054804],[-80.52729700001163,33.99860199973728],[-80.52937599981975,34.00014899991393],[-80.52967600029372,34.00032600034619],[-80.52992800018879,34.00043199979736],[-80.53004199999161,34.0004730003365],[-80.53025200005388,34.000539000036625],[-80.53049599955305,34.000596000345716],[-80.53084100023287,34.00065599964979],[-80.53095500003568,34.000667000076156],[-80.53107200021154,34.00067200020182],[-80.53113699961055,34.000674999979154],[-80.53176299959944,34.00067799975641],[-80.53199699995118,34.000674999979154],[-80.5322730001357,34.00067200020182],[-80.53296500024683,34.000673999805144],[-80.53391099990286,34.00069400030423],[-80.53434600009605,34.00071900017675],[-80.53441100039338,34.000724999728035],[-80.53576100028046,34.00084900028901],[-80.53613500037426,34.000883000170994],[-80.53710000029686,34.00096600021991],[-80.5379890000515,34.001058000224276],[-80.54076199962057,34.00130100010465],[-80.5407929995827,34.00323199980552],[-80.54080299962844,34.0037950000154],[-80.54080099997863,34.004979000135236],[-80.54080000015372,34.00541899964116],[-80.54080000015372,34.00556699986977],[-80.5407850000851,34.00672899983757],[-80.54077699968919,34.00808099986505],[-80.5407220003359,34.00911100035984],[-80.54071800013796,34.009188000116886],[-80.54070999974203,34.009297999967814],[-80.54066999955907,34.0098180003128],[-80.54063600012219,34.0102840001618],[-80.54062899955117,34.010371000198646],[-80.5406150002058,34.010556999952755],[-80.540609000358,34.01063800011468],[-80.54054999990846,34.01139899962781],[-80.54050499970262,34.011831999824985],[-80.54048899980909,34.01198300016895],[-80.54044399960324,34.01242399990732],[-80.54019900027917,34.014060000016904],[-80.53991700024687,34.01593500033566],[-80.53981299959149,34.01663100020953],[-80.53947299983285,34.018897000248806],[-80.53942400032739,34.01925799971519],[-80.53897999991337,34.022205000275946],[-80.53848899964368,34.02546800028853],[-80.53838800025964,34.02614799995351],[-80.53833100035827,34.02653299969644],[-80.53823000007591,34.0272140003674],[-80.53822099985508,34.027275999941665],[-80.53805199980069,34.02835899998059],[-80.5379260003023,34.029171999751405],[-80.53781999999708,34.02985499974932],[-80.53757999979759,34.031395999689764],[-80.53752600026922,34.03178599997105],[-80.53741999996402,34.032546999729334],[-80.5374190001391,34.03255799974624],[-80.53738599962881,34.032758999939134],[-80.53733100027554,34.03307799979735],[-80.53727299965092,34.033417000180314],[-80.53717300009181,34.033823000365004],[-80.53711299981734,34.034066000270315],[-80.53698899996878,34.03447799972634],[-80.53692200002163,34.03469199986848],[-80.53686400029531,34.03487799992919],[-80.5367570001652,34.03521699981935],[-80.53672299983,34.03532499990824],[-80.5363570001321,34.03654399974535],[-80.53611000025991,34.037409999695065],[-80.53601300017552,34.037734000106155],[-80.53580899996102,34.038426999932774],[-80.53574700003675,34.03863499994043],[-80.53563800025681,34.03894899993058],[-80.53555299986799,34.03921800020672],[-80.53545900015665,34.03962900023468],[-80.53542399999655,34.03984599991889],[-80.53540300008015,34.040031000133915],[-80.53548699974574,34.040031000133915],[-80.53593000033486,34.040075000033156],[-80.53608799962028,34.04011399987395],[-80.53634600026146,34.04021800010621],[-80.53677499970854,34.040366999665615],[-80.53711799984022,34.04051599970762],[-80.5374479995531,34.040603999724404],[-80.53766600001131,34.04070300009936],[-80.5380030002952,34.040802000358774],[-80.53813499964136,34.04086200027929],[-80.53821400018239,34.04091700016915],[-80.53828699997733,34.04094999993703],[-80.53878900011765,34.0410769996459],[-80.53941000008368,34.041181000186086],[-80.5397070001846,34.04122500023308],[-80.54019599990613,34.04122500023308],[-80.5404129996411,34.041198000240776],[-80.54084299981142,34.04110500011883],[-80.5411859999431,34.041088000045505],[-80.54180699990913,34.04118199988291],[-80.54190599964332,34.04122599992937],[-80.54221000031525,34.04148999972885],[-80.54242100020244,34.04174299988218],[-80.54263200008964,34.041950999946],[-80.54271800030337,34.04208899991443],[-80.54283700012905,34.0422259999738],[-80.54304200016846,34.042512000069124],[-80.54314699975045,34.04271600027657],[-80.54322000044368,34.042947000181705],[-80.54325300005566,34.043441999880166],[-80.54323899981195,34.04351800008626],[-80.54341799991211,34.04352400033471],[-80.54354299958557,34.04355100033082],[-80.54418399964308,34.04378799968008],[-80.54483700029448,34.04416700030627],[-80.54552400038273,34.04467899968405],[-80.54570900033065,34.04479400019208],[-80.54594699998204,34.04489900029317],[-80.54612500025726,34.04489900029317],[-80.54623099966416,34.044882000235994],[-80.54643599970358,34.04476099968686],[-80.54678600040624,34.04449800005079],[-80.54710299970034,34.044288999874425],[-80.54712299979182,34.04425599991704],[-80.5471620001499,34.04424499992842],[-80.54738700028078,34.04409099993738],[-80.54751899962694,34.04398600032457],[-80.54759800016798,34.04388700006011],[-80.54771699999367,34.043679000278345],[-80.54776300002442,34.04352999983832],[-80.54777700026811,34.043228000226726],[-80.54771699999367,34.0428149996749],[-80.54771100014588,34.042605999817006],[-80.54773700008515,34.04249100006371],[-80.54788299967502,34.0422440002477],[-80.54797499973654,34.04216699995904],[-80.54814700016398,34.042090000344906],[-80.54835100037847,34.04202400019463],[-80.54860900012135,34.04197400020446],[-80.54876099955898,34.04196299991978],[-80.54891299989495,34.041979999817784],[-80.54932899982157,34.042079000075276],[-80.54995599963536,34.0422929996506],[-80.55060300043895,34.04257399962944],[-80.55100599994678,34.04268900001456],[-80.55130300004771,34.04281600009683],[-80.55144899963756,34.04291500012281],[-80.55169999970774,34.0431730003468],[-80.55171300012651,34.043205999981296],[-80.55177900024877,34.04323900034728],[-80.55184500037102,34.043315999662624],[-80.55196400019669,34.04338200029613],[-80.55199000013596,34.0434149998493],[-80.55230700032836,34.04355800024575],[-80.55253800030705,34.043635000015776],[-80.55283600023287,34.04368400010374],[-80.55305999964055,34.043695999832316],[-80.55330400003803,34.043684999771045],[-80.55359500029115,34.04369000034039],[-80.55382000042206,34.043668000214815],[-80.5542949998999,34.043574999823974],[-80.55469099973502,34.04352000016914],[-80.55523899990611,34.04333300003373],[-80.55569500001567,34.043128999821754],[-80.55605800023883,34.043030000045526],[-80.55625700043048,34.043025000181586],[-80.55696999955968,34.043117999686885],[-80.55722099962985,34.0431730003468],[-80.55793399965738,34.043228000226726],[-80.55829100003275,34.043228000226726],[-80.5585549996234,34.04320100012773],[-80.55869400043889,34.04316799974697],[-80.55884500005163,34.04309699983153],[-80.55934100034419,34.04293199982998],[-80.55984299958618,34.042689999693586],[-80.56024599999232,34.04262400001024],[-80.56066199991893,34.04266199974395],[-80.56103799966257,34.04273900032757],[-80.56131600039522,34.04283799969906],[-80.56155300022169,34.04297000017006],[-80.56183699990382,34.043053000011376],[-80.56194300020906,34.04306400015462],[-80.56216699961671,34.0430469997296],[-80.56235199956464,34.04300299988349],[-80.56253099966477,34.042936999699414],[-80.56288100036745,34.04272300026036],[-80.56327700020259,34.042558000275534],[-80.56389800016862,34.04220600032664],[-80.56410300020801,34.04212299965638],[-80.56422100020879,34.042090000344906],[-80.56500100018347,34.0419910001002],[-80.56540399969128,34.04201900027138],[-80.565826000364,34.041969000278264],[-80.56592500009819,34.04194199977844],[-80.56622200019912,34.04177699976285],[-80.56662499970693,34.04162900013893],[-80.56697500040961,34.0414200003358],[-80.56742399994819,34.04106800012998],[-80.56770199978254,34.04088099979865],[-80.56792600008852,34.040710000249305],[-80.56796600027148,34.0406550002252],[-80.568058000333,34.0406000001655],[-80.56823700043314,34.04041900001474],[-80.56842200038108,34.040264999775665],[-80.56846800041183,34.040243000250406],[-80.56861999984947,34.04009500018278],[-80.56882400006397,34.03994100009983],[-80.56888099996539,34.03990500005946],[-80.56893700004187,34.03986900000375],[-80.56927199977763,34.039728999972894],[-80.56940599967193,34.03964399968186],[-80.56947199979416,34.0395610002263],[-80.56958999979496,34.039380000091484],[-80.56974899980361,34.03885199993444],[-80.56987400037538,34.03826900013009],[-80.57000599972154,34.03802700008782],[-80.57023800042346,34.03770800022915],[-80.57050799986189,34.037472000007334],[-80.57097099964417,34.03721299981886],[-80.57149200005107,34.03699900008112],[-80.57194099958963,34.03687299996906],[-80.57248299991294,34.03679000003523],[-80.5726350002489,34.036784000054794],[-80.57280599995313,34.03674099968637],[-80.57296499996178,34.036668999851685],[-80.5731630003285,34.03647699999364],[-80.57340699982765,34.03631199976846],[-80.57405399973295,34.03612500011782],[-80.57427200019114,34.0361299996441],[-80.57466899985118,34.03617400007808],[-80.57495300043165,34.036152000236186],[-80.57511099971707,34.03617400007808],[-80.57536900035824,34.036299999739605],[-80.57552699964367,34.03631700002815],[-80.5757250000104,34.03628900020788],[-80.57581100022412,34.03624000031406],[-80.57594299957029,34.03619599991432],[-80.57607499981476,34.036179000345896],[-80.57618100011997,34.03620700020247],[-80.57625300008999,34.036295000223284],[-80.57633900030372,34.03668500031647],[-80.57639899967985,34.03685599979189],[-80.57642499961914,34.036905000074306],[-80.57656400043462,34.03699300011546],[-80.5766699998415,34.03701499973924],[-80.57683499969797,34.03700400030031],[-80.57700600030049,34.03693799991432],[-80.57715199989038,34.03693199994441],[-80.57740299996053,34.0369490001063],[-80.57760700017504,34.036998000335],[-80.57800999968285,34.03715799976043],[-80.57816899969151,34.03727300004503],[-80.5783739997309,34.03750399988667],[-80.57847900021122,34.03771799983924],[-80.57854500033346,34.03791100034567],[-80.57861099955737,34.03802100019488],[-80.5787240004336,34.03810899982267],[-80.57913299978918,34.03865300023203],[-80.57929799964565,34.038822999737526],[-80.5794630004004,34.038905999915265],[-80.58003099976465,34.03910400004722],[-80.58110100016755,34.03964800003025],[-80.58231600033542,34.04005499987878],[-80.58295700039292,34.040230000325245],[-80.58307600021861,34.04027999985477],[-80.5831819996255,34.04034599987343],[-80.58338599984,34.04054400036575],[-80.58347899972642,34.04067000023532],[-80.58347899972642,34.04069800009823],[-80.58353200032819,34.04075800009233],[-80.58373099962151,34.04105899986872],[-80.58377599982734,34.04112599972303],[-80.58396800034629,34.041335000250726],[-80.58453599971054,34.04175900013422],[-80.58471399998577,34.04185700021652],[-80.58491900002518,34.04192299975238],[-80.5850110000867,34.04201700015309],[-80.5851109996458,34.04220400021283],[-80.5852720002026,34.0423579999086],[-80.58530200033984,34.042390999860224],[-80.58544700010479,34.04241800021711],[-80.5856520001442,34.04240699999002],[-80.58583700009213,34.04237400004467],[-80.5859690003366,34.04239599976155],[-80.58612800034525,34.0424889999566],[-80.5863059997222,34.04264900018957],[-80.58651099976159,34.042763999728614],[-80.586715999801,34.043016999803186],[-80.58681500043352,34.043105000202395],[-80.58687900000761,34.043144000138646],[-80.58707900002416,34.0432640003453],[-80.58733000009433,34.043380000210036],[-80.58757399959349,34.04344600004942],[-80.5877860002039,34.04347300007041],[-80.58808300030483,34.043468000232586],[-80.5881949995595,34.043457000141686],[-80.58860399981342,34.04333599979235],[-80.58893500024955,34.043203999891006],[-80.58913899956572,34.043087999785584],[-80.58915299980943,34.04306099964201],[-80.58919200016749,34.04305000024275],[-80.58931799966587,34.04293399992664],[-80.58942999981886,34.04273099992218],[-80.58968099988903,34.04240099966258],[-80.58978600036932,34.04228499994752],[-80.59000399992921,34.04214199963763],[-80.59015000041738,34.04206500000074],[-80.59047299955927,34.04198300036864],[-80.59073100020044,34.04188399999902],[-80.59123199961755,34.04173000018693],[-80.591404000045,34.041641999849666],[-80.59171500038963,34.04159800001903],[-80.59269200000779,34.041619000245554],[-80.59308799984291,34.041552999728744],[-80.59355700037129,34.0414980002513],[-80.59410499964406,34.04135000014053],[-80.5944879999587,34.04131100012369],[-80.59462699987589,34.04131100012369],[-80.5951290000162,34.041370999684126],[-80.5955709998821,34.04134399973832],[-80.59605299993093,34.041437000342576],[-80.59644999959097,34.04146999990819],[-80.59697099999786,34.04146400025879],[-80.59766499975882,34.041382000045544],[-80.5978959997375,34.04132600001779],[-80.59814699980768,34.041277000056205],[-80.59841799996933,34.04119399996549],[-80.59859600024457,34.041122999886255],[-80.59870800039755,34.0410399996449],[-80.59896600014041,34.040765000237734],[-80.5992890001806,34.04036899982275],[-80.59945400003704,34.040248000278375],[-80.59998899978933,34.03999000008888],[-80.60050400034845,34.039858000190506],[-80.60087199969618,34.039398000225006],[-80.60095200006212,34.03938599988829],[-80.60070699983974,34.03891800031993],[-80.60064699956527,34.03820800013223],[-80.60061200030349,34.03777799970813],[-80.60072100008344,34.03673699994531],[-80.6010359997277,34.03592999975248],[-80.6020840003893,34.0352489998049],[-80.60220200039008,34.03520999996046],[-80.60325600000114,34.03486899975556],[-80.603373000177,34.03480800029042],[-80.60350500042149,34.034739000366564],[-80.6037039997148,34.0346359998904],[-80.6039010002566,34.034532000258444],[-80.604034000326,34.0344630001101],[-80.60430499958933,34.03432200031226],[-80.60456700042847,34.03380099991342],[-80.60463600002544,34.03366299986046],[-80.60525600016656,34.032434999882184],[-80.60596400017121,34.03154800003166],[-80.60625600024926,34.0311850003555],[-80.60656099984777,34.03089299963856],[-80.60683700003231,34.03062799979315],[-80.60745999964814,34.03003299987792],[-80.60763100025069,34.02980400019991],[-80.60786200022936,34.0294989998609],[-80.6080189996899,34.0292899999499],[-80.60817199985078,34.02867600031503],[-80.60821299985865,34.028515999782236],[-80.6079979997735,34.02754599986514],[-80.60669100044244,34.02681999970855],[-80.60666299995503,34.02682499978317],[-80.60578699972088,34.027000999839665],[-80.60563799975796,34.02703200008255],[-80.60545100016023,34.0270729996899],[-80.60444799970448,34.02729899971217],[-80.60411399979363,34.0273750002367],[-80.60377599968483,34.027451999807276],[-80.6034860001549,34.02736099996889],[-80.60304299956582,34.02722399972539],[-80.60221999993344,34.02635999977278],[-80.60218099957537,34.02606900019443],[-80.60209600008487,34.02542500014082],[-80.60209100006199,34.02539300017254],[-80.60208699986404,34.02535500014801],[-80.60212100019923,34.025307999663106],[-80.6021399995675,34.025283000329175],[-80.60241400010219,34.02491700024356],[-80.60284599992231,34.024340999987785],[-80.60344400032211,34.02408000012038],[-80.60386400044669,34.02389799981485],[-80.60450200013113,34.023621000126646],[-80.60593499985889,34.02372900008574],[-80.60609600041569,34.023752000073046],[-80.60665600028234,34.02383600000618],[-80.60865399989962,34.02462199987192],[-80.6101169997646,34.024809000307286],[-80.61281200041418,34.0249650000884],[-80.61458499990056,34.02506799964837],[-80.61508200001802,34.0249149997221],[-80.61515099961498,34.0248949997162],[-80.61547000035553,34.02445599977727],[-80.61529600027826,34.02366199989293],[-80.61541900030193,34.02248499986988],[-80.6154619999596,34.02203199971943],[-80.61559699967883,34.021537000173176],[-80.61591700024428,34.02082699971722],[-80.61762799980639,34.0183309997501],[-80.61866300004917,34.01667800028736],[-80.62002700017996,34.01535700017938],[-80.62099899977527,34.014591000350165],[-80.62119200011911,34.01444000017683],[-80.6222399998824,34.01379299969247],[-80.62345300040042,34.013444999632334],[-80.62383099979388,34.01343700018763],[-80.62480699958715,34.013415999687005],[-80.62520099977245,34.01353400019857],[-80.62612399986226,34.0138130000805],[-80.62669499959956,34.01350700032947],[-80.62749700021386,34.01311300007699],[-80.62804899968461,34.01188699991724],[-80.62803299979107,34.01157100021469],[-80.62801100004977,34.01113700012499],[-80.62785700006397,34.010195999973874],[-80.62785299986601,34.01017099991234],[-80.62779199976664,34.00980400012758],[-80.62775199958368,34.00955500033014],[-80.62743299974144,34.00868300008948],[-80.6274290004418,34.0086730000365],[-80.62729999967206,34.008319000082885],[-80.62729299999937,34.00830100005844],[-80.62723799974778,34.008149999868586],[-80.62718199967128,34.007995999891506],[-80.62708200011218,34.00769599983063],[-80.62703199988347,34.00754500005431],[-80.62677699961533,34.00677700028638],[-80.62667500040641,34.00654999987936],[-80.62587000031736,34.004742000363954],[-80.62528500033635,34.00370400013514],[-80.6255139997669,34.00311100018064],[-80.62591399979996,34.00297300012102],[-80.62612300003735,34.00290200008394],[-80.62664500026916,34.00285499982753],[-80.62718699969416,34.00300900019056],[-80.62821299971613,34.00363199982524],[-80.62862600016801,34.003883000134216],[-80.62986300007717,34.004716000059695],[-80.63165099963216,34.005848000092236],[-80.63274299977638,34.00673800001687],[-80.63433000038822,34.00768400022316],[-80.63449400041976,34.0077609997848],[-80.63493600028562,34.00796799966258],[-80.6359899998967,34.008034000240606],[-80.6369060003138,34.007727999768484],[-80.63711100035323,34.00765900016673],[-80.63726699998884,34.007607999939395],[-80.63740900027906,34.007144999847306],[-80.63747200002825,34.006939000297656],[-80.6375819996331,34.00658200024904],[-80.63765399960313,34.00635000027444],[-80.6375389999754,34.00553499986232],[-80.63751100038631,34.00548899969084],[-80.63732200024042,34.005168000148146],[-80.637265000339,34.00507100026105],[-80.63718199960002,34.00492899991177],[-80.63703699983506,34.004841000132046],[-80.63695700036745,34.00479300007835],[-80.63694200029882,34.00478399969291],[-80.63679900018369,34.00469800001626],[-80.63652399982406,34.00453199968403],[-80.63640300034857,34.00440099986573],[-80.63629000037066,34.00427900028527],[-80.63628299979966,34.004272000108664],[-80.63622500007334,34.00420899998293],[-80.63615800012619,34.004172000289195],[-80.6357079998644,34.00392600002369],[-80.63555800007656,34.003845000161775],[-80.63553999963489,34.00383500028379],[-80.63550000035026,34.003813000250204],[-80.63549299977925,34.00379999995686],[-80.6354839995584,34.003782999856725],[-80.63498800016418,34.00286800026546],[-80.63490199995044,34.0019800003176],[-80.63537399995354,34.001468000213954],[-80.63539300022012,34.0014479998971],[-80.63632399980754,34.00127199973562],[-80.63710700015527,34.00116800017966],[-80.63784199992409,34.00089499999466],[-80.6388570000754,34.00061399976905],[-80.63883699998394,34.000366000014104],[-80.63928700024574,34.00008199972981],[-80.6400529999767,33.99984199989255],[-80.6400889999617,33.9998310001041],[-80.64029599965096,33.99973599970514],[-80.64077500022506,33.99952499986574],[-80.64098600011226,33.99943299969055],[-80.64133799956646,33.99938599974879],[-80.6414460004198,33.99937200007796],[-80.64155299965161,33.999357000215355],[-80.64177199993473,33.999326999737505],[-80.64206999986055,33.99928700032502],[-80.64230000001432,33.99928799977068],[-80.64242399986288,33.999288999960974],[-80.64254900043468,33.999290000151284],[-80.64271799959076,33.99929100034161],[-80.64299899979815,33.99939499996148],[-80.64315899963172,33.99945399992553],[-80.6433190003636,33.999514000036235],[-80.64358499960407,33.99961199975361],[-80.64471699993125,33.999925999652056],[-80.6447410002207,33.99992400003112],[-80.64558399994458,33.99986700001584],[-80.64575800002183,33.99982199993761],[-80.64581800029632,33.99980599997023],[-80.64590899963459,33.99978300019804],[-80.64599900004626,33.99975900023479],[-80.64606000014564,33.99974399969584],[-80.64637899998785,33.999662000128204],[-80.64639900007936,33.99960099993538],[-80.64659800027098,33.999008999829414],[-80.64665799964712,33.99845800008856],[-80.64670200002804,33.99806800009337]]]},"properties":{"GEOID":"45085000201","TRACT":"000201","NAME":"Census Tract 2.01","county_name":"Sumter","aland_sqkm":102.8721,"is_greater_area":true,"pop_2020":4687,"pop_2010":4248,"has_2010":true,"growth_pct":-0.7,"growth_abs":-28,"density_per_sqkm":41.0,"pct_nonwhite":50.1,"median_income":61250,"median_age":42.2,"median_home_value":177100,"median_gross_rent":1226,"poverty_rate":18.3,"pct_bachelors_plus":30.6,"unemployment_rate":6.4,"pct_wfh":3.3,"total_housing_units":2140,"vacancy_rate":11.7,"owner_occ_rate":76.3,"pct_single_family":77.3,"median_year_built":1986,"pop_2014":4255,"pop_2015":4318,"pop_2016":4463,"pop_2017":4483,"pop_2018":4649,"pop_2019":4816,"pop_2021":3863,"pop_2022":3798,"pop_2023":3741,"pop_2024":4241}},{"type":"Feature","geometry":{"type":"Polygon","coordinates":[[[-80.63352299975107,33.85267400026629],[-80.63354500039067,33.85267999980971],[-80.63352199992615,33.85253100033024],[-80.6335129997053,33.85247400007516],[-80.63350000018484,33.85239000025804],[-80.63348699976605,33.85230400025317],[-80.63347900026844,33.85224800027287],[-80.63343099968955,33.851988999886316],[-80.633386000382,33.85173799993477],[-80.63318700019039,33.851243999831595],[-80.63309000010601,33.85100099972626],[-80.6330320003797,33.850862999948184],[-80.63294600016596,33.85065700030795],[-80.63285999995225,33.85044999972363],[-80.63280300005084,33.850313000250424],[-80.63277999958629,33.850276999747905],[-80.63274799979924,33.85022399978875],[-80.63271400036237,33.850168999641475],[-80.63269199972275,33.85013400027541],[-80.63192500016685,33.84889599991702],[-80.63097100011491,33.8473549997657],[-80.62968499980194,33.846593000167985],[-80.62874499999369,33.84610399966299],[-80.62823299980761,33.84583900002338],[-80.62768499963653,33.84539899989046],[-80.62763600013105,33.84522999992723],[-80.62753200037396,33.84488700016613],[-80.62748700016813,33.844733999959104],[-80.62776900020043,33.84386400024485],[-80.62778699974379,33.84381100003772],[-80.62783399959943,33.84351299972524],[-80.6279569996231,33.842719999930154],[-80.62796699966884,33.84265999972047],[-80.6266550003149,33.841630999678],[-80.62597999992222,33.8415640000671],[-80.6251820004042,33.841486000298026],[-80.62488199993022,33.841456000138294],[-80.62480800031038,33.84144900000004],[-80.62398200030495,33.84152500019147],[-80.6236829996559,33.841552999970084],[-80.62358899994456,33.841523999639634],[-80.62344900020247,33.84148200032709],[-80.62330799973715,33.84144000024776],[-80.62321499985075,33.84141199968599],[-80.62317100036812,33.84139800014779],[-80.62306699971273,33.84136700014962],[-80.62305500001716,33.841344000095575],[-80.6230349999257,33.8413040003112],[-80.62289500018359,33.841031999788754],[-80.62278800005348,33.84082200031832],[-80.62251699989183,33.84019700015549],[-80.62239600041632,33.839916999752],[-80.62237999962448,33.839880000266916],[-80.62207699967577,33.83951999984315],[-80.6218819996821,33.83950199993138],[-80.62120800001263,33.83944300027687],[-80.62031800043312,33.83943900021029],[-80.61976799971389,33.83942399977246],[-80.61962200012401,33.839421000281476],[-80.61907399995293,33.83930799997843],[-80.61903899979282,33.839259999837495],[-80.61898799973919,33.83918799994862],[-80.61893599986065,33.83911599999908],[-80.6189020004238,33.83906799975031],[-80.6188470001722,33.83898999994138],[-80.61876599998133,33.838655999801674],[-80.61864100030789,33.83813899999367],[-80.61886399989065,33.837387000320085],[-80.61889900005075,33.83727099999965],[-80.61894099988353,33.83695700002777],[-80.61898899956411,33.83659100004931],[-80.619001000158,33.83650499981064],[-80.6185650001399,33.83606299963088],[-80.61818400037339,33.83594099977975],[-80.61814199964228,33.835927999962706],[-80.61783000037104,33.83583900018641],[-80.6173890003301,33.835712999774586],[-80.6172760003522,33.835681000078615],[-80.61673800022685,33.83546400026207],[-80.61638099985147,33.834941999640094],[-80.61636099975999,33.83490199984401],[-80.61615599972058,33.83449300036992],[-80.6161230001086,33.834429999941314],[-80.61607299987989,33.83433200034301],[-80.61610100036731,33.834237000305365],[-80.61612099956048,33.83417000012105],[-80.61635300026238,33.83339100029314],[-80.61650899989799,33.83309099965379],[-80.61669499967081,33.832734000207296],[-80.61698500009905,33.83222199996838],[-80.61758400032376,33.831785000371696],[-80.61840199993328,33.831497999812214],[-80.61923899980935,33.83133899996373],[-80.61963499964448,33.83126500026662],[-80.62028800029587,33.83103200008596],[-80.6202899999457,33.83097700027089],[-80.62029499996856,33.83081099993621],[-80.62030900021227,33.830402000289496],[-80.62028099972486,33.830319000350414],[-80.62022999967124,33.830161999678815],[-80.62019600023436,33.83005800002578],[-80.62014500018074,33.829903000250766],[-80.62009400012711,33.829747000251146],[-80.62005999979193,33.829644000038],[-80.61992599989762,33.82923400008219],[-80.61981899976749,33.829014999666036],[-80.61956299967446,33.82848700020979],[-80.61920299982435,33.82810199974765],[-80.61839199988754,33.82769099989181],[-80.617791000013,33.82738700025974],[-80.61762399960843,33.827301999688125],[-80.61737400026149,33.82717500015155],[-80.61712300019131,33.82704799968007],[-80.61695699961165,33.82696400023998],[-80.61689499968736,33.82693300023031],[-80.61680799964874,33.826888999764],[-80.61677500003675,33.826786999817095],[-80.61675400012037,33.82672199972154],[-80.61670100041692,33.82655800004165],[-80.61662600007385,33.826321999768204],[-80.6166510001882,33.82605699998125],[-80.61666799990665,33.825886999840314],[-80.61666999955646,33.82587499997566],[-80.61667399975443,33.82583799963603],[-80.61673700040193,33.82539400028153],[-80.61677400021186,33.825136999837035],[-80.61662799972368,33.82422200028266],[-80.61654099968504,33.82396700006921],[-80.61638400022451,33.82350899972545],[-80.61635999993507,33.823441000071426],[-80.61632499977497,33.82333899974269],[-80.61628999961486,33.82323700003859],[-80.61626700004864,33.82316900016826],[-80.61613300015435,33.8227780002377],[-80.61639500009517,33.8222720002637],[-80.61691099958088,33.821610999653146],[-80.6172560002607,33.82127300009791],[-80.61744899970624,33.82108600013427],[-80.61739299962976,33.82031500018023],[-80.61682000024261,33.81859700017831],[-80.61601199978053,33.81718900021243],[-80.61564899955738,33.81674700017651],[-80.61528600023252,33.81630500009554],[-80.61507600017023,33.816009999733055],[-80.61525500027038,33.815378000237565],[-80.61538900016468,33.815135999770696],[-80.61552800008187,33.814888000154866],[-80.61567600021986,33.81451400025919],[-80.61483000012294,33.81419099991538],[-80.61415499973025,33.81396300012379],[-80.6139339997973,33.81388800018721],[-80.61327099999849,33.81366400011448],[-80.61323500001349,33.813652000027396],[-80.61307099998196,33.813547999699644],[-80.61299300016415,33.81349899988896],[-80.61287599998829,33.81342499967991],[-80.61275999963733,33.813352000288496],[-80.61268299964445,33.81330300036554],[-80.6126440001847,33.81327799995229],[-80.61258599956005,33.813241000133374],[-80.61252799983373,33.81320400029846],[-80.6124900001989,33.813179999993544],[-80.6123839998937,33.81311299972863],[-80.61206900024943,33.81291399964617],[-80.61196399976912,33.812848000060406],[-80.61189699982197,33.81280499995238],[-80.61169599998053,33.81267799978471],[-80.61162999985828,33.8126359997348],[-80.61153699997186,33.81253100026617],[-80.61139999970452,33.81237399977542],[-80.61126099978733,33.81221600034076],[-80.61116899972583,33.81211199976],[-80.61116299987805,33.812106000354184],[-80.6111520000074,33.81209299989857],[-80.61112000022035,33.81205699971753],[-80.61111000017459,33.81204500015135],[-80.61091900037889,33.811828000056245],[-80.61075899964702,33.81164600037065],[-80.61048500001061,33.81108400013619],[-80.61035899961392,33.81082499965002],[-80.6103560001392,33.81076699977663],[-80.61035199994124,33.810681999852484],[-80.61034699991836,33.81059599967652],[-80.61034500026854,33.810539999984094],[-80.61031599995623,33.809963000312344],[-80.61030400026067,33.809709999738736],[-80.6096590000052,33.809514999924865],[-80.60914099997133,33.809823000349944],[-80.60908900009281,33.81001700003404],[-80.6089839996125,33.810409999677105],[-80.60889599974897,33.81055599968666],[-80.60873599991538,33.8108209997372],[-80.60872400021982,33.8108420002103],[-80.60853599989885,33.811066000208434],[-80.60792300032874,33.811094999675525],[-80.60761399963394,33.81110999985929],[-80.60757000015133,33.81111200018215],[-80.60749099961029,33.81111600008137],[-80.6074639998461,33.8110729998491],[-80.60744100027989,33.81103699998517],[-80.6073009996395,33.81081400007598],[-80.60710599964582,33.81050399989589],[-80.60707100038402,33.81008499991151],[-80.6070549995922,33.80988799985451],[-80.60704899974442,33.80982399978003],[-80.6069910000181,33.809128999702246],[-80.60696500007883,33.80881500012782],[-80.60641600008283,33.80868599962874],[-80.605681000314,33.80965099967733],[-80.6052589996413,33.81020599991108],[-80.6051540000593,33.81034300022839],[-80.60483900041504,33.81075600019512],[-80.60479800040716,33.810811000327604],[-80.60472800008695,33.810888999722046],[-80.60470299997259,33.8109159996681],[-80.6046400002234,33.810985999903224],[-80.60462199978176,33.810985999903224],[-80.60458599979674,33.81098700006613],[-80.60431399981016,33.81099600003877],[-80.60379800032445,33.811015000143826],[-80.60350000039861,33.8109790002555],[-80.60323000006187,33.8109479996761],[-80.60314399984814,33.81093700011786],[-80.60309399961943,33.8109320000468],[-80.60300099973301,33.81074600003153],[-80.60297200031901,33.81068800010457],[-80.60296300009817,33.810670000093495],[-80.60281400013525,33.81037300011058],[-80.60280499991444,33.81035500003323],[-80.6026340002102,33.80939700023885],[-80.6025770003088,33.809071000171905],[-80.60238700033801,33.80799900010027],[-80.60229500027651,33.80777000002679],[-80.60208299966608,33.807235000071024],[-80.59930900027209,33.80521799969253],[-80.59828800027299,33.804476000246964],[-80.59825999978558,33.80441000012346],[-80.5981490003558,33.80414299988489],[-80.59842299999218,33.80357700012745],[-80.598472000396,33.80347699975213],[-80.59878299984231,33.803384999781365],[-80.60100999978845,33.80403100022735],[-80.60189199987038,33.8042869996558],[-80.60218499977333,33.80437199996147],[-80.60231799984273,33.80441100036324],[-80.6024779996763,33.80445799967547],[-80.60257399993576,33.804485999650474],[-80.60267000019522,33.80451400036277],[-80.60334800006265,33.80470999986733],[-80.60359900013282,33.80478199967921],[-80.60402599993007,33.80490599966936],[-80.60420099983226,33.80495600015634],[-80.60428399967294,33.804981000015665],[-80.60474399998049,33.804986999921056],[-80.60483500021708,33.804988999640656],[-80.60491899988266,33.804951999969184],[-80.60534499985502,33.80476099995806],[-80.60538099984002,33.80474600015404],[-80.6057089999031,33.80428300018379],[-80.60535999992362,33.80356999987353],[-80.60526299983925,33.80337200024001],[-80.60518599984636,33.803139000201355],[-80.60506500037086,33.80277200002328],[-80.6048519999355,33.80212200020442],[-80.60472899991187,33.801665999883866],[-80.60465399956878,33.801384999923535],[-80.60461299956091,33.801300999912954],[-80.60424900041116,33.800562999742034],[-80.6041890001367,33.80044100000307],[-80.60341300035998,33.800043000147284],[-80.60291000039473,33.79994999992551],[-80.60214999961323,33.799854999763134],[-80.60196999968818,33.79986700029234],[-80.60139499975291,33.799908999891905],[-80.60115200007867,33.79988200020504],[-80.60094100019145,33.79986200032087],[-80.6005289995645,33.79964600022919],[-80.6003450003398,33.79918300028686],[-80.60138300005734,33.79804799990336],[-80.60159999979233,33.79781200009608],[-80.60170899957227,33.79747199992567],[-80.60175499960302,33.797329999784026],[-80.60175299995319,33.79717200019065],[-80.60174499955728,33.79624999999764],[-80.60174299990746,33.79594300032772],[-80.60173700005967,33.79527699983867],[-80.60173100021188,33.79456799982586],[-80.60230100012429,33.79409100021933],[-80.60283699970148,33.79399000034355],[-80.60349200000269,33.793868000194244],[-80.60351399974401,33.79386299987235],[-80.60358200041438,33.793849999631234],[-80.60360499998059,33.793845999671554],[-80.60362500007209,33.79384199971162],[-80.60366000023218,33.793835999771396],[-80.60366299970693,33.7938100000256],[-80.60366600007997,33.793790000215786],[-80.6036819999735,33.79366799978144],[-80.60370600026293,33.79348699991212],[-80.60372899982914,33.79330500003711],[-80.6037460004459,33.7931840000291],[-80.60375300011862,33.79312499977192],[-80.60376200033944,33.79306200022427],[-80.60366199988201,33.79300699988215],[-80.60361099982839,33.79297899988441],[-80.60343900029926,33.79288699982741],[-80.60337599965176,33.79285400015615],[-80.60314100037343,33.79272799986908],[-80.60293399978586,33.792654000360564],[-80.60290899967151,33.792644999951904],[-80.60272600027172,33.792580999673056],[-80.60231500036798,33.792433000338],[-80.60170000024974,33.792211000109155],[-80.6010840003066,33.79198900005116],[-80.60067400022777,33.79184099969271],[-80.60063099967175,33.79182500022376],[-80.6005289995645,33.79178899972796],[-80.60052299971672,33.79176399974808],[-80.60051299967097,33.791721000243314],[-80.60044700044706,33.79144900027132],[-80.60033199992101,33.7909699996636],[-80.60038299997463,33.79062900028652],[-80.60042499980742,33.79035299970864],[-80.60045400011974,33.79015599976906],[-80.60054899965598,33.79006399966477],[-80.6012669997064,33.78937400021085],[-80.6015069999059,33.789145000321966],[-80.60155700013462,33.78909599997606],[-80.60159700031758,33.78905799973417],[-80.60152600017247,33.78891900033644],[-80.60149500021033,33.78885700035508],[-80.60147900031681,33.78882699964957],[-80.60145599985228,33.78878200006473],[-80.60143300028606,33.78873699970965],[-80.60141800021744,33.7887069997087],[-80.60131799976,33.78850999971487],[-80.60126199968352,33.7883990001857],[-80.60072799975615,33.78843799965329],[-80.60050900037133,33.788455000181365],[-80.60043800022622,33.788460000072575],[-80.60033399957082,33.7884679997485],[-80.60022800016394,33.78847499974433],[-80.60015799984373,33.78848100006026],[-80.60014000030039,33.788479999634326],[-80.60008699969862,33.78847699984968],[-80.60006999998019,33.78847600017034],[-80.60004800023889,33.78847600017034],[-80.59959499960405,33.788457000287224],[-80.59896399959226,33.78843099965444],[-80.59823600039444,33.78844699975763],[-80.5977829997596,33.788457999966774],[-80.59766099956086,33.788457999966774],[-80.59751900016896,33.78845899964639],[-80.59734500009168,33.788322999813],[-80.59724999965712,33.78824900023017],[-80.5972410003346,33.78824200021586],[-80.59702399970132,33.78806500030408],[-80.59676000011068,33.787831999659936],[-80.59625399977239,33.78738399988899],[-80.59620500026689,33.78643099979612],[-80.59636900029841,33.78618299986131],[-80.59672499995058,33.785648000102924],[-80.59676299958541,33.785611000283524],[-80.59691400009648,33.78548400007559],[-80.59748999985665,33.78500300025549],[-80.59772400020836,33.78490899965221],[-80.59808800025644,33.78476099974817],[-80.59839700005293,33.7846369996922],[-80.5992409996017,33.7846179997039],[-80.5996339999621,33.784609999668234],[-80.5997600003588,33.78460699974802],[-80.60045499994466,33.7851829996772],[-80.60063499986971,33.78544799990008],[-80.60101900000927,33.78601400007832],[-80.60140599962355,33.78648000017394],[-80.60175999962588,33.78666300007236],[-80.60244900026228,33.78656699964811],[-80.60278300017312,33.78629699988442],[-80.60303300041838,33.78585599975862],[-80.60297599961866,33.78532299962948],[-80.60283699970148,33.78518600032386],[-80.60251100018657,33.78486499996976],[-80.60189100004546,33.78422300013159],[-80.60153700004312,33.78385699996783],[-80.60145900022532,33.78377599987933],[-80.60066400018204,33.78289200027455],[-80.60053199993754,33.78271000027729],[-80.60023499983663,33.782297999863964],[-80.59975699998573,33.781635000026895],[-80.59975100013796,33.781626999712635],[-80.59887300025399,33.7800559997637],[-80.59852400027454,33.77952099980913],[-80.59818799981555,33.77900499999068],[-80.59811900021859,33.77881699970096],[-80.59802700015707,33.77856699978065],[-80.59788499986685,33.77817699967251],[-80.5977900003306,33.77780699984308],[-80.59772500003328,33.77754999982012],[-80.5977190001855,33.77752999994583],[-80.59771499998755,33.77751199968158],[-80.59773500007901,33.777474000272825],[-80.59774599994968,33.777455999996825],[-80.59788400004193,33.77720299965818],[-80.59807499983765,33.77685499976894],[-80.5983590004181,33.77648699984144],[-80.59853500014519,33.776260000230074],[-80.5987900004133,33.77593599979867],[-80.59923800012697,33.77577900012826],[-80.59981200023732,33.775579999856774],[-80.6014430003318,33.77521499992831],[-80.60177700024263,33.77502499986156],[-80.60216700022998,33.77480499972936],[-80.60245500011007,33.77447300027953],[-80.60260300024807,33.77430299994624],[-80.60273399976933,33.774045999864846],[-80.60294399983161,33.77363699989758],[-80.60369799986702,33.77286499969922],[-80.60375300011862,33.7728089999636],[-80.60412800003732,33.772589000114635],[-80.60438699960511,33.77243700036418],[-80.60479000001123,33.77220200002762],[-80.60517999999857,33.77201100012766],[-80.60531899991574,33.77194200000048],[-80.60545000033531,33.77187899980331],[-80.60548899979506,33.77185900009849],[-80.6055480002446,33.77183000003283],[-80.60560699979582,33.77180099995732],[-80.6056469999788,33.77178200010854],[-80.60567899976586,33.77176599987893],[-80.60568999963651,33.77166200018019],[-80.60569100035973,33.771626000168965],[-80.60569600038261,33.7713589999866],[-80.60534499985502,33.77100600009041],[-80.60486500035431,33.77081999993875],[-80.60456800025337,33.770705000337514],[-80.60340400013914,33.77037299993448],[-80.60277499977721,33.76991999971608],[-80.60207900036644,33.769450000273075],[-80.60167299958725,33.76888999985891],[-80.60155200011174,33.768724000035675],[-80.60160399999027,33.76802199989991],[-80.60180900002968,33.76771599976424],[-80.60190299974103,33.76757600015788],[-80.6020120004193,33.76741399973041],[-80.602303999599,33.7673099999768],[-80.6024640003309,33.76725500027155],[-80.60276100043183,33.767149999649895],[-80.60324799960523,33.76697899979173],[-80.60367000027792,33.76690399975937],[-80.60398099972423,33.76684999972531],[-80.60427700000024,33.766800000133614],[-80.60430499958933,33.766838999728044],[-80.60480400025494,33.76752600024301],[-80.60491899988266,33.76768400002375],[-80.60512399992207,33.76796699990486],[-80.60534200038028,33.76790900011619],[-80.60591099956945,33.76776000004142],[-80.60597400021695,33.76769900034699],[-80.60613700042357,33.7675429996946],[-80.60627499961753,33.76741000002944],[-80.60617300040857,33.767221999684644],[-80.60582799972877,33.76657999979132],[-80.6057809998731,33.76609699997795],[-80.60574200041336,33.7656939998238],[-80.60573900004032,33.76564999997942],[-80.60572200032188,33.76549200018243],[-80.60565700002454,33.76488899975916],[-80.60563600010815,33.76468799967095],[-80.6056250002375,33.76459000009233],[-80.6053239999386,33.764035999818375],[-80.60529799999934,33.763988000008894],[-80.60386199989856,33.76377399972212],[-80.60346799971325,33.76367899975161],[-80.60341400018488,33.763409000282415],[-80.6033449996896,33.76305599974872],[-80.60361000000347,33.76279900028616],[-80.60369899969194,33.762712999802844],[-80.60495400004275,33.76232099999752],[-80.60672400005441,33.76177099995744],[-80.60769900002275,33.76184100004991],[-80.60819399959207,33.762212000108434],[-80.60883700019772,33.76193799979554],[-80.60880600023559,33.76177099995744],[-80.60877600009836,33.76160599977997],[-80.60868300021193,33.760927000359494],[-80.608602999846,33.76079000012565],[-80.6084699997766,33.760580000089035],[-80.60838299973797,33.760423999920775],[-80.60833400023247,33.76034200007276],[-80.60826200026246,33.76021999978936],[-80.60818799974429,33.7600980000792],[-80.60814000006373,33.760016999930876],[-80.60809099965992,33.759935999705945],[-80.60802000041312,33.759816000366165],[-80.60794699971987,33.759694000080955],[-80.6078990000393,33.759614000313945],[-80.6078220000464,33.75948500036423],[-80.60776199977194,33.75943500020996],[-80.6073080002105,33.75905799994494],[-80.60721399960086,33.75905499987676],[-80.60698699982012,33.75904899974005],[-80.60690599962928,33.759045999671564],[-80.60666299995503,33.759040000281075],[-80.60664200003863,33.759040000281075],[-80.60658400031234,33.75902699998211],[-80.60613099967748,33.75894200021922],[-80.60563100008528,33.75884800014605],[-80.60497099976119,33.758483999923186],[-80.60499400022573,33.75836800016758],[-80.60508700011216,33.7579170000446],[-80.60511899989922,33.757887999741875],[-80.60563799975796,33.757476000201684],[-80.60646700013646,33.757426999664155],[-80.60797900040524,33.757337999637464],[-80.60884499969532,33.75709300000975],[-80.61076600021802,33.75602399982783],[-80.61180599958539,33.75544700020868],[-80.61174899968397,33.7551030003678],[-80.61170199982831,33.75481500022112],[-80.61127300038123,33.75450300027748],[-80.61122499980235,33.754517999920125],[-80.6107579998221,33.75466499971487],[-80.60971500008168,33.75484600021337],[-80.60924100042877,33.75459499973736],[-80.60900799990195,33.75411599992598],[-80.60900000040434,33.75409900005188],[-80.60930199962982,33.75348100031994],[-80.60936299972919,33.7533770000915],[-80.60938500036882,33.75333800034679],[-80.60986999989238,33.7525159998186],[-80.60991000007535,33.75248200017947],[-80.61109900030397,33.75150399969208],[-80.61250000024465,33.75102399967458],[-80.61295800000406,33.75086800004268],[-80.61347900041095,33.75091599972982],[-80.61368100007732,33.75093400035252],[-80.61398599967586,33.75096300001987],[-80.61429000034778,33.75099100030758],[-80.61449299983906,33.75101000028421],[-80.61480300035876,33.751037999809654],[-80.61522500013317,33.75107799996942],[-80.61573200029636,33.75101799972272],[-80.61604199991775,33.75098300011964],[-80.61606399965906,33.75097999976882],[-80.61613200032944,33.75097200032678],[-80.61615499989566,33.75097000009267],[-80.61613999982704,33.75093800007541],[-80.61611999973556,33.75089199988964],[-80.61609799999425,33.75084400018901],[-80.61608499957546,33.750813000243625],[-80.61602600002423,33.75068100013382],[-80.61593999981051,33.75048500020702],[-80.61585199994695,33.750287999707254],[-80.61579400022063,33.750156999662735],[-80.61577900015203,33.75011799994722],[-80.61575800023562,33.75006100015872],[-80.615735999596,33.75000300020398],[-80.61572200025061,33.74996499980035],[-80.61568299989256,33.74987000021128],[-80.6156789996946,33.749859999658746],[-80.61543099999747,33.74969499970994],[-80.61534599960865,33.749638999772905],[-80.61525899957003,33.749581999666006],[-80.61512600039894,33.74949399984591],[-80.61500099982717,33.74941099986494],[-80.61491499961345,33.74935499974238],[-80.61479499996284,33.74926000022447],[-80.61443500011273,33.74897699982595],[-80.61431499956382,33.74888300003067],[-80.61419499991321,33.74861399966576],[-80.61418099966951,33.74815799976848],[-80.61420599978388,33.74812600019568],[-80.61464900037299,33.74757700036692],[-80.61546699998249,33.74753300018634],[-80.61622400039094,33.747911999898115],[-80.61689700023551,33.748250000060956],[-80.61693400004542,33.74825899990563],[-80.617903000166,33.74848699988883],[-80.6179609998923,33.748495000309696],[-80.61882899973052,33.74862300021916],[-80.61943399980304,33.74855799976967],[-80.61971699966026,33.74832299968693],[-80.62012699973909,33.74788400009892],[-80.62015900042444,33.74754800030134],[-80.61999799986764,33.74721000035941],[-80.61985300010268,33.746903999873],[-80.6193250000231,33.74660900014251],[-80.61927899999233,33.74650899972507],[-80.61925700025103,33.746459999642255],[-80.61911900015876,33.74615699998718],[-80.61891900014221,33.74571499998061],[-80.61901100020374,33.7451640000341],[-80.61895799960197,33.745061000361694],[-80.618784000423,33.74471699993585],[-80.61865200017854,33.74445799963841],[-80.61864100030789,33.74439100012633],[-80.61857500018563,33.7439880002622],[-80.61865800002631,33.74358499999841],[-80.61887099956333,33.743447000232834],[-80.61902200007438,33.74334999973422],[-80.61920000034961,33.743331000301396],[-80.61927399996945,33.743323000145836],[-80.61938600012246,33.74331200011736],[-80.61949800027544,33.74329999988104],[-80.61957299972022,33.74329299992914],[-80.61967499982745,33.74328199989687],[-80.61982999963816,33.74326699978266],[-80.61998399962394,33.743249999998696],[-80.62008699955611,33.74324000016815],[-80.62010699964758,33.743237000293426],[-80.62024800011291,33.74282400035686],[-80.62045300015231,33.74254799964882],[-80.62062499968145,33.742369999987766],[-80.62066599968934,33.7423279998124],[-80.62109500003471,33.74202400027792],[-80.62185099971995,33.741799999695566],[-80.62350399955574,33.741367000213096],[-80.62449899961557,33.74110800025768],[-80.62455999971495,33.741089999813525],[-80.6246619998222,33.74106300026069],[-80.6247460003861,33.741038999904006],[-80.62480900013529,33.74102299991153],[-80.62725199999149,33.7405999996343],[-80.62729499964918,33.74058700027442],[-80.62876199971214,33.74017799975507],[-80.62926499967736,33.7398209996913],[-80.62963799994627,33.738920000180556],[-80.62973500003065,33.738061000214906],[-80.62965700021284,33.737390999834105],[-80.62927700027126,33.736930999653936],[-80.62808899986757,33.73626299998967],[-80.62715999992999,33.73601600007494],[-80.62581900026373,33.73566000016866],[-80.62480900013529,33.73513799966637],[-80.62473499961712,33.73501100010569],[-80.6246619998222,33.73488600021923],[-80.6245139996842,33.734632999724354],[-80.6244719998514,33.73456200026936],[-80.62447299967631,33.7344979999317],[-80.62447600004936,33.73399100007499],[-80.62455200021734,33.73371800029047],[-80.624599000073,33.73355400023766],[-80.62475200023387,33.732924000180844],[-80.6254929998505,33.732192999721256],[-80.62596900005155,33.732017000168476],[-80.62636800025973,33.731869999654094],[-80.62672399991187,33.73178899973565],[-80.6268179996232,33.731760999902846],[-80.6270069997691,33.73170399986817],[-80.62707399971625,33.73168500009721],[-80.62751700030535,33.73122499995479],[-80.62753099965074,33.73121199992147],[-80.6275480002675,33.73105200021164],[-80.62755400011528,33.73099600005599],[-80.6274009999544,33.73081199971403],[-80.62736300031958,33.730767000293085],[-80.62728299995364,33.73067200035887],[-80.62686100017923,33.730047999985885],[-80.62666100016268,33.7298409997147],[-80.62651399984959,33.72968900037059],[-80.62480900013529,33.72856100012876],[-80.62387599999974,33.7274969996329],[-80.62353500041618,33.72710799990619],[-80.62330199988936,33.726843000089026],[-80.62307000008579,33.72657800020076],[-80.6226209996489,33.72598999970892],[-80.62138999958752,33.72437800026706],[-80.62125200039355,33.7242500000429],[-80.62084599961439,33.723876000313794],[-80.62077799984232,33.723812999911395],[-80.62070900024536,33.72375000020986],[-80.62023100039445,33.7233090002575],[-80.61974799962239,33.72286300029866],[-80.61865999967614,33.722170999799225],[-80.6182630000161,33.72191899963101],[-80.61813900016755,33.721791000222886],[-80.61793099975507,33.72157499980824],[-80.6178909995721,33.72153399962663],[-80.6176360002023,33.721270000248076],[-80.61750599960764,33.7211339998891],[-80.61736900023861,33.72099200025132],[-80.61730800013923,33.720928999973715],[-80.61723500034431,33.72085300028884],[-80.6171009995517,33.720714000101346],[-80.61706200009193,33.72067399997885],[-80.61675300029547,33.7200660003046],[-80.61646500041537,33.71949700026532],[-80.61639000007231,33.71908599985684],[-80.61631399990432,33.71865900004264],[-80.61623899956125,33.71823200034629],[-80.61618800040594,33.717948000201645],[-80.61615300024584,33.717749999944964],[-80.61628299994219,33.71722999986626],[-80.61639900029314,33.716766999906014],[-80.61651499974576,33.71630299991662],[-80.61664799981516,33.7157690001297],[-80.6166579998609,33.71558100014474],[-80.61668700017321,33.7150279998813],[-80.61671599958721,33.714476000334976],[-80.61673900005174,33.71409000003013],[-80.6165039998751,33.71349399998052],[-80.61630300003365,33.71298099971554],[-80.61603000022218,33.71268100008936],[-80.61596499992486,33.71260999966082],[-80.61590100035076,33.71253800010293],[-80.61558199961023,33.71218599998398],[-80.61543600002035,33.71202500010466],[-80.61526399959288,33.711834999742706],[-80.6133349995726,33.710857999757735],[-80.61311100016493,33.710787000063675],[-80.61226699971783,33.71052299977067],[-80.61190500021789,33.71040999969444],[-80.61154299981965,33.7102960003728],[-80.61109699975582,33.71015599968789],[-80.60762700005273,33.70906599968019],[-80.60759299971755,33.70904600027069],[-80.60666600032808,33.708513999919624],[-80.60659799965771,33.70847599982181],[-80.60653099971057,33.70843699984158],[-80.60610200026346,33.70818899993638],[-80.60601100002688,33.70808199974404],[-80.60522199983137,33.707146000004975],[-80.60509600033299,33.70647599965687],[-80.6050279996626,33.706109000215385],[-80.60500300044656,33.70597999976227],[-80.60497699960898,33.70585199975847],[-80.60490999966183,33.705498999985494],[-80.60444699987956,33.70444299991911],[-80.6043940001761,33.70432299992232],[-80.60315100041916,33.70344700024796],[-80.60303199969515,33.70338700032216],[-80.60244400023942,33.70308799999236],[-80.60185599988536,33.702789000116496],[-80.60162499990666,33.70267099991653],[-80.6011400003831,33.70260499984802],[-80.60047599986106,33.7025139998742],[-80.6004649999904,33.70251200000509],[-80.59981100041242,33.702422999804035],[-80.59913000017194,33.702329999764075],[-80.59896699996531,33.7023350001947],[-80.59634400018406,33.702413999635816],[-80.59602899964149,33.70242399973963],[-80.5941359996062,33.70241999999718],[-80.59309200004087,33.70194699999291],[-80.59249500036431,33.700769999923985],[-80.59246299967893,33.69959100023405],[-80.59258200040293,33.69898899985941],[-80.59285000019155,33.698635000303966],[-80.59319300032321,33.69831200027729],[-80.59362400031844,33.69808000006639],[-80.59439400024738,33.697667000308826],[-80.59545899972909,33.69688000008311],[-80.59574900015731,33.69656700022338],[-80.59593699957998,33.69636299996135],[-80.59650099964459,33.69575300003259],[-80.59651300023847,33.69574099987294],[-80.59658000018563,33.69548999988633],[-80.59658199983545,33.69541900019478],[-80.59659000023137,33.69520700004044],[-80.59659299970609,33.69513700013548],[-80.59659799972897,33.6950360002575],[-80.59631900006971,33.69463200030601],[-80.59623799987887,33.69453399991676],[-80.59553800027012,33.69368600013318],[-80.59509600040424,33.69341199994259],[-80.59465399964006,33.69312299971683],[-80.59407600023005,33.69268899977368],[-80.59343500017256,33.69220700026803],[-80.59311899980504,33.69186300026389],[-80.59275499975698,33.69146700010129],[-80.59247899957245,33.69045800000801],[-80.59167799968138,33.688387000164965],[-80.5912209997469,33.687204999900146],[-80.59109500024852,33.68687699967994],[-80.59093399969171,33.68645799991602],[-80.59070199988813,33.68590200013539],[-80.59056700016892,33.685579000086165],[-80.59026000002224,33.68484400036145],[-80.58986599983696,33.68434700026796],[-80.58977999962322,33.68423799998654],[-80.58959899987325,33.68413900030384],[-80.58805499981743,33.68329400008628],[-80.58521500030119,33.68175799974524],[-80.58512599971442,33.681707999896815],[-80.58473699955199,33.68157599964898],[-80.58422699991405,33.68140400022246],[-80.58371700027612,33.68123100026962],[-80.58102800037261,33.68032100007508],[-80.57881899996984,33.679542999800745],[-80.57656699990935,33.679067000329745],[-80.57484899977624,33.679014999995466],[-80.5741120003576,33.67899400011028],[-80.57395400017384,33.679013999787465],[-80.57292200030409,33.67914500002472],[-80.5718889997111,33.679276000062366],[-80.57125000020174,33.679357000179785],[-80.5682270003874,33.6798539999681],[-80.5667770000429,33.679917999923056],[-80.56520899969762,33.679712000108196],[-80.56498399956672,33.67963299997927],[-80.5634810004171,33.67910300031278],[-80.56235900013563,33.678395000372014],[-80.56135999987784,33.67721699968489],[-80.56092600040789,33.67611100029678],[-80.56072700021626,33.67560300007122],[-80.56046399955221,33.674828999997395],[-80.56021300038036,33.67409000000611],[-80.56014100041034,33.67288099971895],[-80.56020099978649,33.672662999848356],[-80.56051200013111,33.671537999832346],[-80.56156699956709,33.67023099986614],[-80.56416099993433,33.66758400012951],[-80.5645319996551,33.667125000160695],[-80.5649459999319,33.666611999672035],[-80.56535900038375,33.66610000022037],[-80.56537899957694,33.666075000233356],[-80.56539299982063,33.666041000000114],[-80.56550199960057,33.665774000208216],[-80.56560999955562,33.66550700033526],[-80.5656649998072,33.66537099991898],[-80.56565700030959,33.66532599985487],[-80.56554799963132,33.66473200024138],[-80.564868999939,33.66405900003432],[-80.56247499958829,33.662996999822575],[-80.55590300042813,33.66242400002739],[-80.55469900013094,33.6619170001149],[-80.55454599997006,33.66176799992799],[-80.55393900024774,33.66117599975723],[-80.55370800026907,33.65963000003293],[-80.55380199998041,33.65758099971763],[-80.55377100001827,33.65730300000986],[-80.5537519997517,33.65721600027995],[-80.55375000010187,33.65710499982643],[-80.55368800017759,33.65653999969069],[-80.55355500010819,33.65633000031576],[-80.55305100031805,33.65552999974717],[-80.55117699965102,33.652972999733095],[-80.54971499961094,33.6515969999377],[-80.54845699978537,33.65041299989571],[-80.54595500037794,33.64875400010726],[-80.53850700008536,33.6459199999541],[-80.53556000043899,33.644580999666466],[-80.53482200029711,33.6442460001136],[-80.53408499998012,33.64391100000499],[-80.53407199956133,33.64392100018338],[-80.53372299958188,33.6441860000002],[-80.53337399960243,33.644452000359074],[-80.5306610003078,33.646510999795794],[-80.52837499991213,33.648248000232904],[-80.52776800018981,33.64870900032612],[-80.52349500004752,33.65197200001767],[-80.52193300044833,33.65316000009026],[-80.52039900043825,33.654327000288866],[-80.52037099995084,33.654348999961904],[-80.51867399973415,33.655640999989046],[-80.51697800024066,33.656932000343005],[-80.5154330003599,33.65810700010707],[-80.51252500017328,33.66032200035202],[-80.51094400030755,33.66180599974426],[-80.50952999994806,33.66313599993629],[-80.50811300011382,33.66445399971316],[-80.50744500029215,33.66497799995964],[-80.50366300041952,33.6681980001853],[-80.50363099973416,33.66821299995772],[-80.50362099968842,33.668218000130445],[-80.50358300005358,33.668241999909],[-80.50354100022079,33.668267000013856],[-80.50351100008356,33.66828600035776],[-80.50338300003706,33.668366000028655],[-80.50326599986118,33.668448999870236],[-80.50322300020348,33.66848400022982],[-80.50315999955598,33.66853699978595],[-80.50306199964669,33.66862700026925],[-80.50247599984077,33.669217000108624],[-80.50223099961838,33.66946599991998],[-80.50210699976982,33.669591999657925],[-80.50194199991337,33.66976199965269],[-80.50172799965313,33.66996600024948],[-80.50156299979669,33.67003000008783],[-80.50121600036539,33.67040900031542],[-80.50040600025348,33.671295999880584],[-80.50017500027478,33.671547999790995],[-80.49982899977007,33.67192800034815],[-80.49980700002875,33.671946000340725],[-80.4993800002315,33.672403999715996],[-80.49804100021508,33.67384100012543],[-80.49759500015122,33.67432000015905],[-80.49755999999113,33.674412999860955],[-80.49747499960232,33.67468200026534],[-80.4974589997088,33.67476499999235],[-80.49737199967016,33.67501499969482],[-80.49733499986023,33.675091999821625],[-80.4965980004416,33.67729299985454],[-80.4961909998375,33.678439000111666],[-80.49617199957092,33.67848699993791],[-80.49613499976098,33.67858600014896],[-80.49596900007964,33.67908199970158],[-80.49580800042115,33.67958399984392],[-80.4957480001467,33.67978000021777],[-80.49561099987935,33.680175999655475],[-80.49557300024452,33.68027399997103],[-80.4953049995576,33.68107399992475],[-80.49523099993775,33.68127699966883],[-80.49512899983051,33.68158800029145],[-80.4949599997761,33.68212699964098],[-80.49389299974625,33.685293000086965],[-80.49387900040087,33.68537999982412],[-80.49381800030149,33.68561699984712],[-80.49378599961612,33.685685999901374],[-80.49220800012341,33.691088000010915],[-80.49197600031982,33.691886000111595],[-80.49110299956043,33.693802999932],[-80.49035799974584,33.6950670001735],[-80.48243900017336,33.70849399963422],[-80.48241300023408,33.70851300005493],[-80.48227500014183,33.70863499990267],[-80.48223900015681,33.70866899973138],[-80.48189699985004,33.70899300028098],[-80.48174200003935,33.70918800023697],[-80.48155299989347,33.709458000019985],[-80.48112899957093,33.71016200025571],[-80.48013000021146,33.711841000193154],[-80.47981399984397,33.71238699982744],[-80.47980399979824,33.71240399974799],[-80.47926599967288,33.71333199975598],[-80.47913000012875,33.713567000037145],[-80.47870900017928,33.714264999932276],[-80.4784439998654,33.71425600025774],[-80.47511999975218,33.720003999825515],[-80.47421900030201,33.72142599991109],[-80.47380900022317,33.722119999851564],[-80.46977799993023,33.72894500036555],[-80.46858100020403,33.73097100026819],[-80.46871400027341,33.731065999871326],[-80.46872400031914,33.731105999633435],[-80.46915600013928,33.731624999731245],[-80.46925800024653,33.731666999917095],[-80.46947900017946,33.732021000026506],[-80.4697970001968,33.732413000148796],[-80.46986699961867,33.732519999901534],[-80.47001499975669,33.73280300006371],[-80.47004200041918,33.732986000292016],[-80.4701789997882,33.733466999982106],[-80.47016700009264,33.733654999642184],[-80.47015200002403,33.73388000014426],[-80.46993299974092,33.73431499993995],[-80.46949400024809,33.734659000246644],[-80.46861800001396,33.73505800014737],[-80.46859000042485,33.735070000042604],[-80.46839600025608,33.735294000269406],[-80.46817500032316,33.73567399982353],[-80.46798000032949,33.73612200027367],[-80.46783999968909,33.7366149999913],[-80.4678549997577,33.73802200022805],[-80.46785899995565,33.73828200005473],[-80.46794199979634,33.73846600006505],[-80.46797299975847,33.740403000331405],[-80.46811199967566,33.740795000254366],[-80.4682210003539,33.74093299980469],[-80.46836000027109,33.74120999996431],[-80.4691019997126,33.74197300017676],[-80.46935000030805,33.74238800016331],[-80.46946300028596,33.743140000304315],[-80.46947300033169,33.74320499963146],[-80.46951699981432,33.74349500033885],[-80.46959899983008,33.74353999980694],[-80.46962700031749,33.743701999788115],[-80.46992900044127,33.74384100009062],[-80.47042300018568,33.743890000175796],[-80.4706159996312,33.74405200024288],[-80.47061700035444,33.74472099994871],[-80.47045400014781,33.74529699985591],[-80.47061999982917,33.745988999857644],[-80.47067500008076,33.746057999964],[-80.47070299966985,33.74624199972729],[-80.47103400010596,33.74709599986643],[-80.47115200010674,33.74740399998512],[-80.471474000322,33.74824299976612],[-80.47180300020997,33.74872399980865],[-80.47215999968704,33.74911400026483],[-80.47294999970747,33.7501600000423],[-80.47367199995584,33.750752999811496],[-80.47536300032476,33.75267699992568],[-80.47571499977894,33.75307899994488],[-80.47800000034972,33.756061999786816],[-80.47907900007515,33.75836300001362],[-80.47975600011765,33.760730999957495],[-80.4813799996411,33.768198000244375],[-80.48064900007023,33.76835099996155],[-80.48011000011998,33.76847299987217],[-80.47980999964601,33.768529000201454],[-80.47956899962158,33.76855699997899],[-80.47914600002228,33.768590000051766],[-80.47869900013355,33.76860899986165],[-80.47812699967301,33.76862699975619],[-80.47777299967068,33.76862499993406],[-80.47737900038369,33.768617999809365],[-80.4766980001432,33.76856599993222],[-80.47611999983489,33.768534999674515],[-80.47566500044854,33.768491999708004],[-80.47510100038394,33.76843300036134],[-80.47470600037373,33.76836400033981],[-80.47407899966161,33.768204999656554],[-80.4737899999566,33.76813199978416],[-80.47342699973343,33.76801900014549],[-80.47279300024695,33.767884999805894],[-80.47146099990321,33.76755800004252],[-80.4710640002432,33.76745600031318],[-80.47091500028029,33.767390000028264],[-80.47078100038598,33.76731199982967],[-80.47068900032446,33.76724700010781],[-80.47060399993565,33.767151000324986],[-80.47042700038364,33.76697899979173],[-80.47011699986393,33.76676999991651],[-80.46975899966364,33.766575000116404],[-80.46896600016849,33.766233000004355],[-80.46824399992013,33.765916000085696],[-80.46757500027354,33.765612999736405],[-80.4673269996781,33.76552899973089],[-80.46704399982089,33.76544499964304],[-80.46663999958984,33.7653480001326],[-80.46561199991804,33.765082999709286],[-80.4651299998692,33.76498599978912],[-80.46468999965315,33.76488899975916],[-80.46430700023681,33.76482800026149],[-80.4638000000736,33.76476899988581],[-80.46279599979295,33.76463199981876],[-80.4623559995769,33.764588000175955],[-80.46154399981516,33.7645219999226],[-80.46040800018834,33.7644879998175],[-80.45938200016636,33.764445000060576],[-80.45841700024377,33.764433999754615],[-80.45758600021546,33.76439499981251],[-80.45726700037322,33.76440000036141],[-80.45699000036379,33.76441599972609],[-80.45664899988192,33.7644620001234],[-80.45470200031828,33.764856999709764],[-80.45399699978836,33.765013999977505],[-80.45084400027768,33.76564999997942],[-80.44957899988111,33.76587600012806],[-80.4487410001801,33.766015000329915],[-80.44851900042225,33.76603399996393],[-80.44845499994986,33.76602699962763],[-80.44838100033,33.765997999828414],[-80.44824499988756,33.76602499974477],[-80.4481639996967,33.76606299975091],[-80.44802800015259,33.76611299977261],[-80.44785599972512,33.76613999965273],[-80.44778499958002,33.76613999965273],[-80.44766900012738,33.766134000011995],[-80.44747900015659,33.76612900031107],[-80.44588900007001,33.768814000096725],[-80.444382999649,33.77143200009673],[-80.44369499973583,33.772572000170705],[-80.44210999967211,33.77527899974591],[-80.44167000035439,33.7760419999318],[-80.44161799957753,33.776544999796975],[-80.44088000033396,33.78283799986445],[-80.43545800014604,33.78641200020584],[-80.4328860004184,33.79067399964716],[-80.43252900004302,33.791274000310125],[-80.43213700040586,33.79193599979081],[-80.43162199984675,33.79279400004257],[-80.42636899971323,33.8015580003164],[-80.4229590002846,33.80741599997845],[-80.42253699961189,33.80828699985705],[-80.42006199996864,33.81230199963461],[-80.41693799987196,33.8175790002351],[-80.4164960000061,33.81830000010287],[-80.41503999981381,33.820651999740406],[-80.41359100019255,33.82303000019928],[-80.41195000005234,33.82570400022838],[-80.41030600043737,33.82835900023492],[-80.41001099998628,33.82885099990705],[-80.4092939997608,33.830051999640126],[-80.40952599956438,33.830099999728695],[-80.40997699965111,33.83013399989949],[-80.41027100027728,33.8301379996553],[-80.41042899956273,33.83013599977741],[-80.41059299959426,33.83012599964104],[-80.41086999960369,33.83009599997111],[-80.41101799974169,33.83007499974815],[-80.41632100010392,33.82920100024964],[-80.41683199956677,33.82913000004655],[-80.41701999988773,33.82911000028347],[-80.4172480003917,33.82909600022266],[-80.41742800031675,33.829094000320396],[-80.41757599955643,33.82909800012487],[-80.4177489998088,33.82911100023439],[-80.41792999955877,33.82913299989863],[-80.41809199994046,33.8291610000058],[-80.41825400032218,33.829197999653644],[-80.41842199965335,33.82924400032295],[-80.4186860001423,33.82933600009477],[-80.41892899981654,33.8294590003651],[-80.41915599959727,33.829590999966925],[-80.41932300000187,33.82969600013216],[-80.41955399998054,33.829881999980344],[-80.41976400004283,33.830099999728695],[-80.4199520003638,33.8303090002354],[-80.42019699968786,33.830600999977065],[-80.42030100034326,33.83072200005561],[-80.42316799962367,33.83420599994819],[-80.4234999998847,33.83461900034166],[-80.42363999962677,33.83476900035016],[-80.4237629996504,33.834908999772374],[-80.42387700035155,33.83502299980402],[-80.42399500035232,33.83511799971427],[-80.4241130003531,33.83522700007036],[-80.42422100030812,33.83531399998092],[-80.42445300011174,33.8354770001497],[-80.42458700000603,33.83556399980585],[-80.42473299959589,33.83565100011963],[-80.42500200010772,33.83579599969956],[-80.4253309999957,33.83595199985295],[-80.42572000015814,33.836090999706684],[-80.42579100030322,33.836116000166385],[-80.42593600006819,33.83616200009772],[-80.42607199961232,33.83619899970008],[-80.4263739997361,33.836268000266905],[-80.42687099985356,33.836342999976345],[-80.4270280002124,33.83636199967343],[-80.4271849996729,33.83637099996048],[-80.42759599957667,33.83637299969249],[-80.42796999967047,33.83635700034262],[-80.42831100015233,33.83631300024972],[-80.42872299988097,33.83624299985166],[-80.42990399971364,33.836021999743146],[-80.43079300036658,33.83586399997363],[-80.4316329997174,33.835709000279564],[-80.43307800003903,33.83544100011173],[-80.43350499983629,33.8353560000862],[-80.43499600018869,33.835086999676605],[-80.43774899966627,33.834681999884815],[-80.43818399985945,33.834624999660605],[-80.4383420000432,33.83460100014389],[-80.4384900001812,33.83458499971618],[-80.43860499980893,33.83458100016843],[-80.43885800042723,33.834569000031664],[-80.43900499984203,33.83455799978043],[-80.44009699998622,33.83441199970368],[-80.4416510000878,33.834187999663385],[-80.44227799990162,33.83409799967514],[-80.444346999664,33.83377400027576],[-80.44504799999596,33.833705999831366],[-80.44524999966232,33.83368999998226],[-80.4455650002049,33.83367500002782],[-80.44609400010941,33.833677999720415],[-80.44702899989478,33.83370400003694],[-80.44873600015724,33.83372699990855],[-80.44982999995128,33.83374199985386],[-80.45125199980838,33.83377199973673],[-80.45208200001176,33.833792999797694],[-80.45276999992493,33.83381100016563],[-80.45902599961589,33.83396899999918],[-80.46046300043992,33.83400499991099],[-80.46662399969631,33.83414700036865],[-80.46687499976647,33.83415299972066],[-80.46811800042175,33.834182000313824],[-80.46895600012274,33.834206999839495],[-80.46925499987348,33.834207999730864],[-80.46951400033956,33.83423800019632],[-80.46971799965576,33.83426700001444],[-80.46983999985449,33.83428999973456],[-80.47028799956814,33.83442900005256],[-80.47055999955471,33.8345379997949],[-80.47066800040805,33.83459500007713],[-80.47070900041595,33.834614000162766],[-80.4710220004104,33.83475600035485],[-80.47120499981017,33.834848000164236],[-80.47163199960745,33.835036999640366],[-80.47165300042217,33.835045000185396],[-80.47032699992621,33.83613699965147],[-80.47024499991046,33.83627599995053],[-80.46994000031192,33.83668900004224],[-80.46980300004458,33.83687700006439],[-80.46894799972682,33.838401999952],[-80.46839600025608,33.83921099983678],[-80.4683689995936,33.83930200024209],[-80.46721600024834,33.8407820002896],[-80.46712800038479,33.840896999762045],[-80.46536300039602,33.84272399984316],[-80.465143000288,33.8429780002769],[-80.46503299978481,33.843001999679615],[-80.46368899974553,33.847445999704945],[-80.46368899974553,33.84847700004342],[-80.46360699972976,33.848888999642234],[-80.46314099957443,33.850035000328205],[-80.46311800000822,33.85026899988284],[-80.46306600012969,33.85082199970084],[-80.46305799973378,33.850904999871794],[-80.46316800023693,33.85184400017963],[-80.46341500010912,33.853700000366665],[-80.4635530002014,33.85415800008151],[-80.46448799998679,33.85649499966911],[-80.46448799998679,33.85663199967108],[-80.46457000000254,33.856677999747696],[-80.46462500025414,33.857044000220505],[-80.464954999967,33.85784600010561],[-80.46509300005928,33.858395999786396],[-80.46517500007505,33.85841899972572],[-80.46520299966413,33.85869399965563],[-80.4652849996799,33.85876200035628],[-80.4655600000395,33.85960999976211],[-80.46624700012777,33.860342999702056],[-80.46643899974839,33.860732000195156],[-80.46698799974438,33.86146500020138],[-80.46712599983665,33.861488000060035],[-80.46715299960084,33.86172499976745],[-80.46761999958106,33.862180999837456],[-80.46795000019226,33.86244600024957],[-80.46816899957706,33.86266100030332],[-80.4680869995613,33.863088999679974],[-80.46775799967331,33.863377999903534],[-80.46774799962758,33.863445999857845],[-80.46770300032006,33.86374400000627],[-80.46775799967331,33.86410899974456],[-80.46784100041232,33.86531400032912],[-80.46795100001715,33.865655999847256],[-80.46811599987362,33.86592800028747],[-80.46915899961402,33.86681400016077],[-80.469791000349,33.86751799971058],[-80.47031299968252,33.868266999729634],[-80.47075299989856,33.8690170001199],[-80.47113799986302,33.87010999968526],[-80.47121999987878,33.87063299970901],[-80.47119300011462,33.872043999962074],[-80.47053500033867,33.87370500009908],[-80.47039800007133,33.874737999996796],[-80.47016500044282,33.875038999989364],[-80.46878000039564,33.87725300020769],[-80.46846599967799,33.877746999754855],[-80.46762399977902,33.87877700035058],[-80.46656299959695,33.87939899979729],[-80.46516800040234,33.8800289999915],[-80.46333899994116,33.880166000265625],[-80.46204799960532,33.8801229997188],[-80.4605909995881,33.87991099994925],[-80.45848199964277,33.87949800000798],[-80.45778899970672,33.879173999772625],[-80.4566609995775,33.878869999851105],[-80.45666800014851,33.87866899974493],[-80.45682700015716,33.87842700023932],[-80.45664200020924,33.87830800009821],[-80.45609999988594,33.878360999780426],[-80.45592400015884,33.8782420002931],[-80.45586300005947,33.87812199977088],[-80.45505600032062,33.87790400024254],[-80.45443399963136,33.87778199973659],[-80.45333900001242,33.87792100014024],[-80.45299099985789,33.877885000089606],[-80.45243199981613,33.87747900020742],[-80.45204100000389,33.87715300024118],[-80.45177599969001,33.87700199993547],[-80.45102000000477,33.876968999907184],[-80.45017599955767,33.87692899965234],[-80.4491289996193,33.87704399968181],[-80.44780300002168,33.8772190001427],[-80.44544100035633,33.87767000034118],[-80.44440699993844,33.878060000317475],[-80.4433829995663,33.878497999749364],[-80.44280199978324,33.878912000169706],[-80.44448399993134,33.88048399989074],[-80.44468099957483,33.8806680001035],[-80.44485899985008,33.880866999793746],[-80.44500899963789,33.88109299991726],[-80.44507700030827,33.88121099981644],[-80.44536500018835,33.88182500027339],[-80.44560399966466,33.88234499988182],[-80.4458399996662,33.88286099977965],[-80.44589800029082,33.88298700000038],[-80.44614199978999,33.88351799989832],[-80.44618399962278,33.8836289997627],[-80.44619500039175,33.88366699974357],[-80.4462410004225,33.8838280000046],[-80.44638399963934,33.88447100019905],[-80.44671400025052,33.886017999653255],[-80.44736299980563,33.88905399972374],[-80.44761899989867,33.89028099967849],[-80.44787800036475,33.89146399986256],[-80.44832899955315,33.89353199998005],[-80.44868199973055,33.89517999965773],[-80.44872399956334,33.895376000034204],[-80.44948900036775,33.89895700017579],[-80.44963699960742,33.89964900005208],[-80.4500559999071,33.90161099981825],[-80.45008299967128,33.90171799986547],[-80.45072000042913,33.90165700025918],[-80.45668099966898,33.90101200017492],[-80.45846900012229,33.900765999752124],[-80.4647220003385,33.8999050001391],[-80.46688800018528,33.89960700024985],[-80.48492899988521,33.89712299975883],[-80.48631099955935,33.89690700012188],[-80.49572200020744,33.89562500010245],[-80.49987700034896,33.895058999919435],[-80.50435999965522,33.894585000043044],[-80.51501700043332,33.893276000147885],[-80.51813800015692,33.89290400022228],[-80.51996900026793,33.89266799979711],[-80.52336500035119,33.89230000003021],[-80.53436600018753,33.89111099968521],[-80.53885299969176,33.88968400021322],[-80.54657200014601,33.88721700031351],[-80.55029499956908,33.88610099991468],[-80.55226200012252,33.885484000289814],[-80.55419699999061,33.88488800010878],[-80.55440600022798,33.88484599974874],[-80.55671900038783,33.88422499979008],[-80.55740200027815,33.884050000273874],[-80.55755200006595,33.88401199971783],[-80.55770000020397,33.883973999890635],[-80.56328100040054,33.88255300003106],[-80.58268799988109,33.87758900034055],[-80.58385199999532,33.87728999991199],[-80.58414099970032,33.87721599974147],[-80.5902640002202,33.875597999929276],[-80.59326799976796,33.874792999983036],[-80.5932989997301,33.87478600033933],[-80.5939029999777,33.87462299984326],[-80.601718999618,33.87270099982961],[-80.61276899985816,33.8699990001365],[-80.62480800031038,33.866838999835224],[-80.62533200019202,33.86681100013963],[-80.62533200019202,33.866478999639654],[-80.62533200019202,33.86603500034111],[-80.6250280004184,33.865577000174035],[-80.62484599994521,33.86530099975984],[-80.62480800031038,33.865243999822596],[-80.62465599997441,33.86493099999934],[-80.6241129998262,33.8638069997067],[-80.62393299990114,33.863432999750124],[-80.62386099993113,33.86328499993315],[-80.623753999801,33.8630639996534],[-80.62364699967088,33.86284300029342],[-80.62357600042408,33.862695999757705],[-80.62348099998952,33.86249900008409],[-80.62344199963147,33.86240400003359],[-80.62307900030663,33.86151400011986],[-80.62296399978057,33.861232000310615],[-80.62296299995566,33.861216999969336],[-80.6229599995826,33.86040800033542],[-80.62325099983576,33.85988099973109],[-80.6233110001102,33.859774999763076],[-80.62377100041775,33.85949899998901],[-80.62480800031038,33.85945100000209],[-80.62605299971715,33.860881999865825],[-80.62666500036065,33.86106500024113],[-80.62682199982117,33.86111199974432],[-80.62759599994807,33.86113999981696],[-80.62790200026983,33.86077899988162],[-80.6279840002856,33.860680999918856],[-80.62823199998272,33.86038799968677],[-80.62827100034077,33.86034400003355],[-80.6283089999756,33.86028600018474],[-80.62864899973422,33.859761999842355],[-80.62891099967504,33.85936099976747],[-80.62981899969624,33.858300999647035],[-80.63022600030033,33.85782699996384],[-80.63042999961652,33.857587999900204],[-80.6307669999004,33.85719599964611],[-80.63078100014413,33.856771999827224],[-80.63079299983967,33.856459000280104],[-80.63081200010626,33.855921000184715],[-80.63081600030422,33.85580899970812],[-80.63037400043834,33.85477700018156],[-80.63035900036972,33.85439799970067],[-80.6303500001489,33.854138999865235],[-80.63048099967016,33.85389399972152],[-80.6306330000061,33.85361099970381],[-80.63093400030499,33.85305100010306],[-80.63116500028367,33.85281900005611],[-80.6313929998893,33.85259199999837],[-80.63145999983645,33.85252400035332],[-80.63157700001231,33.85240700001455],[-80.631695999838,33.85241100022009],[-80.63179100027256,33.852414999679375],[-80.63198100024337,33.85242399976767],[-80.63226900012344,33.852437999737326],[-80.63255199998068,33.852450000349],[-80.63274299977638,33.852458000009754],[-80.63275399964704,33.852458000009754],[-80.6327660002409,33.85246099978913],[-80.63283400001296,33.852481999733655],[-80.63285699957918,33.85248800003662],[-80.63302300015886,33.852534000107056],[-80.63352299975107,33.85267400026629]]]},"properties":{"GEOID":"45085001801","TRACT":"001801","NAME":"Census Tract 18.01","county_name":"Sumter","aland_sqkm":309.0186,"is_greater_area":true,"pop_2020":4152,"pop_2010":4188,"has_2010":true,"growth_pct":-8.0,"growth_abs":-337,"density_per_sqkm":12.5,"pct_nonwhite":43.6,"median_income":44743,"median_age":34.7,"median_home_value":70600,"median_gross_rent":1022,"poverty_rate":17.8,"pct_bachelors_plus":17.0,"unemployment_rate":6.3,"pct_wfh":0.6,"total_housing_units":1904,"vacancy_rate":6.5,"owner_occ_rate":81.8,"pct_single_family":30.4,"median_year_built":1994,"pop_2014":4144,"pop_2015":4145,"pop_2016":4408,"pop_2017":4325,"pop_2018":3916,"pop_2019":4021,"pop_2021":3903,"pop_2022":4117,"pop_2023":4675,"pop_2024":4770}},{"type":"Feature","geometry":{"type":"Polygon","coordinates":[[[-80.54080099997863,34.004979000135236],[-80.54080299962844,34.0037950000154],[-80.5407929995827,34.00323199980552],[-80.54076199962057,34.00130100010465],[-80.5379890000515,34.001058000224276],[-80.53710000029686,34.00096600021991],[-80.53613500037426,34.000883000170994],[-80.53576100028046,34.00084900028901],[-80.53441100039338,34.000724999728035],[-80.53434600009605,34.00071900017675],[-80.53391099990286,34.00069400030423],[-80.53296500024683,34.000673999805144],[-80.5322730001357,34.00067200020182],[-80.53199699995118,34.000674999979154],[-80.53176299959944,34.00067799975641],[-80.53113699961055,34.000674999979154],[-80.53107200021154,34.00067200020182],[-80.53095500003568,34.000667000076156],[-80.53084100023287,34.00065599964979],[-80.53049599955305,34.000596000345716],[-80.53025200005388,34.000539000036625],[-80.53004199999161,34.0004730003365],[-80.52992800018879,34.00043199979736],[-80.52967600029372,34.00032600034619],[-80.52937599981975,34.00014899991393],[-80.52729700001163,33.99860199973728],[-80.52711899973637,33.998469000054804],[-80.5259089995914,33.997563999693384],[-80.52543800031152,33.997216000154616],[-80.52541200037226,33.997196999796316],[-80.5250009995702,33.99689199997034],[-80.52402499977694,33.99615299984109],[-80.52273199979128,33.99518699974659],[-80.52254299964538,33.99505299969094],[-80.52233599995616,33.99492999984847],[-80.52217699994749,33.994851000085816],[-80.5220220001368,33.99478499969043],[-80.52181899974721,33.99470899978097],[-80.52169400007374,33.9946719996731],[-80.52154799958555,33.99463599979413],[-80.52135500014002,33.994580999701405],[-80.52118100006275,33.994547999777645],[-80.52100299978753,33.99452999981383],[-80.52066300002889,33.99451100034441],[-80.52056000009674,33.994516000087614],[-80.52033099976786,33.99452699981948],[-80.5201280002766,33.994547999777645],[-80.51991900003922,33.994578999954705],[-80.51962600013627,33.99463400004867],[-80.5181640000962,33.99494000003006],[-80.517945999638,33.99497599978016],[-80.51785500029972,33.99498599995628],[-80.51779000000238,33.994993999649495],[-80.5174879998786,33.995009999778404],[-80.51714800011997,33.99501200025975],[-80.51656200031404,33.99497800026231],[-80.51585299958616,33.99491600018816],[-80.51562400015561,33.99489500032095],[-80.51332299969134,33.99473699991234],[-80.51185499980349,33.99460799962952],[-80.5113629997089,33.9945609999974],[-80.51119299982958,33.99453899979624],[-80.51098000029256,33.994517000334135],[-80.51082299993374,33.994495000121525],[-80.51062399974208,33.99445600017076],[-80.51034400025792,33.9944089997098],[-80.50990999988966,33.99432799971004],[-80.50901500028725,33.99416300021649],[-80.50817000001524,33.994012000214084],[-80.507955999755,33.993973000041606],[-80.50735300023064,33.9938730000141],[-80.50599699959747,33.99369800005514],[-80.50505799961412,33.99358300031146],[-80.50490299980343,33.99355700031544],[-80.50437300007401,33.99348799962862],[-80.50421499989027,33.99347099969907],[-80.50404599983587,33.99344799970134],[-80.503535000373,33.99341399982282],[-80.50300100044564,33.99342499969736],[-80.5026120002832,33.99344299989528],[-80.50225099970986,33.99345399976612],[-80.50165400003328,33.99347699976224],[-80.50023399982602,33.993531999824825],[-80.49963100030165,33.993554999799834],[-80.49882000036484,33.99358200005394],[-80.49873800034909,33.99358399982417],[-80.4978959995518,33.993572999970205],[-80.49764500037995,33.99356599965612],[-80.49737000002034,33.99355799982845],[-80.4967110004195,33.99354800022905],[-80.49620400025627,33.99353600011233],[-80.49559199961278,33.993505000299585],[-80.49446199983373,33.99342400018279],[-80.4949599997761,33.99426799966043],[-80.49506299970827,33.994433999942366],[-80.49518800028005,33.99466200020476],[-80.49532499964907,33.99494400025126],[-80.49536400000714,33.99504399976303],[-80.49543500015226,33.995223000136825],[-80.4955020000994,33.995428999800666],[-80.49555999982573,33.99563100026585],[-80.49558999996295,33.99574300026518],[-80.4956000000087,33.99580100029993],[-80.49566000028317,33.99614699996691],[-80.49568200002446,33.99631999964439],[-80.49569700009307,33.99649900030884],[-80.49569899974288,33.99666300025786],[-80.49568500039751,33.99700600023121],[-80.49566600013094,33.99724800031724],[-80.49563900036675,33.997436999658795],[-80.49560400020665,33.997617999879246],[-80.49551100032025,33.99798999973052],[-80.49545799971848,33.99815600018759],[-80.49537300022797,33.99839600031977],[-80.49531299995353,33.99854000007359],[-80.49514800009709,33.99885999989389],[-80.49504500016492,33.999042000254654],[-80.49471700010186,33.99961900031423],[-80.49415399986215,34.00062699980529],[-80.49361699956171,34.001562000001755],[-80.49318800011464,34.0023099998978],[-80.49297100037965,34.002689000361364],[-80.49265699966199,34.00323299994941],[-80.49241999983552,34.00364500014429],[-80.49235000041364,34.00377000030351],[-80.49206300035846,34.00428500032976],[-80.49133299971417,34.00558800007756],[-80.49062999973239,34.00684300030066],[-80.49039999957864,34.007263000137804],[-80.49020600030818,34.007688999935716],[-80.49002100036026,34.0081280002081],[-80.48995900043599,34.00828700036772],[-80.4898849999178,34.008522999845084],[-80.48979600022936,34.008838999721085],[-80.48962700017496,34.00885400014311],[-80.48929300026411,34.008873000127814],[-80.48905700026256,34.00888200007989],[-80.48887499978937,34.00887500028274],[-80.48871300030599,34.00886099994199],[-80.48855799959698,34.0088399997989],[-80.4883350000142,34.00878800020241],[-80.48813699964748,34.008723000289685],[-80.48793300033131,34.00863700013388],[-80.48761399959076,34.00846699972555],[-80.4868849996697,34.008034000240606],[-80.48608600032676,34.007546000147414],[-80.48581099996716,34.00737900007424],[-80.48514899999324,34.00697999992974],[-80.48469500043181,34.006697000267955],[-80.48420900018499,34.00642600019466],[-80.48400199959745,34.00631199991642],[-80.4839339998254,34.00627400028614],[-80.48343900025606,34.00603400007261],[-80.48282099976478,34.00573299966836],[-80.48224099980663,34.00544800008364],[-80.48149299961901,34.00509600033465],[-80.4802160004252,34.004497999773335],[-80.48005999989127,34.004423999876884],[-80.4789159998685,34.003874999788685],[-80.47829499990249,34.003576000204],[-80.47764100032451,34.003270000052225],[-80.47730900006349,34.003113999871864],[-80.47723799991837,34.003081999684824],[-80.47679699987741,34.002885999952056],[-80.47646799998945,34.002732000110676],[-80.47632800024736,34.00265999972151],[-80.47621100007152,34.002591999877176],[-80.47605299988774,34.00248899985589],[-80.47593099968901,34.00240199993584],[-80.47572399999977,34.00223100029554],[-80.47545399966303,34.00193899976113],[-80.47537800039336,34.00184499964587],[-80.47506700004875,34.001481000119504],[-80.47491899991073,34.001294999849364],[-80.47467000038871,34.001015000372234],[-80.47396999988166,34.00019700035792],[-80.47387100014745,34.00009399966662],[-80.47373600042823,33.99997300003984],[-80.47357800024449,33.999859000036786],[-80.47336599963407,33.99973000008401],[-80.47327199992274,33.99967999974945],[-80.47313100035576,33.99961900031423],[-80.47289100015624,33.99953500025121],[-80.47267500024617,33.99947799997491],[-80.47250399964364,33.99944300008677],[-80.47242599982584,33.99943100005799],[-80.47230799982505,33.99942300003788],[-80.47200099967839,33.9994139998281],[-80.47159700034567,33.99945399992553],[-80.46934199991212,33.999779999644446],[-80.46895899959748,33.99983500009507],[-80.4687410000376,33.99987600017762],[-80.46858799987672,33.99990900026599],[-80.46821100030817,34.00000300028954],[-80.46800399972061,34.00006599981139],[-80.46628499976259,34.00065199969753],[-80.46622299983832,34.00068100027824],[-80.46605499960883,34.0003550002935],[-80.46572700044408,33.999619999755986],[-80.46547100035104,33.99906199964855],[-80.46527399980924,33.998680999735654],[-80.46516900022725,33.998496999691675],[-80.46508700021148,33.998363999844806],[-80.46500600002064,33.99824599985114],[-80.46414999987798,33.997141999872014],[-80.46357599976763,33.996412000211905],[-80.46341099991118,33.99620199979065],[-80.46266400044678,33.99524900036778],[-80.46150199998236,33.993766000316114],[-80.46050100007474,33.99247599999939],[-80.46023599976088,33.99213399988733],[-80.45976399975778,33.99271899985015],[-80.45821100037944,33.991801999694395],[-80.4570480000901,33.9911169998297],[-80.45703100037166,33.991175000043135],[-80.4551180002449,33.9900679996415],[-80.45498099997754,33.990145000276065],[-80.45477000009035,33.990262000052354],[-80.45446399976859,33.990432999951224],[-80.45429999973707,33.99024299962856],[-80.45417800043664,33.99006599978858],[-80.4540629999106,33.9899089996388],[-80.45391499977259,33.98973100028988],[-80.45389200020637,33.98962099967733],[-80.45367299992327,33.989360000335594],[-80.4536119998239,33.98928400004263],[-80.45350899989174,33.98917699977965],[-80.4533590001039,33.98905300005816],[-80.45320000009524,33.98892799984338],[-80.45304799975929,33.98877599990654],[-80.45291899988786,33.988609000172126],[-80.45284000024513,33.9885050000111],[-80.45275700040446,33.98841700034842],[-80.45267000036583,33.988374000056865],[-80.45246699997622,33.98823700021286],[-80.45231499964027,33.98810000014793],[-80.45222900032485,33.98799800001052],[-80.45213499971521,33.98788600022985],[-80.45199099977516,33.98782499977512],[-80.45179900015455,33.98774099996861],[-80.45172600035961,33.98770800036775],[-80.4521199996466,33.987311000102274],[-80.4525980003958,33.986819000271225],[-80.45271399984844,33.98670000029156],[-80.45263799968046,33.986625000193754],[-80.45257699958108,33.98660899997565],[-80.45237800028777,33.98658699995009],[-80.45219099979171,33.98655999970785],[-80.45188299982014,33.9864590002981],[-80.45159300029023,33.986280000083106],[-80.45136200031153,33.986021999713394],[-80.45127100007495,33.985809999729916],[-80.45135499974053,33.98568400035347],[-80.45135599956545,33.98558099994417],[-80.45138300022793,33.985503999643356],[-80.45137599965692,33.98549199988045],[-80.45134800006784,33.98544799999028],[-80.45141900021295,33.98532400004177],[-80.45147699993926,33.985130000276065],[-80.45147699993926,33.98484599971294],[-80.45143900030443,33.984613999965],[-80.45136700033441,33.984392999882616],[-80.45112999960963,33.98421599977632],[-80.45070600018542,33.983961000212425],[-80.45060200042833,33.98389999992],[-80.45043800039683,33.983803999957296],[-80.45018499977851,33.98365500017284],[-80.44943199956802,33.98329900023016],[-80.44930699989455,33.98311199999776],[-80.44916200012959,33.98289499977799],[-80.44902700041038,33.982398999642854],[-80.44902700041038,33.982269999996966],[-80.44898800005232,33.98192000034692],[-80.44891100005941,33.981831000174175],[-80.44883400006653,33.98178299978289],[-80.44858999966905,33.98163800028291],[-80.44849199975977,33.98157899986586],[-80.44839600039862,33.9815209998074],[-80.44829400029136,33.98146099965386],[-80.44823599966674,33.98140100020293],[-80.44817799994041,33.981358000086146],[-80.44810099994751,33.98129399969881],[-80.44804300022119,33.981177999898264],[-80.44790099993098,33.98089799967611],[-80.44789199971014,33.980885000345744],[-80.44783099961077,33.98076699991528],[-80.44761800007376,33.980573999842925],[-80.44738700009508,33.98044800015363],[-80.44696199994765,33.98020199972542],[-80.44669199961089,33.980020999652204],[-80.44651800043194,33.979969000292485],[-80.44622800000371,33.97995499965726],[-80.44592000003215,33.97991599973772],[-80.44568800022856,33.97983799984494],[-80.4452830001726,33.97969500010394],[-80.44501299983585,33.97947500031922],[-80.44410599963956,33.97877800020474],[-80.44339199978712,33.97772000015492],[-80.44323799980134,33.97750400002604],[-80.44300599999775,33.97740100013344],[-80.44237099978801,33.9772240003665],[-80.4414820000334,33.97697800029303],[-80.43983300039558,33.97647800029997],[-80.43942099976861,33.976363000347504],[-80.43919599963773,33.97622899966254],[-80.43841900003609,33.97560400003775],[-80.4382640002254,33.97559200036713],[-80.43780100044313,33.97540600004099],[-80.43728099986112,33.97550699992015],[-80.43718399977675,33.97542099966183],[-80.43702999979095,33.97540899996537],[-80.43695299979807,33.97533099966221],[-80.43679799998738,33.975189000263704],[-80.43664400000158,33.975046000152346],[-80.43647099974923,33.974968000261086],[-80.43610400022641,33.974874999838846],[-80.43595000024062,33.97481000005207],[-80.43573799963022,33.97470499966115],[-80.4355829998195,33.97462599972146],[-80.43539100019889,33.974316999638916],[-80.4350050004095,33.97366999972472],[-80.43492800041662,33.973502000360384],[-80.43479299979909,33.97337299987828],[-80.43473500007278,33.97333499967005],[-80.43458100008698,33.973256999699146],[-80.43448400000261,33.97321799968692],[-80.43417500020611,33.972919000240175],[-80.43403999958858,33.97286700026142],[-80.43388599960281,33.97284000013102],[-80.43365499962412,33.97286500000372],[-80.4335969998978,33.97285099968852],[-80.43344299991202,33.972837999872695],[-80.4333080001928,33.97279799991109],[-80.43311499984895,33.972720000192574],[-80.43296000003825,33.97264099989854],[-80.43272900005958,33.972394999974505],[-80.43259400034036,33.97217499992417],[-80.43240099999652,33.97194200009673],[-80.43224700001072,33.97185100037129],[-80.43199599994055,33.97182399991823],[-80.4316679998775,33.97178299971055],[-80.4313790001725,33.97171700002518],[-80.43112800010233,33.971625000288014],[-80.43082000013077,33.97135300032088],[-80.43066500032008,33.971119999731116],[-80.43064600005349,33.97087499965663],[-80.43062699978691,33.97064299977467],[-80.43054999979402,33.97051400017019],[-80.43047199997622,33.97044900002969],[-80.4302800003556,33.97039600024511],[-80.43014499973808,33.970356999665654],[-80.43008700001174,33.970330000228245],[-80.43004799965368,33.97018799992796],[-80.43002900028543,33.970033999680574],[-80.42995200029254,33.969865999837616],[-80.42981699967501,33.969722999714314],[-80.42970100022237,33.9695809998905],[-80.42964299959773,33.96946499975353],[-80.42964299959773,33.969283999917344],[-80.42958499987142,33.96912899972262],[-80.4294500001522,33.96900000005658],[-80.42933499962616,33.968883000068914],[-80.4292380004401,33.9688110000538],[-80.42908399955598,33.968713999637046],[-80.42887199984388,33.96824900030391],[-80.42864000004029,33.967964000152875],[-80.42812000035661,33.967638999638595],[-80.42794999957898,33.96747900032753],[-80.4278580004158,33.96739200032435],[-80.42773399966892,33.967275000359614],[-80.4276059996224,33.96722299990972],[-80.42740599960585,33.96709299976339],[-80.4273799996666,33.96699499979685],[-80.42725199962008,33.966512000068036],[-80.42717399980228,33.96631100026116],[-80.42707800044113,33.966171000370736],[-80.42709699980936,33.96605900014352],[-80.42713600016744,33.965958000217874],[-80.42715600025892,33.96577000000006],[-80.42713699999234,33.96516400031345],[-80.42707900026602,33.96487500010912],[-80.42707900026602,33.96471099991478],[-80.42717600035041,33.9645349996634],[-80.42725400016822,33.96442300026208],[-80.42729199980303,33.96417300022818],[-80.4272730004348,33.96389500035289],[-80.42715700008382,33.963694000322],[-80.42702200036462,33.9635170003352],[-80.42686900020374,33.9632650001352],[-80.42665699959332,33.9624840003346],[-80.42639399982758,33.96170100029385],[-80.42624300021484,33.96169999966115],[-80.42615899965094,33.96170100029385],[-80.42580399982371,33.96170499984417],[-80.42549400020229,33.96172399994101],[-80.42530699970625,33.961736000078425],[-80.42490699967317,33.9617709998486],[-80.42466499982385,33.961802000058796],[-80.42424200022452,33.96186700010232],[-80.42398899960622,33.9619139999309],[-80.4235500001134,33.9620150001881],[-80.42320100013393,33.96210799977289],[-80.42276400029094,33.96224699976402],[-80.42245799996918,33.96235199989077],[-80.42203299982174,33.962512999783776],[-80.42192499986672,33.96255499986775],[-80.42163199996375,33.96268000011903],[-80.42138500009155,33.96277799984189],[-80.42089600037,33.962979999674694],[-80.41955200033073,33.96353199981798],[-80.41942699975893,33.96358000008229],[-80.41896800017462,33.963755000211044],[-80.41865000015729,33.96386800035414],[-80.41808799974251,33.96404799993574],[-80.41751199998234,33.964205000166245],[-80.41715399978203,33.96428599981597],[-80.41697300003209,33.96432900037131],[-80.41664599979393,33.964392000262],[-80.41628799959364,33.964451999795266],[-80.41627300042333,33.96445500010609],[-80.4161029996457,33.96447799975368],[-80.41558700015999,33.96454899985761],[-80.41477500039825,33.96465999998529],[-80.41459899977285,33.96468500002758],[-80.41425900001421,33.9647340002382],[-80.41312800041027,33.96488799965218],[-80.41287899998991,33.964921999765764],[-80.41270599973758,33.96494500003214],[-80.41259199993475,33.96496000000816],[-80.41219899957436,33.965014000048946],[-80.41209099961934,33.96502800016432],[-80.41171999989855,33.96507800002525],[-80.41072700038687,33.96521199965674],[-80.41057199967786,33.96523300015255],[-80.41013700038297,33.96529199999218],[-80.40967200005258,33.96535599975931],[-80.40934499981441,33.96539399980781],[-80.40915200036888,33.96541500025869],[-80.40879400016861,33.9654359999593],[-80.40854599957316,33.96544599988591],[-80.40837300021913,33.96544500004231],[-80.40835899997542,33.96544500004231],[-80.40825500021835,33.96544099992278],[-80.40818099970018,33.96543799964674],[-80.40811200010322,33.9654359999593],[-80.40808299979089,33.96543500011559],[-80.40803699976014,33.96543400027188],[-80.40781900020026,33.965416999946555],[-80.4076119996127,33.965396000241235],[-80.40741400014431,33.965369999818385],[-80.407168000097,33.96533199975915],[-80.40696700025555,33.96529199999218],[-80.4067720002619,33.965248000077786],[-80.40635899981002,33.96513799981962],[-80.40616200016652,33.96507999972105],[-80.40576600033138,33.96493599989627],[-80.40553600017763,33.96484500012444],[-80.40501899996868,33.96458300010672],[-80.40488099987641,33.96450399970415],[-80.40472199986776,33.9644130002152],[-80.40424900003974,33.96412799987585],[-80.40385999987733,33.963885000244005],[-80.4037319998308,33.96380599993815],[-80.40277899960375,33.96321699969318],[-80.4019650001922,33.96271199987369],[-80.40184200016856,33.96263600034357],[-80.40170300025139,33.96255100035732],[-80.40146499970169,33.96240400033842],[-80.40120500030902,33.96224300023916],[-80.39980000017036,33.96137000034165],[-80.39887000040784,33.96079499968797],[-80.39867399969094,33.960673999991],[-80.39860300044415,33.96062999992304],[-80.39836099969652,33.960480999760996],[-80.39831600038897,33.96045300026649],[-80.39830200014528,33.96044500030276],[-80.39826000031249,33.96041899985673],[-80.39800599986927,33.96026200008927],[-80.39791999965554,33.960208999917256],[-80.3966989996399,33.9594519998035],[-80.39603099981821,33.95903900002561],[-80.39587799965733,33.95894400022604],[-80.395599999823,33.95877199965234],[-80.39551100013453,33.958717000196955],[-80.39549100004305,33.95870499963366],[-80.39542599974573,33.958664999730814],[-80.39528799965345,33.9585790003231],[-80.39499999977338,33.95840100019838],[-80.39461099961095,33.95815799985392],[-80.39435500041621,33.958006999970905],[-80.39412799973718,33.95787999969409],[-80.39392799972065,33.95777500000849],[-80.3936780003737,33.957657000292265],[-80.39323800015764,33.95748200028561],[-80.39336500037926,33.958085999701375],[-80.39328099981536,33.958490000307286],[-80.39319799997467,33.95894199964089],[-80.39307900014899,33.95923500029647],[-80.39305499985954,33.959503999788595],[-80.39295500030043,33.959870000102704],[-80.39293199983588,33.96009099985154],[-80.39293000018607,33.96028699993403],[-80.39298399971443,33.96047000009372],[-80.39323300013477,33.96082199991707],[-80.39367400017574,33.961471999644814],[-80.39396399970565,33.961705999731734],[-80.3941560002246,33.96186000015735],[-80.39431000021038,33.961908999760155],[-80.39558300010455,33.96262500020992],[-80.39593000043418,33.96270900024646],[-80.3961770003064,33.96280299969232],[-80.396445000095,33.96290700000442],[-80.39666299965488,33.96299099976249],[-80.39673999964778,33.9631129997601],[-80.39676700031026,33.96326900035712],[-80.3968750002653,33.96389500035289],[-80.39706799971084,33.96404999965576],[-80.39770499957038,33.964350000340055],[-80.39785899955618,33.96448299977342],[-80.39801400026519,33.96470300035154],[-80.39808899970993,33.964810000128956],[-80.39822000012951,33.96511200006295],[-80.39859000002538,33.966195999968924],[-80.39852800010108,33.966434999631055],[-80.39853700032192,33.966520000206174],[-80.39857999997962,33.9669169999708],[-80.39869100030769,33.96723699966147],[-80.39870399982817,33.96725400036799],[-80.39912599960257,33.96780600033996],[-80.39927499956548,33.96817900012002],[-80.40082600019232,33.96992800030609],[-80.40098799967572,33.970282000048314],[-80.40102600020887,33.97036500018712],[-80.40140600015046,33.97119699965136],[-80.40143000043992,33.97123299977396],[-80.40162299988543,33.971541999889084],[-80.40168300015989,33.971573000262936],[-80.40220299984357,33.972202000265725],[-80.40222600030812,33.972222999780506],[-80.40239799983726,33.9723760000265],[-80.4032399997362,33.97304899967535],[-80.40332500012502,33.973117000068605],[-80.40353900038527,33.97328800019282],[-80.40403399995459,33.97376899993965],[-80.4042809998268,33.97397599994884],[-80.40447499999556,33.97401500035844],[-80.40505300030387,33.97442799968209],[-80.40541999982668,33.97495799996424],[-80.40546699968233,33.97509800028835],[-80.4055560002691,33.97535999994563],[-80.40559499972886,33.97546399980186],[-80.40576499960818,33.97592300009728],[-80.4063150003274,33.976564999946895],[-80.4067170000103,33.97688400012544],[-80.40692000039988,33.977045999778895],[-80.40730500036436,33.97727500021086],[-80.40801900021678,33.97800899991396],[-80.40843099994545,33.97858099983982],[-80.40893200026085,33.97915699986115],[-80.40906699998007,33.97928599976167],[-80.40910499961493,33.97944100006467],[-80.40912499970639,33.9796350001514],[-80.40947200003603,33.980074999813155],[-80.40968399974814,33.98030299986626],[-80.41003199990269,33.98082600015095],[-80.41016699962191,33.980967000156994],[-80.41103500035844,33.98147099993069],[-80.41124700007055,33.981554000320685],[-80.41226999971947,33.982370999915354],[-80.41348499988733,33.98312499973246],[-80.41354299961365,33.98320500034797],[-80.4138909997682,33.98340999971946],[-80.41423200025004,33.98378700032503],[-80.41428400012857,33.98384500032707],[-80.41435199990065,33.98392100026986],[-80.4146239998872,33.98421999975754],[-80.414741999888,33.98442600002576],[-80.414777999873,33.98449000028948],[-80.4148349997744,33.98466899980519],[-80.4149319998588,33.984967999641],[-80.41502899994316,33.9852119997166],[-80.41517000040847,33.985730000076515],[-80.41502200027047,33.98581300003197],[-80.41459399975,33.98607700013214],[-80.41480899983513,33.98655500024139],[-80.4146439999787,33.986691999817545],[-80.41469900023029,33.98696700013236],[-80.41516700003542,33.98765399984212],[-80.41530400030277,33.98813500023989],[-80.41530400030277,33.98923499982755],[-80.41519299997469,33.98973899973302],[-80.4151660002105,33.990403000046115],[-80.41497399969158,33.99077000024295],[-80.41478799991874,33.99136900016104],[-80.41472699981937,33.99167199988913],[-80.41466900009304,33.991960999879126],[-80.41451400028235,33.99226699980485],[-80.41432900033443,33.992535000299874],[-80.41403700025637,33.993060000323105],[-80.41412000009706,33.993198000101486],[-80.41415100005919,33.99340599998084],[-80.4142430001207,33.99387400026818],[-80.41426599968693,33.99426100014844],[-80.41421499963329,33.994931000090126],[-80.41406700039362,33.99561699997627],[-80.4136239998045,33.9959690002798],[-80.41362800000246,33.996168000269435],[-80.41347900003954,33.996435999631196],[-80.41327499982503,33.99689900001034],[-80.41321999957347,33.99748200025574],[-80.41327400000014,33.997691000282835],[-80.41357699994883,33.99781099997338],[-80.41418000037152,33.99839799997668],[-80.41461899986435,33.998680999735654],[-80.41536100020417,33.99905899981423],[-80.41684499998556,33.99944899972818],[-80.41722900012512,33.99964799975823],[-80.41788799972598,33.99973800007526],[-80.4180249999933,33.99979699980108],[-80.41755899983798,34.00013300000814],[-80.41761900011247,34.001341000058176],[-80.41763900020393,34.001733999661006],[-80.4176939995572,34.00193999992026],[-80.41807900042,34.002328999857134],[-80.41841900017863,34.00254400004189],[-80.41989399973916,34.00347500016868],[-80.42102199986839,34.004391000053225],[-80.42123100010575,34.004456000302945],[-80.42191499982096,34.00457299973344],[-80.42198199976811,34.00475200013514],[-80.42202600014905,34.00492899991177],[-80.42204000039276,34.005092999968774],[-80.42206200013406,34.005231999682856],[-80.42205399973814,34.00534599992144],[-80.4220210001262,34.00562299966759],[-80.4219879996159,34.00576699982933],[-80.42192800023976,34.00594499983657],[-80.4218810003841,34.006172000371365],[-80.42188800005678,34.00627900008171],[-80.42190200030049,34.00634900016724],[-80.42195400017904,34.006506999829085],[-80.42204500041561,34.00665300018845],[-80.42221000027207,34.006880999676405],[-80.42253999998493,34.00735600011866],[-80.4227340001537,34.00767799967414],[-80.42279400042815,34.00784299972481],[-80.42280100010085,34.00792500033032],[-80.42281500034456,34.00800700011191],[-80.42286899987292,34.00808300003858],[-80.42293599982007,34.00816599975345],[-80.42301100016314,34.008209999793664],[-80.42314000003456,34.00827400001462],[-80.42323000044627,34.00834399994499],[-80.42332800035555,34.00846400022339],[-80.42342500043993,34.00859699989319],[-80.42363499960389,34.00892000003251],[-80.4237409999091,34.00907199967294],[-80.4238379999935,34.009185999969326],[-80.42406999979707,34.009403000064935],[-80.42445399993663,34.00988100000084],[-80.42459000037906,34.01009599968357],[-80.42472099990033,34.010337999707296],[-80.42514299967472,34.01090499993578],[-80.42517500036008,34.010958999831004],[-80.42521200017,34.01107399987953],[-80.42523300008641,34.01111899995325],[-80.42526999989632,34.01115600034345],[-80.42531299955404,34.01118899977228],[-80.425360000308,34.01121699968375],[-80.42539899976776,34.01125900027827],[-80.42561999970069,34.01159799995481],[-80.42582100044046,34.011895000252615],[-80.4260430001983,34.01219799974164],[-80.42621899992541,34.01242499994295],[-80.42643599966038,34.012681999776234],[-80.42658299997348,34.01286699964986],[-80.42723800027467,34.01377600010354],[-80.42733899965872,34.01386400030412],[-80.42738999971235,34.01389700016967],[-80.42748400032198,34.013943000254166],[-80.4275410002234,34.01396099982721],[-80.4277110001027,34.01398900031379],[-80.4279000002486,34.01400499984305],[-80.42810899958765,34.01403300031507],[-80.42818499975563,34.01405199988552],[-80.4282679995963,34.01407900032587],[-80.42836899987864,34.01413099966062],[-80.42846000011524,34.01420099997489],[-80.42849600010025,34.01423699975239],[-80.42855899984944,34.01431600009998],[-80.42881300029266,34.01468799978726],[-80.42907500023348,34.01508800020244],[-80.4292450001128,34.015330000145475],[-80.42962900025235,34.01585999998621],[-80.4299149995843,34.0163100003444],[-80.4289649997303,34.01627599993735],[-80.42888100006472,34.01709399995297],[-80.42885400030055,34.01739300033817],[-80.42882900018618,34.017688999749424],[-80.42872000040624,34.01895799998384],[-80.42858300013889,34.02054300010555],[-80.42856899989518,34.02092099966776],[-80.42856600042045,34.021018999996485],[-80.42856700024537,34.02120999990922],[-80.42858599961363,34.0216010000273],[-80.42860999990306,34.02183300002476],[-80.42866299960652,34.022197000167594],[-80.42867500020039,34.02227300004949],[-80.4287310002769,34.02253799992832],[-80.42880499989673,34.022808000035575],[-80.42883000001108,34.02289900028907],[-80.42891100020195,34.0231709998105],[-80.4290340002256,34.023547999676644],[-80.42918599966325,34.02401200030555],[-80.42939200042588,34.024643999725576],[-80.42948399958908,34.0249549997197],[-80.42957300017585,34.025322000269675],[-80.42965299964347,34.02568999985638],[-80.42971299991794,34.02605299996099],[-80.42972600033671,34.02612499987104],[-80.42990100023891,34.027488999779074],[-80.42999499995024,34.028216999867126],[-80.43030399974673,34.030551000126735],[-80.43034099955663,34.03074899965951],[-80.43035599962526,34.0308269997095],[-80.43039499998332,34.03108900023069],[-80.43045500025778,34.03148599985653],[-80.43073999976481,34.03338600003687],[-80.43083799967411,34.03403600014503],[-80.43088799990284,34.034344999661734],[-80.4310410000637,34.03528000001197],[-80.43144100009678,34.03773799980027],[-80.4315120002419,34.03813199963419],[-80.43159599990749,34.03850399989487],[-80.43170600041066,34.03894800020745],[-80.43179699974893,34.0392639999665],[-80.4319859998948,34.03984200032417],[-80.43209100037511,34.04012499965406],[-80.43269999974726,34.04156900001667],[-80.43335599987337,34.04304600005482],[-80.43350099963833,34.043385999723895],[-80.43359799972272,34.0436239999466],[-80.43365600034734,34.043784999937394],[-80.43376799960204,34.04413999976186],[-80.43387800010518,34.04466700009457],[-80.43391499991512,34.04492300014919],[-80.43393900020456,34.04507199963036],[-80.43401199999951,34.04551100008159],[-80.43405600038044,34.045695999848874],[-80.4340689999009,34.04574900029522],[-80.43414099987093,34.04599899998785],[-80.43422399971159,34.046219999787176],[-80.43431199957516,34.046421000357455],[-80.43451499996475,34.04679299998929],[-80.43469999991268,34.0470659999474],[-80.4350890000751,34.04760499987946],[-80.43543200020677,34.04809999992812],[-80.43557600014681,34.04830000015059],[-80.43565399996461,34.04842500005009],[-80.43579000040707,34.04863500006185],[-80.43597799982973,34.04891799982208],[-80.43771600005431,34.05182400000918],[-80.43868799964962,34.05354000028036],[-80.43887299959754,34.053832999984664],[-80.43916700022373,34.05433699973837],[-80.43925900028523,34.05452100005952],[-80.43931500036173,34.05463500033323],[-80.43946799962428,34.054996000312435],[-80.43953399974653,34.055167000079344],[-80.44048399960052,34.05761999976323],[-80.44057800021017,34.05784600026337],[-80.44088199998377,34.058578999978124],[-80.44140800041355,34.0597379997921],[-80.44156400004917,34.060153999683905],[-80.44174599962403,34.06071300025344],[-80.44184400043166,34.061088999768565],[-80.44197499995289,34.06162699964935],[-80.44206500036458,34.062057999890925],[-80.44216400009878,34.062530999947],[-80.44281400037713,34.06540400014645],[-80.44288600034714,34.06574000033584],[-80.4430169998684,34.06610499974268],[-80.44310100043232,34.06631899969544],[-80.44321500023511,34.0665419996414],[-80.44332999986284,34.066741000118746],[-80.4434749996278,34.06695499995349],[-80.44415199967032,34.06773399970406],[-80.44442399965689,34.06801899994692],[-80.44464799996287,34.06824300000538],[-80.44491999994943,34.06850300003492],[-80.44520199998173,34.06873800009068],[-80.44576600004635,34.06919599989678],[-80.4465719999603,34.06980400022399],[-80.44711699975834,34.07026000002437],[-80.4475779998908,34.07064499969104],[-80.4479579998324,34.071058000094226],[-80.44829099991831,34.071449999699155],[-80.44867199968482,34.07192799980773],[-80.44990100009638,34.07356299977949],[-80.4502330003574,34.07401499996629],[-80.45027699984001,34.0740819998184],[-80.45037099955135,34.07422799997883],[-80.45051600021462,34.07447699971268],[-80.45069399959154,34.07476200033852],[-80.450866000019,34.07475399997897],[-80.4509920004157,34.07474300022745],[-80.45137499983201,34.07468199968528],[-80.4515000004038,34.074654999931404],[-80.4516059998107,34.07461600035438],[-80.45166500026025,34.074588999835434],[-80.45193600042191,34.07436899964009],[-80.45200199964583,34.0742969997632],[-80.45207500033906,34.07420400023476],[-80.45212100036981,34.0741269999558],[-80.452140999563,34.074050000350965],[-80.45216099965448,34.07389099991151],[-80.45214800013402,34.073775000127924],[-80.45207500033906,34.073560999661375],[-80.45197599970655,34.073313000273295],[-80.45197599970655,34.07319200012532],[-80.45198199955435,34.07305500025345],[-80.45198900012534,34.07301100035616],[-80.45198199955435,34.07294499972337],[-80.45200199964583,34.07279099978302],[-80.45199599979804,34.072735999736516],[-80.45200900021683,34.07262600028045],[-80.45210100027835,34.07221899978597],[-80.45215399998179,34.072021000346716],[-80.45217999992104,34.071965999800234],[-80.45227899965525,34.07180100017896],[-80.4523520003485,34.07169699999551],[-80.45243799966391,34.071609000255684],[-80.45261000009135,34.07144399993908],[-80.45272200024436,34.07137800031769],[-80.45288100025302,34.07131199990082],[-80.452985999835,34.071279000045166],[-80.45318400020173,34.07122900019431],[-80.45325000032395,34.071202000083964],[-80.4534160000053,34.07115799996836],[-80.4536339995652,34.07113600027405],[-80.45403199994847,34.07113999988067],[-80.45410300009358,34.07114099996834],[-80.45422199991926,34.071152000187595],[-80.45466399978514,34.07122399976113],[-80.45482899964158,34.071239999658005],[-80.45515300040499,34.071202000083964],[-80.4553580004444,34.071202000083964],[-80.45554300039232,34.07120699977431],[-80.45587300010521,34.071239999658005],[-80.45591300028819,34.071262000069424],[-80.45634900030628,34.07130000036069],[-80.45650099974392,34.071306000130974],[-80.45679199999707,34.0712949999317],[-80.45687099963978,34.0712949999317],[-80.45700299988425,34.07127300027298],[-80.45722800001515,34.071196000306315],[-80.45733299959714,34.07114599966227],[-80.45743200022966,34.07109100003596],[-80.4574980003519,34.07103599962988],[-80.45753799963654,34.07093199999548],[-80.45756399957583,34.07084400020515],[-80.4575970000861,34.070794000097486],[-80.45769699964522,34.070706000163796],[-80.45773600000327,34.07067899988677],[-80.45785499982897,34.070618000138694],[-80.45806599971615,34.07051899972218],[-80.45809300037865,34.07051399999117],[-80.45820499963334,34.07046399968881],[-80.45840300000005,34.070360000096365],[-80.45845599970349,34.070326999869835],[-80.45865400007021,34.070172999635105],[-80.45869400025319,34.070123999975245],[-80.45873400043617,34.07010699976769],[-80.4587529998044,34.07003600008969],[-80.45879299998738,34.06998600024936],[-80.45885200043693,34.069892999708735],[-80.45890500014038,34.06974999983054],[-80.45896500041484,34.06956800004233],[-80.45900399987458,34.06941399991617],[-80.459208999914,34.06901800011351],[-80.45928199970892,34.06880400028038],[-80.45934100015847,34.068573000135494],[-80.45937399977042,34.06848000027626],[-80.45948000007564,34.068270999692004],[-80.4596249998406,34.0680009999364],[-80.45969799963554,34.06790800019347],[-80.45982300020731,34.06781400022152],[-80.45994899970569,34.0677370000876],[-80.46016700016389,34.06763800002528],[-80.4602790003169,34.06758300035405],[-80.46048400035632,34.067457000296194],[-80.46068199982471,34.06735199985683],[-80.46096600040516,34.067220000140345],[-80.4611179998428,34.06714300021083],[-80.46123699966849,34.06706100027651],[-80.46148100006596,34.0668519999127],[-80.46172600028835,34.06665899979543],[-80.4619830002063,34.06642799975566],[-80.46222699970546,34.06623600030645],[-80.46237300019365,34.06614800010347],[-80.46250500043811,34.06609300020922],[-80.46268299981503,34.066004999857654],[-80.46285500024248,34.06592800031228],[-80.46290100027323,34.06587800028011],[-80.46296099964938,34.06586700012022],[-80.46314599959732,34.065730000309564],[-80.46322500013834,34.06565799978792],[-80.46326399959808,34.065647000343695],[-80.46328399968958,34.065598000298756],[-80.46334999981181,34.06552599966495],[-80.46346299978971,34.06538900004715],[-80.46362099997346,34.06522900031081],[-80.46379300040091,34.06509700026372],[-80.46393800016587,34.06501499983774],[-80.46408299993082,34.064959999952265],[-80.46430100038903,34.06493199991569],[-80.4644329997352,34.06490500003109],[-80.46449300000965,34.06488300020147],[-80.46455900013189,34.064850000074216],[-80.46479000011057,34.06467899975019],[-80.46551700038181,34.06409100029813],[-80.46560900044331,34.064030000272005],[-80.4657149998502,34.06397499974716],[-80.46575400020828,34.06394800030186],[-80.46585399976739,34.063892999723784],[-80.46606499965458,34.06379399963528],[-80.4662560003486,34.063688999865946],[-80.46655400027443,34.06350799988734],[-80.46672499997867,34.063414000243405],[-80.46682399971286,34.06334300016617],[-80.46702299990449,34.06322700007966],[-80.46713500005747,34.063178000123735],[-80.46734599994468,34.06310599966628],[-80.46758399959604,34.06301799993359],[-80.4677490003508,34.06295199970206],[-80.46790099978845,34.062859000371006],[-80.46803300003293,34.062743000366105],[-80.46812599991935,34.06263299984274],[-80.46815199985863,34.06258400028756],[-80.4681719999501,34.06248500015815],[-80.46810599982788,34.062260000313394],[-80.46809900015518,34.06218799982012],[-80.46812500009443,34.06191900022686],[-80.46810500000296,34.06181400036695],[-80.4680659996449,34.06168200020966],[-80.4679469998192,34.06152799989035],[-80.46788099969697,34.06145699972136],[-80.46776199987127,34.061357999763764],[-80.4676299996268,34.061193000321694],[-80.46760299986262,34.06114900021776],[-80.46757000025066,34.06106699969247],[-80.46756299967964,34.0610059997222],[-80.46757000025066,34.06095100021156],[-80.46765599956608,34.06073100032362],[-80.46765599956608,34.060681999668724],[-80.4676430000456,34.06054999998088],[-80.46764899989337,34.060440000332044],[-80.46782100032082,34.059956000329954],[-80.4679459999943,34.05976899997789],[-80.46798600017728,34.05974700030332],[-80.46802600036024,34.059709000040144],[-80.46824300009521,34.0596260001307],[-80.46832299956284,34.05960399967484],[-80.46844200028684,34.05959900004401],[-80.46856699996032,34.059609000049555],[-80.46889699967319,34.059659000059625],[-80.46899600030571,34.05968600012719],[-80.46929400023154,34.05981799967226],[-80.4696640001274,34.06002700026797],[-80.46981599956504,34.06011999972997],[-80.46988800043339,34.06015900002617],[-80.46997399974879,34.06019700008758],[-80.47008699972669,34.06024099994155],[-80.47018600035922,34.06026900003971],[-80.4703110000327,34.06028000018206],[-80.47044300027719,34.06026900003971],[-80.47054200001136,34.06024099994155],[-80.47087900029527,34.060086999980584],[-80.47095899976289,34.060054000218315],[-80.47105800039542,34.05999399973816],[-80.47128199980308,34.059811999832725],[-80.4713610003441,34.059730000246454],[-80.47142699956804,34.05964700035756],[-80.47156600038352,34.05942199967609],[-80.47168500020922,34.05915799989113],[-80.47181699955537,34.05877300012606],[-80.47192200003569,34.058602000191485],[-80.47194899979985,34.05858000021399],[-80.4719880001579,34.058536000241965],[-80.47217999977853,34.058370999771185],[-80.47222599980928,34.05833800008501],[-80.4722330003803,34.05832099974552],[-80.4722330003803,34.05829999993434],[-80.47228600008374,34.05828900027924],[-80.47266199982738,34.0579920001212],[-80.4727680001326,34.05787600015276],[-80.47299900011126,34.057655999725185],[-80.47318400005919,34.05753599979256],[-80.47334899991564,34.057452999987824],[-80.47338200042593,34.05744200022281],[-80.473810999873,34.05722200015725],[-80.4739299996987,34.05714500007379],[-80.47419400018765,34.05693599981374],[-80.47428000040136,34.05683099973428],[-80.47431899986111,34.05677099994946],[-80.47442500016632,34.05655099963078],[-80.47445100010559,34.056441000001534],[-80.47447100019708,34.05619899971939],[-80.47444500025782,34.05605099996292],[-80.47439800040215,34.05589099971424],[-80.47428600024917,34.05569300007683],[-80.47412100039273,34.05543000011395],[-80.47402199976021,34.05522100009075],[-80.4740019996687,34.05515499974139],[-80.47399499999602,34.05504499978905],[-80.47401500008749,34.05476400020338],[-80.47398800032332,34.05448899990294],[-80.47398199957723,34.05432399974105],[-80.47398800032332,34.05417599968796],[-80.47401500008749,34.05408299965817],[-80.47405400044558,34.05400000019365],[-80.47411999966948,34.053906999970785],[-80.47431200018842,34.053730999918],[-80.47441099992261,34.05368699966166],[-80.47469499960475,34.053593000289204],[-80.47474099963551,34.053588000303805],[-80.4749790001852,34.05358700000898],[-80.47514400004164,34.053593000289204],[-80.47562600009049,34.053659000366196],[-80.47565899970246,34.05365300009069],[-80.47617400026158,34.05370799987141],[-80.47620100002574,34.0537249996476],[-80.47631999985146,34.05375200011686],[-80.47654400015743,34.05385100002746],[-80.47671599968656,34.05390599967971],[-80.47682199999177,34.05393300009139],[-80.4770200003585,34.05396600000397],[-80.47717799964393,34.0539720002573],[-80.4773169995611,34.053961000040566],[-80.47740299977482,34.0539499998224],[-80.47769999987575,34.053867000227655],[-80.47787800015098,34.05381199980583],[-80.47792500000665,34.053801000312596],[-80.47796400036471,34.053801000312596],[-80.47801000039546,34.05371299984973],[-80.47810999995455,34.05356399992332],[-80.47823499962804,34.05340999973923],[-80.47843299999475,34.05323999970405],[-80.47856500023924,34.05310300032075],[-80.47875000018716,34.052783999861155],[-80.47878899964691,34.052717999847225],[-80.47888200043162,34.05259099970959],[-80.47911300041031,34.05237700007289],[-80.47921200014451,34.05227799992952],[-80.47927099969576,34.052178999670545],[-80.47929800035824,34.05208000004025],[-80.47932400029751,34.051952999691146],[-80.47935000023678,34.05161800023696],[-80.47936399958218,34.05154599963483],[-80.47940999961293,34.0514030000564],[-80.47946900006247,34.05127699975956],[-80.47960799997963,34.05109000035602],[-80.47962800007113,34.05107300005151],[-80.47972699980534,34.05096300001249],[-80.47987199957029,34.050775999916375],[-80.47996399963179,34.05063900027275],[-80.47997899970042,34.05062599970836],[-80.48004300017283,34.05054000033272],[-80.480069999937,34.05049599990881],[-80.48024099964124,34.05027100024271],[-80.4802809998242,34.05023700004609],[-80.48044599968064,34.049994999916244],[-80.48058499959781,34.04974300016032],[-80.48075000035256,34.04945699989023],[-80.48084099969086,34.04927400008833],[-80.48086800035335,34.049220000010315],[-80.48090099996531,34.04913799985365],[-80.48091500020901,34.049066000122686],[-80.480907999638,34.04903499974417],[-80.48089500011753,34.04897299969739],[-80.48088800044482,34.04892300008283],[-80.48096100023977,34.04876899965577],[-80.48101999979099,34.04868699980721],[-80.48109299958593,34.048614999693264],[-80.48112600009621,34.04856000033004],[-80.48115899970817,34.048532999695816],[-80.48119200021844,34.04851600036719],[-80.48123099967819,34.04847199963716],[-80.48144300028862,34.04828500000142],[-80.4814559998091,34.04826300032367],[-80.48148900031937,34.048252000110445],[-80.48182499988003,34.04798799977612],[-80.48189199982718,34.04795499976955],[-80.48214200007244,34.0478510000934],[-80.48216899983663,34.04784500015117],[-80.4822090000196,34.0478230003592],[-80.4824070003863,34.04776300015334],[-80.48248600002903,34.04772400010841],[-80.48250299974747,34.04771099984131],[-80.48255200015126,34.047685999665624],[-80.48260499985471,34.04760899985233],[-80.48266400030425,34.04751000009595],[-80.48274299994698,34.047322999827266],[-80.48277599955892,34.04721799975036],[-80.4828159997419,34.0471139999146],[-80.48284900025219,34.04705900032205],[-80.48291500037442,34.04697599993559],[-80.48303400020012,34.046865999791514],[-80.48317200029237,34.046799999636555],[-80.48333700014882,34.046750999860464],[-80.48339700042328,34.04671200009437],[-80.48354200018821,34.046602000352145],[-80.48360099973945,34.04654699968316],[-80.4838789995738,34.04638199969523],[-80.48393800002334,34.04633800009085],[-80.48398400005411,34.04631100023769],[-80.48414300006276,34.0462500000692],[-80.4843999999807,34.04620099997528],[-80.4846250001116,34.046106999746186],[-80.48487600018179,34.0459090003323],[-80.4849620003955,34.045847999874574],[-80.48506100012969,34.04579300020522],[-80.4853640000784,34.04565599995349],[-80.48549600032288,34.04557899978545],[-80.48554300017855,34.045540000224726],[-80.48573399997427,34.04544699965378],[-80.48582000018799,34.04542499998401],[-80.4860050001359,34.04541400014701],[-80.48610399987011,34.045418999870066],[-80.48647999961375,34.0454850003556],[-80.48655300030698,34.04549000007445],[-80.48661900042924,34.0454850003556],[-80.48699599999779,34.045401999917125],[-80.48711399999857,34.04539700019308],[-80.4875109996586,34.04540800003228],[-80.48766899984233,34.04542900005972],[-80.48779500023903,34.045435000172965],[-80.48789999982102,34.045435000172965],[-80.48796599994326,34.04540699964093],[-80.48798000018697,34.04539100007715],[-80.48803200006549,34.045363000275],[-80.48807899992117,34.04532500026286],[-80.48813800037071,34.04524799979424],[-80.48816400030998,34.045160000130146],[-80.48817799965536,34.04506099974753],[-80.48821100016565,34.04498900027636],[-80.4882429999527,34.044944999949195],[-80.48826999971688,34.04492300014919],[-80.4883690003494,34.04487400003278],[-80.48847499975629,34.04484600005992],[-80.48867300012301,34.04481300031923],[-80.48869900006227,34.04480799981611],[-80.48871199958275,34.04480199965849],[-80.48891699962216,34.04476400013931],[-80.48909499989739,34.044703000346644],[-80.48923399981456,34.044636999996875],[-80.48944499970176,34.04458200028644],[-80.48969599977193,34.04457100034004],[-80.49001999963703,34.044559999647916],[-80.49040299995167,34.04450999966423],[-80.49067400011333,34.0444989997085],[-80.49082599955098,34.04450999966423],[-80.4911159999792,34.0445870000586],[-80.49120200019291,34.044598000002864],[-80.49169099991447,34.04462499965708],[-80.49174399961792,34.04463099982717],[-80.49182999983164,34.04464100010976],[-80.4920669996581,34.04468499985036],[-80.49219899990258,34.04470199994703],[-80.49236499958394,34.04469100001619],[-80.49260200030872,34.04463600034079],[-80.49268199977634,34.04463000017106],[-80.49276100031737,34.04463600034079],[-80.49295899978578,34.04467399991733],[-80.49321700042695,34.044745000001186],[-80.49373200008777,34.04483300009595],[-80.49398300015794,34.04487100032857],[-80.49416800010586,34.04490400004663],[-80.49453100032902,34.04494799965078],[-80.49502599989835,34.04495900029258],[-80.49520499999848,34.04498599983187],[-80.49548899968062,34.04505800004992],[-80.49564100001659,34.045090999695226],[-80.4958390003833,34.045117999936835],[-80.49623500021843,34.04513999968624],[-80.49633399995261,34.045156000041736],[-80.49636699956459,34.045156000041736],[-80.49681600000147,34.045226999722],[-80.49727899978375,34.04536500031431],[-80.49739099993674,34.04538099988301],[-80.49747700015047,34.04537000004031],[-80.49784000037363,34.045304000209654],[-80.49799900038228,34.045260000045865],[-80.49807800002499,34.045226999722],[-80.49813099972843,34.04519899986568],[-80.49830900000367,34.0450669998868],[-80.49840799973788,34.0449850001799],[-80.4985070003704,34.04492999995081],[-80.49854699965506,34.04490199999645],[-80.49871099968657,34.04477000029961],[-80.49897500017553,34.04451700024431],[-80.49910099967393,34.04445099974978],[-80.49923999959108,34.044400999701786],[-80.49931900013213,34.044389999731955],[-80.49954300043811,34.04436799978798],[-80.4995700002023,34.04436799978798],[-80.49967499978428,34.04436300000292],[-80.49978100008948,34.04437899976066],[-80.49986200028034,34.04437800010158],[-80.49994799959575,34.04438900007296],[-80.50004700022828,34.04437300031711],[-80.50034400032918,34.04425799998252],[-80.50072699974552,34.044031999731416],[-80.5008730002337,34.04391199986711],[-80.50101100032595,34.04378000011801],[-80.5011970000988,34.04356000032763],[-80.50152699981167,34.04310899964317],[-80.50184200035426,34.04287800017928],[-80.50191699979902,34.04282300007236],[-80.50198299992125,34.04279599984449],[-80.50202899995202,34.04274699998782],[-80.50208900022646,34.04273000024362],[-80.50234000029664,34.04257099984387],[-80.50253100009235,34.04247200016065],[-80.50261099955998,34.04240600030764],[-80.50272299971296,34.04236200012898],[-80.50308000008833,34.04213100011912],[-80.50314600021059,34.04211499993726],[-80.5033370000063,34.042015999721734],[-80.5038659999108,34.04181299975302],[-80.50431500034767,34.04167599977089],[-80.50468500024354,34.041527000277995],[-80.50484400025219,34.0414010001928],[-80.50491000037445,34.041230999899376],[-80.5049560004052,34.041181000186086],[-80.50492999956761,34.04092799984507],[-80.5049630000779,34.04067000023532],[-80.50514200017803,34.040054000168674],[-80.50526699985151,34.0398069999548],[-80.50546600004313,34.0394770002282],[-80.50561099980808,34.039377999911025],[-80.50574999972525,34.03931799968508],[-80.5060340003057,34.03926300024708],[-80.50629100022367,34.039285000026595],[-80.50654200029382,34.03932900031277],[-80.50746700003344,34.039664999647854],[-80.50775099971558,34.03980799966781],[-80.5080810003268,34.040021999762615],[-80.508252000031,34.040105000255856],[-80.50842399956014,34.04017099966635],[-80.50861500025417,34.040177000151544],[-80.50887999966972,34.040126999816906],[-80.50901199991421,34.04006099962783],[-80.50981700000324,34.039835999815274],[-80.51010200040858,34.039819999944804],[-80.5105180003352,34.03980400007136],[-80.51074900031388,34.03976000003153],[-80.51145599959531,34.03940799963584],[-80.51169300032008,34.03927600032053],[-80.51193799964416,34.03905600001254],[-80.51217600019386,34.038694000178964],[-80.51234100005028,34.03832499994306],[-80.51250699973164,34.037819999814445],[-80.51261899988464,34.03752300015823],[-80.51271799961883,34.03739600033869],[-80.51300200019926,34.03719299973405],[-80.51376200008247,34.036765000362124],[-80.51396700012188,34.03660500019542],[-80.51404599976459,34.03650600024819],[-80.51415899974252,34.036226000020164],[-80.51421800019205,34.03588500017715],[-80.51440300013996,34.035231000279765],[-80.51441700038369,34.03509899967532],[-80.51448900035369,34.03492900015078],[-80.51482699956418,34.03449399986002],[-80.51546699979679,34.03397199999124],[-80.51563900022423,34.033872999948976],[-80.51568500025498,34.03381799995831],[-80.51575100037724,34.03379099984159],[-80.51587000020291,34.03368699991815],[-80.51591000038589,34.033675000262356],[-80.51594999967054,34.033620999929255],[-80.51601599979277,34.03359299996354],[-80.51606199982355,34.03353300011233],[-80.51612799994578,34.03349999969213],[-80.51626000019024,34.033395000367896],[-80.51647799975014,34.03327399980844],[-80.51677499985107,34.033176000231734],[-80.51678900009478,34.03315400035676],[-80.51687399958526,34.033142999672734],[-80.51719099977767,34.03302200024279],[-80.51729700008289,34.03297200015721],[-80.51736999987781,34.0329119998668],[-80.51753499973425,34.032839999760064],[-80.51778599980442,34.032802000092666],[-80.51787200001816,34.03275800014311],[-80.51798400017114,34.03275299967365],[-80.51818900021055,34.0327800001207],[-80.51834700039429,34.032830000319436],[-80.5184329997097,34.03288999992337],[-80.51916599982872,34.033567000306185],[-80.51934400010396,34.03368799970328],[-80.51944299983816,34.03372599971824],[-80.51954900014339,34.033737000326724],[-80.51976000003057,34.0336820002479],[-80.51988499970402,34.033561000097784],[-80.52003100019222,34.033319999813806],[-80.5201430003452,34.03320400033507],[-80.52040699993586,34.033122000325406],[-80.52051300024105,34.033044999944636],[-80.52065200015824,34.03289600017923],[-80.52081700001467,34.0327870001801],[-80.52092300031988,34.032758999939134],[-80.52107399993264,34.03275400021419],[-80.52116699981904,34.0327870001801],[-80.52125899988056,34.03284200009469],[-80.52145700024727,34.03299599966597],[-80.52168800022595,34.0331279998204],[-80.5221839996202,34.03331500012192],[-80.5223819999869,34.033407999851676],[-80.52273799963906,34.033666999746465],[-80.52297600018875,34.03378799974534],[-80.52308099977073,34.03381499986307],[-80.5237610001863,34.033865000196215],[-80.52395299980691,34.03394800001418],[-80.52450699982577,34.03429999999001],[-80.5248380002619,34.034459000261634],[-80.52508799960883,34.03452500034304],[-80.52520099958676,34.03453600010347],[-80.52537899986197,34.034519999977725],[-80.52583499997155,34.03474000013931],[-80.52618399995102,34.03493800031805],[-80.52638300014263,34.035010000133084],[-80.52652100023491,34.035010000133084],[-80.52656499971752,34.035010000133084],[-80.52686400036657,34.03505100035202],[-80.52690700002428,34.03505399965917],[-80.52703699972062,34.035046000017715],[-80.52712299993435,34.03503300004048],[-80.52724500013308,34.03499599963619],[-80.5274719999138,34.03489000015922],[-80.52750799989882,34.03487000027114],[-80.52768799982387,34.03471400008902],[-80.52771399976315,34.034685999739644],[-80.52793899989405,34.034386000202],[-80.5278939996882,34.03424800035627],[-80.5278660000991,34.034035000364064],[-80.52784699983253,34.03396500002963],[-80.52782500009123,34.033786999961386],[-80.52780699964956,34.03371700016683],[-80.52792899984829,34.03361399993869],[-80.52804199982621,34.03350500011757],[-80.52816900004781,34.033407000063235],[-80.52828000037589,34.033350000192264],[-80.52831899983563,34.03333499963214],[-80.52836099966844,34.03332399971604],[-80.52849100026309,34.03332200013717],[-80.52853300009589,34.03333200026426],[-80.52864600007379,34.03338600003687],[-80.52871600039397,34.033428999872605],[-80.52874599963289,34.033455000316714],[-80.52886600018181,34.03360399984483],[-80.52888700009821,34.033634999908614],[-80.52893499977878,34.03373500001315],[-80.52899000003038,34.03383199990517],[-80.52903799971095,34.03396999968326],[-80.52906600019837,34.03414700033227],[-80.52906799984818,34.034195000167],[-80.5291609997346,34.034287999676536],[-80.52920500011552,34.03434900026003],[-80.5292389995524,34.03441499968256],[-80.5292729998876,34.0345190002024],[-80.52931800009343,34.03461999978351],[-80.52933900000981,34.03468899980409],[-80.5293509997054,34.03476000005802],[-80.52937699964465,34.03508100011835],[-80.52938400021566,34.035116000204546],[-80.52942699987337,34.03517899972781],[-80.52951999975978,34.035340000116506],[-80.52958500005711,34.03543400036865],[-80.52966000040018,34.035562999673964],[-80.5297239999743,34.035696000062316],[-80.52998000006734,34.036029000371954],[-80.53000799965642,34.03605700027802],[-80.53010700028892,34.03613799992777],[-80.53013200040328,34.03616700029822],[-80.53014499992378,34.03619699966988],[-80.5301459997487,34.03622999978532],[-80.53013200040328,34.03629699973207],[-80.53005899971004,34.03647300024012],[-80.53003399959569,34.03654299999388],[-80.53000299963355,34.03675599964426],[-80.53001000020457,34.03686300025938],[-80.53016500001526,34.03707899983058],[-80.53037300042772,34.03735199979415],[-80.53047299998684,34.037469999781884],[-80.53071099963819,34.03777000032361],[-80.53078900035432,34.0377999998728],[-80.53103600022654,34.03787299997211],[-80.53131999990866,34.037965999915926],[-80.53151599972725,34.03801600003563],[-80.53169999985025,34.03821699995162],[-80.5318150003763,34.038324000212576],[-80.53197400038496,34.038445999997585],[-80.53204999965462,34.038481999912854],[-80.53217000020354,34.03852500014306],[-80.53233400023508,34.03857400020577],[-80.5327519998115,34.038677000366796],[-80.53310900018688,34.03874500033949],[-80.53318500035485,34.038873999820495],[-80.53327099967026,34.03903900027292],[-80.53329900015767,34.039106000234135],[-80.53336899957957,34.03931300034671],[-80.53340299991474,34.03952599974096],[-80.53342499965606,34.039637000188335],[-80.53378200003145,34.039759000317964],[-80.53385900002434,34.03979199979205],[-80.53397000035241,34.03984899980083],[-80.53411000009449,34.039933000174905],[-80.53421899987444,34.039992999965726],[-80.53454299973954,34.040031000133915],[-80.53540300008015,34.040031000133915],[-80.53542399999655,34.03984599991889],[-80.53545900015665,34.03962900023468],[-80.53555299986799,34.03921800020672],[-80.53563800025681,34.03894899993058],[-80.53574700003675,34.03863499994043],[-80.53580899996102,34.038426999932774],[-80.53601300017552,34.037734000106155],[-80.53611000025991,34.037409999695065],[-80.5363570001321,34.03654399974535],[-80.53672299983,34.03532499990824],[-80.5367570001652,34.03521699981935],[-80.53686400029531,34.03487799992919],[-80.53692200002163,34.03469199986848],[-80.53698899996878,34.03447799972634],[-80.53711299981734,34.034066000270315],[-80.53717300009181,34.033823000365004],[-80.53727299965092,34.033417000180314],[-80.53733100027554,34.03307799979735],[-80.53738599962881,34.032758999939134],[-80.5374190001391,34.03255799974624],[-80.53741999996402,34.032546999729334],[-80.53752600026922,34.03178599997105],[-80.53757999979759,34.031395999689764],[-80.53781999999708,34.02985499974932],[-80.5379260003023,34.029171999751405],[-80.53805199980069,34.02835899998059],[-80.53822099985508,34.027275999941665],[-80.53823000007591,34.0272140003674],[-80.53833100035827,34.02653299969644],[-80.53838800025964,34.02614799995351],[-80.53848899964368,34.02546800028853],[-80.53897999991337,34.022205000275946],[-80.53942400032739,34.01925799971519],[-80.53947299983285,34.018897000248806],[-80.53981299959149,34.01663100020953],[-80.53991700024687,34.01593500033566],[-80.54019900027917,34.014060000016904],[-80.54044399960324,34.01242399990732],[-80.54048899980909,34.01198300016895],[-80.54050499970262,34.011831999824985],[-80.54054999990846,34.01139899962781],[-80.540609000358,34.01063800011468],[-80.5406150002058,34.010556999952755],[-80.54062899955117,34.010371000198646],[-80.54063600012219,34.0102840001618],[-80.54066999955907,34.0098180003128],[-80.54070999974203,34.009297999967814],[-80.54071800013796,34.009188000116886],[-80.5407220003359,34.00911100035984],[-80.54077699968919,34.00808099986505],[-80.5407850000851,34.00672899983757],[-80.54080000015372,34.00556699986977],[-80.54080000015372,34.00541899964116],[-80.54080099997863,34.004979000135236]]]},"properties":{"GEOID":"45085000202","TRACT":"000202","NAME":"Census Tract 2.02","county_name":"Sumter","aland_sqkm":71.1673,"is_greater_area":true,"pop_2020":7762,"pop_2010":5695,"has_2010":true,"growth_pct":20.4,"growth_abs":1163,"density_per_sqkm":96.4,"pct_nonwhite":55.9,"median_income":70361,"median_age":31.0,"median_home_value":185800,"median_gross_rent":1224,"poverty_rate":11.1,"pct_bachelors_plus":22.5,"unemployment_rate":11.2,"pct_wfh":3.4,"total_housing_units":3093,"vacancy_rate":4.3,"owner_occ_rate":69.9,"pct_single_family":83.6,"median_year_built":1997,"pop_2014":6576,"pop_2015":6856,"pop_2016":6952,"pop_2017":7233,"pop_2018":7540,"pop_2019":6869,"pop_2021":7388,"pop_2022":7521,"pop_2023":7419,"pop_2024":7932}},{"type":"Feature","geometry":{"type":"Polygon","coordinates":[[[-80.40680700042198,33.76788000020713],[-80.4068080002469,33.767737000357585],[-80.40679300017828,33.76741600032757],[-80.40677800010967,33.767287000172246],[-80.40676999971375,33.76716599999473],[-80.4067160001854,33.76696500001967],[-80.4065479999559,33.76655000024399],[-80.40582900008059,33.764833999993655],[-80.40344099957765,33.75921699967449],[-80.40334900041447,33.758980999655215],[-80.40320700012424,33.75860200032479],[-80.40313099995626,33.75835899989025],[-80.40308999994839,33.75817299992202],[-80.40304800011559,33.75800900032197],[-80.40301600032853,33.75782999985384],[-80.40296699992471,33.757501999774405],[-80.40224100037672,33.75337199964643],[-80.4021819999272,33.753016000072],[-80.4020570002537,33.75227899992274],[-80.40200299982705,33.75207599993225],[-80.4019359998799,33.751904999876395],[-80.40191300031367,33.75186299988914],[-80.40184999966617,33.751743999813534],[-80.40174599990908,33.75156800003913],[-80.40138600005898,33.75099199967747],[-80.4012129998066,33.750715999860205],[-80.4007530003974,33.74999999981894],[-80.40057599994708,33.74973999965955],[-80.40036199968684,33.74945399969411],[-80.4001769997389,33.74925599967631],[-80.40010300011905,33.74918300009764],[-80.39982600010961,33.748970000337394],[-80.39924699997638,33.74851199980099],[-80.39760599983619,33.747261999747735],[-80.3972689995523,33.7470160002949],[-80.39718099968874,33.746956000193755],[-80.3969930002661,33.746864000006994],[-80.39698800024321,33.74900399987522],[-80.3969870004183,33.75003599995127],[-80.39703099990092,33.75542600033833],[-80.39704900034258,33.75756700016536],[-80.3970509999924,33.757842000297494],[-80.39705699984019,33.75866699988172],[-80.39706000021324,33.75894300024329],[-80.39710500041907,33.76463800031141],[-80.39713100035834,33.76782099969238],[-80.38336700010034,33.769794000035674],[-80.37772999982727,33.77060299987374],[-80.37758900026027,33.77062399975954],[-80.37542300041352,33.77106699967086],[-80.3748030002724,33.77119400034731],[-80.36843899972808,33.77207599996939],[-80.3661089998498,33.772399000197744],[-80.36535399998948,33.772512999899746],[-80.36514599957701,33.77254400021171],[-80.36225699965699,33.77298099999514],[-80.36129500010742,33.773126999629405],[-80.36021999968166,33.77327699993556],[-80.35699799967568,33.773728999728114],[-80.35592399997313,33.77388000032351],[-80.35554900005441,33.773935000256635],[-80.35442500012316,33.77410399997961],[-80.35405100002933,33.774160000362166],[-80.35249899957758,33.77438800015506],[-80.34784300001895,33.77507599971648],[-80.34629200029043,33.77530599972457],[-80.34430700019362,33.77559900035671],[-80.33835199990324,33.77648199999796],[-80.33636799963135,33.77677699997312],[-80.33503299981288,33.776974000076756],[-80.33102800035752,33.77756800007638],[-80.32969400036397,33.7777659996587],[-80.3294719997078,33.77779800011392],[-80.328808999909,33.77789700006979],[-80.32858799997605,33.77793000027851],[-80.32698500036898,33.77817000032829],[-80.3221780002993,33.778891999758784],[-80.32057599961884,33.779132999888255],[-80.31882700042193,33.77939500006216],[-80.31358400033415,33.78018100025541],[-80.3118360000638,33.780443999983454],[-80.30879399998291,33.78088399983778],[-80.29966799974017,33.78220799978169],[-80.2966270003825,33.78264999977497],[-80.29564099964517,33.78279500035696],[-80.29268700032613,33.78323100037052],[-80.29170200031203,33.78337699970777],[-80.29167200017478,33.78338100015661],[-80.29158599996107,33.78339300000866],[-80.29155699964876,33.783398000195376],[-80.29152999988459,33.78339300000866],[-80.29145200006677,33.78337899993218],[-80.29142600012752,33.7833750002299],[-80.28881800041488,33.78374799984933],[-80.28099600002845,33.78486799988095],[-80.27838900014072,33.78524200018097],[-80.2783239998434,33.78525000015754],[-80.27813200022278,33.78527799969645],[-80.27806799975035,33.78528799984954],[-80.27756700033325,33.78535899985754],[-80.27606799958494,33.78557399970156],[-80.27556799999276,33.785645999931454],[-80.27526599986896,33.78568999995924],[-80.27436000039592,33.78582300036384],[-80.27405900009703,33.78586800001048],[-80.27452500025234,33.786555999942586],[-80.27504699958584,33.786945000276184],[-80.27556799999276,33.787129000369156],[-80.27647299964089,33.787198000208804],[-80.2768020004272,33.787174999770684],[-80.2770490002994,33.78738100006595],[-80.27713100031517,33.787586999865624],[-80.27724099992001,33.78767899964505],[-80.2772679996842,33.787861999967454],[-80.27740499995154,33.7882520000228],[-80.27748699996731,33.788664000161816],[-80.27754200021889,33.788733000257665],[-80.27762500005957,33.78893899979103],[-80.27792600035846,33.78923699992056],[-80.27888600025818,33.78976400009856],[-80.28039500015392,33.790223000091174],[-80.28275400034454,33.79136799989861],[-80.28291900020096,33.791481999737634],[-80.2836320002285,33.79223799997605],[-80.28407099972132,33.79237600032408],[-80.28423599957776,33.79260600016094],[-80.28586099982446,33.79366599979733],[-80.28621800019984,33.79380600006399],[-80.2869069999379,33.79438200007474],[-80.2872369996508,33.794542999910945],[-80.28756800008689,33.79486599977274],[-80.28875300011755,33.795925000201024],[-80.28919400015849,33.79645400018825],[-80.2898560001324,33.79735099983556],[-80.2901869996702,33.797904000085715],[-80.29029799999829,33.79820299992889],[-80.290384000212,33.79923799964689],[-80.29057699965755,33.7996280001347],[-80.29156900024263,33.80073399973815],[-80.29251400007377,33.80156300018883],[-80.29266800005955,33.80169700009397],[-80.29328599965251,33.80248600014387],[-80.29363399980707,33.80316399984504],[-80.29376299967849,33.80375100006896],[-80.29387099963353,33.803909000207],[-80.29397600011383,33.80422500035437],[-80.2941920000239,33.80442799995864],[-80.29427400003965,33.80481699970067],[-80.29460299992762,33.80516099998139],[-80.29575600017122,33.80564200000596],[-80.29666099981935,33.80609999973399],[-80.29745699968757,33.8066729999721],[-80.29767599997069,33.80699399991754],[-80.29770299973487,33.808254000151805],[-80.29797800009447,33.80878099969112],[-80.29852700009046,33.80921600004367],[-80.29912999961483,33.8094910000778],[-80.30088600028108,33.8100409997335],[-80.30179199975414,33.81020099979728],[-80.30261500028483,33.810109999765054],[-80.30330099964988,33.81013300001201],[-80.30401500040063,33.81043100025109],[-80.30522200017256,33.81162199962858],[-80.3072249998127,33.812722000099214],[-80.30730799965339,33.812813000338586],[-80.30788400031187,33.812951000352854],[-80.31038099969643,33.81384399972607],[-80.31114899997556,33.81421100018238],[-80.3115890001916,33.814600000228275],[-80.31194499984376,33.81505899988568],[-80.31200000009532,33.81526500024666],[-80.31219199971596,33.815540000241555],[-80.31230200021913,33.81595199964328],[-80.31235699957239,33.81602100013167],[-80.31243899958815,33.81785300017107],[-80.31249399983976,33.81812800005502],[-80.31276900019937,33.818426000057315],[-80.31342699997529,33.81945699970592],[-80.31361899959593,33.819868999644065],[-80.31361899959593,33.82062499988217],[-80.31350999981599,33.82080899996347],[-80.31328999970796,33.82131300030042],[-80.31331700037045,33.82181599986973],[-80.31353699958017,33.8220909996979],[-80.31433300034669,33.82255000020114],[-80.3145800002189,33.82282399988334],[-80.31468999982373,33.82339600002919],[-80.31493699969596,33.8240380000821],[-80.31496400035844,33.82461000031634],[-80.3150739999633,33.82488500011461],[-80.3150739999633,33.82504600002296],[-80.31576000022663,33.82593899998078],[-80.31606200035044,33.826488999845665],[-80.31606200035044,33.82662600020193],[-80.31611699970371,33.826695000287295],[-80.31614500019111,33.82694699989907],[-80.31655600009485,33.827359000317834],[-80.31666599969972,33.82754300008814],[-80.31694100005932,33.82774900022909],[-80.31770900033843,33.828436000085354],[-80.31795600021064,33.828870999730704],[-80.31795600021064,33.829490000205126],[-80.3177639996917,33.8298329998269],[-80.31749000005532,33.83006199978521],[-80.31655600009485,33.830406000032774],[-80.31639200006332,33.83056600005807],[-80.31639200006332,33.83090999977005],[-80.31655600009485,33.8311160000065],[-80.31672099995129,33.831208000002476],[-80.31707800032667,33.831185000199326],[-80.31754500030691,33.83104699975802],[-80.31790099995906,33.8310930001786],[-80.31820300008285,33.831185000199326],[-80.31853299979574,33.831505999942316],[-80.3185880000473,33.83168899982118],[-80.31855999955991,33.83352199989388],[-80.31847800044245,33.83420900036835],[-80.31855999955991,33.83457500010025],[-80.3185880000473,33.83553700017935],[-80.31867000006308,33.83590400006571],[-80.31910899955591,33.83700400011125],[-80.3191920002949,33.83707200017036],[-80.3191920002949,33.83716399972534],[-80.31927400031067,33.83723300025929],[-80.31927400031067,33.83732399978607],[-80.31957600043445,33.83782799977312],[-80.31987799965994,33.83810300033077],[-80.3202619997995,33.83856100009315],[-80.32043400022694,33.838782000351756],[-80.32097599965192,33.839478000291834],[-80.32108600015509,33.83968400002531],[-80.32149799988375,33.84002699978012],[-80.32155300013532,33.84016499990005],[-80.32166299974018,33.84060000029569],[-80.3218550002591,33.84114999984741],[-80.32196499986398,33.84176799964319],[-80.32210200013134,33.842066000072386],[-80.32212899989551,33.842248999725776],[-80.32245899960837,33.842708000190036],[-80.32374900011932,33.84380700017561],[-80.32446299997176,33.84456299988631],[-80.32487499970041,33.84518100036539],[-80.32506700021933,33.845593999949166],[-80.32515000006002,33.845869000136446],[-80.32503999955684,33.84726599995272],[-80.32512199957262,33.84742599975118],[-80.32512199957262,33.84770100001038],[-80.32550700043541,33.84795300036319],[-80.32607599962456,33.848518999648014],[-80.32622100028783,33.84866300005399],[-80.32643999967264,33.849030000270844],[-80.32655000017581,33.84912199963489],[-80.32668800026806,33.84944200018692],[-80.32781399984916,33.85106899983771],[-80.32781399984916,33.851160000297035],[-80.32786800027583,33.85122899997406],[-80.32786800027583,33.85132099995406],[-80.32803300013227,33.85152700023113],[-80.32819799998872,33.85205400016373],[-80.32830799959358,33.85310700030295],[-80.32841800009673,33.8534510002991],[-80.32844499986092,33.85367999963902],[-80.32844499986092,33.85416099980114],[-80.32819799998872,33.85461900002804],[-80.32795100011651,33.85498600002061],[-80.32773199983339,33.85546700028799],[-80.32764999981762,33.85597099993708],[-80.32773199983339,33.85629199982836],[-80.32778700008498,33.85636000020358],[-80.32792400035233,33.85677300020053],[-80.32822599957781,33.85684100019274],[-80.32896799991764,33.85704699983882],[-80.32948900032456,33.85700200033154],[-80.32951699991364,33.85690999975656],[-80.32984599980162,33.85674999981791],[-80.33034000044435,33.85679500020392],[-80.33055999965404,33.85690999975656],[-80.33069699992141,33.85702400027593],[-80.33102699963429,33.857368000161834],[-80.33138400000968,33.85748200006989],[-80.33196099959477,33.857550999861786],[-80.33275700036127,33.857962999707695],[-80.3340200002097,33.85890200000457],[-80.33498099993436,33.859703000005304],[-80.33495400017019,33.86027599984672],[-80.33487200015442,33.86043599989293],[-80.33473400006216,33.860573999869175],[-80.33462500028222,33.860780000207946],[-80.33462500028222,33.86121500007281],[-80.33487200015442,33.86144400022769],[-80.3354210001504,33.86174199990373],[-80.3360189996519,33.8619400001448],[-80.33624499960771,33.86201600000989],[-80.33695900035845,33.86192499992783],[-80.33717899956817,33.8621539996705],[-80.33731599983551,33.862383000290826],[-80.33739799985128,33.862818000194814],[-80.33756400043096,33.86417000009429],[-80.33778299981576,33.8646049998452],[-80.33824999979599,33.86517700008329],[-80.33871699977621,33.86563599968197],[-80.3387999996169,33.86579600012725],[-80.33918399975646,33.866184999646734],[-80.3398709998447,33.86648299993192],[-80.34072199996452,33.86714700035563],[-80.34080499980517,33.867329999983646],[-80.34094200007253,33.867352999754225],[-80.34223400023328,33.86803999970984],[-80.3433330000502,33.868865000105785],[-80.3435799999224,33.86913899972933],[-80.3440739996668,33.869454999716744],[-80.34487100025824,33.86996399994647],[-80.3452279997353,33.87042199969994],[-80.34534900010914,33.87071000025047],[-80.34542000025425,33.87087999997951],[-80.34550300009491,33.87101700002376],[-80.3455580003465,33.87124599999323],[-80.34566799995135,33.87136100022174],[-80.34572300020294,33.87195700016235],[-80.3457779995562,33.8728040003482],[-80.34594300031095,33.87301000026653],[-80.34627300002386,33.87319400018599],[-80.34710999989994,33.87292000015337],[-80.34755699978868,33.8729669998431],[-80.34803200016485,33.87310499970291],[-80.34890000000307,33.873611000014805],[-80.35007300033813,33.873956000372104],[-80.35071900041851,33.874485000200316],[-80.35129900037666,33.87516999987014],[-80.35154100022598,33.875498000260976],[-80.35165400020388,33.87562500031933],[-80.35201700042704,33.87578399979123],[-80.35206699975745,33.87579999996093],[-80.35231000033001,33.87588000001855],[-80.35239200034577,33.875513999738445],[-80.35240400004133,33.8754669999596],[-80.3524500000721,33.87529299979152],[-80.35257300009573,33.874878000298864],[-80.35265400028659,33.874629000082145],[-80.35287600004443,33.87394799974191],[-80.35294700018954,33.873758999830855],[-80.35310100017534,33.873395999940755],[-80.35312200009174,33.87335699968195],[-80.35317800016824,33.873248999675496],[-80.35347199989612,33.8727399996423],[-80.35371999959322,33.87237199968689],[-80.35380499998203,33.87224500000891],[-80.35390600026437,33.872095000163455],[-80.3540910002123,33.871848999876164],[-80.35425600006873,33.87165500028956],[-80.35450999961364,33.87138700025841],[-80.35456800023829,33.87132400018456],[-80.35475499983602,33.871119000131635],[-80.35537599980204,33.870469000019334],[-80.35541900035807,33.87042400012668],[-80.35546500038882,33.870376000314515],[-80.35568600032175,33.87014700024863],[-80.35582500023892,33.87000300026389],[-80.35592700034618,33.869897999655684],[-80.3562389996174,33.869577000191974],[-80.35629300004406,33.869521999828116],[-80.3563099997625,33.86950400027093],[-80.35702799981291,33.86874499982496],[-80.35805200018507,33.867666999894425],[-80.35828599963848,33.86742199977479],[-80.35869300024255,33.86699300023435],[-80.35896199985608,33.86673800009102],[-80.35949699960838,33.8661700001756],[-80.36005300017538,33.86558000023848],[-80.36160800010187,33.86381999975748],[-80.36205699964043,33.86331199974252],[-80.36190400037789,33.86320899970572],[-80.36436300012761,33.86043099973285],[-80.36634099965339,33.858212999659166],[-80.36688499962652,33.85760100015182],[-80.36715900016121,33.85725200011227],[-80.36738699976685,33.85692199973987],[-80.36754699960042,33.85663599967874],[-80.36766700014932,33.85639900002135],[-80.36774400014224,33.85620600002227],[-80.36780400041668,33.856052999945014],[-80.36793400011302,33.855634999755445],[-80.36816099989375,33.854871000115345],[-80.3683340001461,33.85424999989089],[-80.36857099997256,33.85343300033799],[-80.3690089996405,33.85190399990802],[-80.36919799978637,33.8512679998966],[-80.3693479995742,33.85076299965612],[-80.36955500016174,33.85002800014674],[-80.3697130003455,33.849483000350546],[-80.3699800003092,33.84856399989422],[-80.37027800023502,33.8475350000765],[-80.37035600005284,33.84726599995272],[-80.3705019996427,33.846763999908376],[-80.3705870000315,33.846454000235916],[-80.37071900027598,33.845906000012704],[-80.37102499969943,33.84437000000388],[-80.37132900037136,33.84282399984551],[-80.37175100014575,33.8406589998975],[-80.37231500021035,33.83778299984181],[-80.37237100028685,33.837497999726715],[-80.37239800005104,33.83736499979541],[-80.37278399984041,33.835410000191224],[-80.37303599973549,33.834131999748145],[-80.3733100002702,33.83275599968535],[-80.37360800019603,33.831208999928855],[-80.37385199969518,33.82989599991246],[-80.37389000022833,33.829511999771825],[-80.37389400042629,33.82939100021936],[-80.37388600003037,33.82905000022001],[-80.37385199969518,33.828785999888204],[-80.37380900003748,33.82851499978229],[-80.37378200027331,33.82838899976819],[-80.37371299977801,33.82813000019249],[-80.37363699961003,33.82789399978065],[-80.3735859995564,33.82775000019592],[-80.37348500017238,33.82750299981484],[-80.37341700040032,33.82735800034637],[-80.37332199996575,33.82718099999286],[-80.3731629999571,33.82691000002333],[-80.37301300016927,33.826682999789774],[-80.37291899955962,33.826553000137466],[-80.37282099965034,33.82643000016391],[-80.37256999958016,33.82614600024064],[-80.37245599977736,33.826023999668664],[-80.37308400031438,33.82561400026328],[-80.37336299997362,33.82541600015597],[-80.3734309997457,33.82535999971827],[-80.37358300008167,33.82522000032931],[-80.37365099985372,33.82515199979708],[-80.3738170004334,33.82496500010694],[-80.37392000036554,33.82482500007124],[-80.37407000015338,33.82456700015123],[-80.37411600018413,33.824463999667806],[-80.37418200030638,33.82429000006191],[-80.37428299969041,33.82396500004698],[-80.37429000026142,33.823928999638674],[-80.37431500037577,33.82381599975114],[-80.37433499956893,33.82349600025674],[-80.37441099973692,33.82146599989499],[-80.37452999956261,33.818049999797815],[-80.37454499963123,33.8176869997318],[-80.37456999974557,33.816775999956775],[-80.37457700031659,33.81654000030141],[-80.37459900005788,33.81592200022482],[-80.37464799956338,33.814562000113746],[-80.37472100025664,33.812240000169744],[-80.37477200031026,33.81027099987104],[-80.37478400000582,33.809702999986605],[-80.37479800024953,33.80923800034762],[-80.3748740004175,33.80677600023459],[-80.37490899967928,33.805587999762345],[-80.37492100027318,33.80535400030362],[-80.37494100036466,33.80518400006583],[-80.37497499980154,33.80501100028503],[-80.37502000000738,33.80485299994237],[-80.3750640003883,33.80472599991371],[-80.3751489998788,33.80454100008126],[-80.37535899994108,33.8041949998094],[-80.37563099992765,33.80379300000181],[-80.37602599993787,33.80322199964716],[-80.37696200044647,33.80184999969011],[-80.37709600034077,33.801654000353345],[-80.37860199986345,33.79945799971944],[-80.37888200024594,33.79903999969525],[-80.37909499978294,33.79872199994546],[-80.3794999998389,33.798132000120624],[-80.37977900039647,33.79776199991422],[-80.37994699972765,33.79757800027735],[-80.38008599964483,33.79745099990377],[-80.38019500032308,33.79736100007161],[-80.38039000031675,33.797218000168506],[-80.38063499964082,33.79707100021745],[-80.380773999558,33.79699500007772],[-80.38118700000987,33.79679200001221],[-80.38170000002087,33.79654099997895],[-80.3820280000839,33.79637199973828],[-80.3833500003819,33.79572799964556],[-80.38534799999917,33.79475000000188],[-80.38575600042817,33.79454899980162],[-80.38658900010631,33.79414900019761],[-80.3870829998507,33.79390300019978],[-80.38738999999738,33.793743999888825],[-80.38792899994763,33.79344900012601],[-80.38861100001303,33.793056000229384],[-80.38937799956891,33.792606999792106],[-80.38956800043802,33.79249899999237],[-80.38970200033232,33.79242300027279],[-80.39099500031799,33.7916699998478],[-80.39141999956712,33.79141499965418],[-80.39154900033687,33.79133300034979],[-80.39161100026114,33.79128399976296],[-80.39175799967592,33.791154999714074],[-80.39189900014124,33.79103900014079],[-80.39221999963328,33.79071600002458],[-80.39241299997714,33.79048400027777],[-80.39294799972943,33.78976299968761],[-80.39370400031297,33.7887439996835],[-80.39475100025133,33.787334000335804],[-80.39665500015728,33.78477800025969],[-80.39772700021001,33.783323000350116],[-80.39796999988425,33.7830189998466],[-80.3997340000481,33.780659000220155],[-80.40038699980119,33.77977300024036],[-80.4014439997853,33.778338000112356],[-80.4023159998215,33.77716400030097],[-80.40297000029778,33.77628299986608],[-80.40337700000356,33.77573500023561],[-80.4049789997857,33.77356699973302],[-80.40522599965793,33.77322200032674],[-80.40539700026045,33.77300399976479],[-80.40554500039846,33.772774000297],[-80.40571899957742,33.77246600022437],[-80.40585599984476,33.77220399976632],[-80.40594999955611,33.77201199999925],[-80.40603499994491,33.771819999801934],[-80.40612899965625,33.77158900026604],[-80.40619200030375,33.771403999765184],[-80.40627799961915,33.771172999854514],[-80.40636399983288,33.77087799999724],[-80.40641200041176,33.770667000149665],[-80.40645900026743,33.7705060002279],[-80.4064989995521,33.77030100030709],[-80.40653100023746,33.77008299978034],[-80.40673600027688,33.76833599975244],[-80.40679800020115,33.76800800029829],[-80.40680700042198,33.76788000020713]]]},"properties":{"GEOID":"45085001902","TRACT":"001902","NAME":"Census Tract 19.02","county_name":"Sumter","aland_sqkm":65.7562,"is_greater_area":true,"pop_2020":5466,"pop_2010":5673,"has_2010":true,"growth_pct":-6.5,"growth_abs":-368,"density_per_sqkm":80.7,"pct_nonwhite":45.4,"median_income":41476,"median_age":44.0,"median_home_value":144000,"median_gross_rent":913,"poverty_rate":12.3,"pct_bachelors_plus":12.2,"unemployment_rate":6.6,"pct_wfh":2.7,"total_housing_units":2533,"vacancy_rate":10.7,"owner_occ_rate":71.9,"pct_single_family":71.0,"median_year_built":1985,"pop_2014":5835,"pop_2015":5604,"pop_2016":5578,"pop_2017":5747,"pop_2018":5885,"pop_2019":5095,"pop_2021":5042,"pop_2022":5125,"pop_2023":4808,"pop_2024":5118}},{"type":"Feature","geometry":{"type":"Polygon","coordinates":[[[-80.49569899974288,33.99666300025786],[-80.49569700009307,33.99649900030884],[-80.49568200002446,33.99631999964439],[-80.49566000028317,33.99614699996691],[-80.4956000000087,33.99580100029993],[-80.49558999996295,33.99574300026518],[-80.49555999982573,33.99563100026585],[-80.4955020000994,33.995428999800666],[-80.49543500015226,33.995223000136825],[-80.49536400000714,33.99504399976303],[-80.49532499964907,33.99494400025126],[-80.49518800028005,33.99466200020476],[-80.49506299970827,33.994433999942366],[-80.4949599997761,33.99426799966043],[-80.49446199983373,33.99342400018279],[-80.49440199955927,33.99332299999335],[-80.49423500005301,33.993037999733225],[-80.49419599969494,33.99297099989921],[-80.49411000037952,33.99282499985545],[-80.4939940000286,33.992629000289895],[-80.49364599987405,33.992035999736515],[-80.49189000010611,33.98903700029713],[-80.49171299965579,33.988732999796696],[-80.49158299995945,33.98851199999729],[-80.49122300010931,33.98789700007515],[-80.49103700033649,33.987587000231926],[-80.49096700001628,33.98746999975203],[-80.49049800038624,33.98668900029133],[-80.48984700028298,33.985563999922434],[-80.48906399993525,33.98421599977632],[-80.4888260002839,33.98377799994871],[-80.48879799979646,33.9837279999099],[-80.48870400008515,33.98355299991484],[-80.48859199993215,33.98330700027874],[-80.48850200041878,33.98307599969066],[-80.48841799985487,33.98282200007041],[-80.48836599997634,33.98263700030618],[-80.48831699957253,33.98236899988126],[-80.48827999976261,33.982132999996985],[-80.488264999694,33.9820050003412],[-80.48823899975474,33.98149499984539],[-80.48826200021927,33.981138000135815],[-80.4883130002729,33.98074299979503],[-80.48836500015143,33.98049700022053],[-80.48887099959141,33.97810300032751],[-80.48932199967811,33.97602900019306],[-80.48942999963315,33.97552899983363],[-80.48977500031297,33.97389900031022],[-80.48993699979636,33.97315300012334],[-80.48995299968988,33.9730800002448],[-80.49007800026166,33.97251099983959],[-80.49009300033029,33.97244400021296],[-80.49141599955486,33.97247999980763],[-80.4921379998032,33.972498999732466],[-80.49294399971717,33.972519000158414],[-80.49320800020612,33.972560999771154],[-80.49352200002548,33.97123299977396],[-80.4935449995917,33.97107100021971],[-80.4936579995696,33.970117999850096],[-80.4936709999884,33.970082999789554],[-80.49311500031972,33.97005700005454],[-80.49258300004213,33.970032999890925],[-80.49091000011488,33.969944999729734],[-80.49071099992324,33.96994300014832],[-80.49081300003051,33.9691450002509],[-80.4909329996811,33.96896200012915],[-80.49096199999342,33.968812999661885],[-80.49105599970476,33.96881199985789],[-80.49169500011243,33.96881000024977],[-80.49178799999885,33.968719999957905],[-80.49218899985685,33.96836400005517],[-80.49226199965177,33.96830900009635],[-80.49236700013206,33.96823199979623],[-80.49234500039078,33.96816200034338],[-80.49234100019282,33.96812499985367],[-80.49241599963757,33.967567999879016],[-80.4924530003458,33.967023000118104],[-80.49246300039154,33.966924000244695],[-80.49247599991202,33.966791000158075],[-80.49254700005712,33.96603799985165],[-80.49256700014863,33.96565399988025],[-80.49247900028507,33.965648000088144],[-80.49151400036247,33.96559200002112],[-80.49104099963613,33.96555099978903],[-80.49136500039955,33.95978299976762],[-80.49137299989715,33.95968600023118],[-80.49138600031594,33.959572999748396],[-80.49139800001151,33.959432000030056],[-80.49152699988295,33.95795800035596],[-80.49154699997443,33.95787899976157],[-80.49180899991524,33.954099000186815],[-80.49181800013608,33.95397100005932],[-80.49174500034115,33.9539980002187],[-80.49169599993733,33.954015999823355],[-80.49074400043352,33.95436800026963],[-80.48901999955433,33.955007999721275],[-80.488785000276,33.95509599968852],[-80.48867499977283,33.95512700009565],[-80.4881230003021,33.95533000017489],[-80.48785200014044,33.95542900012958],[-80.48779400041413,33.955451000021085],[-80.48642100006252,33.95595499977102],[-80.48635099974231,33.95598100009109],[-80.4862720000996,33.95586300012219],[-80.4861869997108,33.955893000294004],[-80.48533899996404,33.95620400016011],[-80.48399300027494,33.956695999818834],[-80.482963000055,33.95707199971187],[-80.48148299957327,33.957617999832294],[-80.48014299973192,33.9581120001153],[-80.47714199965893,33.959217000305586],[-80.47638299960063,33.95949100016785],[-80.47595800035151,33.95962900005257],[-80.47570499973321,33.95969899982214],[-80.4753320003626,33.95978800006333],[-80.47525399964651,33.95980799975313],[-80.47524299977584,33.95994699977691],[-80.47504000028457,33.959998000296935],[-80.47470899984846,33.960073000041824],[-80.47433399992973,33.96015700036314],[-80.47283699972957,33.960503999738066],[-80.47232600026672,33.96061400002818],[-80.4722690003653,33.96062600032217],[-80.47111399957359,33.960913000267375],[-80.47040200026929,33.96107000032352],[-80.47015899969672,33.96112599964227],[-80.468910000092,33.961414000026856],[-80.46853500017326,33.961500000294116],[-80.46818700001873,33.961585999729394],[-80.4678890000929,33.96167199982276],[-80.46784100041232,33.96168800026374],[-80.4674530000748,33.96182000024776],[-80.46742499958738,33.961829999854395],[-80.46702799992735,33.96198300017124],[-80.46669300019161,33.96212300024922],[-80.4658060000868,33.96253300032304],[-80.4649330002257,33.96293199981689],[-80.46411100041823,33.963316000156105],[-80.46360500007995,33.96353600002729],[-80.46333800011624,33.96363599998385],[-80.46284799967148,33.96379499995581],[-80.46257200038526,33.963875000133875],[-80.46221199963685,33.963963999731334],[-80.46196099956667,33.96401699979899],[-80.46168600010537,33.96406999983363],[-80.46113600028447,33.96416200029329],[-80.46059200031135,33.964211000060196],[-80.46019899995096,33.96424200012618],[-80.45882399994953,33.96431599999776],[-80.45781899984395,33.96437399987224],[-80.45653699972894,33.96444300035225],[-80.45565100034736,33.96448899964776],[-80.45377599985542,33.964593000133604],[-80.44993700008139,33.96480299968112],[-80.44824200041282,33.96489599994306],[-80.44792500022042,33.964913000372526],[-80.44683999974889,33.96497199968907],[-80.4465719999603,33.96498699966034],[-80.4449740003761,33.96507399988845],[-80.44407100037779,33.965118999740305],[-80.44385000044485,33.965131000143835],[-80.44375500001028,33.965136000125185],[-80.44370800015461,33.96513799981962],[-80.44347999965068,33.96515000022047],[-80.44290700026355,33.96517900025081],[-80.44271100044496,33.96518900020762],[-80.44134399994114,33.965267000128286],[-80.4410729997795,33.96528200004752],[-80.44086400044043,33.965287999865446],[-80.44067299974641,33.96528399973853],[-80.44043500009504,33.96527299994726],[-80.4401449996668,33.9652539998981],[-80.43988600009904,33.965225999739516],[-80.4392159997292,33.965115000350494],[-80.43908699985779,33.96508499970546],[-80.43903199960619,33.96507300004049],[-80.43881800024427,33.96501499989761],[-80.43866099988543,33.96497199968907],[-80.43763200038872,33.964660999838095],[-80.43693699990455,33.96445000008466],[-80.43635299974845,33.96427400003829],[-80.43513099990788,33.96389999966189],[-80.43488499986059,33.96382500031078],[-80.43334300035289,33.963358999711716],[-80.43074700033583,33.96256899964277],[-80.43030700011977,33.9624360001969],[-80.42932200010569,33.96213500033034],[-80.42906000016487,33.96205900028471],[-80.42859999985733,33.96194500008898],[-80.42803199959477,33.96184000020493],[-80.42800999985344,33.96183599991581],[-80.42791500031721,33.96182000024776],[-80.42761400001832,33.96177899968764],[-80.4272099997873,33.961737999852794],[-80.42712199992374,33.96172900012268],[-80.42685800033308,33.96171000002692],[-80.42665599976843,33.96170399995662],[-80.42662599963118,33.96170399995662],[-80.42639399982758,33.96170100029385],[-80.42665699959332,33.9624840003346],[-80.42686900020374,33.9632650001352],[-80.42702200036462,33.9635170003352],[-80.42715700008382,33.963694000322],[-80.4272730004348,33.96389500035289],[-80.42729199980303,33.96417300022818],[-80.42725400016822,33.96442300026208],[-80.42717600035041,33.9645349996634],[-80.42707900026602,33.96471099991478],[-80.42707900026602,33.96487500010912],[-80.42713699999234,33.96516400031345],[-80.42715600025892,33.96577000000006],[-80.42713600016744,33.965958000217874],[-80.42709699980936,33.96605900014352],[-80.42707800044113,33.966171000370736],[-80.42717399980228,33.96631100026116],[-80.42725199962008,33.966512000068036],[-80.4273799996666,33.96699499979685],[-80.42740599960585,33.96709299976339],[-80.4276059996224,33.96722299990972],[-80.42773399966892,33.967275000359614],[-80.4278580004158,33.96739200032435],[-80.42794999957898,33.96747900032753],[-80.42812000035661,33.967638999638595],[-80.42864000004029,33.967964000152875],[-80.42887199984388,33.96824900030391],[-80.42908399955598,33.968713999637046],[-80.4292380004401,33.9688110000538],[-80.42933499962616,33.968883000068914],[-80.4294500001522,33.96900000005658],[-80.42958499987142,33.96912899972262],[-80.42964299959773,33.969283999917344],[-80.42964299959773,33.96946499975353],[-80.42970100022237,33.9695809998905],[-80.42981699967501,33.969722999714314],[-80.42995200029254,33.969865999837616],[-80.43002900028543,33.970033999680574],[-80.43004799965368,33.97018799992796],[-80.43008700001174,33.970330000228245],[-80.43014499973808,33.970356999665654],[-80.4302800003556,33.97039600024511],[-80.43047199997622,33.97044900002969],[-80.43054999979402,33.97051400017019],[-80.43062699978691,33.97064299977467],[-80.43064600005349,33.97087499965663],[-80.43066500032008,33.971119999731116],[-80.43082000013077,33.97135300032088],[-80.43112800010233,33.971625000288014],[-80.4313790001725,33.97171700002518],[-80.4316679998775,33.97178299971055],[-80.43199599994055,33.97182399991823],[-80.43224700001072,33.97185100037129],[-80.43240099999652,33.97194200009673],[-80.43259400034036,33.97217499992417],[-80.43272900005958,33.972394999974505],[-80.43296000003825,33.97264099989854],[-80.43311499984895,33.972720000192574],[-80.4333080001928,33.97279799991109],[-80.43344299991202,33.972837999872695],[-80.4335969998978,33.97285099968852],[-80.43365499962412,33.97286500000372],[-80.43388599960281,33.97284000013102],[-80.43403999958858,33.97286700026142],[-80.43417500020611,33.972919000240175],[-80.43448400000261,33.97321799968692],[-80.43458100008698,33.973256999699146],[-80.43473500007278,33.97333499967005],[-80.43479299979909,33.97337299987828],[-80.43492800041662,33.973502000360384],[-80.4350050004095,33.97366999972472],[-80.43539100019889,33.974316999638916],[-80.4355829998195,33.97462599972146],[-80.43573799963022,33.97470499966115],[-80.43595000024062,33.97481000005207],[-80.43610400022641,33.974874999838846],[-80.43647099974923,33.974968000261086],[-80.43664400000158,33.975046000152346],[-80.43679799998738,33.975189000263704],[-80.43695299979807,33.97533099966221],[-80.43702999979095,33.97540899996537],[-80.43718399977675,33.97542099966183],[-80.43728099986112,33.97550699992015],[-80.43780100044313,33.97540600004099],[-80.4382640002254,33.97559200036713],[-80.43841900003609,33.97560400003775],[-80.43919599963773,33.97622899966254],[-80.43942099976861,33.976363000347504],[-80.43983300039558,33.97647800029997],[-80.4414820000334,33.97697800029303],[-80.44237099978801,33.9772240003665],[-80.44300599999775,33.97740100013344],[-80.44323799980134,33.97750400002604],[-80.44339199978712,33.97772000015492],[-80.44410599963956,33.97877800020474],[-80.44501299983585,33.97947500031922],[-80.4452830001726,33.97969500010394],[-80.44568800022856,33.97983799984494],[-80.44592000003215,33.97991599973772],[-80.44622800000371,33.97995499965726],[-80.44651800043194,33.979969000292485],[-80.44669199961089,33.980020999652204],[-80.44696199994765,33.98020199972542],[-80.44738700009508,33.98044800015363],[-80.44761800007376,33.980573999842925],[-80.44783099961077,33.98076699991528],[-80.44789199971014,33.980885000345744],[-80.44790099993098,33.98089799967611],[-80.44804300022119,33.981177999898264],[-80.44810099994751,33.98129399969881],[-80.44817799994041,33.981358000086146],[-80.44823599966674,33.98140100020293],[-80.44829400029136,33.98146099965386],[-80.44839600039862,33.9815209998074],[-80.44849199975977,33.98157899986586],[-80.44858999966905,33.98163800028291],[-80.44883400006653,33.98178299978289],[-80.44891100005941,33.981831000174175],[-80.44898800005232,33.98192000034692],[-80.44902700041038,33.982269999996966],[-80.44902700041038,33.982398999642854],[-80.44916200012959,33.98289499977799],[-80.44930699989455,33.98311199999776],[-80.44943199956802,33.98329900023016],[-80.45018499977851,33.98365500017284],[-80.45043800039683,33.983803999957296],[-80.45060200042833,33.98389999992],[-80.45070600018542,33.983961000212425],[-80.45112999960963,33.98421599977632],[-80.45136700033441,33.984392999882616],[-80.45143900030443,33.984613999965],[-80.45147699993926,33.98484599971294],[-80.45147699993926,33.985130000276065],[-80.45141900021295,33.98532400004177],[-80.45134800006784,33.98544799999028],[-80.45137599965692,33.98549199988045],[-80.45138300022793,33.985503999643356],[-80.45135599956545,33.98558099994417],[-80.45135499974053,33.98568400035347],[-80.45127100007495,33.985809999729916],[-80.45136200031153,33.986021999713394],[-80.45159300029023,33.986280000083106],[-80.45188299982014,33.9864590002981],[-80.45219099979171,33.98655999970785],[-80.45237800028777,33.98658699995009],[-80.45257699958108,33.98660899997565],[-80.45263799968046,33.986625000193754],[-80.45271399984844,33.98670000029156],[-80.4525980003958,33.986819000271225],[-80.4521199996466,33.987311000102274],[-80.45172600035961,33.98770800036775],[-80.45179900015455,33.98774099996861],[-80.45199099977516,33.98782499977512],[-80.45213499971521,33.98788600022985],[-80.45222900032485,33.98799800001052],[-80.45231499964027,33.98810000014793],[-80.45246699997622,33.98823700021286],[-80.45267000036583,33.988374000056865],[-80.45275700040446,33.98841700034842],[-80.45284000024513,33.9885050000111],[-80.45291899988786,33.988609000172126],[-80.45304799975929,33.98877599990654],[-80.45320000009524,33.98892799984338],[-80.4533590001039,33.98905300005816],[-80.45350899989174,33.98917699977965],[-80.4536119998239,33.98928400004263],[-80.45367299992327,33.989360000335594],[-80.45389200020637,33.98962099967733],[-80.45391499977259,33.98973100028988],[-80.4540629999106,33.9899089996388],[-80.45417800043664,33.99006599978858],[-80.45429999973707,33.99024299962856],[-80.45446399976859,33.990432999951224],[-80.45477000009035,33.990262000052354],[-80.45498099997754,33.990145000276065],[-80.4551180002449,33.9900679996415],[-80.45703100037166,33.991175000043135],[-80.4570480000901,33.9911169998297],[-80.45821100037944,33.991801999694395],[-80.45976399975778,33.99271899985015],[-80.46023599976088,33.99213399988733],[-80.46050100007474,33.99247599999939],[-80.46150199998236,33.993766000316114],[-80.46266400044678,33.99524900036778],[-80.46341099991118,33.99620199979065],[-80.46357599976763,33.996412000211905],[-80.46414999987798,33.997141999872014],[-80.46500600002064,33.99824599985114],[-80.46508700021148,33.998363999844806],[-80.46516900022725,33.998496999691675],[-80.46527399980924,33.998680999735654],[-80.46547100035104,33.99906199964855],[-80.46572700044408,33.999619999755986],[-80.46605499960883,34.0003550002935],[-80.46622299983832,34.00068100027824],[-80.46628499976259,34.00065199969753],[-80.46800399972061,34.00006599981139],[-80.46821100030817,34.00000300028954],[-80.46858799987672,33.99990900026599],[-80.4687410000376,33.99987600017762],[-80.46895899959748,33.99983500009507],[-80.46934199991212,33.999779999644446],[-80.47159700034567,33.99945399992553],[-80.47200099967839,33.9994139998281],[-80.47230799982505,33.99942300003788],[-80.47242599982584,33.99943100005799],[-80.47250399964364,33.99944300008677],[-80.47267500024617,33.99947799997491],[-80.47289100015624,33.99953500025121],[-80.47313100035576,33.99961900031423],[-80.47327199992274,33.99967999974945],[-80.47336599963407,33.99973000008401],[-80.47357800024449,33.999859000036786],[-80.47373600042823,33.99997300003984],[-80.47387100014745,34.00009399966662],[-80.47396999988166,34.00019700035792],[-80.47467000038871,34.001015000372234],[-80.47491899991073,34.001294999849364],[-80.47506700004875,34.001481000119504],[-80.47537800039336,34.00184499964587],[-80.47545399966303,34.00193899976113],[-80.47572399999977,34.00223100029554],[-80.47593099968901,34.00240199993584],[-80.47605299988774,34.00248899985589],[-80.47621100007152,34.002591999877176],[-80.47632800024736,34.00265999972151],[-80.47646799998945,34.002732000110676],[-80.47679699987741,34.002885999952056],[-80.47723799991837,34.003081999684824],[-80.47730900006349,34.003113999871864],[-80.47764100032451,34.003270000052225],[-80.47829499990249,34.003576000204],[-80.4789159998685,34.003874999788685],[-80.48005999989127,34.004423999876884],[-80.4802160004252,34.004497999773335],[-80.48149299961901,34.00509600033465],[-80.48224099980663,34.00544800008364],[-80.48282099976478,34.00573299966836],[-80.48343900025606,34.00603400007261],[-80.4839339998254,34.00627400028614],[-80.48400199959745,34.00631199991642],[-80.48420900018499,34.00642600019466],[-80.48469500043181,34.006697000267955],[-80.48514899999324,34.00697999992974],[-80.48581099996716,34.00737900007424],[-80.48608600032676,34.007546000147414],[-80.4868849996697,34.008034000240606],[-80.48761399959076,34.00846699972555],[-80.48793300033131,34.00863700013388],[-80.48813699964748,34.008723000289685],[-80.4883350000142,34.00878800020241],[-80.48855799959698,34.0088399997989],[-80.48871300030599,34.00886099994199],[-80.48887499978937,34.00887500028274],[-80.48905700026256,34.00888200007989],[-80.48929300026411,34.008873000127814],[-80.48962700017496,34.00885400014311],[-80.48979600022936,34.008838999721085],[-80.4898849999178,34.008522999845084],[-80.48995900043599,34.00828700036772],[-80.49002100036026,34.0081280002081],[-80.49020600030818,34.007688999935716],[-80.49039999957864,34.007263000137804],[-80.49062999973239,34.00684300030066],[-80.49133299971417,34.00558800007756],[-80.49206300035846,34.00428500032976],[-80.49235000041364,34.00377000030351],[-80.49241999983552,34.00364500014429],[-80.49265699966199,34.00323299994941],[-80.49297100037965,34.002689000361364],[-80.49318800011464,34.0023099998978],[-80.49361699956171,34.001562000001755],[-80.49415399986215,34.00062699980529],[-80.49471700010186,33.99961900031423],[-80.49504500016492,33.999042000254654],[-80.49514800009709,33.99885999989389],[-80.49531299995353,33.99854000007359],[-80.49537300022797,33.99839600031977],[-80.49545799971848,33.99815600018759],[-80.49551100032025,33.99798999973052],[-80.49560400020665,33.997617999879246],[-80.49563900036675,33.997436999658795],[-80.49566600013094,33.99724800031724],[-80.49568500039751,33.99700600023121],[-80.49569899974288,33.99666300025786]]]},"properties":{"GEOID":"45085000300","TRACT":"000300","NAME":"Census Tract 3","county_name":"Sumter","aland_sqkm":18.9959,"is_greater_area":true,"pop_2020":4702,"pop_2010":4172,"has_2010":true,"growth_pct":-10.3,"growth_abs":-428,"density_per_sqkm":197.1,"pct_nonwhite":40.8,"median_income":72742,"median_age":24.5,"median_home_value":193500,"median_gross_rent":1408,"poverty_rate":3.3,"pct_bachelors_plus":33.9,"unemployment_rate":5.2,"pct_wfh":10.2,"total_housing_units":1457,"vacancy_rate":15.5,"owner_occ_rate":45.2,"pct_single_family":64.0,"median_year_built":2003,"pop_2014":3345,"pop_2015":3253,"pop_2016":3226,"pop_2017":3580,"pop_2018":3598,"pop_2019":4052,"pop_2021":4694,"pop_2022":4233,"pop_2023":3973,"pop_2024":3725}},{"type":"Feature","geometry":{"type":"Polygon","coordinates":[[[-80.45013999957268,33.90193999979987],[-80.45008299967128,33.90171799986547],[-80.44800200021332,33.901965000367476],[-80.44467800010011,33.90231299966432],[-80.44393400011045,33.90239200037165],[-80.44056399996646,33.902745999914906],[-80.4396519997473,33.902844000038385],[-80.43552000007031,33.90328099988727],[-80.43318599999405,33.90352800033461],[-80.43246600029383,33.903603999697424],[-80.42863699966723,33.90400899993688],[-80.42779200029355,33.904090000201265],[-80.41965799973761,33.90487600020571],[-80.41758399995237,33.90507699969782],[-80.41706099989563,33.90512699973153],[-80.41642999988387,33.905188999643144],[-80.414228999877,33.905400999962346],[-80.41269999988977,33.9055489998023],[-80.4108010000067,33.90573299962788],[-80.41055099976145,33.905756000230525],[-80.40814300006535,33.905986999747604],[-80.40469299955545,33.90632300002887],[-80.40462200030866,33.906329000274845],[-80.40431699981181,33.906359000007114],[-80.40148200031844,33.90663300000577],[-80.40111099969936,33.906668000064606],[-80.39787299979987,33.90698099963242],[-80.3968049999451,33.9070950003709],[-80.39401899995723,33.90736499962834],[-80.3931429997231,33.90746100010261],[-80.39246200038092,33.90752599988854],[-80.39015900026682,33.90775200020387],[-80.38952700043014,33.90781399969741],[-80.38684799967407,33.90807800028277],[-80.38554299999285,33.908210999666416],[-80.38402499987629,33.908365999717645],[-80.38191199973298,33.908576999825065],[-80.3817319998079,33.90859299980836],[-80.38158200002009,33.90860800002298],[-80.3809779997725,33.9086870001156],[-80.37812700038562,33.90894800020306],[-80.37411600018413,33.90935700017508],[-80.37402900014551,33.90936600022352],[-80.3739160001676,33.90937500027097],[-80.37314000039089,33.909459999678226],[-80.3659470003664,33.9101789999304],[-80.36595900006198,33.91021999999631],[-80.36595900006198,33.91027099974169],[-80.36595900006198,33.91062899982881],[-80.36597800032854,33.91085800008102],[-80.36609399978119,33.91117900004008],[-80.36613200031434,33.91147800021502],[-80.36640199975275,33.911867000208936],[-80.36846399984245,33.913676000184374],[-80.36898500024937,33.91395100022058],[-80.3697409999346,33.91427800014428],[-80.37006999982256,33.914434000041936],[-80.3701490003636,33.914466999739986],[-80.37054199982568,33.91462399973228],[-80.3711009998674,33.91486600016056],[-80.37129300038634,33.915163999639006],[-80.37170900031296,33.91557600014348],[-80.37253799979312,33.91612500006147],[-80.37307799956828,33.916330999730526],[-80.37319399991924,33.916359000320185],[-80.3743310002693,33.916536999647064],[-80.3748030002724,33.91649099978124],[-80.37637499991732,33.91666900032328],[-80.37643099999381,33.916678000345],[-80.37689700014914,33.916753999910696],[-80.37702600002055,33.91676999984988],[-80.37774700044402,33.917028000038194],[-80.37824700003623,33.917306999839525],[-80.37861799975698,33.917408000100785],[-80.37884799991073,33.91741400031181],[-80.37927600043123,33.91733900025263],[-80.3804649997615,33.91675800008213],[-80.38071800037983,33.91668399986201],[-80.38089400010692,33.91667200008216],[-80.38103999969677,33.91671599976362],[-80.38112400026067,33.91683000015407],[-80.38149599980635,33.91733500010846],[-80.38158600021805,33.917456999948236],[-80.38168400012732,33.917588000284404],[-80.38175699992226,33.91765099973702],[-80.38384599977614,33.91943999970424],[-80.38476300001817,33.92037100034776],[-80.38566199981852,33.921299999784175],[-80.38574800003225,33.92138899992381],[-80.38578999986505,33.921450000317634],[-80.3859639999423,33.921697999904694],[-80.38644699981609,33.922384999776156],[-80.38664000015993,33.922658999685545],[-80.38706000028449,33.92318800009162],[-80.3874340003783,33.92347500030567],[-80.38777999998472,33.9237399996707],[-80.3877930004035,33.92375100035787],[-80.38870600044758,33.92454900033979],[-80.3889979996273,33.9248700001577],[-80.39001500032677,33.92610699980795],[-80.39021600016822,33.92650199967425],[-80.39075299957034,33.927555000204805],[-80.39087099957112,33.927982000207074],[-80.39089400003566,33.92806199976516],[-80.39091499995206,33.92869799987715],[-80.39091699960187,33.92878100033134],[-80.39091999997491,33.92883700002632],[-80.39104600037162,33.929120000250975],[-80.39116699984713,33.92939200032342],[-80.3915600002075,33.92998699996901],[-80.39208200043932,33.93064699996822],[-80.39219500041723,33.9307900001759],[-80.39227400005996,33.930865999823695],[-80.39234500020507,33.930870000077896],[-80.39241399980203,33.93092599989],[-80.39243700026657,33.930969999663354],[-80.3924880003202,33.93101499966213],[-80.39252299958197,33.931041999649935],[-80.3926010002981,33.93104599989588],[-80.39267400009302,33.93103299965497],[-80.39273099999444,33.931039999899596],[-80.39280100031465,33.9310840003594],[-80.3928559996679,33.93117599995989],[-80.3928680002618,33.931332999721015],[-80.39283899994948,33.93140999987311],[-80.39283899994948,33.931491999677824],[-80.39288099978228,33.9315770001283],[-80.39291299956932,33.93163199998003],[-80.39298700008749,33.93175100024226],[-80.39299600030832,33.93180300001028],[-80.39297899969156,33.93185599998482],[-80.39293699985876,33.931948999733876],[-80.39312900037768,33.93233399999479],[-80.39359100033506,33.932821000110124],[-80.39384200040524,33.93330400028207],[-80.39386099977348,33.93335700006781],[-80.39395799985786,33.933627999806596],[-80.39397700012444,33.9339069996516],[-80.39409299957708,33.934304000283525],[-80.39409299957708,33.93436100028237],[-80.3943470000203,33.93480699984537],[-80.39478300003839,33.93537999981263],[-80.39513700004072,33.936156000000054],[-80.39521900005647,33.93622199969735],[-80.39524599982066,33.936398999818756],[-80.39532799983643,33.93644299974546],[-80.39532799983643,33.936531999714134],[-80.39543699961636,33.93666399996528],[-80.39543699961636,33.93675299970296],[-80.39557300005882,33.93690699982478],[-80.39562699958718,33.93712899976192],[-80.39576800005248,33.93742100007359],[-80.39593000043418,33.93778099970226],[-80.39605799958238,33.9383459999735],[-80.39611100018415,33.938585000357946],[-80.39620200042076,33.93911400022637],[-80.39621099974326,33.939165999969816],[-80.39627100001773,33.93951199983304],[-80.39627100001773,33.93966200034052],[-80.3962989996068,33.93969999994018],[-80.3963399996147,33.939774999688744],[-80.39637899997275,33.9398269997737],[-80.39638599964545,33.93989600003809],[-80.39639099966833,33.93998299983806],[-80.39654100035446,33.94038599979918],[-80.3965990000808,33.94045199994389],[-80.39662500002005,33.94047000017777],[-80.39668699994434,33.94056200007136],[-80.39669500034024,33.94062800007968],[-80.39679099970141,33.94113000016169],[-80.39681499999085,33.941183000293],[-80.39687199989226,33.941241000286425],[-80.3969029998544,33.941321000058316],[-80.3969249995957,33.94135800028138],[-80.39695499973294,33.94139699999554],[-80.39695599955783,33.94147100035954],[-80.39690500040254,33.941538999912225],[-80.3969029998544,33.94170599967905],[-80.39691999957283,33.94179000024572],[-80.39694600041041,33.9419240000376],[-80.39706699988592,33.942654999671056],[-80.39726000022976,33.94298399992288],[-80.3973179999561,33.94324600012683],[-80.39749100020845,33.943711999845156],[-80.398128000068,33.944724000126214],[-80.3983399997801,33.944897000117415],[-80.398416999773,33.94509699975942],[-80.40030700033356,33.946048000096994],[-80.40038400032645,33.946073999717996],[-80.40069300012294,33.9463969997647],[-80.40138699988388,33.94670599992882],[-80.40188999984915,33.94692400015114],[-80.40206300010148,33.94699800018167],[-80.40250400014246,33.947182999976626],[-80.40269400011327,33.94728700000702],[-80.40283999970313,33.947340000030955],[-80.40292400026703,33.94736600000251],[-80.40313400032932,33.94734699968016],[-80.40323700026148,33.947343000200036],[-80.40333900036872,33.947393000021876],[-80.40339899974485,33.94743500011782],[-80.40410799957444,33.94774500029118],[-80.40437799991118,33.94781099994675],[-80.40460899988986,33.947786000162274],[-80.40480200023372,33.94780000013187],[-80.40503400003729,33.94785299983636],[-80.40530400037403,33.94797099973482],[-80.40609400039446,33.94801499964244],[-80.40686599997322,33.94790800035247],[-80.40733299995344,33.9479389996522],[-80.40744400028153,33.947945999997344],[-80.40755999973416,33.94795599974416],[-80.40879400016861,33.948134000108496],[-80.40995200043504,33.94829600012486],[-80.41043399958558,33.94845399965981],[-80.41091599963444,33.94862400014299],[-80.41151400003424,33.94903999991081],[-80.41185299996795,33.949324000089085],[-80.41207300007598,33.94950699998258],[-80.41259000028492,33.9499749997528],[-80.41263200011771,33.950012999965104],[-80.4130179999071,33.95009299968983],[-80.41328200039605,33.95008600026648],[-80.41340399969648,33.95008300019409],[-80.41356199988023,33.95005500025843],[-80.41379000038417,33.95001500001502],[-80.41385099958522,33.95000499976493],[-80.4139050000119,33.94999500025885],[-80.41403999973112,33.95000899986508],[-80.41423300007496,33.950025000263935],[-80.41527499999046,33.950513999824516],[-80.41572600007717,33.95061300016614],[-80.41611699988941,33.950710000359074],[-80.41647300043988,33.95037900012146],[-80.41683300029,33.95022799984657],[-80.41726599993504,33.95001399999007],[-80.41791000036558,33.94994199965274],[-80.41815600041288,33.949893999890726],[-80.41841900017863,33.94967699985279],[-80.41854999969988,33.94952399976134],[-80.41872100030241,33.94948700010704],[-80.41909799987096,33.94938699991356],[-80.41939999999475,33.949209999968666],[-80.41956900004914,33.948992999677095],[-80.41979500000497,33.94886600010484],[-80.41996200040954,33.94862400014299],[-80.42039500005458,33.948318999669816],[-80.42088499960103,33.94793600024934],[-80.42086500040787,33.94787099999564],[-80.42084600014128,33.94781099994675],[-80.42081799965388,33.947720999794015],[-80.42078900023988,33.94756699985851],[-80.42077199962313,33.947428999785984],[-80.42073800018625,33.947236000065324],[-80.42073999983607,33.94683000030151],[-80.42075900010265,33.94669499997118],[-80.42077099979824,33.946607000258865],[-80.4208539996389,33.94600600006187],[-80.42091300008843,33.94557399988166],[-80.42095300027141,33.945287000362804],[-80.42137000002293,33.942670999961884],[-80.42139099993933,33.94253499962969],[-80.4214239995513,33.94231399974436],[-80.42143699997008,33.942121999722154],[-80.42144299981786,33.94203000002387],[-80.4214520000387,33.941737999869225],[-80.42143600014518,33.94148200024705],[-80.42143299977212,33.941439000069046],[-80.42141500022878,33.94129400034864],[-80.42134999993145,33.940942000231225],[-80.42129300003005,33.94068400018203],[-80.42123199993067,33.940477999783624],[-80.42109300001349,33.93993199999179],[-80.42057099978167,33.9379180003432],[-80.42054800021546,33.93782900033272],[-80.42051499970519,33.93774500032956],[-80.42044199991025,33.937561999743046],[-80.42039099985662,33.937443000148384],[-80.42030499964291,33.93727299969367],[-80.42027100020603,33.93720000032804],[-80.42167100032182,33.93721799975886],[-80.42626900015412,33.93749199965093],[-80.42644200040648,33.937496000339124],[-80.42966199986431,33.93757899967159],[-80.42972799998654,33.93758100001366],[-80.43147600025688,33.93769600022738],[-80.43203799977336,33.93770699985734],[-80.43285999958084,33.937683000256364],[-80.43296000003825,33.93767900032225],[-80.43363700008078,33.9376549999681],[-80.43381000033314,33.937647000096995],[-80.43479899964686,33.93760199987633],[-80.43519000035744,33.937560000145815],[-80.43563999972092,33.93751200010902],[-80.43583899991255,33.937487999707784],[-80.43705599973023,33.93734599974201],[-80.4372430002263,33.93731900026233],[-80.43736000040217,33.93729499980669],[-80.43739700021207,33.93728800007624],[-80.43767800041948,33.93722400006509],[-80.43796700012449,33.93715899982992],[-80.4394629996014,33.93681899968281],[-80.43960700043978,33.936786999879644],[-80.44030000037583,33.93663399972294],[-80.44185699995212,33.93629300027447],[-80.44210600037248,33.936244000081984],[-80.44225699998522,33.9362139996916],[-80.44248600031408,33.936173000209315],[-80.44267499956165,33.93614699980024],[-80.44281199982898,33.93613300014996],[-80.44293300020281,33.9361300003311],[-80.44207500041034,33.93536799968504],[-80.44175099964691,33.935081000042835],[-80.4416510000878,33.93499200004814],[-80.44114899994747,33.93454899983821],[-80.44041599982845,33.93390399975427],[-80.43873700005342,33.932448999841576],[-80.43663099958277,33.930624999628265],[-80.43657299985648,33.93057400013968],[-80.43336199972114,33.927794000316204],[-80.43317299957526,33.9276309997578],[-80.43298199977956,33.9274650002541],[-80.43267999965578,33.92720299993912],[-80.43176900015985,33.92641500026296],[-80.43112100042966,33.925854000331476],[-80.42929799981623,33.92427699970981],[-80.42909100012699,33.92408600034334],[-80.42807599997569,33.9232040003134],[-80.42779099957033,33.922955000295005],[-80.42729000015322,33.92251900028815],[-80.42571400031034,33.92114799974943],[-80.42555600012659,33.92101099971139],[-80.42544499979851,33.92091399997015],[-80.42528199959189,33.920758999631936],[-80.42516600013926,33.92061100011345],[-80.42492599993973,33.92027999988712],[-80.4248740000612,33.920191000079846],[-80.4245920000289,33.9196619997004],[-80.42387300015359,33.91827899985132],[-80.42370099972614,33.91794899991252],[-80.42364499964965,33.91784000005177],[-80.42346499972457,33.917494000103424],[-80.42308999980585,33.916773000350624],[-80.42204700006545,33.91475200012454],[-80.4219800001183,33.91462300003715],[-80.42167399979654,33.914031000281376],[-80.42112999982342,33.91296899991613],[-80.42156900021455,33.91298499982048],[-80.42310999989735,33.91301099984498],[-80.42454099997528,33.913028000200796],[-80.426310000162,33.91305100032594],[-80.42644599970613,33.91305299975313],[-80.4269789998086,33.91305999998426],[-80.42736399977306,33.913065999755986],[-80.42766500007195,33.913070999813904],[-80.42800599965548,33.913067999928266],[-80.42831899964993,33.91305400021217],[-80.42853700010812,33.913036000147805],[-80.4286550001089,33.913017000365606],[-80.42908000025635,33.91292499979095],[-80.42933999964903,33.912848000076416],[-80.42963000007725,33.912740999834725],[-80.42978300023812,33.91267299965314],[-80.4299079999116,33.91261199968529],[-80.43017999989817,33.91247299990089],[-80.43114300017095,33.91196200035933],[-80.43186700006913,33.91158199986789],[-80.43451699961456,33.91019200037165],[-80.43461799989691,33.910139000338035],[-80.43472099982908,33.91008499977757],[-80.43489499990633,33.9099869997775],[-80.43861599967958,33.90803399986924],[-80.43957999977728,33.90752699966697],[-80.4405160002859,33.907018999647015],[-80.44095800015177,33.90678700015717],[-80.44107899962727,33.90672300034109],[-80.44391900004183,33.905228000261964],[-80.44592699970484,33.904165999808654],[-80.44667499989247,33.90377400024396],[-80.44763499979219,33.90327000028538],[-80.45013999957268,33.90193999979987]]]},"properties":{"GEOID":"45085001701","TRACT":"001701","NAME":"Census Tract 17.01","county_name":"Sumter","aland_sqkm":18.4036,"is_greater_area":true,"pop_2020":6197,"pop_2010":6736,"has_2010":true,"growth_pct":9.3,"growth_abs":627,"density_per_sqkm":400.1,"pct_nonwhite":33.1,"median_income":81622,"median_age":39.7,"median_home_value":256600,"median_gross_rent":1349,"poverty_rate":4.6,"pct_bachelors_plus":35.1,"unemployment_rate":4.2,"pct_wfh":5.5,"total_housing_units":2933,"vacancy_rate":7.4,"owner_occ_rate":90.7,"pct_single_family":97.9,"median_year_built":1991,"pop_2014":6805,"pop_2015":6958,"pop_2016":6892,"pop_2017":6634,"pop_2018":6622,"pop_2019":6874,"pop_2021":7983,"pop_2022":8002,"pop_2023":7891,"pop_2024":8074}},{"type":"Feature","geometry":{"type":"Polygon","coordinates":[[[-80.34123099977752,33.91479699974502],[-80.34082499989667,33.91488500027601],[-80.3405730000016,33.91492400018577],[-80.34031199988569,33.914922000057004],[-80.34003700042437,33.91491799979936],[-80.33981599959313,33.914868999982886],[-80.33960300005612,33.91481700031417],[-80.33933799974224,33.91475099968542],[-80.33910799958848,33.91468499975103],[-80.3389479997549,33.91462599986805],[-80.33864900000417,33.91455700000363],[-80.33800799994664,33.914288999816705],[-80.33730499996486,33.91390800030599],[-80.3369340002441,33.9135699999443],[-80.33697699990182,33.91346400031788],[-80.33731199963756,33.91256699965655],[-80.33756199988282,33.91190200035517],[-80.3376299996549,33.91158400007507],[-80.33764999974636,33.91142800017903],[-80.33765599959415,33.911311999803615],[-80.33765700031738,33.911165999749365],[-80.33763300002794,33.91091099966755],[-80.33757500030161,33.91047499990904],[-80.33749699958548,33.90980099993909],[-80.33738799980554,33.908917999890846],[-80.33725499973616,33.90779600001748],[-80.33709400007767,33.90644299964864],[-80.3369209998253,33.90499799998736],[-80.33606600040588,33.90507299972368],[-80.33581100013775,33.905094999951885],[-80.33542500034838,33.90512999989666],[-80.33533099973873,33.90513799983941],[-80.33501000024667,33.905167999990816],[-80.33380599994946,33.90527699965678],[-80.33374300020027,33.9052740002424],[-80.33370100036747,33.905263999957],[-80.33364899959062,33.9052330000341],[-80.33362699984932,33.90519899993734],[-80.33362400037458,33.905145999781396],[-80.3336539996135,33.90427599982669],[-80.33367799990295,33.9040810003414],[-80.33372300010879,33.90376899964066],[-80.33377900018529,33.90338700024842],[-80.333681000276,33.90338999972919],[-80.3336600003596,33.90339100030167],[-80.33362699984932,33.903385999675905],[-80.33356300027522,33.90337900014137],[-80.33349999962772,33.90335200033363],[-80.33344500027444,33.903316999658955],[-80.33342199980991,33.903294999717446],[-80.33340599991638,33.903271999942],[-80.3333570004109,33.90317900020312],[-80.33324500025792,33.90300400005868],[-80.33301400027922,33.90268699996886],[-80.332687999866,33.902383000332534],[-80.33261699972088,33.902431000033225],[-80.33196300014289,33.90284300020503],[-80.33173999966182,33.90299400025265],[-80.33156099956167,33.90311499991506],[-80.33131299986455,33.90329700011902],[-80.33123699969659,33.90336299992495],[-80.33118499981802,33.903393999782296],[-80.33114399981015,33.903410999819485],[-80.33108000023604,33.90342399980184],[-80.33096100041037,33.903396000181544],[-80.3308869998922,33.903335000284684],[-80.33071600018798,33.903155999650785],[-80.33040999986623,33.90285100036238],[-80.33032700002555,33.9027609996672],[-80.3302669997511,33.9026929997251],[-80.33013799987967,33.902523000005345],[-80.32967199972435,33.90194399992101],[-80.3289229997118,33.902375999970054],[-80.32886900018343,33.9024060003478],[-80.32879600038851,33.90244699967895],[-80.32699399969151,33.90001499968991],[-80.32685300012452,33.89982500024107],[-80.32491900008135,33.89737100004802],[-80.32448499971308,33.89681899967107],[-80.32432400005459,33.89677199969813],[-80.3232760002913,33.89649800006998],[-80.3230720000768,33.89645099992013],[-80.32297099979445,33.896433000078],[-80.32270700020382,33.89638699980133],[-80.32235700039945,33.896340000335954],[-80.32218900016996,33.89632400028991],[-80.3220300001613,33.896310000060765],[-80.32210700015419,33.89618200030916],[-80.32220800043653,33.89556599970284],[-80.32224600007137,33.8953399998923],[-80.32249299994358,33.89417200029971],[-80.32255499986786,33.89402699990825],[-80.32044599992251,33.891184999735664],[-80.31977800010081,33.890284000365995],[-80.31929799970179,33.88963700003668],[-80.3188049997823,33.888971000098316],[-80.31852299974997,33.8891180001255],[-80.31797200010416,33.88940900019307],[-80.31778200013338,33.88950699998465],[-80.31749300042836,33.889663999712894],[-80.31722599956636,33.88980000018906],[-80.31695199992997,33.88993899965666],[-80.31683700030224,33.88998900036468],[-80.31661200017135,33.89007099976216],[-80.3164959998204,33.89010699989109],[-80.31636699994895,33.89014200002256],[-80.31617600015325,33.89018400001219],[-80.31598500035754,33.890217000149384],[-80.3157710000973,33.89024299966093],[-80.31554299959336,33.890255000178534],[-80.31516699984971,33.89024299966093],[-80.31450499987582,33.89019099988422],[-80.31368999974104,33.89013600012886],[-80.3134820002269,33.89012300035779],[-80.31281299968198,33.89007099976216],[-80.31248899981688,33.890052000081575],[-80.3121809998453,33.89004900013162],[-80.31171999971286,33.89005699999795],[-80.31026500024379,33.89009700006396],[-80.31007600009792,33.890118999682116],[-80.3099909997091,33.89013500014656],[-80.30994499967835,33.89014300000478],[-80.30984799959396,33.89017000026653],[-80.30977999982191,33.89019299984751],[-80.3096889995853,33.890229999906154],[-80.3094840004442,33.89033100018603],[-80.30937599959086,33.89038899975376],[-80.30923500002386,33.890482000019645],[-80.30931299984167,33.89057500018418],[-80.30956999975962,33.89085899993866],[-80.30974200018707,33.8910279998243],[-80.31008100012077,33.891332999644035],[-80.31024299960417,33.89146099996225],[-80.31045900041255,33.89161599989244],[-80.310772000407,33.89181899999554],[-80.31087500033917,33.891880999890276],[-80.31165699996367,33.89235000009983],[-80.31243600011344,33.89282199982],[-80.31321199989014,33.893279999929845],[-80.31474000005245,33.89420299977033],[-80.31490400008398,33.89430100001904],[-80.31540899969906,33.894603000275225],[-80.31562799998217,33.89477100027084],[-80.31586800018168,33.89497099979862],[-80.31605399995452,33.8951530002363],[-80.31613599997029,33.89524300001428],[-80.31618500037409,33.89529499969352],[-80.31630300037487,33.895433999899424],[-80.31645099961456,33.89562200034851],[-80.31659200007986,33.89583900017313],[-80.31666800024784,33.89596000029604],[-80.31678899972336,33.896193000079805],[-80.31680700016501,33.8962340001615],[-80.31689500002857,33.89643399998647],[-80.31698000041739,33.896647000357966],[-80.31738600029824,33.897841999676],[-80.31755399962941,33.89833799982488],[-80.31781800011836,33.8990999998865],[-80.31784300023274,33.89917000021017],[-80.31787099982182,33.899238999855186],[-80.31791400037785,33.899345000022294],[-80.31807699968616,33.89970000015691],[-80.31818100034153,33.899904000271334],[-80.31827699970269,33.90008199966535],[-80.31850299965849,33.90044799968139],[-80.31882400004886,33.90096600013163],[-80.31899599957801,33.90126299989292],[-80.31914999956379,33.901564000249834],[-80.31919899996758,33.901687999991225],[-80.31844099973422,33.901788000276596],[-80.31753600008606,33.90191400012624],[-80.31733600006953,33.90194499976485],[-80.31710900028881,33.901967000054704],[-80.31685099964763,33.901967999898275],[-80.3165660001406,33.90195399985019],[-80.310616999698,33.9016080002749],[-80.30949600013977,33.90153699986737],[-80.30864300037017,33.9014829998223],[-80.30453699973413,33.90125600018409],[-80.30438299974834,33.90125200003068],[-80.30387599958514,33.90127200005026],[-80.30260900043704,33.90116400033595],[-80.30054099960127,33.90097600017558],[-80.2995770004019,33.90092000006351],[-80.29865900033495,33.90087399997057],[-80.29462700021708,33.90071500028486],[-80.29186499962033,33.900601999821525],[-80.29321299985759,33.902445000002984],[-80.29330300026926,33.90256800011769],[-80.29506499988499,33.905002999773],[-80.29528199961997,33.90530299979593],[-80.29528900019098,33.90531300007671],[-80.29540700019174,33.90547699989211],[-80.29548099981159,33.90559900030476],[-80.29554600010893,33.905722000342365],[-80.2955529997816,33.90573800011604],[-80.29556600020041,33.90576700025723],[-80.29560399983525,33.905848000342395],[-80.29565499988887,33.90597899988454],[-80.29569800044489,33.90610799963538],[-80.29573299970667,33.90624300018853],[-80.29577500043779,33.906484999811134],[-80.29589300043854,33.907089000178914],[-80.29610299960252,33.90809500013145],[-80.29613199991485,33.90823200006022],[-80.29619399983912,33.90856000007247],[-80.29623599967192,33.90882000004005],[-80.29623999986987,33.90888600004326],[-80.29623800022006,33.90915700009672],[-80.29621899995348,33.90934400035201],[-80.29621099955757,33.90942599977641],[-80.29617399974764,33.90961499969484],[-80.29602399995981,33.9103649996894],[-80.2959040003092,33.91096300022853],[-80.2958409996617,33.91129499985103],[-80.29578499958521,33.91172599975126],[-80.29577899973744,33.91185499975084],[-80.29577999956234,33.91198599975278],[-80.2957989998289,33.91217700015174],[-80.29585599973032,33.91245800036653],[-80.2959949996475,33.912913999942525],[-80.2961500003565,33.91334400014565],[-80.29643599968847,33.9141630003666],[-80.29687699972942,33.91546000019571],[-80.29514900044889,33.91552400016076],[-80.29383100034887,33.915573000346086],[-80.29358399957835,33.91557600014348],[-80.29318899956814,33.9156390003382],[-80.2930039996202,33.915672999997945],[-80.29264499959501,33.91574599992312],[-80.29229499979064,33.91581800010471],[-80.29187800003912,33.91588699969352],[-80.29184700007698,33.9158920003314],[-80.29181899958958,33.91587900001419],[-80.2917209996803,33.91590600032682],[-80.29164799988536,33.9159110002181],[-80.29115900016382,33.9159110002181],[-80.29085399966696,33.91588800011935],[-80.29059099990126,33.91588300022667],[-80.29056499996197,33.91587900001419],[-80.29043000024275,33.91586500001434],[-80.29030200019623,33.915851999693025],[-80.29026399966308,33.91584800022447],[-80.2900319998595,33.915843000329495],[-80.28969499957562,33.915851999693025],[-80.28868199997241,33.91594400008964],[-80.2869129997857,33.91610999967892],[-80.28674499955622,33.91611699965901],[-80.2863429998733,33.916134000140644],[-80.28551400039314,33.91616100037247],[-80.28501800010059,33.916212000290066],[-80.28295500018598,33.91642300035552],[-80.28257100004643,33.91644099970449],[-80.28233300039506,33.916446999983606],[-80.2822520002042,33.91644400021681],[-80.28184799997317,33.91642499970353],[-80.28174099984304,33.91641999984241],[-80.2815199999101,33.916399999649485],[-80.28150300019165,33.91641499998099],[-80.28128499973346,33.916710999919566],[-80.2809009995939,33.917419000114606],[-80.28070899997329,33.917602999661305],[-80.28057300042916,33.91780799982681],[-80.28005200002225,33.9181960003462],[-80.27856999989069,33.91913200012152],[-80.2775279999752,33.91970099966019],[-80.27706299964478,33.920090000135644],[-80.27642099976237,33.920694999871664],[-80.27581499986496,33.92239399993953],[-80.27579300012366,33.92245599996244],[-80.27547400028142,33.923448999746924],[-80.27547500010633,33.924432000356134],[-80.27561400002351,33.92491200018379],[-80.27558800008424,33.92564299976912],[-80.27533199999121,33.925996999641775],[-80.27498399983665,33.92642000028295],[-80.27421399990772,33.927039000191066],[-80.27366400008681,33.92763399987611],[-80.27330699971142,33.92816100012983],[-80.27330699971142,33.9282750001136],[-80.27314199985499,33.92850399990098],[-80.27270199963894,33.92951200025457],[-80.27195900037249,33.93077200013165],[-80.27138100006418,33.93203200000117],[-80.27124399979684,33.93226100012164],[-80.27063899972434,33.933039000113354],[-80.26885199999425,33.93443600026197],[-80.26832899993754,33.93487100018257],[-80.26767000033666,33.93523699985926],[-80.26701099983751,33.93541900002924],[-80.26432100010909,33.935435999640326],[-80.26278399972597,33.935754000332444],[-80.26179600023714,33.93609599989208],[-80.26042399971044,33.93677899992697],[-80.26023000044,33.936963000138824],[-80.26003999957089,33.93714500034602],[-80.25973699962219,33.93757899967159],[-80.25935400020586,33.93840099992496],[-80.25905100025714,33.938788999806185],[-80.25822799972644,33.939702999633326],[-80.25778900023363,33.939954000163034],[-80.25765899963898,33.93999600020316],[-80.25743199985826,33.940069000152604],[-80.25413000038466,33.9401869996629],[-80.25382800026087,33.940071999832725],[-80.25148900016175,33.93954799994912],[-80.24980799983857,33.939033999871164],[-80.24895099987097,33.9385669997256],[-80.24630700017333,33.93740400011351],[-80.24572999968993,33.93696999989599],[-80.24528899964898,33.93655800000564],[-80.24482000001892,33.93594199979403],[-80.24454399983439,33.93534800021397],[-80.24448899958281,33.9351190001964],[-80.2434170004284,33.934684000052094],[-80.24273000034013,33.934523999885535],[-80.24165699956419,33.93450100033994],[-80.2404749999066,33.93459400018173],[-80.23984300006992,33.93438799995473],[-80.2393209998381,33.93402100014262],[-80.23923799999743,33.93383799975099],[-80.23912800039257,33.93367800023072],[-80.23910099973007,33.93354000000249],[-80.23885300003295,33.933334000207026],[-80.23849599965757,33.9331969996438],[-80.23734199958908,33.93326600006385],[-80.23745200009226,33.933861999690365],[-80.23747999968134,33.934433999846],[-80.2375619996971,33.934708999957806],[-80.23759000018451,33.93523599966069],[-80.2376450004361,33.93532799999289],[-80.23772800027677,33.93560300019877],[-80.23816799959452,33.93633499988471],[-80.23893800042177,33.937183000323834],[-80.24009300031517,33.93784699963056],[-80.24039500043897,33.938166999844796],[-80.24064300013609,33.93871699966221],[-80.24064300013609,33.938830999675794],[-80.24069800038767,33.93890000000204],[-80.2408359995816,33.939404000138666],[-80.24067099972518,33.940297000132766],[-80.24089099983321,33.940389000213365],[-80.24094600008479,33.94050400036061],[-80.24141399988993,33.94093899983653],[-80.2415240003931,33.94132800020247],[-80.2415240003931,33.942312999628925],[-80.24160700023378,33.94261099997362],[-80.24174500032605,33.94283999996233],[-80.24177200009022,33.942976999914904],[-80.24201999978735,33.943367000014234],[-80.24201999978735,33.943457999656054],[-80.24215700005468,33.943664000295875],[-80.24223999989538,33.94389299968757],[-80.24229599997186,33.944672000051554],[-80.24237799998762,33.94471800034851],[-80.2424609998283,33.94508400017334],[-80.24262599968473,33.945359000166796],[-80.24292799980854,33.94561099974659],[-80.24367099997329,33.94586300007071],[-80.24526500025785,33.94604499988221],[-80.24578699959135,33.946319999751786],[-80.24631100037128,33.946778000022995],[-80.24666799984836,33.947236000065324],[-80.24708100030023,33.947945999997344],[-80.24713599965351,33.948198000115],[-80.24724600015666,33.948334999641126],[-80.24721900039249,33.94973199993537],[-80.24710899988932,33.949962000166494],[-80.24708200012515,33.95021400027636],[-80.24699900028446,33.950326999775776],[-80.24697199962196,33.95050999974809],[-80.24675200041226,33.95101499971528],[-80.24661500014491,33.95158700012676],[-80.24656099971823,33.95213699967668],[-80.24645100011338,33.95266400028806],[-80.24650600036497,33.953121999951684],[-80.24678199965118,33.953534000152565],[-80.24735900013457,33.95390100004789],[-80.24785399970389,33.9540380000802],[-80.24793599971967,33.95419800008352],[-80.24832200040737,33.95442700019346],[-80.24884499956579,33.95461100026158],[-80.24909200033629,33.95479399996297],[-80.24980199999078,33.95505800025575],[-80.25029599973519,33.95532099976685],[-80.25100399973985,33.95596300015691],[-80.2520490000284,33.956399000306135],[-80.2522969997255,33.95667500019592],[-80.2523519999771,33.95704199995583],[-80.25251699983353,33.957407999684825],[-80.25312199990603,33.95789099969625],[-80.25361700037367,33.958188999890474],[-80.25449799973237,33.95848799971145],[-80.25488100004702,33.958686000352785],[-80.25507500021577,33.958786000049926],[-80.2552390002473,33.95894600006604],[-80.2559509995516,33.95947200031739],[-80.25685600009807,33.959814999866936],[-80.25860000017045,33.960132999641125],[-80.25881400043069,33.96017199969329],[-80.2597450000181,33.95968800005375],[-80.26105200024747,33.9589560000105],[-80.26357499957129,33.95757199980178],[-80.26677400001104,33.95583999963559],[-80.26937400022607,33.95437700003334],[-80.27207800019818,33.95293399968189],[-80.27365499986598,33.9520769996547],[-80.27576399981133,33.950892000238355],[-80.27590299972852,33.95094900030885],[-80.28379999955968,33.946661000025365],[-80.29329400004843,33.9415060002676],[-80.29357799973057,33.94138100021053],[-80.29674500038325,33.93965000007113],[-80.29950500043186,33.93813300021919],[-80.30013499972041,33.93777799994147],[-80.30400000033201,33.935649000179005],[-80.30646599975442,33.934311000259285],[-80.30754100018021,33.933686999946225],[-80.30885599990718,33.93295499985681],[-80.30973299996624,33.932467000276674],[-80.3102369997564,33.9321869999515],[-80.31052299998665,33.93203000027409],[-80.3114489995512,33.93152200024111],[-80.31178400018527,33.93133800019759],[-80.3123270003335,33.931039999899596],[-80.31287499960625,33.93073900004077],[-80.31756799987312,33.92814399981189],[-80.32122900027024,33.926131999995334],[-80.32141500004306,33.92602899977252],[-80.32240000005716,33.925489000148644],[-80.32247600022514,33.92546000000984],[-80.3225289999286,33.92544499977996],[-80.32261099994435,33.92543099986123],[-80.32375599979201,33.92532300019751],[-80.32393900009012,33.92530600005848],[-80.32410899996943,33.925288999916106],[-80.32416000002307,33.92528500014519],[-80.32422299977226,33.925278999743085],[-80.32435300036691,33.92526699968299],[-80.32440799972017,33.92526200034073],[-80.32463000037635,33.92524099967119],[-80.3247750001413,33.925226999718866],[-80.3280139998657,33.92492600018782],[-80.32903300021498,33.924831999903375],[-80.32923599970624,33.924817000308316],[-80.32936200010295,33.92481499966642],[-80.33032000035286,33.92471999968277],[-80.33046500011781,33.92470500006799],[-80.33133299995605,33.92461500008766],[-80.3318800003022,33.92456500030594],[-80.33269399971377,33.92448999983293],[-80.33351499969633,33.92441300013336],[-80.334370999839,33.92433199980311],[-80.33444299980903,33.92432499975258],[-80.33538900036336,33.92423599969848],[-80.33515800038468,33.92287999989538],[-80.33500299967567,33.92193399973112],[-80.33491099961415,33.92140299976142],[-80.33480900040523,33.920793000230425],[-80.33474099973485,33.920245999829355],[-80.33433400002907,33.92025500021864],[-80.3340410001261,33.920265999864974],[-80.33388700014032,33.92027700025528],[-80.333829000414,33.91993499978923],[-80.33376300029177,33.91958900014833],[-80.33374599967502,33.919501999640495],[-80.33372800013166,33.91945799990681],[-80.33366799985721,33.91937300003496],[-80.33353899998576,33.919215999847104],[-80.3355890003799,33.91798399979716],[-80.33620799979778,33.91763499996326],[-80.33770699964778,33.91681000005739],[-80.3394399998495,33.91579200019112],[-80.34056799997872,33.91517999987674],[-80.34123099977752,33.91479699974502]]]},"properties":{"GEOID":"45085001100","TRACT":"001100","NAME":"Census Tract 11","county_name":"Sumter","aland_sqkm":25.4689,"is_greater_area":true,"pop_2020":4023,"pop_2010":4327,"has_2010":true,"growth_pct":-13.3,"growth_abs":-574,"density_per_sqkm":147.4,"pct_nonwhite":76.9,"median_income":30814,"median_age":30.9,"median_home_value":76800,"median_gross_rent":905,"poverty_rate":35.3,"pct_bachelors_plus":8.4,"unemployment_rate":8.6,"pct_wfh":3.0,"total_housing_units":1837,"vacancy_rate":20.8,"owner_occ_rate":70.8,"pct_single_family":60.8,"median_year_built":1982,"pop_2014":4240,"pop_2015":3888,"pop_2016":3867,"pop_2017":4076,"pop_2018":4007,"pop_2019":4168,"pop_2021":3953,"pop_2022":3436,"pop_2023":3245,"pop_2024":3325}},{"type":"Feature","geometry":{"type":"Polygon","coordinates":[[[-80.34281099981837,33.943795999922834],[-80.34282900026005,33.94362799968459],[-80.34261300034998,33.9435740002296],[-80.34238900004398,33.943511999929875],[-80.34194200015523,33.94333499969115],[-80.34181800030669,33.94321499986316],[-80.34156600041162,33.942974000337145],[-80.34138599958821,33.942800000054284],[-80.34120499983827,33.94265200008194],[-80.3408480003612,33.9423589997102],[-80.34066400023819,33.94220200015667],[-80.34052600014591,33.94207000029372],[-80.34037499963486,33.94191300020721],[-80.34021300015148,33.94172300027063],[-80.34011199986915,33.94159400003672],[-80.33993899961678,33.94134500012426],[-80.33983700040784,33.94116000031038],[-80.33970500016338,33.94087599972112],[-80.33961300010185,33.94064500014125],[-80.3395040003219,33.94033000024604],[-80.33943599965154,33.94004499972693],[-80.33917600025886,33.93903799974168],[-80.33889599987637,33.93795700014263],[-80.33841100035278,33.93608500005401],[-80.33806900004602,33.934750000145065],[-80.3374759996691,33.93246899999355],[-80.33745300010288,33.93238199996916],[-80.33737199991204,33.93206899978892],[-80.33709499990259,33.931002999664784],[-80.3370749998111,33.93092599989],[-80.33673099985451,33.929602000278344],[-80.33631999995079,33.92801400033748],[-80.3362930001866,33.92789199996217],[-80.33626999972206,33.92778899963148],[-80.33617699983564,33.92731100020072],[-80.33611900010933,33.92684500016315],[-80.33611499991137,33.92646600000578],[-80.33612499995711,33.926177999873694],[-80.33614900024655,33.925953999843145],[-80.33624100030806,33.92524099967119],[-80.3362940000115,33.9247879999408],[-80.3363070004303,33.92463100004142],[-80.33632599979856,33.92414799988026],[-80.33538900036336,33.92423599969848],[-80.33444299980903,33.92432499975258],[-80.334370999839,33.92433199980311],[-80.33351499969633,33.92441300013336],[-80.33269399971377,33.92448999983293],[-80.3318800003022,33.92456500030594],[-80.33133299995605,33.92461500008766],[-80.33046500011781,33.92470500006799],[-80.33032000035286,33.92471999968277],[-80.32936200010295,33.92481499966642],[-80.32923599970624,33.924817000308316],[-80.32903300021498,33.924831999903375],[-80.3280139998657,33.92492600018782],[-80.3247750001413,33.925226999718866],[-80.32463000037635,33.92524099967119],[-80.32440799972017,33.92526200034073],[-80.32435300036691,33.92526699968299],[-80.32422299977226,33.925278999743085],[-80.32416000002307,33.92528500014519],[-80.32410899996943,33.925288999916106],[-80.32393900009012,33.92530600005848],[-80.32375599979201,33.92532300019751],[-80.32261099994435,33.92543099986123],[-80.3225289999286,33.92544499977996],[-80.32247600022514,33.92546000000984],[-80.32240000005716,33.925489000148644],[-80.32141500004306,33.92602899977252],[-80.32122900027024,33.926131999995334],[-80.31756799987312,33.92814399981189],[-80.31287499960625,33.93073900004077],[-80.3123270003335,33.931039999899596],[-80.31178400018527,33.93133800019759],[-80.3114489995512,33.93152200024111],[-80.31052299998665,33.93203000027409],[-80.3102369997564,33.9321869999515],[-80.30973299996624,33.932467000276674],[-80.30885599990718,33.93295499985681],[-80.30754100018021,33.933686999946225],[-80.30646599975442,33.934311000259285],[-80.30400000033201,33.935649000179005],[-80.30013499972041,33.93777799994147],[-80.29950500043186,33.93813300021919],[-80.29674500038325,33.93965000007113],[-80.29357799973057,33.94138100021053],[-80.29329400004843,33.9415060002676],[-80.28379999955968,33.946661000025365],[-80.27590299972852,33.95094900030885],[-80.27576399981133,33.950892000238355],[-80.27365499986598,33.9520769996547],[-80.27207800019818,33.95293399968189],[-80.26937400022607,33.95437700003334],[-80.26677400001104,33.95583999963559],[-80.26357499957129,33.95757199980178],[-80.26105200024747,33.9589560000105],[-80.2597450000181,33.95968800005375],[-80.25881400043069,33.96017199969329],[-80.25935400020586,33.96027099997463],[-80.25962899966716,33.96027099997463],[-80.2600689998832,33.960202999741085],[-80.26039899959609,33.960088000131904],[-80.26048200033509,33.96017999968264],[-80.26056400035084,33.96034000005739],[-80.2606739999557,33.96043200008076],[-80.26075599997147,33.960683999732346],[-80.26081100022304,33.96075300022522],[-80.2609209998279,33.96107399990352],[-80.2611679997001,33.96125699986044],[-80.26158000032709,33.96141699969975],[-80.26240499960929,33.96132599988861],[-80.26314699994913,33.961143000080106],[-80.26358700016517,33.96095999987795],[-80.26399999971873,33.96091400016422],[-80.26405499997031,33.96077700002722],[-80.26446699969898,33.96054799987118],[-80.26457700020212,33.96038799988764],[-80.26504500000728,33.960479999859054],[-80.26573200009554,33.96073200011355],[-80.26738099973336,33.96091599995792],[-80.26820599991389,33.96128300005039],[-80.26859000005345,33.96169500022286],[-80.26878199967406,33.96199299975865],[-80.26891999976631,33.962130000172586],[-80.26911200028526,33.962450999870306],[-80.26911200028526,33.962542999845866],[-80.26963399961876,33.962818000046035],[-80.27062399965571,33.962955999749205],[-80.27131099974399,33.96293299969001],[-80.27166800011938,33.96293299969001],[-80.27345499984943,33.96268199987121],[-80.27518700022624,33.96254500034634],[-80.2759019999036,33.962637000220234],[-80.27631500035547,33.96231599973419],[-80.2767820003357,33.96215600009567],[-80.27735899992079,33.96217900036495],[-80.27914599965086,33.96247699969534],[-80.2804930000632,33.962614999951654],[-80.28211499993684,33.96270699974985],[-80.28272000000935,33.96284499963304],[-80.28282999961421,33.96298200016489],[-80.28329699959443,33.963074000311174],[-80.2839839996827,33.96362400011447],[-80.28436899964716,33.96383000036889],[-80.28588099991593,33.96410599999297],[-80.28675999962482,33.964357999936496],[-80.28755800004116,33.964357999936496],[-80.28788799975405,33.96428900013265],[-80.28882199971451,33.96389999966189],[-80.28934499977125,33.96378599969821],[-80.2906650004194,33.96378599969821],[-80.29115999998871,33.96385499991014],[-80.29124299982941,33.963945999996064],[-80.29170999980964,33.96417499994531],[-80.29198500016925,33.96438200021153],[-80.29253400016523,33.965115000350494],[-80.29316600000192,33.96577900004767],[-80.29368900005865,33.96605400021641],[-80.29404600043402,33.96610000013072],[-80.29492599996782,33.96596300015062],[-80.29597100025636,33.9656879996877],[-80.29828000021826,33.965321999819196],[-80.29850000032629,33.965206999679864],[-80.29872299990906,33.964394999829935],[-80.29906600004072,33.964125000298566],[-80.30000300037423,33.963861999690934],[-80.30182899956405,33.96356900007066],[-80.30223600016815,33.96348600000493],[-80.30257500010187,33.96336399979723],[-80.30335900027451,33.96305100028394],[-80.3040410003399,33.963014999678116],[-80.30432800039507,33.96312299995975],[-80.30490599980507,33.96303199973844],[-80.30551000005265,33.963054999770804],[-80.30787500009104,33.963971000248236],[-80.30878200028732,33.96435999964929],[-80.30982599985266,33.96468000001972],[-80.30993600035582,33.96484099997668],[-80.31012899980136,33.96502400002517],[-80.3102939996578,33.96529899965478],[-80.3103210003203,33.96550500032285],[-80.31048600017672,33.965779999887346],[-80.3105959997816,33.96612399991417],[-80.31084400037702,33.966765000161665],[-80.3114209999621,33.96752100019445],[-80.31161299958274,33.96772699995086],[-80.31188799994234,33.96818499973358],[-80.3120260000346,33.96859799980747],[-80.3120810002862,33.96907900000814],[-80.31224600014264,33.969559999723266],[-80.31230100039421,33.9696279999266],[-80.31238300040998,33.969925999979274],[-80.31249300001484,33.97001800006463],[-80.31273999988704,33.97070499967665],[-80.31279500013864,33.97077400023539],[-80.3128779999793,33.97123199999841],[-80.31309800008732,33.97185100037129],[-80.31395000003204,33.973294000190926],[-80.31417000014007,33.97350000011763],[-80.31441799983719,33.97446199970657],[-80.31449999985294,33.974531000196535],[-80.31452800034035,33.974782999793675],[-80.3146379999452,33.97510299968378],[-80.31532500003347,33.97638599975446],[-80.31546200030081,33.97652399979045],[-80.31568200040884,33.976843999832425],[-80.31593000010595,33.97714199992445],[-80.31617699997817,33.977303000127],[-80.31620499956725,33.977439999716935],[-80.31653500017846,33.977851999839395],[-80.31722200026672,33.978356000203135],[-80.31777200008761,33.978561999784255],[-80.31818399981627,33.97865299977655],[-80.31933700005985,33.97860400013662],[-80.32013399975297,33.97894499988814],[-80.32106699988853,33.97965199986911],[-80.32142300043898,33.98015399990406],[-80.32177900009114,33.98102099971701],[-80.32194399994758,33.98118100036388],[-80.32205399955242,33.98138600014734],[-80.32229999959974,33.98166000009967],[-80.32287700008312,33.98213900011579],[-80.32449599958373,33.98316300003422],[-80.32496299956395,33.983597999671304],[-80.32496299956395,33.98366500019155],[-80.32501299979266,33.983741000295275],[-80.32510400002927,33.98387900030985],[-80.32516699977846,33.98421500015343],[-80.32525200016727,33.98428899977646],[-80.32546800007734,33.98439600023474],[-80.32562899973583,33.98455100015847],[-80.3261690004093,33.984719000035334],[-80.32681799996442,33.98481600007016],[-80.32690400017813,33.984922999865006],[-80.32787900014648,33.983805000329916],[-80.32828699967719,33.98334600013229],[-80.32894899965108,33.98260200018468],[-80.33241599987943,33.978678000174874],[-80.33334099961907,33.97762899990889],[-80.33802800003815,33.97231200032713],[-80.33937000042759,33.970788999928324],[-80.33945699956793,33.97067800034973],[-80.33953500028406,33.97056600009779],[-80.33960399988102,33.97045100034422],[-80.33966699963023,33.970330000228245],[-80.33972100005688,33.97020599983226],[-80.33976700008763,33.97008200000049],[-80.33980300007265,33.96995599966177],[-80.33983099966174,33.96982599996803],[-80.33990299963176,33.969272999898436],[-80.33998899984549,33.968611000271544],[-80.34000800011206,33.96845200036234],[-80.34005300031791,33.96807799973189],[-80.3400659998384,33.967943000331395],[-80.34017799999138,33.96679500021413],[-80.34019499970981,33.96662500027352],[-80.34024400011361,33.96630399993679],[-80.34027400025083,33.96601300020703],[-80.34028799959624,33.965942999672805],[-80.34057899984937,33.963446000114914],[-80.34063499992585,33.9629590001128],[-80.34076200014748,33.96184399974874],[-80.340778000041,33.961703000069036],[-80.34080800017823,33.96156800023595],[-80.34083199956935,33.96119100020231],[-80.34086699972947,33.96087499970713],[-80.34093000037697,33.960307000251554],[-80.34098100043059,33.95989200033603],[-80.34105300040062,33.959215999643725],[-80.34113399969314,33.958520000297874],[-80.34116399983037,33.9583010000487],[-80.34122199955671,33.95774900023663],[-80.34127799963319,33.95728699964125],[-80.34130399957246,33.9569740001218],[-80.34137399989267,33.95648099988629],[-80.3413909996111,33.95631699990176],[-80.34141599972546,33.956071999658576],[-80.34145099988555,33.95573099983677],[-80.34145599990843,33.95568199965612],[-80.34154200012215,33.95501400026382],[-80.34157700028224,33.95472499985304],[-80.34164199968126,33.95414699981239],[-80.34168799971202,33.95373700030653],[-80.3417079998035,33.95356399965521],[-80.34178200032167,33.95290699993008],[-80.34194100033032,33.951495000226245],[-80.3419749997672,33.95118900034373],[-80.34200800027747,33.95089500028222],[-80.34203300039184,33.950677999815994],[-80.34206400035397,33.950397999766935],[-80.34207799969937,33.95027000003385],[-80.34217300013391,33.94942000022888],[-80.34221300031689,33.94906700014433],[-80.34225099995172,33.94872399974258],[-80.34227500024117,33.94851900021343],[-80.34229399960942,33.948346000132005],[-80.34239400006686,33.94746100006034],[-80.3424059997624,33.94735600018637],[-80.34240699958733,33.947337999918176],[-80.34250200002188,33.94642899968184],[-80.3425310003342,33.9462080002184],[-80.34257999983969,33.94582699964426],[-80.34258900006053,33.94575099993598],[-80.34259599973322,33.945689999807264],[-80.34263500009128,33.945396000125236],[-80.34270500041148,33.94485500025952],[-80.3427410003965,33.944490999629835],[-80.34274300004631,33.94447200015616],[-80.34275599956678,33.94434100017861],[-80.34280800034365,33.94382399968186],[-80.34281099981837,33.943795999922834]]]},"properties":{"GEOID":"45085000700","TRACT":"000700","NAME":"Census Tract 7","county_name":"Sumter","aland_sqkm":24.458,"is_greater_area":true,"pop_2020":4691,"pop_2010":4604,"has_2010":true,"growth_pct":-10.6,"growth_abs":-486,"density_per_sqkm":168.4,"pct_nonwhite":75.5,"median_income":60466,"median_age":39.9,"median_home_value":107000,"median_gross_rent":986,"poverty_rate":22.3,"pct_bachelors_plus":15.9,"unemployment_rate":1.1,"pct_wfh":2.2,"total_housing_units":1884,"vacancy_rate":15.3,"owner_occ_rate":61.3,"pct_single_family":73.0,"median_year_built":1976,"pop_2014":4380,"pop_2015":4267,"pop_2016":4353,"pop_2017":4422,"pop_2018":4250,"pop_2019":4573,"pop_2021":4741,"pop_2022":4619,"pop_2023":4710,"pop_2024":4563}},{"type":"Feature","geometry":{"type":"Polygon","coordinates":[[[-80.63658400009855,34.082174999822094],[-80.63656599965687,34.08210799967571],[-80.63640099980043,34.0814809997786],[-80.63616300014905,34.08022000033121],[-80.63615999977601,34.08020599985963],[-80.63614200023267,34.08019000016821],[-80.63567100005447,34.0797719997179],[-80.63553100031238,34.07964799990667],[-80.63526299962547,34.079272000161104],[-80.6351160002107,34.079066000142824],[-80.63445800043475,34.07867800006244],[-80.63414299989216,34.07854700013637],[-80.63365499999553,34.07834599985575],[-80.63189400020472,34.07792299993923],[-80.63076299970245,34.07772799972534],[-80.6301889995921,34.07761199998803],[-80.62922399966949,34.07741899982925],[-80.62885200012381,34.07738900016215],[-80.62831499982337,34.077345000284],[-80.62789600042204,34.07736699985389],[-80.6266040002613,34.077438000084136],[-80.62584699985281,34.07779300034257],[-80.6253530001084,34.078275999646046],[-80.625324999621,34.07831899978173],[-80.62481199961003,34.07912799975316],[-80.62480499993733,34.07913899967929],[-80.62474200018814,34.079593999836085],[-80.6245489998443,34.08100100006634],[-80.62452499955484,34.08118399981255],[-80.62440200042951,34.08144500026656],[-80.62420800026077,34.08185800009402],[-80.62414299996341,34.08190699966246],[-80.62340300017172,34.08246900017097],[-80.62310400042097,34.08265199972086],[-80.62281999984053,34.08282600007263],[-80.62251600006691,34.083014000076524],[-80.62234100016472,34.08305500014465],[-80.62207099982798,34.08311899970314],[-80.62130000007416,34.08315999972041],[-80.62106599972242,34.08308100025011],[-80.62052500012234,34.082899000088105],[-80.61950199957509,34.08230600008842],[-80.61913000002941,34.081739000173776],[-80.61911699961063,34.08073299991149],[-80.61920600019741,34.08029199963741],[-80.61930900012958,34.07979200017449],[-80.61980899972176,34.079186000091596],[-80.61989300028566,34.0790830000405],[-80.62001999960896,34.078930000094545],[-80.62014500018074,34.07877599987467],[-80.62022999967124,34.07867400006767],[-80.62054799968855,34.07828699968283],[-80.62059000041967,34.07823700024818],[-80.62136299982333,34.077025000279455],[-80.62143899999131,34.076907000284294],[-80.6216149997184,34.07674399991332],[-80.62171099997788,34.07667099980072],[-80.62212299970652,34.076357999664616],[-80.62299599956762,34.075697999987014],[-80.62330899956207,34.07536299989103],[-80.62366299956439,34.07498499964001],[-80.62395999966532,34.07466599969436],[-80.62419900003992,34.0744120002711],[-80.62459599969996,34.07353799978764],[-80.62477700034823,34.073141999915315],[-80.62480599976223,34.07307800025827],[-80.62484199974725,34.073036999824716],[-80.62487500025753,34.0730019997656],[-80.62509199999249,34.072759999896505],[-80.62517599965808,34.072668000238444],[-80.62548399962965,34.072328999770534],[-80.62568600019435,34.07211299996332],[-80.62579400014938,34.07199800005492],[-80.62660699973601,34.07133799989083],[-80.62742000022098,34.070822999776595],[-80.62750200023675,34.07077700002443],[-80.62816199966251,34.07041400010102],[-80.62841699993062,34.07027500000549],[-80.62875000001657,34.0701089999674],[-80.62921100014901,34.069880999967616],[-80.62983999961263,34.06968800005289],[-80.63044499968514,34.06913900027025],[-80.6309369997797,34.06869500030016],[-80.63095299967326,34.06868100015602],[-80.6311669999335,34.06823800014013],[-80.63091599986332,34.067567999896326],[-80.63037400043834,34.06717100026095],[-80.62944600032566,34.06665299969605],[-80.62897699979727,34.066620999654994],[-80.6278589997138,34.06654600020901],[-80.6264080004427,34.06629399979835],[-80.62480599976223,34.066089000364336],[-80.62364599984596,34.06573099971693],[-80.62245599979246,34.06473600014463],[-80.62106499989751,34.0639109998628],[-80.61967700037559,34.063286999759306],[-80.6194949999024,34.06324199981747],[-80.61849599964461,34.062996000358226],[-80.61743799983559,34.06280500001638],[-80.61618099983492,34.06295199970206],[-80.61612200028371,34.0629759996569],[-80.61595499987912,34.06304199986976],[-80.6157060003571,34.06314100009265],[-80.61545600011183,34.0632400001999],[-80.61529000043048,34.06330600020714],[-80.61513499972146,34.06336700001029],[-80.6148900003974,34.0634659998535],[-80.61465900041873,34.06350399992045],[-80.6144960002121,34.06353100025144],[-80.61424000011907,34.06357399968586],[-80.61354999965775,34.063544999758186],[-80.61318099958682,34.063443999650296],[-80.61304599986761,34.063407999914254],[-80.61271799980454,34.06310800003121],[-80.61256600036688,34.06281800020137],[-80.61227400028885,34.06221700021222],[-80.61233200001516,34.06130399994113],[-80.61291699999616,34.06060300007195],[-80.61336700025797,34.06022399998377],[-80.61407799973736,34.0596260001307],[-80.61434899989902,34.059346000329725],[-80.61435800011984,34.05933600029315],[-80.61451100028071,34.0591780000051],[-80.6145520002886,34.05893099968064],[-80.61461500003779,34.05855200030208],[-80.61448600016635,34.057941999871964],[-80.61420099976101,34.057655999725185],[-80.6138690003983,34.057323999744426],[-80.6135949998636,34.05688999996501],[-80.61346900036521,34.05668999991205],[-80.61273899972093,34.05616299988287],[-80.61233700003804,34.05617399981388],[-80.61207900029518,34.05618199969515],[-80.61183599972262,34.05625599986342],[-80.61119300001529,34.05645199989647],[-80.61094600014309,34.056528000349324],[-80.60961600034747,34.05731199971183],[-80.60943999972207,34.05743199996159],[-80.60897199991693,34.057755000285944],[-80.60887999985542,34.05780099966519],[-80.60871499999898,34.05788399987339],[-80.60836600001953,34.05806199997403],[-80.60821100020883,34.058115000132474],[-80.60803700013156,34.05817700019154],[-80.60747700026491,34.0583730002479],[-80.60712999993527,34.058310000093144],[-80.60694800036039,34.058276999638984],[-80.60641600008283,34.05798199992487],[-80.60625899972399,34.057508999784275],[-80.60644500039515,34.05676699966459],[-80.6067230002295,34.05636800025675],[-80.60694800036039,34.056178000126735],[-80.60767100043365,34.055567999729334],[-80.60776699979482,34.05548500023026],[-80.60810900010159,34.05529899996383],[-80.60947300023236,34.05456100023833],[-80.6099279996187,34.05431599968443],[-80.61022800009268,34.05415400005022],[-80.61111199982443,34.053455999987804],[-80.61143400003971,34.05320299980009],[-80.61195399972338,34.052561000182614],[-80.61256899984163,34.05177300027114],[-80.61262599974303,34.051044999892724],[-80.61257399986451,34.050140000307636],[-80.61233399966498,34.049667000323204],[-80.61211699993,34.04923899989006],[-80.61121999977946,34.048945999938994],[-80.61118200014462,34.048925999643764],[-80.6111300002661,34.048900000220506],[-80.61105200044828,34.04886200030482],[-80.61097399973217,34.04882300002102],[-80.61092299967854,34.04879699982189],[-80.61023999978825,34.04845199997444],[-80.60979700009744,34.04810500023717],[-80.60884600041855,34.0473589996961],[-80.6083919999588,34.04672600014607],[-80.60785800003141,34.04619400027852],[-80.60784600033584,34.04518799999933],[-80.60780600015286,34.04495599984702],[-80.60758400039502,34.0436480001634],[-80.60755799955744,34.04356999999215],[-80.60748099956454,34.04333900029522],[-80.6074560003485,34.04326200025644],[-80.60734599984534,34.043039999772546],[-80.60705600031544,34.0427420001072],[-80.606963000429,34.04264700008619],[-80.60530399984714,34.04181499987612],[-80.60512499974699,34.04172599993674],[-80.60471100036851,34.04152000019548],[-80.60393100039384,34.04113200014073],[-80.60320499994752,34.040770999936576],[-80.6016340001275,34.03988700003354],[-80.60103900010074,34.039551999805106],[-80.60095200006212,34.03938599988829],[-80.60087199969618,34.039398000225006],[-80.60050400034845,34.039858000190506],[-80.59998899978933,34.03999000008888],[-80.59945400003704,34.040248000278375],[-80.5992890001806,34.04036899982275],[-80.59896600014041,34.040765000237734],[-80.59870800039755,34.0410399996449],[-80.59859600024457,34.041122999886255],[-80.59841799996933,34.04119399996549],[-80.59814699980768,34.041277000056205],[-80.5978959997375,34.04132600001779],[-80.59766499975882,34.041382000045544],[-80.59697099999786,34.04146400025879],[-80.59644999959097,34.04146999990819],[-80.59605299993093,34.041437000342576],[-80.5955709998821,34.04134399973832],[-80.5951290000162,34.041370999684126],[-80.59462699987589,34.04131100012369],[-80.5944879999587,34.04131100012369],[-80.59410499964406,34.04135000014053],[-80.59355700037129,34.0414980002513],[-80.59308799984291,34.041552999728744],[-80.59269200000779,34.041619000245554],[-80.59171500038963,34.04159800001903],[-80.591404000045,34.041641999849666],[-80.59123199961755,34.04173000018693],[-80.59073100020044,34.04188399999902],[-80.59047299955927,34.04198300036864],[-80.59015000041738,34.04206500000074],[-80.59000399992921,34.04214199963763],[-80.58978600036932,34.04228499994752],[-80.58968099988903,34.04240099966258],[-80.58942999981886,34.04273099992218],[-80.58931799966587,34.04293399992664],[-80.58919200016749,34.04305000024275],[-80.58915299980943,34.04306099964201],[-80.58913899956572,34.043087999785584],[-80.58893500024955,34.043203999891006],[-80.58860399981342,34.04333599979235],[-80.5881949995595,34.043457000141686],[-80.58808300030483,34.043468000232586],[-80.5877860002039,34.04347300007041],[-80.58757399959349,34.04344600004942],[-80.58733000009433,34.043380000210036],[-80.58707900002416,34.0432640003453],[-80.58687900000761,34.043144000138646],[-80.58681500043352,34.043105000202395],[-80.586715999801,34.043016999803186],[-80.58651099976159,34.042763999728614],[-80.5863059997222,34.04264900018957],[-80.58612800034525,34.0424889999566],[-80.5859690003366,34.04239599976155],[-80.58583700009213,34.04237400004467],[-80.5856520001442,34.04240699999002],[-80.58544700010479,34.04241800021711],[-80.58530200033984,34.042390999860224],[-80.5852720002026,34.0423579999086],[-80.5851109996458,34.04220400021283],[-80.5850110000867,34.04201700015309],[-80.58491900002518,34.04192299975238],[-80.58471399998577,34.04185700021652],[-80.58453599971054,34.04175900013422],[-80.58396800034629,34.041335000250726],[-80.58377599982734,34.04112599972303],[-80.58373099962151,34.04105899986872],[-80.58353200032819,34.04075800009233],[-80.58347899972642,34.04069800009823],[-80.58347899972642,34.04067000023532],[-80.58338599984,34.04054400036575],[-80.5831819996255,34.04034599987343],[-80.58307600021861,34.04027999985477],[-80.58295700039292,34.040230000325245],[-80.58231600033542,34.04005499987878],[-80.58110100016755,34.03964800003025],[-80.58003099976465,34.03910400004722],[-80.5794630004004,34.038905999915265],[-80.57929799964565,34.038822999737526],[-80.57913299978918,34.03865300023203],[-80.5787240004336,34.03810899982267],[-80.57861099955737,34.03802100019488],[-80.57854500033346,34.03791100034567],[-80.57847900021122,34.03771799983924],[-80.5783739997309,34.03750399988667],[-80.57816899969151,34.03727300004503],[-80.57800999968285,34.03715799976043],[-80.57760700017504,34.036998000335],[-80.57740299996053,34.0369490001063],[-80.57715199989038,34.03693199994441],[-80.57700600030049,34.03693799991432],[-80.57683499969797,34.03700400030031],[-80.5766699998415,34.03701499973924],[-80.57656400043462,34.03699300011546],[-80.57642499961914,34.036905000074306],[-80.57639899967985,34.03685599979189],[-80.57633900030372,34.03668500031647],[-80.57625300008999,34.036295000223284],[-80.57618100011997,34.03620700020247],[-80.57607499981476,34.036179000345896],[-80.57594299957029,34.03619599991432],[-80.57581100022412,34.03624000031406],[-80.5757250000104,34.03628900020788],[-80.57552699964367,34.03631700002815],[-80.57536900035824,34.036299999739605],[-80.57511099971707,34.03617400007808],[-80.57495300043165,34.036152000236186],[-80.57466899985118,34.03617400007808],[-80.57427200019114,34.0361299996441],[-80.57405399973295,34.03612500011782],[-80.57340699982765,34.03631199976846],[-80.5731630003285,34.03647699999364],[-80.57296499996178,34.036668999851685],[-80.57280599995313,34.03674099968637],[-80.5726350002489,34.036784000054794],[-80.57248299991294,34.03679000003523],[-80.57194099958963,34.03687299996906],[-80.57149200005107,34.03699900008112],[-80.57097099964417,34.03721299981886],[-80.57050799986189,34.037472000007334],[-80.57023800042346,34.03770800022915],[-80.57000599972154,34.03802700008782],[-80.56987400037538,34.03826900013009],[-80.56974899980361,34.03885199993444],[-80.56958999979496,34.039380000091484],[-80.56947199979416,34.0395610002263],[-80.56940599967193,34.03964399968186],[-80.56927199977763,34.039728999972894],[-80.56893700004187,34.03986900000375],[-80.56888099996539,34.03990500005946],[-80.56882400006397,34.03994100009983],[-80.56861999984947,34.04009500018278],[-80.56846800041183,34.040243000250406],[-80.56842200038108,34.040264999775665],[-80.56823700043314,34.04041900001474],[-80.568058000333,34.0406000001655],[-80.56796600027148,34.0406550002252],[-80.56792600008852,34.040710000249305],[-80.56770199978254,34.04088099979865],[-80.56742399994819,34.04106800012998],[-80.56697500040961,34.0414200003358],[-80.56662499970693,34.04162900013893],[-80.56622200019912,34.04177699976285],[-80.56592500009819,34.04194199977844],[-80.565826000364,34.041969000278264],[-80.56540399969128,34.04201900027138],[-80.56500100018347,34.0419910001002],[-80.56422100020879,34.042090000344906],[-80.56410300020801,34.04212299965638],[-80.56389800016862,34.04220600032664],[-80.56327700020259,34.042558000275534],[-80.56288100036745,34.04272300026036],[-80.56253099966477,34.042936999699414],[-80.56235199956464,34.04300299988349],[-80.56216699961671,34.0430469997296],[-80.56194300020906,34.04306400015462],[-80.56183699990382,34.043053000011376],[-80.56155300022169,34.04297000017006],[-80.56131600039522,34.04283799969906],[-80.56103799966257,34.04273900032757],[-80.56066199991893,34.04266199974395],[-80.56024599999232,34.04262400001024],[-80.55984299958618,34.042689999693586],[-80.55934100034419,34.04293199982998],[-80.55884500005163,34.04309699983153],[-80.55869400043889,34.04316799974697],[-80.5585549996234,34.04320100012773],[-80.55829100003275,34.043228000226726],[-80.55793399965738,34.043228000226726],[-80.55722099962985,34.0431730003468],[-80.55696999955968,34.043117999686885],[-80.55625700043048,34.043025000181586],[-80.55605800023883,34.043030000045526],[-80.55569500001567,34.043128999821754],[-80.55523899990611,34.04333300003373],[-80.55469099973502,34.04352000016914],[-80.5542949998999,34.043574999823974],[-80.55382000042206,34.043668000214815],[-80.55359500029115,34.04369000034039],[-80.55330400003803,34.043684999771045],[-80.55305999964055,34.043695999832316],[-80.55283600023287,34.04368400010374],[-80.55253800030705,34.043635000015776],[-80.55230700032836,34.04355800024575],[-80.55199000013596,34.0434149998493],[-80.55196400019669,34.04338200029613],[-80.55184500037102,34.043315999662624],[-80.55177900024877,34.04323900034728],[-80.55171300012651,34.043205999981296],[-80.55169999970774,34.0431730003468],[-80.55144899963756,34.04291500012281],[-80.55130300004771,34.04281600009683],[-80.55100599994678,34.04268900001456],[-80.55060300043895,34.04257399962944],[-80.54995599963536,34.0422929996506],[-80.54932899982157,34.042079000075276],[-80.54891299989495,34.041979999817784],[-80.54876099955898,34.04196299991978],[-80.54860900012135,34.04197400020446],[-80.54835100037847,34.04202400019463],[-80.54814700016398,34.042090000344906],[-80.54797499973654,34.04216699995904],[-80.54788299967502,34.0422440002477],[-80.54773700008515,34.04249100006371],[-80.54771100014588,34.042605999817006],[-80.54771699999367,34.0428149996749],[-80.54777700026811,34.043228000226726],[-80.54776300002442,34.04352999983832],[-80.54771699999367,34.043679000278345],[-80.54759800016798,34.04388700006011],[-80.54751899962694,34.04398600032457],[-80.54738700028078,34.04409099993738],[-80.5471620001499,34.04424499992842],[-80.54712299979182,34.04425599991704],[-80.54710299970034,34.044288999874425],[-80.54678600040624,34.04449800005079],[-80.54643599970358,34.04476099968686],[-80.54623099966416,34.044882000235994],[-80.54612500025726,34.04489900029317],[-80.54594699998204,34.04489900029317],[-80.54570900033065,34.04479400019208],[-80.54552400038273,34.04467899968405],[-80.54483700029448,34.04416700030627],[-80.54418399964308,34.04378799968008],[-80.54354299958557,34.04355100033082],[-80.54341799991211,34.04352400033471],[-80.54323899981195,34.04351800008626],[-80.54325300005566,34.043441999880166],[-80.54322000044368,34.042947000181705],[-80.54314699975045,34.04271600027657],[-80.54304200016846,34.042512000069124],[-80.54283700012905,34.0422259999738],[-80.54271800030337,34.04208899991443],[-80.54263200008964,34.041950999946],[-80.54242100020244,34.04174299988218],[-80.54221000031525,34.04148999972885],[-80.54190599964332,34.04122599992937],[-80.54180699990913,34.04118199988291],[-80.5411859999431,34.041088000045505],[-80.54084299981142,34.04110500011883],[-80.5404129996411,34.041198000240776],[-80.54019599990613,34.04122500023308],[-80.5397070001846,34.04122500023308],[-80.53941000008368,34.041181000186086],[-80.53878900011765,34.0410769996459],[-80.53828699997733,34.04094999993703],[-80.53821400018239,34.04091700016915],[-80.53813499964136,34.04086200027929],[-80.5380030002952,34.040802000358774],[-80.53766600001131,34.04070300009936],[-80.5374479995531,34.040603999724404],[-80.53711799984022,34.04051599970762],[-80.53677499970854,34.040366999665615],[-80.53634600026146,34.04021800010621],[-80.53608799962028,34.04011399987395],[-80.53593000033486,34.040075000033156],[-80.53548699974574,34.040031000133915],[-80.53540300008015,34.040031000133915],[-80.53454299973954,34.040031000133915],[-80.53421899987444,34.039992999965726],[-80.53411000009449,34.039933000174905],[-80.53397000035241,34.03984899980083],[-80.53385900002434,34.03979199979205],[-80.53378200003145,34.039759000317964],[-80.53342499965606,34.039637000188335],[-80.53340299991474,34.03952599974096],[-80.53336899957957,34.03931300034671],[-80.53329900015767,34.039106000234135],[-80.53327099967026,34.03903900027292],[-80.53318500035485,34.038873999820495],[-80.53310900018688,34.03874500033949],[-80.5327519998115,34.038677000366796],[-80.53233400023508,34.03857400020577],[-80.53217000020354,34.03852500014306],[-80.53204999965462,34.038481999912854],[-80.53197400038496,34.038445999997585],[-80.5318150003763,34.038324000212576],[-80.53169999985025,34.03821699995162],[-80.53151599972725,34.03801600003563],[-80.53131999990866,34.037965999915926],[-80.53103600022654,34.03787299997211],[-80.53078900035432,34.0377999998728],[-80.53071099963819,34.03777000032361],[-80.53047299998684,34.037469999781884],[-80.53037300042772,34.03735199979415],[-80.53016500001526,34.03707899983058],[-80.53001000020457,34.03686300025938],[-80.53000299963355,34.03675599964426],[-80.53003399959569,34.03654299999388],[-80.53005899971004,34.03647300024012],[-80.53013200040328,34.03629699973207],[-80.5301459997487,34.03622999978532],[-80.53014499992378,34.03619699966988],[-80.53013200040328,34.03616700029822],[-80.53010700028892,34.03613799992777],[-80.53000799965642,34.03605700027802],[-80.52998000006734,34.036029000371954],[-80.5297239999743,34.035696000062316],[-80.52966000040018,34.035562999673964],[-80.52958500005711,34.03543400036865],[-80.52951999975978,34.035340000116506],[-80.52942699987337,34.03517899972781],[-80.52938400021566,34.035116000204546],[-80.52937699964465,34.03508100011835],[-80.5293509997054,34.03476000005802],[-80.52933900000981,34.03468899980409],[-80.52931800009343,34.03461999978351],[-80.5292729998876,34.0345190002024],[-80.5292389995524,34.03441499968256],[-80.52920500011552,34.03434900026003],[-80.5291609997346,34.034287999676536],[-80.52906799984818,34.034195000167],[-80.52906600019837,34.03414700033227],[-80.52903799971095,34.03396999968326],[-80.52899000003038,34.03383199990517],[-80.52893499977878,34.03373500001315],[-80.52888700009821,34.033634999908614],[-80.52886600018181,34.03360399984483],[-80.52874599963289,34.033455000316714],[-80.52871600039397,34.033428999872605],[-80.52864600007379,34.03338600003687],[-80.52853300009589,34.03333200026426],[-80.52849100026309,34.03332200013717],[-80.52836099966844,34.03332399971604],[-80.52831899983563,34.03333499963214],[-80.52828000037589,34.033350000192264],[-80.52816900004781,34.033407000063235],[-80.52804199982621,34.03350500011757],[-80.52792899984829,34.03361399993869],[-80.52780699964956,34.03371700016683],[-80.52782500009123,34.033786999961386],[-80.52784699983253,34.03396500002963],[-80.5278660000991,34.034035000364064],[-80.5278939996882,34.03424800035627],[-80.52793899989405,34.034386000202],[-80.52771399976315,34.034685999739644],[-80.52768799982387,34.03471400008902],[-80.52750799989882,34.03487000027114],[-80.5274719999138,34.03489000015922],[-80.52724500013308,34.03499599963619],[-80.52712299993435,34.03503300004048],[-80.52703699972062,34.035046000017715],[-80.52690700002428,34.03505399965917],[-80.52686400036657,34.03505100035202],[-80.52656499971752,34.035010000133084],[-80.52652100023491,34.035010000133084],[-80.52638300014263,34.035010000133084],[-80.52618399995102,34.03493800031805],[-80.52583499997155,34.03474000013931],[-80.52537899986197,34.034519999977725],[-80.52520099958676,34.03453600010347],[-80.52508799960883,34.03452500034304],[-80.5248380002619,34.034459000261634],[-80.52450699982577,34.03429999999001],[-80.52395299980691,34.03394800001418],[-80.5237610001863,34.033865000196215],[-80.52308099977073,34.03381499986307],[-80.52297600018875,34.03378799974534],[-80.52273799963906,34.033666999746465],[-80.5223819999869,34.033407999851676],[-80.5221839996202,34.03331500012192],[-80.52168800022595,34.0331279998204],[-80.52145700024727,34.03299599966597],[-80.52125899988056,34.03284200009469],[-80.52116699981904,34.0327870001801],[-80.52107399993264,34.03275400021419],[-80.52092300031988,34.032758999939134],[-80.52081700001467,34.0327870001801],[-80.52065200015824,34.03289600017923],[-80.52051300024105,34.033044999944636],[-80.52040699993586,34.033122000325406],[-80.5201430003452,34.03320400033507],[-80.52003100019222,34.033319999813806],[-80.51988499970402,34.033561000097784],[-80.51976000003057,34.0336820002479],[-80.51954900014339,34.033737000326724],[-80.51944299983816,34.03372599971824],[-80.51934400010396,34.03368799970328],[-80.51916599982872,34.033567000306185],[-80.5184329997097,34.03288999992337],[-80.51834700039429,34.032830000319436],[-80.51818900021055,34.0327800001207],[-80.51798400017114,34.03275299967365],[-80.51787200001816,34.03275800014311],[-80.51778599980442,34.032802000092666],[-80.51753499973425,34.032839999760064],[-80.51736999987781,34.0329119998668],[-80.51729700008289,34.03297200015721],[-80.51719099977767,34.03302200024279],[-80.51687399958526,34.033142999672734],[-80.51678900009478,34.03315400035676],[-80.51677499985107,34.033176000231734],[-80.51647799975014,34.03327399980844],[-80.51626000019024,34.033395000367896],[-80.51612799994578,34.03349999969213],[-80.51606199982355,34.03353300011233],[-80.51601599979277,34.03359299996354],[-80.51594999967054,34.033620999929255],[-80.51591000038589,34.033675000262356],[-80.51587000020291,34.03368699991815],[-80.51575100037724,34.03379099984159],[-80.51568500025498,34.03381799995831],[-80.51563900022423,34.033872999948976],[-80.51546699979679,34.03397199999124],[-80.51482699956418,34.03449399986002],[-80.51448900035369,34.03492900015078],[-80.51441700038369,34.03509899967532],[-80.51440300013996,34.035231000279765],[-80.51421800019205,34.03588500017715],[-80.51415899974252,34.036226000020164],[-80.51404599976459,34.03650600024819],[-80.51396700012188,34.03660500019542],[-80.51376200008247,34.036765000362124],[-80.51300200019926,34.03719299973405],[-80.51271799961883,34.03739600033869],[-80.51261899988464,34.03752300015823],[-80.51250699973164,34.037819999814445],[-80.51234100005028,34.03832499994306],[-80.51217600019386,34.038694000178964],[-80.51193799964416,34.03905600001254],[-80.51169300032008,34.03927600032053],[-80.51145599959531,34.03940799963584],[-80.51074900031388,34.03976000003153],[-80.5105180003352,34.03980400007136],[-80.51010200040858,34.039819999944804],[-80.50981700000324,34.039835999815274],[-80.50901199991421,34.04006099962783],[-80.50887999966972,34.040126999816906],[-80.50861500025417,34.040177000151544],[-80.50842399956014,34.04017099966635],[-80.508252000031,34.040105000255856],[-80.5080810003268,34.040021999762615],[-80.50775099971558,34.03980799966781],[-80.50746700003344,34.039664999647854],[-80.50654200029382,34.03932900031277],[-80.50629100022367,34.039285000026595],[-80.5060340003057,34.03926300024708],[-80.50574999972525,34.03931799968508],[-80.50561099980808,34.039377999911025],[-80.50546600004313,34.0394770002282],[-80.50526699985151,34.0398069999548],[-80.50514200017803,34.040054000168674],[-80.5049630000779,34.04067000023532],[-80.50492999956761,34.04092799984507],[-80.5049560004052,34.041181000186086],[-80.50491000037445,34.041230999899376],[-80.50484400025219,34.0414010001928],[-80.50468500024354,34.041527000277995],[-80.50431500034767,34.04167599977089],[-80.5038659999108,34.04181299975302],[-80.5033370000063,34.042015999721734],[-80.50314600021059,34.04211499993726],[-80.50308000008833,34.04213100011912],[-80.50272299971296,34.04236200012898],[-80.50261099955998,34.04240600030764],[-80.50253100009235,34.04247200016065],[-80.50234000029664,34.04257099984387],[-80.50208900022646,34.04273000024362],[-80.50202899995202,34.04274699998782],[-80.50198299992125,34.04279599984449],[-80.50191699979902,34.04282300007236],[-80.50184200035426,34.04287800017928],[-80.50152699981167,34.04310899964317],[-80.5011970000988,34.04356000032763],[-80.50101100032595,34.04378000011801],[-80.5008730002337,34.04391199986711],[-80.50072699974552,34.044031999731416],[-80.50034400032918,34.04425799998252],[-80.50004700022828,34.04437300031711],[-80.49994799959575,34.04438900007296],[-80.49986200028034,34.04437800010158],[-80.49978100008948,34.04437899976066],[-80.49967499978428,34.04436300000292],[-80.4995700002023,34.04436799978798],[-80.49954300043811,34.04436799978798],[-80.49931900013213,34.044389999731955],[-80.49923999959108,34.044400999701786],[-80.49910099967393,34.04445099974978],[-80.49897500017553,34.04451700024431],[-80.49871099968657,34.04477000029961],[-80.49854699965506,34.04490199999645],[-80.4985070003704,34.04492999995081],[-80.49840799973788,34.0449850001799],[-80.49830900000367,34.0450669998868],[-80.49813099972843,34.04519899986568],[-80.49807800002499,34.045226999722],[-80.49799900038228,34.045260000045865],[-80.49784000037363,34.045304000209654],[-80.49747700015047,34.04537000004031],[-80.49739099993674,34.04538099988301],[-80.49727899978375,34.04536500031431],[-80.49681600000147,34.045226999722],[-80.49636699956459,34.045156000041736],[-80.49633399995261,34.045156000041736],[-80.49623500021843,34.04513999968624],[-80.4958390003833,34.045117999936835],[-80.49564100001659,34.045090999695226],[-80.49548899968062,34.04505800004992],[-80.49520499999848,34.04498599983187],[-80.49502599989835,34.04495900029258],[-80.49453100032902,34.04494799965078],[-80.49416800010586,34.04490400004663],[-80.49398300015794,34.04487100032857],[-80.49373200008777,34.04483300009595],[-80.49321700042695,34.044745000001186],[-80.49295899978578,34.04467399991733],[-80.49276100031737,34.04463600034079],[-80.49268199977634,34.04463000017106],[-80.49260200030872,34.04463600034079],[-80.49236499958394,34.04469100001619],[-80.49219899990258,34.04470199994703],[-80.4920669996581,34.04468499985036],[-80.49182999983164,34.04464100010976],[-80.49174399961792,34.04463099982717],[-80.49169099991447,34.04462499965708],[-80.49120200019291,34.044598000002864],[-80.4911159999792,34.0445870000586],[-80.49082599955098,34.04450999966423],[-80.49067400011333,34.0444989997085],[-80.49040299995167,34.04450999966423],[-80.49001999963703,34.044559999647916],[-80.48969599977193,34.04457100034004],[-80.48944499970176,34.04458200028644],[-80.48923399981456,34.044636999996875],[-80.48909499989739,34.044703000346644],[-80.48891699962216,34.04476400013931],[-80.48871199958275,34.04480199965849],[-80.48869900006227,34.04480799981611],[-80.48867300012301,34.04481300031923],[-80.48847499975629,34.04484600005992],[-80.4883690003494,34.04487400003278],[-80.48826999971688,34.04492300014919],[-80.4882429999527,34.044944999949195],[-80.48821100016565,34.04498900027636],[-80.48817799965536,34.04506099974753],[-80.48816400030998,34.045160000130146],[-80.48813800037071,34.04524799979424],[-80.48807899992117,34.04532500026286],[-80.48803200006549,34.045363000275],[-80.48798000018697,34.04539100007715],[-80.48796599994326,34.04540699964093],[-80.48789999982102,34.045435000172965],[-80.48779500023903,34.045435000172965],[-80.48766899984233,34.04542900005972],[-80.4875109996586,34.04540800003228],[-80.48711399999857,34.04539700019308],[-80.48699599999779,34.045401999917125],[-80.48661900042924,34.0454850003556],[-80.48655300030698,34.04549000007445],[-80.48647999961375,34.0454850003556],[-80.48610399987011,34.045418999870066],[-80.4860050001359,34.04541400014701],[-80.48582000018799,34.04542499998401],[-80.48573399997427,34.04544699965378],[-80.48554300017855,34.045540000224726],[-80.48549600032288,34.04557899978545],[-80.4853640000784,34.04565599995349],[-80.48506100012969,34.04579300020522],[-80.4849620003955,34.045847999874574],[-80.48487600018179,34.0459090003323],[-80.4846250001116,34.046106999746186],[-80.4843999999807,34.04620099997528],[-80.48414300006276,34.0462500000692],[-80.48398400005411,34.04631100023769],[-80.48393800002334,34.04633800009085],[-80.4838789995738,34.04638199969523],[-80.48360099973945,34.04654699968316],[-80.48354200018821,34.046602000352145],[-80.48339700042328,34.04671200009437],[-80.48333700014882,34.046750999860464],[-80.48317200029237,34.046799999636555],[-80.48303400020012,34.046865999791514],[-80.48291500037442,34.04697599993559],[-80.48284900025219,34.04705900032205],[-80.4828159997419,34.0471139999146],[-80.48277599955892,34.04721799975036],[-80.48274299994698,34.047322999827266],[-80.48266400030425,34.04751000009595],[-80.48260499985471,34.04760899985233],[-80.48255200015126,34.047685999665624],[-80.48250299974747,34.04771099984131],[-80.48248600002903,34.04772400010841],[-80.4824070003863,34.04776300015334],[-80.4822090000196,34.0478230003592],[-80.48216899983663,34.04784500015117],[-80.48214200007244,34.0478510000934],[-80.48189199982718,34.04795499976955],[-80.48182499988003,34.04798799977612],[-80.48148900031937,34.048252000110445],[-80.4814559998091,34.04826300032367],[-80.48144300028862,34.04828500000142],[-80.48123099967819,34.04847199963716],[-80.48119200021844,34.04851600036719],[-80.48115899970817,34.048532999695816],[-80.48112600009621,34.04856000033004],[-80.48109299958593,34.048614999693264],[-80.48101999979099,34.04868699980721],[-80.48096100023977,34.04876899965577],[-80.48088800044482,34.04892300008283],[-80.48089500011753,34.04897299969739],[-80.480907999638,34.04903499974417],[-80.48091500020901,34.049066000122686],[-80.48090099996531,34.04913799985365],[-80.48086800035335,34.049220000010315],[-80.48084099969086,34.04927400008833],[-80.48075000035256,34.04945699989023],[-80.48058499959781,34.04974300016032],[-80.48044599968064,34.049994999916244],[-80.4802809998242,34.05023700004609],[-80.48024099964124,34.05027100024271],[-80.480069999937,34.05049599990881],[-80.48004300017283,34.05054000033272],[-80.47997899970042,34.05062599970836],[-80.47996399963179,34.05063900027275],[-80.47987199957029,34.050775999916375],[-80.47972699980534,34.05096300001249],[-80.47962800007113,34.05107300005151],[-80.47960799997963,34.05109000035602],[-80.47946900006247,34.05127699975956],[-80.47940999961293,34.0514030000564],[-80.47936399958218,34.05154599963483],[-80.47935000023678,34.05161800023696],[-80.47932400029751,34.051952999691146],[-80.47929800035824,34.05208000004025],[-80.47927099969576,34.052178999670545],[-80.47921200014451,34.05227799992952],[-80.47911300041031,34.05237700007289],[-80.47888200043162,34.05259099970959],[-80.47878899964691,34.052717999847225],[-80.47875000018716,34.052783999861155],[-80.47856500023924,34.05310300032075],[-80.47843299999475,34.05323999970405],[-80.47823499962804,34.05340999973923],[-80.47810999995455,34.05356399992332],[-80.47801000039546,34.05371299984973],[-80.47796400036471,34.053801000312596],[-80.47792500000665,34.053801000312596],[-80.47787800015098,34.05381199980583],[-80.47769999987575,34.053867000227655],[-80.47740299977482,34.0539499998224],[-80.4773169995611,34.053961000040566],[-80.47717799964393,34.0539720002573],[-80.4770200003585,34.05396600000397],[-80.47682199999177,34.05393300009139],[-80.47671599968656,34.05390599967971],[-80.47654400015743,34.05385100002746],[-80.47631999985146,34.05375200011686],[-80.47620100002574,34.0537249996476],[-80.47617400026158,34.05370799987141],[-80.47565899970246,34.05365300009069],[-80.47562600009049,34.053659000366196],[-80.47514400004164,34.053593000289204],[-80.4749790001852,34.05358700000898],[-80.47474099963551,34.053588000303805],[-80.47469499960475,34.053593000289204],[-80.47441099992261,34.05368699966166],[-80.47431200018842,34.053730999918],[-80.47411999966948,34.053906999970785],[-80.47405400044558,34.05400000019365],[-80.47401500008749,34.05408299965817],[-80.47398800032332,34.05417599968796],[-80.47398199957723,34.05432399974105],[-80.47398800032332,34.05448899990294],[-80.47401500008749,34.05476400020338],[-80.47399499999602,34.05504499978905],[-80.4740019996687,34.05515499974139],[-80.47402199976021,34.05522100009075],[-80.47412100039273,34.05543000011395],[-80.47428600024917,34.05569300007683],[-80.47439800040215,34.05589099971424],[-80.47444500025782,34.05605099996292],[-80.47447100019708,34.05619899971939],[-80.47445100010559,34.056441000001534],[-80.47442500016632,34.05655099963078],[-80.47431899986111,34.05677099994946],[-80.47428000040136,34.05683099973428],[-80.47419400018765,34.05693599981374],[-80.4739299996987,34.05714500007379],[-80.473810999873,34.05722200015725],[-80.47338200042593,34.05744200022281],[-80.47334899991564,34.057452999987824],[-80.47318400005919,34.05753599979256],[-80.47299900011126,34.057655999725185],[-80.4727680001326,34.05787600015276],[-80.47266199982738,34.0579920001212],[-80.47228600008374,34.05828900027924],[-80.4722330003803,34.05829999993434],[-80.4722330003803,34.05832099974552],[-80.47222599980928,34.05833800008501],[-80.47217999977853,34.058370999771185],[-80.4719880001579,34.058536000241965],[-80.47194899979985,34.05858000021399],[-80.47192200003569,34.058602000191485],[-80.47181699955537,34.05877300012606],[-80.47168500020922,34.05915799989113],[-80.47156600038352,34.05942199967609],[-80.47142699956804,34.05964700035756],[-80.4713610003441,34.059730000246454],[-80.47128199980308,34.059811999832725],[-80.47105800039542,34.05999399973816],[-80.47095899976289,34.060054000218315],[-80.47087900029527,34.060086999980584],[-80.47054200001136,34.06024099994155],[-80.47044300027719,34.06026900003971],[-80.4703110000327,34.06028000018206],[-80.47018600035922,34.06026900003971],[-80.47008699972669,34.06024099994155],[-80.46997399974879,34.06019700008758],[-80.46988800043339,34.06015900002617],[-80.46981599956504,34.06011999972997],[-80.4696640001274,34.06002700026797],[-80.46929400023154,34.05981799967226],[-80.46899600030571,34.05968600012719],[-80.46889699967319,34.059659000059625],[-80.46856699996032,34.059609000049555],[-80.46844200028684,34.05959900004401],[-80.46832299956284,34.05960399967484],[-80.46824300009521,34.0596260001307],[-80.46802600036024,34.059709000040144],[-80.46798600017728,34.05974700030332],[-80.4679459999943,34.05976899997789],[-80.46782100032082,34.059956000329954],[-80.46764899989337,34.060440000332044],[-80.4676430000456,34.06054999998088],[-80.46765599956608,34.060681999668724],[-80.46765599956608,34.06073100032362],[-80.46757000025066,34.06095100021156],[-80.46756299967964,34.0610059997222],[-80.46757000025066,34.06106699969247],[-80.46760299986262,34.06114900021776],[-80.4676299996268,34.061193000321694],[-80.46776199987127,34.061357999763764],[-80.46788099969697,34.06145699972136],[-80.4679469998192,34.06152799989035],[-80.4680659996449,34.06168200020966],[-80.46810500000296,34.06181400036695],[-80.46812500009443,34.06191900022686],[-80.46809900015518,34.06218799982012],[-80.46810599982788,34.062260000313394],[-80.4681719999501,34.06248500015815],[-80.46815199985863,34.06258400028756],[-80.46812599991935,34.06263299984274],[-80.46803300003293,34.062743000366105],[-80.46790099978845,34.062859000371006],[-80.4677490003508,34.06295199970206],[-80.46758399959604,34.06301799993359],[-80.46734599994468,34.06310599966628],[-80.46713500005747,34.063178000123735],[-80.46702299990449,34.06322700007966],[-80.46682399971286,34.06334300016617],[-80.46672499997867,34.063414000243405],[-80.46655400027443,34.06350799988734],[-80.4662560003486,34.063688999865946],[-80.46606499965458,34.06379399963528],[-80.46585399976739,34.063892999723784],[-80.46575400020828,34.06394800030186],[-80.4657149998502,34.06397499974716],[-80.46560900044331,34.064030000272005],[-80.46551700038181,34.06409100029813],[-80.46479000011057,34.06467899975019],[-80.46455900013189,34.064850000074216],[-80.46449300000965,34.06488300020147],[-80.4644329997352,34.06490500003109],[-80.46430100038903,34.06493199991569],[-80.46408299993082,34.064959999952265],[-80.46393800016587,34.06501499983774],[-80.46379300040091,34.06509700026372],[-80.46362099997346,34.06522900031081],[-80.46346299978971,34.06538900004715],[-80.46334999981181,34.06552599966495],[-80.46328399968958,34.065598000298756],[-80.46326399959808,34.065647000343695],[-80.46322500013834,34.06565799978792],[-80.46314599959732,34.065730000309564],[-80.46296099964938,34.06586700012022],[-80.46290100027323,34.06587800028011],[-80.46285500024248,34.06592800031228],[-80.46268299981503,34.066004999857654],[-80.46250500043811,34.06609300020922],[-80.46237300019365,34.06614800010347],[-80.46222699970546,34.06623600030645],[-80.4619830002063,34.06642799975566],[-80.46172600028835,34.06665899979543],[-80.46148100006596,34.0668519999127],[-80.46123699966849,34.06706100027651],[-80.4611179998428,34.06714300021083],[-80.46096600040516,34.067220000140345],[-80.46068199982471,34.06735199985683],[-80.46048400035632,34.067457000296194],[-80.4602790003169,34.06758300035405],[-80.46016700016389,34.06763800002528],[-80.45994899970569,34.0677370000876],[-80.45982300020731,34.06781400022152],[-80.45969799963554,34.06790800019347],[-80.4596249998406,34.0680009999364],[-80.45948000007564,34.068270999692004],[-80.45937399977042,34.06848000027626],[-80.45934100015847,34.068573000135494],[-80.45928199970892,34.06880400028038],[-80.459208999914,34.06901800011351],[-80.45900399987458,34.06941399991617],[-80.45896500041484,34.06956800004233],[-80.45890500014038,34.06974999983054],[-80.45885200043693,34.069892999708735],[-80.45879299998738,34.06998600024936],[-80.4587529998044,34.07003600008969],[-80.45873400043617,34.07010699976769],[-80.45869400025319,34.070123999975245],[-80.45865400007021,34.070172999635105],[-80.45845599970349,34.070326999869835],[-80.45840300000005,34.070360000096365],[-80.45820499963334,34.07046399968881],[-80.45809300037865,34.07051399999117],[-80.45806599971615,34.07051899972218],[-80.45785499982897,34.070618000138694],[-80.45773600000327,34.07067899988677],[-80.45769699964522,34.070706000163796],[-80.4575970000861,34.070794000097486],[-80.45756399957583,34.07084400020515],[-80.45753799963654,34.07093199999548],[-80.4574980003519,34.07103599962988],[-80.45743200022966,34.07109100003596],[-80.45733299959714,34.07114599966227],[-80.45722800001515,34.071196000306315],[-80.45700299988425,34.07127300027298],[-80.45687099963978,34.0712949999317],[-80.45679199999707,34.0712949999317],[-80.45650099974392,34.071306000130974],[-80.45634900030628,34.07130000036069],[-80.45591300028819,34.071262000069424],[-80.45587300010521,34.071239999658005],[-80.45554300039232,34.07120699977431],[-80.4553580004444,34.071202000083964],[-80.45515300040499,34.071202000083964],[-80.45482899964158,34.071239999658005],[-80.45466399978514,34.07122399976113],[-80.45422199991926,34.071152000187595],[-80.45410300009358,34.07114099996834],[-80.45403199994847,34.07113999988067],[-80.4536339995652,34.07113600027405],[-80.4534160000053,34.07115799996836],[-80.45325000032395,34.071202000083964],[-80.45318400020173,34.07122900019431],[-80.452985999835,34.071279000045166],[-80.45288100025302,34.07131199990082],[-80.45272200024436,34.07137800031769],[-80.45261000009135,34.07144399993908],[-80.45243799966391,34.071609000255684],[-80.4523520003485,34.07169699999551],[-80.45227899965525,34.07180100017896],[-80.45217999992104,34.071965999800234],[-80.45215399998179,34.072021000346716],[-80.45210100027835,34.07221899978597],[-80.45200900021683,34.07262600028045],[-80.45199599979804,34.072735999736516],[-80.45200199964583,34.07279099978302],[-80.45198199955435,34.07294499972337],[-80.45198900012534,34.07301100035616],[-80.45198199955435,34.07305500025345],[-80.45197599970655,34.07319200012532],[-80.45197599970655,34.073313000273295],[-80.45207500033906,34.073560999661375],[-80.45214800013402,34.073775000127924],[-80.45216099965448,34.07389099991151],[-80.452140999563,34.074050000350965],[-80.45212100036981,34.0741269999558],[-80.45207500033906,34.07420400023476],[-80.45200199964583,34.0742969997632],[-80.45193600042191,34.07436899964009],[-80.45166500026025,34.074588999835434],[-80.4516059998107,34.07461600035438],[-80.4515000004038,34.074654999931404],[-80.45137499983201,34.07468199968528],[-80.4509920004157,34.07474300022745],[-80.450866000019,34.07475399997897],[-80.45069399959154,34.07476200033852],[-80.45075100039126,34.07485399995466],[-80.45093299996616,34.07517299993634],[-80.45157300019874,34.07630799983524],[-80.4523799999376,34.07779500036075],[-80.45299500005584,34.07890200021068],[-80.45335400008103,34.07955900025424],[-80.45351999976239,34.07985399999737],[-80.45372999982466,34.08018600024485],[-80.45401000020715,34.08064399991125],[-80.45443100015663,34.081282999668915],[-80.45461000025678,34.08154499978265],[-80.45480299970231,34.081803999944604],[-80.45504899974961,34.08212099987481],[-80.45530300019283,34.08246099979538],[-80.45573300036314,34.08297799972821],[-80.45602200006813,34.083311000320464],[-80.45620500036624,34.08350600032746],[-80.45653500007913,34.083901000167415],[-80.4566539999048,34.0840610003505],[-80.45671300035436,34.08412399995831],[-80.45698000031803,34.08453800004139],[-80.4571679997407,34.0849130002888],[-80.45730199963499,34.08524400012519],[-80.45741100031326,34.08554099998737],[-80.45747300023756,34.08578900002604],[-80.45750199965156,34.08592700004497],[-80.45766800023122,34.086848999683546],[-80.45781600036922,34.08763099992229],[-80.45784800015628,34.0878200003081],[-80.45785900002693,34.08797199992642],[-80.45786599969962,34.088150999939586],[-80.45786499987472,34.0881929996385],[-80.45786099967675,34.08832600003549],[-80.45782600041495,34.0886180000958],[-80.45779600027774,34.08877699966952],[-80.45770800041419,34.08908900015486],[-80.45764399994177,34.089398999746244],[-80.45762600039843,34.08950899973642],[-80.45760299993388,34.08983199978089],[-80.45760899978167,34.09014200037141],[-80.45761700017759,34.090321000260204],[-80.45764099956871,34.09048600025467],[-80.45770099984317,34.090774999993045],[-80.45773299963022,34.09089899987691],[-80.45781399982107,34.09115099999324],[-80.45787099972249,34.0912850000566],[-80.45801300001271,34.091550999853744],[-80.45809099983052,34.09170200036791],[-80.45865999991801,34.09280499986069],[-80.4587369999109,34.09294400017653],[-80.45891699983595,34.09330599967629],[-80.45902300014116,34.09353399984895],[-80.45937999961824,34.09456100027623],[-80.45981800018446,34.095867000130745],[-80.45990299967494,34.09608700026814],[-80.4599279997893,34.096138000113484],[-80.4599849996907,34.09625299997296],[-80.460054000186,34.09637700001507],[-80.46025900022542,34.09668400033945],[-80.46034500043915,34.09679500031832],[-80.46048400035632,34.09695000027986],[-80.46069799971823,34.09715800023807],[-80.46097200025295,34.09737599969572],[-80.4610829996827,34.09745700025877],[-80.46150600018032,34.09770099976905],[-80.46211799992552,34.09801099980909],[-80.46232200014,34.09811900022822],[-80.46251399976065,34.09823699967453],[-80.46297599971801,34.09856399968855],[-80.46316700041203,34.09872399968319],[-80.463672999852,34.09916499991105],[-80.46421000015242,34.09962199981419],[-80.46458500007117,34.09995399990848],[-80.46486000043078,34.10022999965858],[-80.4651650000293,34.10056300008321],[-80.46543399964281,34.10088100017692],[-80.46558900035181,34.10107599988194],[-80.46601500032418,34.10168000004189],[-80.46682899973572,34.102839000003215],[-80.46731599980744,34.103492999650335],[-80.4677209998634,34.10395799981526],[-80.4678909997427,34.10411200034794],[-80.46806700036811,34.104245000278105],[-80.46854600004393,34.10456000010096],[-80.46879200009121,34.10469700032385],[-80.46883800012198,34.10471900022496],[-80.4690239998948,34.104808000206056],[-80.46922599956117,34.10490400014753],[-80.4693260000186,34.10495400019792],[-80.4701210000619,34.10534500015295],[-80.4710230002353,34.105837999719895],[-80.47138399991033,34.106046000146534],[-80.47166299956959,34.10625699982442],[-80.47198599960977,34.106575999758874],[-80.47248199990233,34.107138000133205],[-80.4728109997903,34.10754999991536],[-80.4729380000119,34.1077330002872],[-80.47323199973977,34.10822400002795],[-80.47359499996293,34.10888399978586],[-80.47376700039038,34.109209000287656],[-80.4740779998367,34.10979599998426],[-80.47411299999679,34.10987400018092],[-80.48131799971682,34.11262199988377],[-80.48096999956228,34.11686999972793],[-80.48061200026032,34.12123699997339],[-80.48029099986995,34.12515300033674],[-80.48029300041809,34.125503999760205],[-80.48035299979422,34.13152199981745],[-80.48034799977135,34.13828099981166],[-80.48036799986284,34.14279799968965],[-80.48034600012153,34.14323799987429],[-80.4803579998171,34.14324499972861],[-80.48035600016728,34.14338599964446],[-80.48035199996932,34.14356099998253],[-80.48031900035735,34.14518500019364],[-80.48030699976347,34.145772999891605],[-80.48029400024298,34.14641299991322],[-80.48023499979347,34.149404999834985],[-80.48021999972484,34.15015299998358],[-80.48021899989992,34.150227999687765],[-80.48011500014285,34.15542099983553],[-80.4800980004244,34.15628000018565],[-80.47998100024854,34.16219400009503],[-80.4799569999591,34.16340299976865],[-80.47988800036214,34.16706800010011],[-80.47985700039999,34.168695999670035],[-80.48081800012463,34.16805299999031],[-80.48194600025386,34.16729799998632],[-80.48198600043682,34.16727100005799],[-80.48634700044266,34.16434999994578],[-80.48967499985554,34.16212000036676],[-80.48969900014498,34.16210399981432],[-80.4897700002901,34.162026999993465],[-80.49019700008735,34.16172800008144],[-80.49030900024034,34.161648999651895],[-80.49044399995957,34.16155300021596],[-80.4922700000477,34.160254999821824],[-80.49705500037606,34.156856999731986],[-80.49708100031533,34.15683800021423],[-80.49980100018097,34.15504299965546],[-80.50198700011921,34.15370500013854],[-80.50422199956296,34.15201100000555],[-80.50678800034112,34.15016500023812],[-80.50679699966362,34.15015900011103],[-80.50738800039075,34.14976500025233],[-80.50754900004921,34.14965700036257],[-80.50762299966907,34.149606999981394],[-80.50768499959334,34.149566000196856],[-80.50837400022975,34.149104000016216],[-80.51029700040226,34.147814000220436],[-80.51301499971976,34.145990999693026],[-80.51305900010068,34.145960999801474],[-80.5145739998442,34.144945999919095],[-80.51460200033159,34.14492699995229],[-80.52238500035996,34.13971200028511],[-80.52910200018336,34.13521200028296],[-80.53572699994527,34.13061799996138],[-80.53599399990895,34.1304329997681],[-80.53834600042686,34.12880000023274],[-80.53837400001595,34.12878100035352],[-80.54360200003511,34.12515200014347],[-80.54597100027146,34.1235740002491],[-80.54608699972412,34.12349700025749],[-80.54936999982944,34.12124599989785],[-80.5495639999982,34.121112999924776],[-80.54962199972452,34.12107299994231],[-80.5497330000526,34.12099700014649],[-80.54974399992325,34.120988999694376],[-80.54975899999187,34.12097900024361],[-80.54987500034281,34.12089999963276],[-80.55225499955152,34.119264000347364],[-80.55600899983506,34.11668899962916],[-80.55678100031213,34.116157999861244],[-80.55685999995482,34.1161040000258],[-80.55826000007062,34.11514299977746],[-80.5621099997153,34.11263699979796],[-80.56821700034165,34.10847700027103],[-80.56945099987777,34.10763699983666],[-80.57103299956843,34.106559999844436],[-80.57626499978555,34.102986000128844],[-80.57652900027452,34.10277699990399],[-80.576549000366,34.102761000014965],[-80.5779369998879,34.10164599964739],[-80.57808099982796,34.101549000000176],[-80.57816399966863,34.10148999963123],[-80.57827199962368,34.10141400009134],[-80.57849799957947,34.10126100033103],[-80.57917600034521,34.100697000123326],[-80.5801100003057,34.09994899968368],[-80.58043099979774,34.09997199982258],[-80.58224799966504,34.100100999838894],[-80.58237700043478,34.1001099997808],[-80.58382500023114,34.10021100005499],[-80.58503500037612,34.10029700034078],[-80.58610599970564,34.10037300013998],[-80.5884680002693,34.10054099984536],[-80.59276700035086,34.100845999724534],[-80.59438699967636,34.10096099988138],[-80.59771099978958,34.101198000086804],[-80.59936299980043,34.101317000178184],[-80.59969800043451,34.10134099967623],[-80.60348799980474,34.10160900005584],[-80.60351000044436,34.1016419999939],[-80.60440300039694,34.10167100026696],[-80.61729300007063,34.10846900012207],[-80.61736599986557,34.10850700007915],[-80.61806299999955,34.10888599981336],[-80.61845200016198,34.109119999729664],[-80.61853300035284,34.10917000026359],[-80.61854199967536,34.10917600032566],[-80.61922100026601,34.10880699980667],[-80.61958500031409,34.108530999769236],[-80.61994900036215,34.10797800031559],[-80.62031300041023,34.107377000207876],[-80.62036500028876,34.107054999840386],[-80.62036500028876,34.106455999954974],[-80.6204170001673,34.105577000088196],[-80.62062499968145,34.10493000023695],[-80.62083300009391,34.10395700011521],[-80.62083300009391,34.10317100012141],[-80.62078100021537,34.102385000264704],[-80.62062499968145,34.101970999687225],[-80.6201569998763,34.1012310001852],[-80.61947900000887,34.100537000139646],[-80.61885499966981,34.10016900036804],[-80.61780899955633,34.09984700009201],[-80.61618599985779,34.09960500032099],[-80.61616800031445,34.099606000072455],[-80.61611499971269,34.09960900007076],[-80.61609799999425,34.099611000317516],[-80.61567799986967,34.09850800025121],[-80.61558800035631,34.097736999808006],[-80.61562599999115,34.09739499993574],[-80.61569799996118,34.09676400029201],[-80.61629499963773,34.09575199974679],[-80.61701500023628,34.09487300027356],[-80.61788700027246,34.093054000023855],[-80.61856400031499,34.091974000136595],[-80.61905300003653,34.091530999942805],[-80.61912699965636,34.091465000351945],[-80.62084099959151,34.09008400009767],[-80.6208959998431,34.09004000012006],[-80.621269000112,34.08987099979044],[-80.6215019997405,34.08976600035336],[-80.62253899963314,34.08956599979004],[-80.62266699967965,34.08954199992873],[-80.62279899992413,34.08951800006066],[-80.62314200005582,34.089465000203866],[-80.62324800036102,34.08944800015857],[-80.62340800019459,34.089424000263804],[-80.62356600037835,34.089398999746244],[-80.62367299961014,34.08938300030388],[-80.62442099979776,34.0892680000382],[-80.62480499993733,34.08937200022056],[-80.62552999966042,34.089453000259766],[-80.62992900019941,34.089945000293206],[-80.6309069996425,34.08989000022729],[-80.63114199981914,34.08980899986229],[-80.63242700030719,34.08936799998696],[-80.63284200040889,34.08904399978379],[-80.63288199969354,34.08901299989457],[-80.63380300013353,34.08776500034955],[-80.63384099976837,34.08771499981522],[-80.63478200029985,34.086174999697036],[-80.63571200006234,34.08488600007649],[-80.63605099999607,34.08422400003078],[-80.63626699990613,34.08365700031057],[-80.63652600037221,34.08298200026365],[-80.63658400009855,34.082174999822094]]]},"properties":{"GEOID":"45085000100","TRACT":"000100","NAME":"Census Tract 1","county_name":"Sumter","aland_sqkm":129.7301,"is_greater_area":false,"pop_2020":2938,"pop_2010":3679,"has_2010":true,"growth_pct":-21.5,"growth_abs":-791,"density_per_sqkm":22.3,"pct_nonwhite":77.7,"median_income":42604,"median_age":42.2,"median_home_value":103200,"median_gross_rent":1222,"poverty_rate":22.9,"pct_bachelors_plus":10.4,"unemployment_rate":3.4,"pct_wfh":1.2,"total_housing_units":1283,"vacancy_rate":13.2,"owner_occ_rate":78.5,"pct_single_family":55.4,"median_year_built":1986,"pop_2014":3064,"pop_2015":3289,"pop_2016":3131,"pop_2017":3008,"pop_2018":3132,"pop_2019":3044,"pop_2021":2749,"pop_2022":2985,"pop_2023":3036,"pop_2024":2994}},{"type":"Feature","geometry":{"type":"Polygon","coordinates":[[[-80.36516900004156,33.96637199976349],[-80.36538999997448,33.96624299964071],[-80.36412899977586,33.96541100013773],[-80.36298399992822,33.96470599990843],[-80.3617939998747,33.963963999731334],[-80.36067499996632,33.96314199973986],[-80.359992000076,33.96256400025555],[-80.35921399975116,33.96188299976152],[-80.35885999974883,33.96151600002235],[-80.35883299998466,33.961400999952886],[-80.35869700044053,33.96128700036547],[-80.35847999980724,33.96089800032277],[-80.3584000003396,33.96053000015812],[-80.35829200038458,33.96034700012748],[-80.35813400020083,33.959567000272415],[-80.35803000044375,33.95862699965666],[-80.35798600006282,33.95727299974205],[-80.35802100022293,33.95696399994444],[-80.35803600029155,33.95680899965219],[-80.35804299996423,33.95673699984823],[-80.35804700016219,33.956710999759174],[-80.35808800017008,33.956256999846595],[-80.3581459998964,33.95586300012219],[-80.35816500016297,33.95578599973223],[-80.35831900014875,33.95459200006641],[-80.35866700030331,33.95379100002001],[-80.35879699999964,33.95337600036195],[-80.35885599955087,33.95322900013774],[-80.3590260003285,33.95273499981979],[-80.35913099991049,33.95196300024141],[-80.35917899959107,33.95162899964328],[-80.35921700012422,33.951374999979734],[-80.35953599996645,33.95072999994721],[-80.36005099962725,33.950126999755035],[-80.36032000013907,33.949919999827266],[-80.36048400017062,33.949795000203075],[-80.36049800041431,33.94977799973326],[-80.36065099967688,33.949673999766],[-80.36077399970053,33.949607000035066],[-80.36079600034013,33.94958600015303],[-80.36094299975493,33.949451999754594],[-80.36136999955218,33.94909499965986],[-80.36163300021622,33.94880800009044],[-80.36199300006635,33.94823200019204],[-80.3622790002966,33.94744299981437],[-80.3623079997106,33.947093999964366],[-80.36234000039597,33.946727999839865],[-80.36244800035102,33.94617800035825],[-80.36250600007732,33.94493899995452],[-80.36264400016958,33.94374600022368],[-80.36274899975156,33.94326900029111],[-80.36291600015616,33.942753000101035],[-80.36328000020423,33.94146699985812],[-80.3634890004416,33.94057199994044],[-80.36356300006145,33.93992300019113],[-80.36362099978776,33.9396239999786],[-80.3634979997641,33.939550000244935],[-80.36267299958358,33.93904299976581],[-80.3616599999804,33.93840499982515],[-80.36078899976911,33.93785900015401],[-80.36039499958383,33.93761300026373],[-80.35975900044751,33.937205999890296],[-80.35890199958163,33.936673000110495],[-80.35829599968423,33.93628900027505],[-80.3579059996969,33.93604300032046],[-80.35698699980505,33.93716699974687],[-80.35674300030588,33.937448999693515],[-80.35544100009936,33.936682999690994],[-80.35448000037472,33.9378089999491],[-80.35418599974855,33.93812499964769],[-80.35297300012883,33.9374080000606],[-80.35192799984027,33.936788000059984],[-80.3512609998435,33.937561999743046],[-80.35060499971738,33.93833599984297],[-80.35009099988147,33.93892900003613],[-80.35010900032314,33.9390950002979],[-80.35012299966853,33.93917300029116],[-80.35014299976002,33.939227999708386],[-80.35017000042252,33.9392810002785],[-80.35019100033891,33.93930199972192],[-80.3502049996843,33.939324000055954],[-80.35024999989014,33.93936400010668],[-80.35093000030571,33.93981299998326],[-80.35018299994299,33.94068699984049],[-80.34975799979556,33.94030599989395],[-80.34968699965044,33.94024699986911],[-80.34955500030428,33.94014999967618],[-80.34954400043361,33.940066999868975],[-80.34925499983031,33.93717000027449],[-80.34924499978457,33.93712200001782],[-80.34922600041631,33.93704899977744],[-80.34710900007504,33.93669199983419],[-80.34679600008059,33.936638999888245],[-80.34642799983455,33.936564999796104],[-80.3452279997353,33.93632199970589],[-80.34483400044833,33.93631200008295],[-80.34474700040967,33.93630699989839],[-80.34474900005951,33.936346999876],[-80.34474499986155,33.936479999852615],[-80.34472899996801,33.93669000021648],[-80.3445669995863,33.938079999679665],[-80.34415900005563,33.93805500001845],[-80.34344199983013,33.93799899967731],[-80.3433270002024,33.93799200000474],[-80.34080300015536,33.93797000007181],[-80.33889599987637,33.93795700014263],[-80.33917600025886,33.93903799974168],[-80.33943599965154,33.94004499972693],[-80.3395040003219,33.94033000024604],[-80.33961300010185,33.94064500014125],[-80.33970500016338,33.94087599972112],[-80.33983700040784,33.94116000031038],[-80.33993899961678,33.94134500012426],[-80.34011199986915,33.94159400003672],[-80.34021300015148,33.94172300027063],[-80.34037499963486,33.94191300020721],[-80.34052600014591,33.94207000029372],[-80.34066400023819,33.94220200015667],[-80.3408480003612,33.9423589997102],[-80.34120499983827,33.94265200008194],[-80.34138599958821,33.942800000054284],[-80.34156600041162,33.942974000337145],[-80.34181800030669,33.94321499986316],[-80.34194200015523,33.94333499969115],[-80.34238900004398,33.943511999929875],[-80.34261300034998,33.9435740002296],[-80.34282900026005,33.94362799968459],[-80.34281099981837,33.943795999922834],[-80.34280800034365,33.94382399968186],[-80.34275599956678,33.94434100017861],[-80.34274300004631,33.94447200015616],[-80.3427410003965,33.944490999629835],[-80.34270500041148,33.94485500025952],[-80.34263500009128,33.945396000125236],[-80.34259599973322,33.945689999807264],[-80.34258900006053,33.94575099993598],[-80.34257999983969,33.94582699964426],[-80.3425310003342,33.9462080002184],[-80.34250200002188,33.94642899968184],[-80.34240699958733,33.947337999918176],[-80.3424059997624,33.94735600018637],[-80.34239400006686,33.94746100006034],[-80.34229399960942,33.948346000132005],[-80.34227500024117,33.94851900021343],[-80.34225099995172,33.94872399974258],[-80.34221300031689,33.94906700014433],[-80.34217300013391,33.94942000022888],[-80.34207799969937,33.95027000003385],[-80.34206400035397,33.950397999766935],[-80.34203300039184,33.950677999815994],[-80.34200800027747,33.95089500028222],[-80.3419749997672,33.95118900034373],[-80.34194100033032,33.951495000226245],[-80.34178200032167,33.95290699993008],[-80.3417079998035,33.95356399965521],[-80.34168799971202,33.95373700030653],[-80.34164199968126,33.95414699981239],[-80.34157700028224,33.95472499985304],[-80.34154200012215,33.95501400026382],[-80.34145599990843,33.95568199965612],[-80.34145099988555,33.95573099983677],[-80.34141599972546,33.956071999658576],[-80.3413909996111,33.95631699990176],[-80.34137399989267,33.95648099988629],[-80.34130399957246,33.9569740001218],[-80.34127799963319,33.95728699964125],[-80.34122199955671,33.95774900023663],[-80.34116399983037,33.9583010000487],[-80.34113399969314,33.958520000297874],[-80.34105300040062,33.959215999643725],[-80.34098100043059,33.95989200033603],[-80.34093000037697,33.960307000251554],[-80.34086699972947,33.96087499970713],[-80.34083199956935,33.96119100020231],[-80.34080800017823,33.96156800023595],[-80.340778000041,33.961703000069036],[-80.34076200014748,33.96184399974874],[-80.34063499992585,33.9629590001128],[-80.34057899984937,33.963446000114914],[-80.34028799959624,33.965942999672805],[-80.34027400025083,33.96601300020703],[-80.34024400011361,33.96630399993679],[-80.34019499970981,33.96662500027352],[-80.34017799999138,33.96679500021413],[-80.3400659998384,33.967943000331395],[-80.34005300031791,33.96807799973189],[-80.34000800011206,33.96845200036234],[-80.33998899984549,33.968611000271544],[-80.33990299963176,33.969272999898436],[-80.33983099966174,33.96982599996803],[-80.34056799997872,33.970208000152496],[-80.3407499995536,33.970229000159705],[-80.34087900032334,33.97022699983996],[-80.34114700011193,33.97020199993665],[-80.341615999742,33.970139999667936],[-80.34260300030422,33.97003999990827],[-80.34452499975352,33.9698210002624],[-80.34584500040168,33.969685999903696],[-80.3469810000285,33.9695460003539],[-80.34707499973985,33.969535000368886],[-80.34765499969797,33.969471000021386],[-80.34800799987538,33.96943199976267],[-80.34920200012685,33.9692980000748],[-80.35120399994209,33.96907599986039],[-80.35310399965007,33.968874000349764],[-80.35452999970514,33.96870300028939],[-80.35494700035497,33.96865899990459],[-80.35519400022717,33.968631999928085],[-80.3554779999093,33.968601999778585],[-80.35551100041958,33.96859900035903],[-80.35579599992661,33.96856500022527],[-80.35638299955744,33.96849600010921],[-80.3578789999327,33.96831799987529],[-80.35884700022837,33.96821800020826],[-80.35980799995299,33.96811299987257],[-80.36041999969818,33.96804099995061],[-80.36147300038266,33.967917999756644],[-80.36188099991334,33.967867000260064],[-80.36213899965621,33.96782700019522],[-80.36246000004657,33.967750000203736],[-80.36293200004967,33.96760099984808],[-80.36320800023421,33.967481999786536],[-80.3634480004337,33.96736300030353],[-80.36386400036032,33.967129000133305],[-80.36516900004156,33.96637199976349]]]},"properties":{"GEOID":"45085000800","TRACT":"000800","NAME":"Census Tract 8","county_name":"Sumter","aland_sqkm":6.4241,"is_greater_area":true,"pop_2020":3540,"pop_2010":3937,"has_2010":true,"growth_pct":-3.3,"growth_abs":-129,"density_per_sqkm":592.8,"pct_nonwhite":92.8,"median_income":25417,"median_age":25.7,"median_home_value":94300,"median_gross_rent":827,"poverty_rate":48.2,"pct_bachelors_plus":10.1,"unemployment_rate":12.4,"pct_wfh":6.0,"total_housing_units":1337,"vacancy_rate":14.3,"owner_occ_rate":29.6,"pct_single_family":43.4,"median_year_built":1979,"pop_2014":4305,"pop_2015":4248,"pop_2016":4173,"pop_2017":3966,"pop_2018":3786,"pop_2019":3683,"pop_2021":3874,"pop_2022":3807,"pop_2023":3557,"pop_2024":3909}},{"type":"Feature","geometry":{"type":"Polygon","coordinates":[[[-80.37129300038634,33.915163999639006],[-80.3711009998674,33.91486600016056],[-80.37054199982568,33.91462399973228],[-80.3701490003636,33.914466999739986],[-80.37006999982256,33.914434000041936],[-80.3697409999346,33.91427800014428],[-80.36898500024937,33.91395100022058],[-80.36846399984245,33.913676000184374],[-80.36640199975275,33.911867000208936],[-80.36613200031434,33.91147800021502],[-80.36609399978119,33.91117900004008],[-80.36597800032854,33.91085800008102],[-80.36595900006198,33.91062899982881],[-80.36595900006198,33.91027099974169],[-80.36595900006198,33.91021999999631],[-80.3659470003664,33.9101789999304],[-80.36417499980664,33.910349999784046],[-80.36410100018678,33.91035799998242],[-80.36251500029816,33.91052400001538],[-80.35979500043253,33.910781999730204],[-80.35803700011644,33.91095500008692],[-80.35703200001088,33.91105700015855],[-80.35670099957477,33.91108899993662],[-80.35626200008194,33.911131999782555],[-80.35586000039903,33.91117000018312],[-80.35505100011203,33.91122600027173],[-80.3541549997864,33.911319999911704],[-80.35041899994454,33.911694999941915],[-80.34974399955185,33.911779000289066],[-80.34958500044151,33.911826999917785],[-80.34835600002994,33.911944999790876],[-80.34760600019248,33.91203699993246],[-80.34731499993934,33.91208299996599],[-80.34666700020914,33.91218299998563],[-80.34606299996156,33.912366999655546],[-80.3442770000564,33.91304100020747],[-80.34419800041368,33.91310400003975],[-80.34188500025384,33.914490000222266],[-80.34123099977752,33.91479699974502],[-80.34056799997872,33.91517999987674],[-80.3394399998495,33.91579200019112],[-80.33770699964778,33.91681000005739],[-80.33620799979778,33.91763499996326],[-80.3355890003799,33.91798399979716],[-80.33353899998576,33.919215999847104],[-80.33366799985721,33.91937300003496],[-80.33372800013166,33.91945799990681],[-80.33374599967502,33.919501999640495],[-80.33376300029177,33.91958900014833],[-80.333829000414,33.91993499978923],[-80.33388700014032,33.92027700025528],[-80.3340410001261,33.920265999864974],[-80.33433400002907,33.92025500021864],[-80.33474099973485,33.920245999829355],[-80.33480900040523,33.920793000230425],[-80.33491099961415,33.92140299976142],[-80.33500299967567,33.92193399973112],[-80.33515800038468,33.92287999989538],[-80.33538900036336,33.92423599969848],[-80.33632599979856,33.92414799988026],[-80.337151999804,33.9240740001152],[-80.3373219996833,33.924065000129296],[-80.33749599976056,33.92406399979953],[-80.33769599977713,33.9240709998715],[-80.33819899974236,33.92409900015381],[-80.33969299956948,33.92418700002265],[-80.34130399957246,33.92431500021178],[-80.3420109997522,33.92436100032593],[-80.34208699992018,33.92436500014019],[-80.34299300029156,33.924409000321305],[-80.34424400044443,33.92446899971848],[-80.34435599969912,33.92330799981822],[-80.34441400032375,33.92312099964275],[-80.34441900034662,33.923072000071],[-80.34453099960129,33.92187499964945],[-80.34460500011946,33.92109899978833],[-80.34464600012736,33.920601000136664],[-80.34645200012399,33.920720999780094],[-80.34680299975327,33.920744999688495],[-80.34720600015939,33.92077300031852],[-80.34741899969642,33.92078199990675],[-80.34768800020825,33.920779000292576],[-80.34799100015695,33.920769000335554],[-80.34901600035403,33.9207069998304],[-80.35057799995319,33.92059799977071],[-80.35182400008318,33.92051100029319],[-80.35335300007041,33.9204039999829],[-80.35427199996228,33.92033999995597],[-80.35443000014601,33.92142700022314],[-80.35450200011604,33.92191299973202],[-80.35450600031399,33.92193399973112],[-80.35458699960654,33.92245999986619],[-80.35487399966172,33.92244099994902],[-80.35687700020017,33.922269000152994],[-80.35719900041546,33.92224200036582],[-80.35751300023482,33.92221499982471],[-80.35770400003052,33.92219999976886],[-80.35820600017085,33.92215799989656],[-80.35830499990504,33.92215000006051],[-80.35900200003906,33.922091999735954],[-80.3598770004483,33.922019000029614],[-80.35992400030396,33.922015000105205],[-80.36032299961383,33.921980999994375],[-80.36117100025886,33.92190800019288],[-80.3608649999371,33.92149300015349],[-80.36088900022656,33.921456000244014],[-80.36091699981564,33.9213810000156],[-80.36092400038666,33.921313999636425],[-80.3608649999371,33.92066200034924],[-80.36079700016505,33.919989000071766],[-80.36079700016505,33.91988700025474],[-80.36161899997252,33.91983400028701],[-80.36419599972304,33.91966999977008],[-80.36531999965429,33.91959300018662],[-80.36569899977098,33.91956299989446],[-80.36594999984115,33.91954299969382],[-80.3669750000382,33.91947200006174],[-80.36718299955236,33.91946300033507],[-80.36746200010992,33.91947200006174],[-80.36755599982125,33.91947899976557],[-80.36760799969979,33.919482999809105],[-80.36780799971633,33.91951599978819],[-80.36798299961852,33.91956299989446],[-80.36820600009958,33.91963099979617],[-80.36876599996624,33.919804999714046],[-80.3694599997272,33.92000100012988],[-80.3695650002075,33.92002900025898],[-80.36959299979658,33.91951700017136],[-80.36982899979814,33.918104000144616],[-80.37001499957097,33.91699200009348],[-80.37003600038568,33.916866000167225],[-80.37010499998266,33.91672899995317],[-80.37019100019639,33.916497999730026],[-80.37033299958829,33.916332999826174],[-80.37088199958428,33.91566800009263],[-80.3711009998674,33.91530100013275],[-80.37129300038634,33.915163999639006]]]},"properties":{"GEOID":"45085001300","TRACT":"001300","NAME":"Census Tract 13","county_name":"Sumter","aland_sqkm":3.2244,"is_greater_area":true,"pop_2020":1860,"pop_2010":2073,"has_2010":true,"growth_pct":-14.0,"growth_abs":-291,"density_per_sqkm":552.7,"pct_nonwhite":84.2,"median_income":22292,"median_age":44.7,"median_home_value":106800,"median_gross_rent":631,"poverty_rate":41.8,"pct_bachelors_plus":9.4,"unemployment_rate":10.2,"pct_wfh":3.7,"total_housing_units":1002,"vacancy_rate":22.9,"owner_occ_rate":34.4,"pct_single_family":55.6,"median_year_built":1971,"pop_2014":2232,"pop_2015":1933,"pop_2016":1811,"pop_2017":1801,"pop_2018":1584,"pop_2019":1628,"pop_2021":1972,"pop_2022":1915,"pop_2023":2041,"pop_2024":1946}},{"type":"Feature","geometry":{"type":"Polygon","coordinates":[[[-80.3659470003664,33.9101789999304],[-80.36593999979539,33.91015500002812],[-80.36590100033565,33.91003900015674],[-80.3658050000762,33.909949000340504],[-80.36571100036485,33.90992099988129],[-80.36563099999891,33.90992300012742],[-80.36547700001312,33.90990899989467],[-80.3654190002868,33.909845000186024],[-80.36543900037829,33.90977999993186],[-80.36547700001312,33.90971600012635],[-80.36547700001312,33.9096259999691],[-80.36540000002023,33.909470999972505],[-80.36532300002733,33.90940600017865],[-80.36520699967639,33.90929099979109],[-80.36516900004156,33.90922700036394],[-80.3651580001709,33.90916699992543],[-80.36514999977497,33.90912399983368],[-80.36516900004156,33.909008000050186],[-80.36512999968349,33.908904000238564],[-80.3650529996906,33.90882699987338],[-80.36501500005576,33.90872400035085],[-80.36501500005576,33.90856900020507],[-80.36499499996428,33.90849099977014],[-80.36499999998713,33.90844599980221],[-80.36501500005576,33.90831500032352],[-80.36501500005576,33.90820200024155],[-80.36495700032945,33.90811400026534],[-80.36491799997138,33.908024999680144],[-80.36488000033656,33.9078110003723],[-80.36487100011571,33.907720999694696],[-80.36486000024506,33.907609999871205],[-80.36482699973479,33.907544000371104],[-80.36480300034366,33.90749599982148],[-80.36478300025217,33.907430000233106],[-80.36478300025217,33.907257000177104],[-80.3647639999856,33.9071179998605],[-80.36464799963464,33.90693000015515],[-80.36455200027349,33.906854000029725],[-80.36447500028059,33.90676699994022],[-80.36447500028059,33.90672899981328],[-80.36443599992253,33.90643899973859],[-80.3643980002877,33.90637600019863],[-80.36420499994385,33.90625100002683],[-80.36410899968439,33.90608800000469],[-80.36383900024597,33.90593800001532],[-80.36379999988789,33.90583800012433],[-80.36379999988789,33.9056740002579],[-80.36376200025306,33.90532100000227],[-80.36385799961423,33.90499400000947],[-80.36387799970571,33.9047359999234],[-80.36393499960711,33.90449100036723],[-80.36393499960711,33.904443000335185],[-80.36391600023886,33.904361999660665],[-80.36376200025306,33.90414300026813],[-80.36366599999359,33.90411699977526],[-80.36341499992344,33.904115999956836],[-80.36320300021133,33.904090000201265],[-80.36316399985327,33.904063999692156],[-80.36314499958668,33.90398700017395],[-80.36326099993764,33.90365200020187],[-80.36324199967108,33.90350999974964],[-80.36316399985327,33.90334299965027],[-80.36293299987459,33.90270499998201],[-80.36218200021223,33.90137799992683],[-80.36198899986836,33.90110199973398],[-80.361715000232,33.90076300017905],[-80.36169500014051,33.900738999862526],[-80.36159600040631,33.90061600009161],[-80.3612430002289,33.90019099986903],[-80.3611319999008,33.9000570000368],[-80.36057399968398,33.89938400033198],[-80.36053500022425,33.899337000281584],[-80.36050000006412,33.89929399970507],[-80.36040399980467,33.89917899984282],[-80.3598299996943,33.89838700019712],[-80.35977199996799,33.89830800025262],[-80.35941499959262,33.897873000049444],[-80.35911199964391,33.897621000150814],[-80.35897500027487,33.89756099974558],[-80.35859000031041,33.89739200012962],[-80.35823299993504,33.897095000306194],[-80.35820100014799,33.89701699981201],[-80.35815000009435,33.896888999630356],[-80.35809599966768,33.89656399991937],[-80.35807200027654,33.896411999760225],[-80.35803299991848,33.896169999879845],[-80.35788399995558,33.89616700014507],[-80.35774300038857,33.896162999752924],[-80.35670800014579,33.896141000202476],[-80.35524399955756,33.89628200034126],[-80.35485799976819,33.89659899963806],[-80.35467500036842,33.896674000052],[-80.35411700015156,33.89683999988857],[-80.35339400007831,33.89698900032463],[-80.35283000001368,33.89709899990903],[-80.35264300041594,33.897135000053986],[-80.35247099998848,33.89721199979526],[-80.35191000029693,33.89738799979494],[-80.3513949997378,33.89753999970565],[-80.3511839998506,33.89758199978035],[-80.35080100043427,33.89765000007052],[-80.35029900029393,33.897808000359895],[-80.34931500010475,33.89762700026353],[-80.34782999960017,33.898203000175336],[-80.34775699980524,33.898229000234934],[-80.34736299961993,33.89837599996385],[-80.34720299978636,33.89843699968052],[-80.34714699970988,33.898459000129975],[-80.34660399956164,33.89843499991056],[-80.34573300024869,33.898740000083656],[-80.34559199978338,33.89879000010571],[-80.34507499957442,33.8990699998367],[-80.3447339999909,33.899237000103966],[-80.34459699972355,33.89930300007031],[-80.34388799989398,33.89962699990973],[-80.34358199957222,33.8997680002493],[-80.34293800004,33.899955000223656],[-80.34292899981915,33.90008400014237],[-80.3428479996283,33.90110800034737],[-80.34283599993273,33.90124899972907],[-80.34278099968114,33.9019180002486],[-80.34275599956678,33.902226000159686],[-80.34266100003055,33.90343800035412],[-80.34260400012914,33.9042479997407],[-80.34260499995405,33.90445600016016],[-80.34168900043525,33.90470099981686],[-80.34073899968294,33.904955000029226],[-80.34049400035887,33.90502500001932],[-80.34045199962777,33.90468000004433],[-80.33924300020601,33.90479199976569],[-80.33842800007122,33.90486699968325],[-80.33759899969273,33.90494099972607],[-80.3369209998253,33.90499799998736],[-80.33709400007767,33.90644299964864],[-80.33725499973616,33.90779600001748],[-80.33738799980554,33.908917999890846],[-80.33749699958548,33.90980099993909],[-80.33757500030161,33.91047499990904],[-80.33763300002794,33.91091099966755],[-80.33765700031738,33.911165999749365],[-80.33765599959415,33.911311999803615],[-80.33764999974636,33.91142800017903],[-80.3376299996549,33.91158400007507],[-80.33756199988282,33.91190200035517],[-80.33731199963756,33.91256699965655],[-80.33697699990182,33.91346400031788],[-80.3369340002441,33.9135699999443],[-80.33730499996486,33.91390800030599],[-80.33800799994664,33.914288999816705],[-80.33864900000417,33.91455700000363],[-80.3389479997549,33.91462599986805],[-80.33910799958848,33.91468499975103],[-80.33933799974224,33.91475099968542],[-80.33960300005612,33.91481700031417],[-80.33981599959313,33.914868999982886],[-80.34003700042437,33.91491799979936],[-80.34031199988569,33.914922000057004],[-80.3405730000016,33.91492400018577],[-80.34082499989667,33.91488500027601],[-80.34123099977752,33.91479699974502],[-80.34188500025384,33.914490000222266],[-80.34419800041368,33.91310400003975],[-80.3442770000564,33.91304100020747],[-80.34606299996156,33.912366999655546],[-80.34666700020914,33.91218299998563],[-80.34731499993934,33.91208299996599],[-80.34760600019248,33.91203699993246],[-80.34835600002994,33.911944999790876],[-80.34958500044151,33.911826999917785],[-80.34974399955185,33.911779000289066],[-80.35041899994454,33.911694999941915],[-80.3541549997864,33.911319999911704],[-80.35505100011203,33.91122600027173],[-80.35586000039903,33.91117000018312],[-80.35626200008194,33.911131999782555],[-80.35670099957477,33.91108899993662],[-80.35703200001088,33.91105700015855],[-80.35803700011644,33.91095500008692],[-80.35979500043253,33.910781999730204],[-80.36251500029816,33.91052400001538],[-80.36410100018678,33.91035799998242],[-80.36417499980664,33.910349999784046],[-80.3659470003664,33.9101789999304]]]},"properties":{"GEOID":"45085001500","TRACT":"001500","NAME":"Census Tract 15","county_name":"Sumter","aland_sqkm":3.4508,"is_greater_area":true,"pop_2020":1286,"pop_2010":2078,"has_2010":true,"growth_pct":-23.2,"growth_abs":-482,"density_per_sqkm":462.5,"pct_nonwhite":98.7,"median_income":28029,"median_age":46.0,"median_home_value":81900,"median_gross_rent":775,"poverty_rate":38.2,"pct_bachelors_plus":10.2,"unemployment_rate":16.8,"pct_wfh":1.5,"total_housing_units":750,"vacancy_rate":28.4,"owner_occ_rate":52.1,"pct_single_family":79.2,"median_year_built":1975,"pop_2014":1986,"pop_2015":2000,"pop_2016":1909,"pop_2017":1816,"pop_2018":1603,"pop_2019":1467,"pop_2021":1215,"pop_2022":1345,"pop_2023":1221,"pop_2024":1195}},{"type":"Feature","geometry":{"type":"Polygon","coordinates":[[[-80.35825300002651,33.88238900012777],[-80.35819699995002,33.88179299995304],[-80.35808700034517,33.881632999662756],[-80.35808700034517,33.881563999943744],[-80.35786700023714,33.88112900010602],[-80.35775699973398,33.88083100024018],[-80.35775699973398,33.8804420003459],[-80.3579490002529,33.87936499984157],[-80.35786600041223,33.87874599974876],[-80.35775599990906,33.87835700004481],[-80.35772800031997,33.878012999703394],[-80.35728899992883,33.87778399999078],[-80.35661500025935,33.87729800022894],[-80.3564649995732,33.87718899985477],[-80.35637699970965,33.8771559998988],[-80.35624199999046,33.87710499973834],[-80.35595300028544,33.87699599986348],[-80.3556129996285,33.87686900035369],[-80.35545500034308,33.87682400010623],[-80.35530100035729,33.876779999973834],[-80.3551890002043,33.87674799999899],[-80.35450499959077,33.876554999756124],[-80.35413100039528,33.87644900035291],[-80.35301999998447,33.87612300018106],[-80.35231000033001,33.87588000001855],[-80.35206699975745,33.87579999996093],[-80.35201700042704,33.87578399979123],[-80.35165400020388,33.87562500031933],[-80.35154100022598,33.875498000260976],[-80.35129900037666,33.87516999987014],[-80.35071900041851,33.874485000200316],[-80.35007300033813,33.873956000372104],[-80.34890000000307,33.873611000014805],[-80.34803200016485,33.87310499970291],[-80.34755699978868,33.8729669998431],[-80.34710999989994,33.87292000015337],[-80.34627300002386,33.87319400018599],[-80.34594300031095,33.87301000026653],[-80.3457779995562,33.8728040003482],[-80.34572300020294,33.87195700016235],[-80.34566799995135,33.87136100022174],[-80.3455580003465,33.87124599999323],[-80.34550300009491,33.87101700002376],[-80.34542000025425,33.87087999997951],[-80.34534900010914,33.87071000025047],[-80.3452279997353,33.87042199969994],[-80.34487100025824,33.86996399994647],[-80.3440739996668,33.869454999716744],[-80.3435799999224,33.86913899972933],[-80.3433330000502,33.868865000105785],[-80.34223400023328,33.86803999970984],[-80.34094200007253,33.867352999754225],[-80.34080499980517,33.867329999983646],[-80.34080499980517,33.86758199985647],[-80.34091500030836,33.867925999725195],[-80.34094200007253,33.86833800023293],[-80.3410249999132,33.86840700020326],[-80.33866800027073,33.870024000370016],[-80.3379750003347,33.87050100011084],[-80.33586300001629,33.87211900033548],[-80.33547700022692,33.87272200001783],[-80.33503899966067,33.874157999815154],[-80.33494499994934,33.874356000348556],[-80.33464500037368,33.87472900002281],[-80.3340479997988,33.87536200010636],[-80.33363500024524,33.87574100001956],[-80.33264299966014,33.87639299979882],[-80.33233200021385,33.87654999979426],[-80.33039499979762,33.87814599973969],[-80.32979700029614,33.87861700037132],[-80.32908300044369,33.879290999978814],[-80.32816500037676,33.880349999672525],[-80.32752199977111,33.88147700015358],[-80.3261350000741,33.884367000288535],[-80.32590200044561,33.88477200016502],[-80.32583999962301,33.88497500014948],[-80.32578299972161,33.88504300005097],[-80.32519400044096,33.88626200005685],[-80.32474500000407,33.88736799969385],[-80.32468999975248,33.8878260000069],[-80.32446999964446,33.88848999993319],[-80.32408200020525,33.88993599970272],[-80.32392099964845,33.89053600031994],[-80.32370200026365,33.891353999721076],[-80.3233039998804,33.892280000143295],[-80.32295499990094,33.89309600007382],[-80.32255499986786,33.89402699990825],[-80.32249299994358,33.89417200029971],[-80.32224600007137,33.8953399998923],[-80.32220800043653,33.89556599970284],[-80.32210700015419,33.89618200030916],[-80.3220300001613,33.896310000060765],[-80.32218900016996,33.89632400028991],[-80.32235700039945,33.896340000335954],[-80.32270700020382,33.89638699980133],[-80.32297099979445,33.896433000078],[-80.3230720000768,33.89645099992013],[-80.3232760002913,33.89649800006998],[-80.32432400005459,33.89677199969813],[-80.32448499971308,33.89681899967107],[-80.32491900008135,33.89737100004802],[-80.32685300012452,33.89982500024107],[-80.32699399969151,33.90001499968991],[-80.32879600038851,33.90244699967895],[-80.32886900018343,33.9024060003478],[-80.3289229997118,33.902375999970054],[-80.32967199972435,33.90194399992101],[-80.33013799987967,33.902523000005345],[-80.3302669997511,33.9026929997251],[-80.33032700002555,33.9027609996672],[-80.33040999986623,33.90285100036238],[-80.33071600018798,33.903155999650785],[-80.3308869998922,33.903335000284684],[-80.33096100041037,33.903396000181544],[-80.33108000023604,33.90342399980184],[-80.33114399981015,33.903410999819485],[-80.33118499981802,33.903393999782296],[-80.33123699969659,33.90336299992495],[-80.33131299986455,33.90329700011902],[-80.33156099956167,33.90311499991506],[-80.33173999966182,33.90299400025265],[-80.33196300014289,33.90284300020503],[-80.33261699972088,33.902431000033225],[-80.332687999866,33.902383000332534],[-80.33301400027922,33.90268699996886],[-80.33324500025792,33.90300400005868],[-80.3333570004109,33.90317900020312],[-80.33340599991638,33.903271999942],[-80.33342199980991,33.903294999717446],[-80.33344500027444,33.903316999658955],[-80.33349999962772,33.90335200033363],[-80.33356300027522,33.90337900014137],[-80.33362699984932,33.903385999675905],[-80.3336600003596,33.90339100030167],[-80.333681000276,33.90338999972919],[-80.33377900018529,33.90338700024842],[-80.33372300010879,33.90376899964066],[-80.33367799990295,33.9040810003414],[-80.3336539996135,33.90427599982669],[-80.33362400037458,33.905145999781396],[-80.33362699984932,33.90519899993734],[-80.33364899959062,33.9052330000341],[-80.33370100036747,33.905263999957],[-80.33374300020027,33.9052740002424],[-80.33380599994946,33.90527699965678],[-80.33501000024667,33.905167999990816],[-80.33533099973873,33.90513799983941],[-80.33542500034838,33.90512999989666],[-80.33581100013775,33.905094999951885],[-80.33606600040588,33.90507299972368],[-80.3369209998253,33.90499799998736],[-80.33759899969273,33.90494099972607],[-80.33842800007122,33.90486699968325],[-80.33924300020601,33.90479199976569],[-80.34045199962777,33.90468000004433],[-80.34049400035887,33.90502500001932],[-80.34073899968294,33.904955000029226],[-80.34168900043525,33.90470099981686],[-80.34260499995405,33.90445600016016],[-80.34260400012914,33.9042479997407],[-80.34266100003055,33.90343800035412],[-80.34275599956678,33.902226000159686],[-80.34278099968114,33.9019180002486],[-80.34283599993273,33.90124899972907],[-80.3428479996283,33.90110800034737],[-80.34292899981915,33.90008400014237],[-80.34293800004,33.899955000223656],[-80.34358199957222,33.8997680002493],[-80.34388799989398,33.89962699990973],[-80.34459699972355,33.89930300007031],[-80.3447339999909,33.899237000103966],[-80.34507499957442,33.8990699998367],[-80.34559199978338,33.89879000010571],[-80.34573300024869,33.898740000083656],[-80.34660399956164,33.89843499991056],[-80.34714699970988,33.898459000129975],[-80.34720299978636,33.89843699968052],[-80.34736299961993,33.89837599996385],[-80.34775699980524,33.898229000234934],[-80.34782999960017,33.898203000175336],[-80.34931500010475,33.89762700026353],[-80.35029900029393,33.897808000359895],[-80.35080100043427,33.89765000007052],[-80.3511839998506,33.89758199978035],[-80.3513949997378,33.89753999970565],[-80.35191000029693,33.89738799979494],[-80.35247099998848,33.89721199979526],[-80.35264300041594,33.897135000053986],[-80.35283000001368,33.89709899990903],[-80.35339400007831,33.89698900032463],[-80.35411700015156,33.89683999988857],[-80.35467500036842,33.896674000052],[-80.35485799976819,33.89659899963806],[-80.35524399955756,33.89628200034126],[-80.35670800014579,33.896141000202476],[-80.35774300038857,33.896162999752924],[-80.35788399995558,33.89616700014507],[-80.35803299991848,33.896169999879845],[-80.35801899967478,33.8960419999181],[-80.35796099994846,33.895995000262566],[-80.35792599978836,33.89590000021344],[-80.35786999971188,33.89574599978334],[-80.35759500025057,33.89498700009846],[-80.3575559998925,33.8944550000759],[-80.35780699996268,33.893267999837846],[-80.35784499959752,33.89301900034451],[-80.3578150003586,33.89263100005042],[-80.35779199989408,33.892327000354804],[-80.35777099997767,33.892056999706796],[-80.35776900032785,33.89203799972291],[-80.35774400021349,33.89171000027571],[-80.35774000001553,33.89166800029178],[-80.35772999996978,33.891528999913405],[-80.35766499967245,33.89126900015859],[-80.35763299988541,33.89114000032734],[-80.35732499991383,33.890429999642926],[-80.35723100020249,33.89018400001219],[-80.35721100011102,33.89013200019953],[-80.35715199966147,33.88997299987286],[-80.35709399993516,33.88990300020253],[-80.35708600043753,33.88980100017535],[-80.35706899982078,33.88956600010165],[-80.3570050002467,33.88870200001158],[-80.35699699985078,33.88859700003862],[-80.35701500029244,33.888120000025644],[-80.35700799972143,33.887567000162925],[-80.35738600001321,33.88627899978086],[-80.35743100021905,33.886122999817744],[-80.35745799998323,33.8856650000561],[-80.35753999999899,33.88534400023605],[-80.35756699976316,33.88479399966505],[-80.35759100005262,33.88465099983065],[-80.35764899977893,33.88431299981173],[-80.3577319996196,33.88419899993579],[-80.35778600004627,33.88383200022954],[-80.35814300042166,33.88296099976882],[-80.35825300002651,33.88238900012777]]]},"properties":{"GEOID":"45085001600","TRACT":"001600","NAME":"Census Tract 16","county_name":"Sumter","aland_sqkm":8.8859,"is_greater_area":true,"pop_2020":4296,"pop_2010":4004,"has_2010":true,"growth_pct":-17.5,"growth_abs":-701,"density_per_sqkm":371.7,"pct_nonwhite":93.3,"median_income":43913,"median_age":38.0,"median_home_value":66500,"median_gross_rent":935,"poverty_rate":26.3,"pct_bachelors_plus":14.6,"unemployment_rate":8.4,"pct_wfh":13.5,"total_housing_units":1613,"vacancy_rate":25.1,"owner_occ_rate":53.6,"pct_single_family":57.8,"median_year_built":1981,"pop_2014":3958,"pop_2015":3905,"pop_2016":4038,"pop_2017":3820,"pop_2018":4099,"pop_2019":4056,"pop_2021":3620,"pop_2022":3260,"pop_2023":3335,"pop_2024":3138}}]}