{"type":"FeatureCollection","features":[{"type":"Feature","geometry":{"type":"Polygon","coordinates":[[[-80.2522039998391,32.52811300014377],[-80.25234799977913,32.52834300011206],[-80.25310400036268,32.52954400008552],[-80.25352299976402,32.530210000354465],[-80.25367099990201,32.53057599968954],[-80.25374000039733,32.53097700016892],[-80.25380399997142,32.531346999822304],[-80.25374100022222,32.53156200022063],[-80.25372100013075,32.53158199996731],[-80.25358700023645,32.53171500002512],[-80.25365900020647,32.53177700010438],[-80.25371399955974,32.531823000086604],[-80.25451899964877,32.53214899968104],[-80.25575899993099,32.53179099996974],[-80.25642299955472,32.532259999879294],[-80.2563720003994,32.53359100019027],[-80.25554600039398,32.5361000003086],[-80.2556760000903,32.5362349998332],[-80.25584199977166,32.53642299976427],[-80.25593899985604,32.53652900013202],[-80.25636099963043,32.53679299970388],[-80.25641300040728,32.536798999960524],[-80.2564719999585,32.5368070003021],[-80.25676800023452,32.53684499964283],[-80.2607650001923,32.53651399982323],[-80.26091499998013,32.536422000096],[-80.26109200043045,32.53631200016678],[-80.26121899975374,32.53623400016282],[-80.26117100007318,32.5348849999999],[-80.26020600015056,32.53289900003135],[-80.26070099971989,32.53240299985066],[-80.2611740004462,32.532562999988315],[-80.26128900007394,32.532565999879296],[-80.26187499987985,32.53274399979577],[-80.26211799955409,32.53288199970097],[-80.26264999983168,32.533184000279554],[-80.26336799988206,32.533374999644856],[-80.263560000401,32.5333559999998],[-80.26359899986076,32.533368999916824],[-80.26364700043965,32.53334800010812],[-80.26436799996478,32.53302399973335],[-80.26544300039055,32.532203000224456],[-80.265644000232,32.531461999905645],[-80.26564199968387,32.53144599978434],[-80.26561200044495,32.531213999977],[-80.26548799969807,32.53089900007615],[-80.26533100023755,32.53050499965988],[-80.26514999958927,32.530231000139345],[-80.26512700002306,32.530196999980255],[-80.26478499971628,32.529791000338236],[-80.26459700029363,32.52949699994825],[-80.26454399969187,32.52927500015995],[-80.2646309997305,32.52901800022485],[-80.26489500021945,32.52866300017501],[-80.26491500031095,32.52864299977847],[-80.2651229998251,32.52823999996523],[-80.26685199982884,32.52771499980876],[-80.2673690000378,32.52753699977336],[-80.26805399957793,32.52726199976152],[-80.26844799976321,32.52705899997565],[-80.26851700025851,32.52701899997869],[-80.26867500044224,32.52692899992034],[-80.2687359996433,32.526892999720296],[-80.2689959999343,32.52680899970237],[-80.26923100011095,32.52678199970697],[-80.26945600024185,32.526794000042536],[-80.2696789998246,32.526851999874644],[-80.26982600013771,32.52695100024591],[-80.26984399968104,32.52698200004136],[-80.26990499978041,32.527091000263376],[-80.26995199963609,32.52732000004888],[-80.26998699979619,32.5275150003487],[-80.26999000016922,32.52752900012092],[-80.2700660003372,32.527739000229055],[-80.27016400024651,32.527916000101236],[-80.27027600039949,32.5280780001793],[-80.27041100011871,32.52815499993165],[-80.27044200008085,32.52817300015936],[-80.27074300037974,32.528277000141856],[-80.2710570001991,32.52833799980617],[-80.271346999729,32.5284090000337],[-80.27149700041514,32.52842599969586],[-80.2716420001801,32.52841500009303],[-80.2718050003867,32.52835999978664],[-80.27195900037249,32.528293000070256],[-80.27209699956644,32.52817600019694],[-80.2721640004119,32.52809599966503],[-80.27215400036617,32.52799399975456],[-80.27210400013746,32.527926000002346],[-80.27198199993872,32.52782699994806],[-80.27194099993083,32.5278070001228],[-80.27181600025737,32.52774399981086],[-80.27170499992928,32.52771499980876],[-80.27168300018799,32.52771000022528],[-80.2716439998299,32.52770100006551],[-80.27139299975975,32.527653999721444],[-80.2712270000784,32.527634999623736],[-80.2711219995981,32.527607999876565],[-80.27107599956734,32.52756999965763],[-80.27103999958234,32.527513999823874],[-80.27104100030556,32.527442999646375],[-80.27106100039705,32.527347999651866],[-80.27112099977319,32.52723599967278],[-80.27120399961386,32.5271280001558],[-80.27123600029924,32.52710400032966],[-80.27130099969825,32.52705699967327],[-80.27141799987412,32.527004000353905],[-80.27162499956334,32.52696599987948],[-80.27180200001366,32.52694899994112],[-80.27185999973997,32.52693699962626],[-80.27199199998446,32.52691100020087],[-80.27226899999388,32.526868999831414],[-80.27248699955379,32.526784999791005],[-80.27252500008693,32.526761999649075],[-80.27261999962317,32.52670699984551],[-80.27268200044576,32.52665400031968],[-80.2726840000956,32.526577000038294],[-80.27265099958531,32.5265020000057],[-80.2725710001177,32.526454000012606],[-80.27248900010191,32.52644099985223],[-80.27246800018553,32.52643799975669],[-80.2723669999032,32.52646499985548],[-80.27234299961374,32.5264859997584],[-80.27226099959798,32.52655900024828],[-80.27216100003886,32.526590000179006],[-80.27206800015244,32.52660199978279],[-80.27195000015166,32.52658499977555],[-80.27188499985434,32.526556000156695],[-80.27183899982359,32.52649700035477],[-80.2718320001509,32.52645499979182],[-80.27182100028024,32.526395000143694],[-80.27184499967136,32.5262810001717],[-80.27196400039539,32.52622500029198],[-80.27220399969657,32.52618100003734],[-80.27252799956167,32.52615399985326],[-80.27260799992762,32.52612699966102],[-80.27264700028567,32.52611400021073],[-80.27273000012636,32.526040000332905],[-80.27274000017209,32.526031000005844],[-80.27279899972332,32.525833000156354],[-80.2729030003787,32.52566600012011],[-80.27299000041735,32.52559800012073],[-80.27306700041024,32.52555199998056],[-80.27317600019018,32.52549799998361],[-80.27333000017597,32.52545499992068],[-80.27346200042045,32.52545300034001],[-80.27367999998035,32.5254720001418],[-80.27392799967744,32.525498999773454],[-80.27402999978472,32.525500000320704],[-80.27410900032574,32.52543699990589],[-80.27413400044009,32.52540899970735],[-80.27420499968689,32.52532799994947],[-80.27423300017429,32.52519600007536],[-80.2742559997405,32.52506099986589],[-80.27427599983201,32.52494800026955],[-80.27428400022794,32.5249309999493],[-80.27434500032729,32.52479600009909],[-80.2744370003888,32.52468600032359],[-80.27444999990928,32.52467399970643],[-80.27451600003151,32.52461800033991],[-80.2745779999558,32.52456399978158],[-80.27470099997943,32.52449800006502],[-80.27484800029254,32.52446099984697],[-80.27505199960872,32.52444299963299],[-80.27518100037845,32.524441000029796],[-80.27518800005116,32.524710000038226],[-80.27508799959374,32.525078999956015],[-80.27527799956452,32.52558799996056],[-80.27548000012922,32.52556699984774],[-80.27585400022303,32.52525999969429],[-80.27584400017727,32.52481899998687],[-80.2756569996812,32.52468600032359],[-80.27555899977192,32.52466899995377],[-80.27547500010633,32.52462399989504],[-80.27541800020492,32.52449099994306],[-80.2755360002057,32.524331999622525],[-80.27600499983576,32.52421899986681],[-80.27649799975526,32.52440399978826],[-80.27662800034993,32.524494000103616],[-80.27673299993191,32.52456399978158],[-80.2767899998333,32.52463899991711],[-80.27686900037435,32.52468399996838],[-80.27697300013142,32.524710000038226],[-80.27710899967553,32.52471099983684],[-80.27719599971418,32.524671000309326],[-80.2772889996006,32.52459700000044],[-80.27738900005802,32.52448399982051],[-80.27741099979933,32.524392999693006],[-80.27741699964712,32.52426400012838],[-80.27742800041608,32.52418899967991],[-80.27741699964712,32.52415799967822],[-80.27738499986006,32.52406600017216],[-80.27730500039245,32.52393399995893],[-80.27727600008012,32.52386500035558],[-80.27726000018659,32.523824999694064],[-80.27726699985928,32.52380099974305],[-80.2772819999279,32.52374999963653],[-80.27732600030883,32.52367399970627],[-80.277353000073,32.52366000009081],[-80.27740699960137,32.52363200009592],[-80.27751799992944,32.52362300028509],[-80.277613000364,32.52366099990108],[-80.27772899981666,32.52376700018018],[-80.27816300018492,32.524089000246875],[-80.27857499991357,32.5244339999034],[-80.27971100043871,32.52462700005113],[-80.28007299993865,32.52501500020822],[-80.28106600034864,32.52599200009291],[-80.2818649996916,32.52676900035152],[-80.28366099964249,32.528515999769304],[-80.28431900031677,32.529167000064604],[-80.28477999955089,32.52963800028624],[-80.28618200021482,32.529115999974444],[-80.28682599974705,32.52887699967108],[-80.28707099996944,32.52878900022317],[-80.29099199975923,32.52732600018092],[-80.29124600020245,32.52715400027581],[-80.29151499981596,32.5268470002432],[-80.29297699985602,32.525847999976634],[-80.29968100015896,32.52109900025238],[-80.29984500019049,32.52103900005753],[-80.29990600028987,32.52101699979932],[-80.30001599989471,32.52093900014881],[-80.30114099965088,32.52013499974694],[-80.30153999985906,32.51984999976281],[-80.30364499960646,32.51841000037506],[-80.31030399970355,32.513766999916704],[-80.31039400011524,32.51376799983706],[-80.31147100019082,32.513779999638054],[-80.3115749999479,32.51374300030964],[-80.31247000044861,32.51342100029056],[-80.31404499956828,32.512851999947],[-80.31741999973511,32.51157100025048],[-80.31817499959543,32.51128499967588],[-80.31828099990065,32.511404000224104],[-80.31876700014745,32.511222999849814],[-80.31906300042345,32.511113000126485],[-80.31910899955591,32.5111789998251],[-80.31931100012058,32.51150400013651],[-80.31983900020019,32.51229800035632],[-80.32028400043912,32.51299299989116],[-80.32036399990673,32.51309799994771],[-80.32037200030265,32.51322100007439],[-80.32037300012757,32.513504999945646],[-80.32037800015044,32.51361000016166],[-80.3203549996859,32.51372400030057],[-80.3203050003555,32.51385000008654],[-80.32025400030187,32.51395399998128],[-80.32022900018752,32.51400600026223],[-80.32015399984446,32.514163000083165],[-80.32011600020961,32.51427900010766],[-80.32009100009526,32.51434100009851],[-80.32007799967647,32.51439400006904],[-80.32002800034607,32.51446699977715],[-80.31996499969857,32.514570999715474],[-80.31992799988865,32.5145820002555],[-80.31987699983502,32.514696999829226],[-80.31978599959842,32.51476399983583],[-80.31976100038237,32.51483500018394],[-80.31979599964417,32.51491100001444],[-80.3198819998579,32.514976000047675],[-80.31995800002586,32.51503699965152],[-80.32002400014811,32.515118000353],[-80.32005400028535,32.51520299984166],[-80.32004900026246,32.51532400031186],[-80.31993299991152,32.51545100002919],[-80.31969000023727,32.5156069996988],[-80.31967500016864,32.51566300013571],[-80.31971100015366,32.51572799962512],[-80.31972100019941,32.51580899970395],[-80.31976600040525,32.5158550002866],[-80.31983199962919,32.515867999705975],[-80.3198969999265,32.5158550002866],[-80.31994299995726,32.51580400021551],[-80.31999800020884,32.5157329998753],[-80.3200790003997,32.51569799963354],[-80.32013499957787,32.51569300013898],[-80.32017300011103,32.51570100008764],[-80.3201849998066,32.515715000185494],[-80.32018200033187,32.51576100005881],[-80.32015200019462,32.515835999966434],[-80.32013100027824,32.515887000019426],[-80.32005599993516,32.515976999774914],[-80.32004099986655,32.516011000012575],[-80.32001900012524,32.51606299986103],[-80.32002099977505,32.51609399962527],[-80.3200729996536,32.51614999975877],[-80.3201920003776,32.51624999969388],[-80.32024300043123,32.51634699984281],[-80.32025599995168,32.516462000188305],[-80.32023199966225,32.51649700013255],[-80.32021900014178,32.51651499966568],[-80.32015499966937,32.51655499979363],[-80.320101000141,32.516566999980064],[-80.32002400014811,32.51656600009083],[-80.31995700020096,32.51655499979363],[-80.31994499960709,32.51655300001491],[-80.31989199990363,32.516520999761745],[-80.31981699956057,32.51647000006856],[-80.31975100033664,32.51640000014545],[-80.31968500021439,32.51634699984281],[-80.31957399988633,32.51625800035047],[-80.31950899958898,32.516183000037515],[-80.31944800038795,32.516111999996625],[-80.31938800011346,32.5160559998395],[-80.31929699987688,32.51606700019774],[-80.3192550000441,32.51606899998727],[-80.31921400003621,32.516098999855025],[-80.31917499967815,32.5161699999062],[-80.31915200011193,32.516268000033996],[-80.31913700004331,32.516380999940516],[-80.31916600035562,32.51649800002254],[-80.31925300039427,32.51664999983682],[-80.31935200012846,32.5167639999076],[-80.31944400018996,32.51688700032019],[-80.31947500015212,32.51693400023632],[-80.31949299969547,32.516962000045744],[-80.31953500042657,32.517060000067495],[-80.31952399965759,32.51711600035656],[-80.31948400037294,32.51714699975762],[-80.31944800038795,32.517162000270346],[-80.31930699992263,32.51717199985324],[-80.31918100042424,32.51713199999989],[-80.31908500016478,32.51708099989592],[-80.31901400001965,32.51701499998574],[-80.31892799980594,32.51700000020598],[-80.31886300040692,32.51703099964705],[-80.31881700037617,32.517086000070755],[-80.31880700033042,32.517162000270346],[-80.31885800038407,32.51731800000021],[-80.31890299969157,32.51750500025188],[-80.3188979996687,32.51752699985492],[-80.31887900030046,32.51766399977503],[-80.31886500005675,32.517766999925776],[-80.3188619996837,32.518037999964456],[-80.31886699970656,32.518162000019906],[-80.31892600015611,32.51834599966478],[-80.31894100022473,32.51849700027336],[-80.3189470000725,32.518592999645456],[-80.31896499961586,32.518641000050565],[-80.31900800017188,32.51871699969266],[-80.31902800026337,32.5187729997068],[-80.31903400011116,32.51894399988556],[-80.31899899995106,32.51899499968985],[-80.31893799985168,32.51902500009587],[-80.31872899961431,32.51903199988622],[-80.31870400039826,32.51902000002891],[-80.31866300039039,32.51901800030504],[-80.31854299984147,32.518966999756316],[-80.31848299956701,32.51893000029068],[-80.31842800021376,32.51888600025122],[-80.31834000035019,32.51879300002801],[-80.31828500009861,32.518748999921414],[-80.3182490001136,32.518699999708524],[-80.31819899988488,32.518662000267064],[-80.31816399972479,32.51861600036357],[-80.31811199984624,32.518580999729586],[-80.31804800027214,32.518574999771],[-80.31797899977687,32.51859500013627],[-80.31794500033999,32.51864399964894],[-80.31794100014203,32.518708000147065],[-80.31794299979185,32.51882400036557],[-80.31799700021851,32.51892799980732],[-80.31806900018854,32.51903199988622],[-80.3181570000521,32.51913900018403],[-80.31824300026582,32.51924499973762],[-80.31829400031945,32.519291000076684],[-80.31835600024372,32.519399999781605],[-80.31840399992429,32.51945600012754],[-80.31843700043457,32.51950800025526],[-80.31845499997793,32.51956799995735],[-80.3184609998257,32.5196300000872],[-80.31846000000078,32.51975300036472],[-80.31845699962774,32.51988499990257],[-80.3184609998257,32.52000500027823],[-80.3185160000773,32.52003399973902],[-80.3185870002224,32.520017000004025],[-80.31862700040537,32.51995799969572],[-80.3186990003754,32.51987999988345],[-80.31890900043769,32.5196660001674],[-80.31897800003466,32.51956600024567],[-80.3190669997231,32.51947600029675],[-80.31910600008119,32.51943000005242],[-80.31921599968602,32.51935299964011],[-80.31928299963317,32.51933599977629],[-80.31934999958033,32.5193399999673],[-80.31945800043368,32.51945199994168],[-80.31949699989343,32.51950300021517],[-80.31952000035795,32.5195620000647],[-80.3195300004037,32.51962599990902],[-80.31952799985555,32.51980899973326],[-80.31948000017498,32.51998100006444],[-80.31942800029644,32.52008700013978],[-80.31942400009848,32.52014300005767],[-80.31944500001488,32.5202020002445],[-80.31948699984767,32.52024599963971],[-80.31955399979483,32.52025499978876],[-80.31961700044234,32.52023499979292],[-80.31967299962052,32.52020499979078],[-80.31976700023017,32.52011600033159],[-80.31988600005585,32.51991300030753],[-80.31990799979715,32.51984899991012],[-80.31994700015522,32.51979199995569],[-80.3201289997301,32.51962199973073],[-80.32019700040047,32.51958700024602],[-80.32026799964727,32.519576000318615],[-80.32033700014256,32.519588000101635],[-80.32039900006683,32.5196149999864],[-80.32050600019696,32.51969399988311],[-80.32054800002975,32.51973699967303],[-80.32052100026557,32.520101000311904],[-80.32053100031132,32.520227000247786],[-80.3205449996567,32.520406000219666],[-80.32060599975608,32.5205129996391],[-80.32064699976395,32.52056999989367],[-80.32079499990196,32.52069199979877],[-80.32086900042012,32.52079899963507],[-80.32088100011569,32.52086800007782],[-80.32087699991773,32.52099000033582],[-80.32086799969689,32.52103900005753],[-80.32077099961252,32.52120600036154],[-80.32053899980893,32.52126599968741],[-80.32048399955734,32.52129799976599],[-80.32049100012834,32.521479000303536],[-80.32052600028845,32.52159599980839],[-80.32052899976317,32.52165399996607],[-80.32054600037992,32.52171700000354],[-80.32057599961884,32.521779999996845],[-80.32059999990828,32.52190300036142],[-80.32063699971822,32.522015000171294],[-80.3207060002135,32.522322999875534],[-80.32077900000843,32.52241899970525],[-80.32091899975052,32.52262699999441],[-80.32110299987355,32.52281399980331],[-80.3212130003767,32.52289399973639],[-80.32137700040823,32.522996999952426],[-80.32154300008959,32.52309900023386],[-80.3216069996637,32.523129000027254],[-80.32176700039557,32.523240999823955],[-80.322044000405,32.52333099978931],[-80.32231999969122,32.52346700013831],[-80.32244199988996,32.52354000005136],[-80.32251100038525,32.52356199969188],[-80.32289799999953,32.523681999701935],[-80.32327499956807,32.523728999851585],[-80.32341500020848,32.52374400002311],[-80.32348999965323,32.52376799998934],[-80.32364600018717,32.52379900012558],[-80.32379299960195,32.52383000025112],[-80.32407999965712,32.52386200017402],[-80.3245080001776,32.52387400014221],[-80.32463000037635,32.52392100019137],[-80.3247829996389,32.52393799994527],[-80.32485399978401,32.523961999859694],[-80.3250150003408,32.52396699965168],[-80.32545899985652,32.5239950002996],[-80.32568900001027,32.52402300018136],[-80.32589800024765,32.524074000132934],[-80.32616699986116,32.524101000184686],[-80.32635900038011,32.52409899981643],[-80.32679100020023,32.52409700020558],[-80.32710300036977,32.52407800011306],[-80.3272539999825,32.52404700007306],[-80.32747300026563,32.52404700007306],[-80.32754699988546,32.524038000303804],[-80.32774100005422,32.5239859997677],[-80.32796899965984,32.523961999859694],[-80.32808599983571,32.52389899988136],[-80.32819700016381,32.52382300007711],[-80.32823800017168,32.52377500016762],[-80.32830699976866,32.52372300023675],[-80.32834199992875,32.52366899989797],[-80.32838399976154,32.52362300028509],[-80.32841600044692,32.52356800007491],[-80.32843599964009,32.52350199962671],[-80.32851600000605,32.52339700036311],[-80.32856000038697,32.52327799978695],[-80.32868099986247,32.52312599982113],[-80.32880300006121,32.52302400032781],[-80.32886900018343,32.52298199965619],[-80.32904800028359,32.522800999873766],[-80.32914500036797,32.52269499996994],[-80.32933699998858,32.5226109998145],[-80.32947000005798,32.522558000144855],[-80.32951199989077,32.52252599975757],[-80.3297329998237,32.52245500018307],[-80.32978999972512,32.52242699981272],[-80.32986400024329,32.522414999651275],[-80.33002099970379,32.522369000153915],[-80.33024500000978,32.52232799975873],[-80.33046599994272,32.52234700022131],[-80.33061699955546,32.52237199962785],[-80.33089500028814,32.52245400035936],[-80.33103300038039,32.52249199971225],[-80.33124400026759,32.522635999905056],[-80.33133200013113,32.52272199967862],[-80.33139499988032,32.52275800003504],[-80.33151700007905,32.522816000200145],[-80.33152999959954,32.52292599999264],[-80.33177499982192,32.52307900011353],[-80.33191600028722,32.52312699963736],[-80.33196899999068,32.52317000005696],[-80.33219800031954,32.52331200029224],[-80.33252399983445,32.523470000333035],[-80.33293700028632,32.52358700027523],[-80.33322099996846,32.523756000007],[-80.33335200038803,32.52381500009395],[-80.33340199971842,32.5238439998401],[-80.33352300009226,32.52391499983192],[-80.33356300027522,32.523961999859694],[-80.33362199982645,32.52400700025002],[-80.33366299983433,32.524051999860326],[-80.33389700018607,32.524445999795134],[-80.33398800042265,32.52463000020714],[-80.33410300005039,32.52479799969438],[-80.3341459997081,32.524911000236806],[-80.33415800030197,32.52514000027678],[-80.3341950001119,32.5252529996317],[-80.33420699980746,32.5254970001937],[-80.33424799981536,32.525601000244315],[-80.33429399984611,32.52572000001613],[-80.33433800022704,32.52576900018821],[-80.33438699973252,32.52580899998432],[-80.33441199984686,32.525865000123325],[-80.33445200002984,32.525910000318],[-80.33456500000774,32.526006999886654],[-80.33462199990916,32.5260419999005],[-80.33440000015132,32.526218000304524],[-80.33512499987441,32.52658399999774],[-80.33528899990593,32.52658499977555],[-80.33541100010467,32.52658499977555],[-80.33556300044063,32.52655300006496],[-80.3356749996953,32.526529000085254],[-80.3357080002056,32.52652200012154],[-80.33601700000206,32.52644799982226],[-80.33645300002017,32.52636199982785],[-80.33667399995309,32.526319000178425],[-80.33675900034191,32.526302999898526],[-80.33681200004536,32.526285999834705],[-80.33712199966678,32.526185999705895],[-80.33728700042153,32.52613299987274],[-80.33743100036156,32.52595000005129],[-80.33752099987495,32.52583600027207],[-80.33752300042308,32.525577999799225],[-80.33733000007923,32.52541999967816],[-80.33703499962813,32.52529299965748],[-80.33645300002017,32.525061999660586],[-80.33615199972128,32.5248759997823],[-80.33605700018504,32.52481699963461],[-80.33582799985618,32.52454899974699],[-80.33578600002339,32.52442800033559],[-80.33576500010699,32.52436899989373],[-80.33576900030496,32.52432600004797],[-80.3357800001756,32.52419699962972],[-80.33578500019848,32.52414199977086],[-80.33581699998554,32.524105000163594],[-80.33583600025212,32.52408399970421],[-80.33586300001629,32.524054000229626],[-80.33594400020714,32.523961999859694],[-80.33600399958328,32.52393799994527],[-80.33620199994999,32.52386100036597],[-80.33625899985141,32.5238380002329],[-80.33665700023467,32.52379400032417],[-80.33707300016127,32.523882000120075],[-80.33718500031428,32.52394599991744],[-80.33721499955318,32.52396400023098],[-80.33727800020068,32.52400000008976],[-80.33732900025431,32.52403000033978],[-80.33749699958548,32.52412699966578],[-80.33774699983074,32.52419000024175],[-80.33801399979444,32.5241600000451],[-80.33813599999317,32.52409899981643],[-80.33828199958305,32.5239290001651],[-80.33868199961613,32.52312500000489],[-80.33897399969418,32.52310199968342],[-80.33902200027306,32.5230620001971],[-80.33940200021465,32.52299299992418],[-80.33974799982107,32.52302800035466],[-80.33977399976034,32.523038999859516],[-80.33978999965386,32.52304500027753],[-80.3406369995757,32.523366999901754],[-80.34154799996993,32.52368800007693],[-80.34186500016234,32.52375100020327],[-80.34190899964496,32.523768999798435],[-80.34193700013236,32.523766000371076],[-80.34227299969304,32.52383299967629],[-80.34271200008418,32.523771000174015],[-80.34274300004631,32.52375100020327],[-80.34338099973075,32.52335899987798],[-80.34391399983323,32.52341500002919],[-80.34430899984345,32.523456999740894],[-80.34480000011312,32.52464699982686],[-80.34487600028112,32.52483099982725],[-80.34513999987175,32.52514299965826],[-80.3454529998662,32.52526299982916],[-80.34661899963025,32.525706999749545],[-80.34664200009479,32.525716999896524],[-80.34667300005692,32.52571299998938],[-80.34673900017917,32.52572000001613],[-80.34685200015707,32.525716000109114],[-80.34763100030685,32.52568899978524],[-80.34785999973738,32.52558099992347],[-80.34821700011277,32.52541100004643],[-80.3483459999842,32.52534999990964],[-80.34905800018682,32.524199999800075],[-80.34797500026343,32.52292000032414],[-80.34795799964668,32.52285900001111],[-80.34793400025553,32.52277199979099],[-80.34779199996532,32.52225600020188],[-80.3476560004212,32.52176000034041],[-80.3478890000497,32.521613999835175],[-80.34946800026563,32.520564999912615],[-80.34965400003848,32.519920000028705],[-80.3499939997971,32.51874399983911],[-80.34985599970483,32.51859699986961],[-80.3496769996047,32.5184070000114],[-80.3492899999904,32.51822799984529],[-80.34913900037766,32.51815799977646],[-80.3482689999913,32.51804800020738],[-80.34677599998909,32.51802300035543],[-80.34557300041511,32.517981000376345],[-80.34526799991828,32.51793099987073],[-80.34414399998701,32.51774499962405],[-80.34365100006751,32.5175500000883],[-80.34299900013936,32.51729200006406],[-80.34114200008908,32.5157140002868],[-80.33974399962311,32.51463799981599],[-80.33645800004302,32.51421600015864],[-80.33618500023157,32.51420500033134],[-80.33608099957617,32.514166999746955],[-80.33579699989404,32.51406499993282],[-80.33565799997686,32.514015000278704],[-80.33554900019692,32.513974999777865],[-80.33504700005659,32.513794000035126],[-80.33389100033828,32.513138000081284],[-80.33382400039115,32.513087999911576],[-80.33380000010169,32.5130760000182],[-80.33378400020817,32.513058999724585],[-80.33202599989208,32.51113000003051],[-80.33178999989053,32.510758999745185],[-80.33143400023839,32.50975800024165],[-80.3313999999032,32.509662999732406],[-80.3312950003212,32.50936800018256],[-80.3311899998409,32.50891500007039],[-80.33100499989297,32.50809599993377],[-80.33049400043014,32.50703899985382],[-80.33041900008708,32.50690399964249],[-80.3303029997361,32.50657800012589],[-80.33021900007053,32.50654700011031],[-80.3277460000771,32.50564300025884],[-80.32754900043359,32.50552199963682],[-80.32528800015228,32.504123999919734],[-80.32464600026987,32.50372600016691],[-80.32446200014685,32.503180999989105],[-80.32423100016817,32.50286899967946],[-80.32395900018162,32.50201200011613],[-80.32392200037168,32.50158199983967],[-80.32388300001362,32.501114999800386],[-80.32398400029598,32.50038299983812],[-80.32401500025811,32.50016699977899],[-80.32441699994101,32.49911400001684],[-80.32464399972173,32.498642000356895],[-80.32500699994489,32.497888000107956],[-80.32540699997796,32.49706399977411],[-80.32566399989592,32.496027999779606],[-80.32570200042908,32.49584899975714],[-80.32644999971838,32.49378800005895],[-80.3264940000993,32.49375700018052],[-80.32674900036744,32.49308199969118],[-80.3284239999445,32.49311899994461],[-80.32873500028914,32.49310699965933],[-80.32964800033322,32.49306900000808],[-80.33059300016434,32.49299100035468],[-80.33206699989998,32.49286799983127],[-80.33251600033685,32.49283100023226],[-80.33352899994003,32.49291500018047],[-80.33681500041841,32.4931999999344],[-80.33828300030625,32.49381899992662],[-80.33845900003335,32.49389399995339],[-80.34020599958048,32.49478699978143],[-80.3408270004448,32.49511100011425],[-80.34100700036986,32.495204999959704],[-80.34212600027826,32.49578900013551],[-80.34299099974342,32.496334999763405],[-80.3436729998088,32.49676799969442],[-80.34392100040425,32.49687800029851],[-80.34473300016597,32.49697899980491],[-80.34500400032762,32.49701299965069],[-80.34665200014052,32.49745799981265],[-80.34805399990614,32.497837999791564],[-80.34827599966398,32.49791300025571],[-80.35129799965341,32.49865999967662],[-80.35196300000037,32.499428999955924],[-80.35268299970059,32.50030399963816],[-80.35272100023374,32.50035199995977],[-80.35294600036465,32.50063699963686],[-80.35813199965268,32.506858999779546],[-80.35821899969133,32.50696400018228],[-80.36154100015472,32.51091200012599],[-80.36636099974488,32.5166359998846],[-80.36716800038205,32.517698000132],[-80.36805399976362,32.518760999814916],[-80.38147999991284,32.530228999907585],[-80.38350299964446,32.5311990002953],[-80.40233500008807,32.53912199990591],[-80.40318399965972,32.53943400008416],[-80.40449500008704,32.539958999903426],[-80.40490199979281,32.54013399991838],[-80.40512799974861,32.54023199965666],[-80.40639200032028,32.54081799963069],[-80.4076960001766,32.541481000012176],[-80.40928899973792,32.542378999955666],[-80.41101799974169,32.54347600037096],[-80.4127369996997,32.54470900025022],[-80.41408099973899,32.54578700017158],[-80.4148769996072,32.546479999776494],[-80.41505700043056,32.54695900026794],[-80.41523099960952,32.54752599982443],[-80.41533199989188,32.547934999694526],[-80.41541300008271,32.548347000093855],[-80.41553199990841,32.549430000138784],[-80.41552199986266,32.55043299966784],[-80.41544499986976,32.5511409998925],[-80.41528199966316,32.55196599991113],[-80.41510799958589,32.552576000372014],[-80.41489000002599,32.55317600035581],[-80.41430800041802,32.55437399995412],[-80.41349800030612,32.555571000006516],[-80.41294799958689,32.55621500035891],[-80.41240799981173,32.55675899971769],[-80.4122990000318,32.55686100027138],[-80.41193199961066,32.557182999803814],[-80.41105100025196,32.55785499987964],[-80.41046299989792,32.55823599982005],[-80.40963799971739,32.55869700025598],[-80.40886100011576,32.559060999733326],[-80.4080540003769,32.55937700019553],[-80.40722199962536,32.55964300030183],[-80.4062740003195,32.559876999669356],[-80.40516000043398,32.56006500006511],[-80.40442499976683,32.56013899991956],[-80.40383300011314,32.56017199993727],[-80.40333199979771,32.5601790003066],[-80.4028459995509,32.56017199993727],[-80.4020079998499,32.560118999719386],[-80.40139600010471,32.5601320003043],[-80.4008520001316,32.56017099977635],[-80.40025600027994,32.560240000256776],[-80.39962799974292,32.56034300004125],[-80.39911700028004,32.56045000033902],[-80.39845199993309,32.560623000225085],[-80.39792200020368,32.56078900021353],[-80.39730100023766,32.56101600007456],[-80.3967470002188,32.561251999944936],[-80.39635399985839,32.56143999973111],[-80.39614499962103,32.56154799962339],[-80.39603800038921,32.56160400018938],[-80.39571100015107,32.56169499970959],[-80.39415100020172,32.56281900005052],[-80.39367699965047,32.56330499977914],[-80.39348699967968,32.56374300015796],[-80.39326900011979,32.56422100001178],[-80.3895740002858,32.57283300033396],[-80.38914099974244,32.573840000240175],[-80.38949300009494,32.575226999894944],[-80.38986299999081,32.57647500002229],[-80.39059199991186,32.57821499992452],[-80.39212000007416,32.58056299966473],[-80.39374500032085,32.58347299993246],[-80.39512299979702,32.58594099978184],[-80.39584000002249,32.58722400027049],[-80.39600400005403,32.58763700025087],[-80.39650600019436,32.5889019997708],[-80.39710899971871,32.59041900017547],[-80.39713300000817,32.59079300005075],[-80.39719999995532,32.591861999769925],[-80.39687600009023,32.593914999733045],[-80.39575999965655,32.59727300006993],[-80.39546099990582,32.59817100013725],[-80.39345900009059,32.60134800033559],[-80.393375000425,32.60148200037588],[-80.39061299982826,32.60531400021768],[-80.38810800004778,32.609409000015],[-80.38752999973947,32.611271999683204],[-80.38705199988857,32.61281199972211],[-80.38719099980575,32.615128999924565],[-80.38751200019612,32.61580200034558],[-80.38800500011561,32.61683800019639],[-80.38986800001369,32.618604999925104],[-80.38995099985435,32.61868399969801],[-80.39157000025324,32.61935500012081],[-80.39442300018828,32.61960700030773],[-80.39913599964831,32.61825500005439],[-80.40323300006352,32.61680499984919],[-80.406695000269,32.614259999646954],[-80.40739700042586,32.613744000187296],[-80.40928100024033,32.612321000320435],[-80.41002100003203,32.61178300032758],[-80.41323499964206,32.60883599968273],[-80.4139119996846,32.60813499976044],[-80.41624599976083,32.6057110003229],[-80.41644099975451,32.605572000011634],[-80.4176729996408,32.604694999732054],[-80.41842800039944,32.60429600032666],[-80.41951100032283,32.604145000260715],[-80.42040799957508,32.604205000147],[-80.4217900001475,32.604791999664144],[-80.42194099976024,32.60489100032908],[-80.4220360001948,32.6049529997954],[-80.42267100040452,32.60536599979598],[-80.42288599959134,32.60560299989282],[-80.42351099975535,32.60628899996259],[-80.4240299996141,32.60711599975445],[-80.42466700037197,32.60813099974293],[-80.42580200017389,32.611011000123035],[-80.42599200014467,32.61149200022922],[-80.42804500001355,32.62245499974248],[-80.42803499996779,32.623862999621906],[-80.42731600009249,32.625182999821604],[-80.42710000018243,32.62558000035876],[-80.42533799966839,32.626666999676644],[-80.42265399978776,32.62735899977396],[-80.42006600016661,32.62742500024058],[-80.41530900032565,32.62692299964089],[-80.41464900000156,32.6268499998587],[-80.41398700002767,32.626775999842565],[-80.4113490001778,32.62658500036668],[-80.40907799985074,32.6266849998104],[-80.40899800038311,32.626705999709614],[-80.40830500044706,32.62688399970249],[-80.40754499966555,32.62708000015217],[-80.4066960000939,32.62765700014212],[-80.40550699986531,32.62889299985014],[-80.40408500000822,32.634079999885046],[-80.40390400025825,32.6347409997798],[-80.4023590003775,32.639520999710754],[-80.40089200031456,32.641126000334076],[-80.39920900034157,32.64332599962706],[-80.39582999997675,32.64596500015628],[-80.39353000023569,32.6465689996365],[-80.39145300007738,32.64717500022506],[-80.39049400000256,32.64821399977491],[-80.39003799989298,32.64939700027793],[-80.38906600029769,32.65212399969123],[-80.38900900039629,32.652282999625484],[-80.38926899978895,32.65295700036953],[-80.38966899982205,32.653992999683474],[-80.3901309997794,32.65433599987219],[-80.39095900033298,32.65494999964265],[-80.3913409999244,32.65523400012045],[-80.39330099990683,32.65524400019542],[-80.39410099997299,32.65491599987648],[-80.39672799995222,32.65383899988072],[-80.40099799972145,32.65196299968848],[-80.40284800009904,32.65168799998571],[-80.40298799984112,32.65173700016796],[-80.40436200001764,32.652216000210885],[-80.40491500021162,32.65240899995772],[-80.40522999985588,32.652693000187405],[-80.40591699994414,32.65331499967494],[-80.40702900017983,32.65464799997705],[-80.40833399986106,32.65639399984088],[-80.40955700042484,32.65757599968179],[-80.4105030000809,32.658505000371804],[-80.41239699994108,32.66003100035935],[-80.41387200039993,32.661507999914186],[-80.4141440003865,32.6617719997781],[-80.41506999995106,32.66267300027359],[-80.41551900038793,32.66352999983444],[-80.41565499993206,32.663789999977205],[-80.41664499996901,32.66568099989327],[-80.4183120000485,32.66767999963257],[-80.41990700015795,32.66913899991584],[-80.42091300008843,32.67005899965932],[-80.42128700018226,32.67093300009384],[-80.42142299972639,32.67167699988394],[-80.42139799961203,32.672186000287454],[-80.4212629998928,32.67279500012723],[-80.42116599980842,32.673273000340465],[-80.4209599999441,32.673951000192325],[-80.41963299962325,32.67565599967626],[-80.41949000040643,32.67583999981593],[-80.41831399969833,32.67755599975036],[-80.41818499982688,32.67774500004773],[-80.41793999960451,32.67843900033794],[-80.41792700008402,32.67850799970274],[-80.41781199955798,32.67913400011777],[-80.41778999981668,32.679401000349095],[-80.41775999967946,32.679770000281096],[-80.41778499979381,32.68011299983637],[-80.41779900003752,32.68030799973909],[-80.41787400038058,32.6806880002845],[-80.4180040000769,32.68108199995856],[-80.41820499991839,32.68161499975674],[-80.41844000009502,32.68218799974257],[-80.41866299967778,32.682520000243926],[-80.41915499977237,32.683251999749025],[-80.41957200042219,32.68378899986545],[-80.41968600022501,32.68393500016671],[-80.4208119998061,32.68484299991311],[-80.42188499968374,32.68578200033191],[-80.42250200035012,32.68638499964576],[-80.42261199995497,32.68688399984809],[-80.42262799984849,32.6869569997666],[-80.42277400033667,32.68761899986577],[-80.42265700016081,32.68847100011586],[-80.42243500040296,32.68870299964884],[-80.42197900029339,32.689178999697184],[-80.42001199973994,32.69007100001893],[-80.41787400038058,32.69138799984394],[-80.41762300031041,32.691609000123904],[-80.41680300015277,32.69233100026318],[-80.41642099966303,32.69288899968776],[-80.4161239995621,32.69332299985287],[-80.41599399986576,32.694116999672275],[-80.4158909999336,32.69474499987088],[-80.41642300021117,32.69661899968204],[-80.41695299994058,32.697896999711226],[-80.41719399996501,32.698660999663154],[-80.41763500000597,32.69980100025515],[-80.41814899984186,32.700887999830286],[-80.41835300005638,32.70132199965579],[-80.41924699983387,32.70272600005116],[-80.41940300036781,32.702922999859936],[-80.42085299981397,32.70474699968619],[-80.42171499980444,32.70583600033543],[-80.4225709999471,32.7075519997882],[-80.42278600003225,32.70805200036168],[-80.42312300031614,32.708834999779675],[-80.42325700021044,32.70940499964731],[-80.42344800000615,32.710215999954265],[-80.4231769998445,32.71081999973508],[-80.42289900001015,32.711436999742546],[-80.42270999986425,32.71200900032324],[-80.42253800033512,32.71255400030268],[-80.42247700023574,32.71331199970723],[-80.42247300003778,32.71390400022476],[-80.4227769998114,32.71459300010692],[-80.4229519997136,32.71475699969295],[-80.42339000027981,32.71511799982536],[-80.4237829997419,32.71532299975476],[-80.42439600021032,32.71564400016866],[-80.42515799974333,32.71582099998755],[-80.4252199996676,32.71583499981734],[-80.42608800040415,32.715886000204385],[-80.42718300002309,32.715654000283095],[-80.42805500005929,32.715159999639134],[-80.42881800031553,32.714144999737876],[-80.42901199958598,32.71379800035189],[-80.42941400016718,32.713080999858114],[-80.43082099995566,32.7121630003762],[-80.43272800023466,32.7119820001933],[-80.43429499985672,32.71224999966523],[-80.43486300011928,32.71269899969483],[-80.43541100029037,32.71313200030814],[-80.43571300041417,32.714081999670796],[-80.43559299986526,32.71519499984672],[-80.43544999975012,32.71549399982941],[-80.4351390003038,32.71614200012088],[-80.4346809996461,32.71635300028796],[-80.43381799983074,32.71675200013135],[-80.43190899990192,32.71726400030469],[-80.43032600038633,32.718378999885665],[-80.42972200013877,32.71925199981549],[-80.42970399969711,32.71927800011696],[-80.429640000123,32.719756000122665],[-80.42959599974206,32.72009400002863],[-80.42955700028232,32.72039099969352],[-80.43019499996679,32.72143700009565],[-80.43128100026321,32.722581999933716],[-80.43142500020326,32.72262599972654],[-80.43256599985295,32.72317900014973],[-80.43443299994898,32.72355199988007],[-80.43490999997496,32.7236989999773],[-80.43589400016414,32.72421300000073],[-80.4369839997602,32.72469199983863],[-80.43764400008428,32.72488799967569],[-80.43779600042025,32.72493299967389],[-80.43899800016932,32.72531799982144],[-80.4408269997322,32.726001000269875],[-80.44246600022258,32.726614000296635],[-80.44431300022711,32.72702500029667],[-80.4457400001071,32.72743500010975],[-80.4467469998625,32.72811299971864],[-80.4471490004437,32.728383999973495],[-80.44759499960924,32.72891799971564],[-80.44763999981507,32.7289720002926],[-80.44825099973535,32.72982800006034],[-80.44840800009418,32.730300000046725],[-80.44858100034655,32.73082500024492],[-80.44863400004999,32.73139400037379],[-80.44854199998848,32.732057000044705],[-80.44858399982127,32.7325999996785],[-80.4485989998899,32.732622000128316],[-80.44878899986068,32.73348100032597],[-80.44934299987955,32.734430999782035],[-80.45017800010581,32.73538299987628],[-80.4513520002658,32.73660399966251],[-80.45145900039593,32.73671600009316],[-80.45234999980036,32.73771600012848],[-80.45324000027821,32.739063000169445],[-80.45332599959363,32.73946000030093],[-80.45352300013543,32.740366000168635],[-80.45355300027266,32.74050100007845],[-80.45337300034761,32.741023999824165],[-80.45323100005739,32.74143400022773],[-80.45208200001176,32.74293200013412],[-80.45049199992519,32.74435100009877],[-80.44911400044901,32.745681000349215],[-80.44825999995618,32.7474599999012],[-80.447936999916,32.7484390002541],[-80.44835100019277,32.74968799980819],[-80.44867000003501,32.75041999979383],[-80.44897399980862,32.75111700011771],[-80.44947699977386,32.752878999782894],[-80.44962499991186,32.75448400012636],[-80.44961599969103,32.75593199981232],[-80.44958100042925,32.75724699980577],[-80.44925699966582,32.758426000074586],[-80.44885599980785,32.75950700000403],[-80.44804099967305,32.76078500004819],[-80.44795299980952,32.76098599998355],[-80.44770799958712,32.76199699992575],[-80.44769500006666,32.76204099990013],[-80.44761100040107,32.76230899996148],[-80.44760800002801,32.76232000029631],[-80.44749199967707,32.76270899972507],[-80.44714699989557,32.76322000014762],[-80.4469379996582,32.76345399970651],[-80.44692699978755,32.76346600005472],[-80.44651400023399,32.76395599979726],[-80.44637100011884,32.76451999990235],[-80.44634000015671,32.76463900022215],[-80.44614500016304,32.7648669997493],[-80.44607800021589,32.764943999851994],[-80.4459030003137,32.76514799987071],[-80.44521799987528,32.765344999996884],[-80.44451200041875,32.76520999996898],[-80.444206000097,32.765151999659054],[-80.44294499989839,32.76501300029941],[-80.44278599988974,32.76500299967957],[-80.44190600035593,32.76495200020222],[-80.44093499968723,32.76503599968133],[-80.4407220001502,32.76504699967918],[-80.43990399964238,32.76539899964862],[-80.43930600014089,32.76588199994453],[-80.43925300043746,32.765909000366996],[-80.4390679995912,32.76618099985759],[-80.43891000030578,32.76648500012659],[-80.43847199973955,32.767293999862595],[-80.43777100030589,32.76831699962657],[-80.43738799999124,32.76868300010015],[-80.43693699990455,32.769113999745635],[-80.43658000042748,32.769476999701595],[-80.43645900005365,32.76995500012177],[-80.4365750004046,32.7702219996957],[-80.43712500022552,32.770615999714494],[-80.43787300041313,32.77091999994417],[-80.43850199987679,32.7712789998199],[-80.43881499987121,32.77165800026149],[-80.43886500009994,32.77211199967226],[-80.4387439997261,32.772424999812344],[-80.43847799958732,32.77274099975893],[-80.43786099981926,32.773035999858095],[-80.43724099967817,32.77331399974026],[-80.43696399966872,32.77348799970828],[-80.43600600031712,32.774224999846425],[-80.43585499980607,32.77435300032544],[-80.43552000007031,32.774712999977545],[-80.4352799998708,32.7751540001159],[-80.43518500033457,32.77529400027833],[-80.43495900037875,32.77558900022318],[-80.43447599960668,32.776330999629764],[-80.43412699962722,32.777038000326705],[-80.43388700032602,32.77735799974959],[-80.43369300015728,32.77757399997454],[-80.43359900044592,32.77767800028747],[-80.43331200039076,32.778039000074635],[-80.43292900007611,32.77847900036007],[-80.43259099996732,32.77916099963693],[-80.4323010004374,32.779922999624794],[-80.43215400012431,32.78056499990742],[-80.43200799963613,32.781208000044636],[-80.43190899990192,32.781689999942536],[-80.43190499970396,32.782373000227395],[-80.43204500034437,32.78277600026784],[-80.43223199994212,32.78325899991083],[-80.43265700008955,32.783782999971244],[-80.43303399965811,32.784227000235724],[-80.43341100012496,32.78479100027479],[-80.43374000001293,32.7853959997895],[-80.43402299987014,32.785718999830415],[-80.43449599969817,32.786122999717776],[-80.43497799974702,32.7865349999564],[-80.43506300013584,32.786607999858305],[-80.43548800028326,32.787091999730684],[-80.43572400028482,32.78737399979956],[-80.43595899956316,32.78773700003432],[-80.43594500021776,32.78800200011485],[-80.43581299997328,32.78819400011029],[-80.43570599984315,32.78831799987137],[-80.43548499991022,32.788523999676926],[-80.43519200000726,32.78877900021981],[-80.4346670003007,32.78901700001653],[-80.43390400004446,32.7893349996712],[-80.43337900033791,32.789613999842445],[-80.43271099961791,32.78997299981463],[-80.43218500008645,32.79041299998132],[-80.43188399978757,32.790665000091884],[-80.43161199980099,32.7908920003054],[-80.43098900018516,32.79161300008171],[-80.43074899998565,32.79197300012619],[-80.4306040002207,32.792334000054105],[-80.43059699964968,32.79239799975036],[-80.43055300016707,32.79281699990406],[-80.43031299996755,32.79313699996242],[-80.42978700043608,32.79360300008836],[-80.42945699982491,32.79377800021472],[-80.42917399996767,32.793927000344326],[-80.4287670002619,32.794345000282405],[-80.42841999993227,32.7947009998691],[-80.42789799970046,32.79513700010248],[-80.42771299975253,32.79531200023055],[-80.4272940003512,32.79570900028408],[-80.42701200031887,32.79604599993726],[-80.42697600033387,32.79633799967505],[-80.42696999958775,32.79638299982352],[-80.42692699993005,32.79678899991493],[-80.42684499991431,32.79719399988702],[-80.42664300024794,32.79753099995297],[-80.42616000037418,32.797934000030885],[-80.42567900015024,32.798134000114594],[-80.4252389999342,32.798199999696145],[-80.42475900043348,32.79826500022006],[-80.42420000039174,32.79819500011855],[-80.4238460003894,32.7981289997782],[-80.42364100035,32.79809099962862],[-80.42304200012528,32.79798699977218],[-80.42240199989268,32.79801700032409],[-80.42196199967664,32.7980829999925],[-80.42140099998507,32.798214999937464],[-80.4210799995947,32.798383000201746],[-80.42087799992834,32.79865200006726],[-80.42074400003403,32.79881199993528],[-80.42039500005458,32.79922400029011],[-80.41991100035591,32.79989800036833],[-80.41928600019193,32.80068900007124],[-80.41900300033471,32.801109999885234],[-80.41877900002874,32.80152599982548],[-80.41865900037813,32.801750000322905],[-80.41849699999642,32.80202000029368],[-80.41829399960683,32.8024750000251],[-80.41829299978193,32.80274500005917],[-80.4182700002157,32.803116999870205],[-80.41826699984266,32.80365699974874],[-80.41820400009347,32.80402900027369],[-80.41830100017783,32.80446900035448],[-80.41833899981269,32.804857000066995],[-80.41832000044442,32.80494400020209],[-80.41827699988839,32.80514400037207],[-80.41805599995547,32.80522799965991],[-80.41765599992237,32.805243000225495],[-80.41739599963138,32.8052410000999],[-80.41709699988064,32.805205999782196],[-80.41683699958963,32.80512000034524],[-80.41661900002975,32.804900000300634],[-80.41644099975451,32.804629000324404],[-80.41624400011102,32.80418799982834],[-80.41626800040046,32.80387900000578],[-80.4163269999517,32.8036649996384],[-80.41628900031687,32.80342800024281],[-80.41625099978371,32.803191999923634],[-80.41611299969145,32.80292100002573],[-80.41591500022305,32.80258199981788],[-80.41575600021439,32.80239500002533],[-80.41555700002277,32.80232700034646],[-80.41523700035562,32.80232500015524],[-80.41502599957012,32.80239700021497],[-80.4149970001561,32.80240200031136],[-80.41475199993373,32.8025620002263],[-80.41461700021452,32.80295200013391],[-80.41464700035174,32.80325300023254],[-80.41480899983513,32.80362399972444],[-80.41494600010249,32.80401299980415],[-80.415102999563,32.80445299996415],[-80.41512000017977,32.8049429997584],[-80.4151169998067,32.805298000264216],[-80.4150160004227,32.805534000277454],[-80.4149040002697,32.805733000195175],[-80.41473199984225,32.80604000026061],[-80.4146099996435,32.806460999649346],[-80.41456600016089,32.80693400009009],[-80.41464599962852,32.807325999770605],[-80.41466300024527,32.807407999939684],[-80.41470000005518,32.807880999870875],[-80.41451699975708,32.808352999899746],[-80.4143350001822,32.808672999913945],[-80.41409099978473,32.808836999955986],[-80.41365599959155,32.80903800006899],[-80.4136029998881,32.80903199994821],[-80.41325800010661,32.80899399992908],[-80.41284600037797,32.80891100006925],[-80.4127369996997,32.80888599990524],[-80.41171099967772,32.80888100017357],[-80.41169099958624,32.808872000353894],[-80.41166999966984,32.80886099973419],[-80.41164499955549,32.80884399973464],[-80.41162799983705,32.808832000221564],[-80.41161500031659,32.80881999995185],[-80.41160299972269,32.80880799968056],[-80.41158600000426,32.808787999979735],[-80.41156900028581,32.80876499982747],[-80.4115609998899,32.80875100025711],[-80.41155199966909,32.808732999835485],[-80.41154599982129,32.8087179998589],[-80.4115390001486,32.80869499968851],[-80.41153300030082,32.80866800017029],[-80.41153099975267,32.808649000084976],[-80.41153099975267,32.808627999946154],[-80.41153199957758,32.808612000304436],[-80.41153599977554,32.80858799970402],[-80.41153800032367,32.80857699980414],[-80.41154300034655,32.80856199980122],[-80.41154900019433,32.80854400009636],[-80.41155800041517,32.808525999632856],[-80.41156400026296,32.80851400007685],[-80.41157299958547,32.80849999971192],[-80.41158699982917,32.80848100034567],[-80.41159600005001,32.80846999967753],[-80.4116100002937,32.808456000060715],[-80.41162700001215,32.80843999963304],[-80.41165600032446,32.808419000199876],[-80.41167999971559,32.80840299976555],[-80.41170300018014,32.80838700008332],[-80.41172400009653,32.8083729996984],[-80.41175000003578,32.80835400030499],[-80.41177299960201,32.80833700020851],[-80.41180199991432,32.808315999995976],[-80.41182700002867,32.80829600018449],[-80.41184899976999,32.80827799967071],[-80.41186800003656,32.80826199996603],[-80.41188599957991,32.808246000258485],[-80.41192300028816,32.80821299967276],[-80.41195099987723,32.808186999660265],[-80.41198400038752,32.808155000215216],[-80.41200299975579,32.80813500036744],[-80.41202500039539,32.80811299969922],[-80.41204999961144,32.80808500035087],[-80.41206899987802,32.80806400007884],[-80.41208399994663,32.808046000273116],[-80.41210599968792,32.80802000021177],[-80.41212099975655,32.80800099998786],[-80.4121380003733,32.80797999969599],[-80.41216099993953,32.807950000241085],[-80.41219199990167,32.807904000251916],[-80.41222000038907,32.80786300002815],[-80.41223100025972,32.807845999837745],[-80.41224200013039,32.80782899964405],[-80.4122510003512,32.807814999926265],[-80.41225899984882,32.80780100020627],[-80.41226899989456,32.807783000347285],[-80.41227399991743,32.807773999661435],[-80.41228200031335,32.80775999993493],[-80.4122920003591,32.80774200006769],[-80.4122990000318,32.807728000336155],[-80.41230599970449,32.80771599991741],[-80.41230999990245,32.80770699997977],[-80.41231699957514,32.80769199983002],[-80.41232499997105,32.807676999677696],[-80.41233199964374,32.80766200027792],[-80.41233800038985,32.807647000120575],[-80.41234400023762,32.807634999690855],[-80.41235400028337,32.807611000336635],[-80.41236099995606,32.80759600017062],[-80.41236900035199,32.80757400012401],[-80.41238000022264,32.80754700026522],[-80.41238900044347,32.80752199971752],[-80.41239699994108,32.807496999917845],[-80.41240699998681,32.807465999884634],[-80.41241600020766,32.807438000332496],[-80.41242299988033,32.807412999754156],[-80.41242799990322,32.807394000155526],[-80.41243499957591,32.807365999825684],[-80.41243999959877,32.80734000032045],[-80.41244399979674,32.80732099995118],[-80.41244999964454,32.807293000353376],[-80.4124549996674,32.80726700007169],[-80.41246100041349,32.80722600030912],[-80.41246399988823,32.80720299975263],[-80.41246800008619,32.80716499970654],[-80.41247099956091,32.80713000014645],[-80.41247300010907,32.80710700032017],[-80.41247399993397,32.80708500015247],[-80.41247399993397,32.80706500006393],[-80.41247499975889,32.807045999635925],[-80.41247499975889,32.807029999709414],[-80.41247899995685,32.80701799995143],[-80.41248599962954,32.80699200034441],[-80.41248999982749,32.80697400032158],[-80.41249300020054,32.80696199980098],[-80.41249800022342,32.80693200000255],[-80.41250200042138,32.80690499994871],[-80.41250400007121,32.8068899996636],[-80.41250599972102,32.80686899986422],[-80.41250700044425,32.80685099981655],[-80.41250800026916,32.8068239997381],[-80.41250700044425,32.80679699965151],[-80.41250599972102,32.80677000031171],[-80.41250300024629,32.80673699993306],[-80.41249900004833,32.80670999981999],[-80.4124970003985,32.80669500025703],[-80.41249300020054,32.806673999656525],[-80.4124909996524,32.806661999850476],[-80.4124839999797,32.806636000139314],[-80.41247599958379,32.806606000230786],[-80.41246899991108,32.806586000034464],[-80.41246100041349,32.806563000067406],[-80.41245200019266,32.806540000094394],[-80.41244200014691,32.806517000115434],[-80.41243200010118,32.8064949998017],[-80.41242299988033,32.8064780001047],[-80.4124129998346,32.806459000306205],[-80.412405000337,32.80644600004435],[-80.41239399956802,32.806427000239026],[-80.4123840004206,32.806411000201145],[-80.41236799962876,32.806386999761365],[-80.41235099991033,32.80636399974282],[-80.41233099981883,32.806339000372425],[-80.41231699957514,32.80632199989053],[-80.41230400005465,32.80630700026209],[-80.41229099963586,32.80629300030452],[-80.41226999971947,32.80627200036409],[-80.41224200013039,32.806245000109826],[-80.41222200003888,32.80622800036501],[-80.41218900042693,32.806199999667776],[-80.41216000011461,32.806178000030634],[-80.4121240001296,32.806154000282994],[-80.4120949998173,32.80613499966019],[-80.41206600040329,32.80611799989433],[-80.41204499958857,32.80610699968877],[-80.4120110001517,32.8060899999175],[-80.41197099996873,32.80607100003613],[-80.41192599976287,32.80605200015063],[-80.41188300010519,32.80603699972158],[-80.41184299992221,32.806024000153016],[-80.41180199991432,32.80601299993581],[-80.4117719997771,32.80600500025753],[-80.41173400014227,32.80599699982341],[-80.41170599965486,32.80599199992928],[-80.4116739998678,32.80598700003482],[-80.4116169999664,32.80598099970812],[-80.4115819998063,32.8059779999221],[-80.41155699969194,32.80597700024509],[-80.41151999988202,32.805975999813036],[-80.41148700027007,32.805975999813036],[-80.41144000041439,32.805975999813036],[-80.41138799963754,32.80597700024509],[-80.41134800035289,32.805979000354135],[-80.41131099964464,32.80598099970812],[-80.41127100036,32.80598400024904],[-80.41122799980397,32.805987999711704],[-80.4111800001234,32.80599300036116],[-80.41112599969672,32.806000000363795],[-80.4110749996431,32.806008000042596],[-80.4110539997267,32.80601099982754],[-80.4110040003963,32.80601999993693],[-80.41094599977166,32.80603199982964],[-80.41088300002247,32.80604700025954],[-80.41083000031904,32.80605999982474],[-80.41078500011318,32.806073000143044],[-80.41072300018891,32.80609100034828],[-80.41067499961002,32.80610699968877],[-80.41065100021889,32.806115000112996],[-80.41060000016525,32.80613399998496],[-80.41054400008876,32.806155999632985],[-80.4104910003853,32.806178000030634],[-80.41045200002725,32.80619499978506],[-80.41040400034669,32.80621799984734],[-80.41036699963843,32.80623699969736],[-80.4103290000036,32.80625600029831],[-80.41030100041452,32.80627099993541],[-80.4102650004295,32.80629199987602],[-80.41022600007145,32.8063149999132],[-80.41019000008643,32.80633700027149],[-80.41014900007855,32.80636300007016],[-80.41011800011641,32.80638499966151],[-80.41008399978121,32.80640799967463],[-80.4100479997962,32.80643499987938],[-80.41001299963611,32.806462000075946],[-80.40997500000127,32.80649200003308],[-80.40994900006201,32.806514000347555],[-80.40992099957461,32.80653799999799],[-80.40991200025208,32.806547000053996],[-80.40990100038142,32.806563000067406],[-80.40989200016061,32.80657699998245],[-80.40988700013773,32.80658699970466],[-80.40987700009198,32.806606000230786],[-80.40986700004625,32.80662900018672],[-80.40985899965031,32.80665099971224],[-80.40985299980254,32.80667200031818],[-80.40984699995475,32.8066980000188],[-80.40984399958171,32.806722000374606],[-80.4098419999319,32.80673800035656],[-80.4098419999319,32.80674800006066],[-80.4098419999319,32.80677199964791],[-80.40984500030493,32.80680099983262],[-80.40984899960458,32.80682199964808],[-80.40985399962744,32.80684599997039],[-80.40986100019848,32.80686899986422],[-80.40987100024421,32.80689399984054],[-80.40988100028994,32.80691399996756],[-80.40988600031282,32.80692299998551],[-80.40989800000838,32.8069450001933],[-80.40991200025208,32.80696500030879],[-80.40992999979544,32.80698800017183],[-80.40994499986404,32.8070040001059],[-80.40996300030571,32.8070229997879],[-80.40998099984905,32.80703800005055],[-80.40999699974259,32.8070510002258],[-80.41001799965899,32.807065999728685],[-80.41004299977334,32.80708199964871],[-80.410053999644,32.807087999901086],[-80.41007200008566,32.807098000320856],[-80.4100889998041,32.80710599990083],[-80.41010499969761,32.80711299981581],[-80.41012200031436,32.80711999973028],[-80.41013900003281,32.8071629996242],[-80.41015300027651,32.80721199974132],[-80.41016699962191,32.807256000008394],[-80.41018300041374,32.80730900023248],[-80.41020000013216,32.807361000008505],[-80.41021400037587,32.80740100004788],[-80.4102369999421,32.80746500022437],[-80.41025700003358,32.807521000057896],[-80.41027899977489,32.80757600019712],[-80.41029200019368,32.80760799985063],[-80.41030499971417,32.80763899983426],[-80.41033599967629,32.80771399984741],[-80.4103569995927,32.80776100034691],[-80.41036599981352,32.807779999867094],[-80.41038000005722,32.80781099979079],[-80.41040400034669,32.80786200037235],[-80.4104269999129,32.80790799962822],[-80.41044399963133,32.80794299963699],[-80.4104699995706,32.80799200007913],[-80.41049399986005,32.808038000022705],[-80.41051700032459,32.80807999981915],[-80.41054499991368,32.80812900018576],[-80.41056199963211,32.808159000335216],[-80.41057900024886,32.80818899971957],[-80.41060600001303,32.808233000258014],[-80.41062899957926,32.80827000019627],[-80.41065399969362,32.80831100023229],[-80.41068200018103,32.8083549999553],[-80.4107089999452,32.808395000302305],[-80.41073999990735,32.80844199968665],[-80.41076800039474,32.808481999994505],[-80.41078500011318,32.80850700027215],[-80.41081900044837,32.80855299994924],[-80.41087600034979,32.80863099964269],[-80.41091099961156,32.80867700001063],[-80.41093900009898,32.80871199971657],[-80.41100299967307,32.80879099967086],[-80.41104799987892,32.80884500013442],[-80.41107200016835,32.808872000353894],[-80.4111099998032,32.80891599979918],[-80.41114199959026,32.80895300020813],[-80.41117000007766,32.80898199968122],[-80.41117699975035,32.80899199988788],[-80.41118299959813,32.809000999695414],[-80.411187999621,32.809014999981414],[-80.41119000016914,32.80902799986749],[-80.411187999621,32.80904099975167],[-80.41118400032136,32.80905299999156],[-80.41117699975035,32.80906399983252],[-80.41116900025274,32.809074000029966],[-80.41115599983394,32.80908400022621],[-80.41114099976534,32.80909099998547],[-80.41086999960369,32.809192000009496],[-80.4104200002402,32.80950500029687],[-80.40999599991767,32.80975600026875],[-80.40947100021111,32.81002600008182],[-80.4088229995826,32.81027500007998],[-80.40820400016472,32.81057200028428],[-80.4081749998524,32.81058699994795],[-80.40774999970498,32.81083799988401],[-80.40747900044163,32.81110600019116],[-80.4074069995733,32.81123100008341],[-80.40728500027286,32.81208000006238],[-80.40690799980601,32.81259699993103],[-80.40639099959705,32.813164000018894],[-80.4060900001965,32.81358299969791],[-80.40605699968623,32.81362899976754],[-80.40568099994259,32.814315000376695],[-80.40558700023125,32.8144839999932],[-80.40540899995602,32.814965999970575],[-80.40533399961295,32.81540600026406],[-80.40530600002387,32.815575000070446],[-80.40525099977228,32.81622600024732],[-80.4051250002739,32.81658300009702],[-80.40484800026447,32.817022999932554],[-80.40464700042301,32.8173790000509],[-80.40461300008782,32.81741799980751],[-80.40437100023848,32.817692999734795],[-80.4041689996738,32.818154000270205],[-80.40401600041123,32.81863700025644],[-80.40399799996958,32.818807000244234],[-80.40393699987021,32.81939300001808],[-80.40398200007606,32.81996100004419],[-80.40417700006974,32.82063399962884],[-80.4042180000776,32.82086100032097],[-80.40429599989541,32.8212960003191],[-80.40438799995691,32.82195400035172],[-80.40440399985043,32.82260400034589],[-80.40427900017697,32.82316699978584],[-80.40403200030477,32.823747000357955],[-80.40378600025747,32.82420799967309],[-80.40333599999568,32.82494099984241],[-80.40290699965028,32.82553699977037],[-80.40263300001389,32.825906000175785],[-80.40247800020319,32.826115999758876],[-80.4020699997742,32.82664400016191],[-80.40184499964329,32.826932999941114],[-80.4014789999454,32.827205000028734],[-80.40118900041548,32.827375000226624],[-80.40107300006453,32.827442000175246],[-80.40062399962764,32.8279700002438],[-80.40027800002123,32.828326999699414],[-80.4001340000812,32.828703000314704],[-80.40004500039274,32.829003999997234],[-80.39994699958513,32.82933399979341],[-80.3997199998044,32.82999999969595],[-80.39939199974134,32.830682000086895],[-80.39918699970194,32.83104000011272],[-80.39905500035577,32.831398000204935],[-80.39889799999693,32.83182500030822],[-80.39887399970749,32.832355000251525],[-80.39889200014916,32.83274800037584],[-80.39892999978397,32.83308999985795],[-80.39898800040862,32.83346599993127],[-80.39904699995985,32.83380799966712],[-80.39919099989989,32.83400600030254],[-80.39924699997638,32.834083000178765],[-80.39938599989357,32.83447700031409],[-80.39942199987858,32.83492700013061],[-80.39929800003002,32.835468000019034],[-80.39897199961678,32.83579100002708],[-80.39862099998751,32.83601400009945],[-80.39854499981952,32.83606200006205],[-80.3980779998393,32.83635100013768],[-80.3978250001193,32.836488999625125],[-80.3973670003599,32.8367400003472],[-80.39683799955708,32.83721599984283],[-80.39640699956185,32.83805199963609],[-80.39627500021568,32.83847700006256],[-80.39617899995622,32.8387860003241],[-80.39607500019913,32.839297999960564],[-80.3958390001976,32.83994000016996],[-80.39572399967156,32.840254000098085],[-80.3957420001132,32.84057800009516],[-80.39579999983953,32.8410229997453],[-80.3959809995895,32.84121199982231],[-80.39637099957683,32.841213999892865],[-80.3964459999199,32.841213999892865],[-80.39672899977714,32.841284000069294],[-80.39698999989304,32.84154200028596],[-80.39716899999318,32.84198699963177],[-80.3970640004112,32.84248200007372],[-80.39669799981498,32.842821999761455],[-80.3959870003356,32.8431779998679],[-80.39523599977493,32.84351599988982],[-80.39470799969531,32.843820999945905],[-80.39437799998244,32.84416699979963],[-80.39413699995801,32.844501999834335],[-80.39409299957708,32.844877999876616],[-80.3941720001181,32.845168999911834],[-80.39433199995169,32.84549500005523],[-80.39475499955098,32.845769999835404],[-80.39530000024735,32.84594399988735],[-80.39572500039478,32.84596300029744],[-80.39621099974326,32.845947999815166],[-80.39667699989857,32.84581399987209],[-80.39692100029606,32.84562699975415],[-80.39728699999397,32.84544099998456],[-80.3975220001706,32.845364000148486],[-80.39771299996632,32.84530600004156],[-80.39815800020523,32.84527399962808],[-80.39862299963733,32.84527600036176],[-80.39896599976899,32.845432000095414],[-80.39943000027449,32.84574200028096],[-80.39958400026029,32.8459079997745],[-80.39981100004101,32.84615399962586],[-80.39986999959223,32.84646200035608],[-80.39971399995663,32.84707700014986],[-80.39957900023741,32.847411999766194],[-80.3994870001759,32.84763999989243],[-80.39950300006943,32.84825499982429],[-80.39965799988013,32.848760000281324],[-80.39981000021609,32.84908300022348],[-80.3999440001104,32.84932399985599],[-80.40011700036277,32.849641000367576],[-80.40045200009851,32.85025200028223],[-80.40061600013004,32.85059700003807],[-80.40074599982638,32.85094599966434],[-80.40079299968207,32.851337999822114],[-80.40079299968207,32.851367999716636],[-80.40078699983425,32.85167100012035],[-80.40075900024517,32.851969999833244],[-80.40075599987213,32.85231100006036],[-80.40077599996361,32.85269899984689],[-80.40083399968994,32.853148000206915],[-80.40091300023096,32.85357699962321],[-80.40099699989655,32.85418900024525],[-80.4010279998587,32.85439100024399],[-80.4010350004297,32.854681000140495],[-80.40135799957156,32.85666399978572],[-80.40134099985313,32.85827900007658],[-80.40134000002823,32.85831600029523],[-80.40134000002823,32.85842799994521],[-80.40134000002823,32.85846599994258],[-80.40132199958654,32.858531999978695],[-80.40127899992886,32.85869000023156],[-80.40094900021597,32.85992100018612],[-80.40074400017656,32.860426999711784],[-80.39995499998105,32.86237699986498],[-80.39939199974134,32.8637989997873],[-80.3993030000529,32.864448999759695],[-80.39951700031314,32.86471100037028],[-80.39989600042982,32.86482300024537],[-80.4008029997278,32.8647789998262],[-80.40102299983582,32.86483399996943],[-80.40209400006363,32.8651050003554],[-80.40259600020396,32.865734000348084],[-80.40263100036408,32.865872999929366],[-80.40302600037428,32.867462999778134],[-80.40306400000911,32.867615000031286],[-80.40326200037583,32.8696439999764],[-80.40280000041847,32.8707590002068],[-80.40187499978052,32.871681999761925],[-80.40168800018277,32.87176900007294],[-80.40020900042427,32.872475000090006],[-80.39926799989279,32.87318400030028],[-80.39923100008286,32.873212000247534],[-80.39900400030214,32.87405600000396],[-80.39887999955526,32.87517200023195],[-80.39905600018068,32.87587499986742],[-80.39911100043227,32.87643299971863],[-80.39909399981552,32.87663800002153],[-80.39904699995985,32.87724599992771],[-80.39886500038499,32.87778499982182],[-80.39825399956639,32.87829300000836],[-80.39753499969106,32.87852400033019],[-80.39692600031894,32.87895100000314],[-80.39617300010843,32.8794239998102],[-80.39522499990426,32.879651999887436],[-80.39443300023402,32.87968200001274],[-80.39412899956208,32.880088000307815],[-80.39425300030896,32.88059099990026],[-80.39515399975915,32.88126500031867],[-80.39562099973939,32.88156900001212],[-80.39624500007845,32.88197600029191],[-80.39637599959971,32.882550999679545],[-80.39620400007058,32.883049000300076],[-80.39550600011165,32.883158999762884],[-80.39495700011567,32.88299799990615],[-80.39426699965435,32.88269700004536],[-80.39338200009769,32.88266900007653],[-80.39303399994316,32.88286499967264],[-80.39298000041478,32.88319499984548],[-80.39336299983111,32.88356399966019],[-80.39378999962837,32.88414299977468],[-80.39373899957477,32.884787999985946],[-80.3932909998611,32.88528100015027],[-80.3918410004149,32.885317000125184],[-80.39028399994027,32.88501200016801],[-80.38943600019356,32.88455599984707],[-80.38782799966529,32.88443599984907],[-80.38727700001948,32.8845779996782],[-80.38641000000617,32.88480199963669],[-80.38554200016793,32.885291000060946],[-80.38534399980121,32.8861190002171],[-80.38550600018293,32.887080999840144],[-80.38650500044072,32.888097000116915],[-80.38717599973714,32.888373000083575],[-80.38804299975044,32.8883610000045],[-80.38879900033399,32.88824999995043],[-80.38948899989698,32.888533999981455],[-80.38955699966905,32.88900099994171],[-80.3895809999585,32.88916599969461],[-80.38949100044512,32.88983399982857],[-80.38952599970692,32.89043100016384],[-80.38977599995218,32.89083100037305],[-80.39053699966027,32.89133400008868],[-80.39080199997414,32.89192800022339],[-80.39116000017442,32.89210999970377],[-80.39192400025559,32.89206499978829],[-80.39259200007727,32.891993000026865],[-80.3930809997988,32.89233199980715],[-80.39307199957798,32.89278400001073],[-80.39272000012377,32.89324700014121],[-80.39213500014277,32.89366699989982],[-80.39183600039205,32.89382699978696],[-80.3915099999788,32.894238000350484],[-80.3914820003897,32.89460499981469],[-80.39175400037627,32.895085999743074],[-80.39186200033129,32.89574999979864],[-80.39216100008206,32.89595700026476],[-80.39275699993371,32.89595700026476],[-80.39289400020105,32.89595700026476],[-80.39311099993604,32.89577400021631],[-80.39311099993604,32.895428999715065],[-80.39289400020105,32.89501800015169],[-80.39292199979015,32.894146000010075],[-80.39316600018762,32.89382699978696],[-80.3935739997183,32.89366699989982],[-80.39406300033816,32.89371299995357],[-80.39509400038301,32.8940779996971],[-80.39574600031116,32.894033000026965],[-80.39656100044596,32.89376000018055],[-80.39699599974081,32.893689999929656],[-80.39745699987328,32.89385200016753],[-80.39762000007988,32.894033000026965],[-80.39759300031571,32.89433200022243],[-80.39598999981033,32.89584300015537],[-80.39568699986162,32.89628199986396],[-80.39539200030885,32.896714000021944],[-80.39525599986641,32.89712600017226],[-80.39536399982143,32.89774499997376],[-80.395635999808,32.898158000001494],[-80.39615100036711,32.89857000022344],[-80.3967489998686,32.8988910002379],[-80.39683000005945,32.90019699969949],[-80.39688299976291,32.90030199988418],[-80.39699200044117,32.90051799985109],[-80.39726400042774,32.900769999775214],[-80.399001999754,32.90109100011267],[-80.39992499984382,32.90095400017675],[-80.40014300030201,32.90086300014071],[-80.4005500000078,32.900289999912424],[-80.40057500012215,32.900277999939114],[-80.40090300018521,32.900129000260506],[-80.40122899970015,32.900336000298005],[-80.40139199990676,32.900679999669094],[-80.40136500014258,32.900977999938576],[-80.40068599955194,32.90125200027847],[-80.40068599955194,32.901344000026334],[-80.40038699980119,32.901550000131735],[-80.40003000032411,32.902068000117325],[-80.39989800007965,32.90226000014027],[-80.39989700025474,32.90294799994661],[-80.40000600003468,32.90319999974412],[-80.40090200036032,32.90386400006222],[-80.40139100008186,32.90409400001096],[-80.40179799978763,32.90448300028622],[-80.40206899994928,32.90519400022755],[-80.40208200036807,32.906467000002124],[-80.40209499988855,32.90773600017212],[-80.40231199962354,32.90823999970245],[-80.4029019996274,32.90874100005079],[-80.40357100017232,32.90912200008431],[-80.40414899958232,32.90930799976639],[-80.40614299989996,32.909707999948346],[-80.40644699967356,32.91022899975674],[-80.40644400019882,32.9103270000425],[-80.40640599966567,32.91177799972896],[-80.40597399984554,32.913345000069754],[-80.40564499995757,32.91453499966922],[-80.40505999997657,32.91516300030028],[-80.40428900022272,32.91562099981695],[-80.40285300012192,32.91636700028522],[-80.40217699990431,32.91681700011109],[-80.40170800027425,32.917375000005656],[-80.40138400040915,32.91828100021467],[-80.4006119999321,32.91968300015074],[-80.40026700015058,32.920719999715836],[-80.40023700001336,32.92095900012787],[-80.40011900001258,32.921936000321395],[-80.4000920002484,32.922297000359656],[-80.40007899982962,32.92248599987593],[-80.40002600012616,32.923241999936536],[-80.39974800029182,32.92426200026701],[-80.39944699999293,32.92498400025114],[-80.3992050001436,32.92522500014061],[-80.39883400042282,32.92559600021736],[-80.39847000037476,32.92616400037558],[-80.39843500021466,32.926322999773234],[-80.39836300024464,32.926659999676616],[-80.39834700035111,32.92673800035957],[-80.39835599967364,32.926898999879405],[-80.3983599998716,32.92695099969918],[-80.39836599971937,32.92704200006432],[-80.3986429997288,32.9279569998841],[-80.39878800039207,32.92864600034878],[-80.39892200028638,32.92927699976135],[-80.39929399983205,32.93067799986909],[-80.39990999977519,32.931793000257365],[-80.40036099986192,32.93259899995832],[-80.40073400013083,32.9330139997549],[-80.40063299984848,32.933295999971754],[-80.4004370000299,32.93347000012224],[-80.3999730004227,32.93388399985822],[-80.39940799963489,32.93450499997561],[-80.39931499974846,32.93483499998311],[-80.3993030000529,32.935448000137924],[-80.39940500016014,32.9360389999556],[-80.39984299982805,32.9365689997488],[-80.40037500010563,32.93710900022614],[-80.40061899960477,32.93778300025605],[-80.40062700000071,32.93880800025335],[-80.40049200028149,32.93985500010137],[-80.40045399974832,32.94030600001361],[-80.40049700030436,32.94053299974114],[-80.4009869998508,32.94081500010878],[-80.40136500014258,32.9409000002865],[-80.40150900008261,32.9409349998481],[-80.40214400029235,32.94112999973684],[-80.40278699999966,32.941397000301976],[-80.40303999971967,32.94165100000945],[-80.40303399987187,32.94194100006559],[-80.40278199997681,32.942123000015464],[-80.40245300008883,32.94239300029478],[-80.40221500043747,32.942833000239894],[-80.4022329999808,32.943350000223525],[-80.40246200030965,32.94383800034082],[-80.40289599977963,32.944538000360446],[-80.4025789995872,32.94513099972634],[-80.4022609995699,32.94577100014358],[-80.40219199997293,32.94633400013506],[-80.40227900001155,32.94674000015479],[-80.40260799989953,32.94698700015884],[-80.4031610000935,32.947011000253646],[-80.40401100038838,32.946467000021954],[-80.40476399970055,32.94554099994977],[-80.40519800006882,32.94528900009276],[-80.4062740003195,32.94537700008857],[-80.4070690003628,32.94569499963445],[-80.40732899975549,32.946046000130735],[-80.40740900012143,32.9467729997161],[-80.40732399973261,32.947683999851925],[-80.40705900031706,32.94806799982155],[-80.40553899965235,32.94919099991161],[-80.40470400032441,32.95041499984717],[-80.4044080000484,32.952315000079395],[-80.40442999978971,32.95249999988787],[-80.40460399986698,32.95397100007236],[-80.40521899998521,32.95513400029814],[-80.40578300004984,32.95555300012091],[-80.40708299970821,32.95587899972618],[-80.40755200023655,32.95582100034216],[-80.40777599964423,32.95558999966263],[-80.40771500044318,32.95529099986721],[-80.40702800035493,32.95484500005971],[-80.40672299985808,32.95470400012728],[-80.40645099987152,32.954521000184215],[-80.40620700037235,32.95376600014866],[-80.40639800016807,32.953078999960226],[-80.40661499990306,32.952826999730966],[-80.40688699988961,32.95271200021914],[-80.40763900027521,32.95271200021914],[-80.40810999955508,32.952919000137236],[-80.40916900008732,32.95475199988897],[-80.40952200026474,32.955210000229954],[-80.41011999976622,32.955668999956444],[-80.41022799972127,32.95587500023771],[-80.41011899994132,32.95612700006794],[-80.40973899999973,32.95647000016871],[-80.40916800026243,32.956767000020065],[-80.40892300004003,32.95706499986257],[-80.40884199984917,32.95752399975347],[-80.40894999980422,32.95784499999963],[-80.4091950000266,32.9581429999757],[-80.40941199976159,32.95821200028475],[-80.41022799972127,32.95809700024228],[-80.41142299979764,32.95768400028489],[-80.41154199962332,32.957720999688156],[-80.41185799999083,32.9578220000583],[-80.412293000184,32.9584640002346],[-80.41253699968316,32.95942599983603],[-80.41264600036142,32.95972399975672],[-80.41310800031877,32.96016000007083],[-80.41327099962707,32.96016000007083],[-80.41345300010029,32.960254000026055],[-80.41400100027136,32.960537999684284],[-80.41418399967115,32.960633000186256],[-80.41446599970347,32.9607789999177],[-80.415178999731,32.96138000036024],[-80.41533600008982,32.96151200003408],[-80.41579700022227,32.96242900005045],[-80.41620499975296,32.96382500018993],[-80.41679300010703,32.96471500006922],[-80.41685699968112,32.96481200014426],[-80.4176149999145,32.96565699969652],[-80.41837800017073,32.966507000100414],[-80.41881300036391,32.9672640000476],[-80.41881300036391,32.96788199975269],[-80.41867699992149,32.96820300005201],[-80.4184049999349,32.968523999938505],[-80.41802400016842,32.96877599987028],[-80.4176430004019,32.96884600026802],[-80.41753500044686,32.96886700015042],[-80.41617600033896,32.96886700015042],[-80.41557799993917,32.96923299977561],[-80.41459899977285,32.97060799995374],[-80.41416399957969,32.97088300028467],[-80.41367499985813,32.97150100029395],[-80.41367499985813,32.97177600010543],[-80.41416399957969,32.972715999682194],[-80.41462600043533,32.97312800015956],[-80.41495199995026,32.97321899972412],[-80.41519700017265,32.973197000069895],[-80.41555000035007,32.972991000232405],[-80.41574000032087,32.97260000037179],[-80.41576799990996,32.971777000174455],[-80.4158769996899,32.971456000051425],[-80.41622999986733,32.9709749999795],[-80.41661099963382,32.97088300028467],[-80.417262999562,32.97090599984055],[-80.41772500041765,32.97111300009574],[-80.41791500038848,32.971296000343344],[-80.4180099999247,32.971911000275036],[-80.41837700034583,32.97427500004607],[-80.41862099984498,32.97486999965785],[-80.41864799960915,32.97535100037173],[-80.41840300028508,32.97603899998678],[-80.41712600019295,32.97656500028527],[-80.4156309996426,32.9768859999251],[-80.41514100009616,32.97729699978183],[-80.41424399994561,32.97826000002897],[-80.4142220002043,32.97828799990093],[-80.41367300020832,32.979061999629145],[-80.41359100019255,32.97954300011656],[-80.41378100016334,32.98011600021309],[-80.41378100016334,32.98062000027397],[-80.41361799995673,32.98114599965869],[-80.4136720003834,32.98178799988158],[-80.41378100016334,32.98197099986128],[-80.41494899957722,32.98293400037283],[-80.41492199981305,32.98320700011861],[-80.41426999988488,32.98417099988678],[-80.41397000030922,32.98428499996688],[-80.41369900014757,32.984262000127835],[-80.4132089997028,32.98398700001532],[-80.41290999995206,32.98368899981143],[-80.41247599958379,32.98352799972524],[-80.41198600003734,32.98361999981041],[-80.41130599962177,32.98398700001532],[-80.41002799970472,32.983825999719045],[-80.40945699996742,32.98393900031343],[-80.40896800024586,32.984214999750044],[-80.40888399968198,32.98433500008777],[-80.40869600025931,32.98460500025122],[-80.40877699955186,32.985749999679975],[-80.40906500033026,32.986077999938644],[-80.40915700039176,32.98618499972262],[-80.40945600014251,32.98618499972262],[-80.41092400003035,32.98549799995824],[-80.41133199956104,32.98542999977848],[-80.41184899976999,32.98545300006677],[-80.41225600037409,32.98561399965638],[-80.41233800038985,32.98572800013359],[-80.41231099972735,32.98602600023622],[-80.41160400044593,32.98678100035733],[-80.4110329998103,32.98694199978537],[-80.41002500023,32.987428999642106],[-80.40975499989324,32.98756100032251],[-80.40937400012675,32.98811000014413],[-80.40915599966854,32.988888999792636],[-80.40926500034679,32.989965999711146],[-80.40967200005258,32.99111200027672],[-80.41016099977412,32.99205000002459],[-80.41032399998073,32.9921650003157],[-80.41084100018968,32.99292200032678],[-80.4107859999381,32.99351799992423],[-80.4107499999531,32.99364800014366],[-80.41066999958714,32.993808000034875],[-80.41030300006433,32.9940310001811],[-80.41005199999415,32.994186000302086],[-80.40901299955341,32.995099999942084],[-80.40861099987049,32.99547799994911],[-80.40807100009535,32.995988999770404],[-80.40785500018528,32.99618100008702],[-80.40751700007647,32.99671199985857],[-80.40707699986041,32.99740400013418],[-80.40582900008059,32.99870999983876],[-80.40576399978326,32.998820999934175],[-80.40545400016187,32.99935799968628],[-80.40546699968233,32.999657000232],[-80.40547900027622,32.99966300025779],[-80.40551699991106,32.999681000332686],[-80.40553000032985,32.99968800010967],[-80.40582599970755,32.999828999804635],[-80.40584599979903,32.99983900033013],[-80.40607799960262,32.99991500021859],[-80.40647699981078,32.999972000280295],[-80.4067870003305,33.00004200005458],[-80.40689799976028,33.000066999799074],[-80.40708799973106,33.000168999707796],[-80.4073859996569,33.00065299967629],[-80.40746799967266,33.00093500027678],[-80.40733200012853,33.0012999998331],[-80.40703300037778,33.00178200016581],[-80.40695100036204,33.00217199988617],[-80.40706000014198,33.00253800007223],[-80.40760900013797,33.00318900032504],[-80.40792899980511,33.00356899975067],[-80.40795599956928,33.003935999872446],[-80.40791899975937,33.004151000158316],[-80.40784699978934,33.004578000065706],[-80.40770500039744,33.0047479996935],[-80.40756700030518,33.004917999747086],[-80.40719999988406,33.00536100000027],[-80.40673200007892,33.00592899981634],[-80.40637800007659,33.00675399963848],[-80.4063570001602,33.00684299985031],[-80.40626900029665,33.007234999883856],[-80.40617999970986,33.00738399990855],[-80.40608099997566,33.00755099965733],[-80.40605199966335,33.007601000156654],[-80.4057799996768,33.007784999761256],[-80.40518100035038,33.00803699987433],[-80.40498899983146,33.00808200030303],[-80.40412099999321,33.00828800036528],[-80.40379499957999,33.00840299983245],[-80.40346800024017,33.008884000124986],[-80.40346800024017,33.00950099963379],[-80.40360399978428,33.009617000172874],[-80.40526099981803,33.00946400007919],[-80.40558899988109,33.00943400026602],[-80.40632299982501,33.009709000180266],[-80.4065630000245,33.00991199979145],[-80.40678499978237,33.01009799987114],[-80.4069210002248,33.01035099978722],[-80.4069210002248,33.011099999699525],[-80.4066750001775,33.012413000307646],[-80.40656600039756,33.014014999828916],[-80.40661999992592,33.01497800018184],[-80.40663400016963,33.01505100034297],[-80.40689199991249,33.016352999648035],[-80.40699999986751,33.017130999712066],[-80.40697300010335,33.01784199993137],[-80.40648299965858,33.019010999786055],[-80.40580300014132,33.01955999975613],[-80.4044430002085,33.02040800032586],[-80.40077099994075,33.02194200004909],[-80.39927499956548,33.02235399971287],[-80.39881199978322,33.02256000032911],[-80.39821400028173,33.0229949996575],[-80.39557499970864,33.02436899964945],[-80.39489500019138,33.02489500035364],[-80.39358899978691,33.02608600010932],[-80.39318100025625,33.02658999970346],[-80.39295699995024,33.02696599993855],[-80.39268099976573,33.02742900021369],[-80.39260399977283,33.02756000035436],[-80.39239100023582,33.027917999883634],[-80.39178199996536,33.02906900008313],[-80.39142299994018,33.02974999998769],[-80.39130199956634,33.029980000027486],[-80.39048700032988,33.030747000143705],[-80.38991400004443,33.03128600010307],[-80.38855300028669,33.03206400017197],[-80.3881449998577,33.032384000371124],[-80.38806399966683,33.03249699977314],[-80.38781900034277,33.03284300028008],[-80.38781799961956,33.033622000279486],[-80.38798599984905,33.03411200034407],[-80.3880879999563,33.034413000011796],[-80.38827999957692,33.03497400021357],[-80.38830700023942,33.03529399963504],[-80.38831899993497,33.03533099964612],[-80.38841799966917,33.03563499996334],[-80.38861000018811,33.036222000045385],[-80.3887649999988,33.0366949999988],[-80.38895900016757,33.037287000194745],[-80.38901299969592,33.03770099981774],[-80.38905000040417,33.03778399997554],[-80.38914099974244,33.037989999920406],[-80.38939299963752,33.03855600026474],[-80.38942199994983,33.03862200002826],[-80.38958299960831,33.038984000042454],[-80.38977400030235,33.04011700018405],[-80.38980000024162,33.040266999655515],[-80.38949999976765,33.04155000016178],[-80.38952700043014,33.04251200013346],[-80.38968999973844,33.04299400033603],[-80.39053300036063,33.0439090001527],[-80.39101899970912,33.04436800026055],[-80.39167099963728,33.04498299992344],[-80.39219600024215,33.04547899997246],[-80.39259899974996,33.045859000105985],[-80.39381700029088,33.046863999968],[-80.39398600034528,33.04700500027429],[-80.39610699998619,33.04842600019571],[-80.398092000083,33.05000600016784],[-80.39870899985105,33.050910000246084],[-80.39923399955761,33.0516790001939],[-80.39988600038407,33.052320999808174],[-80.40013800027916,33.052463000319776],[-80.40070200034377,33.0527799997449],[-80.40110300020177,33.05293399984702],[-80.40165399984757,33.053145999899044],[-80.40222600030812,33.05323799964909],[-80.40312400028357,33.05307799992375],[-80.40353199981425,33.05287199987736],[-80.40399399977163,33.052351999992396],[-80.40410299955157,33.05223099967287],[-80.40426699958309,33.051932999639185],[-80.40423999981891,33.05135999997711],[-80.40391299958075,33.05044300015501],[-80.40394100006816,33.04973300010217],[-80.40426800030632,33.04943499989728],[-80.40451799965325,33.0494239997845],[-80.40478399979204,33.0494129996704],[-80.40540999978093,33.049505000308905],[-80.40630799975638,33.049435999839055],[-80.40720599973184,33.049207000085495],[-80.40919199965354,33.04831300014135],[-80.41066200008954,33.047144999634114],[-80.41096400021333,33.04696499998608],[-80.4111249998718,33.046870999764245],[-80.41202200002236,33.04659599982096],[-80.41281100021787,33.04650499988335],[-80.41324100038818,33.046666000230275],[-80.41330099976432,33.04668799963745],[-80.4139540004157,33.04746599998848],[-80.414116999724,33.047879999963534],[-80.41420499958755,33.04848800028391],[-80.41425300016644,33.0488189997488],[-80.41444300013724,33.04939100019096],[-80.41482300007885,33.04989499975504],[-80.41686400025213,33.05058400000176],[-80.41800599972674,33.051132999801204],[-80.41835999972908,33.05134000007137],[-80.41893100036471,33.051957999728764],[-80.41897999987017,33.052031000130484],[-80.41902900027398,33.05210399971867],[-80.41952899986619,33.052852000315056],[-80.42015499985507,33.05351700026763],[-80.42042000016895,33.05371100008757],[-80.4205160004284,33.0537810001117],[-80.42080699978322,33.05399400027313],[-80.4209039998676,33.05406499996141],[-80.42118800044805,33.054273000001906],[-80.4214600004346,33.054639999855894],[-80.42186799996531,33.054915000278484],[-80.42249399995418,33.054867999905724],[-80.42253999998493,33.05482900005793],[-80.42263000039664,33.05475499983592],[-80.42347399994541,33.052830000188926],[-80.42382799994776,33.05225599967783],[-80.42437199992087,33.05170700010346],[-80.42475299968739,33.05147800023211],[-80.42510599986478,33.051433000121584],[-80.42537799985136,33.051546999854864],[-80.42540600033875,33.051937000045534],[-80.42529699966049,33.0523939999089],[-80.42545999986713,33.052646999645226],[-80.42589500006031,33.05280700015382],[-80.42616899969669,33.05273999982098],[-80.42627599982681,33.05271499995337],[-80.42695600024238,33.05234900026655],[-80.42728299958222,33.05198299981128],[-80.427472999553,33.05156900030161],[-80.4279360002336,33.05134099999145],[-80.42975800012377,33.05120400029062],[-80.42986699990372,33.05127300012814],[-80.43057400008345,33.05129599981097],[-80.43174400004548,33.051433000121584],[-80.43228800001862,33.05157100013657],[-80.43266899978512,33.05175399990476],[-80.43304999955163,33.0521439999315],[-80.4333220004365,33.052327000014685],[-80.43370300020301,33.052327000014685],[-80.43427399994032,33.05216600022909],[-80.43508999990001,33.052098000249906],[-80.4356110003069,33.052202000019626],[-80.43623300009784,33.052327000014685],[-80.43737600029567,33.05321999996747],[-80.43770199981061,33.05319799993323],[-80.43797399979717,33.053013000352216],[-80.4380829995771,33.05212099971726],[-80.43822800024039,33.051807999837756],[-80.43838200022617,33.05147900015063],[-80.43900800021505,33.05079199998289],[-80.43906199974343,33.0495769997922],[-80.43955200018819,33.04888999984507],[-80.439742000159,33.04886700028674],[-80.43995999971888,33.04900499980527],[-80.43995999971888,33.05001299971428],[-80.44039499991206,33.05042399997154],[-80.4413470003142,33.05072199984136],[-80.4419459996406,33.05099799962477],[-80.44224500028965,33.05129599981097],[-80.4422999996429,33.051729999672936],[-80.4419459996406,33.05196000030789],[-80.44123900035916,33.05202799964068],[-80.44088500035683,33.05218899967868],[-80.4407220001502,33.05260200013219],[-80.4407220001502,33.05308300017838],[-80.44080300034106,33.05326599981585],[-80.44129299988752,33.053702000295566],[-80.44164600006494,33.05387700026946],[-80.4417559996698,33.053930999653346],[-80.44219099986296,33.054044999917124],[-80.44276199960028,33.05450200013337],[-80.44276199960028,33.054594999855546],[-80.44325200004505,33.055098999750314],[-80.44401399957806,33.05560199989984],[-80.44458500021368,33.05578500032498],[-80.44518400043839,33.05580800033507],[-80.44559199996908,33.05567199992633],[-80.44763200031747,33.05415900003332],[-80.44820300005478,33.05406799962885],[-80.44847500004133,33.05413600034538],[-80.44877499961699,33.05431900005309],[-80.44891100005941,33.05454899994856],[-80.44882900004366,33.0550530001066],[-80.44863900007287,33.055694000095315],[-80.44861200030869,33.05640400026855],[-80.44841800013992,33.056656999775825],[-80.44836700008631,33.05672499999856],[-80.44768699967074,33.05716099991281],[-80.44752400036242,33.05732099974731],[-80.4473600003309,33.05773400022058],[-80.44760499965497,33.0579859998255],[-80.44787699964152,33.058100000108965],[-80.44880200027947,33.05814599966635],[-80.4493460002526,33.0583059999693],[-80.45013600027305,33.059061000157214],[-80.45043500002377,33.05972699971517],[-80.45066400035263,33.060800000241116],[-80.45081599979028,33.06151399985975],[-80.45114300002844,33.061902999765344],[-80.45206799976806,33.062200999931285],[-80.45269399975695,33.06210899976034],[-80.45282900037448,33.0616730002611],[-80.45171399976573,33.060825999883875],[-80.45160499998578,33.060619999897675],[-80.45174100042824,33.06023100034501],[-80.45277499994782,33.060139000373674],[-80.45364500033416,33.059955000142416],[-80.4541900001322,33.05970300015099],[-80.45454300030963,33.05935900015727],[-80.45473400010533,33.0590390000768],[-80.4547669997173,33.05900799998838],[-80.4550060000919,33.05878699972175],[-80.45530499984264,33.058832999673044],[-80.45552300030084,33.058993000233144],[-80.45560500031661,33.06089499970931],[-80.45571300027163,33.06128400009194],[-80.45612199962724,33.061535000270126],[-80.4563660000247,33.061535000270126],[-80.4568020000428,33.06123799991568],[-80.4570470002652,33.06084800027055],[-80.4574000004426,33.060481999761514],[-80.45778100020912,33.06041199979527],[-80.45810800044727,33.06066499982982],[-80.45857000040463,33.061811000035796],[-80.45867900018457,33.06187800024112],[-80.45908800043848,33.06270300036487],[-80.45911500020267,33.06329900029355],[-80.45925099974679,33.06355200031127],[-80.45957799998493,33.063735000019605],[-80.46006699970648,33.063735000019605],[-80.46033899969304,33.063619999724814],[-80.46053000038707,33.063366999902556],[-80.46074700012204,33.06270300036487],[-80.46115499965273,33.06240600018726],[-80.46150899965507,33.06229099966174],[-80.46218900007064,33.06238199984777],[-80.4636579997834,33.06240499963997],[-80.4640670000373,33.062679999897675],[-80.46439299955222,33.06300100008082],[-80.46482899957032,33.06316099984044],[-80.46583500039912,33.06300100008082],[-80.4672499996852,33.06265700017734],[-80.4680389998807,33.062654999841335],[-80.46843600043906,33.062840000240875],[-80.46931799962267,33.06325100009504],[-80.47062400002713,33.06363999985232],[-80.47282900023195,33.064120999818634],[-80.47424400041636,33.064372000187845],[-80.4747880003895,33.06439399968814],[-80.47489700016943,33.06384499976812],[-80.47473399996281,33.06363900007192],[-80.4747330001379,33.063203999655705],[-80.47510499968358,33.0627140003243],[-80.47522299968435,33.06256200035229],[-80.47514099966858,33.06208100014745],[-80.47437900013557,33.06079899967557],[-80.47432399988399,33.060249000099034],[-80.4744870000906,33.05999700019637],[-80.47541199983024,33.05995000027808],[-80.47557599986176,33.06027099987704],[-80.47571200030421,33.06082000025654],[-80.47590200027501,33.06105100029376],[-80.47633599974496,33.06109600000557],[-80.47674599982379,33.06114099969438],[-80.47709999982612,33.06104800011137],[-80.47769800022591,33.060705999731226],[-80.47807899999242,33.06056900029812],[-80.47826899996322,33.06049899964813],[-80.47892199971629,33.06049899964813],[-80.47908499992292,33.06043100008201],[-80.47954799970519,33.05995000027808],[-80.47987400011843,33.05981199984442],[-80.4805269998715,33.05985800001305],[-80.48063599965144,33.05997200013082],[-80.48066300031394,33.06038399964262],[-80.48031000013651,33.06077200021188],[-80.48031000013651,33.0612539998488],[-80.4805550003589,33.06155199995337],[-80.48099100037699,33.06178099997223],[-80.48119600041642,33.0618180001495],[-80.48137200014351,33.06184999980192],[-80.48218800010319,33.061712000088434],[-80.48248699985393,33.061551000149265],[-80.48297599957547,33.060933000070214],[-80.48319400003368,33.06084100007965],[-80.48341199959356,33.06086400027452],[-80.48352100027182,33.06102400015449],[-80.48343900025606,33.06139099972154],[-80.48286799962045,33.06230600036073],[-80.48308600007866,33.06239900012026],[-80.48346699984516,33.062215000096174],[-80.4837659995959,33.06196299979903],[-80.48398300022919,33.06161900035591],[-80.48422799955326,33.0614360000124],[-80.48469100023385,33.0614360000124],[-80.48501699974877,33.06168699975716],[-80.48556200044513,33.062374999778875],[-80.48613300018242,33.06269600032155],[-80.48675900017132,33.062809999775176],[-80.48716699970201,33.06271699969703],[-80.48773800033763,33.06207499985283],[-80.48814599986831,33.061823999708814],[-80.48871800032884,33.061777000013166],[-80.4895879998169,33.061984000102264],[-80.48994199981922,33.06225800037356],[-80.48999700007082,33.06246500008433],[-80.48978000033583,33.06356399994585],[-80.48994299964413,33.06377100034937],[-80.49029699964647,33.06388499991634],[-80.49116799985775,33.06379200022129],[-80.491678000394,33.06357700011282],[-80.49317999971872,33.06294499990802],[-80.49462199966729,33.06294400011972],[-80.49511200011207,33.063217999661056],[-80.49546600011439,33.0633100001785],[-80.49611899986746,33.0633100001785],[-80.49682699987211,33.063171999742686],[-80.4972610002404,33.062508000239575],[-80.4972610002404,33.06202599994097],[-80.49701600001801,33.06172899973751],[-80.49701600001801,33.061567999829414],[-80.49682500022229,33.061248000250636],[-80.49657999999991,33.06104199974634],[-80.49626399963242,33.06102499996459],[-80.49614499980673,33.06101900035086],[-80.4958190002918,33.061269999778965],[-80.49568299984938,33.061568999633344],[-80.4953559996112,33.061798000360845],[-80.49473100034554,33.061844000244434],[-80.49443099987158,33.061776000211616],[-80.49396899991424,33.06152400016335],[-80.4938049998827,33.061225000156114],[-80.49383199964687,33.060585000352795],[-80.49407699986926,33.060079999670386],[-80.4945930002533,33.05966800024151],[-80.49521900024219,33.05948299995102],[-80.49644299973257,33.05939199977941],[-80.49796599987201,33.059025000159664],[-80.49807999967481,33.058985000061455],[-80.49982200009737,33.05839299964494],[-80.50080700011145,33.05849499983019],[-80.50097000031808,33.058679999938356],[-80.50159600030696,33.059000999651204],[-80.50206499993702,33.05895099970015],[-80.50246599979502,33.058908999900034],[-80.50298399982888,33.05858799985175],[-80.5039639998201,33.057695999984496],[-80.50419499979878,33.05762199991363],[-80.50439900001328,33.057557999781814],[-80.50496999975059,33.057719000248206],[-80.5051610004446,33.05790299988293],[-80.50529899963855,33.05850300004636],[-80.50535100041542,33.05872800037092],[-80.50565000016614,33.05898000014203],[-80.50600300034357,33.05898000014203],[-80.50641199969915,33.058797000335154],[-80.50641199969915,33.05870500037084],[-80.50679300036397,33.05824700029611],[-80.50681500010529,33.05823700037312],[-80.50728299991044,33.0580410002977],[-80.50790899989933,33.05767500016402],[-80.50879099998126,33.05746799972949],[-80.50948499974221,33.05730700030981],[-80.50963700007819,33.05727100034789],[-80.50967700026115,33.05726300001972],[-80.51010599970823,33.05726300001972],[-80.51026300006706,33.05726300001972],[-80.51035699977841,33.05726399987254],[-80.510672000321,33.057394000219816],[-80.51179899972698,33.057858999890705],[-80.51188699959052,33.05787399983916],[-80.51231599993594,33.05795199983125],[-80.51250599990672,33.05811199973391],[-80.5132640001401,33.058164999689346],[-80.51413899965101,33.05822699969609],[-80.5148190000666,33.05845600008334],[-80.51491699997587,33.058529000367564],[-80.51552600024633,33.058984000228136],[-80.51579800023288,33.05939599984685],[-80.51579300021002,33.05945200001897],[-80.51576999974549,33.059762000354084],[-80.51549799975892,33.060405000322575],[-80.51551500037567,33.06043400028544],[-80.51556700025421,33.06052199993236],[-80.51558499979757,33.060551999672136],[-80.51563400020137,33.06063400031402],[-80.51620499993867,33.06081700006632],[-80.51736300020512,33.06034700036828],[-80.51766600015382,33.060368000304244],[-80.51794300016326,33.06048400014696],[-80.51883000026805,33.061551000149265],[-80.51960500021987,33.06189800001166],[-80.52037799962353,33.062034999634896],[-80.5222830002527,33.06188699995019],[-80.52446900019096,33.061504000307835],[-80.5245920002146,33.061483999694964],[-80.52484199956154,33.06144399996128],[-80.52535799994558,33.06124400026736],[-80.52606099992737,33.06117999975737],[-80.52665400030429,33.06134600016054],[-80.52711000041388,33.06173599985774],[-80.52729399963857,33.06230600036073],[-80.52812399984195,33.06308699984665],[-80.52833800010222,33.063386000304284],[-80.52832999970629,33.064386000007396],[-80.52796900003126,33.065362999874836],[-80.52731200008024,33.06631300016633],[-80.52736300013386,33.066677000273955],[-80.52752399979234,33.066884000130976],[-80.52782000006835,33.06697599982753],[-80.52852399987505,33.06684699982497],[-80.52938800041362,33.06699099972802],[-80.53201299984471,33.06965300004666],[-80.53222799992986,33.06972399990252],[-80.53277000025317,33.06961499968678],[-80.53301499957723,33.06941199984365],[-80.53308099969948,33.06927699984445],[-80.5331250000804,33.06918399982488],[-80.533180000332,33.06859000005237],[-80.53339799989187,33.06840600017379],[-80.53364300011427,33.06845200036771],[-80.53415899959998,33.06895599996815],[-80.53459499961807,33.06909400036799],[-80.53505699957543,33.06904799975692],[-80.53581900000677,33.06861299972786],[-80.53644499999567,33.06852199996206],[-80.53688100001376,33.068704999875244],[-80.5373699997353,33.06909400036799],[-80.53769699997343,33.069645000091086],[-80.53807699991505,33.06992000030988],[-80.53832200013743,33.06996500000382],[-80.53883900034637,33.06987400013056],[-80.5389749998905,33.0697579998662],[-80.5389749998905,33.069553000173734],[-80.5389749998905,33.06947400020884],[-80.5389749998905,33.069239999791776],[-80.5389759997154,33.06916400020445],[-80.53908399967045,33.06886600027808],[-80.5397649999109,33.06813299995192],[-80.53979000002526,33.06774599994818],[-80.53979199967509,33.06772000009112],[-80.53957499994011,33.06751399967853],[-80.53932999971774,33.067444999772356],[-80.53837700038902,33.067444999772356],[-80.53794200019583,33.067329999808514],[-80.53769699997343,33.06716900035951],[-80.53753399976681,33.066940999798845],[-80.53753399976681,33.06646000018835],[-80.53783400024078,33.06600100005883],[-80.53829600019814,33.06568000027768],[-80.53900400020281,33.065337000066584],[-80.53912499967832,33.06521000019803],[-80.5392490004252,33.065084999674184],[-80.5392490004252,33.064948000281404],[-80.53941199973349,33.06483300006593],[-80.53946699998508,33.06467300033451],[-80.53968399972007,33.06455699998967],[-80.53976599973583,33.064467000317805],[-80.54022799969317,33.06430699992095],[-80.54038800042507,33.064346000086815],[-80.54096300036034,33.06449000031795],[-80.54107200014028,33.064582000258675],[-80.54118099992021,33.06455900028251],[-80.54118099992021,33.06462699967088],[-80.5413979996552,33.06485699973707],[-80.54181199993198,33.06550000012729],[-80.54226899986648,33.06620899975152],[-80.54262200004389,33.066506999641724],[-80.54283999960377,33.06657499978343],[-80.54330300028438,33.06655200032811],[-80.54360200003511,33.06636899970182],[-80.543819999595,33.06602599991758],[-80.54390099978586,33.065361000353114],[-80.543819999595,33.065153999925116],[-80.543819999595,33.06435200022662],[-80.54401100028902,33.06400900010977],[-80.54436399956813,33.063826000218334],[-80.54479999958622,33.06407799969857],[-80.5449440004246,33.064276000182176],[-80.54501700021953,33.06437600002897],[-80.54518000042613,33.065452000376325],[-80.5452620004419,33.0656129999552],[-80.54572400039926,33.0660030003188],[-80.54605099973911,33.066138999822954],[-80.54613299975486,33.066132999804985],[-80.54675799991884,33.066093999678166],[-80.54743900015933,33.06575100032775],[-80.54749299968768,33.065153999925116],[-80.54681300017043,33.064262000345124],[-80.54678600040624,33.063826000218334],[-80.54686800042202,33.063735000019605],[-80.54700399996615,33.063414000254845],[-80.54743900015933,33.063025000251514],[-80.54752100017508,33.06275000031887],[-80.5472759999527,33.0625890000198],[-80.54692199995037,33.06256499973016],[-80.54589099990552,33.06291299990082],[-80.5458340000041,33.062933000188984],[-80.54518100025105,33.06302399971126],[-80.54490900026448,33.0629779996915],[-80.54463700027792,33.06279499991494],[-80.54452799959967,33.06263500024281],[-80.54450099983549,33.062244000215514],[-80.54460999961543,33.06196999990065],[-80.54520800001522,33.06155699972672],[-80.54651400041968,33.06098500002231],[-80.5470859999819,33.05970200032582],[-80.5472759999527,33.05956500008295],[-80.54771199997079,33.059472000340655],[-80.54812000039979,33.05956500008295],[-80.54874600038869,33.05997799981596],[-80.54920800034604,33.060045999732026],[-80.54972499965669,33.05988600033303],[-80.54983400033494,33.05974799979904],[-80.5498879998633,33.058922999835666],[-80.54999699964324,33.058601999838395],[-80.55029700011721,33.058328000232905],[-80.55054099961637,33.05821299964981],[-80.55108600031272,33.05823599977844],[-80.55143899959182,33.05841999983832],[-80.55230999980311,33.059129999860446],[-80.55304399974703,33.05931299972789],[-80.55320799977856,33.05949699979532],[-80.55318000018947,33.05979499982513],[-80.55296299955619,33.06016100017918],[-80.55285399977623,33.060550000041175],[-80.55288100043873,33.061420999917964],[-80.55320699995363,33.061924999882834],[-80.55339799974935,33.06206300001525],[-80.55372400016259,33.06213199962388],[-80.55402399973825,33.06213199962388],[-80.55475799968217,33.061717999654924],[-80.55568300032012,33.061512000250595],[-80.55625499988234,33.06162800009147],[-80.55658100029557,33.06135199975198],[-80.55685300028215,33.06123799991568],[-80.55775600028046,33.061151000040354],[-80.55780599961085,33.061147000052664],[-80.55807799959744,33.060825999883875],[-80.55834999958398,33.06020700016537],[-80.55878499977717,33.059818000293305],[-80.5593019999861,33.05986299988262],[-80.56169600033682,33.06064300015028],[-80.56262100007646,33.060757000004344],[-80.56294800031462,33.06073299996806],[-80.5635740003035,33.060481999761514],[-80.56371800024355,33.06015300011363],[-80.56395500007002,33.05961200020681],[-80.56439000026319,33.059426999798625],[-80.56477100002971,33.059426999798625],[-80.56565499976145,33.05998299967871],[-80.56648499996486,33.06050500005018],[-80.56705599970216,33.06073299996806],[-80.56759999967528,33.06070999973896],[-80.56790000014925,33.060550000041175],[-80.56800800010429,33.06036699973379],[-80.56790000014925,33.06002399989779],[-80.56784499989766,33.05997799981596],[-80.56784499989766,33.05931400031039],[-80.56819899989999,33.059129999860446],[-80.56885199965306,33.059061000157214],[-80.56980400005519,33.05965699990137],[-80.57045699980827,33.05974799979904],[-80.57102800044387,33.059426999798625],[-80.57104199978927,33.0592379996801],[-80.57105600003298,33.059061000157214],[-80.57094700025303,33.05883199983805],[-80.57045699980827,33.0583739996712],[-80.57043000004408,33.05791600013309],[-80.57056599958821,33.057686999846936],[-80.57110999956133,33.057640000201125],[-80.5711980003232,33.05771500010456],[-80.5713820004462,33.05786999970257],[-80.57157300024193,33.05835100033149],[-80.57172300002975,33.05867800026487],[-80.5719809997726,33.059244000168164],[-80.57233399995003,33.05945100019099],[-80.57287899974806,33.05952000034136],[-80.5735859999278,33.059381999986485],[-80.574021000121,33.059129999860446],[-80.57412999990093,33.05890099972077],[-80.5743319995673,33.05867800026487],[-80.57467399987407,33.058304000287315],[-80.57505499964057,33.05821400024475],[-80.57523399974072,33.05834399994207],[-80.57546300006958,33.05851100026184],[-80.57587099960027,33.05993099988752],[-80.5761979998384,33.0601360001602],[-80.5770139997981,33.06022899995388],[-80.57793900043603,33.060525999948446],[-80.57867400020487,33.060525999948446],[-80.57893199994774,33.060349999821675],[-80.57894600019146,33.060343000344055],[-80.57894600019146,33.06002099968038],[-80.57793900043603,33.05935800032825],[-80.57744899999129,33.05869200023719],[-80.57728599978466,33.05828100017641],[-80.5772039997689,33.057709000265234],[-80.57731300044716,33.05741099994992],[-80.57758500043371,33.0573190000429],[-80.57848300040916,33.05725100027899],[-80.57946199967716,33.0575700002336],[-80.58022400010849,33.05802800006599],[-80.58117700033553,33.05832599979851],[-80.58210200007517,33.05846400030305],[-80.58452300019005,33.058164999689346],[-80.58615500010944,33.05756899963128],[-80.58661799989171,33.05747799973982],[-80.58729800030729,33.05747799973982],[-80.58810000002326,33.05784499978591],[-80.58874000025585,33.05814099969926],[-80.58931099999316,33.0583010000113],[-80.59045400019102,33.05825600037642],[-80.59148799971058,33.05781999986209],[-80.5924390002878,33.05809500013922],[-80.59275399993207,33.05839299964494],[-80.59352800005895,33.05912599978091],[-80.59456199957853,33.059743999747596],[-80.59502500025913,33.05988200028785],[-80.59660299975184,33.05997299995287],[-80.59747300013821,33.060200999743],[-80.59861600033604,33.0607739998378],[-80.59907900011832,33.0609099998934],[-80.59986800031383,33.06095700005193],[-80.60024900008032,33.06113999988553],[-80.60038499962445,33.06136900022344],[-80.60043999987604,33.06235400032179],[-80.60057600031848,33.06267500018812],[-80.60087500006924,33.06292699995246],[-80.60125599983573,33.06306500001959],[-80.60196399984041,33.06306299969286],[-80.60248100004934,33.06283499978755],[-80.60329700000902,33.06210199966972],[-80.60367699995062,33.06184900000119],[-80.60400400018877,33.0617570002152],[-80.60465699994184,33.06180200031895],[-80.60604500036206,33.06210099987185],[-80.6085750002569,33.062787000088804],[-80.60912000005494,33.06308500027322],[-80.60969199961716,33.06395500013203],[-80.61015399957451,33.06413799975528],[-80.61083399999009,33.064092000317736],[-80.6110740001896,33.064009999886025],[-80.61141800014619,33.06388800000203],[-80.6129899997911,33.06431500036179],[-80.61333799994564,33.06441100032491],[-80.61335999968696,33.06442200007088],[-80.61396499975946,33.06473200021756],[-80.61417999984461,33.06484299999243],[-80.61445400037931,33.06498400011501],[-80.6148910002223,33.06513700018471],[-80.61510700013237,33.06521300023856],[-80.61575999988546,33.065166999857176],[-80.61618599985779,33.06489000030936],[-80.61657599984514,33.06463899991181],[-80.61690700028124,33.06463899991181],[-80.61780000023383,33.06463899991181],[-80.61789399994515,33.064674999871805],[-80.61809999980949,33.06475399962793],[-80.61816000008393,33.06484699981217],[-80.61845999965959,33.065320000361574],[-80.61850800023848,33.06539499974404],[-80.61853599982759,33.065624000303785],[-80.61907999980072,33.06608199963563],[-80.61935199978727,33.066196999724724],[-80.61970999998755,33.06618699995206],[-80.62027200040235,33.06617299966616],[-80.62033199977849,33.06617299966616],[-80.62128400018061,33.06603499995535],[-80.62206300033039,33.066077000119336],[-80.6221000001403,33.0660800001303],[-80.62269900036502,33.06626299985195],[-80.62381499990036,33.066926999632905],[-80.62403300035857,33.06717999976077],[-80.62403300035857,33.067751999856185],[-80.62354399973871,33.068600000304784],[-80.62354399973871,33.06908199998179],[-80.62368100000606,33.06924199997812],[-80.62448799974491,33.068923999888106],[-80.62482099983085,33.06879300028624],[-80.62527399956738,33.06862099977725],[-80.62623400036543,33.068600000304784],[-80.62642400033623,33.06875899994965],[-80.62707899973911,33.069014999991005],[-80.62718599986924,33.06905899967613],[-80.62772999984237,33.06951600023713],[-80.6280830000198,33.070158000002515],[-80.62824600022641,33.070663000071306],[-80.62829999975476,33.07125799984675],[-80.62840699988489,33.07138799985041],[-80.62854499997714,33.071556999643285],[-80.62903399969868,33.071923000015246],[-80.62911300023973,33.07201800027425],[-80.62941500036352,33.07238099968529],[-80.62941500036352,33.072771000164494],[-80.6290060001096,33.073205999962475],[-80.62857099991642,33.07339000034244],[-80.6275900001003,33.07432899977836],[-80.62712800014292,33.07453399963471],[-80.62669200012483,33.07506000037459],[-80.62669100029991,33.07567900025535],[-80.62688200009563,33.075862000338105],[-80.62712399994497,33.075904999969126],[-80.62726299986213,33.075930000025025],[-80.62783399959943,33.07586299997964],[-80.63033799955501,33.075864000373905],[-80.63088200042645,33.075681000295305],[-80.6318299997323,33.07587500019375],[-80.6319979999618,33.07590999967978],[-80.63229699971254,33.076116999645855],[-80.63237799990338,33.07627600000908],[-80.63218700010769,33.077215999882675],[-80.63218700010769,33.07769700016118],[-80.63264900006503,33.07808600004025],[-80.63507100000484,33.07889000023421],[-80.63564199974215,33.07921099999755],[-80.63588699996454,33.07957700014142],[-80.63585900037545,33.080814999721966],[-80.63637599968608,33.081297000222975],[-80.6369470003217,33.08159500019519],[-80.63789899982551,33.08182299966396],[-80.63836199960778,33.081778000013706],[-80.63868899984594,33.08159500019519],[-80.6391790002907,33.08079299981098],[-80.63944799990422,33.08064100020709],[-80.63958699982139,33.08056499993028],[-80.63988700029536,33.08056499993028],[-80.6401860000461,33.080679999907666],[-80.64064800000347,33.08148199981689],[-80.6411919999766,33.08194000015223],[-80.64124700022816,33.08212300000556],[-80.64059299975187,33.08251300019943],[-80.64059299975187,33.082741999862534],[-80.64075599995849,33.08297099968201],[-80.6419529996847,33.083567000068506],[-80.6423340003495,33.08365800007903],[-80.64241600036527,33.083774000079906],[-80.6431229996467,33.084186000299795],[-80.64350400031154,33.08453000033474],[-80.6437760002981,33.08494300031461],[-80.6437760002981,33.08545599983397],[-80.6437760002981,33.085813000062],[-80.64407500004883,33.08620200017418],[-80.64437399979958,33.08629500026736],[-80.64527199977503,33.086271999945936],[-80.64549000023324,33.086180000105394],[-80.64589899958884,33.08567599982748],[-80.64628000025365,33.08540200022352],[-80.64693300000674,33.08553799984798],[-80.64739499996409,33.08641000027887],[-80.648429000382,33.08748700011656],[-80.64852999976601,33.087730999750185],[-80.6486190003528,33.08794600029444],[-80.64869499962245,33.0883240002357],[-80.64883600008775,33.0890219998906],[-80.64929899987006,33.089848000121926],[-80.64967799998672,33.09005199970219],[-80.64975099978165,33.0900909997451],[-80.64989200024696,33.09016700006862],[-80.65004000038496,33.09019499977509],[-80.65006399977611,33.090198999947496],[-80.65169400004567,33.0905129997404],[-80.65193800044314,33.09069599981679],[-80.65195400033666,33.0907319996513],[-80.65207399998725,33.09099400030229],[-80.65199299979639,33.0913830000728],[-80.65204700022308,33.09195600030507],[-80.65237299973799,33.09250600036986],[-80.65269999997615,33.092895999671896],[-80.6532170001851,33.09317000000711],[-80.6544139999113,33.09294199985379],[-80.65482300016521,33.09280500019022],[-80.6557739998441,33.0927589999367],[-80.65609199986143,33.0925219998851],[-80.65648199984876,33.092232000223035],[-80.65727199986917,33.092139999844925],[-80.65797900004893,33.09225599994592],[-80.65803400030052,33.09248499982575],[-80.65822400027132,33.09273700000329],[-80.65825100003549,33.09298900021104],[-80.65860500003782,33.093675999859094],[-80.65909399975936,33.09408800034506],[-80.65961199979323,33.09429499967228],[-80.66072800022687,33.09420299994783],[-80.66125499958325,33.094532000212254],[-80.66135300039085,33.09459300000018],[-80.66157099995075,33.094845000155885],[-80.6616799997307,33.0951199998598],[-80.6616529999665,33.095440999835496],[-80.66148899993497,33.09562400019022],[-80.66083600018192,33.09583000024893],[-80.65971999974826,33.0960129997939],[-80.6594200001726,33.09619599971043],[-80.6592300002018,33.096494000367215],[-80.65914800018604,33.09686000007433],[-80.65933800015684,33.0973190002364],[-80.6596100001434,33.09759499987349],[-80.66094400013694,33.0981680002546],[-80.66257699988124,33.09894700019],[-80.66456399962786,33.09926799973615],[-80.66508099983679,33.09945099964899],[-80.66543499983914,33.09974899980614],[-80.66568000006153,33.10016099967244],[-80.66581599960564,33.10084799970966],[-80.66595200004807,33.10121600031197],[-80.6664390001198,33.10156599979868],[-80.66652299978539,33.10162699997296],[-80.668156000428,33.10208600007441],[-80.67044299975026,33.103551999870184],[-80.67136800038821,33.10481299976083],[-80.67143500033536,33.104947000083826],[-80.67180299968308,33.105683000033736],[-80.67174900015472,33.10639400017379],[-80.67109499967843,33.1076769998772],[-80.67109499967843,33.1079749999824],[-80.67136699966498,33.108227000146215],[-80.67174800032981,33.10831700019079],[-80.67242899967198,33.10827199980381],[-80.67284100029894,33.10818099968649],[-80.67357199986981,33.1080209997975],[-80.67398100012373,33.10806700034094],[-80.67422600034612,33.10820400029557],[-80.67438500035476,33.1084269998693],[-80.6742880002704,33.108504000164245],[-80.67399899966708,33.10873799995271],[-80.67398100012373,33.1087530002555],[-80.67398600014658,33.10885299995152],[-80.6740349996521,33.109808000081],[-80.67379000032803,33.11010599973064],[-80.67302700007177,33.11056299993902],[-80.67302700007177,33.110899999877205],[-80.67302700007177,33.1109990001448],[-80.6733810000741,33.11152500021235],[-80.67343600032568,33.11184599971321],[-80.67327200029416,33.11223699971015],[-80.67259100005369,33.11283099963148],[-80.67210099960893,33.11317599965725],[-80.67202000031637,33.11358799977538],[-80.67212800027141,33.11368000027568],[-80.67248200027375,33.11365700034774],[-80.67351699961824,33.11328999989792],[-80.67373500007643,33.113311999953744],[-80.67433400030114,33.11358799977538],[-80.67471500006765,33.11400100017888],[-80.67509599983416,33.11466499994531],[-80.67548800036963,33.114972999918756],[-80.67553100002735,33.11500900034351],[-80.67607599982537,33.115146999954035],[-80.67713799983237,33.11510100010799],[-80.6779350004238,33.11549399979964],[-80.67825400026602,33.115650999797644],[-80.67877099957664,33.11647599964656],[-80.67893399978328,33.117002000024975],[-80.67888000025492,33.117483000079694],[-80.67863500003251,33.11775900033896],[-80.67796999968557,33.1179449998609],[-80.67773600023216,33.118011000276134],[-80.6774910000098,33.11821699977134],[-80.67751799977397,33.11835299978685],[-80.67770899956967,33.118537999646904],[-80.678062999572,33.11865099979271],[-80.6788519997675,33.11872100005649],[-80.67953300000798,33.11901900031847],[-80.67988700001032,33.11956900030299],[-80.6799139997745,33.12044000030028],[-80.67980499999456,33.12071399977531],[-80.67972299997878,33.12092100033577],[-80.67942400022804,33.12119499981479],[-80.67860700044344,33.12158499970217],[-80.678471000001,33.12181399989774],[-80.678471000001,33.12243300013169],[-80.67871600022339,33.122708000020886],[-80.67988700001032,33.12261599994863],[-80.68026799977682,33.122753999644665],[-80.68086700000153,33.123440999827416],[-80.68094999984221,33.12372300002204],[-80.68116599975227,33.12444899998971],[-80.6813289999589,33.12458699981446],[-80.68190100041943,33.12440299974916],[-80.68233700043753,33.1240140001858],[-80.68269100043985,33.123464000202695],[-80.68297099992402,33.12332600011771],[-80.68301799977968,33.123302999706304],[-80.68326300000206,33.12334999962468],[-80.68390700043263,33.123502999713075],[-80.68508700044038,33.12378399985962],[-80.68533199976444,33.1240140001858],[-80.68541399978021,33.124266000231025],[-80.6853569998788,33.12443099983303],[-80.68530500000027,33.12458699981446],[-80.68502200014305,33.12499700015157],[-80.68490999999005,33.125162999717894],[-80.68492400023376,33.12557999992712],[-80.68516899955783,33.12570299981629],[-80.68544200026763,33.12579399983748],[-80.68572000010195,33.12579399983748],[-80.6862859998164,33.12579399983748],[-80.68674799977376,33.12590900007659],[-80.68718399979187,33.12616099994958],[-80.68767400023663,33.12675600031145],[-80.68800099957646,33.127008999822685],[-80.68914499959921,33.12693900014682],[-80.6893620002325,33.12712200035309],[-80.6893620002325,33.127337999883785],[-80.6893620002325,33.12751300005426],[-80.68922599979005,33.1280619997011],[-80.68925299955423,33.12849800031027],[-80.68944400024826,33.12870400003126],[-80.69015200025292,33.12884199993914],[-80.69047899959276,33.12874899973066],[-80.69129600027568,33.128292000105944],[-80.69173099957052,33.12813100018679],[-80.69199900025745,33.1281200001348],[-80.69235800028267,33.12810699972963],[-80.69265700003339,33.12819999986586],[-80.6930379997999,33.12870400003126],[-80.69298400027154,33.12909399966918],[-80.69254800025345,33.129711000175824],[-80.69216699958864,33.12987299998633],[-80.69126799978825,33.12987299998633],[-80.69012499959042,33.12973399966093],[-80.68968899957234,33.12989600018134],[-80.68938999982159,33.130238999822915],[-80.68941699958577,33.13088100003131],[-80.68952600026402,33.131155000026574],[-80.68988000026637,33.131476000001165],[-80.6907780002418,33.13172900020393],[-80.6918129995863,33.13172900020393],[-80.69290200025577,33.131498000015064],[-80.69331099961138,33.13154500006041],[-80.69342199993946,33.13167600019805],[-80.69358299959795,33.13186600011347],[-80.69350099958218,33.132370000296156],[-80.69249399982678,33.133516000338474],[-80.69228100028975,33.133725000280315],[-80.69156800026222,33.13443099971896],[-80.69159500002641,33.13477599989482],[-80.69173200029377,33.13514200035211],[-80.69170399980635,33.13608200033328],[-80.6914319998198,33.136952000059914],[-80.69145899958397,33.13741099987489],[-80.691650000278,33.1375239998036],[-80.69233099962015,33.13741099987489],[-80.69325700008302,33.13743400035146],[-80.69352900006957,33.1376620001383],[-80.6935020003054,33.13802799984431],[-80.69290300008069,33.13853100031847],[-80.69292999984488,33.13878399974397],[-80.69299799961692,33.13886000007408],[-80.69325700008302,33.13915099971029],[-80.69440100010577,33.140067000186036],[-80.69453699964988,33.14027299983677],[-80.69450999988571,33.14075499994167],[-80.69452400012942,33.14083799990942],[-80.69453699964988,33.14091500037124],[-80.69464600032815,33.14105299988691],[-80.69469900003162,33.14112100028789],[-80.69483499957573,33.141201999856136],[-80.69488999982731,33.14123600000548],[-80.6952830001877,33.14136800037197],[-80.69543499962535,33.141418999742434],[-80.69679600028138,33.14162400033449],[-80.69829400030646,33.14219799974542],[-80.69957399987334,33.142357999800524],[-80.69981900009573,33.14249600005556],[-80.69992799987568,33.1426790001736],[-80.69987400034731,33.14325100019838],[-80.69971000031578,33.1435269999392],[-80.69908400032689,33.144052999979216],[-80.69908400032689,33.14428299985241],[-80.69921999987102,33.144512000261955],[-80.69941099966674,33.14458099985102],[-80.69970600011781,33.14452600010666],[-80.69979200033154,33.144512000261955],[-80.70071799989609,33.14412199992923],[-80.7015079999165,33.143962000082006],[-80.70300599994158,33.14439599995836],[-80.70355099973963,33.14478599982538],[-80.70472200042488,33.14613799963205],[-80.70526700022292,33.147007999700804],[-80.70564799998942,33.14863499976318],[-80.70616600002327,33.14989500036242],[-80.70613900025909,33.15023900036571],[-80.70564899981433,33.150925999793934],[-80.70521299979625,33.15108599972687],[-80.70409700026089,33.15115599969979],[-80.70352499980036,33.15126899997873],[-80.70314300020894,33.15138399993345],[-80.70270800001578,33.151752000129164],[-80.70273499977995,33.15218599982698],[-80.7030620000181,33.15248500033118],[-80.70428800005661,33.152966000017365],[-80.7051049998412,33.15337699967331],[-80.70564999963923,33.15385799973252],[-80.70608499983243,33.1545459996464],[-80.70665800011787,33.1548209997059],[-80.70793799968475,33.154521999644096],[-80.70840100036534,33.1545459996464],[-80.70867300035188,33.15463800009596],[-80.70894500033846,33.154842999883996],[-80.70918600036288,33.15521300034308],[-80.70940899994565,33.1555539998312],[-80.70951799972559,33.156034999984655],[-80.70973600018378,33.15646999977652],[-80.71006300042194,33.15660799964346],[-80.7109889999865,33.15637700026687],[-80.71126099997305,33.155988999752594],[-80.71126099997305,33.155689999912234],[-80.71060700039507,33.154294000046306],[-80.71060700039507,33.15388099965834],[-80.71071500035009,33.15344599981101],[-80.71096100039739,33.15323899998711],[-80.71139599969226,33.153194000058825],[-80.71172299993042,33.153260999809945],[-80.71215300010073,33.15354200020663],[-80.71256800020241,33.153811999862846],[-80.71265699989088,33.15408200019204],[-80.71284000018898,33.15463699984633],[-80.71294899996892,33.155530000104704],[-80.7131160003735,33.15637000016227],[-80.71319500001621,33.15676799974057],[-80.71336499989553,33.157101999905],[-80.71338400016211,33.157138999820205],[-80.71344199988842,33.157251999911736],[-80.71346199997991,33.15729199966967],[-80.71356800028512,33.15749999992163],[-80.71368600028589,33.1577299998862],[-80.71398000001376,33.15806400014716],[-80.71413599964939,33.158240000173684],[-80.71431200027479,33.158440000287804],[-80.71451399994115,33.158824999881446],[-80.7151299998843,33.15999800018749],[-80.71543000035827,33.16038699969346],[-80.71545700012246,33.16052500016483],[-80.71556900027545,33.160617999787846],[-80.71602899968467,33.16100600012647],[-80.71612400011922,33.161041999722],[-80.71632900015864,33.16111899974727],[-80.7166010001452,33.161004999949476],[-80.7168189997051,33.160570000091724],[-80.71692800038335,33.16004299963285],[-80.71715099996612,33.15974800009099],[-80.71717299970742,33.15972199962491],[-80.71739100016562,33.15958500033908],[-80.717636000388,33.15960800026705],[-80.71815299969865,33.15981299971836],[-80.71875299974826,33.16024899975688],[-80.71891599995487,33.16024899975688],[-80.72087799958715,33.16125599964455],[-80.72210500034888,33.162149000185416],[-80.72270299985037,33.16258499988894],[-80.72281199963031,33.16258499988894],[-80.72311200010428,33.16286000030827],[-80.72371700017678,33.163105999944314],[-80.72377099970512,33.163128000300006],[-80.72393300008683,33.163194999981975],[-80.72398800033844,33.16321799971507],[-80.72529200019474,33.163753000305235],[-80.7258090004037,33.164188000163904],[-80.72596699968913,33.16438899963408],[-80.72649099957077,33.16505800017452],[-80.72689899999976,33.16537900019961],[-80.72725399982701,33.16549200020047],[-80.72815199980246,33.16540099998494],[-80.7287250000879,33.16563000015707],[-80.72888800029455,33.16617899971331],[-80.72932400031263,33.166592000085885],[-80.73090400035348,33.16686699996861],[-80.73123099969331,33.167163999835594],[-80.73131600008212,33.1677060003615],[-80.73136799996064,33.16803499973725],[-80.73180399997875,33.16856200028524],[-80.73245799955671,33.16911100027912],[-80.7328850002523,33.16931299982388],[-80.73319700042184,33.169459999754544],[-80.73413399985702,33.169901999647024],[-80.73445199987437,33.170050000167684],[-80.73447600016381,33.170050000167684],[-80.73510100032777,33.170050000167684],[-80.73511600039639,33.170042999650775],[-80.73556400011006,33.16986599992967],[-80.73624500035052,33.169888000092904],[-80.73694900015722,33.17017699967352],[-80.73741699996236,33.17036999989053],[-80.73755300040482,33.17036999989053],[-80.7377709999647,33.17018600032421],[-80.73801600018709,33.16949899987894],[-80.73815599992916,33.16936899989813],[-80.73831499993781,33.16922399998129],[-80.74038500042344,33.16823800035203],[-80.74133799975215,33.1679850001471],[-80.74146099977581,33.167973999827396],[-80.74266300042319,33.16786900005568],[-80.742917999793,33.16784700013771],[-80.74327199979534,33.16793800007022],[-80.74373600030083,33.16819000031577],[-80.74435899991668,33.16881500032877],[-80.74542599994652,33.169884999865914],[-80.74586199996462,33.17036600036173],[-80.74643500025006,33.171097999814336],[-80.74749800008198,33.17222099966374],[-80.74749800008198,33.172724000326674],[-80.74725299985958,33.172814999707725],[-80.74655999992353,33.1728960000854],[-80.74646299983917,33.17290799982864],[-80.74586399961444,33.17311399980167],[-80.74556400003878,33.17336700024125],[-80.7455649998637,33.174076000310365],[-80.74561900029038,33.17421400028801],[-80.7456619999481,33.174242000267895],[-80.74568100021466,33.174252999801],[-80.74579300036764,33.174326000153705],[-80.74610999966174,33.17453499986945],[-80.74613200030137,33.174538999959935],[-80.74626399964752,33.17456699983593],[-80.74654599967982,33.17462599962594],[-80.74656300029658,33.17462200029135],[-80.7472539996845,33.17453399984681],[-80.7474369999826,33.17440799991096],[-80.74768999970259,33.17423600011185],[-80.74779900038084,33.173938000115484],[-80.74809800013159,33.17354899982942],[-80.74847600042335,33.17335299973674],[-80.74858799967804,33.17329599991522],[-80.74948499982857,33.17320400024383],[-80.74981899973942,33.173076999860434],[-80.75042399981193,33.172676999783086],[-80.75083200024092,33.17272200024004],[-80.75186699958542,33.17325099975296],[-80.7518869996769,33.17325399986472],[-80.75233000026599,33.173364000133354],[-80.75290900039924,33.17388500004276],[-80.75300899995834,33.17397499969325],[-80.7531470000506,33.174099000196456],[-80.75334899971696,33.17418300021933],[-80.75347400028875,33.17423600011185],[-80.75401900008679,33.17423600011185],[-80.75407699981311,33.17421799964122],[-80.75439999985329,33.17412300010381],[-80.75521800036111,33.17366499992336],[-80.75573999969461,33.17350799993454],[-80.75598099971904,33.17343599968755],[-80.75633499972139,33.17345899974155],[-80.75672200023398,33.173693000078586],[-80.75712499974179,33.173940000174326],[-80.75723299969684,33.1742610000074],[-80.75765299982139,33.17461500013964],[-80.75780500015736,33.174742999818456],[-80.75806000042549,33.17475400004059],[-80.75832300019123,33.174766000281366],[-80.75867700019354,33.174673999897344],[-80.75886799998925,33.17446699980801],[-80.7590040004317,33.17407899964204],[-80.75892300024084,33.173207999643125],[-80.75840600003188,33.172566000111],[-80.75756199958481,33.171947000086696],[-80.75728899977334,33.17162600004987],[-80.75726200000915,33.17135100005774],[-80.75734400002491,33.171144999700815],[-80.75764399960057,33.170985000272175],[-80.75824299982527,33.17089299967894],[-80.75826000044202,33.1708990000638],[-80.75848899987258,33.170985000272175],[-80.75905999960989,33.171467000053006],[-80.75955000005465,33.17206300004513],[-80.76004100032432,33.172177999800454],[-80.76085800010894,33.171719999983274],[-80.76162100036517,33.171100999999844],[-80.76216699998812,33.170344000318515],[-80.76254799975463,33.17013899992358],[-80.76301100043523,33.170253999947406],[-80.76341999979083,33.170551999686396],[-80.76352799974585,33.17084999991612],[-80.76374600020404,33.17204099967585],[-80.76355399968512,33.17298099979783],[-80.76333600012524,33.17364500002182],[-80.76344499990518,33.1739660001835],[-80.76369000012755,33.17419399975989],[-80.764179999674,33.174401999766275],[-80.76499700035693,33.17460799998732],[-80.7654879997283,33.17426500011037],[-80.76554299997987,33.17387499974173],[-80.76584299955553,33.17348499989341],[-80.76633300000029,33.17330200013563],[-80.76657800022268,33.17307399974261],[-80.76668700000262,33.172729999834324],[-80.76701500006567,33.17238600007974],[-80.76750499961214,33.17215800031152],[-80.76848600032658,33.172112000266644],[-80.76875800031313,33.17222699995767],[-80.76961199990765,33.17290100029191],[-80.76965700011351,33.1729360002257],[-80.7700930001316,33.1730060000514],[-80.77031099969147,33.17286899971717],[-80.77096500016779,33.17188399978572],[-80.77150999996583,33.17160799979514],[-80.77200000041059,33.17156300027005],[-80.77254500020864,33.17179300018997],[-80.77279000043102,33.1720909999602],[-80.77276299976853,33.17250300025489],[-80.77279000043102,33.17307599982116],[-80.77322499972588,33.173442999933485],[-80.77359999964462,33.173490000066316],[-80.77377000042225,33.173510000003226],[-80.77431600004518,33.173356999881115],[-80.7746690002226,33.173260000088014],[-80.77573200005449,33.173076999860434],[-80.77649500031075,33.17305399970621],[-80.77687600007725,33.17339799984664],[-80.77687600007725,33.17363100031365],[-80.77687600007725,33.17383299996869],[-80.7763029997918,33.17442899966219],[-80.77627600002762,33.17481799980186],[-80.7763449996246,33.174878000193544],[-80.7767120000457,33.17520699971876],[-80.77744699981456,33.17541400031594],[-80.77788299983264,33.17568900034222],[-80.77807399962835,33.17598699964796],[-80.77823699983497,33.17667500036656],[-80.77864500026396,33.17688099975613],[-80.77908100028206,33.176766000156604],[-80.77957199965343,33.17630800025432],[-80.77968600035457,33.176257000117104],[-80.78019900036554,33.17603399992032],[-80.78058000013206,33.17603399992032],[-80.78114199964854,33.17613599967276],[-80.78145200016824,33.176193999906594],[-80.78188800018634,33.17612499962408],[-80.78210599974622,33.17594200011549],[-80.7822150004245,33.17571299981415],[-80.78235099996863,33.17497899977009],[-80.78254199976433,33.17463599984127],[-80.78297799978242,33.17447600001819],[-80.78379499956701,33.17443099970987],[-80.78409000001811,33.17453199980154],[-80.7842580002476,33.17459100036702],[-80.78458499958744,33.175668000140924],[-80.78480300004564,33.175918999961226],[-80.78507500003221,33.17603499992586],[-80.78545699962362,33.17603499992586],[-80.7858929996417,33.17589699980803],[-80.7867649996779,33.175096000243265],[-80.7869830001361,33.175118999861624],[-80.787609000125,33.17550799994624],[-80.78766299965336,33.17637799964247],[-80.78771799990494,33.17656099974441],[-80.78793600036315,33.1767690001481],[-80.78820800034971,33.17685899984442],[-80.78913399991426,33.176792000079296],[-80.78997900018626,33.17663099968231],[-80.79136900025632,33.17603599993132],[-80.79177699978699,33.17603599993132],[-80.79196799958271,33.17617399983027],[-80.79196799958271,33.17667800036117],[-80.7910880000489,33.177300000027834],[-80.79093200041332,33.177410999719335],[-80.79079599997087,33.17770799994996],[-80.79063199993935,33.17850999967783],[-80.79003299971461,33.17919800013691],[-80.78992399993467,33.17942599963504],[-80.78997800036136,33.18038800002719],[-80.79019599992125,33.180777000030176],[-80.79029600037867,33.18083999995321],[-80.78721699958952,33.18250199996459],[-80.77798300029008,33.187494000288204],[-80.77490500022415,33.18915800008135],[-80.77467099987241,33.18928300000281],[-80.77396899971555,33.189662000352385],[-80.77373600008704,33.189788000154955],[-80.76973099973335,33.19186699967148],[-80.75722500019923,33.19860000021473],[-80.75644299967641,33.199028000287925],[-80.75410000027765,33.20031499991876],[-80.75331899957973,33.20074400035244],[-80.750647000293,33.20215700036296],[-80.74981799991451,33.20259600006969],[-80.74669700019088,33.20423300033098],[-80.74262200041532,33.20637299993434],[-80.7399469998572,33.20777999992435],[-80.73690300012646,33.20941399982479],[-80.72777100003596,33.21431900008555],[-80.72472800013013,33.21595399995599],[-80.72389399972879,33.21639899988355],[-80.72139200032134,33.2177340003667],[-80.72055799992,33.21817900026006],[-80.72006300035069,33.21844299979429],[-80.71857799984606,33.21924000019697],[-80.71808400010165,33.219507000317954],[-80.7170449996609,33.22006299995615],[-80.71392999978505,33.221732999934154],[-80.71289200006751,33.22229100016187],[-80.71282900031832,33.222324000193154],[-80.71272499966294,33.22237899996717],[-80.71264199982227,33.22242300021234],[-80.71257999989798,33.22245799989626],[-80.71251200012593,33.222493999792725],[-80.71230999956124,33.22260200014477],[-80.71224299961409,33.22264099990513],[-80.71076600040374,33.22343199984771],[-80.7063379995524,33.22580800016032],[-80.7054859996077,33.22626599969542],[-80.70486200016695,33.22660099962854],[-80.70469499976237,33.22669200014245],[-80.70419400034527,33.22696800013943],[-80.7040279997656,33.22706099986876],[-80.70342900043921,33.227381999629145],[-80.70163500013813,33.228346000267344],[-80.70103799956323,33.228667999976324],[-80.69982099974554,33.22932100018026],[-80.69617199994232,33.231282000344635],[-80.69495599994956,33.23193800017203],[-80.69183000020305,33.23361799985178],[-80.6824550004383,33.238658999874374],[-80.6793299996184,33.24033999967528],[-80.67886099998834,33.24058899965099],[-80.67854999964372,33.240757999794745],[-80.67745800039782,33.241342999907886],[-80.67699100041759,33.2415960000645],[-80.67549400021741,33.24240099985778],[-80.67100299961692,33.24481599983662],[-80.66950600031505,33.24562100002817],[-80.66902000006826,33.24588000032952],[-80.66756399987598,33.24666200013592],[-80.66708000017731,33.246924000199044],[-80.66690100007716,33.24702000032955],[-80.66636499960163,33.24730999997373],[-80.66618700022472,33.24740700037316],[-80.6639059998519,33.248547999917356],[-80.66074599977024,33.25013200009583],[-80.6571179998834,33.25207999996497],[-80.65487099984578,33.25328899984073],[-80.65208700040606,33.25478500031419],[-80.64373399956699,33.259275000149664],[-80.64095099995215,33.26077200007436],[-80.64032300031344,33.261107999779284],[-80.6400169999917,33.261273999956856],[-80.63843899960068,33.262120999770836],[-80.63781199978686,33.26245899983474],[-80.63779500006845,33.26246700024263],[-80.63774499983971,33.26249300024879],[-80.63772899994619,33.26250199967132],[-80.63748600027195,33.262632000323684],[-80.63675700035088,33.26302200036877],[-80.63651499960325,33.26315399977002],[-80.63509699994412,33.26391600016455],[-80.6308449997182,33.26620100004155],[-80.629427999884,33.26696399985952],[-80.62612300003735,33.26874100005715],[-80.62487699990734,33.26941200026515],[-80.6162079995991,33.27407400001864],[-80.61290399957737,33.27585200009519],[-80.6122149998393,33.276217999990486],[-80.61014899955164,33.27732000013251],[-80.60959399970787,33.277615999662466],[-80.60945999981357,33.277685999881555],[-80.60806899991861,33.278425999730366],[-80.60389700005865,33.28064700025163],[-80.60250699998862,33.281388000085656],[-80.60201800026707,33.2816470002386],[-80.60055200002905,33.28242699996523],[-80.60017399973727,33.2826279997935],[-80.6000640001324,33.28268700032773],[-80.59827599967909,33.28363800013966],[-80.59291499959055,33.28649300022016],[-80.59112799986046,33.287446000329716],[-80.59018300002936,33.287948000058016],[-80.58735199983565,33.28945399993782],[-80.58640899965434,33.289957999789074],[-80.585617999809,33.290376999994116],[-80.58324799974775,33.291641000352605],[-80.58245799972734,33.292062000347315],[-80.58149000032999,33.29257699982932],[-80.5805830001337,33.29305999985296],[-80.57937800001159,33.29370300006782],[-80.57858799999116,33.29412500003184],[-80.57762100041873,33.294641000252994],[-80.57531400010666,33.29586799982828],[-80.5683960004418,33.29955199965901],[-80.56609099977953,33.300780000065835],[-80.56586599964865,33.300898999902984],[-80.56519100015426,33.30126000024528],[-80.56496699984828,33.3013800002528],[-80.5629759999037,33.30243899984364],[-80.55700700026793,33.30561600029569],[-80.55501700014827,33.30667700028055],[-80.55497600014037,33.30669699980183],[-80.5548570003147,33.30675899986513],[-80.55481700013172,33.30678200015594],[-80.55479399966718,33.30679300029287],[-80.55472699972003,33.3068289999805],[-80.55470499997872,33.306843000146976],[-80.5543500001515,33.30703199992226],[-80.55432699968695,33.30704400003714],[-80.55429700044803,33.307060000187775],[-80.5540000003471,33.30721800001614],[-80.55227600036623,33.30813699982378],[-80.55188600037889,33.308344999696544],[-80.55118199967387,33.30872099985335],[-80.54957300021903,33.30957000022563],[-80.54474900043093,33.31211999964158],[-80.54314099990266,33.31296999988945],[-80.54308700037431,33.31298399982063],[-80.54292900019055,33.31303199999659],[-80.54287599958879,33.313048999739756],[-80.54283999960377,33.31305999983679],[-80.54282200006044,33.31306299965826],[-80.54277100000681,33.31308000014606],[-80.54275400028838,33.31308499984732],[-80.54273199964875,33.31309100023917],[-80.54266700024974,33.31311299967051],[-80.54264600033333,33.31312099994008],[-80.54250400004314,33.31316999997984],[-80.54217500015515,33.31346800013427],[-80.53457799989964,33.31756599968156],[-80.5317380003834,33.319079999874994],[-80.53053099971314,33.319720999945964],[-80.52691299987208,33.32164799976618],[-80.52570799974995,33.32229100013635],[-80.52266900004209,33.323907999952134],[-80.51355600021814,33.32876099978548],[-80.5105180003352,33.33037900012492],[-80.50897199973123,33.33120100018449],[-80.50433500043918,33.3336719996328],[-80.50278999966011,33.3344960002833],[-80.50236000038811,33.33408500025638],[-80.50107300025024,33.332851999798784],[-80.50064399990482,33.3324419999895],[-80.50047800022348,33.332289000197804],[-80.49998000028113,33.33183099968629],[-80.49981500042466,33.33167900004954],[-80.49846800001232,33.330567000170674],[-80.49722699990521,33.3287440001044],[-80.49649899980906,33.327484999712624],[-80.49573999975078,33.32617199998675],[-80.49466900042128,33.32380699970534],[-80.49412899974779,33.321167000125556],[-80.49402400016581,33.31864900016419],[-80.49388199987558,33.315793000105096],[-80.4941920003953,33.312955999956024],[-80.49433100031247,33.311790000076506],[-80.49441499997806,33.311087000296254],[-80.49480900016336,33.30918500011206],[-80.49495599957814,33.30836800031974],[-80.49520699964832,33.30646000003745],[-80.49527799979343,33.30567700035163],[-80.49534399991566,33.304970999985684],[-80.49525199985415,33.30332600030102],[-80.49522300044015,33.30280800028326],[-80.49517599968617,33.3025459996883],[-80.49473100034554,33.30024100036038],[-80.49396200024152,33.29753899984745],[-80.49391200001283,33.297437999834465],[-80.49288699981575,33.29536099989657],[-80.49173799977014,33.29329000031887],[-80.4905669999832,33.29149600027828],[-80.48922899979169,33.289558000062065],[-80.48885999972076,33.28873300013747],[-80.4883700001743,33.287653999984144],[-80.48780899958443,33.286280000315536],[-80.48729399992362,33.2851390002533],[-80.48674599975253,33.28378200022889],[-80.48662199990396,33.28346800005185],[-80.48612099958855,33.28219000034644],[-80.4853640000784,33.280969999835804],[-80.48457800025595,33.28003399977459],[-80.48360599976232,33.27940700018819],[-80.48352899976943,33.27938099996073],[-80.4826530004336,33.27909199971324],[-80.48216999966152,33.27893400001015],[-80.48050099993223,33.278303999766955],[-80.48007999998273,33.278084000017614],[-80.47926300019816,33.27765900029727],[-80.47782600027244,33.276637000071744],[-80.47578000007627,33.27498800011651],[-80.47560799964882,33.274851000186395],[-80.47333499967193,33.2736709999196],[-80.46947099978355,33.27239199982649],[-80.46661899967344,33.27147099967504],[-80.4641370003575,33.2709069998555],[-80.46336800025348,33.270805999812126],[-80.46228399960687,33.27066600030251],[-80.46031299975377,33.27072499990865],[-80.45899399982885,33.27083700020971],[-80.45885900010963,33.270849000045665],[-80.45683899985274,33.27084499985018],[-80.45514900020703,33.27091899968185],[-80.45348999962516,33.2709950002962],[-80.4516829998036,33.27065599979252],[-80.44949799969027,33.26953899982947],[-80.447283000338,33.26786500007133],[-80.44530900011186,33.26624400028925],[-80.44510499989735,33.26608700034788],[-80.44359900037468,33.26493600033021],[-80.44214800020526,33.26363200008687],[-80.44174599962403,33.26313300027127],[-80.44115800016831,33.2624029999634],[-80.44027100006349,33.261974999707604],[-80.43969500030332,33.26169800002833],[-80.43966099996814,33.261681999822045],[-80.43956200023393,33.261633999936834],[-80.43952899972365,33.261617999718815],[-80.43903199960619,33.26138099994939],[-80.4379119998729,33.26087199991593],[-80.43617199999848,33.260021999867],[-80.43422600025976,33.259497000322455],[-80.43383399972426,33.25939199988471],[-80.43131399987517,33.258764000240646],[-80.429351000418,33.25828200030804],[-80.42709199978651,33.257761999939035],[-80.42445700030969,33.25770900028377],[-80.42211599966241,33.257950000285206],[-80.4199959998464,33.258253000347274],[-80.41776399987742,33.25874100006268],[-80.41733899972996,33.25885100033633],[-80.41536299985401,33.25937100023274],[-80.4132930002667,33.25980999977688],[-80.41172499992143,33.25992800009604],[-80.41024600016293,33.26019800006121],[-80.40845100003693,33.26062399967805],[-80.40748100009145,33.26085700009721],[-80.40413199986388,33.2616030000282],[-80.40143600028769,33.262364999681544],[-80.39908799996773,33.26329100002456],[-80.3988109999583,33.26338400017358],[-80.39630899965256,33.264232000308205],[-80.39561700043976,33.26437300011512],[-80.3956009996479,33.26437600010856],[-80.39555299996732,33.26438599983549],[-80.3955379998987,33.264390000326856],[-80.39481300017563,33.2645380003513],[-80.39420999975293,33.26466300000405],[-80.39260999962062,33.26459500010099],[-80.39187200037706,33.26456399974101],[-80.3898270000058,33.26429099975437],[-80.38874400008241,33.2638139997933],[-80.38856300033245,33.263733999919516],[-80.38753099956439,33.263304999665664],[-80.38647899960314,33.26284999966602],[-80.38567500023731,33.262351999660375],[-80.3844480003739,33.261738000155596],[-80.38323499985586,33.261415000031874],[-80.38197399965725,33.26101200010279],[-80.38094699981036,33.26089600007121],[-80.37960699996901,33.260779000096996],[-80.37947999974742,33.26076899995713],[-80.37766500042825,33.26050199962978],[-80.37638300031324,33.26056700034165],[-80.37537900003257,33.2606439999899],[-80.37481599979287,33.26067500023881],[-80.3734020003317,33.260474000198066],[-80.37310900042873,33.26043299969944],[-80.37190799960628,33.260190000196665],[-80.37089900020104,33.26003200009238],[-80.36938000025957,33.259703999914436],[-80.36826499965082,33.259490000197076],[-80.36692800018253,33.2591770003473],[-80.36563900039484,33.25889299988523],[-80.36459900012916,33.258629000024236],[-80.36430200002823,33.258555000295644],[-80.36224599978632,33.257634999775895],[-80.36185099977612,33.257443000196126],[-80.36174899966888,33.259456999920204],[-80.36149199975091,33.26130000031811],[-80.36145800031404,33.26160900020527],[-80.36130099995519,33.26307700008096],[-80.36064700037723,33.2658850002617],[-80.36023399992536,33.26759199988748],[-80.3598289998694,33.26912200037244],[-80.35909999994834,33.27199499968922],[-80.35821700004149,33.273635000068154],[-80.35819199992714,33.273666000212366],[-80.35735400022615,33.27477499992412],[-80.35596199960797,33.275807999704874],[-80.35505500030999,33.2763660002471],[-80.35442000010028,33.27675999971738],[-80.35274700017301,33.27736599970923],[-80.35216700021488,33.27750300019887],[-80.35088299955173,33.27780200014253],[-80.34892699976724,33.278023000193755],[-80.34708099958762,33.27804100034316],[-80.34464500030244,33.2778480002163],[-80.3430240002537,33.27747399986098],[-80.34036700013726,33.2767660003551],[-80.33765899996719,33.275871999923865],[-80.33493599972853,33.27461499990681],[-80.33227699996225,33.2732600000441],[-80.3301250003592,33.27222900022505],[-80.3278869996441,33.270747000260776],[-80.32559799977368,33.26905400018571],[-80.32406299993868,33.26769200018319],[-80.32387200014297,33.267518000240926],[-80.32226399961472,33.2660520001024],[-80.3207339998026,33.265199999908255],[-80.31996300004874,33.26477199983767],[-80.31720300000015,33.26411800029784],[-80.31474000005245,33.26410700003865],[-80.31159400021448,33.2645710002109],[-80.30927699985665,33.26524800008723],[-80.30806500006184,33.26560500026205],[-80.30551000005265,33.266352999651986],[-80.30527999989887,33.266419999964526],[-80.3050639999888,33.266485999751325],[-80.30411300030993,33.266781999957054],[-80.3019430002652,33.26745899997027],[-80.29997599971173,33.26822299976743],[-80.29861499995403,33.26875500032683],[-80.29831500037835,33.26887200013227],[-80.29779599962126,33.26911500026732],[-80.29600399986833,33.26996400002078],[-80.29546800029112,33.27041800008378],[-80.29478600022573,33.270996999639515],[-80.29448099972889,33.271255999827225],[-80.29412400025184,33.271912000064276],[-80.2938199995799,33.272474000091506],[-80.29336400036864,33.273342000245016],[-80.2927340001818,33.27466500017841],[-80.29251499989867,33.27495200005704],[-80.29182299978754,33.2758690003254],[-80.29179500019846,33.275959000252016],[-80.2917140000076,33.27623199981239],[-80.29168700024341,33.276324999698794],[-80.29142299975446,33.27645599966143],[-80.2911990003468,33.27663199978331],[-80.2908770001315,33.276890999778246],[-80.290412999626,33.27778500028874],[-80.29024100009687,33.27805299994007],[-80.29019500006612,33.27812800001185],[-80.28978599981221,33.2784030002243],[-80.28975900004802,33.27858199968135],[-80.289390999802,33.278978999907174],[-80.28926799977835,33.2791129998804],[-80.28861400020037,33.27922699984137],[-80.28779800024068,33.27922600026401],[-80.28700900004517,33.27934099965353],[-80.28665400021792,33.27947699972211],[-80.28412199977497,33.28082500005406],[-80.2829779997522,33.281282000129146],[-80.28109999978554,33.28192100033215],[-80.28061500026195,33.28213600020073],[-80.28011499977144,33.282358999627114],[-80.27854599960123,33.28259300017053],[-80.27841000005712,33.282775999696234],[-80.27830100027717,33.282775999696234],[-80.27821900026142,33.28286799983401],[-80.27786400043418,33.28300499994922],[-80.27699099967477,33.28364600010915],[-80.27540899998411,33.28469999962455],[-80.27539100044075,33.28470599971647],[-80.27461800013877,33.28499699992375],[-80.27306300021228,33.2853410001019],[-80.27259899970679,33.28572999984633],[-80.27180700003653,33.28783700016183],[-80.2707419996565,33.28937199985352],[-80.27019600003355,33.29042600004798],[-80.26992300022208,33.290677999783036],[-80.26948700020398,33.2909070003265],[-80.26752300002359,33.291409999856235],[-80.26724000016637,33.29153100008525],[-80.26662199967508,33.291799000330116],[-80.2657220000498,33.29202800018412],[-80.26457600037723,33.292073000088045],[-80.2640189999853,33.29218500003187],[-80.26389400031184,33.292210000019786],[-80.2635119998221,33.292325000322606],[-80.26299399978825,33.29285699967904],[-80.26242399987586,33.29371300019027],[-80.2620189998199,33.294499000368454],[-80.2615819999769,33.29477799990667],[-80.26106200029322,33.294896999672396],[-80.26051699959686,33.295385000333006],[-80.26029999986189,33.29573099963375],[-80.25967800007095,33.296863999844504],[-80.25924200005286,33.297235000086566],[-80.25834099970436,33.29770300035543],[-80.2573869996524,33.298837999938584],[-80.25651700016437,33.29964899985043],[-80.25627699996484,33.29974299965441],[-80.25564199975513,33.300002000139685],[-80.25525799961557,33.2999590000022],[-80.25468000020557,33.29975500002143],[-80.25399099956917,33.29934499993468],[-80.25383599975848,33.29925999984031],[-80.25382300023799,33.29933400035994],[-80.25381700039021,33.29937000012333],[-80.25381499984206,33.29938299988822],[-80.2535710003429,33.30075600036295],[-80.25283700039898,33.30488199998157],[-80.25259399982643,33.30626100033973],[-80.25245200043453,33.30697600011497],[-80.25218799994556,33.30831099987402],[-80.25207599979257,33.30900199967064],[-80.25206099972395,33.30912800020036],[-80.25200499964747,33.30960400030805],[-80.25199999962459,33.30985600019622],[-80.25199899979967,33.30992100019523],[-80.25200800002051,33.31023299981611],[-80.25200899984543,33.310313999838314],[-80.25207499996765,33.31171199979203],[-80.25208699966322,33.311950000249105],[-80.25209500005916,33.31217799980004],[-80.25218100027287,33.31401200031326],[-80.25223999982411,33.31525100036108],[-80.25230000009856,33.31652000009747],[-80.25249599991714,33.31951300019018],[-80.25250099994001,33.319575000147644],[-80.25244700041165,33.320255000055845],[-80.25229500007568,33.32076299999137],[-80.25209400023424,33.32128900020293],[-80.25190599991326,33.32156199980057],[-80.25185700040777,33.321635000318004],[-80.25157600020037,33.32200899977825],[-80.25132099993226,33.3223640000431],[-80.25124399993936,33.32247299987233],[-80.25112500011366,33.32262999971041],[-80.25053000008693,33.323414000090914],[-80.24874500000666,33.32577199971543],[-80.24821799975196,33.326467999650966],[-80.24815099980482,33.326556000351225],[-80.24811200034507,33.3266050003444],[-80.24806700013924,33.32666800029513],[-80.2480090004129,33.32676399981082],[-80.24797500007772,33.32682299976562],[-80.24776599984035,33.32716799989728],[-80.24768399982459,33.32730500024078],[-80.24751399994527,33.32773299986039],[-80.24735800030966,33.32812300020845],[-80.24733700039326,33.328291000051365],[-80.24728799998947,33.32868700022228],[-80.24727200009593,33.32922899972603],[-80.24730399988299,33.32958500035166],[-80.2473189999516,33.329745999882896],[-80.24749200020398,33.33226399969122],[-80.24755400012825,33.333156999677534],[-80.24755800032621,33.33322099985368],[-80.24757099984667,33.33341300009997],[-80.24757599986957,33.33347900025111],[-80.24759400031122,33.33377299970265],[-80.24765100021263,33.33465399991642],[-80.24766499955801,33.33485399978204],[-80.24767200012903,33.33494900034545],[-80.24770899993894,33.335473000366434],[-80.24782000026703,33.33705099977172],[-80.24785799990185,33.33757699997517],[-80.24786899977252,33.3376919997349],[-80.24788499966603,33.33782799963328],[-80.24789300006195,33.338044000183224],[-80.24789999973466,33.33816300018785],[-80.24789399988687,33.338408999909035],[-80.24788899986399,33.338432999753145],[-80.24780299965028,33.33890399995141],[-80.24768899984747,33.33922400026308],[-80.24764600018975,33.33934599982372],[-80.24758300044056,33.3394780000909],[-80.24745399967082,33.33975499977373],[-80.24722000021741,33.340111999791375],[-80.24677800035153,33.34065400025813],[-80.24605299973011,33.341540999851034],[-80.24511399974678,33.34269499971461],[-80.24478999988168,33.343151999791814],[-80.24462400020033,33.34348399985463],[-80.24445699979576,33.34394100029385],[-80.24411600021222,33.34494600034218],[-80.24391500037075,33.34549499997006],[-80.24378300012627,33.34582399991046],[-80.24358800013262,33.34622499997244],[-80.24332100016892,33.34670400024025],[-80.24261399998919,33.34779400004305],[-80.24230600001759,33.34823299970675],[-80.24202700035833,33.34863200011501],[-80.2412719995997,33.349503999898765],[-80.24078600025122,33.350050000003456],[-80.24064899998386,33.350204999890124],[-80.24063999976303,33.350210999977],[-80.24047400008169,33.35041700020813],[-80.24031000005014,33.35062599998093],[-80.2400599998049,33.351020000151905],[-80.24001499959905,33.35110600030258],[-80.23989400012354,33.35134900022549],[-80.23987800023002,33.35137699975929],[-80.23984800009279,33.351456000056785],[-80.23973900031285,33.35175000035364],[-80.23973099991693,33.35177300002615],[-80.2397019996046,33.35189000028891],[-80.23969499993193,33.35190899969462],[-80.2396730001906,33.35198200029532],[-80.2396659996196,33.352009000131936],[-80.23964200022847,33.352102999747885],[-80.23961899976393,33.352201000229286],[-80.23960000039567,33.35239599987127],[-80.23959100017484,33.35249500026121],[-80.2395879998018,33.35252199993866],[-80.23958199995401,33.35259200006405],[-80.23958100012909,33.35260999982992],[-80.23958100012909,33.352638999945135],[-80.23957600010623,33.352915999782546],[-80.23957600010623,33.352953000159985],[-80.23964200022847,33.35341900022158],[-80.23969499993193,33.35374199963938],[-80.23974199978757,33.354025999763365],[-80.23977199992481,33.35420099994912],[-80.23981899978048,33.35455299969443],[-80.23982999965112,33.35478299999545],[-80.23980399971187,33.35516099978989],[-80.2397929998412,33.35523100004416],[-80.23938699996035,33.35766600005582],[-80.23918299974585,33.358840999759195],[-80.23904700020172,33.35962700016904],[-80.23900199999586,33.359948000253674],[-80.23898399955421,33.360032000283724],[-80.23895799961494,33.36022000009286],[-80.23894799956919,33.360630999817644],[-80.23894599991938,33.360712000257344],[-80.23895900033817,33.36118900006697],[-80.23895900033817,33.36168599991847],[-80.23897100003374,33.36214599972739],[-80.23900600019383,33.36243299981168],[-80.23901299986653,33.36248500024848],[-80.2390739999659,33.362840999980484],[-80.23913699971509,33.363019000050606],[-80.23921899973087,33.36323900008934],[-80.23923600034762,33.36328600022328],[-80.23950300031129,33.36388999965358],[-80.23960000039567,33.364107000176624],[-80.23992300043587,33.36472800007288],[-80.24001499959905,33.36490399984269],[-80.24024499975283,33.3653559999223],[-80.24037299979935,33.36571700034427],[-80.24045099961714,33.36606799994598],[-80.24052500013529,33.366467999704504],[-80.24053400035613,33.36671900010131],[-80.24054699987661,33.36704000028282],[-80.24053199980801,33.36742200037426],[-80.24055199989948,33.36742499982429],[-80.24054199985375,33.367700999803404],[-80.24051400026464,33.36852699963062],[-80.24050599986873,33.36880399991574],[-80.24050699969365,33.368832999886486],[-80.24051699973938,33.369555999679356],[-80.24047900010454,33.36997099971934],[-80.24046900005881,33.370184999975045],[-80.24044599959427,33.37035099962849],[-80.24042899987585,33.37039899970431],[-80.2403419998372,33.37086400009873],[-80.24028300028597,33.37129900034707],[-80.24027599971497,33.371668000259774],[-80.24029300033172,33.37175300024553],[-80.24029199960847,33.37177299983294],[-80.24028800030885,33.372199999942396],[-80.2403059998522,33.37236500024193],[-80.2403269997686,33.372558999707266],[-80.24035299970785,33.3726390002889],[-80.24045999983798,33.37293000028351],[-80.24056600014319,33.37321700005418],[-80.24078899972595,33.37359300005378],[-80.24089699968098,33.37374800002144],[-80.24103399994833,33.37394300014498],[-80.24107499995623,33.37400500036584],[-80.241192999957,33.37418400008993],[-80.24129000004137,33.37433199984341],[-80.24145700044595,33.37466700021056],[-80.24149099988283,33.37475200026639],[-80.24157100024877,33.37495300027104],[-80.24164900006656,33.3752120000101],[-80.24171000016594,33.375440999745216],[-80.24171799966355,33.37546499988237],[-80.24176200004447,33.3757889999606],[-80.24178999963357,33.37605400001632],[-80.24178799998374,33.37634799973064],[-80.24176799989226,33.37696400023174],[-80.24175199999873,33.37747300015337],[-80.24174899962568,33.37757600032046],[-80.24173299973215,33.37791300008725],[-80.24167300035602,33.37923300003452],[-80.24165400008944,33.37967399999121],[-80.24164700041673,33.3798459998325],[-80.24163800019592,33.38009899972652],[-80.24162800015017,33.38036400015156],[-80.24162200030239,33.38053899987626],[-80.24160700023378,33.38104600005679],[-80.24156799987571,33.382574000112804],[-80.24155700000506,33.3830840000899],[-80.24121300004846,33.383875999772265],[-80.24018399965345,33.386255999939074],[-80.2399600002458,33.386776000013995],[-80.23988400007781,33.38699400029141],[-80.23986200033649,33.38705799989056],[-80.23985599959039,33.38707500018633],[-80.23983899987196,33.3871210003524],[-80.23980999955964,33.38720799991501],[-80.23977399957462,33.3873130002282],[-80.23975299965822,33.387378000179915],[-80.23961999958884,33.38776299970526],[-80.23922499957864,33.38891700023254],[-80.23909400005738,33.38930400007306],[-80.2390399996307,33.38946000035297],[-80.23887800014731,33.389934999668895],[-80.23882500044387,33.39009299992875],[-80.23846300004563,33.39115300019857],[-80.23797299960084,33.390584999895346],[-80.23430799990409,33.386335999922274],[-80.23308699988846,33.38492099985706],[-80.23300800024573,33.38482900017289],[-80.23277100041928,33.384555000275995],[-80.23269299970315,33.38446400007545],[-80.23268600003045,33.38445499973719],[-80.23266500011405,33.38443099983077],[-80.23265800044136,33.38442399998188],[-80.2323999998002,33.38412499969342],[-80.23024499982408,33.38410499994595],[-80.23023300012852,33.38434000025053],[-80.22987599975313,33.39157499995921],[-80.22876199986763,33.39152299966216],[-80.22597900025279,33.39139699982303],[-80.22583500031276,33.39139600003192],[-80.22540400031752,33.391392999908504],[-80.2252610002024,33.391392999908504],[-80.22497099977417,33.39138100016375],[-80.22410100028611,33.3913469997529],[-80.22381099985788,33.39133599979361],[-80.22353100037373,33.391324999832925],[-80.22269100012458,33.39129199994259],[-80.22256800010095,33.39128800002317],[-80.2225589998801,33.39144399974273],[-80.22254800000945,33.39165200018327],[-80.22251600022241,33.39227699979954],[-80.22250600017666,33.39248600027541],[-80.22248899955991,33.39280600008403],[-80.22244000005442,33.39377100026036],[-80.22242400016091,33.39409300010829],[-80.22241400011515,33.39427700002144],[-80.22238599962775,33.39483199967864],[-80.22237700030524,33.39501700002683],[-80.22234999964274,33.395528000251765],[-80.22227299964986,33.397061000148895],[-80.22224699971058,33.39757300007518],[-80.22220499987779,33.398369000092906],[-80.22220200040304,33.398446000297646],[-80.22206900033366,33.40106900030892],[-80.22202499995274,33.40194300032602],[-80.22201300025716,33.4021709997324],[-80.22197800009707,33.40285800008896],[-80.2219670002264,33.403086999750606],[-80.22189299970826,33.404542000158806],[-80.22520099992795,33.4093370001142],[-80.22498699966769,33.41056200015831],[-80.22495300023083,33.41075799976188],[-80.22497499997213,33.411240999896634],[-80.2245299997332,33.41202600033],[-80.22422900033264,33.41277799968807],[-80.22398800030821,33.41402099974561],[-80.22384199982004,33.41504600016329],[-80.22383400032244,33.41812699996103],[-80.22390799994227,33.419127000358024],[-80.22413100042336,33.4208989997058],[-80.22464199988619,33.42282400019467],[-80.2247740001307,33.42379100018511],[-80.22481699978839,33.424483999947874],[-80.22472800009992,33.42547600016372],[-80.22454099960387,33.42620300024951],[-80.22422099993672,33.42705199976054],[-80.22186699976898,33.43289699983775],[-80.22159499978243,33.43372899968391],[-80.22148500017755,33.43458400005912],[-80.22147900032978,33.43510000010246],[-80.22149699987312,33.43524000003254],[-80.22155999962231,33.43570499986602],[-80.22216200022008,33.439563999995016],[-80.22226699980206,33.44371599985936],[-80.22201800028003,33.443814999709694],[-80.22187599998982,33.44396100018378],[-80.22169600006477,33.44432499998782],[-80.22161200039918,33.44456700030546],[-80.22161300022408,33.44483299966514],[-80.22173100022486,33.445194999715156],[-80.22206099993775,33.4459109997258],[-80.22220400005287,33.44617000009039],[-80.22239099965061,33.44650599999845],[-80.22246199979573,33.446957000053224],[-80.22246400034388,33.44730400027914],[-80.22236200023661,33.44775599982431],[-80.22211299981629,33.44790300030143],[-80.22132899964363,33.448003999648606],[-80.22076299992919,33.447982999727266],[-80.21895899958237,33.44771999996017],[-80.21871400025832,33.447631999646276],[-80.21747999982387,33.447188000142056],[-80.2170179998665,33.446965000011424],[-80.21657500017571,33.44662099964354],[-80.21602500035482,33.445994999888285],[-80.21529100041087,33.44516100013091],[-80.21468399979025,33.44466400007911],[-80.21414499984,33.44430499985702],[-80.21385000028721,33.44417600032684],[-80.2131740000696,33.44388299991997],[-80.21289600023528,33.44380099983613],[-80.20994000036808,33.44294600033162],[-80.20895500035398,33.44266199982417],[-80.20791500008832,33.44236099991844],[-80.20656000017837,33.441969999741566],[-80.20479600001453,33.441761999855366],[-80.20473699956496,33.44177000029267],[-80.2040210000627,33.441871999994284],[-80.20371899993891,33.44206600021279],[-80.20366799988528,33.44210000026047],[-80.20345000032539,33.44246399962769],[-80.20331800008091,33.44289200015893],[-80.20332099955564,33.44321400005289],[-80.20341799964002,33.443464000003075],[-80.203718000114,33.44397000035386],[-80.20506100032837,33.44521700023269],[-80.20690999998274,33.44693499997702],[-80.20718100014439,33.44733699987622],[-80.20727800022878,33.44757800014196],[-80.20731800041175,33.44781999962926],[-80.20726499980998,33.44844100028514],[-80.2073159998636,33.448980999685475],[-80.20744399991011,33.4494889998276],[-80.20783200024765,33.450163999952984],[-80.20851799961267,33.45099900017889],[-80.20866400010085,33.451295999937514],[-80.20866499992574,33.45153000000766],[-80.2085899995827,33.45180499985639],[-80.20816199996051,33.45229099972973],[-80.2077800003691,33.45248700030522],[-80.20735000019879,33.45257000025862],[-80.2067180003621,33.45261399979532],[-80.20494499997741,33.452741999683404],[-80.20151700010713,33.452991000072075],[-80.20100900011902,33.45297700018055],[-80.20053899976573,33.45293200024628],[-80.19809699973445,33.45157499991993],[-80.19742200024008,33.4509170000764],[-80.1972270002464,33.450522999910575],[-80.19720600033001,33.4502249998898],[-80.19724200031503,33.44977299971993],[-80.19768599983071,33.44891600010916],[-80.1990850001216,33.447152999941046],[-80.20013799990775,33.44582900005984],[-80.20028000019796,33.44552199964399],[-80.20028600004575,33.445037999914184],[-80.20014799995349,33.4444420001359],[-80.19984699965461,33.44391200032417],[-80.1993749996515,33.44348700015116],[-80.19909699981716,33.44339999998247],[-80.19751699977631,33.44364299982159],[-80.19682899986314,33.443889000288756],[-80.19533000001314,33.444654999981026],[-80.19435900024276,33.445313000109],[-80.19426200015839,33.445379000056015],[-80.19347499961269,33.44600200002308],[-80.1915740000798,33.447507000145684],[-80.19000200043489,33.44911299994362],[-80.18946799960918,33.44951899972824],[-80.18867599993894,33.44994299971199],[-80.18753799976398,33.45039300002239],[-80.18679200012448,33.45051799986079],[-80.18615899956457,33.45046499976544],[-80.18578500036908,33.45037100006816],[-80.1852170001065,33.45005100023925],[-80.18470699957025,33.44963499974589],[-80.18444600035266,33.44929800009225],[-80.18399000024309,33.4484529996421],[-80.1835269995625,33.447924000242146],[-80.18329599958382,33.447859999764425],[-80.18288499968008,33.447894999680194],[-80.182520999632,33.44800199987047],[-80.18166200001463,33.448490999718466],[-80.18152899994521,33.448659000211755],[-80.18120599990503,33.44907400026299],[-80.1810829998814,33.44937300036417],[-80.18108500042953,33.44960699962662],[-80.18119199966134,33.449920999643616],[-80.18135599969287,33.45007300027464],[-80.18247499960125,33.45120400009577],[-80.18292999988591,33.451934999876535],[-80.18314400014616,33.45253099988404],[-80.18314599979598,33.452861000135954],[-80.18304399968873,33.45333700031313],[-80.18257800043173,33.453823999667236],[-80.1810209999571,33.4546309998829],[-80.18037999989961,33.454722999836456],[-80.18028000034049,33.45472100021328],[-80.17997999986652,33.45471800002887],[-80.17988100013233,33.45471899984053],[-80.17921900015841,33.45460200006473],[-80.17829699989352,33.45423600028478],[-80.17761300017831,33.453708000006124],[-80.17736200010813,33.45341100026342],[-80.17718800003087,33.45312899995244],[-80.17687900023436,33.45126000004366],[-80.17683599967836,33.451076000186205],[-80.17657399973754,33.449946999928216],[-80.17613600006963,33.448861000025964],[-80.17596199999234,33.448692999924],[-80.175684000158,33.44861400028552],[-80.17453400028747,33.448564000173555],[-80.17339399956437,33.44869100016174],[-80.17249499976401,33.44888099985584],[-80.17177800043683,33.44911899995057],[-80.1711280001585,33.44942899999533],[-80.17056499991878,33.449738999681514],[-80.16770299976294,33.45182700019636],[-80.16671299972597,33.452776000043485],[-80.16581999977338,33.45403900009546],[-80.1655600003807,33.45451799999376],[-80.16532699985387,33.45494499969719],[-80.16523999981526,33.45523800020975],[-80.16514799975374,33.455549999720816],[-80.16502899992804,33.45645399969081],[-80.16502399990519,33.45724499989621],[-80.1648270002617,33.45788299969161],[-80.1648149996678,33.45895500010279],[-80.16475000026878,33.45937499988557],[-80.16459799993284,33.45963399976164],[-80.1642649998469,33.459966000213136],[-80.16397399959375,33.460191999883484],[-80.1639069996466,33.46021700033809],[-80.16370400015533,33.46028799967131],[-80.1636370002082,33.460313000098175],[-80.16360899972078,33.46032599980771],[-80.16352699970501,33.46036600017005],[-80.16349999994084,33.460381000113756],[-80.16317299970268,33.46051499974591],[-80.16272699963886,33.46070000030146],[-80.16257299965307,33.46070100004413],[-80.16243899975876,33.46066999977233],[-80.16219799973435,33.46051699998489],[-80.16193900016657,33.46035299971705],[-80.16190599965628,33.46032200007026],[-80.16166899982984,33.46010100023633],[-80.16108999969661,33.459427000024064],[-80.16063699996008,33.45906699969424],[-80.15929999959349,33.458276000372415],[-80.15898199957617,33.45789800006492],[-80.15865299968819,33.45743200024508],[-80.15853600041063,33.45702999992257],[-80.15856599964955,33.45569900007851],[-80.15870600028995,33.45513400012326],[-80.15954200034113,33.453847000066155],[-80.15977900016759,33.45348299974939],[-80.16044199996641,33.45233400031838],[-80.16048799999716,33.451881999897566],[-80.16073300021955,33.451332999667095],[-80.16095199960435,33.450993000301935],[-80.161370999904,33.45066000011224],[-80.16158000014137,33.45039300002239],[-80.16169300011927,33.450004999670234],[-80.16176199971625,33.44955000023922],[-80.1617640002644,33.449540999898566],[-80.16176699973911,33.44951299974891],[-80.16171800023365,33.44920599963006],[-80.1615540002021,33.44903399993815],[-80.16146100031568,33.44894700008613],[-80.16114900014615,33.44879000033044],[-80.16065000037887,33.44874399984209],[-80.15916499987426,33.44874399984209],[-80.1584560000447,33.44871600018472],[-80.15576100029342,33.44824700008221],[-80.15400499962718,33.44792600002209],[-80.152338000446,33.44792600002209],[-80.15155300044844,33.44800299975954],[-80.150719999872,33.448176999771135],[-80.15000299964652,33.44846299997938],[-80.149698000048,33.448634000172355],[-80.14830600032812,33.44986700006534],[-80.14815300016726,33.45028599978376],[-80.14805199988491,33.45056199968912],[-80.14802799959546,33.45082300011951],[-80.14796300019647,33.451530999856054],[-80.14789799989912,33.45223799996838],[-80.1478810001807,33.45242599971088],[-80.14801199970195,33.45349800013445],[-80.14855200037543,33.45501399998375],[-80.14861099992666,33.45518000022011],[-80.1487470003691,33.45534100036704],[-80.14929700019002,33.45566599991574],[-80.1496000001387,33.455845999833464],[-80.14978099988866,33.45599600022894],[-80.1498670001024,33.456067999816916],[-80.15029999974746,33.456268000024345],[-80.15134800040903,33.45664699973279],[-80.15137500017322,33.45665699987468],[-80.1518660004429,33.45691199973129],[-80.1520299995761,33.45716199992078],[-80.15214699975198,33.45743500033558],[-80.15238100010372,33.458192000113414],[-80.15236400038528,33.458758000142524],[-80.1523610000122,33.45884499989487],[-80.1523590003624,33.458902999681264],[-80.15235699981426,33.45897400009056],[-80.15234299957056,33.459002999945426],[-80.15216299964551,33.45937400012766],[-80.15119400042326,33.460096999738994],[-80.15116599993584,33.46011799972469],[-80.15111999990509,33.460131999962144],[-80.1509580004217,33.460179999902536],[-80.15079600003999,33.46022700006823],[-80.15073199956758,33.460245999777186],[-80.1506689998184,33.46026500023142],[-80.14975800032245,33.460221999828576],[-80.14943199990921,33.46012699971701],[-80.14905000031779,33.4599379996824],[-80.1486920001175,33.45976000027232],[-80.14821199971848,33.459617000178376],[-80.1477969996168,33.4595860002684],[-80.14751200010974,33.459565000153844],[-80.14733499965942,33.459510000079575],[-80.14709899965787,33.459438000351994],[-80.14625400028419,33.45915200036488],[-80.14597200025186,33.459024000196116],[-80.14540900001218,33.45876899980595],[-80.14487099988682,33.45856300001876],[-80.1442420004232,33.45837400032191],[-80.14416000040744,33.45834900008531],[-80.14387199962903,33.458221000229905],[-80.14365999991692,33.45802899971767],[-80.14356500038069,33.45791700028427],[-80.143186000264,33.45747099991429],[-80.14280799997222,33.45702500024796],[-80.14273400035239,33.45693699963283],[-80.14261700017653,33.45660699990307],[-80.14261399980347,33.45658800014612],[-80.14252699976483,33.45593799999684],[-80.14223399986187,33.455133000316394],[-80.14195400037771,33.45467499987288],[-80.1416940000867,33.454466999723664],[-80.14149099969711,33.454334000303554],[-80.14133199968846,33.45422999988234],[-80.14119100012147,33.45414399981454],[-80.14114900028866,33.45412100024384],[-80.14083799994404,33.454007999690106],[-80.14052699959943,33.45389600030921],[-80.14038699985734,33.45384499967329],[-80.14007999971068,33.45382200002328],[-80.13964899971545,33.45385599995993],[-80.13962000030145,33.453863000209765],[-80.13919900035198,33.4539800002332],[-80.13876900018167,33.45416799994664],[-80.13829299998059,33.45467000006253],[-80.13809399978896,33.45503399989361],[-80.13794300017622,33.455453999933184],[-80.13796499991754,33.45588100027374],[-80.13805299978108,33.456452000107504],[-80.13821000013992,33.45746199964631],[-80.13836599977553,33.4584709996428],[-80.13840299958545,33.4587100001643],[-80.13854900007362,33.45911200019195],[-80.13883000028103,33.4595860002684],[-80.13885600022029,33.459614999918564],[-80.1391869997581,33.45999600023643],[-80.13972599970835,33.460355999706486],[-80.1402350004197,33.46059500027766],[-80.14094599989907,33.46085700022825],[-80.14196199987532,33.46098100023205],[-80.14293000017096,33.46095200028932],[-80.14323899996745,33.46097000009988],[-80.1434189998925,33.46098100023205],[-80.14367800035859,33.46109300020385],[-80.14410299960771,33.46150200005642],[-80.14412799972207,33.46154100014318],[-80.1442569995935,33.461742999927246],[-80.14456100026543,33.46283000009255],[-80.14448799957219,33.46340300004758],[-80.14442900002096,33.463573000297],[-80.14424300024812,33.464105999720175],[-80.14379499963614,33.46458399976022],[-80.14317000037047,33.46488900000266],[-80.14281100034528,33.465064999988414],[-80.14119299977128,33.4654200002007],[-80.14065600036916,33.46544700002224],[-80.13994699964128,33.4654189997631],[-80.13933300024627,33.46530099974904],[-80.13874700044035,33.465062000161936],[-80.13825600017067,33.46468600035879],[-80.13796599974245,33.46438900000105],[-80.13781099993174,33.464175000210155],[-80.1374350001881,33.463658000296746],[-80.13690899975833,33.46280000030053],[-80.13672899983328,33.46250800033371],[-80.13643900030337,33.462123000159835],[-80.13577399995643,33.46157799999781],[-80.13564799955972,33.46148200013964],[-80.13540499988548,33.46129699975404],[-80.13512000037844,33.46108100034763],[-80.13472700001805,33.46096100019507],[-80.13435200009931,33.46093999966419],[-80.1330900000758,33.46099399984141],[-80.13303999984707,33.46099600006935],[-80.13300800006002,33.46101699983729],[-80.13263899998908,33.46126400022302],[-80.13219200010033,33.46187099982877],[-80.13183300007513,33.46268699981662],[-80.13176799977781,33.46308300034874],[-80.13176000028021,33.46339200022273],[-80.13176000028021,33.46340500021993],[-80.13179899973996,33.46354200030285],[-80.1320130000002,33.46399300018936],[-80.13219799994812,33.464180000221795],[-80.13242700027698,33.46440999969646],[-80.13364499991958,33.46550799969917],[-80.1339210001041,33.465757000146304],[-80.13496100036978,33.466711000268006],[-80.13539499983973,33.467047000020926],[-80.13575999971272,33.46724699963013],[-80.1359840000187,33.467347000011024],[-80.13705699989634,33.467829000303645],[-80.13956300040005,33.468686999978374],[-80.1408699997311,33.46918800030948],[-80.14147099960564,33.46949300008744],[-80.14161000042112,33.46956299967618],[-80.14197600011902,33.469802999978015],[-80.14225499977827,33.47005200007571],[-80.14283499973641,33.47088099985549],[-80.14338600028054,33.471666999977074],[-80.14369500007705,33.472060000361765],[-80.14406099977492,33.47236499977332],[-80.14443700041687,33.47266100017065],[-80.14506400023068,33.472967000065324],[-80.1451570001171,33.473012000090954],[-80.1458209997408,33.473249999887706],[-80.14704000010664,33.47350999986306],[-80.14722599987948,33.4735650000461],[-80.14762599991256,33.47368399964139],[-80.14797200041728,33.47383599982499],[-80.1481280000529,33.47395099993957],[-80.14822199976422,33.474020000084934],[-80.14866600017822,33.47456600027476],[-80.14881400031624,33.47470699977303],[-80.14903199987614,33.474913999736785],[-80.14935800028937,33.475221999817336],[-80.14990100043758,33.47573699979778],[-80.15005799989811,33.4759679996399],[-80.15021400043204,33.47619999992868],[-80.1503249998618,33.47636299987307],[-80.1504720001749,33.47667600008781],[-80.15064600025217,33.47704700030472],[-80.15083899969771,33.477272000094544],[-80.1510219999958,33.47747200008325],[-80.1514999998467,33.47798599988438],[-80.15199100011637,33.4785139998985],[-80.15204499964473,33.47857200001042],[-80.15214199972911,33.478789000317306],[-80.15220100017866,33.4790710003252],[-80.1521269996605,33.479506999944206],[-80.15186499971968,33.480255000118234],[-80.15178799972678,33.48047600026189],[-80.15153099980883,33.48079199988451],[-80.15089300012437,33.481489000096076],[-80.15075099983416,33.48190100034333],[-80.15076099987989,33.48236699972706],[-80.15079100001712,33.482731000132226],[-80.15083399967482,33.483037999910586],[-80.15111499988221,33.483488000003774],[-80.15158699988532,33.483889000263154],[-80.15173300037351,33.4842749998634],[-80.15185800004697,33.48444800028093],[-80.15191199957533,33.48452199989495],[-80.151966000002,33.48459699966194],[-80.15202299990341,33.48467600022544],[-80.15214000007929,33.48494200015135],[-80.15216000017077,33.48514299987458],[-80.15214599992706,33.48519599974627],[-80.15208499982771,33.48541800022757],[-80.15166800007619,33.486082000106755],[-80.15135300043191,33.48633300026529],[-80.15105600033098,33.486432000151645],[-80.15056800043436,33.486490999651714],[-80.15025200006687,33.48654899966716],[-80.14966899973567,33.486794000324096],[-80.14924699996129,33.48684400011312],[-80.14885600014904,33.48679300013321],[-80.14870999966085,33.48677499969245],[-80.14817200043383,33.48665700028985],[-80.14759599977532,33.486417999667566],[-80.14726400041263,33.48616600030646],[-80.1469399996492,33.48591999991968],[-80.1468250000215,33.485833000374015],[-80.14673999963267,33.48574199992899],[-80.14620800025344,33.485174999843395],[-80.145995999643,33.48499900024326],[-80.1453129997527,33.48455899967825],[-80.14521900004138,33.484534000251635],[-80.14467000004538,33.48438500001295],[-80.14410400033096,33.48438799991976],[-80.14350099990826,33.48450399973139],[-80.14323300011966,33.48460199999376],[-80.1424120001371,33.48522700023575],[-80.14198399961661,33.485754000116636],[-80.14156699986509,33.4864330003467],[-80.14127999980992,33.486661000310335],[-80.14092599980759,33.48676699966184],[-80.14053400017043,33.486891000053284],[-80.13976800043945,33.48693900015709],[-80.13926899977385,33.48697000002271],[-80.13860599997504,33.48710899993635],[-80.13824500030002,33.48718499989721],[-80.13753700029537,33.4874380002228],[-80.13699199959902,33.48777200015739],[-80.13652499961879,33.488178000187176],[-80.13648299978598,33.488244999891045],[-80.13625900037832,33.48860599980745],[-80.13609100014882,33.48898999978108],[-80.13596599957704,33.48927700035465],[-80.13595499970639,33.48933399984114],[-80.13575200021512,33.490391000054125],[-80.13541699958104,33.49112500016154],[-80.13535600037999,33.49126000034084],[-80.1352939995574,33.49139400017197],[-80.13518399995253,33.4916360002026],[-80.13513299989891,33.49171300007048],[-80.13503800036267,33.49185799990831],[-80.13494200010321,33.49200399963397],[-80.13479499979012,33.49222700002265],[-80.13443199956696,33.49250299973198],[-80.13364800029262,33.49286199963623],[-80.1332170002974,33.49286399987774],[-80.13258999958529,33.492764999852696],[-80.13224399997888,33.49270999987307],[-80.1312880002771,33.492558999967336],[-80.1311619998804,33.49254599984906],[-80.13001200000987,33.492429000194804],[-80.12941799980803,33.49244000007939],[-80.12881500028368,33.49251599985672],[-80.12802500026325,33.49278399991922],[-80.12770499969781,33.4928920002578],[-80.12728499957323,33.493273999722526],[-80.1272750004258,33.49328799984738],[-80.12679400020187,33.49392600024619],[-80.12631399980285,33.49456300033757],[-80.1262970000844,33.494584000211375],[-80.12618099973345,33.49473899997872],[-80.12599999998349,33.49508700005485],[-80.12600199963332,33.49536700000481],[-80.12600300035653,33.495505999924525],[-80.1261420002737,33.49637599989831],[-80.1262679997721,33.49674699963826],[-80.12629799990933,33.4968350002802],[-80.12683000018687,33.4976470003485],[-80.12687500039273,33.497769000014294],[-80.12689799995894,33.497830000157286],[-80.12714200035641,33.49849199989043],[-80.12723000021995,33.49870899972987],[-80.12745299980273,33.499256000156365],[-80.12763899957555,33.499964999807034],[-80.12764000029878,33.50016499983112],[-80.12753200034375,33.5003789998696],[-80.12704400044713,33.50134400028303],[-80.12694200033988,33.50154700017877],[-80.12611899980918,33.502172000219026],[-80.12596200034865,33.50224299963137],[-80.12554899989678,33.50243500030356],[-80.1254869999725,33.50244599966594],[-80.12531799991811,33.50248200002092],[-80.12480400008221,33.502509000277264],[-80.12406099991745,33.50255999998955],[-80.12397100040407,33.502555999954446],[-80.12330299968407,33.50252799970362],[-80.12273299977169,33.50232999991851],[-80.12103200025533,33.50119399972949],[-80.12037600012921,33.50087500030489],[-80.11916299961116,33.50028699969389],[-80.11907700029576,33.50026200031317],[-80.11882100020271,33.5001889999528],[-80.11873599981392,33.50016499983112],[-80.11858199982811,33.5001429997762],[-80.11811999987076,33.50007800036431],[-80.11796599988497,33.50005700032497],[-80.11788100039448,33.50004399983431],[-80.11779600000567,33.5000310000908],[-80.11777900028723,33.50002799997685],[-80.11752200036926,33.499988999984105],[-80.1172489996595,33.49994699985708],[-80.11722000024548,33.49994100037236],[-80.11714200042768,33.499929999942545],[-80.11703399957433,33.49991400006402],[-80.11692899999234,33.49989600010346],[-80.11661500017298,33.4998450003198],[-80.11651100041591,33.499828999676446],[-80.11644899959332,33.49980999965774],[-80.11638800039228,33.49979199967556],[-80.11332600021987,33.498848000276766],[-80.1131179998074,33.49878399994491],[-80.11160800008676,33.49895399969226],[-80.1104549998432,33.49931099972318],[-80.11037399965232,33.49933600012765],[-80.11005300016026,33.49946700006135],[-80.10948800027076,33.499696000206924],[-80.10892400020613,33.49992399970753],[-80.10791999992549,33.499899000221994],[-80.10691499981989,33.499875000019905],[-80.10667999964326,33.49986899978108],[-80.10572800013945,33.49931099972318],[-80.10550899985634,33.498874000117134],[-80.10512100041713,33.49810199974376],[-80.10507399966315,33.4980299998703],[-80.10475200034618,33.49754000001497],[-80.10473700027757,33.497516999975026],[-80.104421999735,33.497050999706026],[-80.10266500014214,33.496727999692204],[-80.1016969998465,33.496890999961124],[-80.1015910004396,33.49690899979737],[-80.10143400008074,33.49693600029382],[-80.10127500007209,33.496963000032736],[-80.10116999959179,33.49698099985401],[-80.10113899962965,33.496987000293004],[-80.10080600044205,33.497101000314764],[-80.0999870001093,33.49738199981274],[-80.09978799991768,33.49758600007655],[-80.09952099995398,33.49786099986964],[-80.09944999980887,33.497932999883645],[-80.09934600005181,33.49804199985334],[-80.0992409995715,33.498149999626136],[-80.09917100014961,33.498223000207744],[-80.09888499991933,33.49851999994862],[-80.09802499957873,33.49951199980409],[-80.09716500013643,33.49976500006986],[-80.0968189996317,33.49983800003874],[-80.09650399998743,33.49980400016352],[-80.09593999992282,33.4996110003544],[-80.09549300003407,33.49927500029673],[-80.09557400022491,33.4980799999136],[-80.09559000011845,33.49783100022069],[-80.09625299991727,33.49661399992842],[-80.0966989999811,33.495807000344044],[-80.09670700037701,33.495795000051146],[-80.09671200039989,33.49577599989621],[-80.09629599957496,33.49561399986443],[-80.09587999964835,33.49545100018779],[-80.09586700012788,33.49544599973329],[-80.09585299988417,33.49545000009689],[-80.09478699967923,33.4957649996863],[-80.0941439999719,33.496285000044395],[-80.09383400035051,33.49653699992416],[-80.09371100032685,33.496806000350915],[-80.09314999973698,33.498038999670456],[-80.09307299974408,33.49876699980199],[-80.09306100004852,33.49888599998318],[-80.09322300043023,33.49943900030946],[-80.0932429996234,33.499507999628136],[-80.09327399958555,33.499611999648124],[-80.09330299989786,33.499715000250646],[-80.09332399981426,33.499785000139276],[-80.09343500014234,33.50016599986755],[-80.09394499978028,33.50121500024209],[-80.09411700020773,33.501566999836456],[-80.09415400001765,33.50193099969055],[-80.09383199980238,33.50296500033886],[-80.09340800037816,33.50328700030191],[-80.09231200003597,33.503318000307225],[-80.09153399971113,33.50318000019816],[-80.08989799959379,33.50218899969325],[-80.08967500001103,33.50205400007524],[-80.08872199978398,33.50135099969326],[-80.08839799991888,33.501110999900746],[-80.08742600032359,33.5003939996284],[-80.08711800035202,33.50016699990397],[-80.087110999781,33.50014899999603],[-80.08682000042619,33.50003200012873],[-80.08671699959571,33.500019999672425],[-80.08640799979922,33.49998499983024],[-80.08630599969197,33.49997400015513],[-80.08619500026221,33.49996099965201],[-80.08596799958318,33.49993700021622],[-80.08586300000118,33.49992399970753],[-80.08575300039631,33.49991300002468],[-80.08562100015185,33.49989800018253],[-80.0854839998845,33.49988399962832],[-80.08522600014165,33.499899000221994],[-80.08509499972207,33.499908999867245],[-80.08501400042954,33.49991300002468],[-80.08493900008645,33.49992000029972],[-80.08477500005492,33.49995500016819],[-80.08469700023713,33.49997400015513],[-80.08465600022923,33.499983999791716],[-80.08463600013776,33.49999900036807],[-80.08447700012908,33.500123999826414],[-80.08442500025056,33.50016599986755],[-80.0840899996165,33.50075999997982],[-80.08393099960784,33.50104399966511],[-80.08348500044231,33.50210200001348],[-80.08327200000699,33.502636999880025],[-80.08316400005194,33.50291000009744],[-80.0830340003556,33.50327800029823],[-80.08290999960873,33.50362799974997],[-80.08272399983589,33.50415899996099],[-80.08257400004806,33.50469399984695],[-80.08247399959065,33.50505300013408],[-80.08245400039746,33.505121000241914],[-80.08243199975783,33.505203999970604],[-80.08237400003152,33.50531899963468],[-80.08234200024447,33.50538400035422],[-80.08222800044165,33.50561199985325],[-80.08217099964195,33.505727999696376],[-80.08171100023272,33.506170999707074],[-80.0815270001097,33.5063489996476],[-80.08142699965227,33.506444999976964],[-80.08136100042834,33.50651099981393],[-80.08104599988576,33.50658799993461],[-80.08091199999146,33.506622000141206],[-80.08046799957744,33.506730999655986],[-80.07988900034253,33.506873999890054],[-80.07911400039073,33.506911999818264],[-80.07865800028115,33.506936000316216],[-80.07832500019522,33.50685799979708],[-80.07767900011484,33.50670899977185],[-80.07731800043982,33.50669500031931],[-80.07697699995796,33.506681000115506],[-80.0762339997932,33.506651999739574],[-80.07550700042029,33.506625000026595],[-80.07405600025086,33.50701599993061],[-80.07348600033849,33.50717199986485],[-80.07333400000253,33.5071589996938],[-80.07268200007437,33.50710499982669],[-80.0723899999963,33.507081000124636],[-80.07079200041211,33.506605000039606],[-80.07074899985611,33.50659399970767],[-80.0701449996085,33.50652400008233],[-80.0700030002166,33.50650699996142],[-80.06979200032941,33.50648300009353],[-80.06957899989408,33.50645800025527],[-80.06943800032707,33.50644200008532],[-80.06915399974665,33.50640799980801],[-80.06855899971988,33.50633999996238],[-80.06830299962684,33.506307000359534],[-80.06801999976963,33.5062730000292],[-80.0673279996585,33.50618799989393],[-80.06649199960734,33.50608600022067],[-80.0652649997439,33.50585599978192],[-80.0645810000287,33.505727999696376],[-80.06257199964246,33.50574999982989],[-80.0615530001915,33.50576400018429],[-80.05749799960907,33.50557999994664],[-80.05655000030322,33.50559400032861],[-80.05520999956359,33.50561599974713],[-80.0545419997419,33.505644999721156],[-80.05444600038074,33.5056490003625],[-80.05430400009053,33.505656000173666],[-80.0541609999754,33.505661000038394],[-80.05406600043914,33.505664999930005],[-80.05383200008743,33.50567599963097],[-80.05344100027517,33.50569399988761],[-80.05313800032646,33.50576900004284],[-80.05291099964744,33.50582599990762],[-80.05278500014906,33.5058569997526],[-80.05259699982807,33.50590399985885],[-80.0524090004054,33.50595099993951],[-80.0522839998336,33.50598299970895],[-80.05213599969561,33.50602000005959],[-80.05191499976267,33.50607599979092],[-80.05169300000483,33.50613100026757],[-80.05154599969173,33.50616799980594],[-80.05092999974859,33.50627899982408],[-80.0504879998827,33.506321999840104],[-80.05028000036857,33.50634099992747],[-80.04965900040256,33.50640000009334],[-80.04959300028031,33.506406999843755],[-80.04945199981499,33.50640200002207],[-80.049275000263,33.50639400030684],[-80.04874700018338,33.50637600019572],[-80.04865099992392,33.5063730003017],[-80.04858099960371,33.50633500013687],[-80.04810500030096,33.50607899969525],[-80.04744300032708,33.50572499977988],[-80.04711799973875,33.505361000151275],[-80.04705300033973,33.50506199995318],[-80.04699899991306,33.50501500013868],[-80.04659300003219,33.504662000349995],[-80.04656999956765,33.50464099992464],[-80.04653600013079,33.50461300034831],[-80.04650199979558,33.50458200005775],[-80.04648000005429,33.50456400031884],[-80.04632400041868,33.504426999936456],[-80.04609199971678,33.504226000032645],[-80.04585800026335,33.5040219996866],[-80.04570299955434,33.50388799992464],[-80.04533600003154,33.50350900009517],[-80.04423700021462,33.50237299964926],[-80.04409599974932,33.502228000192915],[-80.04384200020442,33.50202699967689],[-80.04361700007352,33.50184899983645],[-80.04328099961454,33.50158300015854],[-80.04294400022896,33.5013169996632],[-80.04271999992298,33.50113999988605],[-80.04267100041749,33.50110099964525],[-80.04259900044747,33.50104399966511],[-80.04252599975422,33.500986999647374],[-80.04247800007363,33.50094900011408],[-80.04240199990565,33.50094199992225],[-80.04228999975267,33.500931999647285],[-80.04217699977477,33.500921000092504],[-80.04210200033,33.50091499992619],[-80.04183899966597,33.50088999997774],[-80.04166999961154,33.50087500030489],[-80.04127399977644,33.50092600023076],[-80.04105899969129,33.500986999647374],[-80.04080599997128,33.50106000008388],[-80.04077099981119,33.50106000008388],[-80.04045299979387,33.5013760002576],[-80.03996599972214,33.50172799994634],[-80.03992800008733,33.50179000031356],[-80.03954899997063,33.502431000262675],[-80.03907299976957,33.50342400024161],[-80.03897700040842,33.503569999938655],[-80.0386099999873,33.50413500019105],[-80.03850200003227,33.504303999927785],[-80.03842500003938,33.50445800028253],[-80.03795800005915,33.50540999972952],[-80.03792299989904,33.505459000029035],[-80.03771100018693,33.505766000127764],[-80.03756800007179,33.50597200004706],[-80.03745500009389,33.50613600010491],[-80.03703800034238,33.50649800029263],[-80.0369629999993,33.50656400008919],[-80.03683699960261,33.5066469999321],[-80.03681800023435,33.5066469999321],[-80.03678800009712,33.506668999831994],[-80.03677899987628,33.50668399999886],[-80.0366960000356,33.50673900008911],[-80.03655799994335,33.50683000018895],[-80.03642200039923,33.50683899982321],[-80.03632299976671,33.5068460002871],[-80.03625599981956,33.50685000012394],[-80.03615600026043,33.50685899975612],[-80.03605699962795,33.506866000218444],[-80.035991000404,33.506871000013284],[-80.0351539996296,33.506852000042315],[-80.03471500013677,33.50682199976418],[-80.03431400027877,33.50667900019323],[-80.03390699967468,33.506408999772326],[-80.03377799980326,33.50626900016569],[-80.03358600018262,33.50606100026773],[-80.03339100018897,33.50584800001616],[-80.03326300014244,33.50570900022347],[-80.0332530000967,33.5056810002436],[-80.03313500009592,33.504743999786385],[-80.03308300021739,33.50432599967421],[-80.03288599967559,33.502637999887845],[-80.03288300020085,33.501926999626434],[-80.03288200037595,33.5016680003219],[-80.03236900036495,33.50121500024209],[-80.03235500012124,33.50120199992534],[-80.0323159997632,33.50116799983683],[-80.03230300024272,33.50115700031204],[-80.0322589998618,33.501118000078925],[-80.03216500015046,33.501080999879896],[-80.03172199956136,33.50090699970375],[-80.03156000007797,33.50091099981506],[-80.03087600036275,33.500929000313604],[-80.03080000019477,33.50095700033264],[-80.02936300026906,33.501507000100425],[-80.02888500041817,33.50209099985829],[-80.02840300036932,33.50268400023672],[-80.02805900041274,33.50310600004903],[-80.02748399957916,33.50471300029174],[-80.02708400044438,33.50516400008422],[-80.02660499987027,33.505706000306326],[-80.02526000000607,33.506441000121455],[-80.0247410001473,33.506479000239736],[-80.02394899957875,33.50629100016168],[-80.02340499960562,33.50557899997281],[-80.02147200028567,33.50369200024573],[-80.02076000008306,33.50251300031455],[-80.02055699969347,33.502179000311386],[-80.02113199962874,33.50016699990397],[-80.02118799970523,33.49980200008228],[-80.02120199994894,33.49970900000074],[-80.02122399969024,33.499572000173835],[-80.02124600032987,33.499428999860804],[-80.02126100039848,33.4993380002196],[-80.02126800007116,33.49928500001406],[-80.02128099959165,33.49920700009067],[-80.02122500041347,33.49915199970874],[-80.02118799970523,33.4991160002161],[-80.02064600028024,33.49858699989053],[-80.02047700022582,33.49842299976188],[-80.01856900012194,33.49830499975121],[-80.0184610001669,33.49835699975037],[-80.01778099975134,33.498688000107485],[-80.0173690000227,33.49888800008559],[-80.01702099986815,33.49947300032804],[-80.01660999996442,33.50016699990397],[-80.01580300022555,33.50264799996577],[-80.01545099987304,33.503731000068164],[-80.01542800030683,33.50379899971654],[-80.01536800003238,33.50398699996444],[-80.01535700016171,33.50399899987076],[-80.01531199995587,33.50405600015219],[-80.01478100040153,33.50471300029174],[-80.0139629998937,33.50509999992788],[-80.01312699984254,33.50522100034746],[-80.01295399959018,33.505211999795875],[-80.01213599998066,33.505171999913195],[-80.01130999997523,33.50486499995455],[-80.01051199955889,33.504186999684244],[-80.0096179997814,33.503743000009976],[-80.00614800007831,33.50274099988605],[-80.00536100043094,33.50253899980321],[-80.00525699977555,33.50245699977596],[-80.0049649996975,33.50223200024319],[-80.00465500007611,33.50189899992115],[-80.00418700027096,33.501392999888154],[-80.00389000017003,33.500851999652824],[-80.00367199971183,33.50025500006578],[-80.00363999992477,33.50016699990397],[-80.00366500003913,33.49987600005969],[-80.00367400025998,33.49978099997598],[-80.00368699978044,33.49968399970404],[-80.00369500017636,33.49953900023782],[-80.0037110000699,33.49939199968895],[-80.00371699991769,33.49929699982314],[-80.00374200003203,33.49900600005069],[-80.00376899979622,33.498699999999324],[-80.00397700020868,33.49817300024702],[-80.00404900017868,33.49799099972653],[-80.0040840003388,33.497902000197094],[-80.00408900036166,33.497890000194644],[-80.00463699963444,33.49716699978562],[-80.00462400011395,33.49704999963361],[-80.00455299996885,33.49641399994072],[-80.00448099999883,33.49577299963475],[-80.00448199982374,33.495749999874526],[-80.00444699966364,33.49573399997252],[-80.00266499995642,33.49494399982477],[-80.00189300037768,33.49472000034115],[-80.00144800013875,33.494683999754706],[-80.00117299977913,33.49473899997872],[-80.00020399965858,33.4947860001288],[-80.00014099990939,33.49482699966512],[-79.99977799968622,33.4953579999269],[-79.99938400039925,33.495830000089136],[-79.99888800010667,33.496164999950814],[-79.99840600005784,33.49647300013123],[-79.99786700010759,33.4970419998031],[-79.99768800000743,33.497396000022476],[-79.9975020002346,33.497764999757855],[-79.9973120002638,33.49825499983786],[-79.99689999963685,33.499224000147194],[-79.99686200000201,33.49989800018253],[-79.99706700004141,33.500543000038036],[-79.9978899996738,33.501643999861194],[-79.99847999967768,33.50255299992801],[-79.99898900038903,33.503257000286155],[-79.99954000003486,33.50356099996446],[-80.00034400029897,33.50430599990494],[-80.00044499968298,33.50475199965412],[-80.00043999966013,33.50479599966269],[-80.00035500016962,33.50558899971094],[-79.99979899960262,33.50618200009273],[-79.9993669997825,33.50640299998645],[-79.99883100020527,33.506685999921025],[-79.99857099991428,33.50673600020766],[-79.99781000020617,33.50688500018641],[-79.99696300028435,33.506872999931176],[-79.99622599996738,33.50684099974178],[-79.99599400016378,33.506738000128614],[-79.99553399985625,33.50653399971126],[-79.99403500000625,33.50558399984199],[-79.99272500030216,33.50523699999408],[-79.99186099976356,33.50459599985203],[-79.99170000010508,33.50424899978817],[-79.9915949996248,33.50367600031349],[-79.99151900035513,33.503482000150754],[-79.99141600042296,33.503358000297695],[-79.99110199970528,33.50287699993579],[-79.99088699962013,33.50238599979013],[-79.99080399977946,33.50208899982995],[-79.990863000229,33.5017139996881],[-79.99097200000894,33.501041000335306],[-79.9912709997597,33.50016599986755],[-79.99108199961381,33.49942399963607],[-79.99093400037411,33.49923399987043],[-79.99061899983153,33.49883000009456],[-79.98978699997832,33.498297000036686],[-79.9896510004342,33.4982470001187],[-79.9886530000013,33.49789100025736],[-79.98758900034451,33.49781600001779],[-79.98625600017586,33.4979209998855],[-79.98498999995438,33.49866300026499],[-79.98397700035119,33.49925900029707],[-79.9835200004167,33.49936299986716],[-79.98309600009416,33.499458999705084],[-79.98281900008475,33.49952300028703],[-79.98224099977644,33.49967299999069],[-79.98183499989557,33.49956399982733],[-79.98180200028361,33.49955600022914],[-79.98140800009831,33.49949000033232],[-79.98137299993819,33.49948400006676],[-79.98126800035621,33.49946700006135],[-79.98123400002103,33.49946199983876],[-79.98054699993277,33.49934699988377],[-79.97952699975858,33.499179000254685],[-79.97865700027053,33.49858699989053],[-79.9783040000931,33.498346999925836],[-79.97806800009157,33.49822000003113],[-79.97747100041498,33.49789799994678],[-79.97646299993637,33.49764400015192],[-79.97608100034495,33.49754799979945],[-79.9754789997472,33.49761699987627],[-79.97510899985133,33.49800199965362],[-79.97468799990186,33.49856899965405],[-79.97421500007383,33.49937499966543],[-79.97388199998791,33.50016599986755],[-79.97360400015354,33.50053799987765],[-79.973544999704,33.5006130000062],[-79.97305000013468,33.500873000248404],[-79.97294700020251,33.50092800028604],[-79.97196300001333,33.500936999784905],[-79.97135999959067,33.50080699985751],[-79.97133700002446,33.50080199971237],[-79.97126800042749,33.500787000024225],[-79.97124599978785,33.50078299990723],[-79.97121499982572,33.50077399964325],[-79.97112399958911,33.500753999802335],[-79.97109400035022,33.500748999654085],[-79.97106199966484,33.500743000224944],[-79.97102900005288,33.50073600001645],[-79.97101200033444,33.500730999867166],[-79.97086400019644,33.50068900010015],[-79.97081599961754,33.50067499967392],[-79.97080399992198,33.500670000270205],[-79.97076700011205,33.50066099999448],[-79.97075600024141,33.50065799990236],[-79.97059899988257,33.50061099994371],[-79.9701290004276,33.50047600011185],[-79.96997299989367,33.500432000154426],[-79.96978799994575,33.500376999801695],[-79.96951099993632,33.500299000113166],[-79.96923300010198,33.5002190002828],[-79.96904899997895,33.50016599986755],[-79.96887400007678,33.50009600028702],[-79.96861200013596,33.499996000253006],[-79.96834299962413,33.499908999867245],[-79.9681650002472,33.49985199985124],[-79.96809199955395,33.49982799963619],[-79.96795000016203,33.499783000057654],[-79.96787999984184,33.49974399995458],[-79.96781299989469,33.49970900000074],[-79.96775599999329,33.49967800020104],[-79.96767300015262,33.49963299979548],[-79.9675810000911,33.49959699975383],[-79.96752199964156,33.499574000260395],[-79.96740299981587,33.49952699971318],[-79.96722500043896,33.499458999705084],[-79.9670460003388,33.49938900030196],[-79.96692800033803,33.49934299970024],[-79.96654300037356,33.49919400022148],[-79.96650900003839,33.49918399974452],[-79.96521400040288,33.4988239997833],[-79.96478300040768,33.49870500026593],[-79.96470700023968,33.49868299983996],[-79.96455699955354,33.49864199988239],[-79.9644970001774,33.49859000005443],[-79.96443799972785,33.49854100036083],[-79.96406600018217,33.498225000325455],[-79.96392800008992,33.49805700001714],[-79.9631459995671,33.49710399978102],[-79.96264299960185,33.496378000058655],[-79.96224199974387,33.495798999649544],[-79.96219200041348,33.495735000060144],[-79.96211799989531,33.49564200010431],[-79.96204199972732,33.49554499968945],[-79.96199300022182,33.49548200000284],[-79.96171299983935,33.49512600000852],[-79.96158300014301,33.4949599998727],[-79.96089199985678,33.49444599966306],[-79.96088000016123,33.494437000238555],[-79.96066300042625,33.49427600005325],[-79.96043400009738,33.49410800032243],[-79.96029199980717,33.49401899979784],[-79.95999499970625,33.49386400023987],[-79.95910500012671,33.493400000015704],[-79.95903800017956,33.49336499974457],[-79.9588089998507,33.493299999738596],[-79.95878999958413,33.493293999793224],[-79.95797199997462,33.49306000010056],[-79.95793699981452,33.49304999966421],[-79.9567660000276,33.492832999874516],[-79.95571400006635,33.49257599983093],[-79.9554780000648,33.49253399985336],[-79.95464100018872,33.492386000019586],[-79.954486000378,33.492306000368586],[-79.95427700014064,33.49220099968439],[-79.95402199987251,33.49206999999362],[-79.95391300009256,33.49201500032173],[-79.95386799988673,33.491992000312344],[-79.95362100001452,33.491863999953175],[-79.95339599988363,33.49175099991197],[-79.95294899999487,33.491382000016685],[-79.95293200027643,33.49136800033276],[-79.95281400027565,33.491142000306674],[-79.9527609996739,33.49103799985119],[-79.95253899991603,33.4906109996614],[-79.9524650002962,33.49046700013146],[-79.95217999989083,33.48950599973329],[-79.95226500027965,33.48888400015357],[-79.95231499961005,33.488520000134066],[-79.95225199986086,33.488299000285565],[-79.95224900038613,33.488287999874956],[-79.95208299980648,33.48771000023998],[-79.95201699968422,33.48747999967523],[-79.9515709996204,33.486905999901275],[-79.95087100001165,33.486386000158],[-79.95037999974197,33.48602099992854],[-79.95023099977905,33.48591100035825],[-79.94992799983035,33.48575599977312],[-79.94985500003543,33.485725000222196],[-79.94818299993307,33.48502499974692],[-79.94774600009006,33.48484400027367],[-79.9476499998306,33.48475699964718],[-79.94742899989767,33.484559999894884],[-79.94704300010828,33.484511999971026],[-79.94690599984092,33.48448200019239],[-79.94621700010285,33.48433999990055],[-79.94466300000126,33.483489000232815],[-79.943939999928,33.48309400027263],[-79.94384600021668,33.48304300033241],[-79.94380699985861,33.48302199990753],[-79.94358400027585,33.482858000267655],[-79.94349800006214,33.48279700006655],[-79.94336599981764,33.48270099973675],[-79.94319299956528,33.48257500035994],[-79.94297300035558,33.48241300035671],[-79.942841999936,33.48231799984389],[-79.94276199957005,33.48225899974899],[-79.9425249997436,33.482086999700165],[-79.94244600010089,33.48202999993968],[-79.94234999984143,33.4819599999328],[-79.94227200002362,33.481886999876046],[-79.94177999992901,33.481424999670864],[-79.94161699972241,33.48127100030368],[-79.94154800012544,33.48120600021132],[-79.94134100043621,33.48101199989912],[-79.9412719999409,33.480947999870764],[-79.94115099956709,33.480834000311944],[-79.94109200001584,33.480213999677],[-79.94107299974928,33.4800219999292],[-79.94100199960417,33.479278999880975],[-79.94112100032817,33.47764400030373],[-79.94110799990939,33.477084999837366],[-79.94110000041177,33.47666999974006],[-79.94080900015862,33.47622500026182],[-79.94078099967122,33.47620499999589],[-79.94010899965159,33.47572600003969],[-79.94009799978093,33.47572099994489],[-79.93967699983145,33.47554100008454],[-79.93930299973763,33.475504999767885],[-79.93882700043488,33.47569899967393],[-79.9383710003253,33.47591000003266],[-79.93787000000988,33.47633700001738],[-79.93723399997525,33.47688099998192],[-79.93707099976864,33.47699799966025],[-79.9368280000944,33.4771759996363],[-79.93658500042014,33.47735200014547],[-79.93642300003843,33.47747099978473],[-79.9361259999375,33.477783999743174],[-79.93538799979562,33.477924999998926],[-79.93476900037774,33.477730000285895],[-79.93468599963875,33.47765100013118],[-79.93385299996064,33.476862999729214],[-79.93262799974701,33.475583999631425],[-79.93201400035201,33.47483899982876],[-79.93173099959648,33.4740809997224],[-79.93103099998775,33.473176999984915],[-79.93027100010455,33.47219399992341],[-79.92971100023792,33.4717700000977],[-79.92943300040355,33.47155900014829],[-79.92901800030185,33.471246000182674],[-79.92860099965202,33.4709309998372],[-79.9283239996426,33.47072299972362],[-79.9282109996647,33.47063700028014],[-79.92790100004328,33.47040399970352],[-79.92786800043132,33.47038999962643],[-79.92773799983667,33.47033699968867],[-79.92731799971209,33.47016200030036],[-79.92618600028324,33.46969300004707],[-79.92606200043467,33.46963099992909],[-79.92565499983058,33.46943099982639],[-79.92527999991187,33.46924599991995],[-79.92474699980939,33.468983000199486],[-79.92413199969114,33.468680000176086],[-79.92232499986959,33.467180000172135],[-79.92175900015515,33.466709999845264],[-79.92154800026795,33.46653400020219],[-79.92117599982397,33.466225000287956],[-79.92039500002437,33.46557699982246],[-79.91997800027286,33.46545199996056],[-79.91951499959225,33.46531700002709],[-79.91939999996454,33.46528300008841],[-79.91923299955997,33.4652340002856],[-79.91905799965777,33.465181999883356],[-79.91894499967988,33.46514900033251],[-79.91883300042518,33.465116000019684],[-79.91849899961603,33.4650169997552],[-79.91848199989761,33.46501199979184],[-79.91838599963812,33.46499499976435],[-79.9181029997809,33.46494200027445],[-79.91725400020925,33.46478899978345],[-79.91697100035205,33.46473900000528],[-79.91661999982445,33.464674999947356],[-79.91639499969354,33.464635000074516],[-79.91562800013766,33.4642899996557],[-79.91539100031119,33.46418399978124],[-79.91532500018896,33.464114000344544],[-79.91491799958486,33.46367900016921],[-79.91473299963695,33.4634830001624],[-79.9138859997151,33.462229000306294],[-79.91355400035242,33.461737000044316],[-79.91349400007795,33.46164899971528],[-79.9133149999778,33.46138499969094],[-79.91325600042657,33.46129699975404],[-79.91323299996205,33.46126299973746],[-79.91316600001488,33.461162999831764],[-79.91314400027358,33.46113000024975],[-79.91263000043767,33.460274000208486],[-79.91131800018543,33.45809000011777],[-79.91113099968938,33.45768399998904],[-79.91084000033456,33.45705000011691],[-79.91071499976277,33.456776999988854],[-79.91068399980063,33.45671099972176],[-79.91059299956405,33.45651300011814],[-79.91056300032511,33.45644699965014],[-79.91055199955615,33.45642300014882],[-79.91051999976911,33.456352999691774],[-79.91050999972335,33.45633099975056],[-79.91022600004123,33.45571300028004],[-79.90962900036466,33.455354000072575],[-79.90912600039941,33.45505099962602],[-79.90785000013219,33.45486800012724],[-79.90693500043828,33.455060999951975],[-79.90605699965602,33.455362000005714],[-79.90570000017895,33.45551599969888],[-79.90525699958984,33.45570799978007],[-79.90464400001974,33.45629700003487],[-79.90460100036204,33.456290999775064],[-79.90458299992036,33.45628799964497],[-79.90453000021692,33.45627999979726],[-79.90451299960017,33.45627900000361],[-79.90444700037625,33.45627000036138],[-79.90425200038258,33.45624299992998],[-79.90418700008524,33.45623599987228],[-79.9041279996357,33.45623100015189],[-79.90399999958917,33.45622099996086],[-79.90343899989763,33.45617799980072],[-79.90327300021627,33.456092999961804],[-79.90285200026678,33.45587800012946],[-79.90214500008705,33.455347999747495],[-79.90214599991197,33.45529799977049],[-79.90216400035361,33.45457999967927],[-79.90244100036305,33.453713999695175],[-79.9027900003425,33.452617999888346],[-79.90355299970044,33.451420000123775],[-79.90354500020283,33.45140000012993],[-79.90311900023049,33.45042599994328],[-79.90280399968789,33.450295000047085],[-79.90275600000733,33.45027499979375],[-79.90229999989774,33.45008500015535],[-79.90176799962019,33.450006000285754],[-79.90141199996805,33.450143999669486],[-79.90134699967071,33.45020100016552],[-79.90043500034986,33.451019000265205],[-79.89996199962354,33.4517830002603],[-79.89988800000368,33.452145999626985],[-79.90009800006597,33.45315699968411],[-79.90014400009673,33.453741999987464],[-79.89985799986646,33.454160999721424],[-79.89956999998638,33.45452100018509],[-79.89850299995652,33.454752000363705],[-79.89816599967263,33.4548240002352],[-79.89790100025706,33.45483099965739],[-79.89701099977921,33.454856000158856],[-79.89610199993312,33.45461700025616],[-79.89551299975415,33.45446199990127],[-79.89528299960037,33.45432399989375],[-79.8945949996872,33.45391599972747],[-79.89436600025667,33.45378099981742],[-79.89427699966988,33.453726999644616],[-79.89414600014864,33.45364999974263],[-79.89404900006426,33.45352499992157],[-79.89398700013997,33.45344299995906],[-79.89384800022279,33.45326199972168],[-79.89364099963525,33.452991999903624],[-79.89343200029619,33.452718999740846],[-79.89329300037902,33.452539000077614],[-79.89325700039402,33.45249200024142],[-79.89320399979225,33.45242300019657],[-79.89314900043897,33.45235099983058],[-79.89311400027887,33.452306000320974],[-79.89251699970399,33.45152900015924],[-79.89226099961094,33.451221999681444],[-79.89004399971056,33.44856099977618],[-79.88944700003398,33.448249999740945],[-79.88822500019343,33.44761300017153],[-79.88748100020376,33.447408999907594],[-79.88631299989156,33.447092000092276],[-79.88529100006755,33.446680000014915],[-79.88457700021512,33.44639300001624],[-79.88429199980976,33.44619600000034],[-79.88343900004014,33.445610999766494],[-79.88315500035802,33.44541600006113],[-79.88302399993846,33.44532599981863],[-79.8828659997547,33.44521700023269],[-79.88264200034703,33.44504300027983],[-79.88251799960015,33.44494600018046],[-79.88227400010099,33.444755000185395],[-79.88202700022879,33.44454099990724],[-79.88075699980934,33.44344099984883],[-79.8805969999758,33.443277000267166],[-79.88015299956176,33.442822000023824],[-79.87958799967225,33.44184400036738],[-79.87945600032609,33.44161600017796],[-79.87902699998068,33.44001100023511],[-79.87867899982614,33.43858900033608],[-79.87850499974886,33.43787899989874],[-79.87829999970944,33.437540000281324],[-79.87804799981438,33.43712299974467],[-79.87793300018663,33.43693399980143],[-79.87763199988777,33.43650999995016],[-79.87710499963308,33.436028000223246],[-79.8767470003311,33.435702999804406],[-79.87669600027748,33.43565699987281],[-79.87652999969781,33.43550500021884],[-79.87631600033588,33.43531100032309],[-79.87576399996684,33.435114999918355],[-79.87548899960721,33.43501799996356],[-79.87534999969004,33.43496900030071],[-79.8752769998951,33.43494400006428],[-79.87503699969561,33.43485899965631],[-79.87493499958835,33.434821000355434],[-79.87479700039441,33.43477399991476],[-79.8737970003117,33.43472300002987],[-79.87279700022899,33.43467300015768],[-79.87084899994211,33.43513599995616],[-79.87021799993036,33.43528600018519],[-79.86987200032394,33.43521799998355],[-79.86974400027742,33.435192999818845],[-79.86955400030662,33.43515599995166],[-79.8693619997877,33.435118000031174],[-79.86923499956607,33.43509299983767],[-79.86902000037925,33.43505099973625],[-79.86882399966235,33.43491100025091],[-79.86822500033594,33.43448200003601],[-79.86780400038647,33.43399600008747],[-79.8675030000876,33.43365099996688],[-79.86746399972952,33.43360499969723],[-79.86735199957654,33.4334780001137],[-79.86734099970589,33.43343599998033],[-79.86733599968301,33.433416999645544],[-79.86704000030531,33.43230700029062],[-79.86704799980292,33.43109999964751],[-79.86715999995592,33.43083799976512],[-79.86728200015466,33.43055699963035],[-79.86853900015532,33.42926600035546],[-79.86978100008736,33.428664999634464],[-79.87162300006902,33.427896000110344],[-79.87403199959003,33.4282539998853],[-79.87479700039441,33.428368000366454],[-79.87590899973179,33.42852500034341],[-79.87665299972144,33.42849299970263],[-79.8767890001639,33.42848599965457],[-79.87711300002898,33.428472999670994],[-79.87718599982392,33.428426999655706],[-79.8773029999998,33.42835699984649],[-79.87763199988777,33.42847100019238],[-79.87812399998235,33.42811500004956],[-79.87831399995315,33.42752799985824],[-79.87851899999256,33.42725999967068],[-79.87856599984823,33.42719699982261],[-79.87867399980325,33.42705600028252],[-79.87866600030566,33.426997000061405],[-79.87865700008481,33.42692099980637],[-79.87853599971099,33.42593800014997],[-79.87822100006673,33.425173999720116],[-79.87801299965427,33.424863999979365],[-79.87751600043512,33.42443999963949],[-79.87665000024673,33.42420999987959],[-79.87613300003777,33.42408500037385],[-79.87576599961665,33.4240830000444],[-79.87479599967118,33.4241449997392],[-79.8729250002755,33.42396399985318],[-79.87168099979532,33.423921000197566],[-79.87156899964234,33.42391799969771],[-79.87053299957462,33.423514999836364],[-79.86981700007237,33.42304700014084],[-79.86975699979789,33.422980999702034],[-79.86970699956919,33.42292699985099],[-79.86943100028299,33.42262800008166],[-79.86909800019704,33.42226600035462],[-79.86883799990605,33.42163200029033],[-79.86876500011111,33.42137899983563],[-79.86870999985953,33.421186000054],[-79.86854099980513,33.42096500022776],[-79.86839299966712,33.420771000072754],[-79.86784000037149,33.42001500010195],[-79.86777599989907,33.41992700018148],[-79.86669499962551,33.419577000040995],[-79.8651589999656,33.41948199965231],[-79.86441400015102,33.4193610002143],[-79.86349100006122,33.41921100020598],[-79.86327900034911,33.419139000019946],[-79.86326099990744,33.419130999745654],[-79.86237299997774,33.41871399998622],[-79.86225599980185,33.41865900025327],[-79.86130299957483,33.41778899991154],[-79.86045800020112,33.416524999762046],[-79.8602740000781,33.41624999981501],[-79.8602099996057,33.41560399991379],[-79.86016399957494,33.41511000009902],[-79.86021999965143,33.414733999707515],[-79.86042399986594,33.413369000280916],[-79.86066200041563,33.412145999938254],[-79.86074299970817,33.41173499997289],[-79.86083300011985,33.41128800033143],[-79.8609910003036,33.41049799987057],[-79.86099700015139,33.40949500034354],[-79.8609639996411,33.409333999860266],[-79.86079499958672,33.40850799999142],[-79.85981299994567,33.40805200009608],[-79.85851499993711,33.40754899987375],[-79.85713900011078,33.407116999841655],[-79.85603899957066,33.406762000245116],[-79.85576300028444,33.40667399964336],[-79.85498699960941,33.40634599995552],[-79.85455099959132,33.40567700021709],[-79.85455300013946,33.405635999759575],[-79.85457300023093,33.40528700014812],[-79.85459800034529,33.40487399995268],[-79.8547049995771,33.404247999797114],[-79.85476400002665,33.403904000345314],[-79.85475999982869,33.40388799998884],[-79.85476400002665,33.40385800006248],[-79.85476400002665,33.40384700018689],[-79.85476999987442,33.40292400007298],[-79.85477099969934,33.402767999961725],[-79.85471999964571,33.40274300020149],[-79.85381599982249,33.40229800011588],[-79.85236200017832,33.401706999941936],[-79.85157999965551,33.401437000203565],[-79.85131299969183,33.40134599967771],[-79.85058600031891,33.40139199979061],[-79.85046199957203,33.401395999994904],[-79.8501569999735,33.401400000199025],[-79.84970199968883,33.401405999754886],[-79.84924300010452,33.401412000060354],[-79.84893900033092,33.40141699993957],[-79.8485090001606,33.40142300024423],[-79.84834900032703,33.40139699967097],[-79.84727300007634,33.40122199993677],[-79.84662399962292,33.40100699988794],[-79.84606299993135,33.40082299997486],[-79.84580500018849,33.40073700022421],[-79.8454400003155,33.400618000289334],[-79.84505600017594,33.40042700024224],[-79.84481400032662,33.40030900032142],[-79.84427600020128,33.40004199981364],[-79.842932000162,33.39937800027712],[-79.84266900039624,33.39923899996571],[-79.84213899976852,33.398961000175774],[-79.84192000038372,33.39884499992492],[-79.8413410002505,33.398539999987584],[-79.8412650000825,33.39850399995876],[-79.84104199960142,33.39839899966459],[-79.84097499965426,33.3983669999211],[-79.84077399981282,33.39827200033197],[-79.8407079996906,33.39824100025416],[-79.8402220003421,33.398011000105264],[-79.8398070002404,33.39763499994647],[-79.83958399975931,33.39743300015476],[-79.83899200010562,33.396484000362264],[-79.8387150000962,33.394633000133474],[-79.83865399999682,33.39422300032377],[-79.83846599967583,33.39356700020523],[-79.83810800037388,33.392316000249465],[-79.83779600020434,33.39197900005342],[-79.83752400021777,33.391684999937],[-79.83683799995441,33.39105500008903],[-79.83582500035124,33.39055199972401],[-79.83484199998698,33.39029100031415],[-79.83308700004395,33.38990900015873],[-79.83165799961584,33.38959899980401],[-79.83139499985012,33.38950399963126],[-79.83137899995658,33.38949800000372],[-79.83121099972709,33.389437000141776],[-79.83081200041723,33.389292999855236],[-79.83070699993692,33.38925500011482],[-79.83054000043067,33.38919400008237],[-79.83035499958443,33.389124999969454],[-79.82990600004585,33.38896300017395],[-79.82981399998435,33.388902999756375],[-79.82964900012792,33.38879899968454],[-79.82929400030068,33.38857200027107],[-79.82827599977631,33.38792399965582],[-79.82822499972266,33.38790400003224],[-79.82783300008552,33.38775200004252],[-79.82732300044758,33.387553999874456],[-79.82579600011019,33.386959999664796],[-79.82568800015515,33.38691800028431],[-79.82527700025142,33.38679099992676],[-79.82518699983972,33.386762999787514],[-79.82491800022623,33.38668099975651],[-79.82482899963945,33.38665400017757],[-79.82473599975302,33.386625999994266],[-79.82466399978301,33.386609000360714],[-79.82416500001573,33.38650200025257],[-79.82399900033437,33.38646700033578],[-79.82395999997631,33.38645700035698],[-79.82384299980043,33.38643199965488],[-79.8238050001656,33.38642599981536],[-79.82351100043773,33.386363000349995],[-79.82263199983053,33.386173000328775],[-79.82233899992758,33.38611099978195],[-79.82211999964446,33.3860410003696],[-79.82179300030464,33.38593699987422],[-79.82146299969342,33.38583200014942],[-79.82124500013354,33.38576199976236],[-79.819073000439,33.3850699999543],[-79.81825499993117,33.384688999977584],[-79.81604800007652,33.38366200019816],[-79.81386200013827,33.38232099991867],[-79.81203500022522,33.380024000365424],[-79.81133399989326,33.37867100024218],[-79.8112929998854,33.37859700033797],[-79.81009199996123,33.37643600028367],[-79.80984500008903,33.37577199970862],[-79.80979800023334,33.375648000241604],[-79.8096600001411,33.37527600002956],[-79.80961499993525,33.375153999811154],[-79.8096049998895,33.375126999653645],[-79.8095909996458,33.37508799974465],[-79.8095630000567,33.375062000295785],[-79.80954299996523,33.375044999901704],[-79.80897399987774,33.37455099979728],[-79.80827500009391,33.373284000039426],[-79.80770299963339,33.37279899973097],[-79.80757499958688,33.372760000278554],[-79.80701100042059,33.37258799992659],[-79.80498199994284,33.37221700014234],[-79.80363299988069,33.372119999707216],[-79.80245700007087,33.372206000013335],[-79.80080000003714,33.372634000254685],[-79.79971999958849,33.37315300002008],[-79.79895600040567,33.37362299992387],[-79.79873600029764,33.373764999918784],[-79.79851000034182,33.37391199964291],[-79.79800300017861,33.374399999706576],[-79.79765500002406,33.375316999806245],[-79.79724599977015,33.376369999689715],[-79.79721800018106,33.37644300002547],[-79.79717499962504,33.37651299966305],[-79.79639100035071,33.37763900015128],[-79.79620499967957,33.37768500005843],[-79.79568800036893,33.37781500005602],[-79.79496899959531,33.37794799969661],[-79.79401299989354,33.3776790003655],[-79.79325899985811,33.37694199967276],[-79.7927070003874,33.37603899975164],[-79.79240699991342,33.375298000259804],[-79.79235400020997,33.375166000295266],[-79.7920319999947,33.374008000339074],[-79.79180299966583,33.37370600026077],[-79.79164600020532,33.373496999649774],[-79.79049499961155,33.37318400004247],[-79.7903980004255,33.373158000024404],[-79.78945500024419,33.373778999831764],[-79.78826199981765,33.37458000010265],[-79.78732399965922,33.375166000295266],[-79.78684499998343,33.37550900024167],[-79.78612000026034,33.37602900007388],[-79.78558200013498,33.37619099996347],[-79.78523999982822,33.37629500011328],[-79.78478299989374,33.37629400014852],[-79.78460100031886,33.37629400014852],[-79.78416299975261,33.37612599990043],[-79.78367900005395,33.37573000017516],[-79.78376100006972,33.375150999877434],[-79.78421299998134,33.37478499968322],[-79.78471199974862,33.374383999920106],[-79.78485400003885,33.37428299969951],[-79.78491400031331,33.37424000020878],[-79.78500600037482,33.37417700016632],[-79.78509599988818,33.37411300008837],[-79.78515600016263,33.37406999976341],[-79.78541700027854,33.373885999842464],[-79.78568900026511,33.37369600031472],[-79.78617600033682,33.37330300002587],[-79.78621899999453,33.373269000047216],[-79.78628599994168,33.37301299978128],[-79.78631699990382,33.37289800016673],[-79.78640800014041,33.372556999691795],[-79.78643900010256,33.37244500025179],[-79.78644699960016,33.37241399996597],[-79.78646400021692,33.37235500014177],[-79.78646199966877,33.37232599984471],[-79.78646099984385,33.37229600027751],[-79.78644900014831,33.3720229999142],[-79.78567699967124,33.37093199967219],[-79.78556500041654,33.3707729998251],[-79.78456199996079,33.369844000117965],[-79.78388300026846,33.36940199978817],[-79.7817109996756,33.368257000364586],[-79.78163799988066,33.36821999974139],[-79.78129499974898,33.36757600001921],[-79.78117900029635,33.366802000273424],[-79.78117699974821,33.36678799998782],[-79.78115900020485,33.36666699994404],[-79.78121299973321,33.36617699985056],[-79.78128499970325,33.36552600014136],[-79.78153900014647,33.36448600008941],[-79.78156599991064,33.36437199980823],[-79.78157199975841,33.364350999917804],[-79.7816050002687,33.36421699964036],[-79.7816689998428,33.36395599996326],[-79.78156000006285,33.36380600034652],[-79.78099199980029,33.36280199981533],[-79.78061000020887,33.3625460002596],[-79.78046999956847,33.36245199991721],[-79.77934700036043,33.36218699969023],[-79.7783039997217,33.361933000085564],[-79.77766699986216,33.361263999912346],[-79.77763500007511,33.36089799981459],[-79.77806699989523,33.36027100020256],[-79.77831100029272,33.359965999999005],[-79.77851700015702,33.35971300006945],[-79.77854899994408,33.359147000315886],[-79.77799699957504,33.35868600024365],[-79.77735200021789,33.3583170000441],[-79.77649799972505,33.35782999998037],[-79.77525599979302,33.35773900033032],[-79.7750089999208,33.35772200030272],[-79.77451600000128,33.35768499970143],[-79.77423099959594,33.357663999697934],[-79.77395799978446,33.3576450000477],[-79.7734029999407,33.35750699997571],[-79.77337100015365,33.3574990000301],[-79.7733479996891,33.35748700011023],[-79.77323300006138,33.35742699973595],[-79.77314000017495,33.35737799982474],[-79.77311800043366,33.3573670000706],[-79.77285899996757,33.35723200010955],[-79.77250400014032,33.35704799984217],[-79.77215299961274,33.35662499966487],[-79.7719609999921,33.356394000286],[-79.77195099994637,33.35638299965715],[-79.77192699965691,33.356354000038955],[-79.77189099967191,33.35630999974595],[-79.77185600041012,33.35626699962569],[-79.77183299994559,33.356239000164194],[-79.77182100025003,33.356224999679704],[-79.77176799964826,33.356162000097854],[-79.77176400034861,33.35615299983228],[-79.77175500012777,33.35612800017356],[-79.77148300014123,33.35542399999256],[-79.7712069999567,33.35470799981727],[-79.77080899957345,33.353268000222016],[-79.77080600009872,33.35325800017803],[-79.77033499992051,33.35268400007892],[-79.76990099955225,33.352154000111724],[-79.7698000001682,33.352031000242754],[-79.76896999996484,33.35089199964818],[-79.7686159999625,33.350557000036],[-79.76830399979296,33.35026199994852],[-79.76814599960922,33.35007799995499],[-79.7681380001116,33.35006800029495],[-79.76803500017944,33.349949000049804],[-79.76786299975198,33.3497480000609],[-79.76785000023153,33.349544000292056],[-79.76784000018577,33.34938799970488],[-79.76780900022364,33.348861000021806],[-79.76777999991133,33.34836999993833],[-79.7678350001629,33.34728499983276],[-79.76786199992709,33.34676000003528],[-79.7678769999957,33.34644900016877],[-79.76790100028514,33.34598599975733],[-79.76798900014869,33.3455290002952],[-79.76801799956272,33.34538599967688],[-79.76799900019445,33.345238000217066],[-79.7679969996463,33.345224999786005],[-79.76793100042238,33.34471399966129],[-79.76791800000359,33.34461199994261],[-79.76734499971813,33.34421000037356],[-79.76686799969217,33.34399400010748],[-79.766652999607,33.34395699967461],[-79.76614600034213,33.34387200030407],[-79.76446699966876,33.34390199991479],[-79.76322800010976,33.34379099995265],[-79.76313400039844,33.34373900035439],[-79.76299399975804,33.34366300007757],[-79.76285300019103,33.34358600014416],[-79.76276000030462,33.34353500001435],[-79.76208599973684,33.34316600012747],[-79.76146899996878,33.34235000028619],[-79.7613919999759,33.34224800004979],[-79.76122899976927,33.340329999935996],[-79.76126200027954,33.33995899996304],[-79.76145800009813,33.33821999987391],[-79.76158100012178,33.337030000044415],[-79.76161799993169,33.33667800000115],[-79.76152699969509,33.33556899993701],[-79.76128400002085,33.33535500012395],[-79.76117600006583,33.33525900031759],[-79.76101399968412,33.335118000222494],[-79.76085200020071,33.33497499977054],[-79.7607440002457,33.334880999676216],[-79.7606689999026,33.33481499983682],[-79.76036900032696,33.33472699997313],[-79.76027100041767,33.33469900033905],[-79.75991599969213,33.33459500001097],[-79.75956000003997,33.334491000309264],[-79.7593220003886,33.33442099989168],[-79.75925700009125,33.33442200033762],[-79.75864100014812,33.33443700027084],[-79.75750799999602,33.33441399977177],[-79.75689799990066,33.334627999644994],[-79.75608100011605,33.33509299977727],[-79.7552669998062,33.33525700019538],[-79.75467500015247,33.334978000338786],[-79.75444900019667,33.33446999996472],[-79.75459300013671,33.333566000169185],[-79.75538099960902,33.33243800036629],[-79.75614300004032,33.33110999972146],[-79.75627000026194,33.33061699989893],[-79.75629200000324,33.33053000003802],[-79.75630700007186,33.33047200008247],[-79.75631499956947,33.330443999831296],[-79.75632200014047,33.330413000346894],[-79.75634800007974,33.33031500011259],[-79.75636599962309,33.330242999854896],[-79.75638200041494,33.33018600020294],[-79.75640099978318,33.330105999627655],[-79.75637900004189,33.33006699980849],[-79.75619200044413,33.32973499964003],[-79.75617200035265,33.32969899965422],[-79.75609100016179,33.32967199965512],[-79.75541999996706,33.32945099984835],[-79.75449799970215,33.32939800019172],[-79.75300700024809,33.33011300009374],[-79.7525360000699,33.33031800009076],[-79.75211900031837,33.33050100006504],[-79.74979500028788,33.33035800029026],[-79.74949399998899,33.33040500016343],[-79.74833499989764,33.32973999988704],[-79.74526900042558,33.328230999822964],[-79.74474700019377,33.327929999792474],[-79.74420400004556,33.32744399991986],[-79.74372600019467,33.32678700007784],[-79.74309400035798,33.3255300002773],[-79.74190299958127,33.323159000137906],[-79.74144499982187,33.32254200029978],[-79.7411529997438,33.322308000325734],[-79.7406799999158,33.321928999952355],[-79.73995699984252,33.32160599963651],[-79.73782299978281,33.32100800020515],[-79.73481400021217,33.320169000217014],[-79.7338440002667,33.32004999965415],[-79.73211000024007,33.31998800003457],[-79.72952699974347,33.32084700029238],[-79.7281409998714,33.321693000150745],[-79.72751599970742,33.321896000012195],[-79.72683500036524,33.32211899988807],[-79.72630899993545,33.32203800032564],[-79.7257979995743,33.32196100004163],[-79.72453100042623,33.3216999997915],[-79.72408100016443,33.321376000283024],[-79.72405600005007,33.321357000221184],[-79.72401300039236,33.321327000352134],[-79.72398400008004,33.32130599983717],[-79.72395999979061,33.32128900020293],[-79.7239039997141,33.32124699990026],[-79.72389299984346,33.32124000022312],[-79.72374700025358,33.321134999744736],[-79.72373600038291,33.32112499976402],[-79.72368500032931,33.321078999988266],[-79.72362000003197,33.321020999746914],[-79.72357900002409,33.32098400006455],[-79.7233549997181,33.32078399988657],[-79.72326199983168,33.32070100012834],[-79.72315700024969,33.32060699964647],[-79.72309000030253,33.320547000132414],[-79.72292999957067,33.320402999929016],[-79.72242900015355,33.319955000110085],[-79.72228199984046,33.31976400009707],[-79.72209600006762,33.319524000222195],[-79.72203999999114,33.31945100018862],[-79.72190299972378,33.319274000244036],[-79.72185599986811,33.319259999821746],[-79.72176899982948,33.31923500008071],[-79.72167299957002,33.31920699997193],[-79.72089299959532,33.3189790000382],[-79.72037399973657,33.3188720000908],[-79.71920299994964,33.31863299988835],[-79.71713099981422,33.31908300023997],[-79.7161669997165,33.31939000001082],[-79.71479400026321,33.31982900021529],[-79.71468399976004,33.31986399991239],[-79.71466399966855,33.31987099970004],[-79.7144620000022,33.31993499987684],[-79.71436599974272,33.3199910003683],[-79.71426700000853,33.32004999965415],[-79.71414700035793,33.32012100021768],[-79.71395800021205,33.320230999707896],[-79.71303000009935,33.32077600032027],[-79.71279999994559,33.320913000203994],[-79.71271200008205,33.32093400006304],[-79.71256800014199,33.32096900006711],[-79.71119599961528,33.321300999856774],[-79.71066000003809,33.321280999932405],[-79.70957600028979,33.32124600005362],[-79.70859299992553,33.320756000275374],[-79.7070980002735,33.3192460001478],[-79.70628099959059,33.318327000333966],[-79.70561100011906,33.317986999902814],[-79.7054229997981,33.317892000362185],[-79.70453900006635,33.317675000256635],[-79.70358800038744,33.317886000300796],[-79.70339500004359,33.31792899985577],[-79.70302900034571,33.318010000234295],[-79.70297300026921,33.31802300022319],[-79.70170299984976,33.318246000250014],[-79.70133799997679,33.31819199990202],[-79.70077200026235,33.318108999927446],[-79.70056399984989,33.31807899969114],[-79.70040999986409,33.318056000128486],[-79.70036899985621,33.31805000007839],[-79.69939100041313,33.31766100032812],[-79.69930100000146,33.3176259997464],[-79.69911000020574,33.317438000305955],[-79.6989539996718,33.31728399979944],[-79.69891299966393,33.31724400035452],[-79.69832299966005,33.316662000161564],[-79.69822300010094,33.31656400022665],[-79.69812699984146,33.31646799998445],[-79.69796799983281,33.31630799984619],[-79.69750400022562,33.315842000144386],[-79.69690300035109,33.315237999958825],[-79.69550099968717,33.31411499975657],[-79.69541299982362,33.31404400030639],[-79.69469899997118,33.31375799981035],[-79.69446999964231,33.31366599996581],[-79.69432499987735,33.31360800004658],[-79.6935320003822,33.31329000011414],[-79.69320500014406,33.3131589998967],[-79.69283199987517,33.31300999979408],[-79.69259400022378,33.312915000084395],[-79.69209200008345,33.312714000215294],[-79.69208200003771,33.31270699985291],[-79.6901170000324,33.31128700020199],[-79.6894629995561,33.31081400017241],[-79.6894490002107,33.310802999792],[-79.68940700037793,33.31077200007749],[-79.68939300013422,33.31076299962554],[-79.68931600014133,33.31070799992968],[-79.68923999997334,33.31065200023104],[-79.68900999981958,33.310485000138584],[-79.68860200028888,33.31019200016546],[-79.68779700019985,33.30975800011774],[-79.68738200009815,33.30953500014903],[-79.6873500003111,33.309517999720676],[-79.68721899989153,33.30944700028052],[-79.68700299998146,33.309332000028476],[-79.68673099999491,33.30918500011206],[-79.68665599965183,33.309144999954],[-79.68656899961319,33.30909799987625],[-79.68621999963374,33.3089100000626],[-79.68515900034997,33.30835900037039],[-79.68151499967131,33.30646500011834],[-79.68088399965956,33.30625200017287],[-79.67937700031194,33.305742999736395],[-79.6790509998987,33.30563199995756],[-79.67856399982699,33.305468000093384],[-79.67807500010545,33.305300999832376],[-79.67775000041544,33.30519300033397],[-79.67771600008025,33.30518199999522],[-79.67701399992337,33.30494399983377],[-79.67644599966081,33.304751999930474],[-79.6755019996546,33.30443299994248],[-79.67497500029822,33.30425600028836],[-79.67275800039785,33.30325500032397],[-79.67185100020154,33.302847000287386],[-79.67156999999415,33.302719999632515],[-79.67114999986958,33.30253100027231],[-79.6707289999201,33.302340999688326],[-79.67044900043594,33.30221499986313],[-79.67015200033502,33.30208100007573],[-79.66970999957083,33.301881000077316],[-79.6692640004053,33.30167900022906],[-79.6689680001293,33.30154699976328],[-79.6689260002965,33.301526999811784],[-79.66886600002205,33.301502000241356],[-79.66880300027286,33.30147300037028],[-79.66876300008988,33.30145499979828],[-79.66857800014196,33.30133000026971],[-79.66830299978234,33.30114399963061],[-79.66802499994802,33.300955999937834],[-79.66784099982497,33.30083099969413],[-79.66765400022724,33.30070399985775],[-79.66750699991414,33.30060499992207],[-79.6671239995995,33.30028300027184],[-79.66695100024546,33.300138999633205],[-79.66679999973438,33.30001200029085],[-79.66639399985353,33.29967199976389],[-79.66634100015007,33.29964199994084],[-79.66617100027077,33.29954499974164],[-79.66557600024402,33.29920400029824],[-79.66540999966435,33.299108999812944],[-79.66425099957299,33.298321999764624],[-79.66318500026637,33.29808200018027],[-79.66255400025459,33.297929000138126],[-79.65964199987002,33.29722300012366],[-79.65489599989971,33.29669000023175],[-79.65062299975743,33.29637700008055],[-79.64760400014104,33.296159000355246],[-79.64662400014981,33.29601099987313],[-79.6458559998707,33.29589599992381],[-79.64371900033626,33.29557599969133],[-79.64355199993169,33.29554599996129],[-79.64278799985053,33.29541199968977],[-79.64262700019205,33.29538300004659],[-79.64238799981744,33.29534100002845],[-79.64214799961793,33.295297999845864],[-79.64198799978438,33.295270000309294],[-79.64125600038858,33.29514000019795],[-79.63926799991873,33.29479000020591],[-79.63906500042746,33.29474199974996],[-79.63834200035417,33.2945760001283],[-79.63781699974933,33.29445500036787],[-79.63703199975178,33.294275000271035],[-79.63624400027949,33.29409399964488],[-79.63572000039784,33.293974000126234],[-79.63465900021578,33.29372999994519],[-79.63214400038954,33.293178999709404],[-79.63099199997087,33.292927999860154],[-79.62604000013626,33.29121000017106],[-79.62478999980829,33.290681000374434],[-79.62376100031157,33.29028100020722],[-79.62176600016905,33.28960200027948],[-79.61959799977414,33.2888640002514],[-79.61837799958342,33.28823499981838],[-79.61782399956455,33.287948000058016],[-79.61636099969957,33.28719599999519],[-79.61616499988097,33.287090000334],[-79.61561800043312,33.286793999889966],[-79.61421499994428,33.286032999644796],[-79.61257499962898,33.28514500031504],[-79.61041899982796,33.28317200008937],[-79.60994400035013,33.28273800001912],[-79.6093159998131,33.28208699999781],[-79.60928400002605,33.28205399999894],[-79.60925300006392,33.2820209999876],[-79.60796799957585,33.28068800027205],[-79.60710200028575,33.27983699976452],[-79.60657400020617,33.27932000029222],[-79.60495099960929,33.27893000018506],[-79.60200999981072,33.278882000016765],[-79.5993329996028,33.279347999689826],[-79.59807300012741,33.2794320000818],[-79.59717799962668,33.279495000322775],[-79.59554800025543,33.27929000023029],[-79.5949959998864,33.27915000005533],[-79.59412100037547,33.278926999940595],[-79.59280900012322,33.278593999954914],[-79.591496999871,33.27826100020093],[-79.59062300018498,33.27803899965922],[-79.58912199978687,33.277656000009124],[-79.5868720002745,33.277085999722686],[-79.58462100003894,33.27651400025282],[-79.58312100036403,33.276132999897186],[-79.58256599962192,33.27599200030201],[-79.58173600031685,33.275781999907565],[-79.58090399956534,33.275569999769495],[-79.58035000044478,33.275429999637005],[-79.57784800013903,33.274794000371394],[-79.57773099996317,33.274776999931866],[-79.56971500030632,33.273635000068154],[-79.56954000040412,33.273610000016475],[-79.56704599959599,33.27323800032514],[-79.56621499956768,33.27311399982549],[-79.56496699978787,33.27292799987239],[-79.56372200038109,33.272742000274064],[-79.56289100035278,33.27261900022518],[-79.56259500007677,33.27257400005409],[-79.56225000029528,33.27252299968194],[-79.56178699961468,33.27222900022505],[-79.56153600044284,33.272069000048454],[-79.56106100006667,33.27176799992151],[-79.55963699966145,33.27086799984514],[-79.55916300000852,33.2705679997612],[-79.55874399970887,33.27001199983462],[-79.55767099983123,33.26858799964608],[-79.55768400025002,33.26828200027304],[-79.55771400038725,33.267588000293884],[-79.5577319999306,33.267154999828044],[-79.55777200011356,33.26623100009431],[-79.55801200031308,33.265946000303465],[-79.55829199979725,33.265617999799005],[-79.55890000024279,33.264902000115974],[-79.55932500039023,33.264402000297565],[-79.56068699997289,33.26272099985558],[-79.56101800040898,33.26231499987852],[-79.56105199984586,33.26190200033569],[-79.56107000028751,33.26167300031503],[-79.56108700000595,33.26147499965915],[-79.56070100021657,33.26117300004022],[-79.56051999956829,33.26103399989709],[-79.55981300028685,33.260484000371704],[-79.55907099994701,33.26052800022082],[-79.55858700024835,33.26055799996864],[-79.55555900041114,33.261356999927344],[-79.55454400025982,33.262166000070344],[-79.55351599968971,33.262988000160625],[-79.55329200028203,33.26321900001078],[-79.55299799965584,33.26352000031013],[-79.55255800033811,33.263977999831226],[-79.55211899994697,33.26442900022566],[-79.55182600004402,33.264733000091965],[-79.55175900009687,33.264805000359985],[-79.55169600034768,33.264873999841285],[-79.55149299995809,33.264884000262334],[-79.55139500004879,33.26489000021397],[-79.55070600031071,33.264926999656204],[-79.5497630001294,33.26497899969847],[-79.54925400031638,33.26397600032727],[-79.54894200014685,33.26336099970979],[-79.54892299988028,33.26332299984471],[-79.54877499974226,33.262947999854624],[-79.54828699984563,33.26170700028388],[-79.54827400032516,33.26167300031503],[-79.54809600004994,33.26130700029845],[-79.54765500000896,33.26040200011577],[-79.54754200003106,33.26016999978088],[-79.54722800021169,33.25946199968981],[-79.5468549999428,33.25751700011542],[-79.54666699962182,33.256531000185795],[-79.54664599970542,33.25642199983428],[-79.54661499974328,33.25626000031492],[-79.54658299995623,33.256097999743965],[-79.54656299986475,33.25599000019808],[-79.54655100016917,33.2559299998084],[-79.54653399955242,33.25584199996365],[-79.546516999834,33.25575300018414],[-79.54650599996334,33.25569400022966],[-79.54648800042,33.25560100015692],[-79.5464609997575,33.255456000314496],[-79.54636799987108,33.25535999968545],[-79.54630299957374,33.255292999903844],[-79.54583200029387,33.25480800003118],[-79.54495600005973,33.254499999987516],[-79.5443049999565,33.25427100009526],[-79.54021099991432,33.25379599999619],[-79.53888699996652,33.25364299969913],[-79.53863599989637,33.25354299984627],[-79.53860499993421,33.253529000143196],[-79.53855999972838,33.25351299994321],[-79.5385120000478,33.25349400012452],[-79.53848199991056,33.25348200015779],[-79.53798300014329,33.25328299984351],[-79.5370409997869,33.25290699969622],[-79.53668599995966,33.25242800015801],[-79.53636700011742,33.25199700019561],[-79.53622099962925,33.25179900014697],[-79.53603200038168,33.25154299979079],[-79.53596700008436,33.251132000206475],[-79.53593000027442,33.25089000027818],[-79.53587800039588,33.25055400034062],[-79.53581800012144,33.250166999958644],[-79.53545300024845,33.24965700003502],[-79.53541899991326,33.24961100013717],[-79.53517399969088,33.24947400021623],[-79.53474199987075,33.24923200020412],[-79.53327300015799,33.24852300019761],[-79.53284600036072,33.24837799987878],[-79.53018000002345,33.24747500013196],[-79.52590299968318,33.24645900025813],[-79.52539700024322,33.24634700025326],[-79.5232770004272,33.24588000032952],[-79.52287200037124,33.24588100028862],[-79.52178699989973,33.24588899996075],[-79.52024799986677,33.24590100021884],[-79.51853899995449,33.245760999859975],[-79.51745900040416,33.24567200033096],[-79.51702699968571,33.24563700017054],[-79.51648400043581,33.2455930003354],[-79.51576999968505,33.24535100009495],[-79.51535999960622,33.24521500022453],[-79.51438700018602,33.24488700001999],[-79.5129279996207,33.24439599963535],[-79.51146800012877,33.24390400026749],[-79.51049599963515,33.24357800037342],[-79.5103860000303,33.243541000154195],[-79.51013599978502,33.24345699980142],[-79.51005999961706,33.24342000028229],[-79.50995699968489,33.243369000168165],[-79.50683599996125,33.24182800012877],[-79.49978600005193,33.238346999838754],[-79.49739400024936,33.23738900008262],[-79.49416300002257,33.23609799989101],[-79.49399300014325,33.23603000029822],[-79.49295200005267,33.23602900022644],[-79.49154799973891,33.23602900022644],[-79.48939000028807,33.23672500006422],[-79.48903600028574,33.23683999981176],[-79.4883359997787,33.23732500021899],[-79.48814199960992,33.23745900023206],[-79.48785200008003,33.2376609999197],[-79.48756000000198,33.237861999841215],[-79.48736699965812,33.23799699983191],[-79.48705200001386,33.23821399973073],[-79.48681900038535,33.23837699968826],[-79.48630499965114,33.239073999655695],[-79.48607799987042,33.239383000002114],[-79.48525000021517,33.24050900030034],[-79.48521400023016,33.2405830002845],[-79.48328600003477,33.24458300021566],[-79.48264400015235,33.24591700030995],[-79.48181300012405,33.24615299999914],[-79.48141200026605,33.24627000002578],[-79.47928300022922,33.24606799994573],[-79.47925700028995,33.246046000139394],[-79.47859799979076,33.2454879997173],[-79.47849599968352,33.24540099983941],[-79.47835900031448,33.24528600008386],[-79.47832800035235,33.245065999803145],[-79.47830900008577,33.244935000090145],[-79.47826600042805,33.24462699980794],[-79.47820199995566,33.24416700031227],[-79.4781359998334,33.243703999946526],[-79.4780930001757,33.243396999822046],[-79.47808399995488,33.24333299984871],[-79.47807599955895,33.24327399977308],[-79.4781569997498,33.24316900012573],[-79.47819699993278,33.24311899985584],[-79.47866399991302,33.24251899964508],[-79.47936600006989,33.24162100026295],[-79.48006700040185,33.24072099988453],[-79.480535000207,33.24012199976903],[-79.48102499975344,33.239493999881866],[-79.48110900031735,33.239388000168944],[-79.48264400015235,33.2377400003215],[-79.48318700030056,33.23715800031893],[-79.48340400003555,33.236925999883454],[-79.4833310002406,33.2367189996812],[-79.48288199980372,33.23544399986999],[-79.48264099977929,33.235348999879406],[-79.482142000012,33.235151999767716],[-79.48192199990399,33.235065000122475],[-79.48159399984091,33.234935999867396],[-79.48126300030313,33.234805000001934],[-79.48104400002,33.2347190000982],[-79.48092099999637,33.234670000342376],[-79.4806969996904,33.23458200012935],[-79.48054899955238,33.234618999632026],[-79.4804220002291,33.23465100018438],[-79.48008800031825,33.234733999895255],[-79.47958799982773,33.234859000107896],[-79.47908800023555,33.23498300005809],[-79.4787550001496,33.23506700028806],[-79.47870200044616,33.23507999986024],[-79.47831699958337,33.2353759997686],[-79.47703500036668,33.23636699978381],[-79.4766079996711,33.23669699977613],[-79.47634999992825,33.23689799965973],[-79.47571399989361,33.23725700007771],[-79.472953999845,33.23882199975361],[-79.47247900036717,33.239093000355275],[-79.47197600040191,33.23918099978499],[-79.47123999990986,33.23931099982206],[-79.47065499992885,33.23941400028055],[-79.46933900037696,33.238840999756654],[-79.46920200010962,33.238677999912845],[-79.46872199971058,33.23810699992062],[-79.46870199961911,33.23808300026823],[-79.46866300015935,33.23803600024123],[-79.46866999983206,33.238006000274666],[-79.46867800022798,33.23797700034732],[-79.46889300031313,33.23712699999193],[-79.46904700029891,33.2365229997168],[-79.4705529998216,33.23519999992351],[-79.47102700037284,33.2347849997872],[-79.47122200036651,33.23463400019764],[-79.4718340001117,33.234161000258354],[-79.47275399982847,33.23345399993777],[-79.47367000024558,33.23274599980294],[-79.47428299981569,33.232274999648794],[-79.47445000022026,33.232146999902376],[-79.47455700035037,33.23095599997234],[-79.47393300001131,33.22977099971098],[-79.47293700012656,33.22954600023503],[-79.4716659998822,33.22985900025693],[-79.4701650003824,33.230929000221245],[-79.46750099969495,33.23138599986659],[-79.46615599983073,33.23150400024375],[-79.46578299956184,33.231537999928086],[-79.46435999987983,33.232157000311965],[-79.46371499962437,33.232659000018124],[-79.46310399970409,33.23313500013127],[-79.4624919999589,33.23360999980813],[-79.46199700038959,33.23397899965087],[-79.45995200001832,33.235091000016915],[-79.45952600004597,33.23513599996037],[-79.45909900024871,33.235179999799186],[-79.45902599955546,33.2351879996992],[-79.45891500012571,33.23519999992351],[-79.45880700017067,33.23521100006509],[-79.45873400037574,33.23521899996228],[-79.45872299960676,33.235205000329564],[-79.4586899999948,33.23516800032346],[-79.45867900012414,33.23515600009476],[-79.45857299981895,33.2350339998048],[-79.45841600035841,33.234852000263025],[-79.45825800017468,33.234668000167765],[-79.45815299969438,33.23454800012573],[-79.45777299975278,33.23363800033337],[-79.4577259998971,33.23352599968131],[-79.45758699997994,33.232651999997145],[-79.45780700008797,33.232110000105166],[-79.45854799970456,33.231275000213444],[-79.45877000036076,33.23117199993535],[-79.45966499996315,33.23075899973225],[-79.45990500016266,33.23064800003466],[-79.46015799988264,33.230576000175795],[-79.4612459998289,33.230274999863056],[-79.46162900014356,33.23002900024115],[-79.46169100006782,33.22999000001761],[-79.46191200000077,33.22959200017161],[-79.46191899967347,33.22957999992915],[-79.46202699962849,33.22938700018618],[-79.46180099967269,33.22907500012922],[-79.4617870003273,33.22905500010687],[-79.46173899974842,33.228987000297245],[-79.46170000028864,33.22893100001652],[-79.46168600004496,33.22889400036152],[-79.46161900009781,33.228819000098945],[-79.46157600044009,33.22876500002032],[-79.46153899973186,33.22874300036839],[-79.46145199969322,33.22866500025987],[-79.46140999986044,33.22862799974091],[-79.46133799989042,33.22856000035073],[-79.46096799999455,33.228211999815144],[-79.46074000038894,33.22818799970122],[-79.4606469996042,33.22817800034068],[-79.46041399997569,33.22815199989377],[-79.4601960004158,33.22812899992553],[-79.45983700039059,33.22828599968652],[-79.45976100022261,33.22833700033312],[-79.45960899988665,33.228441000351424],[-79.45956799987876,33.22846800011922],[-79.45939399980149,33.2285870000818],[-79.45869199964463,33.22944999970133],[-79.45863599956813,33.22952100034103],[-79.45807599970146,33.22975800010103],[-79.45744399986481,33.22976900017574],[-79.45666600043828,33.22958999988085],[-79.45566100033268,33.22920400001318],[-79.45503399962055,33.2287620003072],[-79.4539520004204,33.228001000122504],[-79.45390600038967,33.22796900014246],[-79.45383799971927,33.227921999939234],[-79.45376999994721,33.2278740002971],[-79.45372499974137,33.227842000270634],[-79.45349999961047,33.22761700034079],[-79.45316400004982,33.227280000198185],[-79.45282599994101,33.22694200008429],[-79.45260199963501,33.226718000271845],[-79.45228000031805,33.22639600014707],[-79.45226799972419,33.226384000217514],[-79.45194499968399,33.22596999976136],[-79.45172499957594,33.225408999877374],[-79.45171399970532,33.2251879997322],[-79.451691999964,33.22473399986529],[-79.45168600011621,33.22462800029528],[-79.4516710000476,33.22431000006314],[-79.4516710000476,33.224299000053286],[-79.45169299978892,33.224206999848775],[-79.4516989996367,33.22417600019095],[-79.45171000040567,33.22413499994791],[-79.45171999955309,33.22408900014726],[-79.45172799994901,33.2240619997792],[-79.45178700039855,33.2238159999666],[-79.45187600008703,33.223449999973134],[-79.45196399995058,33.22308100004336],[-79.45202300040012,33.22283799964286],[-79.45204299959327,33.22275199999503],[-79.45206500023289,33.22266500003806],[-79.45216700034015,33.222523999820396],[-79.45221900021869,33.222453999739884],[-79.45228500034094,33.22236300007744],[-79.45234899991503,33.22227800019166],[-79.45251399977147,33.22211599976515],[-79.45259499996233,33.22203799975897],[-79.45273100040475,33.22190499964578],[-79.4531420003085,33.22150500010979],[-79.45327899967754,33.22137399966501],[-79.45334999982265,33.22130499965593],[-79.45356200043307,33.22109699981111],[-79.4536340004031,33.22103000007018],[-79.4545010004164,33.22030899980119],[-79.45541299973726,33.21955300027346],[-79.45581600014339,33.21879599995648],[-79.45509300007011,33.21773300008576],[-79.45504799986428,33.21769900029596],[-79.4541430002161,33.2170270002813],[-79.45372399991646,33.21671499972801],[-79.45287199997178,33.21608200010115],[-79.45241400021236,33.21587000015824],[-79.45194100038435,33.21565200012801],[-79.4513899998402,33.21539799975937],[-79.45056600038292,33.215019000326954],[-79.44974000037749,33.21463800012341],[-79.44918999965826,33.21438500013697],[-79.44895899967958,33.2142779997325],[-79.448614999723,33.21412000006196],[-79.44826699956845,33.213958999885406],[-79.44803700031298,33.21385300003693],[-79.44780999963395,33.21374799963508],[-79.44712900029178,33.21343400025828],[-79.44700799991797,33.21337999970138],[-79.44689599976498,33.213407999938646],[-79.44679799985568,33.21343299992814],[-79.44669900012148,33.213457999910545],[-79.44620899967671,33.2135820001384],[-79.44547399990788,33.21376899972551],[-79.44473999996396,33.21395500009198],[-79.44425100024242,33.21407999993837],[-79.44418599994509,33.21409700016223],[-79.44408899986071,33.21412199995489],[-79.44399299960124,33.21414600017005],[-79.44392900002713,33.21416299962952],[-79.44338000003114,33.21430199990481],[-79.4417360004162,33.21471999972145],[-79.44158499990513,33.214760000304],[-79.44143699976713,33.21477799995899],[-79.44102199966545,33.21489300000532],[-79.43948099998265,33.21534300010616],[-79.43847400022725,33.215368999850874],[-79.43774899960586,33.215241999723794],[-79.43710300042379,33.215038999800655],[-79.43563700018575,33.213925999705275],[-79.43495199974731,33.213266999834005],[-79.4346909996314,33.213018000229695],[-79.43403899970325,33.21239600016929],[-79.43327600034533,33.211813000274965],[-79.4320500003068,33.21109399992873],[-79.4303740000065,33.21053300010751],[-79.42984599992691,33.21035200030762],[-79.4292059996943,33.21021400013814],[-79.42866900029219,33.21009800033929],[-79.42811299972519,33.20995500017478],[-79.42747699969055,33.20978399989212],[-79.42718999963536,33.20956900010432],[-79.42696799987752,33.20930100009774],[-79.42680399984597,33.20898600016836],[-79.4266430001875,33.20851400022091],[-79.42655600014888,33.20792699995338],[-79.42646499991228,33.20669399968447],[-79.42634400043677,33.20624400020894],[-79.42613600002431,33.20568300011853],[-79.42569099978537,33.20519399995273],[-79.42522399980516,33.20464999970192],[-79.4248549997342,33.20421599969443],[-79.42473300043379,33.20407200000632],[-79.42440600019563,33.20379599994205],[-79.42368800014523,33.20323499994824],[-79.42297699976753,33.20276999996586],[-79.42226399974,33.20237300002121],[-79.42152599959812,33.201995999978706],[-79.4207010003159,33.20159100031757],[-79.41976200033258,33.20113600006896],[-79.41923900027584,33.20094399969076],[-79.4188779997025,33.200812000314],[-79.41831399963789,33.200674999862095],[-79.41738800007334,33.20047299970448],[-79.41653600012863,33.20016200000199],[-79.41584499984242,33.19989500024384],[-79.41509199963194,33.199503999970545],[-79.41434000014466,33.199011000144054],[-79.41364100036083,33.19831500017351],[-79.41326899991684,33.197881000333474],[-79.41300000030333,33.19751699963345],[-79.41286899988374,33.197313000181985],[-79.41227100038228,33.19662400014288],[-79.4117030001197,33.19587799977919],[-79.41134200044468,33.195321000061455],[-79.410851000175,33.194441000325405],[-79.41056499994473,33.19369699976659],[-79.41031899989744,33.1930759997985],[-79.41013099957645,33.19257899984761],[-79.40970499960412,33.19150099987522],[-79.40955099961833,33.19111399979498],[-79.40930700011917,33.19046900037189],[-79.40884299961367,33.18926200005254],[-79.40825400033302,33.18829699976964],[-79.40744599987093,33.18715200035985],[-79.4065649996139,33.18595399997693],[-79.40561899995788,33.18516600009312],[-79.40520399985618,33.18480800010936],[-79.40506300028919,33.184692999636155],[-79.40403200024434,33.18377699985832],[-79.40299899965135,33.183121999792235],[-79.40110999981404,33.18192699975017],[-79.39823000011484,33.18026600006672],[-79.39704599990911,33.17943100022085],[-79.39646000010319,33.17906700028551],[-79.39578399988558,33.17864700021632],[-79.39534000036988,33.178453000202886],[-79.39439700018858,33.17804100005965],[-79.39234099994667,33.17750200024883],[-79.39010200030498,33.1769610001404],[-79.38798199959065,33.17654999974902],[-79.38601499993553,33.17608900020699],[-79.38450500021487,33.17560900030049],[-79.38396700008954,33.175380999893896],[-79.38377399974569,33.17529900029516],[-79.38356000038377,33.17520799973373],[-79.38344900005568,33.17516099977029],[-79.38224700030659,33.17442899966219],[-79.3812890000567,33.17370000030398],[-79.38030200039279,33.17284300013449],[-79.37931999985342,33.17172999977825],[-79.37837900022026,33.17061899971023],[-79.37731200019041,33.1693579997521],[-79.37626199987899,33.168452000005836],[-79.37517099955969,33.16757100021926],[-79.37371400044081,33.16648700016287],[-79.37155100006878,33.165082000301325],[-79.36964999963756,33.163814000144114],[-79.36800699984754,33.16281500005257],[-79.36707399971198,33.162382999881864],[-79.36705699999354,33.16237100020188],[-79.36691600042656,33.16227400028414],[-79.36675599969466,33.162228000316674],[-79.36625699992739,33.162080000126785],[-79.36565400040301,33.161900000372114],[-79.36481099978083,33.16170299963227],[-79.36318300005942,33.16135500028239],[-79.3619429997772,33.160977000253574],[-79.36044700030027,33.16052299979988],[-79.3593800002704,33.16007400018988],[-79.35788899991802,33.159330000340915],[-79.35695400013265,33.158738000326196],[-79.35611100040877,33.157858000154555],[-79.35527100015965,33.156797999726294],[-79.35463699977483,33.155959000242206],[-79.35413800000754,33.155297999902885],[-79.35286500011337,33.15441300005213],[-79.35129099992031,33.153522999737135],[-79.34957500033535,33.15328200011427],[-79.34785100035444,33.15347699969171],[-79.34595599977102,33.153739999985646],[-79.34500599991702,33.153872999848346],[-79.34328299976106,33.15408699996749],[-79.34095100023293,33.154542000147835],[-79.33887800027259,33.15502100009644],[-79.33842200016302,33.155111000311415],[-79.3378449996796,33.15522100003091],[-79.33732400017101,33.15532499966616],[-79.33651200040929,33.15546400007081],[-79.33572800023666,33.15559300012484],[-79.33514999992833,33.15568200026722],[-79.33443400042607,33.15579300025905],[-79.33331600034259,33.15577799971958],[-79.33198499982379,33.15553900000292],[-79.3307269999982,33.155121999988744],[-79.32918700014034,33.154426999821034],[-79.32910599994949,33.15439000026587],[-79.32790699967515,33.15366300025003],[-79.3276849999173,33.153516000156834],[-79.32676100000258,33.15289299992831],[-79.32541000029059,33.151853000025284],[-79.32348299992013,33.15058400006792],[-79.32171600028153,33.14922799984027],[-79.32041599972486,33.14827799981314],[-79.31955399973441,33.147587999717295],[-79.31911799971631,33.14723899968315],[-79.31802100044754,33.14669200031904],[-79.31655500020952,33.146138999978525],[-79.31508700032167,33.14571900010446],[-79.31308499960812,33.14560299989234],[-79.31055700026143,33.14543499990981],[-79.308372999973,33.14555100034403],[-79.30760700024202,33.14548599992505],[-79.30583600040546,33.145502000321954],[-79.30477699987323,33.14551200009841],[-79.30402700003576,33.14551900031736],[-79.30289999973145,33.14553199964796],[-79.30177800034834,33.145542000173144],[-79.30102900033579,33.14554999999079],[-79.29941300030994,33.14556600037602],[-79.29779700028406,33.14558099965329],[-79.29783699956873,33.145617999915444],[-79.29782999989604,33.14569499994349],[-79.29770600004748,33.1457979999925],[-79.29743800025886,33.14595300001373],[-79.29714399963271,33.14604000021617],[-79.29692799972264,33.14611299999098],[-79.29635299978737,33.14633800026452],[-79.2958830003324,33.146436999690636],[-79.29546499985764,33.1464749999345],[-79.29501999961872,33.1464749999345],[-79.29445200025447,33.146480999734],[-79.29419000031365,33.146518000368765],[-79.29366800008182,33.14651399975201],[-79.29292900011504,33.146579000161545],[-79.29230800014902,33.146590000156635],[-79.29174599973422,33.14656800016502],[-79.29125000033999,33.14656299996106],[-79.29074700037475,33.14647899980088],[-79.29019800037874,33.14634099979293],[-79.2896950004135,33.14620999973172],[-79.28919800029604,33.146044999697835],[-79.28847900042074,33.14577500020383],[-79.28761700043027,33.14551600000869],[-79.28679300007467,33.1452520002746],[-79.28653899963146,33.145094000196245],[-79.28648400027818,33.145054000140796],[-79.28619200020015,33.14495600026631],[-79.28546699957873,33.144735999765714],[-79.28508199961428,33.144570999968465],[-79.28481399982564,33.14452200015125],[-79.28445399997555,33.14439500034412],[-79.28411500004185,33.144294999750734],[-79.28393199974374,33.144251999731324],[-79.28385300010102,33.144180999897976],[-79.28382700016175,33.1441740003245],[-79.28378799980368,33.14416899998404],[-79.28346800013655,33.14418000028129],[-79.28320000034795,33.144113999981435],[-79.28249399999311,33.143948000147304],[-79.28095999998301,33.14360299992249],[-79.280515999569,33.14343800025113],[-79.28034599968969,33.143382999790305],[-79.2798960003262,33.14327300026954],[-79.27905299970404,33.142943999758415],[-79.27804000010084,33.1425589996584],[-79.27745299957171,33.14230100013871],[-79.27659099958126,33.14189399981484],[-79.2758399999189,33.14150300023375],[-79.27508300040874,33.14116299993406],[-79.2744170002369,33.140783000075494],[-79.27390099985286,33.14052499984731],[-79.2734890001242,33.14027299983677],[-79.27288900007458,33.139942999695734],[-79.2724120000486,33.13965300009745],[-79.27207200028998,33.13938900002402],[-79.27162200002819,33.139048000132924],[-79.27123000039103,33.138740000354154],[-79.27086399979481,33.13840499979738],[-79.27006799992661,33.13771399984839],[-79.26974200041168,33.13736199982063],[-79.26939599990698,33.136882999737615],[-79.26905600014834,33.136477000318294],[-79.26876200042047,33.136042999640324],[-79.26843600000724,33.13522500036271],[-79.26816900004354,33.13447699997116],[-79.26803199977618,33.13393299999107],[-79.26794599956246,33.13334000035785],[-79.26794599956246,33.13270700006228],[-79.26803799962396,33.132005000072226],[-79.2682019996555,33.1311800001675],[-79.26841099989286,33.13030800010215],[-79.26864600006951,33.129621000235474],[-79.2689199997059,33.12905499963292],[-79.26925299979183,33.12842800031699],[-79.26948999961829,33.12811499963197],[-79.26969899985568,33.12790199991459],[-79.2698560002145,33.127802000088025],[-79.26989499967425,33.127813999982955],[-79.27012200035328,33.12709400037502],[-79.27023100013322,33.12675099973094],[-79.27108100042811,33.125169000222066],[-79.27112099971276,33.125072999629396],[-79.27141799981368,33.12438100021438],[-79.27149900000454,33.124190999899085],[-79.27162200002819,33.123907999855206],[-79.271743000402,33.123623999800735],[-79.27182399969456,33.12343499995751],[-79.27184600033416,33.123385999625256],[-79.27342600037501,33.121318999704435],[-79.27345300013918,33.12128500011613],[-79.27446099971951,33.12010200020404],[-79.27507199963979,33.11926999974965],[-79.275290000098,33.11892399967819],[-79.27561399996308,33.1187459999759],[-79.27671699997796,33.11791400021872],[-79.27623699957891,33.11743200034579],[-79.27505699957118,33.11624999963227],[-79.24085399996287,33.08193600035682],[-79.2218779995792,33.06288300021292],[-79.22923200016048,33.061300999823665],[-79.24196100017568,33.06117999975737],[-79.24672600041256,33.05772000009585],[-79.24977400034125,33.055544999665024],[-79.25604500010083,33.0515909999899],[-79.2618299996136,33.04979300014776],[-79.26404300021433,33.04910599962679],[-79.26611600017468,33.04846299996211],[-79.2707430003193,33.04724899998263],[-79.27298600015895,33.0466610003642],[-79.27337299977324,33.04655900002318],[-79.27594899969884,33.03668700006052],[-79.27605599982897,33.03639600002258],[-79.278980999734,33.02845900018308],[-79.28715700012275,33.01781199995534],[-79.2934770002861,33.01127699992724],[-79.294207999857,33.00966999992681],[-79.29640100036626,33.00485800003148],[-79.29950500037143,33.000168999707796],[-79.29878099957494,32.997009999793335],[-79.29964000009065,32.99124300012154],[-79.30038300025541,32.98678400005454],[-79.30124699989567,32.98323000023251],[-79.30231099955249,32.98004499972963],[-79.30264299981351,32.97940500036227],[-79.30547099963418,32.973978000266186],[-79.30796100024435,32.96972000009044],[-79.31338300043227,32.96328399992824],[-79.31651400020164,32.96077099987668],[-79.3222569998816,32.95607800005251],[-79.32669700042848,32.9537649998758],[-79.33058300005817,32.952190000009914],[-79.3375629996473,32.949507999740106],[-79.34522000017726,32.947864999701885],[-79.34982300003247,32.947227999653265],[-79.35372999957855,32.94685800019703],[-79.35549999959018,32.94669100021236],[-79.36157200005644,32.94612099997876],[-79.36835900020004,32.94581799987029],[-79.37129699962556,32.945717000105944],[-79.37336299991323,32.94598499999634],[-79.37478200029557,32.94679600027113],[-79.37618300023628,32.94656399977357],[-79.37861900041979,32.946567000082844],[-79.3791779995632,32.94697000024473],[-79.38229400016228,32.94757599981906],[-79.38672700013814,32.948451999630876],[-79.38800000003232,32.948773999987324],[-79.38980500020405,32.94923400029266],[-79.39136099995545,32.94962900006214],[-79.39263999969742,32.950031999834245],[-79.397671999898,32.94923400029266],[-79.40406300020648,32.94940699966843],[-79.4091759996996,32.949712999739745],[-79.41524800016585,32.950857999984855],[-79.42431699960886,32.953544999867475],[-79.42777399979147,32.954549000043514],[-79.4306700002825,32.955391999999435],[-79.4353850002907,32.956501000136406],[-79.44018099959139,32.95891599964828],[-79.44036899991237,32.958651999884715],[-79.44085000013631,32.957973999756],[-79.44229700010774,32.955939999817005],[-79.44277999998152,32.95526300024293],[-79.44349200018414,32.95426199993432],[-79.44835899962996,32.948940000232604],[-79.45258999993945,32.945390999959855],[-79.45937399971002,32.9405040002966],[-79.46223900023891,32.93894899990746],[-79.46615900020379,32.93682200004227],[-79.47286599998145,32.93451300013198],[-79.47793599981688,32.93320899976811],[-79.48300599965228,32.93243999977655],[-79.487118999961,32.932274000220765],[-79.4917920001364,32.93193999988889],[-79.49594499972977,32.93157200009014],[-79.49649899974864,32.928556999733665],[-79.49753300016653,32.926145999643296],[-79.498727000418,32.923767000200044],[-79.49978799970174,32.92232599974116],[-79.50001799985553,32.92166500029829],[-79.50241800005402,32.918064999843224],[-79.50445099983139,32.9151660001665],[-79.50745000025461,32.911603999905644],[-79.51089099964537,32.90774499977142],[-79.51404599970418,32.90435200002955],[-79.51665799961478,32.90303399964082],[-79.5166020004366,32.901054999759126],[-79.5172169996565,32.89731399972127],[-79.51724699979374,32.897137999818405],[-79.51956900017443,32.88988300033234],[-79.52264300004238,32.88313700033389],[-79.52523300021168,32.88021000010375],[-79.52738099961678,32.87747899996779],[-79.52928600024595,32.875172999884406],[-79.5346890001673,32.8700119999055],[-79.54114999989766,32.86600699975912],[-79.54650400031353,32.86309700001985],[-79.54771899958305,32.86243800027452],[-79.5551550001801,32.859285000138954],[-79.5608579996771,32.85697200025704],[-79.57235399998109,32.85371799993363],[-79.58114499958975,32.85205699986079],[-79.58539000014297,32.850856000277],[-79.58858600020965,32.84505700012795],[-79.59188400038359,32.83996099969982],[-79.59373999971066,32.837668000268025],[-79.59564899963947,32.83530799972701],[-79.59849699955161,32.832633000375424],[-79.59942899986225,32.83175799989222],[-79.60791800024545,32.8257430001428],[-79.61227599987824,32.822971000376334],[-79.61635900004973,32.82155900026179],[-79.61772800020337,32.82108599990914],[-79.61803299980191,32.82097099990562],[-79.62041499955875,32.82009299996079],[-79.62301800014683,32.819512000163435],[-79.62313199994965,32.81948500015712],[-79.62349400034789,32.81940599989582],[-79.62479599965607,32.81888000007258],[-79.6287059995752,32.81790100002036],[-79.63431699990902,32.81634899985634],[-79.63782099994728,32.8163770003757],[-79.64242999965025,32.80939100004243],[-79.64480899993235,32.806000000363795],[-79.64683400021211,32.80311300027832],[-79.65129300012725,32.799914999813545],[-79.65320100023114,32.79863600014012],[-79.65406999989429,32.79655900030279],[-79.65438700008669,32.79580300036062],[-79.65585800034758,32.792289999953034],[-79.65895599960668,32.78807799995811],[-79.6595909998164,32.787217000160766],[-79.66225100030589,32.78311900019665],[-79.66274800042335,32.78270200030352],[-79.66527099974718,32.78059700021913],[-79.6694040001474,32.77709999969582],[-79.67294199962252,32.77528099999196],[-79.67743599969776,32.772889999626535],[-79.6785000002529,32.77114699993293],[-79.67866599993425,32.77087599982607],[-79.68084900039776,32.76842200028169],[-79.68314699959068,32.76649100009664],[-79.68629199960375,32.76384800022139],[-79.69069899964036,32.760221999892245],[-79.69189299989183,32.759240000020974],[-79.71726100040887,32.75066199986968],[-79.71837100009643,32.7505109999744],[-79.71952799963965,32.7503549998238],[-79.72231399962752,32.75051599996501],[-79.72557599981644,32.75037400027325],[-79.72816099996287,32.750175999963325],[-79.7315009999696,32.748165000311914],[-79.73219599955549,32.74796699962506],[-79.73723000030421,32.74654000009443],[-79.742433000209,32.74520999982302],[-79.74552100032066,32.74415800034949],[-79.74564199979616,32.744117000211844],[-79.74829700026278,32.74291600000991],[-79.74980299978547,32.74243699987272],[-79.75093400028774,32.74197599976029],[-79.75432799982286,32.740595000292245],[-79.75546000015004,32.74013500013402],[-79.75807700008352,32.739068999720196],[-79.76007399987587,32.738256999924616],[-79.7612949998915,32.73205199977383],[-79.76184100041277,32.72927899995665],[-79.76237799981489,32.72655000015555],[-79.76286800025966,32.72406199987332],[-79.76452299974524,32.71849400025258],[-79.76531600013872,32.71582900021452],[-79.7662790004115,32.71258700008084],[-79.76659200040595,32.71153700026191],[-79.77152599979894,32.703949999739685],[-79.77337100015365,32.7011149998612],[-79.77469699975127,32.6990750003286],[-79.77867500034078,32.692960000364266],[-79.77962699984458,32.69149799994909],[-79.78014999990133,32.69105199971452],[-79.78927799979388,32.68327799995576],[-79.79060599993964,32.68214600028806],[-79.7982550000737,32.67563200028762],[-79.82753299961155,32.664967999826345],[-79.82805800021642,32.66477799997391],[-79.83506000044518,32.653615000312925],[-79.83643799992134,32.65141799968846],[-79.84197999975986,32.646945000153174],[-79.85506299977739,32.636388999788544],[-79.86642799966182,32.63159300005047],[-79.87089300032305,32.62970899963048],[-79.87490699999927,32.626953000280324],[-79.87558300021686,32.62659799963489],[-79.87761199979627,32.62553400003035],[-79.87828899983879,32.62518000000143],[-79.88270199972317,32.62297099969002],[-79.8876319998165,32.620504000179764],[-79.89279799991138,32.61820800023127],[-79.8960879996894,32.616646999944216],[-79.89967399974344,32.61494599999332],[-79.90054599977962,32.61452899979478],[-79.90634999955897,32.61174999963065],[-79.90931100034734,32.610542999789615],[-79.9107580003188,32.60995400015944],[-79.91556200001541,32.608225999730955],[-79.9183410003306,32.6072639996885],[-79.92085899963155,32.603887000140425],[-79.92389200038994,32.6005119998391],[-79.92704099970267,32.59753899978572],[-79.92982800041376,32.59530199987484],[-79.9319990002834,32.593808999790824],[-79.9348799998075,32.59183200023989],[-79.93786300033719,32.58982999992338],[-79.94016800010114,32.58874899980984],[-79.94191399982331,32.587931000193436],[-79.94429800012828,32.58679800015542],[-79.94723399990399,32.585768000285476],[-79.95071600020096,32.58011400034561],[-79.95076700025457,32.58004999971],[-79.95470700031095,32.57516600029451],[-79.9582959998397,32.570988000079815],[-79.96291499958842,32.56681199997604],[-79.96792300039786,32.56370899981791],[-79.97260999991863,32.56117399965225],[-79.97900200005202,32.55807399963168],[-79.9855749999354,32.55608900017628],[-79.98736800041156,32.5555479996651],[-79.99259899990545,32.55462200028118],[-79.99981399967123,32.554758000193985],[-80.00572200010595,32.55439100000148],[-80.01372900044029,32.55500900011551],[-80.0137789997707,32.5550130002322],[-80.02162799992128,32.55667599981994],[-80.02780499996952,32.55856400003493],[-80.03023799977997,32.559710000098924],[-80.03077000005754,32.55996099979822],[-80.05439799980185,32.55551500021838],[-80.06810900035642,32.55293699972229],[-80.08429700020403,32.549888999825356],[-80.08887699959469,32.54902900027499],[-80.0888289999141,32.54612299995968],[-80.08877700003558,32.5429730000986],[-80.09011900042503,32.53564700013491],[-80.09499799956643,32.52386600016358],[-80.10419699960408,32.51291500009447],[-80.10756099990027,32.5103989997382],[-80.11563299963363,32.50436500019293],[-80.11714699955223,32.50380100026645],[-80.12027300019705,32.50018500030881],[-80.12145900005258,32.4991919996644],[-80.12244900008956,32.49884900027193],[-80.12379499977867,32.49826799978551],[-80.12481699960267,32.49827799995471],[-80.12542500004824,32.49811900023883],[-80.13496899986738,32.49562800032156],[-80.14148200037461,32.49519799982951],[-80.14221399977039,32.49507799967774],[-80.14785299969328,32.4941699999075],[-80.15534500036681,32.49295900004991],[-80.16695100027566,32.491086000121975],[-80.17796100033286,32.491166000255035],[-80.17855600035959,32.49117199976964],[-80.18543399984149,32.492443999971954],[-80.18835200007383,32.49298400005218],[-80.19366100028385,32.494536999910245],[-80.19640500043893,32.49534099967504],[-80.1988390000743,32.49624100034119],[-80.21101900009349,32.48739100027952],[-80.21558599996368,32.48538200020546],[-80.21845300014239,32.48412200015818],[-80.22358999992495,32.48256499980579],[-80.23466100008152,32.500185999622595],[-80.25185200038491,32.52754999977509],[-80.2522039998391,32.52811300014377]]]},"properties":{"kind":"greater_charleston_union"}},{"type":"Feature","geometry":{"type":"Polygon","coordinates":[[[-180.0,-85.0],[-180.0,85.0],[180.0,85.0],[180.0,-85.0],[-180.0,-85.0]],[[-80.25185200038491,32.52754999977509],[-80.23466100008152,32.500185999622595],[-80.22358999992495,32.48256499980579],[-80.21845300014239,32.48412200015818],[-80.21558599996368,32.48538200020546],[-80.21101900009349,32.48739100027952],[-80.1988390000743,32.49624100034119],[-80.19640500043893,32.49534099967504],[-80.19366100028385,32.494536999910245],[-80.18835200007383,32.49298400005218],[-80.18543399984149,32.492443999971954],[-80.17855600035959,32.49117199976964],[-80.17796100033286,32.491166000255035],[-80.16695100027566,32.491086000121975],[-80.15534500036681,32.49295900004991],[-80.14785299969328,32.4941699999075],[-80.14221399977039,32.49507799967774],[-80.14148200037461,32.49519799982951],[-80.13496899986738,32.49562800032156],[-80.12542500004824,32.49811900023883],[-80.12481699960267,32.49827799995471],[-80.12379499977867,32.49826799978551],[-80.12244900008956,32.49884900027193],[-80.12145900005258,32.4991919996644],[-80.12027300019705,32.50018500030881],[-80.11714699955223,32.50380100026645],[-80.11563299963363,32.50436500019293],[-80.10756099990027,32.5103989997382],[-80.10419699960408,32.51291500009447],[-80.09499799956643,32.52386600016358],[-80.09011900042503,32.53564700013491],[-80.08877700003558,32.5429730000986],[-80.0888289999141,32.54612299995968],[-80.08887699959469,32.54902900027499],[-80.08429700020403,32.549888999825356],[-80.06810900035642,32.55293699972229],[-80.05439799980185,32.55551500021838],[-80.03077000005754,32.55996099979822],[-80.03023799977997,32.559710000098924],[-80.02780499996952,32.55856400003493],[-80.02162799992128,32.55667599981994],[-80.0137789997707,32.5550130002322],[-80.01372900044029,32.55500900011551],[-80.00572200010595,32.55439100000148],[-79.99981399967123,32.554758000193985],[-79.99259899990545,32.55462200028118],[-79.98736800041156,32.5555479996651],[-79.9855749999354,32.55608900017628],[-79.97900200005202,32.55807399963168],[-79.97260999991863,32.56117399965225],[-79.96792300039786,32.56370899981791],[-79.96291499958842,32.56681199997604],[-79.9582959998397,32.570988000079815],[-79.95470700031095,32.57516600029451],[-79.95076700025457,32.58004999971],[-79.95071600020096,32.58011400034561],[-79.94723399990399,32.585768000285476],[-79.94429800012828,32.58679800015542],[-79.94191399982331,32.587931000193436],[-79.94016800010114,32.58874899980984],[-79.93786300033719,32.58982999992338],[-79.9348799998075,32.59183200023989],[-79.9319990002834,32.593808999790824],[-79.92982800041376,32.59530199987484],[-79.92704099970267,32.59753899978572],[-79.92389200038994,32.6005119998391],[-79.92085899963155,32.603887000140425],[-79.9183410003306,32.6072639996885],[-79.91556200001541,32.608225999730955],[-79.9107580003188,32.60995400015944],[-79.90931100034734,32.610542999789615],[-79.90634999955897,32.61174999963065],[-79.90054599977962,32.61452899979478],[-79.89967399974344,32.61494599999332],[-79.8960879996894,32.616646999944216],[-79.89279799991138,32.61820800023127],[-79.8876319998165,32.620504000179764],[-79.88270199972317,32.62297099969002],[-79.87828899983879,32.62518000000143],[-79.87761199979627,32.62553400003035],[-79.87558300021686,32.62659799963489],[-79.87490699999927,32.626953000280324],[-79.87089300032305,32.62970899963048],[-79.86642799966182,32.63159300005047],[-79.85506299977739,32.636388999788544],[-79.84197999975986,32.646945000153174],[-79.83643799992134,32.65141799968846],[-79.83506000044518,32.653615000312925],[-79.82805800021642,32.66477799997391],[-79.82753299961155,32.664967999826345],[-79.7982550000737,32.67563200028762],[-79.79060599993964,32.68214600028806],[-79.78927799979388,32.68327799995576],[-79.78014999990133,32.69105199971452],[-79.77962699984458,32.69149799994909],[-79.77867500034078,32.692960000364266],[-79.77469699975127,32.6990750003286],[-79.77337100015365,32.7011149998612],[-79.77152599979894,32.703949999739685],[-79.76659200040595,32.71153700026191],[-79.7662790004115,32.71258700008084],[-79.76531600013872,32.71582900021452],[-79.76452299974524,32.71849400025258],[-79.76286800025966,32.72406199987332],[-79.76237799981489,32.72655000015555],[-79.76184100041277,32.72927899995665],[-79.7612949998915,32.73205199977383],[-79.76007399987587,32.738256999924616],[-79.75807700008352,32.739068999720196],[-79.75546000015004,32.74013500013402],[-79.75432799982286,32.740595000292245],[-79.75093400028774,32.74197599976029],[-79.74980299978547,32.74243699987272],[-79.74829700026278,32.74291600000991],[-79.74564199979616,32.744117000211844],[-79.74552100032066,32.74415800034949],[-79.742433000209,32.74520999982302],[-79.73723000030421,32.74654000009443],[-79.73219599955549,32.74796699962506],[-79.7315009999696,32.748165000311914],[-79.72816099996287,32.750175999963325],[-79.72557599981644,32.75037400027325],[-79.72231399962752,32.75051599996501],[-79.71952799963965,32.7503549998238],[-79.71837100009643,32.7505109999744],[-79.71726100040887,32.75066199986968],[-79.69189299989183,32.759240000020974],[-79.69069899964036,32.760221999892245],[-79.68629199960375,32.76384800022139],[-79.68314699959068,32.76649100009664],[-79.68084900039776,32.76842200028169],[-79.67866599993425,32.77087599982607],[-79.6785000002529,32.77114699993293],[-79.67743599969776,32.772889999626535],[-79.67294199962252,32.77528099999196],[-79.6694040001474,32.77709999969582],[-79.66527099974718,32.78059700021913],[-79.66274800042335,32.78270200030352],[-79.66225100030589,32.78311900019665],[-79.6595909998164,32.787217000160766],[-79.65895599960668,32.78807799995811],[-79.65585800034758,32.792289999953034],[-79.65438700008669,32.79580300036062],[-79.65406999989429,32.79655900030279],[-79.65320100023114,32.79863600014012],[-79.65129300012725,32.799914999813545],[-79.64683400021211,32.80311300027832],[-79.64480899993235,32.806000000363795],[-79.64242999965025,32.80939100004243],[-79.63782099994728,32.8163770003757],[-79.63431699990902,32.81634899985634],[-79.6287059995752,32.81790100002036],[-79.62479599965607,32.81888000007258],[-79.62349400034789,32.81940599989582],[-79.62313199994965,32.81948500015712],[-79.62301800014683,32.819512000163435],[-79.62041499955875,32.82009299996079],[-79.61803299980191,32.82097099990562],[-79.61772800020337,32.82108599990914],[-79.61635900004973,32.82155900026179],[-79.61227599987824,32.822971000376334],[-79.60791800024545,32.8257430001428],[-79.59942899986225,32.83175799989222],[-79.59849699955161,32.832633000375424],[-79.59564899963947,32.83530799972701],[-79.59373999971066,32.837668000268025],[-79.59188400038359,32.83996099969982],[-79.58858600020965,32.84505700012795],[-79.58539000014297,32.850856000277],[-79.58114499958975,32.85205699986079],[-79.57235399998109,32.85371799993363],[-79.5608579996771,32.85697200025704],[-79.5551550001801,32.859285000138954],[-79.54771899958305,32.86243800027452],[-79.54650400031353,32.86309700001985],[-79.54114999989766,32.86600699975912],[-79.5346890001673,32.8700119999055],[-79.52928600024595,32.875172999884406],[-79.52738099961678,32.87747899996779],[-79.52523300021168,32.88021000010375],[-79.52264300004238,32.88313700033389],[-79.51956900017443,32.88988300033234],[-79.51724699979374,32.897137999818405],[-79.5172169996565,32.89731399972127],[-79.5166020004366,32.901054999759126],[-79.51665799961478,32.90303399964082],[-79.51404599970418,32.90435200002955],[-79.51089099964537,32.90774499977142],[-79.50745000025461,32.911603999905644],[-79.50445099983139,32.9151660001665],[-79.50241800005402,32.918064999843224],[-79.50001799985553,32.92166500029829],[-79.49978799970174,32.92232599974116],[-79.498727000418,32.923767000200044],[-79.49753300016653,32.926145999643296],[-79.49649899974864,32.928556999733665],[-79.49594499972977,32.93157200009014],[-79.4917920001364,32.93193999988889],[-79.487118999961,32.932274000220765],[-79.48300599965228,32.93243999977655],[-79.47793599981688,32.93320899976811],[-79.47286599998145,32.93451300013198],[-79.46615900020379,32.93682200004227],[-79.46223900023891,32.93894899990746],[-79.45937399971002,32.9405040002966],[-79.45258999993945,32.945390999959855],[-79.44835899962996,32.948940000232604],[-79.44349200018414,32.95426199993432],[-79.44277999998152,32.95526300024293],[-79.44229700010774,32.955939999817005],[-79.44085000013631,32.957973999756],[-79.44036899991237,32.958651999884715],[-79.44018099959139,32.95891599964828],[-79.4353850002907,32.956501000136406],[-79.4306700002825,32.955391999999435],[-79.42777399979147,32.954549000043514],[-79.42431699960886,32.953544999867475],[-79.41524800016585,32.950857999984855],[-79.4091759996996,32.949712999739745],[-79.40406300020648,32.94940699966843],[-79.397671999898,32.94923400029266],[-79.39263999969742,32.950031999834245],[-79.39136099995545,32.94962900006214],[-79.38980500020405,32.94923400029266],[-79.38800000003232,32.948773999987324],[-79.38672700013814,32.948451999630876],[-79.38229400016228,32.94757599981906],[-79.3791779995632,32.94697000024473],[-79.37861900041979,32.946567000082844],[-79.37618300023628,32.94656399977357],[-79.37478200029557,32.94679600027113],[-79.37336299991323,32.94598499999634],[-79.37129699962556,32.945717000105944],[-79.36835900020004,32.94581799987029],[-79.36157200005644,32.94612099997876],[-79.35549999959018,32.94669100021236],[-79.35372999957855,32.94685800019703],[-79.34982300003247,32.947227999653265],[-79.34522000017726,32.947864999701885],[-79.3375629996473,32.949507999740106],[-79.33058300005817,32.952190000009914],[-79.32669700042848,32.9537649998758],[-79.3222569998816,32.95607800005251],[-79.31651400020164,32.96077099987668],[-79.31338300043227,32.96328399992824],[-79.30796100024435,32.96972000009044],[-79.30547099963418,32.973978000266186],[-79.30264299981351,32.97940500036227],[-79.30231099955249,32.98004499972963],[-79.30124699989567,32.98323000023251],[-79.30038300025541,32.98678400005454],[-79.29964000009065,32.99124300012154],[-79.29878099957494,32.997009999793335],[-79.29950500037143,33.000168999707796],[-79.29640100036626,33.00485800003148],[-79.294207999857,33.00966999992681],[-79.2934770002861,33.01127699992724],[-79.28715700012275,33.01781199995534],[-79.278980999734,33.02845900018308],[-79.27605599982897,33.03639600002258],[-79.27594899969884,33.03668700006052],[-79.27337299977324,33.04655900002318],[-79.27298600015895,33.0466610003642],[-79.2707430003193,33.04724899998263],[-79.26611600017468,33.04846299996211],[-79.26404300021433,33.04910599962679],[-79.2618299996136,33.04979300014776],[-79.25604500010083,33.0515909999899],[-79.24977400034125,33.055544999665024],[-79.24672600041256,33.05772000009585],[-79.24196100017568,33.06117999975737],[-79.22923200016048,33.061300999823665],[-79.2218779995792,33.06288300021292],[-79.24085399996287,33.08193600035682],[-79.27505699957118,33.11624999963227],[-79.27623699957891,33.11743200034579],[-79.27671699997796,33.11791400021872],[-79.27561399996308,33.1187459999759],[-79.275290000098,33.11892399967819],[-79.27507199963979,33.11926999974965],[-79.27446099971951,33.12010200020404],[-79.27345300013918,33.12128500011613],[-79.27342600037501,33.121318999704435],[-79.27184600033416,33.123385999625256],[-79.27182399969456,33.12343499995751],[-79.271743000402,33.123623999800735],[-79.27162200002819,33.123907999855206],[-79.27149900000454,33.124190999899085],[-79.27141799981368,33.12438100021438],[-79.27112099971276,33.125072999629396],[-79.27108100042811,33.125169000222066],[-79.27023100013322,33.12675099973094],[-79.27012200035328,33.12709400037502],[-79.26989499967425,33.127813999982955],[-79.2698560002145,33.127802000088025],[-79.26969899985568,33.12790199991459],[-79.26948999961829,33.12811499963197],[-79.26925299979183,33.12842800031699],[-79.2689199997059,33.12905499963292],[-79.26864600006951,33.129621000235474],[-79.26841099989286,33.13030800010215],[-79.2682019996555,33.1311800001675],[-79.26803799962396,33.132005000072226],[-79.26794599956246,33.13270700006228],[-79.26794599956246,33.13334000035785],[-79.26803199977618,33.13393299999107],[-79.26816900004354,33.13447699997116],[-79.26843600000724,33.13522500036271],[-79.26876200042047,33.136042999640324],[-79.26905600014834,33.136477000318294],[-79.26939599990698,33.136882999737615],[-79.26974200041168,33.13736199982063],[-79.27006799992661,33.13771399984839],[-79.27086399979481,33.13840499979738],[-79.27123000039103,33.138740000354154],[-79.27162200002819,33.139048000132924],[-79.27207200028998,33.13938900002402],[-79.2724120000486,33.13965300009745],[-79.27288900007458,33.139942999695734],[-79.2734890001242,33.14027299983677],[-79.27390099985286,33.14052499984731],[-79.2744170002369,33.140783000075494],[-79.27508300040874,33.14116299993406],[-79.2758399999189,33.14150300023375],[-79.27659099958126,33.14189399981484],[-79.27745299957171,33.14230100013871],[-79.27804000010084,33.1425589996584],[-79.27905299970404,33.142943999758415],[-79.2798960003262,33.14327300026954],[-79.28034599968969,33.143382999790305],[-79.280515999569,33.14343800025113],[-79.28095999998301,33.14360299992249],[-79.28249399999311,33.143948000147304],[-79.28320000034795,33.144113999981435],[-79.28346800013655,33.14418000028129],[-79.28378799980368,33.14416899998404],[-79.28382700016175,33.1441740003245],[-79.28385300010102,33.144180999897976],[-79.28393199974374,33.144251999731324],[-79.28411500004185,33.144294999750734],[-79.28445399997555,33.14439500034412],[-79.28481399982564,33.14452200015125],[-79.28508199961428,33.144570999968465],[-79.28546699957873,33.144735999765714],[-79.28619200020015,33.14495600026631],[-79.28648400027818,33.145054000140796],[-79.28653899963146,33.145094000196245],[-79.28679300007467,33.1452520002746],[-79.28761700043027,33.14551600000869],[-79.28847900042074,33.14577500020383],[-79.28919800029604,33.146044999697835],[-79.2896950004135,33.14620999973172],[-79.29019800037874,33.14634099979293],[-79.29074700037475,33.14647899980088],[-79.29125000033999,33.14656299996106],[-79.29174599973422,33.14656800016502],[-79.29230800014902,33.146590000156635],[-79.29292900011504,33.146579000161545],[-79.29366800008182,33.14651399975201],[-79.29419000031365,33.146518000368765],[-79.29445200025447,33.146480999734],[-79.29501999961872,33.1464749999345],[-79.29546499985764,33.1464749999345],[-79.2958830003324,33.146436999690636],[-79.29635299978737,33.14633800026452],[-79.29692799972264,33.14611299999098],[-79.29714399963271,33.14604000021617],[-79.29743800025886,33.14595300001373],[-79.29770600004748,33.1457979999925],[-79.29782999989604,33.14569499994349],[-79.29783699956873,33.145617999915444],[-79.29779700028406,33.14558099965329],[-79.29941300030994,33.14556600037602],[-79.30102900033579,33.14554999999079],[-79.30177800034834,33.145542000173144],[-79.30289999973145,33.14553199964796],[-79.30402700003576,33.14551900031736],[-79.30477699987323,33.14551200009841],[-79.30583600040546,33.145502000321954],[-79.30760700024202,33.14548599992505],[-79.308372999973,33.14555100034403],[-79.31055700026143,33.14543499990981],[-79.31308499960812,33.14560299989234],[-79.31508700032167,33.14571900010446],[-79.31655500020952,33.146138999978525],[-79.31802100044754,33.14669200031904],[-79.31911799971631,33.14723899968315],[-79.31955399973441,33.147587999717295],[-79.32041599972486,33.14827799981314],[-79.32171600028153,33.14922799984027],[-79.32348299992013,33.15058400006792],[-79.32541000029059,33.151853000025284],[-79.32676100000258,33.15289299992831],[-79.3276849999173,33.153516000156834],[-79.32790699967515,33.15366300025003],[-79.32910599994949,33.15439000026587],[-79.32918700014034,33.154426999821034],[-79.3307269999982,33.155121999988744],[-79.33198499982379,33.15553900000292],[-79.33331600034259,33.15577799971958],[-79.33443400042607,33.15579300025905],[-79.33514999992833,33.15568200026722],[-79.33572800023666,33.15559300012484],[-79.33651200040929,33.15546400007081],[-79.33732400017101,33.15532499966616],[-79.3378449996796,33.15522100003091],[-79.33842200016302,33.155111000311415],[-79.33887800027259,33.15502100009644],[-79.34095100023293,33.154542000147835],[-79.34328299976106,33.15408699996749],[-79.34500599991702,33.153872999848346],[-79.34595599977102,33.153739999985646],[-79.34785100035444,33.15347699969171],[-79.34957500033535,33.15328200011427],[-79.35129099992031,33.153522999737135],[-79.35286500011337,33.15441300005213],[-79.35413800000754,33.155297999902885],[-79.35463699977483,33.155959000242206],[-79.35527100015965,33.156797999726294],[-79.35611100040877,33.157858000154555],[-79.35695400013265,33.158738000326196],[-79.35788899991802,33.159330000340915],[-79.3593800002704,33.16007400018988],[-79.36044700030027,33.16052299979988],[-79.3619429997772,33.160977000253574],[-79.36318300005942,33.16135500028239],[-79.36481099978083,33.16170299963227],[-79.36565400040301,33.161900000372114],[-79.36625699992739,33.162080000126785],[-79.36675599969466,33.162228000316674],[-79.36691600042656,33.16227400028414],[-79.36705699999354,33.16237100020188],[-79.36707399971198,33.162382999881864],[-79.36800699984754,33.16281500005257],[-79.36964999963756,33.163814000144114],[-79.37155100006878,33.165082000301325],[-79.37371400044081,33.16648700016287],[-79.37517099955969,33.16757100021926],[-79.37626199987899,33.168452000005836],[-79.37731200019041,33.1693579997521],[-79.37837900022026,33.17061899971023],[-79.37931999985342,33.17172999977825],[-79.38030200039279,33.17284300013449],[-79.3812890000567,33.17370000030398],[-79.38224700030659,33.17442899966219],[-79.38344900005568,33.17516099977029],[-79.38356000038377,33.17520799973373],[-79.38377399974569,33.17529900029516],[-79.38396700008954,33.175380999893896],[-79.38450500021487,33.17560900030049],[-79.38601499993553,33.17608900020699],[-79.38798199959065,33.17654999974902],[-79.39010200030498,33.1769610001404],[-79.39234099994667,33.17750200024883],[-79.39439700018858,33.17804100005965],[-79.39534000036988,33.178453000202886],[-79.39578399988558,33.17864700021632],[-79.39646000010319,33.17906700028551],[-79.39704599990911,33.17943100022085],[-79.39823000011484,33.18026600006672],[-79.40110999981404,33.18192699975017],[-79.40299899965135,33.183121999792235],[-79.40403200024434,33.18377699985832],[-79.40506300028919,33.184692999636155],[-79.40520399985618,33.18480800010936],[-79.40561899995788,33.18516600009312],[-79.4065649996139,33.18595399997693],[-79.40744599987093,33.18715200035985],[-79.40825400033302,33.18829699976964],[-79.40884299961367,33.18926200005254],[-79.40930700011917,33.19046900037189],[-79.40955099961833,33.19111399979498],[-79.40970499960412,33.19150099987522],[-79.41013099957645,33.19257899984761],[-79.41031899989744,33.1930759997985],[-79.41056499994473,33.19369699976659],[-79.410851000175,33.194441000325405],[-79.41134200044468,33.195321000061455],[-79.4117030001197,33.19587799977919],[-79.41227100038228,33.19662400014288],[-79.41286899988374,33.197313000181985],[-79.41300000030333,33.19751699963345],[-79.41326899991684,33.197881000333474],[-79.41364100036083,33.19831500017351],[-79.41434000014466,33.199011000144054],[-79.41509199963194,33.199503999970545],[-79.41584499984242,33.19989500024384],[-79.41653600012863,33.20016200000199],[-79.41738800007334,33.20047299970448],[-79.41831399963789,33.200674999862095],[-79.4188779997025,33.200812000314],[-79.41923900027584,33.20094399969076],[-79.41976200033258,33.20113600006896],[-79.4207010003159,33.20159100031757],[-79.42152599959812,33.201995999978706],[-79.42226399974,33.20237300002121],[-79.42297699976753,33.20276999996586],[-79.42368800014523,33.20323499994824],[-79.42440600019563,33.20379599994205],[-79.42473300043379,33.20407200000632],[-79.4248549997342,33.20421599969443],[-79.42522399980516,33.20464999970192],[-79.42569099978537,33.20519399995273],[-79.42613600002431,33.20568300011853],[-79.42634400043677,33.20624400020894],[-79.42646499991228,33.20669399968447],[-79.42655600014888,33.20792699995338],[-79.4266430001875,33.20851400022091],[-79.42680399984597,33.20898600016836],[-79.42696799987752,33.20930100009774],[-79.42718999963536,33.20956900010432],[-79.42747699969055,33.20978399989212],[-79.42811299972519,33.20995500017478],[-79.42866900029219,33.21009800033929],[-79.4292059996943,33.21021400013814],[-79.42984599992691,33.21035200030762],[-79.4303740000065,33.21053300010751],[-79.4320500003068,33.21109399992873],[-79.43327600034533,33.211813000274965],[-79.43403899970325,33.21239600016929],[-79.4346909996314,33.213018000229695],[-79.43495199974731,33.213266999834005],[-79.43563700018575,33.213925999705275],[-79.43710300042379,33.215038999800655],[-79.43774899960586,33.215241999723794],[-79.43847400022725,33.215368999850874],[-79.43948099998265,33.21534300010616],[-79.44102199966545,33.21489300000532],[-79.44143699976713,33.21477799995899],[-79.44158499990513,33.214760000304],[-79.4417360004162,33.21471999972145],[-79.44338000003114,33.21430199990481],[-79.44392900002713,33.21416299962952],[-79.44399299960124,33.21414600017005],[-79.44408899986071,33.21412199995489],[-79.44418599994509,33.21409700016223],[-79.44425100024242,33.21407999993837],[-79.44473999996396,33.21395500009198],[-79.44547399990788,33.21376899972551],[-79.44620899967671,33.2135820001384],[-79.44669900012148,33.213457999910545],[-79.44679799985568,33.21343299992814],[-79.44689599976498,33.213407999938646],[-79.44700799991797,33.21337999970138],[-79.44712900029178,33.21343400025828],[-79.44780999963395,33.21374799963508],[-79.44803700031298,33.21385300003693],[-79.44826699956845,33.213958999885406],[-79.448614999723,33.21412000006196],[-79.44895899967958,33.2142779997325],[-79.44918999965826,33.21438500013697],[-79.44974000037749,33.21463800012341],[-79.45056600038292,33.215019000326954],[-79.4513899998402,33.21539799975937],[-79.45194100038435,33.21565200012801],[-79.45241400021236,33.21587000015824],[-79.45287199997178,33.21608200010115],[-79.45372399991646,33.21671499972801],[-79.4541430002161,33.2170270002813],[-79.45504799986428,33.21769900029596],[-79.45509300007011,33.21773300008576],[-79.45581600014339,33.21879599995648],[-79.45541299973726,33.21955300027346],[-79.4545010004164,33.22030899980119],[-79.4536340004031,33.22103000007018],[-79.45356200043307,33.22109699981111],[-79.45334999982265,33.22130499965593],[-79.45327899967754,33.22137399966501],[-79.4531420003085,33.22150500010979],[-79.45273100040475,33.22190499964578],[-79.45259499996233,33.22203799975897],[-79.45251399977147,33.22211599976515],[-79.45234899991503,33.22227800019166],[-79.45228500034094,33.22236300007744],[-79.45221900021869,33.222453999739884],[-79.45216700034015,33.222523999820396],[-79.45206500023289,33.22266500003806],[-79.45204299959327,33.22275199999503],[-79.45202300040012,33.22283799964286],[-79.45196399995058,33.22308100004336],[-79.45187600008703,33.223449999973134],[-79.45178700039855,33.2238159999666],[-79.45172799994901,33.2240619997792],[-79.45171999955309,33.22408900014726],[-79.45171000040567,33.22413499994791],[-79.4516989996367,33.22417600019095],[-79.45169299978892,33.224206999848775],[-79.4516710000476,33.224299000053286],[-79.4516710000476,33.22431000006314],[-79.45168600011621,33.22462800029528],[-79.451691999964,33.22473399986529],[-79.45171399970532,33.2251879997322],[-79.45172499957594,33.225408999877374],[-79.45194499968399,33.22596999976136],[-79.45226799972419,33.226384000217514],[-79.45228000031805,33.22639600014707],[-79.45260199963501,33.226718000271845],[-79.45282599994101,33.22694200008429],[-79.45316400004982,33.227280000198185],[-79.45349999961047,33.22761700034079],[-79.45372499974137,33.227842000270634],[-79.45376999994721,33.2278740002971],[-79.45383799971927,33.227921999939234],[-79.45390600038967,33.22796900014246],[-79.4539520004204,33.228001000122504],[-79.45503399962055,33.2287620003072],[-79.45566100033268,33.22920400001318],[-79.45666600043828,33.22958999988085],[-79.45744399986481,33.22976900017574],[-79.45807599970146,33.22975800010103],[-79.45863599956813,33.22952100034103],[-79.45869199964463,33.22944999970133],[-79.45939399980149,33.2285870000818],[-79.45956799987876,33.22846800011922],[-79.45960899988665,33.228441000351424],[-79.45976100022261,33.22833700033312],[-79.45983700039059,33.22828599968652],[-79.4601960004158,33.22812899992553],[-79.46041399997569,33.22815199989377],[-79.4606469996042,33.22817800034068],[-79.46074000038894,33.22818799970122],[-79.46096799999455,33.228211999815144],[-79.46133799989042,33.22856000035073],[-79.46140999986044,33.22862799974091],[-79.46145199969322,33.22866500025987],[-79.46153899973186,33.22874300036839],[-79.46157600044009,33.22876500002032],[-79.46161900009781,33.228819000098945],[-79.46168600004496,33.22889400036152],[-79.46170000028864,33.22893100001652],[-79.46173899974842,33.228987000297245],[-79.4617870003273,33.22905500010687],[-79.46180099967269,33.22907500012922],[-79.46202699962849,33.22938700018618],[-79.46191899967347,33.22957999992915],[-79.46191200000077,33.22959200017161],[-79.46169100006782,33.22999000001761],[-79.46162900014356,33.23002900024115],[-79.4612459998289,33.230274999863056],[-79.46015799988264,33.230576000175795],[-79.45990500016266,33.23064800003466],[-79.45966499996315,33.23075899973225],[-79.45877000036076,33.23117199993535],[-79.45854799970456,33.231275000213444],[-79.45780700008797,33.232110000105166],[-79.45758699997994,33.232651999997145],[-79.4577259998971,33.23352599968131],[-79.45777299975278,33.23363800033337],[-79.45815299969438,33.23454800012573],[-79.45825800017468,33.234668000167765],[-79.45841600035841,33.234852000263025],[-79.45857299981895,33.2350339998048],[-79.45867900012414,33.23515600009476],[-79.4586899999948,33.23516800032346],[-79.45872299960676,33.235205000329564],[-79.45873400037574,33.23521899996228],[-79.45880700017067,33.23521100006509],[-79.45891500012571,33.23519999992351],[-79.45902599955546,33.2351879996992],[-79.45909900024871,33.235179999799186],[-79.45952600004597,33.23513599996037],[-79.45995200001832,33.235091000016915],[-79.46199700038959,33.23397899965087],[-79.4624919999589,33.23360999980813],[-79.46310399970409,33.23313500013127],[-79.46371499962437,33.232659000018124],[-79.46435999987983,33.232157000311965],[-79.46578299956184,33.231537999928086],[-79.46615599983073,33.23150400024375],[-79.46750099969495,33.23138599986659],[-79.4701650003824,33.230929000221245],[-79.4716659998822,33.22985900025693],[-79.47293700012656,33.22954600023503],[-79.47393300001131,33.22977099971098],[-79.47455700035037,33.23095599997234],[-79.47445000022026,33.232146999902376],[-79.47428299981569,33.232274999648794],[-79.47367000024558,33.23274599980294],[-79.47275399982847,33.23345399993777],[-79.4718340001117,33.234161000258354],[-79.47122200036651,33.23463400019764],[-79.47102700037284,33.2347849997872],[-79.4705529998216,33.23519999992351],[-79.46904700029891,33.2365229997168],[-79.46889300031313,33.23712699999193],[-79.46867800022798,33.23797700034732],[-79.46866999983206,33.238006000274666],[-79.46866300015935,33.23803600024123],[-79.46870199961911,33.23808300026823],[-79.46872199971058,33.23810699992062],[-79.46920200010962,33.238677999912845],[-79.46933900037696,33.238840999756654],[-79.47065499992885,33.23941400028055],[-79.47123999990986,33.23931099982206],[-79.47197600040191,33.23918099978499],[-79.47247900036717,33.239093000355275],[-79.472953999845,33.23882199975361],[-79.47571399989361,33.23725700007771],[-79.47634999992825,33.23689799965973],[-79.4766079996711,33.23669699977613],[-79.47703500036668,33.23636699978381],[-79.47831699958337,33.2353759997686],[-79.47870200044616,33.23507999986024],[-79.4787550001496,33.23506700028806],[-79.47908800023555,33.23498300005809],[-79.47958799982773,33.234859000107896],[-79.48008800031825,33.234733999895255],[-79.4804220002291,33.23465100018438],[-79.48054899955238,33.234618999632026],[-79.4806969996904,33.23458200012935],[-79.48092099999637,33.234670000342376],[-79.48104400002,33.2347190000982],[-79.48126300030313,33.234805000001934],[-79.48159399984091,33.234935999867396],[-79.48192199990399,33.235065000122475],[-79.482142000012,33.235151999767716],[-79.48264099977929,33.235348999879406],[-79.48288199980372,33.23544399986999],[-79.4833310002406,33.2367189996812],[-79.48340400003555,33.236925999883454],[-79.48318700030056,33.23715800031893],[-79.48264400015235,33.2377400003215],[-79.48110900031735,33.239388000168944],[-79.48102499975344,33.239493999881866],[-79.480535000207,33.24012199976903],[-79.48006700040185,33.24072099988453],[-79.47936600006989,33.24162100026295],[-79.47866399991302,33.24251899964508],[-79.47819699993278,33.24311899985584],[-79.4781569997498,33.24316900012573],[-79.47807599955895,33.24327399977308],[-79.47808399995488,33.24333299984871],[-79.4780930001757,33.243396999822046],[-79.4781359998334,33.243703999946526],[-79.47820199995566,33.24416700031227],[-79.47826600042805,33.24462699980794],[-79.47830900008577,33.244935000090145],[-79.47832800035235,33.245065999803145],[-79.47835900031448,33.24528600008386],[-79.47849599968352,33.24540099983941],[-79.47859799979076,33.2454879997173],[-79.47925700028995,33.246046000139394],[-79.47928300022922,33.24606799994573],[-79.48141200026605,33.24627000002578],[-79.48181300012405,33.24615299999914],[-79.48264400015235,33.24591700030995],[-79.48328600003477,33.24458300021566],[-79.48521400023016,33.2405830002845],[-79.48525000021517,33.24050900030034],[-79.48607799987042,33.239383000002114],[-79.48630499965114,33.239073999655695],[-79.48681900038535,33.23837699968826],[-79.48705200001386,33.23821399973073],[-79.48736699965812,33.23799699983191],[-79.48756000000198,33.237861999841215],[-79.48785200008003,33.2376609999197],[-79.48814199960992,33.23745900023206],[-79.4883359997787,33.23732500021899],[-79.48903600028574,33.23683999981176],[-79.48939000028807,33.23672500006422],[-79.49154799973891,33.23602900022644],[-79.49295200005267,33.23602900022644],[-79.49399300014325,33.23603000029822],[-79.49416300002257,33.23609799989101],[-79.49739400024936,33.23738900008262],[-79.49978600005193,33.238346999838754],[-79.50683599996125,33.24182800012877],[-79.50995699968489,33.243369000168165],[-79.51005999961706,33.24342000028229],[-79.51013599978502,33.24345699980142],[-79.5103860000303,33.243541000154195],[-79.51049599963515,33.24357800037342],[-79.51146800012877,33.24390400026749],[-79.5129279996207,33.24439599963535],[-79.51438700018602,33.24488700001999],[-79.51535999960622,33.24521500022453],[-79.51576999968505,33.24535100009495],[-79.51648400043581,33.2455930003354],[-79.51702699968571,33.24563700017054],[-79.51745900040416,33.24567200033096],[-79.51853899995449,33.245760999859975],[-79.52024799986677,33.24590100021884],[-79.52178699989973,33.24588899996075],[-79.52287200037124,33.24588100028862],[-79.5232770004272,33.24588000032952],[-79.52539700024322,33.24634700025326],[-79.52590299968318,33.24645900025813],[-79.53018000002345,33.24747500013196],[-79.53284600036072,33.24837799987878],[-79.53327300015799,33.24852300019761],[-79.53474199987075,33.24923200020412],[-79.53517399969088,33.24947400021623],[-79.53541899991326,33.24961100013717],[-79.53545300024845,33.24965700003502],[-79.53581800012144,33.250166999958644],[-79.53587800039588,33.25055400034062],[-79.53593000027442,33.25089000027818],[-79.53596700008436,33.251132000206475],[-79.53603200038168,33.25154299979079],[-79.53622099962925,33.25179900014697],[-79.53636700011742,33.25199700019561],[-79.53668599995966,33.25242800015801],[-79.5370409997869,33.25290699969622],[-79.53798300014329,33.25328299984351],[-79.53848199991056,33.25348200015779],[-79.5385120000478,33.25349400012452],[-79.53855999972838,33.25351299994321],[-79.53860499993421,33.253529000143196],[-79.53863599989637,33.25354299984627],[-79.53888699996652,33.25364299969913],[-79.54021099991432,33.25379599999619],[-79.5443049999565,33.25427100009526],[-79.54495600005973,33.254499999987516],[-79.54583200029387,33.25480800003118],[-79.54630299957374,33.255292999903844],[-79.54636799987108,33.25535999968545],[-79.5464609997575,33.255456000314496],[-79.54648800042,33.25560100015692],[-79.54650599996334,33.25569400022966],[-79.546516999834,33.25575300018414],[-79.54653399955242,33.25584199996365],[-79.54655100016917,33.2559299998084],[-79.54656299986475,33.25599000019808],[-79.54658299995623,33.256097999743965],[-79.54661499974328,33.25626000031492],[-79.54664599970542,33.25642199983428],[-79.54666699962182,33.256531000185795],[-79.5468549999428,33.25751700011542],[-79.54722800021169,33.25946199968981],[-79.54754200003106,33.26016999978088],[-79.54765500000896,33.26040200011577],[-79.54809600004994,33.26130700029845],[-79.54827400032516,33.26167300031503],[-79.54828699984563,33.26170700028388],[-79.54877499974226,33.262947999854624],[-79.54892299988028,33.26332299984471],[-79.54894200014685,33.26336099970979],[-79.54925400031638,33.26397600032727],[-79.5497630001294,33.26497899969847],[-79.55070600031071,33.264926999656204],[-79.55139500004879,33.26489000021397],[-79.55149299995809,33.264884000262334],[-79.55169600034768,33.264873999841285],[-79.55175900009687,33.264805000359985],[-79.55182600004402,33.264733000091965],[-79.55211899994697,33.26442900022566],[-79.55255800033811,33.263977999831226],[-79.55299799965584,33.26352000031013],[-79.55329200028203,33.26321900001078],[-79.55351599968971,33.262988000160625],[-79.55454400025982,33.262166000070344],[-79.55555900041114,33.261356999927344],[-79.55858700024835,33.26055799996864],[-79.55907099994701,33.26052800022082],[-79.55981300028685,33.260484000371704],[-79.56051999956829,33.26103399989709],[-79.56070100021657,33.26117300004022],[-79.56108700000595,33.26147499965915],[-79.56107000028751,33.26167300031503],[-79.56105199984586,33.26190200033569],[-79.56101800040898,33.26231499987852],[-79.56068699997289,33.26272099985558],[-79.55932500039023,33.264402000297565],[-79.55890000024279,33.264902000115974],[-79.55829199979725,33.265617999799005],[-79.55801200031308,33.265946000303465],[-79.55777200011356,33.26623100009431],[-79.5577319999306,33.267154999828044],[-79.55771400038725,33.267588000293884],[-79.55768400025002,33.26828200027304],[-79.55767099983123,33.26858799964608],[-79.55874399970887,33.27001199983462],[-79.55916300000852,33.2705679997612],[-79.55963699966145,33.27086799984514],[-79.56106100006667,33.27176799992151],[-79.56153600044284,33.272069000048454],[-79.56178699961468,33.27222900022505],[-79.56225000029528,33.27252299968194],[-79.56259500007677,33.27257400005409],[-79.56289100035278,33.27261900022518],[-79.56372200038109,33.272742000274064],[-79.56496699978787,33.27292799987239],[-79.56621499956768,33.27311399982549],[-79.56704599959599,33.27323800032514],[-79.56954000040412,33.273610000016475],[-79.56971500030632,33.273635000068154],[-79.57773099996317,33.274776999931866],[-79.57784800013903,33.274794000371394],[-79.58035000044478,33.275429999637005],[-79.58090399956534,33.275569999769495],[-79.58173600031685,33.275781999907565],[-79.58256599962192,33.27599200030201],[-79.58312100036403,33.276132999897186],[-79.58462100003894,33.27651400025282],[-79.5868720002745,33.277085999722686],[-79.58912199978687,33.277656000009124],[-79.59062300018498,33.27803899965922],[-79.591496999871,33.27826100020093],[-79.59280900012322,33.278593999954914],[-79.59412100037547,33.278926999940595],[-79.5949959998864,33.27915000005533],[-79.59554800025543,33.27929000023029],[-79.59717799962668,33.279495000322775],[-79.59807300012741,33.2794320000818],[-79.5993329996028,33.279347999689826],[-79.60200999981072,33.278882000016765],[-79.60495099960929,33.27893000018506],[-79.60657400020617,33.27932000029222],[-79.60710200028575,33.27983699976452],[-79.60796799957585,33.28068800027205],[-79.60925300006392,33.2820209999876],[-79.60928400002605,33.28205399999894],[-79.6093159998131,33.28208699999781],[-79.60994400035013,33.28273800001912],[-79.61041899982796,33.28317200008937],[-79.61257499962898,33.28514500031504],[-79.61421499994428,33.286032999644796],[-79.61561800043312,33.286793999889966],[-79.61616499988097,33.287090000334],[-79.61636099969957,33.28719599999519],[-79.61782399956455,33.287948000058016],[-79.61837799958342,33.28823499981838],[-79.61959799977414,33.2888640002514],[-79.62176600016905,33.28960200027948],[-79.62376100031157,33.29028100020722],[-79.62478999980829,33.290681000374434],[-79.62604000013626,33.29121000017106],[-79.63099199997087,33.292927999860154],[-79.63214400038954,33.293178999709404],[-79.63465900021578,33.29372999994519],[-79.63572000039784,33.293974000126234],[-79.63624400027949,33.29409399964488],[-79.63703199975178,33.294275000271035],[-79.63781699974933,33.29445500036787],[-79.63834200035417,33.2945760001283],[-79.63906500042746,33.29474199974996],[-79.63926799991873,33.29479000020591],[-79.64125600038858,33.29514000019795],[-79.64198799978438,33.295270000309294],[-79.64214799961793,33.295297999845864],[-79.64238799981744,33.29534100002845],[-79.64262700019205,33.29538300004659],[-79.64278799985053,33.29541199968977],[-79.64355199993169,33.29554599996129],[-79.64371900033626,33.29557599969133],[-79.6458559998707,33.29589599992381],[-79.64662400014981,33.29601099987313],[-79.64760400014104,33.296159000355246],[-79.65062299975743,33.29637700008055],[-79.65489599989971,33.29669000023175],[-79.65964199987002,33.29722300012366],[-79.66255400025459,33.297929000138126],[-79.66318500026637,33.29808200018027],[-79.66425099957299,33.298321999764624],[-79.66540999966435,33.299108999812944],[-79.66557600024402,33.29920400029824],[-79.66617100027077,33.29954499974164],[-79.66634100015007,33.29964199994084],[-79.66639399985353,33.29967199976389],[-79.66679999973438,33.30001200029085],[-79.66695100024546,33.300138999633205],[-79.6671239995995,33.30028300027184],[-79.66750699991414,33.30060499992207],[-79.66765400022724,33.30070399985775],[-79.66784099982497,33.30083099969413],[-79.66802499994802,33.300955999937834],[-79.66830299978234,33.30114399963061],[-79.66857800014196,33.30133000026971],[-79.66876300008988,33.30145499979828],[-79.66880300027286,33.30147300037028],[-79.66886600002205,33.301502000241356],[-79.6689260002965,33.301526999811784],[-79.6689680001293,33.30154699976328],[-79.6692640004053,33.30167900022906],[-79.66970999957083,33.301881000077316],[-79.67015200033502,33.30208100007573],[-79.67044900043594,33.30221499986313],[-79.6707289999201,33.302340999688326],[-79.67114999986958,33.30253100027231],[-79.67156999999415,33.302719999632515],[-79.67185100020154,33.302847000287386],[-79.67275800039785,33.30325500032397],[-79.67497500029822,33.30425600028836],[-79.6755019996546,33.30443299994248],[-79.67644599966081,33.304751999930474],[-79.67701399992337,33.30494399983377],[-79.67771600008025,33.30518199999522],[-79.67775000041544,33.30519300033397],[-79.67807500010545,33.305300999832376],[-79.67856399982699,33.305468000093384],[-79.6790509998987,33.30563199995756],[-79.67937700031194,33.305742999736395],[-79.68088399965956,33.30625200017287],[-79.68151499967131,33.30646500011834],[-79.68515900034997,33.30835900037039],[-79.68621999963374,33.3089100000626],[-79.68656899961319,33.30909799987625],[-79.68665599965183,33.309144999954],[-79.68673099999491,33.30918500011206],[-79.68700299998146,33.309332000028476],[-79.68721899989153,33.30944700028052],[-79.6873500003111,33.309517999720676],[-79.68738200009815,33.30953500014903],[-79.68779700019985,33.30975800011774],[-79.68860200028888,33.31019200016546],[-79.68900999981958,33.310485000138584],[-79.68923999997334,33.31065200023104],[-79.68931600014133,33.31070799992968],[-79.68939300013422,33.31076299962554],[-79.68940700037793,33.31077200007749],[-79.6894490002107,33.310802999792],[-79.6894629995561,33.31081400017241],[-79.6901170000324,33.31128700020199],[-79.69208200003771,33.31270699985291],[-79.69209200008345,33.312714000215294],[-79.69259400022378,33.312915000084395],[-79.69283199987517,33.31300999979408],[-79.69320500014406,33.3131589998967],[-79.6935320003822,33.31329000011414],[-79.69432499987735,33.31360800004658],[-79.69446999964231,33.31366599996581],[-79.69469899997118,33.31375799981035],[-79.69541299982362,33.31404400030639],[-79.69550099968717,33.31411499975657],[-79.69690300035109,33.315237999958825],[-79.69750400022562,33.315842000144386],[-79.69796799983281,33.31630799984619],[-79.69812699984146,33.31646799998445],[-79.69822300010094,33.31656400022665],[-79.69832299966005,33.316662000161564],[-79.69891299966393,33.31724400035452],[-79.6989539996718,33.31728399979944],[-79.69911000020574,33.317438000305955],[-79.69930100000146,33.3176259997464],[-79.69939100041313,33.31766100032812],[-79.70036899985621,33.31805000007839],[-79.70040999986409,33.318056000128486],[-79.70056399984989,33.31807899969114],[-79.70077200026235,33.318108999927446],[-79.70133799997679,33.31819199990202],[-79.70170299984976,33.318246000250014],[-79.70297300026921,33.31802300022319],[-79.70302900034571,33.318010000234295],[-79.70339500004359,33.31792899985577],[-79.70358800038744,33.317886000300796],[-79.70453900006635,33.317675000256635],[-79.7054229997981,33.317892000362185],[-79.70561100011906,33.317986999902814],[-79.70628099959059,33.318327000333966],[-79.7070980002735,33.3192460001478],[-79.70859299992553,33.320756000275374],[-79.70957600028979,33.32124600005362],[-79.71066000003809,33.321280999932405],[-79.71119599961528,33.321300999856774],[-79.71256800014199,33.32096900006711],[-79.71271200008205,33.32093400006304],[-79.71279999994559,33.320913000203994],[-79.71303000009935,33.32077600032027],[-79.71395800021205,33.320230999707896],[-79.71414700035793,33.32012100021768],[-79.71426700000853,33.32004999965415],[-79.71436599974272,33.3199910003683],[-79.7144620000022,33.31993499987684],[-79.71466399966855,33.31987099970004],[-79.71468399976004,33.31986399991239],[-79.71479400026321,33.31982900021529],[-79.7161669997165,33.31939000001082],[-79.71713099981422,33.31908300023997],[-79.71920299994964,33.31863299988835],[-79.72037399973657,33.3188720000908],[-79.72089299959532,33.3189790000382],[-79.72167299957002,33.31920699997193],[-79.72176899982948,33.31923500008071],[-79.72185599986811,33.319259999821746],[-79.72190299972378,33.319274000244036],[-79.72203999999114,33.31945100018862],[-79.72209600006762,33.319524000222195],[-79.72228199984046,33.31976400009707],[-79.72242900015355,33.319955000110085],[-79.72292999957067,33.320402999929016],[-79.72309000030253,33.320547000132414],[-79.72315700024969,33.32060699964647],[-79.72326199983168,33.32070100012834],[-79.7233549997181,33.32078399988657],[-79.72357900002409,33.32098400006455],[-79.72362000003197,33.321020999746914],[-79.72368500032931,33.321078999988266],[-79.72373600038291,33.32112499976402],[-79.72374700025358,33.321134999744736],[-79.72389299984346,33.32124000022312],[-79.7239039997141,33.32124699990026],[-79.72395999979061,33.32128900020293],[-79.72398400008004,33.32130599983717],[-79.72401300039236,33.321327000352134],[-79.72405600005007,33.321357000221184],[-79.72408100016443,33.321376000283024],[-79.72453100042623,33.3216999997915],[-79.7257979995743,33.32196100004163],[-79.72630899993545,33.32203800032564],[-79.72683500036524,33.32211899988807],[-79.72751599970742,33.321896000012195],[-79.7281409998714,33.321693000150745],[-79.72952699974347,33.32084700029238],[-79.73211000024007,33.31998800003457],[-79.7338440002667,33.32004999965415],[-79.73481400021217,33.320169000217014],[-79.73782299978281,33.32100800020515],[-79.73995699984252,33.32160599963651],[-79.7406799999158,33.321928999952355],[-79.7411529997438,33.322308000325734],[-79.74144499982187,33.32254200029978],[-79.74190299958127,33.323159000137906],[-79.74309400035798,33.3255300002773],[-79.74372600019467,33.32678700007784],[-79.74420400004556,33.32744399991986],[-79.74474700019377,33.327929999792474],[-79.74526900042558,33.328230999822964],[-79.74833499989764,33.32973999988704],[-79.74949399998899,33.33040500016343],[-79.74979500028788,33.33035800029026],[-79.75211900031837,33.33050100006504],[-79.7525360000699,33.33031800009076],[-79.75300700024809,33.33011300009374],[-79.75449799970215,33.32939800019172],[-79.75541999996706,33.32945099984835],[-79.75609100016179,33.32967199965512],[-79.75617200035265,33.32969899965422],[-79.75619200044413,33.32973499964003],[-79.75637900004189,33.33006699980849],[-79.75640099978318,33.330105999627655],[-79.75638200041494,33.33018600020294],[-79.75636599962309,33.330242999854896],[-79.75634800007974,33.33031500011259],[-79.75632200014047,33.330413000346894],[-79.75631499956947,33.330443999831296],[-79.75630700007186,33.33047200008247],[-79.75629200000324,33.33053000003802],[-79.75627000026194,33.33061699989893],[-79.75614300004032,33.33110999972146],[-79.75538099960902,33.33243800036629],[-79.75459300013671,33.333566000169185],[-79.75444900019667,33.33446999996472],[-79.75467500015247,33.334978000338786],[-79.7552669998062,33.33525700019538],[-79.75608100011605,33.33509299977727],[-79.75689799990066,33.334627999644994],[-79.75750799999602,33.33441399977177],[-79.75864100014812,33.33443700027084],[-79.75925700009125,33.33442200033762],[-79.7593220003886,33.33442099989168],[-79.75956000003997,33.334491000309264],[-79.75991599969213,33.33459500001097],[-79.76027100041767,33.33469900033905],[-79.76036900032696,33.33472699997313],[-79.7606689999026,33.33481499983682],[-79.7607440002457,33.334880999676216],[-79.76085200020071,33.33497499977054],[-79.76101399968412,33.335118000222494],[-79.76117600006583,33.33525900031759],[-79.76128400002085,33.33535500012395],[-79.76152699969509,33.33556899993701],[-79.76161799993169,33.33667800000115],[-79.76158100012178,33.337030000044415],[-79.76145800009813,33.33821999987391],[-79.76126200027954,33.33995899996304],[-79.76122899976927,33.340329999935996],[-79.7613919999759,33.34224800004979],[-79.76146899996878,33.34235000028619],[-79.76208599973684,33.34316600012747],[-79.76276000030462,33.34353500001435],[-79.76285300019103,33.34358600014416],[-79.76299399975804,33.34366300007757],[-79.76313400039844,33.34373900035439],[-79.76322800010976,33.34379099995265],[-79.76446699966876,33.34390199991479],[-79.76614600034213,33.34387200030407],[-79.766652999607,33.34395699967461],[-79.76686799969217,33.34399400010748],[-79.76734499971813,33.34421000037356],[-79.76791800000359,33.34461199994261],[-79.76793100042238,33.34471399966129],[-79.7679969996463,33.345224999786005],[-79.76799900019445,33.345238000217066],[-79.76801799956272,33.34538599967688],[-79.76798900014869,33.3455290002952],[-79.76790100028514,33.34598599975733],[-79.7678769999957,33.34644900016877],[-79.76786199992709,33.34676000003528],[-79.7678350001629,33.34728499983276],[-79.76777999991133,33.34836999993833],[-79.76780900022364,33.348861000021806],[-79.76784000018577,33.34938799970488],[-79.76785000023153,33.349544000292056],[-79.76786299975198,33.3497480000609],[-79.76803500017944,33.349949000049804],[-79.7681380001116,33.35006800029495],[-79.76814599960922,33.35007799995499],[-79.76830399979296,33.35026199994852],[-79.7686159999625,33.350557000036],[-79.76896999996484,33.35089199964818],[-79.7698000001682,33.352031000242754],[-79.76990099955225,33.352154000111724],[-79.77033499992051,33.35268400007892],[-79.77080600009872,33.35325800017803],[-79.77080899957345,33.353268000222016],[-79.7712069999567,33.35470799981727],[-79.77148300014123,33.35542399999256],[-79.77175500012777,33.35612800017356],[-79.77176400034861,33.35615299983228],[-79.77176799964826,33.356162000097854],[-79.77182100025003,33.356224999679704],[-79.77183299994559,33.356239000164194],[-79.77185600041012,33.35626699962569],[-79.77189099967191,33.35630999974595],[-79.77192699965691,33.356354000038955],[-79.77195099994637,33.35638299965715],[-79.7719609999921,33.356394000286],[-79.77215299961274,33.35662499966487],[-79.77250400014032,33.35704799984217],[-79.77285899996757,33.35723200010955],[-79.77311800043366,33.3573670000706],[-79.77314000017495,33.35737799982474],[-79.77323300006138,33.35742699973595],[-79.7733479996891,33.35748700011023],[-79.77337100015365,33.3574990000301],[-79.7734029999407,33.35750699997571],[-79.77395799978446,33.3576450000477],[-79.77423099959594,33.357663999697934],[-79.77451600000128,33.35768499970143],[-79.7750089999208,33.35772200030272],[-79.77525599979302,33.35773900033032],[-79.77649799972505,33.35782999998037],[-79.77735200021789,33.3583170000441],[-79.77799699957504,33.35868600024365],[-79.77854899994408,33.359147000315886],[-79.77851700015702,33.35971300006945],[-79.77831100029272,33.359965999999005],[-79.77806699989523,33.36027100020256],[-79.77763500007511,33.36089799981459],[-79.77766699986216,33.361263999912346],[-79.7783039997217,33.361933000085564],[-79.77934700036043,33.36218699969023],[-79.78046999956847,33.36245199991721],[-79.78061000020887,33.3625460002596],[-79.78099199980029,33.36280199981533],[-79.78156000006285,33.36380600034652],[-79.7816689998428,33.36395599996326],[-79.7816050002687,33.36421699964036],[-79.78157199975841,33.364350999917804],[-79.78156599991064,33.36437199980823],[-79.78153900014647,33.36448600008941],[-79.78128499970325,33.36552600014136],[-79.78121299973321,33.36617699985056],[-79.78115900020485,33.36666699994404],[-79.78117699974821,33.36678799998782],[-79.78117900029635,33.366802000273424],[-79.78129499974898,33.36757600001921],[-79.78163799988066,33.36821999974139],[-79.7817109996756,33.368257000364586],[-79.78388300026846,33.36940199978817],[-79.78456199996079,33.369844000117965],[-79.78556500041654,33.3707729998251],[-79.78567699967124,33.37093199967219],[-79.78644900014831,33.3720229999142],[-79.78646099984385,33.37229600027751],[-79.78646199966877,33.37232599984471],[-79.78646400021692,33.37235500014177],[-79.78644699960016,33.37241399996597],[-79.78643900010256,33.37244500025179],[-79.78640800014041,33.372556999691795],[-79.78631699990382,33.37289800016673],[-79.78628599994168,33.37301299978128],[-79.78621899999453,33.373269000047216],[-79.78617600033682,33.37330300002587],[-79.78568900026511,33.37369600031472],[-79.78541700027854,33.373885999842464],[-79.78515600016263,33.37406999976341],[-79.78509599988818,33.37411300008837],[-79.78500600037482,33.37417700016632],[-79.78491400031331,33.37424000020878],[-79.78485400003885,33.37428299969951],[-79.78471199974862,33.374383999920106],[-79.78421299998134,33.37478499968322],[-79.78376100006972,33.375150999877434],[-79.78367900005395,33.37573000017516],[-79.78416299975261,33.37612599990043],[-79.78460100031886,33.37629400014852],[-79.78478299989374,33.37629400014852],[-79.78523999982822,33.37629500011328],[-79.78558200013498,33.37619099996347],[-79.78612000026034,33.37602900007388],[-79.78684499998343,33.37550900024167],[-79.78732399965922,33.375166000295266],[-79.78826199981765,33.37458000010265],[-79.78945500024419,33.373778999831764],[-79.7903980004255,33.373158000024404],[-79.79049499961155,33.37318400004247],[-79.79164600020532,33.373496999649774],[-79.79180299966583,33.37370600026077],[-79.7920319999947,33.374008000339074],[-79.79235400020997,33.375166000295266],[-79.79240699991342,33.375298000259804],[-79.7927070003874,33.37603899975164],[-79.79325899985811,33.37694199967276],[-79.79401299989354,33.3776790003655],[-79.79496899959531,33.37794799969661],[-79.79568800036893,33.37781500005602],[-79.79620499967957,33.37768500005843],[-79.79639100035071,33.37763900015128],[-79.79717499962504,33.37651299966305],[-79.79721800018106,33.37644300002547],[-79.79724599977015,33.376369999689715],[-79.79765500002406,33.375316999806245],[-79.79800300017861,33.374399999706576],[-79.79851000034182,33.37391199964291],[-79.79873600029764,33.373764999918784],[-79.79895600040567,33.37362299992387],[-79.79971999958849,33.37315300002008],[-79.80080000003714,33.372634000254685],[-79.80245700007087,33.372206000013335],[-79.80363299988069,33.372119999707216],[-79.80498199994284,33.37221700014234],[-79.80701100042059,33.37258799992659],[-79.80757499958688,33.372760000278554],[-79.80770299963339,33.37279899973097],[-79.80827500009391,33.373284000039426],[-79.80897399987774,33.37455099979728],[-79.80954299996523,33.375044999901704],[-79.8095630000567,33.375062000295785],[-79.8095909996458,33.37508799974465],[-79.8096049998895,33.375126999653645],[-79.80961499993525,33.375153999811154],[-79.8096600001411,33.37527600002956],[-79.80979800023334,33.375648000241604],[-79.80984500008903,33.37577199970862],[-79.81009199996123,33.37643600028367],[-79.8112929998854,33.37859700033797],[-79.81133399989326,33.37867100024218],[-79.81203500022522,33.380024000365424],[-79.81386200013827,33.38232099991867],[-79.81604800007652,33.38366200019816],[-79.81825499993117,33.384688999977584],[-79.819073000439,33.3850699999543],[-79.82124500013354,33.38576199976236],[-79.82146299969342,33.38583200014942],[-79.82179300030464,33.38593699987422],[-79.82211999964446,33.3860410003696],[-79.82233899992758,33.38611099978195],[-79.82263199983053,33.386173000328775],[-79.82351100043773,33.386363000349995],[-79.8238050001656,33.38642599981536],[-79.82384299980043,33.38643199965488],[-79.82395999997631,33.38645700035698],[-79.82399900033437,33.38646700033578],[-79.82416500001573,33.38650200025257],[-79.82466399978301,33.386609000360714],[-79.82473599975302,33.386625999994266],[-79.82482899963945,33.38665400017757],[-79.82491800022623,33.38668099975651],[-79.82518699983972,33.386762999787514],[-79.82527700025142,33.38679099992676],[-79.82568800015515,33.38691800028431],[-79.82579600011019,33.386959999664796],[-79.82732300044758,33.387553999874456],[-79.82783300008552,33.38775200004252],[-79.82822499972266,33.38790400003224],[-79.82827599977631,33.38792399965582],[-79.82929400030068,33.38857200027107],[-79.82964900012792,33.38879899968454],[-79.82981399998435,33.388902999756375],[-79.82990600004585,33.38896300017395],[-79.83035499958443,33.389124999969454],[-79.83054000043067,33.38919400008237],[-79.83070699993692,33.38925500011482],[-79.83081200041723,33.389292999855236],[-79.83121099972709,33.389437000141776],[-79.83137899995658,33.38949800000372],[-79.83139499985012,33.38950399963126],[-79.83165799961584,33.38959899980401],[-79.83308700004395,33.38990900015873],[-79.83484199998698,33.39029100031415],[-79.83582500035124,33.39055199972401],[-79.83683799995441,33.39105500008903],[-79.83752400021777,33.391684999937],[-79.83779600020434,33.39197900005342],[-79.83810800037388,33.392316000249465],[-79.83846599967583,33.39356700020523],[-79.83865399999682,33.39422300032377],[-79.8387150000962,33.394633000133474],[-79.83899200010562,33.396484000362264],[-79.83958399975931,33.39743300015476],[-79.8398070002404,33.39763499994647],[-79.8402220003421,33.398011000105264],[-79.8407079996906,33.39824100025416],[-79.84077399981282,33.39827200033197],[-79.84097499965426,33.3983669999211],[-79.84104199960142,33.39839899966459],[-79.8412650000825,33.39850399995876],[-79.8413410002505,33.398539999987584],[-79.84192000038372,33.39884499992492],[-79.84213899976852,33.398961000175774],[-79.84266900039624,33.39923899996571],[-79.842932000162,33.39937800027712],[-79.84427600020128,33.40004199981364],[-79.84481400032662,33.40030900032142],[-79.84505600017594,33.40042700024224],[-79.8454400003155,33.400618000289334],[-79.84580500018849,33.40073700022421],[-79.84606299993135,33.40082299997486],[-79.84662399962292,33.40100699988794],[-79.84727300007634,33.40122199993677],[-79.84834900032703,33.40139699967097],[-79.8485090001606,33.40142300024423],[-79.84893900033092,33.40141699993957],[-79.84924300010452,33.401412000060354],[-79.84970199968883,33.401405999754886],[-79.8501569999735,33.401400000199025],[-79.85046199957203,33.401395999994904],[-79.85058600031891,33.40139199979061],[-79.85131299969183,33.40134599967771],[-79.85157999965551,33.401437000203565],[-79.85236200017832,33.401706999941936],[-79.85381599982249,33.40229800011588],[-79.85471999964571,33.40274300020149],[-79.85477099969934,33.402767999961725],[-79.85476999987442,33.40292400007298],[-79.85476400002665,33.40384700018689],[-79.85476400002665,33.40385800006248],[-79.85475999982869,33.40388799998884],[-79.85476400002665,33.403904000345314],[-79.8547049995771,33.404247999797114],[-79.85459800034529,33.40487399995268],[-79.85457300023093,33.40528700014812],[-79.85455300013946,33.405635999759575],[-79.85455099959132,33.40567700021709],[-79.85498699960941,33.40634599995552],[-79.85576300028444,33.40667399964336],[-79.85603899957066,33.406762000245116],[-79.85713900011078,33.407116999841655],[-79.85851499993711,33.40754899987375],[-79.85981299994567,33.40805200009608],[-79.86079499958672,33.40850799999142],[-79.8609639996411,33.409333999860266],[-79.86099700015139,33.40949500034354],[-79.8609910003036,33.41049799987057],[-79.86083300011985,33.41128800033143],[-79.86074299970817,33.41173499997289],[-79.86066200041563,33.412145999938254],[-79.86042399986594,33.413369000280916],[-79.86021999965143,33.414733999707515],[-79.86016399957494,33.41511000009902],[-79.8602099996057,33.41560399991379],[-79.8602740000781,33.41624999981501],[-79.86045800020112,33.416524999762046],[-79.86130299957483,33.41778899991154],[-79.86225599980185,33.41865900025327],[-79.86237299997774,33.41871399998622],[-79.86326099990744,33.419130999745654],[-79.86327900034911,33.419139000019946],[-79.86349100006122,33.41921100020598],[-79.86441400015102,33.4193610002143],[-79.8651589999656,33.41948199965231],[-79.86669499962551,33.419577000040995],[-79.86777599989907,33.41992700018148],[-79.86784000037149,33.42001500010195],[-79.86839299966712,33.420771000072754],[-79.86854099980513,33.42096500022776],[-79.86870999985953,33.421186000054],[-79.86876500011111,33.42137899983563],[-79.86883799990605,33.42163200029033],[-79.86909800019704,33.42226600035462],[-79.86943100028299,33.42262800008166],[-79.86970699956919,33.42292699985099],[-79.86975699979789,33.422980999702034],[-79.86981700007237,33.42304700014084],[-79.87053299957462,33.423514999836364],[-79.87156899964234,33.42391799969771],[-79.87168099979532,33.423921000197566],[-79.8729250002755,33.42396399985318],[-79.87479599967118,33.4241449997392],[-79.87576599961665,33.4240830000444],[-79.87613300003777,33.42408500037385],[-79.87665000024673,33.42420999987959],[-79.87751600043512,33.42443999963949],[-79.87801299965427,33.424863999979365],[-79.87822100006673,33.425173999720116],[-79.87853599971099,33.42593800014997],[-79.87865700008481,33.42692099980637],[-79.87866600030566,33.426997000061405],[-79.87867399980325,33.42705600028252],[-79.87856599984823,33.42719699982261],[-79.87851899999256,33.42725999967068],[-79.87831399995315,33.42752799985824],[-79.87812399998235,33.42811500004956],[-79.87763199988777,33.42847100019238],[-79.8773029999998,33.42835699984649],[-79.87718599982392,33.428426999655706],[-79.87711300002898,33.428472999670994],[-79.8767890001639,33.42848599965457],[-79.87665299972144,33.42849299970263],[-79.87590899973179,33.42852500034341],[-79.87479700039441,33.428368000366454],[-79.87403199959003,33.4282539998853],[-79.87162300006902,33.427896000110344],[-79.86978100008736,33.428664999634464],[-79.86853900015532,33.42926600035546],[-79.86728200015466,33.43055699963035],[-79.86715999995592,33.43083799976512],[-79.86704799980292,33.43109999964751],[-79.86704000030531,33.43230700029062],[-79.86733599968301,33.433416999645544],[-79.86734099970589,33.43343599998033],[-79.86735199957654,33.4334780001137],[-79.86746399972952,33.43360499969723],[-79.8675030000876,33.43365099996688],[-79.86780400038647,33.43399600008747],[-79.86822500033594,33.43448200003601],[-79.86882399966235,33.43491100025091],[-79.86902000037925,33.43505099973625],[-79.86923499956607,33.43509299983767],[-79.8693619997877,33.435118000031174],[-79.86955400030662,33.43515599995166],[-79.86974400027742,33.435192999818845],[-79.86987200032394,33.43521799998355],[-79.87021799993036,33.43528600018519],[-79.87084899994211,33.43513599995616],[-79.87279700022899,33.43467300015768],[-79.8737970003117,33.43472300002987],[-79.87479700039441,33.43477399991476],[-79.87493499958835,33.434821000355434],[-79.87503699969561,33.43485899965631],[-79.8752769998951,33.43494400006428],[-79.87534999969004,33.43496900030071],[-79.87548899960721,33.43501799996356],[-79.87576399996684,33.435114999918355],[-79.87631600033588,33.43531100032309],[-79.87652999969781,33.43550500021884],[-79.87669600027748,33.43565699987281],[-79.8767470003311,33.435702999804406],[-79.87710499963308,33.436028000223246],[-79.87763199988777,33.43650999995016],[-79.87793300018663,33.43693399980143],[-79.87804799981438,33.43712299974467],[-79.87829999970944,33.437540000281324],[-79.87850499974886,33.43787899989874],[-79.87867899982614,33.43858900033608],[-79.87902699998068,33.44001100023511],[-79.87945600032609,33.44161600017796],[-79.87958799967225,33.44184400036738],[-79.88015299956176,33.442822000023824],[-79.8805969999758,33.443277000267166],[-79.88075699980934,33.44344099984883],[-79.88202700022879,33.44454099990724],[-79.88227400010099,33.444755000185395],[-79.88251799960015,33.44494600018046],[-79.88264200034703,33.44504300027983],[-79.8828659997547,33.44521700023269],[-79.88302399993846,33.44532599981863],[-79.88315500035802,33.44541600006113],[-79.88343900004014,33.445610999766494],[-79.88429199980976,33.44619600000034],[-79.88457700021512,33.44639300001624],[-79.88529100006755,33.446680000014915],[-79.88631299989156,33.447092000092276],[-79.88748100020376,33.447408999907594],[-79.88822500019343,33.44761300017153],[-79.88944700003398,33.448249999740945],[-79.89004399971056,33.44856099977618],[-79.89226099961094,33.451221999681444],[-79.89251699970399,33.45152900015924],[-79.89311400027887,33.452306000320974],[-79.89314900043897,33.45235099983058],[-79.89320399979225,33.45242300019657],[-79.89325700039402,33.45249200024142],[-79.89329300037902,33.452539000077614],[-79.89343200029619,33.452718999740846],[-79.89364099963525,33.452991999903624],[-79.89384800022279,33.45326199972168],[-79.89398700013997,33.45344299995906],[-79.89404900006426,33.45352499992157],[-79.89414600014864,33.45364999974263],[-79.89427699966988,33.453726999644616],[-79.89436600025667,33.45378099981742],[-79.8945949996872,33.45391599972747],[-79.89528299960037,33.45432399989375],[-79.89551299975415,33.45446199990127],[-79.89610199993312,33.45461700025616],[-79.89701099977921,33.454856000158856],[-79.89790100025706,33.45483099965739],[-79.89816599967263,33.4548240002352],[-79.89850299995652,33.454752000363705],[-79.89956999998638,33.45452100018509],[-79.89985799986646,33.454160999721424],[-79.90014400009673,33.453741999987464],[-79.90009800006597,33.45315699968411],[-79.89988800000368,33.452145999626985],[-79.89996199962354,33.4517830002603],[-79.90043500034986,33.451019000265205],[-79.90134699967071,33.45020100016552],[-79.90141199996805,33.450143999669486],[-79.90176799962019,33.450006000285754],[-79.90229999989774,33.45008500015535],[-79.90275600000733,33.45027499979375],[-79.90280399968789,33.450295000047085],[-79.90311900023049,33.45042599994328],[-79.90354500020283,33.45140000012993],[-79.90355299970044,33.451420000123775],[-79.9027900003425,33.452617999888346],[-79.90244100036305,33.453713999695175],[-79.90216400035361,33.45457999967927],[-79.90214599991197,33.45529799977049],[-79.90214500008705,33.455347999747495],[-79.90285200026678,33.45587800012946],[-79.90327300021627,33.456092999961804],[-79.90343899989763,33.45617799980072],[-79.90399999958917,33.45622099996086],[-79.9041279996357,33.45623100015189],[-79.90418700008524,33.45623599987228],[-79.90425200038258,33.45624299992998],[-79.90444700037625,33.45627000036138],[-79.90451299960017,33.45627900000361],[-79.90453000021692,33.45627999979726],[-79.90458299992036,33.45628799964497],[-79.90460100036204,33.456290999775064],[-79.90464400001974,33.45629700003487],[-79.90525699958984,33.45570799978007],[-79.90570000017895,33.45551599969888],[-79.90605699965602,33.455362000005714],[-79.90693500043828,33.455060999951975],[-79.90785000013219,33.45486800012724],[-79.90912600039941,33.45505099962602],[-79.90962900036466,33.455354000072575],[-79.91022600004123,33.45571300028004],[-79.91050999972335,33.45633099975056],[-79.91051999976911,33.456352999691774],[-79.91055199955615,33.45642300014882],[-79.91056300032511,33.45644699965014],[-79.91059299956405,33.45651300011814],[-79.91068399980063,33.45671099972176],[-79.91071499976277,33.456776999988854],[-79.91084000033456,33.45705000011691],[-79.91113099968938,33.45768399998904],[-79.91131800018543,33.45809000011777],[-79.91263000043767,33.460274000208486],[-79.91314400027358,33.46113000024975],[-79.91316600001488,33.461162999831764],[-79.91323299996205,33.46126299973746],[-79.91325600042657,33.46129699975404],[-79.9133149999778,33.46138499969094],[-79.91349400007795,33.46164899971528],[-79.91355400035242,33.461737000044316],[-79.9138859997151,33.462229000306294],[-79.91473299963695,33.4634830001624],[-79.91491799958486,33.46367900016921],[-79.91532500018896,33.464114000344544],[-79.91539100031119,33.46418399978124],[-79.91562800013766,33.4642899996557],[-79.91639499969354,33.464635000074516],[-79.91661999982445,33.464674999947356],[-79.91697100035205,33.46473900000528],[-79.91725400020925,33.46478899978345],[-79.9181029997809,33.46494200027445],[-79.91838599963812,33.46499499976435],[-79.91848199989761,33.46501199979184],[-79.91849899961603,33.4650169997552],[-79.91883300042518,33.465116000019684],[-79.91894499967988,33.46514900033251],[-79.91905799965777,33.465181999883356],[-79.91923299955997,33.4652340002856],[-79.91939999996454,33.46528300008841],[-79.91951499959225,33.46531700002709],[-79.91997800027286,33.46545199996056],[-79.92039500002437,33.46557699982246],[-79.92117599982397,33.466225000287956],[-79.92154800026795,33.46653400020219],[-79.92175900015515,33.466709999845264],[-79.92232499986959,33.467180000172135],[-79.92413199969114,33.468680000176086],[-79.92474699980939,33.468983000199486],[-79.92527999991187,33.46924599991995],[-79.92565499983058,33.46943099982639],[-79.92606200043467,33.46963099992909],[-79.92618600028324,33.46969300004707],[-79.92731799971209,33.47016200030036],[-79.92773799983667,33.47033699968867],[-79.92786800043132,33.47038999962643],[-79.92790100004328,33.47040399970352],[-79.9282109996647,33.47063700028014],[-79.9283239996426,33.47072299972362],[-79.92860099965202,33.4709309998372],[-79.92901800030185,33.471246000182674],[-79.92943300040355,33.47155900014829],[-79.92971100023792,33.4717700000977],[-79.93027100010455,33.47219399992341],[-79.93103099998775,33.473176999984915],[-79.93173099959648,33.4740809997224],[-79.93201400035201,33.47483899982876],[-79.93262799974701,33.475583999631425],[-79.93385299996064,33.476862999729214],[-79.93468599963875,33.47765100013118],[-79.93476900037774,33.477730000285895],[-79.93538799979562,33.477924999998926],[-79.9361259999375,33.477783999743174],[-79.93642300003843,33.47747099978473],[-79.93658500042014,33.47735200014547],[-79.9368280000944,33.4771759996363],[-79.93707099976864,33.47699799966025],[-79.93723399997525,33.47688099998192],[-79.93787000000988,33.47633700001738],[-79.9383710003253,33.47591000003266],[-79.93882700043488,33.47569899967393],[-79.93930299973763,33.475504999767885],[-79.93967699983145,33.47554100008454],[-79.94009799978093,33.47572099994489],[-79.94010899965159,33.47572600003969],[-79.94078099967122,33.47620499999589],[-79.94080900015862,33.47622500026182],[-79.94110000041177,33.47666999974006],[-79.94110799990939,33.477084999837366],[-79.94112100032817,33.47764400030373],[-79.94100199960417,33.479278999880975],[-79.94107299974928,33.4800219999292],[-79.94109200001584,33.480213999677],[-79.94115099956709,33.480834000311944],[-79.9412719999409,33.480947999870764],[-79.94134100043621,33.48101199989912],[-79.94154800012544,33.48120600021132],[-79.94161699972241,33.48127100030368],[-79.94177999992901,33.481424999670864],[-79.94227200002362,33.481886999876046],[-79.94234999984143,33.4819599999328],[-79.94244600010089,33.48202999993968],[-79.9425249997436,33.482086999700165],[-79.94276199957005,33.48225899974899],[-79.942841999936,33.48231799984389],[-79.94297300035558,33.48241300035671],[-79.94319299956528,33.48257500035994],[-79.94336599981764,33.48270099973675],[-79.94349800006214,33.48279700006655],[-79.94358400027585,33.482858000267655],[-79.94380699985861,33.48302199990753],[-79.94384600021668,33.48304300033241],[-79.943939999928,33.48309400027263],[-79.94466300000126,33.483489000232815],[-79.94621700010285,33.48433999990055],[-79.94690599984092,33.48448200019239],[-79.94704300010828,33.484511999971026],[-79.94742899989767,33.484559999894884],[-79.9476499998306,33.48475699964718],[-79.94774600009006,33.48484400027367],[-79.94818299993307,33.48502499974692],[-79.94985500003543,33.485725000222196],[-79.94992799983035,33.48575599977312],[-79.95023099977905,33.48591100035825],[-79.95037999974197,33.48602099992854],[-79.95087100001165,33.486386000158],[-79.9515709996204,33.486905999901275],[-79.95201699968422,33.48747999967523],[-79.95208299980648,33.48771000023998],[-79.95224900038613,33.488287999874956],[-79.95225199986086,33.488299000285565],[-79.95231499961005,33.488520000134066],[-79.95226500027965,33.48888400015357],[-79.95217999989083,33.48950599973329],[-79.9524650002962,33.49046700013146],[-79.95253899991603,33.4906109996614],[-79.9527609996739,33.49103799985119],[-79.95281400027565,33.491142000306674],[-79.95293200027643,33.49136800033276],[-79.95294899999487,33.491382000016685],[-79.95339599988363,33.49175099991197],[-79.95362100001452,33.491863999953175],[-79.95386799988673,33.491992000312344],[-79.95391300009256,33.49201500032173],[-79.95402199987251,33.49206999999362],[-79.95427700014064,33.49220099968439],[-79.954486000378,33.492306000368586],[-79.95464100018872,33.492386000019586],[-79.9554780000648,33.49253399985336],[-79.95571400006635,33.49257599983093],[-79.9567660000276,33.492832999874516],[-79.95793699981452,33.49304999966421],[-79.95797199997462,33.49306000010056],[-79.95878999958413,33.493293999793224],[-79.9588089998507,33.493299999738596],[-79.95903800017956,33.49336499974457],[-79.95910500012671,33.493400000015704],[-79.95999499970625,33.49386400023987],[-79.96029199980717,33.49401899979784],[-79.96043400009738,33.49410800032243],[-79.96066300042625,33.49427600005325],[-79.96088000016123,33.494437000238555],[-79.96089199985678,33.49444599966306],[-79.96158300014301,33.4949599998727],[-79.96171299983935,33.49512600000852],[-79.96199300022182,33.49548200000284],[-79.96204199972732,33.49554499968945],[-79.96211799989531,33.49564200010431],[-79.96219200041348,33.495735000060144],[-79.96224199974387,33.495798999649544],[-79.96264299960185,33.496378000058655],[-79.9631459995671,33.49710399978102],[-79.96392800008992,33.49805700001714],[-79.96406600018217,33.498225000325455],[-79.96443799972785,33.49854100036083],[-79.9644970001774,33.49859000005443],[-79.96455699955354,33.49864199988239],[-79.96470700023968,33.49868299983996],[-79.96478300040768,33.49870500026593],[-79.96521400040288,33.4988239997833],[-79.96650900003839,33.49918399974452],[-79.96654300037356,33.49919400022148],[-79.96692800033803,33.49934299970024],[-79.9670460003388,33.49938900030196],[-79.96722500043896,33.499458999705084],[-79.96740299981587,33.49952699971318],[-79.96752199964156,33.499574000260395],[-79.9675810000911,33.49959699975383],[-79.96767300015262,33.49963299979548],[-79.96775599999329,33.49967800020104],[-79.96781299989469,33.49970900000074],[-79.96787999984184,33.49974399995458],[-79.96795000016203,33.499783000057654],[-79.96809199955395,33.49982799963619],[-79.9681650002472,33.49985199985124],[-79.96834299962413,33.499908999867245],[-79.96861200013596,33.499996000253006],[-79.96887400007678,33.50009600028702],[-79.96904899997895,33.50016599986755],[-79.96923300010198,33.5002190002828],[-79.96951099993632,33.500299000113166],[-79.96978799994575,33.500376999801695],[-79.96997299989367,33.500432000154426],[-79.9701290004276,33.50047600011185],[-79.97059899988257,33.50061099994371],[-79.97075600024141,33.50065799990236],[-79.97076700011205,33.50066099999448],[-79.97080399992198,33.500670000270205],[-79.97081599961754,33.50067499967392],[-79.97086400019644,33.50068900010015],[-79.97101200033444,33.500730999867166],[-79.97102900005288,33.50073600001645],[-79.97106199966484,33.500743000224944],[-79.97109400035022,33.500748999654085],[-79.97112399958911,33.500753999802335],[-79.97121499982572,33.50077399964325],[-79.97124599978785,33.50078299990723],[-79.97126800042749,33.500787000024225],[-79.97133700002446,33.50080199971237],[-79.97135999959067,33.50080699985751],[-79.97196300001333,33.500936999784905],[-79.97294700020251,33.50092800028604],[-79.97305000013468,33.500873000248404],[-79.973544999704,33.5006130000062],[-79.97360400015354,33.50053799987765],[-79.97388199998791,33.50016599986755],[-79.97421500007383,33.49937499966543],[-79.97468799990186,33.49856899965405],[-79.97510899985133,33.49800199965362],[-79.9754789997472,33.49761699987627],[-79.97608100034495,33.49754799979945],[-79.97646299993637,33.49764400015192],[-79.97747100041498,33.49789799994678],[-79.97806800009157,33.49822000003113],[-79.9783040000931,33.498346999925836],[-79.97865700027053,33.49858699989053],[-79.97952699975858,33.499179000254685],[-79.98054699993277,33.49934699988377],[-79.98123400002103,33.49946199983876],[-79.98126800035621,33.49946700006135],[-79.98137299993819,33.49948400006676],[-79.98140800009831,33.49949000033232],[-79.98180200028361,33.49955600022914],[-79.98183499989557,33.49956399982733],[-79.98224099977644,33.49967299999069],[-79.98281900008475,33.49952300028703],[-79.98309600009416,33.499458999705084],[-79.9835200004167,33.49936299986716],[-79.98397700035119,33.49925900029707],[-79.98498999995438,33.49866300026499],[-79.98625600017586,33.4979209998855],[-79.98758900034451,33.49781600001779],[-79.9886530000013,33.49789100025736],[-79.9896510004342,33.4982470001187],[-79.98978699997832,33.498297000036686],[-79.99061899983153,33.49883000009456],[-79.99093400037411,33.49923399987043],[-79.99108199961381,33.49942399963607],[-79.9912709997597,33.50016599986755],[-79.99097200000894,33.501041000335306],[-79.990863000229,33.5017139996881],[-79.99080399977946,33.50208899982995],[-79.99088699962013,33.50238599979013],[-79.99110199970528,33.50287699993579],[-79.99141600042296,33.503358000297695],[-79.99151900035513,33.503482000150754],[-79.9915949996248,33.50367600031349],[-79.99170000010508,33.50424899978817],[-79.99186099976356,33.50459599985203],[-79.99272500030216,33.50523699999408],[-79.99403500000625,33.50558399984199],[-79.99553399985625,33.50653399971126],[-79.99599400016378,33.506738000128614],[-79.99622599996738,33.50684099974178],[-79.99696300028435,33.506872999931176],[-79.99781000020617,33.50688500018641],[-79.99857099991428,33.50673600020766],[-79.99883100020527,33.506685999921025],[-79.9993669997825,33.50640299998645],[-79.99979899960262,33.50618200009273],[-80.00035500016962,33.50558899971094],[-80.00043999966013,33.50479599966269],[-80.00044499968298,33.50475199965412],[-80.00034400029897,33.50430599990494],[-79.99954000003486,33.50356099996446],[-79.99898900038903,33.503257000286155],[-79.99847999967768,33.50255299992801],[-79.9978899996738,33.501643999861194],[-79.99706700004141,33.500543000038036],[-79.99686200000201,33.49989800018253],[-79.99689999963685,33.499224000147194],[-79.9973120002638,33.49825499983786],[-79.9975020002346,33.497764999757855],[-79.99768800000743,33.497396000022476],[-79.99786700010759,33.4970419998031],[-79.99840600005784,33.49647300013123],[-79.99888800010667,33.496164999950814],[-79.99938400039925,33.495830000089136],[-79.99977799968622,33.4953579999269],[-80.00014099990939,33.49482699966512],[-80.00020399965858,33.4947860001288],[-80.00117299977913,33.49473899997872],[-80.00144800013875,33.494683999754706],[-80.00189300037768,33.49472000034115],[-80.00266499995642,33.49494399982477],[-80.00444699966364,33.49573399997252],[-80.00448199982374,33.495749999874526],[-80.00448099999883,33.49577299963475],[-80.00455299996885,33.49641399994072],[-80.00462400011395,33.49704999963361],[-80.00463699963444,33.49716699978562],[-80.00408900036166,33.497890000194644],[-80.0040840003388,33.497902000197094],[-80.00404900017868,33.49799099972653],[-80.00397700020868,33.49817300024702],[-80.00376899979622,33.498699999999324],[-80.00374200003203,33.49900600005069],[-80.00371699991769,33.49929699982314],[-80.0037110000699,33.49939199968895],[-80.00369500017636,33.49953900023782],[-80.00368699978044,33.49968399970404],[-80.00367400025998,33.49978099997598],[-80.00366500003913,33.49987600005969],[-80.00363999992477,33.50016699990397],[-80.00367199971183,33.50025500006578],[-80.00389000017003,33.500851999652824],[-80.00418700027096,33.501392999888154],[-80.00465500007611,33.50189899992115],[-80.0049649996975,33.50223200024319],[-80.00525699977555,33.50245699977596],[-80.00536100043094,33.50253899980321],[-80.00614800007831,33.50274099988605],[-80.0096179997814,33.503743000009976],[-80.01051199955889,33.504186999684244],[-80.01130999997523,33.50486499995455],[-80.01213599998066,33.505171999913195],[-80.01295399959018,33.505211999795875],[-80.01312699984254,33.50522100034746],[-80.0139629998937,33.50509999992788],[-80.01478100040153,33.50471300029174],[-80.01531199995587,33.50405600015219],[-80.01535700016171,33.50399899987076],[-80.01536800003238,33.50398699996444],[-80.01542800030683,33.50379899971654],[-80.01545099987304,33.503731000068164],[-80.01580300022555,33.50264799996577],[-80.01660999996442,33.50016699990397],[-80.01702099986815,33.49947300032804],[-80.0173690000227,33.49888800008559],[-80.01778099975134,33.498688000107485],[-80.0184610001669,33.49835699975037],[-80.01856900012194,33.49830499975121],[-80.02047700022582,33.49842299976188],[-80.02064600028024,33.49858699989053],[-80.02118799970523,33.4991160002161],[-80.02122500041347,33.49915199970874],[-80.02128099959165,33.49920700009067],[-80.02126800007116,33.49928500001406],[-80.02126100039848,33.4993380002196],[-80.02124600032987,33.499428999860804],[-80.02122399969024,33.499572000173835],[-80.02120199994894,33.49970900000074],[-80.02118799970523,33.49980200008228],[-80.02113199962874,33.50016699990397],[-80.02055699969347,33.502179000311386],[-80.02076000008306,33.50251300031455],[-80.02147200028567,33.50369200024573],[-80.02340499960562,33.50557899997281],[-80.02394899957875,33.50629100016168],[-80.0247410001473,33.506479000239736],[-80.02526000000607,33.506441000121455],[-80.02660499987027,33.505706000306326],[-80.02708400044438,33.50516400008422],[-80.02748399957916,33.50471300029174],[-80.02805900041274,33.50310600004903],[-80.02840300036932,33.50268400023672],[-80.02888500041817,33.50209099985829],[-80.02936300026906,33.501507000100425],[-80.03080000019477,33.50095700033264],[-80.03087600036275,33.500929000313604],[-80.03156000007797,33.50091099981506],[-80.03172199956136,33.50090699970375],[-80.03216500015046,33.501080999879896],[-80.0322589998618,33.501118000078925],[-80.03230300024272,33.50115700031204],[-80.0323159997632,33.50116799983683],[-80.03235500012124,33.50120199992534],[-80.03236900036495,33.50121500024209],[-80.03288200037595,33.5016680003219],[-80.03288300020085,33.501926999626434],[-80.03288599967559,33.502637999887845],[-80.03308300021739,33.50432599967421],[-80.03313500009592,33.504743999786385],[-80.0332530000967,33.5056810002436],[-80.03326300014244,33.50570900022347],[-80.03339100018897,33.50584800001616],[-80.03358600018262,33.50606100026773],[-80.03377799980326,33.50626900016569],[-80.03390699967468,33.506408999772326],[-80.03431400027877,33.50667900019323],[-80.03471500013677,33.50682199976418],[-80.0351539996296,33.506852000042315],[-80.035991000404,33.506871000013284],[-80.03605699962795,33.506866000218444],[-80.03615600026043,33.50685899975612],[-80.03625599981956,33.50685000012394],[-80.03632299976671,33.5068460002871],[-80.03642200039923,33.50683899982321],[-80.03655799994335,33.50683000018895],[-80.0366960000356,33.50673900008911],[-80.03677899987628,33.50668399999886],[-80.03678800009712,33.506668999831994],[-80.03681800023435,33.5066469999321],[-80.03683699960261,33.5066469999321],[-80.0369629999993,33.50656400008919],[-80.03703800034238,33.50649800029263],[-80.03745500009389,33.50613600010491],[-80.03756800007179,33.50597200004706],[-80.03771100018693,33.505766000127764],[-80.03792299989904,33.505459000029035],[-80.03795800005915,33.50540999972952],[-80.03842500003938,33.50445800028253],[-80.03850200003227,33.504303999927785],[-80.0386099999873,33.50413500019105],[-80.03897700040842,33.503569999938655],[-80.03907299976957,33.50342400024161],[-80.03954899997063,33.502431000262675],[-80.03992800008733,33.50179000031356],[-80.03996599972214,33.50172799994634],[-80.04045299979387,33.5013760002576],[-80.04077099981119,33.50106000008388],[-80.04080599997128,33.50106000008388],[-80.04105899969129,33.500986999647374],[-80.04127399977644,33.50092600023076],[-80.04166999961154,33.50087500030489],[-80.04183899966597,33.50088999997774],[-80.04210200033,33.50091499992619],[-80.04217699977477,33.500921000092504],[-80.04228999975267,33.500931999647285],[-80.04240199990565,33.50094199992225],[-80.04247800007363,33.50094900011408],[-80.04252599975422,33.500986999647374],[-80.04259900044747,33.50104399966511],[-80.04267100041749,33.50110099964525],[-80.04271999992298,33.50113999988605],[-80.04294400022896,33.5013169996632],[-80.04328099961454,33.50158300015854],[-80.04361700007352,33.50184899983645],[-80.04384200020442,33.50202699967689],[-80.04409599974932,33.502228000192915],[-80.04423700021462,33.50237299964926],[-80.04533600003154,33.50350900009517],[-80.04570299955434,33.50388799992464],[-80.04585800026335,33.5040219996866],[-80.04609199971678,33.504226000032645],[-80.04632400041868,33.504426999936456],[-80.04648000005429,33.50456400031884],[-80.04650199979558,33.50458200005775],[-80.04653600013079,33.50461300034831],[-80.04656999956765,33.50464099992464],[-80.04659300003219,33.504662000349995],[-80.04699899991306,33.50501500013868],[-80.04705300033973,33.50506199995318],[-80.04711799973875,33.505361000151275],[-80.04744300032708,33.50572499977988],[-80.04810500030096,33.50607899969525],[-80.04858099960371,33.50633500013687],[-80.04865099992392,33.5063730003017],[-80.04874700018338,33.50637600019572],[-80.049275000263,33.50639400030684],[-80.04945199981499,33.50640200002207],[-80.04959300028031,33.506406999843755],[-80.04965900040256,33.50640000009334],[-80.05028000036857,33.50634099992747],[-80.0504879998827,33.506321999840104],[-80.05092999974859,33.50627899982408],[-80.05154599969173,33.50616799980594],[-80.05169300000483,33.50613100026757],[-80.05191499976267,33.50607599979092],[-80.05213599969561,33.50602000005959],[-80.0522839998336,33.50598299970895],[-80.0524090004054,33.50595099993951],[-80.05259699982807,33.50590399985885],[-80.05278500014906,33.5058569997526],[-80.05291099964744,33.50582599990762],[-80.05313800032646,33.50576900004284],[-80.05344100027517,33.50569399988761],[-80.05383200008743,33.50567599963097],[-80.05406600043914,33.505664999930005],[-80.0541609999754,33.505661000038394],[-80.05430400009053,33.505656000173666],[-80.05444600038074,33.5056490003625],[-80.0545419997419,33.505644999721156],[-80.05520999956359,33.50561599974713],[-80.05655000030322,33.50559400032861],[-80.05749799960907,33.50557999994664],[-80.0615530001915,33.50576400018429],[-80.06257199964246,33.50574999982989],[-80.0645810000287,33.505727999696376],[-80.0652649997439,33.50585599978192],[-80.06649199960734,33.50608600022067],[-80.0673279996585,33.50618799989393],[-80.06801999976963,33.5062730000292],[-80.06830299962684,33.506307000359534],[-80.06855899971988,33.50633999996238],[-80.06915399974665,33.50640799980801],[-80.06943800032707,33.50644200008532],[-80.06957899989408,33.50645800025527],[-80.06979200032941,33.50648300009353],[-80.0700030002166,33.50650699996142],[-80.0701449996085,33.50652400008233],[-80.07074899985611,33.50659399970767],[-80.07079200041211,33.506605000039606],[-80.0723899999963,33.507081000124636],[-80.07268200007437,33.50710499982669],[-80.07333400000253,33.5071589996938],[-80.07348600033849,33.50717199986485],[-80.07405600025086,33.50701599993061],[-80.07550700042029,33.506625000026595],[-80.0762339997932,33.506651999739574],[-80.07697699995796,33.506681000115506],[-80.07731800043982,33.50669500031931],[-80.07767900011484,33.50670899977185],[-80.07832500019522,33.50685799979708],[-80.07865800028115,33.506936000316216],[-80.07911400039073,33.506911999818264],[-80.07988900034253,33.506873999890054],[-80.08046799957744,33.506730999655986],[-80.08091199999146,33.506622000141206],[-80.08104599988576,33.50658799993461],[-80.08136100042834,33.50651099981393],[-80.08142699965227,33.506444999976964],[-80.0815270001097,33.5063489996476],[-80.08171100023272,33.506170999707074],[-80.08217099964195,33.505727999696376],[-80.08222800044165,33.50561199985325],[-80.08234200024447,33.50538400035422],[-80.08237400003152,33.50531899963468],[-80.08243199975783,33.505203999970604],[-80.08245400039746,33.505121000241914],[-80.08247399959065,33.50505300013408],[-80.08257400004806,33.50469399984695],[-80.08272399983589,33.50415899996099],[-80.08290999960873,33.50362799974997],[-80.0830340003556,33.50327800029823],[-80.08316400005194,33.50291000009744],[-80.08327200000699,33.502636999880025],[-80.08348500044231,33.50210200001348],[-80.08393099960784,33.50104399966511],[-80.0840899996165,33.50075999997982],[-80.08442500025056,33.50016599986755],[-80.08447700012908,33.500123999826414],[-80.08463600013776,33.49999900036807],[-80.08465600022923,33.499983999791716],[-80.08469700023713,33.49997400015513],[-80.08477500005492,33.49995500016819],[-80.08493900008645,33.49992000029972],[-80.08501400042954,33.49991300002468],[-80.08509499972207,33.499908999867245],[-80.08522600014165,33.499899000221994],[-80.0854839998845,33.49988399962832],[-80.08562100015185,33.49989800018253],[-80.08575300039631,33.49991300002468],[-80.08586300000118,33.49992399970753],[-80.08596799958318,33.49993700021622],[-80.08619500026221,33.49996099965201],[-80.08630599969197,33.49997400015513],[-80.08640799979922,33.49998499983024],[-80.08671699959571,33.500019999672425],[-80.08682000042619,33.50003200012873],[-80.087110999781,33.50014899999603],[-80.08711800035202,33.50016699990397],[-80.08742600032359,33.5003939996284],[-80.08839799991888,33.501110999900746],[-80.08872199978398,33.50135099969326],[-80.08967500001103,33.50205400007524],[-80.08989799959379,33.50218899969325],[-80.09153399971113,33.50318000019816],[-80.09231200003597,33.503318000307225],[-80.09340800037816,33.50328700030191],[-80.09383199980238,33.50296500033886],[-80.09415400001765,33.50193099969055],[-80.09411700020773,33.501566999836456],[-80.09394499978028,33.50121500024209],[-80.09343500014234,33.50016599986755],[-80.09332399981426,33.499785000139276],[-80.09330299989786,33.499715000250646],[-80.09327399958555,33.499611999648124],[-80.0932429996234,33.499507999628136],[-80.09322300043023,33.49943900030946],[-80.09306100004852,33.49888599998318],[-80.09307299974408,33.49876699980199],[-80.09314999973698,33.498038999670456],[-80.09371100032685,33.496806000350915],[-80.09383400035051,33.49653699992416],[-80.0941439999719,33.496285000044395],[-80.09478699967923,33.4957649996863],[-80.09585299988417,33.49545000009689],[-80.09586700012788,33.49544599973329],[-80.09587999964835,33.49545100018779],[-80.09629599957496,33.49561399986443],[-80.09671200039989,33.49577599989621],[-80.09670700037701,33.495795000051146],[-80.0966989999811,33.495807000344044],[-80.09625299991727,33.49661399992842],[-80.09559000011845,33.49783100022069],[-80.09557400022491,33.4980799999136],[-80.09549300003407,33.49927500029673],[-80.09593999992282,33.4996110003544],[-80.09650399998743,33.49980400016352],[-80.0968189996317,33.49983800003874],[-80.09716500013643,33.49976500006986],[-80.09802499957873,33.49951199980409],[-80.09888499991933,33.49851999994862],[-80.09917100014961,33.498223000207744],[-80.0992409995715,33.498149999626136],[-80.09934600005181,33.49804199985334],[-80.09944999980887,33.497932999883645],[-80.09952099995398,33.49786099986964],[-80.09978799991768,33.49758600007655],[-80.0999870001093,33.49738199981274],[-80.10080600044205,33.497101000314764],[-80.10113899962965,33.496987000293004],[-80.10116999959179,33.49698099985401],[-80.10127500007209,33.496963000032736],[-80.10143400008074,33.49693600029382],[-80.1015910004396,33.49690899979737],[-80.1016969998465,33.496890999961124],[-80.10266500014214,33.496727999692204],[-80.104421999735,33.497050999706026],[-80.10473700027757,33.497516999975026],[-80.10475200034618,33.49754000001497],[-80.10507399966315,33.4980299998703],[-80.10512100041713,33.49810199974376],[-80.10550899985634,33.498874000117134],[-80.10572800013945,33.49931099972318],[-80.10667999964326,33.49986899978108],[-80.10691499981989,33.499875000019905],[-80.10791999992549,33.499899000221994],[-80.10892400020613,33.49992399970753],[-80.10948800027076,33.499696000206924],[-80.11005300016026,33.49946700006135],[-80.11037399965232,33.49933600012765],[-80.1104549998432,33.49931099972318],[-80.11160800008676,33.49895399969226],[-80.1131179998074,33.49878399994491],[-80.11332600021987,33.498848000276766],[-80.11638800039228,33.49979199967556],[-80.11644899959332,33.49980999965774],[-80.11651100041591,33.499828999676446],[-80.11661500017298,33.4998450003198],[-80.11692899999234,33.49989600010346],[-80.11703399957433,33.49991400006402],[-80.11714200042768,33.499929999942545],[-80.11722000024548,33.49994100037236],[-80.1172489996595,33.49994699985708],[-80.11752200036926,33.499988999984105],[-80.11777900028723,33.50002799997685],[-80.11779600000567,33.5000310000908],[-80.11788100039448,33.50004399983431],[-80.11796599988497,33.50005700032497],[-80.11811999987076,33.50007800036431],[-80.11858199982811,33.5001429997762],[-80.11873599981392,33.50016499983112],[-80.11882100020271,33.5001889999528],[-80.11907700029576,33.50026200031317],[-80.11916299961116,33.50028699969389],[-80.12037600012921,33.50087500030489],[-80.12103200025533,33.50119399972949],[-80.12273299977169,33.50232999991851],[-80.12330299968407,33.50252799970362],[-80.12397100040407,33.502555999954446],[-80.12406099991745,33.50255999998955],[-80.12480400008221,33.502509000277264],[-80.12531799991811,33.50248200002092],[-80.1254869999725,33.50244599966594],[-80.12554899989678,33.50243500030356],[-80.12596200034865,33.50224299963137],[-80.12611899980918,33.502172000219026],[-80.12694200033988,33.50154700017877],[-80.12704400044713,33.50134400028303],[-80.12753200034375,33.5003789998696],[-80.12764000029878,33.50016499983112],[-80.12763899957555,33.499964999807034],[-80.12745299980273,33.499256000156365],[-80.12723000021995,33.49870899972987],[-80.12714200035641,33.49849199989043],[-80.12689799995894,33.497830000157286],[-80.12687500039273,33.497769000014294],[-80.12683000018687,33.4976470003485],[-80.12629799990933,33.4968350002802],[-80.1262679997721,33.49674699963826],[-80.1261420002737,33.49637599989831],[-80.12600300035653,33.495505999924525],[-80.12600199963332,33.49536700000481],[-80.12599999998349,33.49508700005485],[-80.12618099973345,33.49473899997872],[-80.1262970000844,33.494584000211375],[-80.12631399980285,33.49456300033757],[-80.12679400020187,33.49392600024619],[-80.1272750004258,33.49328799984738],[-80.12728499957323,33.493273999722526],[-80.12770499969781,33.4928920002578],[-80.12802500026325,33.49278399991922],[-80.12881500028368,33.49251599985672],[-80.12941799980803,33.49244000007939],[-80.13001200000987,33.492429000194804],[-80.1311619998804,33.49254599984906],[-80.1312880002771,33.492558999967336],[-80.13224399997888,33.49270999987307],[-80.13258999958529,33.492764999852696],[-80.1332170002974,33.49286399987774],[-80.13364800029262,33.49286199963623],[-80.13443199956696,33.49250299973198],[-80.13479499979012,33.49222700002265],[-80.13494200010321,33.49200399963397],[-80.13503800036267,33.49185799990831],[-80.13513299989891,33.49171300007048],[-80.13518399995253,33.4916360002026],[-80.1352939995574,33.49139400017197],[-80.13535600037999,33.49126000034084],[-80.13541699958104,33.49112500016154],[-80.13575200021512,33.490391000054125],[-80.13595499970639,33.48933399984114],[-80.13596599957704,33.48927700035465],[-80.13609100014882,33.48898999978108],[-80.13625900037832,33.48860599980745],[-80.13648299978598,33.488244999891045],[-80.13652499961879,33.488178000187176],[-80.13699199959902,33.48777200015739],[-80.13753700029537,33.4874380002228],[-80.13824500030002,33.48718499989721],[-80.13860599997504,33.48710899993635],[-80.13926899977385,33.48697000002271],[-80.13976800043945,33.48693900015709],[-80.14053400017043,33.486891000053284],[-80.14092599980759,33.48676699966184],[-80.14127999980992,33.486661000310335],[-80.14156699986509,33.4864330003467],[-80.14198399961661,33.485754000116636],[-80.1424120001371,33.48522700023575],[-80.14323300011966,33.48460199999376],[-80.14350099990826,33.48450399973139],[-80.14410400033096,33.48438799991976],[-80.14467000004538,33.48438500001295],[-80.14521900004138,33.484534000251635],[-80.1453129997527,33.48455899967825],[-80.145995999643,33.48499900024326],[-80.14620800025344,33.485174999843395],[-80.14673999963267,33.48574199992899],[-80.1468250000215,33.485833000374015],[-80.1469399996492,33.48591999991968],[-80.14726400041263,33.48616600030646],[-80.14759599977532,33.486417999667566],[-80.14817200043383,33.48665700028985],[-80.14870999966085,33.48677499969245],[-80.14885600014904,33.48679300013321],[-80.14924699996129,33.48684400011312],[-80.14966899973567,33.486794000324096],[-80.15025200006687,33.48654899966716],[-80.15056800043436,33.486490999651714],[-80.15105600033098,33.486432000151645],[-80.15135300043191,33.48633300026529],[-80.15166800007619,33.486082000106755],[-80.15208499982771,33.48541800022757],[-80.15214599992706,33.48519599974627],[-80.15216000017077,33.48514299987458],[-80.15214000007929,33.48494200015135],[-80.15202299990341,33.48467600022544],[-80.151966000002,33.48459699966194],[-80.15191199957533,33.48452199989495],[-80.15185800004697,33.48444800028093],[-80.15173300037351,33.4842749998634],[-80.15158699988532,33.483889000263154],[-80.15111499988221,33.483488000003774],[-80.15083399967482,33.483037999910586],[-80.15079100001712,33.482731000132226],[-80.15076099987989,33.48236699972706],[-80.15075099983416,33.48190100034333],[-80.15089300012437,33.481489000096076],[-80.15153099980883,33.48079199988451],[-80.15178799972678,33.48047600026189],[-80.15186499971968,33.480255000118234],[-80.1521269996605,33.479506999944206],[-80.15220100017866,33.4790710003252],[-80.15214199972911,33.478789000317306],[-80.15204499964473,33.47857200001042],[-80.15199100011637,33.4785139998985],[-80.1514999998467,33.47798599988438],[-80.1510219999958,33.47747200008325],[-80.15083899969771,33.477272000094544],[-80.15064600025217,33.47704700030472],[-80.1504720001749,33.47667600008781],[-80.1503249998618,33.47636299987307],[-80.15021400043204,33.47619999992868],[-80.15005799989811,33.4759679996399],[-80.14990100043758,33.47573699979778],[-80.14935800028937,33.475221999817336],[-80.14903199987614,33.474913999736785],[-80.14881400031624,33.47470699977303],[-80.14866600017822,33.47456600027476],[-80.14822199976422,33.474020000084934],[-80.1481280000529,33.47395099993957],[-80.14797200041728,33.47383599982499],[-80.14762599991256,33.47368399964139],[-80.14722599987948,33.4735650000461],[-80.14704000010664,33.47350999986306],[-80.1458209997408,33.473249999887706],[-80.1451570001171,33.473012000090954],[-80.14506400023068,33.472967000065324],[-80.14443700041687,33.47266100017065],[-80.14406099977492,33.47236499977332],[-80.14369500007705,33.472060000361765],[-80.14338600028054,33.471666999977074],[-80.14283499973641,33.47088099985549],[-80.14225499977827,33.47005200007571],[-80.14197600011902,33.469802999978015],[-80.14161000042112,33.46956299967618],[-80.14147099960564,33.46949300008744],[-80.1408699997311,33.46918800030948],[-80.13956300040005,33.468686999978374],[-80.13705699989634,33.467829000303645],[-80.1359840000187,33.467347000011024],[-80.13575999971272,33.46724699963013],[-80.13539499983973,33.467047000020926],[-80.13496100036978,33.466711000268006],[-80.1339210001041,33.465757000146304],[-80.13364499991958,33.46550799969917],[-80.13242700027698,33.46440999969646],[-80.13219799994812,33.464180000221795],[-80.1320130000002,33.46399300018936],[-80.13179899973996,33.46354200030285],[-80.13176000028021,33.46340500021993],[-80.13176000028021,33.46339200022273],[-80.13176799977781,33.46308300034874],[-80.13183300007513,33.46268699981662],[-80.13219200010033,33.46187099982877],[-80.13263899998908,33.46126400022302],[-80.13300800006002,33.46101699983729],[-80.13303999984707,33.46099600006935],[-80.1330900000758,33.46099399984141],[-80.13435200009931,33.46093999966419],[-80.13472700001805,33.46096100019507],[-80.13512000037844,33.46108100034763],[-80.13540499988548,33.46129699975404],[-80.13564799955972,33.46148200013964],[-80.13577399995643,33.46157799999781],[-80.13643900030337,33.462123000159835],[-80.13672899983328,33.46250800033371],[-80.13690899975833,33.46280000030053],[-80.1374350001881,33.463658000296746],[-80.13781099993174,33.464175000210155],[-80.13796599974245,33.46438900000105],[-80.13825600017067,33.46468600035879],[-80.13874700044035,33.465062000161936],[-80.13933300024627,33.46530099974904],[-80.13994699964128,33.4654189997631],[-80.14065600036916,33.46544700002224],[-80.14119299977128,33.4654200002007],[-80.14281100034528,33.465064999988414],[-80.14317000037047,33.46488900000266],[-80.14379499963614,33.46458399976022],[-80.14424300024812,33.464105999720175],[-80.14442900002096,33.463573000297],[-80.14448799957219,33.46340300004758],[-80.14456100026543,33.46283000009255],[-80.1442569995935,33.461742999927246],[-80.14412799972207,33.46154100014318],[-80.14410299960771,33.46150200005642],[-80.14367800035859,33.46109300020385],[-80.1434189998925,33.46098100023205],[-80.14323899996745,33.46097000009988],[-80.14293000017096,33.46095200028932],[-80.14196199987532,33.46098100023205],[-80.14094599989907,33.46085700022825],[-80.1402350004197,33.46059500027766],[-80.13972599970835,33.460355999706486],[-80.1391869997581,33.45999600023643],[-80.13885600022029,33.459614999918564],[-80.13883000028103,33.4595860002684],[-80.13854900007362,33.45911200019195],[-80.13840299958545,33.4587100001643],[-80.13836599977553,33.4584709996428],[-80.13821000013992,33.45746199964631],[-80.13805299978108,33.456452000107504],[-80.13796499991754,33.45588100027374],[-80.13794300017622,33.455453999933184],[-80.13809399978896,33.45503399989361],[-80.13829299998059,33.45467000006253],[-80.13876900018167,33.45416799994664],[-80.13919900035198,33.4539800002332],[-80.13962000030145,33.453863000209765],[-80.13964899971545,33.45385599995993],[-80.14007999971068,33.45382200002328],[-80.14038699985734,33.45384499967329],[-80.14052699959943,33.45389600030921],[-80.14083799994404,33.454007999690106],[-80.14114900028866,33.45412100024384],[-80.14119100012147,33.45414399981454],[-80.14133199968846,33.45422999988234],[-80.14149099969711,33.454334000303554],[-80.1416940000867,33.454466999723664],[-80.14195400037771,33.45467499987288],[-80.14223399986187,33.455133000316394],[-80.14252699976483,33.45593799999684],[-80.14261399980347,33.45658800014612],[-80.14261700017653,33.45660699990307],[-80.14273400035239,33.45693699963283],[-80.14280799997222,33.45702500024796],[-80.143186000264,33.45747099991429],[-80.14356500038069,33.45791700028427],[-80.14365999991692,33.45802899971767],[-80.14387199962903,33.458221000229905],[-80.14416000040744,33.45834900008531],[-80.1442420004232,33.45837400032191],[-80.14487099988682,33.45856300001876],[-80.14540900001218,33.45876899980595],[-80.14597200025186,33.459024000196116],[-80.14625400028419,33.45915200036488],[-80.14709899965787,33.459438000351994],[-80.14733499965942,33.459510000079575],[-80.14751200010974,33.459565000153844],[-80.1477969996168,33.4595860002684],[-80.14821199971848,33.459617000178376],[-80.1486920001175,33.45976000027232],[-80.14905000031779,33.4599379996824],[-80.14943199990921,33.46012699971701],[-80.14975800032245,33.460221999828576],[-80.1506689998184,33.46026500023142],[-80.15073199956758,33.460245999777186],[-80.15079600003999,33.46022700006823],[-80.1509580004217,33.460179999902536],[-80.15111999990509,33.460131999962144],[-80.15116599993584,33.46011799972469],[-80.15119400042326,33.460096999738994],[-80.15216299964551,33.45937400012766],[-80.15234299957056,33.459002999945426],[-80.15235699981426,33.45897400009056],[-80.1523590003624,33.458902999681264],[-80.1523610000122,33.45884499989487],[-80.15236400038528,33.458758000142524],[-80.15238100010372,33.458192000113414],[-80.15214699975198,33.45743500033558],[-80.1520299995761,33.45716199992078],[-80.1518660004429,33.45691199973129],[-80.15137500017322,33.45665699987468],[-80.15134800040903,33.45664699973279],[-80.15029999974746,33.456268000024345],[-80.1498670001024,33.456067999816916],[-80.14978099988866,33.45599600022894],[-80.1496000001387,33.455845999833464],[-80.14929700019002,33.45566599991574],[-80.1487470003691,33.45534100036704],[-80.14861099992666,33.45518000022011],[-80.14855200037543,33.45501399998375],[-80.14801199970195,33.45349800013445],[-80.1478810001807,33.45242599971088],[-80.14789799989912,33.45223799996838],[-80.14796300019647,33.451530999856054],[-80.14802799959546,33.45082300011951],[-80.14805199988491,33.45056199968912],[-80.14815300016726,33.45028599978376],[-80.14830600032812,33.44986700006534],[-80.149698000048,33.448634000172355],[-80.15000299964652,33.44846299997938],[-80.150719999872,33.448176999771135],[-80.15155300044844,33.44800299975954],[-80.152338000446,33.44792600002209],[-80.15400499962718,33.44792600002209],[-80.15576100029342,33.44824700008221],[-80.1584560000447,33.44871600018472],[-80.15916499987426,33.44874399984209],[-80.16065000037887,33.44874399984209],[-80.16114900014615,33.44879000033044],[-80.16146100031568,33.44894700008613],[-80.1615540002021,33.44903399993815],[-80.16171800023365,33.44920599963006],[-80.16176699973911,33.44951299974891],[-80.1617640002644,33.449540999898566],[-80.16176199971625,33.44955000023922],[-80.16169300011927,33.450004999670234],[-80.16158000014137,33.45039300002239],[-80.161370999904,33.45066000011224],[-80.16095199960435,33.450993000301935],[-80.16073300021955,33.451332999667095],[-80.16048799999716,33.451881999897566],[-80.16044199996641,33.45233400031838],[-80.15977900016759,33.45348299974939],[-80.15954200034113,33.453847000066155],[-80.15870600028995,33.45513400012326],[-80.15856599964955,33.45569900007851],[-80.15853600041063,33.45702999992257],[-80.15865299968819,33.45743200024508],[-80.15898199957617,33.45789800006492],[-80.15929999959349,33.458276000372415],[-80.16063699996008,33.45906699969424],[-80.16108999969661,33.459427000024064],[-80.16166899982984,33.46010100023633],[-80.16190599965628,33.46032200007026],[-80.16193900016657,33.46035299971705],[-80.16219799973435,33.46051699998489],[-80.16243899975876,33.46066999977233],[-80.16257299965307,33.46070100004413],[-80.16272699963886,33.46070000030146],[-80.16317299970268,33.46051499974591],[-80.16349999994084,33.460381000113756],[-80.16352699970501,33.46036600017005],[-80.16360899972078,33.46032599980771],[-80.1636370002082,33.460313000098175],[-80.16370400015533,33.46028799967131],[-80.1639069996466,33.46021700033809],[-80.16397399959375,33.460191999883484],[-80.1642649998469,33.459966000213136],[-80.16459799993284,33.45963399976164],[-80.16475000026878,33.45937499988557],[-80.1648149996678,33.45895500010279],[-80.1648270002617,33.45788299969161],[-80.16502399990519,33.45724499989621],[-80.16502899992804,33.45645399969081],[-80.16514799975374,33.455549999720816],[-80.16523999981526,33.45523800020975],[-80.16532699985387,33.45494499969719],[-80.1655600003807,33.45451799999376],[-80.16581999977338,33.45403900009546],[-80.16671299972597,33.452776000043485],[-80.16770299976294,33.45182700019636],[-80.17056499991878,33.449738999681514],[-80.1711280001585,33.44942899999533],[-80.17177800043683,33.44911899995057],[-80.17249499976401,33.44888099985584],[-80.17339399956437,33.44869100016174],[-80.17453400028747,33.448564000173555],[-80.175684000158,33.44861400028552],[-80.17596199999234,33.448692999924],[-80.17613600006963,33.448861000025964],[-80.17657399973754,33.449946999928216],[-80.17683599967836,33.451076000186205],[-80.17687900023436,33.45126000004366],[-80.17718800003087,33.45312899995244],[-80.17736200010813,33.45341100026342],[-80.17761300017831,33.453708000006124],[-80.17829699989352,33.45423600028478],[-80.17921900015841,33.45460200006473],[-80.17988100013233,33.45471899984053],[-80.17997999986652,33.45471800002887],[-80.18028000034049,33.45472100021328],[-80.18037999989961,33.454722999836456],[-80.1810209999571,33.4546309998829],[-80.18257800043173,33.453823999667236],[-80.18304399968873,33.45333700031313],[-80.18314599979598,33.452861000135954],[-80.18314400014616,33.45253099988404],[-80.18292999988591,33.451934999876535],[-80.18247499960125,33.45120400009577],[-80.18135599969287,33.45007300027464],[-80.18119199966134,33.449920999643616],[-80.18108500042953,33.44960699962662],[-80.1810829998814,33.44937300036417],[-80.18120599990503,33.44907400026299],[-80.18152899994521,33.448659000211755],[-80.18166200001463,33.448490999718466],[-80.182520999632,33.44800199987047],[-80.18288499968008,33.447894999680194],[-80.18329599958382,33.447859999764425],[-80.1835269995625,33.447924000242146],[-80.18399000024309,33.4484529996421],[-80.18444600035266,33.44929800009225],[-80.18470699957025,33.44963499974589],[-80.1852170001065,33.45005100023925],[-80.18578500036908,33.45037100006816],[-80.18615899956457,33.45046499976544],[-80.18679200012448,33.45051799986079],[-80.18753799976398,33.45039300002239],[-80.18867599993894,33.44994299971199],[-80.18946799960918,33.44951899972824],[-80.19000200043489,33.44911299994362],[-80.1915740000798,33.447507000145684],[-80.19347499961269,33.44600200002308],[-80.19426200015839,33.445379000056015],[-80.19435900024276,33.445313000109],[-80.19533000001314,33.444654999981026],[-80.19682899986314,33.443889000288756],[-80.19751699977631,33.44364299982159],[-80.19909699981716,33.44339999998247],[-80.1993749996515,33.44348700015116],[-80.19984699965461,33.44391200032417],[-80.20014799995349,33.4444420001359],[-80.20028600004575,33.445037999914184],[-80.20028000019796,33.44552199964399],[-80.20013799990775,33.44582900005984],[-80.1990850001216,33.447152999941046],[-80.19768599983071,33.44891600010916],[-80.19724200031503,33.44977299971993],[-80.19720600033001,33.4502249998898],[-80.1972270002464,33.450522999910575],[-80.19742200024008,33.4509170000764],[-80.19809699973445,33.45157499991993],[-80.20053899976573,33.45293200024628],[-80.20100900011902,33.45297700018055],[-80.20151700010713,33.452991000072075],[-80.20494499997741,33.452741999683404],[-80.2067180003621,33.45261399979532],[-80.20735000019879,33.45257000025862],[-80.2077800003691,33.45248700030522],[-80.20816199996051,33.45229099972973],[-80.2085899995827,33.45180499985639],[-80.20866499992574,33.45153000000766],[-80.20866400010085,33.451295999937514],[-80.20851799961267,33.45099900017889],[-80.20783200024765,33.450163999952984],[-80.20744399991011,33.4494889998276],[-80.2073159998636,33.448980999685475],[-80.20726499980998,33.44844100028514],[-80.20731800041175,33.44781999962926],[-80.20727800022878,33.44757800014196],[-80.20718100014439,33.44733699987622],[-80.20690999998274,33.44693499997702],[-80.20506100032837,33.44521700023269],[-80.203718000114,33.44397000035386],[-80.20341799964002,33.443464000003075],[-80.20332099955564,33.44321400005289],[-80.20331800008091,33.44289200015893],[-80.20345000032539,33.44246399962769],[-80.20366799988528,33.44210000026047],[-80.20371899993891,33.44206600021279],[-80.2040210000627,33.441871999994284],[-80.20473699956496,33.44177000029267],[-80.20479600001453,33.441761999855366],[-80.20656000017837,33.441969999741566],[-80.20791500008832,33.44236099991844],[-80.20895500035398,33.44266199982417],[-80.20994000036808,33.44294600033162],[-80.21289600023528,33.44380099983613],[-80.2131740000696,33.44388299991997],[-80.21385000028721,33.44417600032684],[-80.21414499984,33.44430499985702],[-80.21468399979025,33.44466400007911],[-80.21529100041087,33.44516100013091],[-80.21602500035482,33.445994999888285],[-80.21657500017571,33.44662099964354],[-80.2170179998665,33.446965000011424],[-80.21747999982387,33.447188000142056],[-80.21871400025832,33.447631999646276],[-80.21895899958237,33.44771999996017],[-80.22076299992919,33.447982999727266],[-80.22132899964363,33.448003999648606],[-80.22211299981629,33.44790300030143],[-80.22236200023661,33.44775599982431],[-80.22246400034388,33.44730400027914],[-80.22246199979573,33.446957000053224],[-80.22239099965061,33.44650599999845],[-80.22220400005287,33.44617000009039],[-80.22206099993775,33.4459109997258],[-80.22173100022486,33.445194999715156],[-80.22161300022408,33.44483299966514],[-80.22161200039918,33.44456700030546],[-80.22169600006477,33.44432499998782],[-80.22187599998982,33.44396100018378],[-80.22201800028003,33.443814999709694],[-80.22226699980206,33.44371599985936],[-80.22216200022008,33.439563999995016],[-80.22155999962231,33.43570499986602],[-80.22149699987312,33.43524000003254],[-80.22147900032978,33.43510000010246],[-80.22148500017755,33.43458400005912],[-80.22159499978243,33.43372899968391],[-80.22186699976898,33.43289699983775],[-80.22422099993672,33.42705199976054],[-80.22454099960387,33.42620300024951],[-80.22472800009992,33.42547600016372],[-80.22481699978839,33.424483999947874],[-80.2247740001307,33.42379100018511],[-80.22464199988619,33.42282400019467],[-80.22413100042336,33.4208989997058],[-80.22390799994227,33.419127000358024],[-80.22383400032244,33.41812699996103],[-80.22384199982004,33.41504600016329],[-80.22398800030821,33.41402099974561],[-80.22422900033264,33.41277799968807],[-80.2245299997332,33.41202600033],[-80.22497499997213,33.411240999896634],[-80.22495300023083,33.41075799976188],[-80.22498699966769,33.41056200015831],[-80.22520099992795,33.4093370001142],[-80.22189299970826,33.404542000158806],[-80.2219670002264,33.403086999750606],[-80.22197800009707,33.40285800008896],[-80.22201300025716,33.4021709997324],[-80.22202499995274,33.40194300032602],[-80.22206900033366,33.40106900030892],[-80.22220200040304,33.398446000297646],[-80.22220499987779,33.398369000092906],[-80.22224699971058,33.39757300007518],[-80.22227299964986,33.397061000148895],[-80.22234999964274,33.395528000251765],[-80.22237700030524,33.39501700002683],[-80.22238599962775,33.39483199967864],[-80.22241400011515,33.39427700002144],[-80.22242400016091,33.39409300010829],[-80.22244000005442,33.39377100026036],[-80.22248899955991,33.39280600008403],[-80.22250600017666,33.39248600027541],[-80.22251600022241,33.39227699979954],[-80.22254800000945,33.39165200018327],[-80.2225589998801,33.39144399974273],[-80.22256800010095,33.39128800002317],[-80.22269100012458,33.39129199994259],[-80.22353100037373,33.391324999832925],[-80.22381099985788,33.39133599979361],[-80.22410100028611,33.3913469997529],[-80.22497099977417,33.39138100016375],[-80.2252610002024,33.391392999908504],[-80.22540400031752,33.391392999908504],[-80.22583500031276,33.39139600003192],[-80.22597900025279,33.39139699982303],[-80.22876199986763,33.39152299966216],[-80.22987599975313,33.39157499995921],[-80.23023300012852,33.38434000025053],[-80.23024499982408,33.38410499994595],[-80.2323999998002,33.38412499969342],[-80.23265800044136,33.38442399998188],[-80.23266500011405,33.38443099983077],[-80.23268600003045,33.38445499973719],[-80.23269299970315,33.38446400007545],[-80.23277100041928,33.384555000275995],[-80.23300800024573,33.38482900017289],[-80.23308699988846,33.38492099985706],[-80.23430799990409,33.386335999922274],[-80.23797299960084,33.390584999895346],[-80.23846300004563,33.39115300019857],[-80.23882500044387,33.39009299992875],[-80.23887800014731,33.389934999668895],[-80.2390399996307,33.38946000035297],[-80.23909400005738,33.38930400007306],[-80.23922499957864,33.38891700023254],[-80.23961999958884,33.38776299970526],[-80.23975299965822,33.387378000179915],[-80.23977399957462,33.3873130002282],[-80.23980999955964,33.38720799991501],[-80.23983899987196,33.3871210003524],[-80.23985599959039,33.38707500018633],[-80.23986200033649,33.38705799989056],[-80.23988400007781,33.38699400029141],[-80.2399600002458,33.386776000013995],[-80.24018399965345,33.386255999939074],[-80.24121300004846,33.383875999772265],[-80.24155700000506,33.3830840000899],[-80.24156799987571,33.382574000112804],[-80.24160700023378,33.38104600005679],[-80.24162200030239,33.38053899987626],[-80.24162800015017,33.38036400015156],[-80.24163800019592,33.38009899972652],[-80.24164700041673,33.3798459998325],[-80.24165400008944,33.37967399999121],[-80.24167300035602,33.37923300003452],[-80.24173299973215,33.37791300008725],[-80.24174899962568,33.37757600032046],[-80.24175199999873,33.37747300015337],[-80.24176799989226,33.37696400023174],[-80.24178799998374,33.37634799973064],[-80.24178999963357,33.37605400001632],[-80.24176200004447,33.3757889999606],[-80.24171799966355,33.37546499988237],[-80.24171000016594,33.375440999745216],[-80.24164900006656,33.3752120000101],[-80.24157100024877,33.37495300027104],[-80.24149099988283,33.37475200026639],[-80.24145700044595,33.37466700021056],[-80.24129000004137,33.37433199984341],[-80.241192999957,33.37418400008993],[-80.24107499995623,33.37400500036584],[-80.24103399994833,33.37394300014498],[-80.24089699968098,33.37374800002144],[-80.24078899972595,33.37359300005378],[-80.24056600014319,33.37321700005418],[-80.24045999983798,33.37293000028351],[-80.24035299970785,33.3726390002889],[-80.2403269997686,33.372558999707266],[-80.2403059998522,33.37236500024193],[-80.24028800030885,33.372199999942396],[-80.24029199960847,33.37177299983294],[-80.24029300033172,33.37175300024553],[-80.24027599971497,33.371668000259774],[-80.24028300028597,33.37129900034707],[-80.2403419998372,33.37086400009873],[-80.24042899987585,33.37039899970431],[-80.24044599959427,33.37035099962849],[-80.24046900005881,33.370184999975045],[-80.24047900010454,33.36997099971934],[-80.24051699973938,33.369555999679356],[-80.24050699969365,33.368832999886486],[-80.24050599986873,33.36880399991574],[-80.24051400026464,33.36852699963062],[-80.24054199985375,33.367700999803404],[-80.24055199989948,33.36742499982429],[-80.24053199980801,33.36742200037426],[-80.24054699987661,33.36704000028282],[-80.24053400035613,33.36671900010131],[-80.24052500013529,33.366467999704504],[-80.24045099961714,33.36606799994598],[-80.24037299979935,33.36571700034427],[-80.24024499975283,33.3653559999223],[-80.24001499959905,33.36490399984269],[-80.23992300043587,33.36472800007288],[-80.23960000039567,33.364107000176624],[-80.23950300031129,33.36388999965358],[-80.23923600034762,33.36328600022328],[-80.23921899973087,33.36323900008934],[-80.23913699971509,33.363019000050606],[-80.2390739999659,33.362840999980484],[-80.23901299986653,33.36248500024848],[-80.23900600019383,33.36243299981168],[-80.23897100003374,33.36214599972739],[-80.23895900033817,33.36168599991847],[-80.23895900033817,33.36118900006697],[-80.23894599991938,33.360712000257344],[-80.23894799956919,33.360630999817644],[-80.23895799961494,33.36022000009286],[-80.23898399955421,33.360032000283724],[-80.23900199999586,33.359948000253674],[-80.23904700020172,33.35962700016904],[-80.23918299974585,33.358840999759195],[-80.23938699996035,33.35766600005582],[-80.2397929998412,33.35523100004416],[-80.23980399971187,33.35516099978989],[-80.23982999965112,33.35478299999545],[-80.23981899978048,33.35455299969443],[-80.23977199992481,33.35420099994912],[-80.23974199978757,33.354025999763365],[-80.23969499993193,33.35374199963938],[-80.23964200022847,33.35341900022158],[-80.23957600010623,33.352953000159985],[-80.23957600010623,33.352915999782546],[-80.23958100012909,33.352638999945135],[-80.23958100012909,33.35260999982992],[-80.23958199995401,33.35259200006405],[-80.2395879998018,33.35252199993866],[-80.23959100017484,33.35249500026121],[-80.23960000039567,33.35239599987127],[-80.23961899976393,33.352201000229286],[-80.23964200022847,33.352102999747885],[-80.2396659996196,33.352009000131936],[-80.2396730001906,33.35198200029532],[-80.23969499993193,33.35190899969462],[-80.2397019996046,33.35189000028891],[-80.23973099991693,33.35177300002615],[-80.23973900031285,33.35175000035364],[-80.23984800009279,33.351456000056785],[-80.23987800023002,33.35137699975929],[-80.23989400012354,33.35134900022549],[-80.24001499959905,33.35110600030258],[-80.2400599998049,33.351020000151905],[-80.24031000005014,33.35062599998093],[-80.24047400008169,33.35041700020813],[-80.24063999976303,33.350210999977],[-80.24064899998386,33.350204999890124],[-80.24078600025122,33.350050000003456],[-80.2412719995997,33.349503999898765],[-80.24202700035833,33.34863200011501],[-80.24230600001759,33.34823299970675],[-80.24261399998919,33.34779400004305],[-80.24332100016892,33.34670400024025],[-80.24358800013262,33.34622499997244],[-80.24378300012627,33.34582399991046],[-80.24391500037075,33.34549499997006],[-80.24411600021222,33.34494600034218],[-80.24445699979576,33.34394100029385],[-80.24462400020033,33.34348399985463],[-80.24478999988168,33.343151999791814],[-80.24511399974678,33.34269499971461],[-80.24605299973011,33.341540999851034],[-80.24677800035153,33.34065400025813],[-80.24722000021741,33.340111999791375],[-80.24745399967082,33.33975499977373],[-80.24758300044056,33.3394780000909],[-80.24764600018975,33.33934599982372],[-80.24768899984747,33.33922400026308],[-80.24780299965028,33.33890399995141],[-80.24788899986399,33.338432999753145],[-80.24789399988687,33.338408999909035],[-80.24789999973466,33.33816300018785],[-80.24789300006195,33.338044000183224],[-80.24788499966603,33.33782799963328],[-80.24786899977252,33.3376919997349],[-80.24785799990185,33.33757699997517],[-80.24782000026703,33.33705099977172],[-80.24770899993894,33.335473000366434],[-80.24767200012903,33.33494900034545],[-80.24766499955801,33.33485399978204],[-80.24765100021263,33.33465399991642],[-80.24759400031122,33.33377299970265],[-80.24757599986957,33.33347900025111],[-80.24757099984667,33.33341300009997],[-80.24755800032621,33.33322099985368],[-80.24755400012825,33.333156999677534],[-80.24749200020398,33.33226399969122],[-80.2473189999516,33.329745999882896],[-80.24730399988299,33.32958500035166],[-80.24727200009593,33.32922899972603],[-80.24728799998947,33.32868700022228],[-80.24733700039326,33.328291000051365],[-80.24735800030966,33.32812300020845],[-80.24751399994527,33.32773299986039],[-80.24768399982459,33.32730500024078],[-80.24776599984035,33.32716799989728],[-80.24797500007772,33.32682299976562],[-80.2480090004129,33.32676399981082],[-80.24806700013924,33.32666800029513],[-80.24811200034507,33.3266050003444],[-80.24815099980482,33.326556000351225],[-80.24821799975196,33.326467999650966],[-80.24874500000666,33.32577199971543],[-80.25053000008693,33.323414000090914],[-80.25112500011366,33.32262999971041],[-80.25124399993936,33.32247299987233],[-80.25132099993226,33.3223640000431],[-80.25157600020037,33.32200899977825],[-80.25185700040777,33.321635000318004],[-80.25190599991326,33.32156199980057],[-80.25209400023424,33.32128900020293],[-80.25229500007568,33.32076299999137],[-80.25244700041165,33.320255000055845],[-80.25250099994001,33.319575000147644],[-80.25249599991714,33.31951300019018],[-80.25230000009856,33.31652000009747],[-80.25223999982411,33.31525100036108],[-80.25218100027287,33.31401200031326],[-80.25209500005916,33.31217799980004],[-80.25208699966322,33.311950000249105],[-80.25207499996765,33.31171199979203],[-80.25200899984543,33.310313999838314],[-80.25200800002051,33.31023299981611],[-80.25199899979967,33.30992100019523],[-80.25199999962459,33.30985600019622],[-80.25200499964747,33.30960400030805],[-80.25206099972395,33.30912800020036],[-80.25207599979257,33.30900199967064],[-80.25218799994556,33.30831099987402],[-80.25245200043453,33.30697600011497],[-80.25259399982643,33.30626100033973],[-80.25283700039898,33.30488199998157],[-80.2535710003429,33.30075600036295],[-80.25381499984206,33.29938299988822],[-80.25381700039021,33.29937000012333],[-80.25382300023799,33.29933400035994],[-80.25383599975848,33.29925999984031],[-80.25399099956917,33.29934499993468],[-80.25468000020557,33.29975500002143],[-80.25525799961557,33.2999590000022],[-80.25564199975513,33.300002000139685],[-80.25627699996484,33.29974299965441],[-80.25651700016437,33.29964899985043],[-80.2573869996524,33.298837999938584],[-80.25834099970436,33.29770300035543],[-80.25924200005286,33.297235000086566],[-80.25967800007095,33.296863999844504],[-80.26029999986189,33.29573099963375],[-80.26051699959686,33.295385000333006],[-80.26106200029322,33.294896999672396],[-80.2615819999769,33.29477799990667],[-80.2620189998199,33.294499000368454],[-80.26242399987586,33.29371300019027],[-80.26299399978825,33.29285699967904],[-80.2635119998221,33.292325000322606],[-80.26389400031184,33.292210000019786],[-80.2640189999853,33.29218500003187],[-80.26457600037723,33.292073000088045],[-80.2657220000498,33.29202800018412],[-80.26662199967508,33.291799000330116],[-80.26724000016637,33.29153100008525],[-80.26752300002359,33.291409999856235],[-80.26948700020398,33.2909070003265],[-80.26992300022208,33.290677999783036],[-80.27019600003355,33.29042600004798],[-80.2707419996565,33.28937199985352],[-80.27180700003653,33.28783700016183],[-80.27259899970679,33.28572999984633],[-80.27306300021228,33.2853410001019],[-80.27461800013877,33.28499699992375],[-80.27539100044075,33.28470599971647],[-80.27540899998411,33.28469999962455],[-80.27699099967477,33.28364600010915],[-80.27786400043418,33.28300499994922],[-80.27821900026142,33.28286799983401],[-80.27830100027717,33.282775999696234],[-80.27841000005712,33.282775999696234],[-80.27854599960123,33.28259300017053],[-80.28011499977144,33.282358999627114],[-80.28061500026195,33.28213600020073],[-80.28109999978554,33.28192100033215],[-80.2829779997522,33.281282000129146],[-80.28412199977497,33.28082500005406],[-80.28665400021792,33.27947699972211],[-80.28700900004517,33.27934099965353],[-80.28779800024068,33.27922600026401],[-80.28861400020037,33.27922699984137],[-80.28926799977835,33.2791129998804],[-80.289390999802,33.278978999907174],[-80.28975900004802,33.27858199968135],[-80.28978599981221,33.2784030002243],[-80.29019500006612,33.27812800001185],[-80.29024100009687,33.27805299994007],[-80.290412999626,33.27778500028874],[-80.2908770001315,33.276890999778246],[-80.2911990003468,33.27663199978331],[-80.29142299975446,33.27645599966143],[-80.29168700024341,33.276324999698794],[-80.2917140000076,33.27623199981239],[-80.29179500019846,33.275959000252016],[-80.29182299978754,33.2758690003254],[-80.29251499989867,33.27495200005704],[-80.2927340001818,33.27466500017841],[-80.29336400036864,33.273342000245016],[-80.2938199995799,33.272474000091506],[-80.29412400025184,33.271912000064276],[-80.29448099972889,33.271255999827225],[-80.29478600022573,33.270996999639515],[-80.29546800029112,33.27041800008378],[-80.29600399986833,33.26996400002078],[-80.29779599962126,33.26911500026732],[-80.29831500037835,33.26887200013227],[-80.29861499995403,33.26875500032683],[-80.29997599971173,33.26822299976743],[-80.3019430002652,33.26745899997027],[-80.30411300030993,33.266781999957054],[-80.3050639999888,33.266485999751325],[-80.30527999989887,33.266419999964526],[-80.30551000005265,33.266352999651986],[-80.30806500006184,33.26560500026205],[-80.30927699985665,33.26524800008723],[-80.31159400021448,33.2645710002109],[-80.31474000005245,33.26410700003865],[-80.31720300000015,33.26411800029784],[-80.31996300004874,33.26477199983767],[-80.3207339998026,33.265199999908255],[-80.32226399961472,33.2660520001024],[-80.32387200014297,33.267518000240926],[-80.32406299993868,33.26769200018319],[-80.32559799977368,33.26905400018571],[-80.3278869996441,33.270747000260776],[-80.3301250003592,33.27222900022505],[-80.33227699996225,33.2732600000441],[-80.33493599972853,33.27461499990681],[-80.33765899996719,33.275871999923865],[-80.34036700013726,33.2767660003551],[-80.3430240002537,33.27747399986098],[-80.34464500030244,33.2778480002163],[-80.34708099958762,33.27804100034316],[-80.34892699976724,33.278023000193755],[-80.35088299955173,33.27780200014253],[-80.35216700021488,33.27750300019887],[-80.35274700017301,33.27736599970923],[-80.35442000010028,33.27675999971738],[-80.35505500030999,33.2763660002471],[-80.35596199960797,33.275807999704874],[-80.35735400022615,33.27477499992412],[-80.35819199992714,33.273666000212366],[-80.35821700004149,33.273635000068154],[-80.35909999994834,33.27199499968922],[-80.3598289998694,33.26912200037244],[-80.36023399992536,33.26759199988748],[-80.36064700037723,33.2658850002617],[-80.36130099995519,33.26307700008096],[-80.36145800031404,33.26160900020527],[-80.36149199975091,33.26130000031811],[-80.36174899966888,33.259456999920204],[-80.36185099977612,33.257443000196126],[-80.36224599978632,33.257634999775895],[-80.36430200002823,33.258555000295644],[-80.36459900012916,33.258629000024236],[-80.36563900039484,33.25889299988523],[-80.36692800018253,33.2591770003473],[-80.36826499965082,33.259490000197076],[-80.36938000025957,33.259703999914436],[-80.37089900020104,33.26003200009238],[-80.37190799960628,33.260190000196665],[-80.37310900042873,33.26043299969944],[-80.3734020003317,33.260474000198066],[-80.37481599979287,33.26067500023881],[-80.37537900003257,33.2606439999899],[-80.37638300031324,33.26056700034165],[-80.37766500042825,33.26050199962978],[-80.37947999974742,33.26076899995713],[-80.37960699996901,33.260779000096996],[-80.38094699981036,33.26089600007121],[-80.38197399965725,33.26101200010279],[-80.38323499985586,33.261415000031874],[-80.3844480003739,33.261738000155596],[-80.38567500023731,33.262351999660375],[-80.38647899960314,33.26284999966602],[-80.38753099956439,33.263304999665664],[-80.38856300033245,33.263733999919516],[-80.38874400008241,33.2638139997933],[-80.3898270000058,33.26429099975437],[-80.39187200037706,33.26456399974101],[-80.39260999962062,33.26459500010099],[-80.39420999975293,33.26466300000405],[-80.39481300017563,33.2645380003513],[-80.3955379998987,33.264390000326856],[-80.39555299996732,33.26438599983549],[-80.3956009996479,33.26437600010856],[-80.39561700043976,33.26437300011512],[-80.39630899965256,33.264232000308205],[-80.3988109999583,33.26338400017358],[-80.39908799996773,33.26329100002456],[-80.40143600028769,33.262364999681544],[-80.40413199986388,33.2616030000282],[-80.40748100009145,33.26085700009721],[-80.40845100003693,33.26062399967805],[-80.41024600016293,33.26019800006121],[-80.41172499992143,33.25992800009604],[-80.4132930002667,33.25980999977688],[-80.41536299985401,33.25937100023274],[-80.41733899972996,33.25885100033633],[-80.41776399987742,33.25874100006268],[-80.4199959998464,33.258253000347274],[-80.42211599966241,33.257950000285206],[-80.42445700030969,33.25770900028377],[-80.42709199978651,33.257761999939035],[-80.429351000418,33.25828200030804],[-80.43131399987517,33.258764000240646],[-80.43383399972426,33.25939199988471],[-80.43422600025976,33.259497000322455],[-80.43617199999848,33.260021999867],[-80.4379119998729,33.26087199991593],[-80.43903199960619,33.26138099994939],[-80.43952899972365,33.261617999718815],[-80.43956200023393,33.261633999936834],[-80.43966099996814,33.261681999822045],[-80.43969500030332,33.26169800002833],[-80.44027100006349,33.261974999707604],[-80.44115800016831,33.2624029999634],[-80.44174599962403,33.26313300027127],[-80.44214800020526,33.26363200008687],[-80.44359900037468,33.26493600033021],[-80.44510499989735,33.26608700034788],[-80.44530900011186,33.26624400028925],[-80.447283000338,33.26786500007133],[-80.44949799969027,33.26953899982947],[-80.4516829998036,33.27065599979252],[-80.45348999962516,33.2709950002962],[-80.45514900020703,33.27091899968185],[-80.45683899985274,33.27084499985018],[-80.45885900010963,33.270849000045665],[-80.45899399982885,33.27083700020971],[-80.46031299975377,33.27072499990865],[-80.46228399960687,33.27066600030251],[-80.46336800025348,33.270805999812126],[-80.4641370003575,33.2709069998555],[-80.46661899967344,33.27147099967504],[-80.46947099978355,33.27239199982649],[-80.47333499967193,33.2736709999196],[-80.47560799964882,33.274851000186395],[-80.47578000007627,33.27498800011651],[-80.47782600027244,33.276637000071744],[-80.47926300019816,33.27765900029727],[-80.48007999998273,33.278084000017614],[-80.48050099993223,33.278303999766955],[-80.48216999966152,33.27893400001015],[-80.4826530004336,33.27909199971324],[-80.48352899976943,33.27938099996073],[-80.48360599976232,33.27940700018819],[-80.48457800025595,33.28003399977459],[-80.4853640000784,33.280969999835804],[-80.48612099958855,33.28219000034644],[-80.48662199990396,33.28346800005185],[-80.48674599975253,33.28378200022889],[-80.48729399992362,33.2851390002533],[-80.48780899958443,33.286280000315536],[-80.4883700001743,33.287653999984144],[-80.48885999972076,33.28873300013747],[-80.48922899979169,33.289558000062065],[-80.4905669999832,33.29149600027828],[-80.49173799977014,33.29329000031887],[-80.49288699981575,33.29536099989657],[-80.49391200001283,33.297437999834465],[-80.49396200024152,33.29753899984745],[-80.49473100034554,33.30024100036038],[-80.49517599968617,33.3025459996883],[-80.49522300044015,33.30280800028326],[-80.49525199985415,33.30332600030102],[-80.49534399991566,33.304970999985684],[-80.49527799979343,33.30567700035163],[-80.49520699964832,33.30646000003745],[-80.49495599957814,33.30836800031974],[-80.49480900016336,33.30918500011206],[-80.49441499997806,33.311087000296254],[-80.49433100031247,33.311790000076506],[-80.4941920003953,33.312955999956024],[-80.49388199987558,33.315793000105096],[-80.49402400016581,33.31864900016419],[-80.49412899974779,33.321167000125556],[-80.49466900042128,33.32380699970534],[-80.49573999975078,33.32617199998675],[-80.49649899980906,33.327484999712624],[-80.49722699990521,33.3287440001044],[-80.49846800001232,33.330567000170674],[-80.49981500042466,33.33167900004954],[-80.49998000028113,33.33183099968629],[-80.50047800022348,33.332289000197804],[-80.50064399990482,33.3324419999895],[-80.50107300025024,33.332851999798784],[-80.50236000038811,33.33408500025638],[-80.50278999966011,33.3344960002833],[-80.50433500043918,33.3336719996328],[-80.50897199973123,33.33120100018449],[-80.5105180003352,33.33037900012492],[-80.51355600021814,33.32876099978548],[-80.52266900004209,33.323907999952134],[-80.52570799974995,33.32229100013635],[-80.52691299987208,33.32164799976618],[-80.53053099971314,33.319720999945964],[-80.5317380003834,33.319079999874994],[-80.53457799989964,33.31756599968156],[-80.54217500015515,33.31346800013427],[-80.54250400004314,33.31316999997984],[-80.54264600033333,33.31312099994008],[-80.54266700024974,33.31311299967051],[-80.54273199964875,33.31309100023917],[-80.54275400028838,33.31308499984732],[-80.54277100000681,33.31308000014606],[-80.54282200006044,33.31306299965826],[-80.54283999960377,33.31305999983679],[-80.54287599958879,33.313048999739756],[-80.54292900019055,33.31303199999659],[-80.54308700037431,33.31298399982063],[-80.54314099990266,33.31296999988945],[-80.54474900043093,33.31211999964158],[-80.54957300021903,33.30957000022563],[-80.55118199967387,33.30872099985335],[-80.55188600037889,33.308344999696544],[-80.55227600036623,33.30813699982378],[-80.5540000003471,33.30721800001614],[-80.55429700044803,33.307060000187775],[-80.55432699968695,33.30704400003714],[-80.5543500001515,33.30703199992226],[-80.55470499997872,33.306843000146976],[-80.55472699972003,33.3068289999805],[-80.55479399966718,33.30679300029287],[-80.55481700013172,33.30678200015594],[-80.5548570003147,33.30675899986513],[-80.55497600014037,33.30669699980183],[-80.55501700014827,33.30667700028055],[-80.55700700026793,33.30561600029569],[-80.5629759999037,33.30243899984364],[-80.56496699984828,33.3013800002528],[-80.56519100015426,33.30126000024528],[-80.56586599964865,33.300898999902984],[-80.56609099977953,33.300780000065835],[-80.5683960004418,33.29955199965901],[-80.57531400010666,33.29586799982828],[-80.57762100041873,33.294641000252994],[-80.57858799999116,33.29412500003184],[-80.57937800001159,33.29370300006782],[-80.5805830001337,33.29305999985296],[-80.58149000032999,33.29257699982932],[-80.58245799972734,33.292062000347315],[-80.58324799974775,33.291641000352605],[-80.585617999809,33.290376999994116],[-80.58640899965434,33.289957999789074],[-80.58735199983565,33.28945399993782],[-80.59018300002936,33.287948000058016],[-80.59112799986046,33.287446000329716],[-80.59291499959055,33.28649300022016],[-80.59827599967909,33.28363800013966],[-80.6000640001324,33.28268700032773],[-80.60017399973727,33.2826279997935],[-80.60055200002905,33.28242699996523],[-80.60201800026707,33.2816470002386],[-80.60250699998862,33.281388000085656],[-80.60389700005865,33.28064700025163],[-80.60806899991861,33.278425999730366],[-80.60945999981357,33.277685999881555],[-80.60959399970787,33.277615999662466],[-80.61014899955164,33.27732000013251],[-80.6122149998393,33.276217999990486],[-80.61290399957737,33.27585200009519],[-80.6162079995991,33.27407400001864],[-80.62487699990734,33.26941200026515],[-80.62612300003735,33.26874100005715],[-80.629427999884,33.26696399985952],[-80.6308449997182,33.26620100004155],[-80.63509699994412,33.26391600016455],[-80.63651499960325,33.26315399977002],[-80.63675700035088,33.26302200036877],[-80.63748600027195,33.262632000323684],[-80.63772899994619,33.26250199967132],[-80.63774499983971,33.26249300024879],[-80.63779500006845,33.26246700024263],[-80.63781199978686,33.26245899983474],[-80.63843899960068,33.262120999770836],[-80.6400169999917,33.261273999956856],[-80.64032300031344,33.261107999779284],[-80.64095099995215,33.26077200007436],[-80.64373399956699,33.259275000149664],[-80.65208700040606,33.25478500031419],[-80.65487099984578,33.25328899984073],[-80.6571179998834,33.25207999996497],[-80.66074599977024,33.25013200009583],[-80.6639059998519,33.248547999917356],[-80.66618700022472,33.24740700037316],[-80.66636499960163,33.24730999997373],[-80.66690100007716,33.24702000032955],[-80.66708000017731,33.246924000199044],[-80.66756399987598,33.24666200013592],[-80.66902000006826,33.24588000032952],[-80.66950600031505,33.24562100002817],[-80.67100299961692,33.24481599983662],[-80.67549400021741,33.24240099985778],[-80.67699100041759,33.2415960000645],[-80.67745800039782,33.241342999907886],[-80.67854999964372,33.240757999794745],[-80.67886099998834,33.24058899965099],[-80.6793299996184,33.24033999967528],[-80.6824550004383,33.238658999874374],[-80.69183000020305,33.23361799985178],[-80.69495599994956,33.23193800017203],[-80.69617199994232,33.231282000344635],[-80.69982099974554,33.22932100018026],[-80.70103799956323,33.228667999976324],[-80.70163500013813,33.228346000267344],[-80.70342900043921,33.227381999629145],[-80.7040279997656,33.22706099986876],[-80.70419400034527,33.22696800013943],[-80.70469499976237,33.22669200014245],[-80.70486200016695,33.22660099962854],[-80.7054859996077,33.22626599969542],[-80.7063379995524,33.22580800016032],[-80.71076600040374,33.22343199984771],[-80.71224299961409,33.22264099990513],[-80.71230999956124,33.22260200014477],[-80.71251200012593,33.222493999792725],[-80.71257999989798,33.22245799989626],[-80.71264199982227,33.22242300021234],[-80.71272499966294,33.22237899996717],[-80.71282900031832,33.222324000193154],[-80.71289200006751,33.22229100016187],[-80.71392999978505,33.221732999934154],[-80.7170449996609,33.22006299995615],[-80.71808400010165,33.219507000317954],[-80.71857799984606,33.21924000019697],[-80.72006300035069,33.21844299979429],[-80.72055799992,33.21817900026006],[-80.72139200032134,33.2177340003667],[-80.72389399972879,33.21639899988355],[-80.72472800013013,33.21595399995599],[-80.72777100003596,33.21431900008555],[-80.73690300012646,33.20941399982479],[-80.7399469998572,33.20777999992435],[-80.74262200041532,33.20637299993434],[-80.74669700019088,33.20423300033098],[-80.74981799991451,33.20259600006969],[-80.750647000293,33.20215700036296],[-80.75331899957973,33.20074400035244],[-80.75410000027765,33.20031499991876],[-80.75644299967641,33.199028000287925],[-80.75722500019923,33.19860000021473],[-80.76973099973335,33.19186699967148],[-80.77373600008704,33.189788000154955],[-80.77396899971555,33.189662000352385],[-80.77467099987241,33.18928300000281],[-80.77490500022415,33.18915800008135],[-80.77798300029008,33.187494000288204],[-80.78721699958952,33.18250199996459],[-80.79029600037867,33.18083999995321],[-80.79019599992125,33.180777000030176],[-80.78997800036136,33.18038800002719],[-80.78992399993467,33.17942599963504],[-80.79003299971461,33.17919800013691],[-80.79063199993935,33.17850999967783],[-80.79079599997087,33.17770799994996],[-80.79093200041332,33.177410999719335],[-80.7910880000489,33.177300000027834],[-80.79196799958271,33.17667800036117],[-80.79196799958271,33.17617399983027],[-80.79177699978699,33.17603599993132],[-80.79136900025632,33.17603599993132],[-80.78997900018626,33.17663099968231],[-80.78913399991426,33.176792000079296],[-80.78820800034971,33.17685899984442],[-80.78793600036315,33.1767690001481],[-80.78771799990494,33.17656099974441],[-80.78766299965336,33.17637799964247],[-80.787609000125,33.17550799994624],[-80.7869830001361,33.175118999861624],[-80.7867649996779,33.175096000243265],[-80.7858929996417,33.17589699980803],[-80.78545699962362,33.17603499992586],[-80.78507500003221,33.17603499992586],[-80.78480300004564,33.175918999961226],[-80.78458499958744,33.175668000140924],[-80.7842580002476,33.17459100036702],[-80.78409000001811,33.17453199980154],[-80.78379499956701,33.17443099970987],[-80.78297799978242,33.17447600001819],[-80.78254199976433,33.17463599984127],[-80.78235099996863,33.17497899977009],[-80.7822150004245,33.17571299981415],[-80.78210599974622,33.17594200011549],[-80.78188800018634,33.17612499962408],[-80.78145200016824,33.176193999906594],[-80.78114199964854,33.17613599967276],[-80.78058000013206,33.17603399992032],[-80.78019900036554,33.17603399992032],[-80.77968600035457,33.176257000117104],[-80.77957199965343,33.17630800025432],[-80.77908100028206,33.176766000156604],[-80.77864500026396,33.17688099975613],[-80.77823699983497,33.17667500036656],[-80.77807399962835,33.17598699964796],[-80.77788299983264,33.17568900034222],[-80.77744699981456,33.17541400031594],[-80.7767120000457,33.17520699971876],[-80.7763449996246,33.174878000193544],[-80.77627600002762,33.17481799980186],[-80.7763029997918,33.17442899966219],[-80.77687600007725,33.17383299996869],[-80.77687600007725,33.17363100031365],[-80.77687600007725,33.17339799984664],[-80.77649500031075,33.17305399970621],[-80.77573200005449,33.173076999860434],[-80.7746690002226,33.173260000088014],[-80.77431600004518,33.173356999881115],[-80.77377000042225,33.173510000003226],[-80.77359999964462,33.173490000066316],[-80.77322499972588,33.173442999933485],[-80.77279000043102,33.17307599982116],[-80.77276299976853,33.17250300025489],[-80.77279000043102,33.1720909999602],[-80.77254500020864,33.17179300018997],[-80.77200000041059,33.17156300027005],[-80.77150999996583,33.17160799979514],[-80.77096500016779,33.17188399978572],[-80.77031099969147,33.17286899971717],[-80.7700930001316,33.1730060000514],[-80.76965700011351,33.1729360002257],[-80.76961199990765,33.17290100029191],[-80.76875800031313,33.17222699995767],[-80.76848600032658,33.172112000266644],[-80.76750499961214,33.17215800031152],[-80.76701500006567,33.17238600007974],[-80.76668700000262,33.172729999834324],[-80.76657800022268,33.17307399974261],[-80.76633300000029,33.17330200013563],[-80.76584299955553,33.17348499989341],[-80.76554299997987,33.17387499974173],[-80.7654879997283,33.17426500011037],[-80.76499700035693,33.17460799998732],[-80.764179999674,33.174401999766275],[-80.76369000012755,33.17419399975989],[-80.76344499990518,33.1739660001835],[-80.76333600012524,33.17364500002182],[-80.76355399968512,33.17298099979783],[-80.76374600020404,33.17204099967585],[-80.76352799974585,33.17084999991612],[-80.76341999979083,33.170551999686396],[-80.76301100043523,33.170253999947406],[-80.76254799975463,33.17013899992358],[-80.76216699998812,33.170344000318515],[-80.76162100036517,33.171100999999844],[-80.76085800010894,33.171719999983274],[-80.76004100032432,33.172177999800454],[-80.75955000005465,33.17206300004513],[-80.75905999960989,33.171467000053006],[-80.75848899987258,33.170985000272175],[-80.75826000044202,33.1708990000638],[-80.75824299982527,33.17089299967894],[-80.75764399960057,33.170985000272175],[-80.75734400002491,33.171144999700815],[-80.75726200000915,33.17135100005774],[-80.75728899977334,33.17162600004987],[-80.75756199958481,33.171947000086696],[-80.75840600003188,33.172566000111],[-80.75892300024084,33.173207999643125],[-80.7590040004317,33.17407899964204],[-80.75886799998925,33.17446699980801],[-80.75867700019354,33.174673999897344],[-80.75832300019123,33.174766000281366],[-80.75806000042549,33.17475400004059],[-80.75780500015736,33.174742999818456],[-80.75765299982139,33.17461500013964],[-80.75723299969684,33.1742610000074],[-80.75712499974179,33.173940000174326],[-80.75672200023398,33.173693000078586],[-80.75633499972139,33.17345899974155],[-80.75598099971904,33.17343599968755],[-80.75573999969461,33.17350799993454],[-80.75521800036111,33.17366499992336],[-80.75439999985329,33.17412300010381],[-80.75407699981311,33.17421799964122],[-80.75401900008679,33.17423600011185],[-80.75347400028875,33.17423600011185],[-80.75334899971696,33.17418300021933],[-80.7531470000506,33.174099000196456],[-80.75300899995834,33.17397499969325],[-80.75290900039924,33.17388500004276],[-80.75233000026599,33.173364000133354],[-80.7518869996769,33.17325399986472],[-80.75186699958542,33.17325099975296],[-80.75083200024092,33.17272200024004],[-80.75042399981193,33.172676999783086],[-80.74981899973942,33.173076999860434],[-80.74948499982857,33.17320400024383],[-80.74858799967804,33.17329599991522],[-80.74847600042335,33.17335299973674],[-80.74809800013159,33.17354899982942],[-80.74779900038084,33.173938000115484],[-80.74768999970259,33.17423600011185],[-80.7474369999826,33.17440799991096],[-80.7472539996845,33.17453399984681],[-80.74656300029658,33.17462200029135],[-80.74654599967982,33.17462599962594],[-80.74626399964752,33.17456699983593],[-80.74613200030137,33.174538999959935],[-80.74610999966174,33.17453499986945],[-80.74579300036764,33.174326000153705],[-80.74568100021466,33.174252999801],[-80.7456619999481,33.174242000267895],[-80.74561900029038,33.17421400028801],[-80.7455649998637,33.174076000310365],[-80.74556400003878,33.17336700024125],[-80.74586399961444,33.17311399980167],[-80.74646299983917,33.17290799982864],[-80.74655999992353,33.1728960000854],[-80.74725299985958,33.172814999707725],[-80.74749800008198,33.172724000326674],[-80.74749800008198,33.17222099966374],[-80.74643500025006,33.171097999814336],[-80.74586199996462,33.17036600036173],[-80.74542599994652,33.169884999865914],[-80.74435899991668,33.16881500032877],[-80.74373600030083,33.16819000031577],[-80.74327199979534,33.16793800007022],[-80.742917999793,33.16784700013771],[-80.74266300042319,33.16786900005568],[-80.74146099977581,33.167973999827396],[-80.74133799975215,33.1679850001471],[-80.74038500042344,33.16823800035203],[-80.73831499993781,33.16922399998129],[-80.73815599992916,33.16936899989813],[-80.73801600018709,33.16949899987894],[-80.7377709999647,33.17018600032421],[-80.73755300040482,33.17036999989053],[-80.73741699996236,33.17036999989053],[-80.73694900015722,33.17017699967352],[-80.73624500035052,33.169888000092904],[-80.73556400011006,33.16986599992967],[-80.73511600039639,33.170042999650775],[-80.73510100032777,33.170050000167684],[-80.73447600016381,33.170050000167684],[-80.73445199987437,33.170050000167684],[-80.73413399985702,33.169901999647024],[-80.73319700042184,33.169459999754544],[-80.7328850002523,33.16931299982388],[-80.73245799955671,33.16911100027912],[-80.73180399997875,33.16856200028524],[-80.73136799996064,33.16803499973725],[-80.73131600008212,33.1677060003615],[-80.73123099969331,33.167163999835594],[-80.73090400035348,33.16686699996861],[-80.72932400031263,33.166592000085885],[-80.72888800029455,33.16617899971331],[-80.7287250000879,33.16563000015707],[-80.72815199980246,33.16540099998494],[-80.72725399982701,33.16549200020047],[-80.72689899999976,33.16537900019961],[-80.72649099957077,33.16505800017452],[-80.72596699968913,33.16438899963408],[-80.7258090004037,33.164188000163904],[-80.72529200019474,33.163753000305235],[-80.72398800033844,33.16321799971507],[-80.72393300008683,33.163194999981975],[-80.72377099970512,33.163128000300006],[-80.72371700017678,33.163105999944314],[-80.72311200010428,33.16286000030827],[-80.72281199963031,33.16258499988894],[-80.72270299985037,33.16258499988894],[-80.72210500034888,33.162149000185416],[-80.72087799958715,33.16125599964455],[-80.71891599995487,33.16024899975688],[-80.71875299974826,33.16024899975688],[-80.71815299969865,33.15981299971836],[-80.717636000388,33.15960800026705],[-80.71739100016562,33.15958500033908],[-80.71717299970742,33.15972199962491],[-80.71715099996612,33.15974800009099],[-80.71692800038335,33.16004299963285],[-80.7168189997051,33.160570000091724],[-80.7166010001452,33.161004999949476],[-80.71632900015864,33.16111899974727],[-80.71612400011922,33.161041999722],[-80.71602899968467,33.16100600012647],[-80.71556900027545,33.160617999787846],[-80.71545700012246,33.16052500016483],[-80.71543000035827,33.16038699969346],[-80.7151299998843,33.15999800018749],[-80.71451399994115,33.158824999881446],[-80.71431200027479,33.158440000287804],[-80.71413599964939,33.158240000173684],[-80.71398000001376,33.15806400014716],[-80.71368600028589,33.1577299998862],[-80.71356800028512,33.15749999992163],[-80.71346199997991,33.15729199966967],[-80.71344199988842,33.157251999911736],[-80.71338400016211,33.157138999820205],[-80.71336499989553,33.157101999905],[-80.71319500001621,33.15676799974057],[-80.7131160003735,33.15637000016227],[-80.71294899996892,33.155530000104704],[-80.71284000018898,33.15463699984633],[-80.71265699989088,33.15408200019204],[-80.71256800020241,33.153811999862846],[-80.71215300010073,33.15354200020663],[-80.71172299993042,33.153260999809945],[-80.71139599969226,33.153194000058825],[-80.71096100039739,33.15323899998711],[-80.71071500035009,33.15344599981101],[-80.71060700039507,33.15388099965834],[-80.71060700039507,33.154294000046306],[-80.71126099997305,33.155689999912234],[-80.71126099997305,33.155988999752594],[-80.7109889999865,33.15637700026687],[-80.71006300042194,33.15660799964346],[-80.70973600018378,33.15646999977652],[-80.70951799972559,33.156034999984655],[-80.70940899994565,33.1555539998312],[-80.70918600036288,33.15521300034308],[-80.70894500033846,33.154842999883996],[-80.70867300035188,33.15463800009596],[-80.70840100036534,33.1545459996464],[-80.70793799968475,33.154521999644096],[-80.70665800011787,33.1548209997059],[-80.70608499983243,33.1545459996464],[-80.70564999963923,33.15385799973252],[-80.7051049998412,33.15337699967331],[-80.70428800005661,33.152966000017365],[-80.7030620000181,33.15248500033118],[-80.70273499977995,33.15218599982698],[-80.70270800001578,33.151752000129164],[-80.70314300020894,33.15138399993345],[-80.70352499980036,33.15126899997873],[-80.70409700026089,33.15115599969979],[-80.70521299979625,33.15108599972687],[-80.70564899981433,33.150925999793934],[-80.70613900025909,33.15023900036571],[-80.70616600002327,33.14989500036242],[-80.70564799998942,33.14863499976318],[-80.70526700022292,33.147007999700804],[-80.70472200042488,33.14613799963205],[-80.70355099973963,33.14478599982538],[-80.70300599994158,33.14439599995836],[-80.7015079999165,33.143962000082006],[-80.70071799989609,33.14412199992923],[-80.69979200033154,33.144512000261955],[-80.69970600011781,33.14452600010666],[-80.69941099966674,33.14458099985102],[-80.69921999987102,33.144512000261955],[-80.69908400032689,33.14428299985241],[-80.69908400032689,33.144052999979216],[-80.69971000031578,33.1435269999392],[-80.69987400034731,33.14325100019838],[-80.69992799987568,33.1426790001736],[-80.69981900009573,33.14249600005556],[-80.69957399987334,33.142357999800524],[-80.69829400030646,33.14219799974542],[-80.69679600028138,33.14162400033449],[-80.69543499962535,33.141418999742434],[-80.6952830001877,33.14136800037197],[-80.69488999982731,33.14123600000548],[-80.69483499957573,33.141201999856136],[-80.69469900003162,33.14112100028789],[-80.69464600032815,33.14105299988691],[-80.69453699964988,33.14091500037124],[-80.69452400012942,33.14083799990942],[-80.69450999988571,33.14075499994167],[-80.69453699964988,33.14027299983677],[-80.69440100010577,33.140067000186036],[-80.69325700008302,33.13915099971029],[-80.69299799961692,33.13886000007408],[-80.69292999984488,33.13878399974397],[-80.69290300008069,33.13853100031847],[-80.6935020003054,33.13802799984431],[-80.69352900006957,33.1376620001383],[-80.69325700008302,33.13743400035146],[-80.69233099962015,33.13741099987489],[-80.691650000278,33.1375239998036],[-80.69145899958397,33.13741099987489],[-80.6914319998198,33.136952000059914],[-80.69170399980635,33.13608200033328],[-80.69173200029377,33.13514200035211],[-80.69159500002641,33.13477599989482],[-80.69156800026222,33.13443099971896],[-80.69228100028975,33.133725000280315],[-80.69249399982678,33.133516000338474],[-80.69350099958218,33.132370000296156],[-80.69358299959795,33.13186600011347],[-80.69342199993946,33.13167600019805],[-80.69331099961138,33.13154500006041],[-80.69290200025577,33.131498000015064],[-80.6918129995863,33.13172900020393],[-80.6907780002418,33.13172900020393],[-80.68988000026637,33.131476000001165],[-80.68952600026402,33.131155000026574],[-80.68941699958577,33.13088100003131],[-80.68938999982159,33.130238999822915],[-80.68968899957234,33.12989600018134],[-80.69012499959042,33.12973399966093],[-80.69126799978825,33.12987299998633],[-80.69216699958864,33.12987299998633],[-80.69254800025345,33.129711000175824],[-80.69298400027154,33.12909399966918],[-80.6930379997999,33.12870400003126],[-80.69265700003339,33.12819999986586],[-80.69235800028267,33.12810699972963],[-80.69199900025745,33.1281200001348],[-80.69173099957052,33.12813100018679],[-80.69129600027568,33.128292000105944],[-80.69047899959276,33.12874899973066],[-80.69015200025292,33.12884199993914],[-80.68944400024826,33.12870400003126],[-80.68925299955423,33.12849800031027],[-80.68922599979005,33.1280619997011],[-80.6893620002325,33.12751300005426],[-80.6893620002325,33.127337999883785],[-80.6893620002325,33.12712200035309],[-80.68914499959921,33.12693900014682],[-80.68800099957646,33.127008999822685],[-80.68767400023663,33.12675600031145],[-80.68718399979187,33.12616099994958],[-80.68674799977376,33.12590900007659],[-80.6862859998164,33.12579399983748],[-80.68572000010195,33.12579399983748],[-80.68544200026763,33.12579399983748],[-80.68516899955783,33.12570299981629],[-80.68492400023376,33.12557999992712],[-80.68490999999005,33.125162999717894],[-80.68502200014305,33.12499700015157],[-80.68530500000027,33.12458699981446],[-80.6853569998788,33.12443099983303],[-80.68541399978021,33.124266000231025],[-80.68533199976444,33.1240140001858],[-80.68508700044038,33.12378399985962],[-80.68390700043263,33.123502999713075],[-80.68326300000206,33.12334999962468],[-80.68301799977968,33.123302999706304],[-80.68297099992402,33.12332600011771],[-80.68269100043985,33.123464000202695],[-80.68233700043753,33.1240140001858],[-80.68190100041943,33.12440299974916],[-80.6813289999589,33.12458699981446],[-80.68116599975227,33.12444899998971],[-80.68094999984221,33.12372300002204],[-80.68086700000153,33.123440999827416],[-80.68026799977682,33.122753999644665],[-80.67988700001032,33.12261599994863],[-80.67871600022339,33.122708000020886],[-80.678471000001,33.12243300013169],[-80.678471000001,33.12181399989774],[-80.67860700044344,33.12158499970217],[-80.67942400022804,33.12119499981479],[-80.67972299997878,33.12092100033577],[-80.67980499999456,33.12071399977531],[-80.6799139997745,33.12044000030028],[-80.67988700001032,33.11956900030299],[-80.67953300000798,33.11901900031847],[-80.6788519997675,33.11872100005649],[-80.678062999572,33.11865099979271],[-80.67770899956967,33.118537999646904],[-80.67751799977397,33.11835299978685],[-80.6774910000098,33.11821699977134],[-80.67773600023216,33.118011000276134],[-80.67796999968557,33.1179449998609],[-80.67863500003251,33.11775900033896],[-80.67888000025492,33.117483000079694],[-80.67893399978328,33.117002000024975],[-80.67877099957664,33.11647599964656],[-80.67825400026602,33.115650999797644],[-80.6779350004238,33.11549399979964],[-80.67713799983237,33.11510100010799],[-80.67607599982537,33.115146999954035],[-80.67553100002735,33.11500900034351],[-80.67548800036963,33.114972999918756],[-80.67509599983416,33.11466499994531],[-80.67471500006765,33.11400100017888],[-80.67433400030114,33.11358799977538],[-80.67373500007643,33.113311999953744],[-80.67351699961824,33.11328999989792],[-80.67248200027375,33.11365700034774],[-80.67212800027141,33.11368000027568],[-80.67202000031637,33.11358799977538],[-80.67210099960893,33.11317599965725],[-80.67259100005369,33.11283099963148],[-80.67327200029416,33.11223699971015],[-80.67343600032568,33.11184599971321],[-80.6733810000741,33.11152500021235],[-80.67302700007177,33.1109990001448],[-80.67302700007177,33.110899999877205],[-80.67302700007177,33.11056299993902],[-80.67379000032803,33.11010599973064],[-80.6740349996521,33.109808000081],[-80.67398600014658,33.10885299995152],[-80.67398100012373,33.1087530002555],[-80.67399899966708,33.10873799995271],[-80.6742880002704,33.108504000164245],[-80.67438500035476,33.1084269998693],[-80.67422600034612,33.10820400029557],[-80.67398100012373,33.10806700034094],[-80.67357199986981,33.1080209997975],[-80.67284100029894,33.10818099968649],[-80.67242899967198,33.10827199980381],[-80.67174800032981,33.10831700019079],[-80.67136699966498,33.108227000146215],[-80.67109499967843,33.1079749999824],[-80.67109499967843,33.1076769998772],[-80.67174900015472,33.10639400017379],[-80.67180299968308,33.105683000033736],[-80.67143500033536,33.104947000083826],[-80.67136800038821,33.10481299976083],[-80.67044299975026,33.103551999870184],[-80.668156000428,33.10208600007441],[-80.66652299978539,33.10162699997296],[-80.6664390001198,33.10156599979868],[-80.66595200004807,33.10121600031197],[-80.66581599960564,33.10084799970966],[-80.66568000006153,33.10016099967244],[-80.66543499983914,33.09974899980614],[-80.66508099983679,33.09945099964899],[-80.66456399962786,33.09926799973615],[-80.66257699988124,33.09894700019],[-80.66094400013694,33.0981680002546],[-80.6596100001434,33.09759499987349],[-80.65933800015684,33.0973190002364],[-80.65914800018604,33.09686000007433],[-80.6592300002018,33.096494000367215],[-80.6594200001726,33.09619599971043],[-80.65971999974826,33.0960129997939],[-80.66083600018192,33.09583000024893],[-80.66148899993497,33.09562400019022],[-80.6616529999665,33.095440999835496],[-80.6616799997307,33.0951199998598],[-80.66157099995075,33.094845000155885],[-80.66135300039085,33.09459300000018],[-80.66125499958325,33.094532000212254],[-80.66072800022687,33.09420299994783],[-80.65961199979323,33.09429499967228],[-80.65909399975936,33.09408800034506],[-80.65860500003782,33.093675999859094],[-80.65825100003549,33.09298900021104],[-80.65822400027132,33.09273700000329],[-80.65803400030052,33.09248499982575],[-80.65797900004893,33.09225599994592],[-80.65727199986917,33.092139999844925],[-80.65648199984876,33.092232000223035],[-80.65609199986143,33.0925219998851],[-80.6557739998441,33.0927589999367],[-80.65482300016521,33.09280500019022],[-80.6544139999113,33.09294199985379],[-80.6532170001851,33.09317000000711],[-80.65269999997615,33.092895999671896],[-80.65237299973799,33.09250600036986],[-80.65204700022308,33.09195600030507],[-80.65199299979639,33.0913830000728],[-80.65207399998725,33.09099400030229],[-80.65195400033666,33.0907319996513],[-80.65193800044314,33.09069599981679],[-80.65169400004567,33.0905129997404],[-80.65006399977611,33.090198999947496],[-80.65004000038496,33.09019499977509],[-80.64989200024696,33.09016700006862],[-80.64975099978165,33.0900909997451],[-80.64967799998672,33.09005199970219],[-80.64929899987006,33.089848000121926],[-80.64883600008775,33.0890219998906],[-80.64869499962245,33.0883240002357],[-80.6486190003528,33.08794600029444],[-80.64852999976601,33.087730999750185],[-80.648429000382,33.08748700011656],[-80.64739499996409,33.08641000027887],[-80.64693300000674,33.08553799984798],[-80.64628000025365,33.08540200022352],[-80.64589899958884,33.08567599982748],[-80.64549000023324,33.086180000105394],[-80.64527199977503,33.086271999945936],[-80.64437399979958,33.08629500026736],[-80.64407500004883,33.08620200017418],[-80.6437760002981,33.085813000062],[-80.6437760002981,33.08545599983397],[-80.6437760002981,33.08494300031461],[-80.64350400031154,33.08453000033474],[-80.6431229996467,33.084186000299795],[-80.64241600036527,33.083774000079906],[-80.6423340003495,33.08365800007903],[-80.6419529996847,33.083567000068506],[-80.64075599995849,33.08297099968201],[-80.64059299975187,33.082741999862534],[-80.64059299975187,33.08251300019943],[-80.64124700022816,33.08212300000556],[-80.6411919999766,33.08194000015223],[-80.64064800000347,33.08148199981689],[-80.6401860000461,33.080679999907666],[-80.63988700029536,33.08056499993028],[-80.63958699982139,33.08056499993028],[-80.63944799990422,33.08064100020709],[-80.6391790002907,33.08079299981098],[-80.63868899984594,33.08159500019519],[-80.63836199960778,33.081778000013706],[-80.63789899982551,33.08182299966396],[-80.6369470003217,33.08159500019519],[-80.63637599968608,33.081297000222975],[-80.63585900037545,33.080814999721966],[-80.63588699996454,33.07957700014142],[-80.63564199974215,33.07921099999755],[-80.63507100000484,33.07889000023421],[-80.63264900006503,33.07808600004025],[-80.63218700010769,33.07769700016118],[-80.63218700010769,33.077215999882675],[-80.63237799990338,33.07627600000908],[-80.63229699971254,33.076116999645855],[-80.6319979999618,33.07590999967978],[-80.6318299997323,33.07587500019375],[-80.63088200042645,33.075681000295305],[-80.63033799955501,33.075864000373905],[-80.62783399959943,33.07586299997964],[-80.62726299986213,33.075930000025025],[-80.62712399994497,33.075904999969126],[-80.62688200009563,33.075862000338105],[-80.62669100029991,33.07567900025535],[-80.62669200012483,33.07506000037459],[-80.62712800014292,33.07453399963471],[-80.6275900001003,33.07432899977836],[-80.62857099991642,33.07339000034244],[-80.6290060001096,33.073205999962475],[-80.62941500036352,33.072771000164494],[-80.62941500036352,33.07238099968529],[-80.62911300023973,33.07201800027425],[-80.62903399969868,33.071923000015246],[-80.62854499997714,33.071556999643285],[-80.62840699988489,33.07138799985041],[-80.62829999975476,33.07125799984675],[-80.62824600022641,33.070663000071306],[-80.6280830000198,33.070158000002515],[-80.62772999984237,33.06951600023713],[-80.62718599986924,33.06905899967613],[-80.62707899973911,33.069014999991005],[-80.62642400033623,33.06875899994965],[-80.62623400036543,33.068600000304784],[-80.62527399956738,33.06862099977725],[-80.62482099983085,33.06879300028624],[-80.62448799974491,33.068923999888106],[-80.62368100000606,33.06924199997812],[-80.62354399973871,33.06908199998179],[-80.62354399973871,33.068600000304784],[-80.62403300035857,33.067751999856185],[-80.62403300035857,33.06717999976077],[-80.62381499990036,33.066926999632905],[-80.62269900036502,33.06626299985195],[-80.6221000001403,33.0660800001303],[-80.62206300033039,33.066077000119336],[-80.62128400018061,33.06603499995535],[-80.62033199977849,33.06617299966616],[-80.62027200040235,33.06617299966616],[-80.61970999998755,33.06618699995206],[-80.61935199978727,33.066196999724724],[-80.61907999980072,33.06608199963563],[-80.61853599982759,33.065624000303785],[-80.61850800023848,33.06539499974404],[-80.61845999965959,33.065320000361574],[-80.61816000008393,33.06484699981217],[-80.61809999980949,33.06475399962793],[-80.61789399994515,33.064674999871805],[-80.61780000023383,33.06463899991181],[-80.61690700028124,33.06463899991181],[-80.61657599984514,33.06463899991181],[-80.61618599985779,33.06489000030936],[-80.61575999988546,33.065166999857176],[-80.61510700013237,33.06521300023856],[-80.6148910002223,33.06513700018471],[-80.61445400037931,33.06498400011501],[-80.61417999984461,33.06484299999243],[-80.61396499975946,33.06473200021756],[-80.61335999968696,33.06442200007088],[-80.61333799994564,33.06441100032491],[-80.6129899997911,33.06431500036179],[-80.61141800014619,33.06388800000203],[-80.6110740001896,33.064009999886025],[-80.61083399999009,33.064092000317736],[-80.61015399957451,33.06413799975528],[-80.60969199961716,33.06395500013203],[-80.60912000005494,33.06308500027322],[-80.6085750002569,33.062787000088804],[-80.60604500036206,33.06210099987185],[-80.60465699994184,33.06180200031895],[-80.60400400018877,33.0617570002152],[-80.60367699995062,33.06184900000119],[-80.60329700000902,33.06210199966972],[-80.60248100004934,33.06283499978755],[-80.60196399984041,33.06306299969286],[-80.60125599983573,33.06306500001959],[-80.60087500006924,33.06292699995246],[-80.60057600031848,33.06267500018812],[-80.60043999987604,33.06235400032179],[-80.60038499962445,33.06136900022344],[-80.60024900008032,33.06113999988553],[-80.59986800031383,33.06095700005193],[-80.59907900011832,33.0609099998934],[-80.59861600033604,33.0607739998378],[-80.59747300013821,33.060200999743],[-80.59660299975184,33.05997299995287],[-80.59502500025913,33.05988200028785],[-80.59456199957853,33.059743999747596],[-80.59352800005895,33.05912599978091],[-80.59275399993207,33.05839299964494],[-80.5924390002878,33.05809500013922],[-80.59148799971058,33.05781999986209],[-80.59045400019102,33.05825600037642],[-80.58931099999316,33.0583010000113],[-80.58874000025585,33.05814099969926],[-80.58810000002326,33.05784499978591],[-80.58729800030729,33.05747799973982],[-80.58661799989171,33.05747799973982],[-80.58615500010944,33.05756899963128],[-80.58452300019005,33.058164999689346],[-80.58210200007517,33.05846400030305],[-80.58117700033553,33.05832599979851],[-80.58022400010849,33.05802800006599],[-80.57946199967716,33.0575700002336],[-80.57848300040916,33.05725100027899],[-80.57758500043371,33.0573190000429],[-80.57731300044716,33.05741099994992],[-80.5772039997689,33.057709000265234],[-80.57728599978466,33.05828100017641],[-80.57744899999129,33.05869200023719],[-80.57793900043603,33.05935800032825],[-80.57894600019146,33.06002099968038],[-80.57894600019146,33.060343000344055],[-80.57893199994774,33.060349999821675],[-80.57867400020487,33.060525999948446],[-80.57793900043603,33.060525999948446],[-80.5770139997981,33.06022899995388],[-80.5761979998384,33.0601360001602],[-80.57587099960027,33.05993099988752],[-80.57546300006958,33.05851100026184],[-80.57523399974072,33.05834399994207],[-80.57505499964057,33.05821400024475],[-80.57467399987407,33.058304000287315],[-80.5743319995673,33.05867800026487],[-80.57412999990093,33.05890099972077],[-80.574021000121,33.059129999860446],[-80.5735859999278,33.059381999986485],[-80.57287899974806,33.05952000034136],[-80.57233399995003,33.05945100019099],[-80.5719809997726,33.059244000168164],[-80.57172300002975,33.05867800026487],[-80.57157300024193,33.05835100033149],[-80.5713820004462,33.05786999970257],[-80.5711980003232,33.05771500010456],[-80.57110999956133,33.057640000201125],[-80.57056599958821,33.057686999846936],[-80.57043000004408,33.05791600013309],[-80.57045699980827,33.0583739996712],[-80.57094700025303,33.05883199983805],[-80.57105600003298,33.059061000157214],[-80.57104199978927,33.0592379996801],[-80.57102800044387,33.059426999798625],[-80.57045699980827,33.05974799979904],[-80.56980400005519,33.05965699990137],[-80.56885199965306,33.059061000157214],[-80.56819899989999,33.059129999860446],[-80.56784499989766,33.05931400031039],[-80.56784499989766,33.05997799981596],[-80.56790000014925,33.06002399989779],[-80.56800800010429,33.06036699973379],[-80.56790000014925,33.060550000041175],[-80.56759999967528,33.06070999973896],[-80.56705599970216,33.06073299996806],[-80.56648499996486,33.06050500005018],[-80.56565499976145,33.05998299967871],[-80.56477100002971,33.059426999798625],[-80.56439000026319,33.059426999798625],[-80.56395500007002,33.05961200020681],[-80.56371800024355,33.06015300011363],[-80.5635740003035,33.060481999761514],[-80.56294800031462,33.06073299996806],[-80.56262100007646,33.060757000004344],[-80.56169600033682,33.06064300015028],[-80.5593019999861,33.05986299988262],[-80.55878499977717,33.059818000293305],[-80.55834999958398,33.06020700016537],[-80.55807799959744,33.060825999883875],[-80.55780599961085,33.061147000052664],[-80.55775600028046,33.061151000040354],[-80.55685300028215,33.06123799991568],[-80.55658100029557,33.06135199975198],[-80.55625499988234,33.06162800009147],[-80.55568300032012,33.061512000250595],[-80.55475799968217,33.061717999654924],[-80.55402399973825,33.06213199962388],[-80.55372400016259,33.06213199962388],[-80.55339799974935,33.06206300001525],[-80.55320699995363,33.061924999882834],[-80.55288100043873,33.061420999917964],[-80.55285399977623,33.060550000041175],[-80.55296299955619,33.06016100017918],[-80.55318000018947,33.05979499982513],[-80.55320799977856,33.05949699979532],[-80.55304399974703,33.05931299972789],[-80.55230999980311,33.059129999860446],[-80.55143899959182,33.05841999983832],[-80.55108600031272,33.05823599977844],[-80.55054099961637,33.05821299964981],[-80.55029700011721,33.058328000232905],[-80.54999699964324,33.058601999838395],[-80.5498879998633,33.058922999835666],[-80.54983400033494,33.05974799979904],[-80.54972499965669,33.05988600033303],[-80.54920800034604,33.060045999732026],[-80.54874600038869,33.05997799981596],[-80.54812000039979,33.05956500008295],[-80.54771199997079,33.059472000340655],[-80.5472759999527,33.05956500008295],[-80.5470859999819,33.05970200032582],[-80.54651400041968,33.06098500002231],[-80.54520800001522,33.06155699972672],[-80.54460999961543,33.06196999990065],[-80.54450099983549,33.062244000215514],[-80.54452799959967,33.06263500024281],[-80.54463700027792,33.06279499991494],[-80.54490900026448,33.0629779996915],[-80.54518100025105,33.06302399971126],[-80.5458340000041,33.062933000188984],[-80.54589099990552,33.06291299990082],[-80.54692199995037,33.06256499973016],[-80.5472759999527,33.0625890000198],[-80.54752100017508,33.06275000031887],[-80.54743900015933,33.063025000251514],[-80.54700399996615,33.063414000254845],[-80.54686800042202,33.063735000019605],[-80.54678600040624,33.063826000218334],[-80.54681300017043,33.064262000345124],[-80.54749299968768,33.065153999925116],[-80.54743900015933,33.06575100032775],[-80.54675799991884,33.066093999678166],[-80.54613299975486,33.066132999804985],[-80.54605099973911,33.066138999822954],[-80.54572400039926,33.0660030003188],[-80.5452620004419,33.0656129999552],[-80.54518000042613,33.065452000376325],[-80.54501700021953,33.06437600002897],[-80.5449440004246,33.064276000182176],[-80.54479999958622,33.06407799969857],[-80.54436399956813,33.063826000218334],[-80.54401100028902,33.06400900010977],[-80.543819999595,33.06435200022662],[-80.543819999595,33.065153999925116],[-80.54390099978586,33.065361000353114],[-80.543819999595,33.06602599991758],[-80.54360200003511,33.06636899970182],[-80.54330300028438,33.06655200032811],[-80.54283999960377,33.06657499978343],[-80.54262200004389,33.066506999641724],[-80.54226899986648,33.06620899975152],[-80.54181199993198,33.06550000012729],[-80.5413979996552,33.06485699973707],[-80.54118099992021,33.06462699967088],[-80.54118099992021,33.06455900028251],[-80.54107200014028,33.064582000258675],[-80.54096300036034,33.06449000031795],[-80.54038800042507,33.064346000086815],[-80.54022799969317,33.06430699992095],[-80.53976599973583,33.064467000317805],[-80.53968399972007,33.06455699998967],[-80.53946699998508,33.06467300033451],[-80.53941199973349,33.06483300006593],[-80.5392490004252,33.064948000281404],[-80.5392490004252,33.065084999674184],[-80.53912499967832,33.06521000019803],[-80.53900400020281,33.065337000066584],[-80.53829600019814,33.06568000027768],[-80.53783400024078,33.06600100005883],[-80.53753399976681,33.06646000018835],[-80.53753399976681,33.066940999798845],[-80.53769699997343,33.06716900035951],[-80.53794200019583,33.067329999808514],[-80.53837700038902,33.067444999772356],[-80.53932999971774,33.067444999772356],[-80.53957499994011,33.06751399967853],[-80.53979199967509,33.06772000009112],[-80.53979000002526,33.06774599994818],[-80.5397649999109,33.06813299995192],[-80.53908399967045,33.06886600027808],[-80.5389759997154,33.06916400020445],[-80.5389749998905,33.069239999791776],[-80.5389749998905,33.06947400020884],[-80.5389749998905,33.069553000173734],[-80.5389749998905,33.0697579998662],[-80.53883900034637,33.06987400013056],[-80.53832200013743,33.06996500000382],[-80.53807699991505,33.06992000030988],[-80.53769699997343,33.069645000091086],[-80.5373699997353,33.06909400036799],[-80.53688100001376,33.068704999875244],[-80.53644499999567,33.06852199996206],[-80.53581900000677,33.06861299972786],[-80.53505699957543,33.06904799975692],[-80.53459499961807,33.06909400036799],[-80.53415899959998,33.06895599996815],[-80.53364300011427,33.06845200036771],[-80.53339799989187,33.06840600017379],[-80.533180000332,33.06859000005237],[-80.5331250000804,33.06918399982488],[-80.53308099969948,33.06927699984445],[-80.53301499957723,33.06941199984365],[-80.53277000025317,33.06961499968678],[-80.53222799992986,33.06972399990252],[-80.53201299984471,33.06965300004666],[-80.52938800041362,33.06699099972802],[-80.52852399987505,33.06684699982497],[-80.52782000006835,33.06697599982753],[-80.52752399979234,33.066884000130976],[-80.52736300013386,33.066677000273955],[-80.52731200008024,33.06631300016633],[-80.52796900003126,33.065362999874836],[-80.52832999970629,33.064386000007396],[-80.52833800010222,33.063386000304284],[-80.52812399984195,33.06308699984665],[-80.52729399963857,33.06230600036073],[-80.52711000041388,33.06173599985774],[-80.52665400030429,33.06134600016054],[-80.52606099992737,33.06117999975737],[-80.52535799994558,33.06124400026736],[-80.52484199956154,33.06144399996128],[-80.5245920002146,33.061483999694964],[-80.52446900019096,33.061504000307835],[-80.5222830002527,33.06188699995019],[-80.52037799962353,33.062034999634896],[-80.51960500021987,33.06189800001166],[-80.51883000026805,33.061551000149265],[-80.51794300016326,33.06048400014696],[-80.51766600015382,33.060368000304244],[-80.51736300020512,33.06034700036828],[-80.51620499993867,33.06081700006632],[-80.51563400020137,33.06063400031402],[-80.51558499979757,33.060551999672136],[-80.51556700025421,33.06052199993236],[-80.51551500037567,33.06043400028544],[-80.51549799975892,33.060405000322575],[-80.51576999974549,33.059762000354084],[-80.51579300021002,33.05945200001897],[-80.51579800023288,33.05939599984685],[-80.51552600024633,33.058984000228136],[-80.51491699997587,33.058529000367564],[-80.5148190000666,33.05845600008334],[-80.51413899965101,33.05822699969609],[-80.5132640001401,33.058164999689346],[-80.51250599990672,33.05811199973391],[-80.51231599993594,33.05795199983125],[-80.51188699959052,33.05787399983916],[-80.51179899972698,33.057858999890705],[-80.510672000321,33.057394000219816],[-80.51035699977841,33.05726399987254],[-80.51026300006706,33.05726300001972],[-80.51010599970823,33.05726300001972],[-80.50967700026115,33.05726300001972],[-80.50963700007819,33.05727100034789],[-80.50948499974221,33.05730700030981],[-80.50879099998126,33.05746799972949],[-80.50790899989933,33.05767500016402],[-80.50728299991044,33.0580410002977],[-80.50681500010529,33.05823700037312],[-80.50679300036397,33.05824700029611],[-80.50641199969915,33.05870500037084],[-80.50641199969915,33.058797000335154],[-80.50600300034357,33.05898000014203],[-80.50565000016614,33.05898000014203],[-80.50535100041542,33.05872800037092],[-80.50529899963855,33.05850300004636],[-80.5051610004446,33.05790299988293],[-80.50496999975059,33.057719000248206],[-80.50439900001328,33.057557999781814],[-80.50419499979878,33.05762199991363],[-80.5039639998201,33.057695999984496],[-80.50298399982888,33.05858799985175],[-80.50246599979502,33.058908999900034],[-80.50206499993702,33.05895099970015],[-80.50159600030696,33.059000999651204],[-80.50097000031808,33.058679999938356],[-80.50080700011145,33.05849499983019],[-80.49982200009737,33.05839299964494],[-80.49807999967481,33.058985000061455],[-80.49796599987201,33.059025000159664],[-80.49644299973257,33.05939199977941],[-80.49521900024219,33.05948299995102],[-80.4945930002533,33.05966800024151],[-80.49407699986926,33.060079999670386],[-80.49383199964687,33.060585000352795],[-80.4938049998827,33.061225000156114],[-80.49396899991424,33.06152400016335],[-80.49443099987158,33.061776000211616],[-80.49473100034554,33.061844000244434],[-80.4953559996112,33.061798000360845],[-80.49568299984938,33.061568999633344],[-80.4958190002918,33.061269999778965],[-80.49614499980673,33.06101900035086],[-80.49626399963242,33.06102499996459],[-80.49657999999991,33.06104199974634],[-80.49682500022229,33.061248000250636],[-80.49701600001801,33.061567999829414],[-80.49701600001801,33.06172899973751],[-80.4972610002404,33.06202599994097],[-80.4972610002404,33.062508000239575],[-80.49682699987211,33.063171999742686],[-80.49611899986746,33.0633100001785],[-80.49546600011439,33.0633100001785],[-80.49511200011207,33.063217999661056],[-80.49462199966729,33.06294400011972],[-80.49317999971872,33.06294499990802],[-80.491678000394,33.06357700011282],[-80.49116799985775,33.06379200022129],[-80.49029699964647,33.06388499991634],[-80.48994299964413,33.06377100034937],[-80.48978000033583,33.06356399994585],[-80.48999700007082,33.06246500008433],[-80.48994199981922,33.06225800037356],[-80.4895879998169,33.061984000102264],[-80.48871800032884,33.061777000013166],[-80.48814599986831,33.061823999708814],[-80.48773800033763,33.06207499985283],[-80.48716699970201,33.06271699969703],[-80.48675900017132,33.062809999775176],[-80.48613300018242,33.06269600032155],[-80.48556200044513,33.062374999778875],[-80.48501699974877,33.06168699975716],[-80.48469100023385,33.0614360000124],[-80.48422799955326,33.0614360000124],[-80.48398300022919,33.06161900035591],[-80.4837659995959,33.06196299979903],[-80.48346699984516,33.062215000096174],[-80.48308600007866,33.06239900012026],[-80.48286799962045,33.06230600036073],[-80.48343900025606,33.06139099972154],[-80.48352100027182,33.06102400015449],[-80.48341199959356,33.06086400027452],[-80.48319400003368,33.06084100007965],[-80.48297599957547,33.060933000070214],[-80.48248699985393,33.061551000149265],[-80.48218800010319,33.061712000088434],[-80.48137200014351,33.06184999980192],[-80.48119600041642,33.0618180001495],[-80.48099100037699,33.06178099997223],[-80.4805550003589,33.06155199995337],[-80.48031000013651,33.0612539998488],[-80.48031000013651,33.06077200021188],[-80.48066300031394,33.06038399964262],[-80.48063599965144,33.05997200013082],[-80.4805269998715,33.05985800001305],[-80.47987400011843,33.05981199984442],[-80.47954799970519,33.05995000027808],[-80.47908499992292,33.06043100008201],[-80.47892199971629,33.06049899964813],[-80.47826899996322,33.06049899964813],[-80.47807899999242,33.06056900029812],[-80.47769800022591,33.060705999731226],[-80.47709999982612,33.06104800011137],[-80.47674599982379,33.06114099969438],[-80.47633599974496,33.06109600000557],[-80.47590200027501,33.06105100029376],[-80.47571200030421,33.06082000025654],[-80.47557599986176,33.06027099987704],[-80.47541199983024,33.05995000027808],[-80.4744870000906,33.05999700019637],[-80.47432399988399,33.060249000099034],[-80.47437900013557,33.06079899967557],[-80.47514099966858,33.06208100014745],[-80.47522299968435,33.06256200035229],[-80.47510499968358,33.0627140003243],[-80.4747330001379,33.063203999655705],[-80.47473399996281,33.06363900007192],[-80.47489700016943,33.06384499976812],[-80.4747880003895,33.06439399968814],[-80.47424400041636,33.064372000187845],[-80.47282900023195,33.064120999818634],[-80.47062400002713,33.06363999985232],[-80.46931799962267,33.06325100009504],[-80.46843600043906,33.062840000240875],[-80.4680389998807,33.062654999841335],[-80.4672499996852,33.06265700017734],[-80.46583500039912,33.06300100008082],[-80.46482899957032,33.06316099984044],[-80.46439299955222,33.06300100008082],[-80.4640670000373,33.062679999897675],[-80.4636579997834,33.06240499963997],[-80.46218900007064,33.06238199984777],[-80.46150899965507,33.06229099966174],[-80.46115499965273,33.06240600018726],[-80.46074700012204,33.06270300036487],[-80.46053000038707,33.063366999902556],[-80.46033899969304,33.063619999724814],[-80.46006699970648,33.063735000019605],[-80.45957799998493,33.063735000019605],[-80.45925099974679,33.06355200031127],[-80.45911500020267,33.06329900029355],[-80.45908800043848,33.06270300036487],[-80.45867900018457,33.06187800024112],[-80.45857000040463,33.061811000035796],[-80.45810800044727,33.06066499982982],[-80.45778100020912,33.06041199979527],[-80.4574000004426,33.060481999761514],[-80.4570470002652,33.06084800027055],[-80.4568020000428,33.06123799991568],[-80.4563660000247,33.061535000270126],[-80.45612199962724,33.061535000270126],[-80.45571300027163,33.06128400009194],[-80.45560500031661,33.06089499970931],[-80.45552300030084,33.058993000233144],[-80.45530499984264,33.058832999673044],[-80.4550060000919,33.05878699972175],[-80.4547669997173,33.05900799998838],[-80.45473400010533,33.0590390000768],[-80.45454300030963,33.05935900015727],[-80.4541900001322,33.05970300015099],[-80.45364500033416,33.059955000142416],[-80.45277499994782,33.060139000373674],[-80.45174100042824,33.06023100034501],[-80.45160499998578,33.060619999897675],[-80.45171399976573,33.060825999883875],[-80.45282900037448,33.0616730002611],[-80.45269399975695,33.06210899976034],[-80.45206799976806,33.062200999931285],[-80.45114300002844,33.061902999765344],[-80.45081599979028,33.06151399985975],[-80.45066400035263,33.060800000241116],[-80.45043500002377,33.05972699971517],[-80.45013600027305,33.059061000157214],[-80.4493460002526,33.0583059999693],[-80.44880200027947,33.05814599966635],[-80.44787699964152,33.058100000108965],[-80.44760499965497,33.0579859998255],[-80.4473600003309,33.05773400022058],[-80.44752400036242,33.05732099974731],[-80.44768699967074,33.05716099991281],[-80.44836700008631,33.05672499999856],[-80.44841800013992,33.056656999775825],[-80.44861200030869,33.05640400026855],[-80.44863900007287,33.055694000095315],[-80.44882900004366,33.0550530001066],[-80.44891100005941,33.05454899994856],[-80.44877499961699,33.05431900005309],[-80.44847500004133,33.05413600034538],[-80.44820300005478,33.05406799962885],[-80.44763200031747,33.05415900003332],[-80.44559199996908,33.05567199992633],[-80.44518400043839,33.05580800033507],[-80.44458500021368,33.05578500032498],[-80.44401399957806,33.05560199989984],[-80.44325200004505,33.055098999750314],[-80.44276199960028,33.054594999855546],[-80.44276199960028,33.05450200013337],[-80.44219099986296,33.054044999917124],[-80.4417559996698,33.053930999653346],[-80.44164600006494,33.05387700026946],[-80.44129299988752,33.053702000295566],[-80.44080300034106,33.05326599981585],[-80.4407220001502,33.05308300017838],[-80.4407220001502,33.05260200013219],[-80.44088500035683,33.05218899967868],[-80.44123900035916,33.05202799964068],[-80.4419459996406,33.05196000030789],[-80.4422999996429,33.051729999672936],[-80.44224500028965,33.05129599981097],[-80.4419459996406,33.05099799962477],[-80.4413470003142,33.05072199984136],[-80.44039499991206,33.05042399997154],[-80.43995999971888,33.05001299971428],[-80.43995999971888,33.04900499980527],[-80.439742000159,33.04886700028674],[-80.43955200018819,33.04888999984507],[-80.43906199974343,33.0495769997922],[-80.43900800021505,33.05079199998289],[-80.43838200022617,33.05147900015063],[-80.43822800024039,33.051807999837756],[-80.4380829995771,33.05212099971726],[-80.43797399979717,33.053013000352216],[-80.43770199981061,33.05319799993323],[-80.43737600029567,33.05321999996747],[-80.43623300009784,33.052327000014685],[-80.4356110003069,33.052202000019626],[-80.43508999990001,33.052098000249906],[-80.43427399994032,33.05216600022909],[-80.43370300020301,33.052327000014685],[-80.4333220004365,33.052327000014685],[-80.43304999955163,33.0521439999315],[-80.43266899978512,33.05175399990476],[-80.43228800001862,33.05157100013657],[-80.43174400004548,33.051433000121584],[-80.43057400008345,33.05129599981097],[-80.42986699990372,33.05127300012814],[-80.42975800012377,33.05120400029062],[-80.4279360002336,33.05134099999145],[-80.427472999553,33.05156900030161],[-80.42728299958222,33.05198299981128],[-80.42695600024238,33.05234900026655],[-80.42627599982681,33.05271499995337],[-80.42616899969669,33.05273999982098],[-80.42589500006031,33.05280700015382],[-80.42545999986713,33.052646999645226],[-80.42529699966049,33.0523939999089],[-80.42540600033875,33.051937000045534],[-80.42537799985136,33.051546999854864],[-80.42510599986478,33.051433000121584],[-80.42475299968739,33.05147800023211],[-80.42437199992087,33.05170700010346],[-80.42382799994776,33.05225599967783],[-80.42347399994541,33.052830000188926],[-80.42263000039664,33.05475499983592],[-80.42253999998493,33.05482900005793],[-80.42249399995418,33.054867999905724],[-80.42186799996531,33.054915000278484],[-80.4214600004346,33.054639999855894],[-80.42118800044805,33.054273000001906],[-80.4209039998676,33.05406499996141],[-80.42080699978322,33.05399400027313],[-80.4205160004284,33.0537810001117],[-80.42042000016895,33.05371100008757],[-80.42015499985507,33.05351700026763],[-80.41952899986619,33.052852000315056],[-80.41902900027398,33.05210399971867],[-80.41897999987017,33.052031000130484],[-80.41893100036471,33.051957999728764],[-80.41835999972908,33.05134000007137],[-80.41800599972674,33.051132999801204],[-80.41686400025213,33.05058400000176],[-80.41482300007885,33.04989499975504],[-80.41444300013724,33.04939100019096],[-80.41425300016644,33.0488189997488],[-80.41420499958755,33.04848800028391],[-80.414116999724,33.047879999963534],[-80.4139540004157,33.04746599998848],[-80.41330099976432,33.04668799963745],[-80.41324100038818,33.046666000230275],[-80.41281100021787,33.04650499988335],[-80.41202200002236,33.04659599982096],[-80.4111249998718,33.046870999764245],[-80.41096400021333,33.04696499998608],[-80.41066200008954,33.047144999634114],[-80.40919199965354,33.04831300014135],[-80.40720599973184,33.049207000085495],[-80.40630799975638,33.049435999839055],[-80.40540999978093,33.049505000308905],[-80.40478399979204,33.0494129996704],[-80.40451799965325,33.0494239997845],[-80.40426800030632,33.04943499989728],[-80.40394100006816,33.04973300010217],[-80.40391299958075,33.05044300015501],[-80.40423999981891,33.05135999997711],[-80.40426699958309,33.051932999639185],[-80.40410299955157,33.05223099967287],[-80.40399399977163,33.052351999992396],[-80.40353199981425,33.05287199987736],[-80.40312400028357,33.05307799992375],[-80.40222600030812,33.05323799964909],[-80.40165399984757,33.053145999899044],[-80.40110300020177,33.05293399984702],[-80.40070200034377,33.0527799997449],[-80.40013800027916,33.052463000319776],[-80.39988600038407,33.052320999808174],[-80.39923399955761,33.0516790001939],[-80.39870899985105,33.050910000246084],[-80.398092000083,33.05000600016784],[-80.39610699998619,33.04842600019571],[-80.39398600034528,33.04700500027429],[-80.39381700029088,33.046863999968],[-80.39259899974996,33.045859000105985],[-80.39219600024215,33.04547899997246],[-80.39167099963728,33.04498299992344],[-80.39101899970912,33.04436800026055],[-80.39053300036063,33.0439090001527],[-80.38968999973844,33.04299400033603],[-80.38952700043014,33.04251200013346],[-80.38949999976765,33.04155000016178],[-80.38980000024162,33.040266999655515],[-80.38977400030235,33.04011700018405],[-80.38958299960831,33.038984000042454],[-80.38942199994983,33.03862200002826],[-80.38939299963752,33.03855600026474],[-80.38914099974244,33.037989999920406],[-80.38905000040417,33.03778399997554],[-80.38901299969592,33.03770099981774],[-80.38895900016757,33.037287000194745],[-80.3887649999988,33.0366949999988],[-80.38861000018811,33.036222000045385],[-80.38841799966917,33.03563499996334],[-80.38831899993497,33.03533099964612],[-80.38830700023942,33.03529399963504],[-80.38827999957692,33.03497400021357],[-80.3880879999563,33.034413000011796],[-80.38798599984905,33.03411200034407],[-80.38781799961956,33.033622000279486],[-80.38781900034277,33.03284300028008],[-80.38806399966683,33.03249699977314],[-80.3881449998577,33.032384000371124],[-80.38855300028669,33.03206400017197],[-80.38991400004443,33.03128600010307],[-80.39048700032988,33.030747000143705],[-80.39130199956634,33.029980000027486],[-80.39142299994018,33.02974999998769],[-80.39178199996536,33.02906900008313],[-80.39239100023582,33.027917999883634],[-80.39260399977283,33.02756000035436],[-80.39268099976573,33.02742900021369],[-80.39295699995024,33.02696599993855],[-80.39318100025625,33.02658999970346],[-80.39358899978691,33.02608600010932],[-80.39489500019138,33.02489500035364],[-80.39557499970864,33.02436899964945],[-80.39821400028173,33.0229949996575],[-80.39881199978322,33.02256000032911],[-80.39927499956548,33.02235399971287],[-80.40077099994075,33.02194200004909],[-80.4044430002085,33.02040800032586],[-80.40580300014132,33.01955999975613],[-80.40648299965858,33.019010999786055],[-80.40697300010335,33.01784199993137],[-80.40699999986751,33.017130999712066],[-80.40689199991249,33.016352999648035],[-80.40663400016963,33.01505100034297],[-80.40661999992592,33.01497800018184],[-80.40656600039756,33.014014999828916],[-80.4066750001775,33.012413000307646],[-80.4069210002248,33.011099999699525],[-80.4069210002248,33.01035099978722],[-80.40678499978237,33.01009799987114],[-80.4065630000245,33.00991199979145],[-80.40632299982501,33.009709000180266],[-80.40558899988109,33.00943400026602],[-80.40526099981803,33.00946400007919],[-80.40360399978428,33.009617000172874],[-80.40346800024017,33.00950099963379],[-80.40346800024017,33.008884000124986],[-80.40379499957999,33.00840299983245],[-80.40412099999321,33.00828800036528],[-80.40498899983146,33.00808200030303],[-80.40518100035038,33.00803699987433],[-80.4057799996768,33.007784999761256],[-80.40605199966335,33.007601000156654],[-80.40608099997566,33.00755099965733],[-80.40617999970986,33.00738399990855],[-80.40626900029665,33.007234999883856],[-80.4063570001602,33.00684299985031],[-80.40637800007659,33.00675399963848],[-80.40673200007892,33.00592899981634],[-80.40719999988406,33.00536100000027],[-80.40756700030518,33.004917999747086],[-80.40770500039744,33.0047479996935],[-80.40784699978934,33.004578000065706],[-80.40791899975937,33.004151000158316],[-80.40795599956928,33.003935999872446],[-80.40792899980511,33.00356899975067],[-80.40760900013797,33.00318900032504],[-80.40706000014198,33.00253800007223],[-80.40695100036204,33.00217199988617],[-80.40703300037778,33.00178200016581],[-80.40733200012853,33.0012999998331],[-80.40746799967266,33.00093500027678],[-80.4073859996569,33.00065299967629],[-80.40708799973106,33.000168999707796],[-80.40689799976028,33.000066999799074],[-80.4067870003305,33.00004200005458],[-80.40647699981078,32.999972000280295],[-80.40607799960262,32.99991500021859],[-80.40584599979903,32.99983900033013],[-80.40582599970755,32.999828999804635],[-80.40553000032985,32.99968800010967],[-80.40551699991106,32.999681000332686],[-80.40547900027622,32.99966300025779],[-80.40546699968233,32.999657000232],[-80.40545400016187,32.99935799968628],[-80.40576399978326,32.998820999934175],[-80.40582900008059,32.99870999983876],[-80.40707699986041,32.99740400013418],[-80.40751700007647,32.99671199985857],[-80.40785500018528,32.99618100008702],[-80.40807100009535,32.995988999770404],[-80.40861099987049,32.99547799994911],[-80.40901299955341,32.995099999942084],[-80.41005199999415,32.994186000302086],[-80.41030300006433,32.9940310001811],[-80.41066999958714,32.993808000034875],[-80.4107499999531,32.99364800014366],[-80.4107859999381,32.99351799992423],[-80.41084100018968,32.99292200032678],[-80.41032399998073,32.9921650003157],[-80.41016099977412,32.99205000002459],[-80.40967200005258,32.99111200027672],[-80.40926500034679,32.989965999711146],[-80.40915599966854,32.988888999792636],[-80.40937400012675,32.98811000014413],[-80.40975499989324,32.98756100032251],[-80.41002500023,32.987428999642106],[-80.4110329998103,32.98694199978537],[-80.41160400044593,32.98678100035733],[-80.41231099972735,32.98602600023622],[-80.41233800038985,32.98572800013359],[-80.41225600037409,32.98561399965638],[-80.41184899976999,32.98545300006677],[-80.41133199956104,32.98542999977848],[-80.41092400003035,32.98549799995824],[-80.40945600014251,32.98618499972262],[-80.40915700039176,32.98618499972262],[-80.40906500033026,32.986077999938644],[-80.40877699955186,32.985749999679975],[-80.40869600025931,32.98460500025122],[-80.40888399968198,32.98433500008777],[-80.40896800024586,32.984214999750044],[-80.40945699996742,32.98393900031343],[-80.41002799970472,32.983825999719045],[-80.41130599962177,32.98398700001532],[-80.41198600003734,32.98361999981041],[-80.41247599958379,32.98352799972524],[-80.41290999995206,32.98368899981143],[-80.4132089997028,32.98398700001532],[-80.41369900014757,32.984262000127835],[-80.41397000030922,32.98428499996688],[-80.41426999988488,32.98417099988678],[-80.41492199981305,32.98320700011861],[-80.41494899957722,32.98293400037283],[-80.41378100016334,32.98197099986128],[-80.4136720003834,32.98178799988158],[-80.41361799995673,32.98114599965869],[-80.41378100016334,32.98062000027397],[-80.41378100016334,32.98011600021309],[-80.41359100019255,32.97954300011656],[-80.41367300020832,32.979061999629145],[-80.4142220002043,32.97828799990093],[-80.41424399994561,32.97826000002897],[-80.41514100009616,32.97729699978183],[-80.4156309996426,32.9768859999251],[-80.41712600019295,32.97656500028527],[-80.41840300028508,32.97603899998678],[-80.41864799960915,32.97535100037173],[-80.41862099984498,32.97486999965785],[-80.41837700034583,32.97427500004607],[-80.4180099999247,32.971911000275036],[-80.41791500038848,32.971296000343344],[-80.41772500041765,32.97111300009574],[-80.417262999562,32.97090599984055],[-80.41661099963382,32.97088300028467],[-80.41622999986733,32.9709749999795],[-80.4158769996899,32.971456000051425],[-80.41576799990996,32.971777000174455],[-80.41574000032087,32.97260000037179],[-80.41555000035007,32.972991000232405],[-80.41519700017265,32.973197000069895],[-80.41495199995026,32.97321899972412],[-80.41462600043533,32.97312800015956],[-80.41416399957969,32.972715999682194],[-80.41367499985813,32.97177600010543],[-80.41367499985813,32.97150100029395],[-80.41416399957969,32.97088300028467],[-80.41459899977285,32.97060799995374],[-80.41557799993917,32.96923299977561],[-80.41617600033896,32.96886700015042],[-80.41753500044686,32.96886700015042],[-80.4176430004019,32.96884600026802],[-80.41802400016842,32.96877599987028],[-80.4184049999349,32.968523999938505],[-80.41867699992149,32.96820300005201],[-80.41881300036391,32.96788199975269],[-80.41881300036391,32.9672640000476],[-80.41837800017073,32.966507000100414],[-80.4176149999145,32.96565699969652],[-80.41685699968112,32.96481200014426],[-80.41679300010703,32.96471500006922],[-80.41620499975296,32.96382500018993],[-80.41579700022227,32.96242900005045],[-80.41533600008982,32.96151200003408],[-80.415178999731,32.96138000036024],[-80.41446599970347,32.9607789999177],[-80.41418399967115,32.960633000186256],[-80.41400100027136,32.960537999684284],[-80.41345300010029,32.960254000026055],[-80.41327099962707,32.96016000007083],[-80.41310800031877,32.96016000007083],[-80.41264600036142,32.95972399975672],[-80.41253699968316,32.95942599983603],[-80.412293000184,32.9584640002346],[-80.41185799999083,32.9578220000583],[-80.41154199962332,32.957720999688156],[-80.41142299979764,32.95768400028489],[-80.41022799972127,32.95809700024228],[-80.40941199976159,32.95821200028475],[-80.4091950000266,32.9581429999757],[-80.40894999980422,32.95784499999963],[-80.40884199984917,32.95752399975347],[-80.40892300004003,32.95706499986257],[-80.40916800026243,32.956767000020065],[-80.40973899999973,32.95647000016871],[-80.41011899994132,32.95612700006794],[-80.41022799972127,32.95587500023771],[-80.41011999976622,32.955668999956444],[-80.40952200026474,32.955210000229954],[-80.40916900008732,32.95475199988897],[-80.40810999955508,32.952919000137236],[-80.40763900027521,32.95271200021914],[-80.40688699988961,32.95271200021914],[-80.40661499990306,32.952826999730966],[-80.40639800016807,32.953078999960226],[-80.40620700037235,32.95376600014866],[-80.40645099987152,32.954521000184215],[-80.40672299985808,32.95470400012728],[-80.40702800035493,32.95484500005971],[-80.40771500044318,32.95529099986721],[-80.40777599964423,32.95558999966263],[-80.40755200023655,32.95582100034216],[-80.40708299970821,32.95587899972618],[-80.40578300004984,32.95555300012091],[-80.40521899998521,32.95513400029814],[-80.40460399986698,32.95397100007236],[-80.40442999978971,32.95249999988787],[-80.4044080000484,32.952315000079395],[-80.40470400032441,32.95041499984717],[-80.40553899965235,32.94919099991161],[-80.40705900031706,32.94806799982155],[-80.40732399973261,32.947683999851925],[-80.40740900012143,32.9467729997161],[-80.40732899975549,32.946046000130735],[-80.4070690003628,32.94569499963445],[-80.4062740003195,32.94537700008857],[-80.40519800006882,32.94528900009276],[-80.40476399970055,32.94554099994977],[-80.40401100038838,32.946467000021954],[-80.4031610000935,32.947011000253646],[-80.40260799989953,32.94698700015884],[-80.40227900001155,32.94674000015479],[-80.40219199997293,32.94633400013506],[-80.4022609995699,32.94577100014358],[-80.4025789995872,32.94513099972634],[-80.40289599977963,32.944538000360446],[-80.40246200030965,32.94383800034082],[-80.4022329999808,32.943350000223525],[-80.40221500043747,32.942833000239894],[-80.40245300008883,32.94239300029478],[-80.40278199997681,32.942123000015464],[-80.40303399987187,32.94194100006559],[-80.40303999971967,32.94165100000945],[-80.40278699999966,32.941397000301976],[-80.40214400029235,32.94112999973684],[-80.40150900008261,32.9409349998481],[-80.40136500014258,32.9409000002865],[-80.4009869998508,32.94081500010878],[-80.40049700030436,32.94053299974114],[-80.40045399974832,32.94030600001361],[-80.40049200028149,32.93985500010137],[-80.40062700000071,32.93880800025335],[-80.40061899960477,32.93778300025605],[-80.40037500010563,32.93710900022614],[-80.39984299982805,32.9365689997488],[-80.39940500016014,32.9360389999556],[-80.3993030000529,32.935448000137924],[-80.39931499974846,32.93483499998311],[-80.39940799963489,32.93450499997561],[-80.3999730004227,32.93388399985822],[-80.4004370000299,32.93347000012224],[-80.40063299984848,32.933295999971754],[-80.40073400013083,32.9330139997549],[-80.40036099986192,32.93259899995832],[-80.39990999977519,32.931793000257365],[-80.39929399983205,32.93067799986909],[-80.39892200028638,32.92927699976135],[-80.39878800039207,32.92864600034878],[-80.3986429997288,32.9279569998841],[-80.39836599971937,32.92704200006432],[-80.3983599998716,32.92695099969918],[-80.39835599967364,32.926898999879405],[-80.39834700035111,32.92673800035957],[-80.39836300024464,32.926659999676616],[-80.39843500021466,32.926322999773234],[-80.39847000037476,32.92616400037558],[-80.39883400042282,32.92559600021736],[-80.3992050001436,32.92522500014061],[-80.39944699999293,32.92498400025114],[-80.39974800029182,32.92426200026701],[-80.40002600012616,32.923241999936536],[-80.40007899982962,32.92248599987593],[-80.4000920002484,32.922297000359656],[-80.40011900001258,32.921936000321395],[-80.40023700001336,32.92095900012787],[-80.40026700015058,32.920719999715836],[-80.4006119999321,32.91968300015074],[-80.40138400040915,32.91828100021467],[-80.40170800027425,32.917375000005656],[-80.40217699990431,32.91681700011109],[-80.40285300012192,32.91636700028522],[-80.40428900022272,32.91562099981695],[-80.40505999997657,32.91516300030028],[-80.40564499995757,32.91453499966922],[-80.40597399984554,32.913345000069754],[-80.40640599966567,32.91177799972896],[-80.40644400019882,32.9103270000425],[-80.40644699967356,32.91022899975674],[-80.40614299989996,32.909707999948346],[-80.40414899958232,32.90930799976639],[-80.40357100017232,32.90912200008431],[-80.4029019996274,32.90874100005079],[-80.40231199962354,32.90823999970245],[-80.40209499988855,32.90773600017212],[-80.40208200036807,32.906467000002124],[-80.40206899994928,32.90519400022755],[-80.40179799978763,32.90448300028622],[-80.40139100008186,32.90409400001096],[-80.40090200036032,32.90386400006222],[-80.40000600003468,32.90319999974412],[-80.39989700025474,32.90294799994661],[-80.39989800007965,32.90226000014027],[-80.40003000032411,32.902068000117325],[-80.40038699980119,32.901550000131735],[-80.40068599955194,32.901344000026334],[-80.40068599955194,32.90125200027847],[-80.40136500014258,32.900977999938576],[-80.40139199990676,32.900679999669094],[-80.40122899970015,32.900336000298005],[-80.40090300018521,32.900129000260506],[-80.40057500012215,32.900277999939114],[-80.4005500000078,32.900289999912424],[-80.40014300030201,32.90086300014071],[-80.39992499984382,32.90095400017675],[-80.399001999754,32.90109100011267],[-80.39726400042774,32.900769999775214],[-80.39699200044117,32.90051799985109],[-80.39688299976291,32.90030199988418],[-80.39683000005945,32.90019699969949],[-80.3967489998686,32.8988910002379],[-80.39615100036711,32.89857000022344],[-80.395635999808,32.898158000001494],[-80.39536399982143,32.89774499997376],[-80.39525599986641,32.89712600017226],[-80.39539200030885,32.896714000021944],[-80.39568699986162,32.89628199986396],[-80.39598999981033,32.89584300015537],[-80.39759300031571,32.89433200022243],[-80.39762000007988,32.894033000026965],[-80.39745699987328,32.89385200016753],[-80.39699599974081,32.893689999929656],[-80.39656100044596,32.89376000018055],[-80.39574600031116,32.894033000026965],[-80.39509400038301,32.8940779996971],[-80.39406300033816,32.89371299995357],[-80.3935739997183,32.89366699989982],[-80.39316600018762,32.89382699978696],[-80.39292199979015,32.894146000010075],[-80.39289400020105,32.89501800015169],[-80.39311099993604,32.895428999715065],[-80.39311099993604,32.89577400021631],[-80.39289400020105,32.89595700026476],[-80.39275699993371,32.89595700026476],[-80.39216100008206,32.89595700026476],[-80.39186200033129,32.89574999979864],[-80.39175400037627,32.895085999743074],[-80.3914820003897,32.89460499981469],[-80.3915099999788,32.894238000350484],[-80.39183600039205,32.89382699978696],[-80.39213500014277,32.89366699989982],[-80.39272000012377,32.89324700014121],[-80.39307199957798,32.89278400001073],[-80.3930809997988,32.89233199980715],[-80.39259200007727,32.891993000026865],[-80.39192400025559,32.89206499978829],[-80.39116000017442,32.89210999970377],[-80.39080199997414,32.89192800022339],[-80.39053699966027,32.89133400008868],[-80.38977599995218,32.89083100037305],[-80.38952599970692,32.89043100016384],[-80.38949100044512,32.88983399982857],[-80.3895809999585,32.88916599969461],[-80.38955699966905,32.88900099994171],[-80.38948899989698,32.888533999981455],[-80.38879900033399,32.88824999995043],[-80.38804299975044,32.8883610000045],[-80.38717599973714,32.888373000083575],[-80.38650500044072,32.888097000116915],[-80.38550600018293,32.887080999840144],[-80.38534399980121,32.8861190002171],[-80.38554200016793,32.885291000060946],[-80.38641000000617,32.88480199963669],[-80.38727700001948,32.8845779996782],[-80.38782799966529,32.88443599984907],[-80.38943600019356,32.88455599984707],[-80.39028399994027,32.88501200016801],[-80.3918410004149,32.885317000125184],[-80.3932909998611,32.88528100015027],[-80.39373899957477,32.884787999985946],[-80.39378999962837,32.88414299977468],[-80.39336299983111,32.88356399966019],[-80.39298000041478,32.88319499984548],[-80.39303399994316,32.88286499967264],[-80.39338200009769,32.88266900007653],[-80.39426699965435,32.88269700004536],[-80.39495700011567,32.88299799990615],[-80.39550600011165,32.883158999762884],[-80.39620400007058,32.883049000300076],[-80.39637599959971,32.882550999679545],[-80.39624500007845,32.88197600029191],[-80.39562099973939,32.88156900001212],[-80.39515399975915,32.88126500031867],[-80.39425300030896,32.88059099990026],[-80.39412899956208,32.880088000307815],[-80.39443300023402,32.87968200001274],[-80.39522499990426,32.879651999887436],[-80.39617300010843,32.8794239998102],[-80.39692600031894,32.87895100000314],[-80.39753499969106,32.87852400033019],[-80.39825399956639,32.87829300000836],[-80.39886500038499,32.87778499982182],[-80.39904699995985,32.87724599992771],[-80.39909399981552,32.87663800002153],[-80.39911100043227,32.87643299971863],[-80.39905600018068,32.87587499986742],[-80.39887999955526,32.87517200023195],[-80.39900400030214,32.87405600000396],[-80.39923100008286,32.873212000247534],[-80.39926799989279,32.87318400030028],[-80.40020900042427,32.872475000090006],[-80.40168800018277,32.87176900007294],[-80.40187499978052,32.871681999761925],[-80.40280000041847,32.8707590002068],[-80.40326200037583,32.8696439999764],[-80.40306400000911,32.867615000031286],[-80.40302600037428,32.867462999778134],[-80.40263100036408,32.865872999929366],[-80.40259600020396,32.865734000348084],[-80.40209400006363,32.8651050003554],[-80.40102299983582,32.86483399996943],[-80.4008029997278,32.8647789998262],[-80.39989600042982,32.86482300024537],[-80.39951700031314,32.86471100037028],[-80.3993030000529,32.864448999759695],[-80.39939199974134,32.8637989997873],[-80.39995499998105,32.86237699986498],[-80.40074400017656,32.860426999711784],[-80.40094900021597,32.85992100018612],[-80.40127899992886,32.85869000023156],[-80.40132199958654,32.858531999978695],[-80.40134000002823,32.85846599994258],[-80.40134000002823,32.85842799994521],[-80.40134000002823,32.85831600029523],[-80.40134099985313,32.85827900007658],[-80.40135799957156,32.85666399978572],[-80.4010350004297,32.854681000140495],[-80.4010279998587,32.85439100024399],[-80.40099699989655,32.85418900024525],[-80.40091300023096,32.85357699962321],[-80.40083399968994,32.853148000206915],[-80.40077599996361,32.85269899984689],[-80.40075599987213,32.85231100006036],[-80.40075900024517,32.851969999833244],[-80.40078699983425,32.85167100012035],[-80.40079299968207,32.851367999716636],[-80.40079299968207,32.851337999822114],[-80.40074599982638,32.85094599966434],[-80.40061600013004,32.85059700003807],[-80.40045200009851,32.85025200028223],[-80.40011700036277,32.849641000367576],[-80.3999440001104,32.84932399985599],[-80.39981000021609,32.84908300022348],[-80.39965799988013,32.848760000281324],[-80.39950300006943,32.84825499982429],[-80.3994870001759,32.84763999989243],[-80.39957900023741,32.847411999766194],[-80.39971399995663,32.84707700014986],[-80.39986999959223,32.84646200035608],[-80.39981100004101,32.84615399962586],[-80.39958400026029,32.8459079997745],[-80.39943000027449,32.84574200028096],[-80.39896599976899,32.845432000095414],[-80.39862299963733,32.84527600036176],[-80.39815800020523,32.84527399962808],[-80.39771299996632,32.84530600004156],[-80.3975220001706,32.845364000148486],[-80.39728699999397,32.84544099998456],[-80.39692100029606,32.84562699975415],[-80.39667699989857,32.84581399987209],[-80.39621099974326,32.845947999815166],[-80.39572500039478,32.84596300029744],[-80.39530000024735,32.84594399988735],[-80.39475499955098,32.845769999835404],[-80.39433199995169,32.84549500005523],[-80.3941720001181,32.845168999911834],[-80.39409299957708,32.844877999876616],[-80.39413699995801,32.844501999834335],[-80.39437799998244,32.84416699979963],[-80.39470799969531,32.843820999945905],[-80.39523599977493,32.84351599988982],[-80.3959870003356,32.8431779998679],[-80.39669799981498,32.842821999761455],[-80.3970640004112,32.84248200007372],[-80.39716899999318,32.84198699963177],[-80.39698999989304,32.84154200028596],[-80.39672899977714,32.841284000069294],[-80.3964459999199,32.841213999892865],[-80.39637099957683,32.841213999892865],[-80.3959809995895,32.84121199982231],[-80.39579999983953,32.8410229997453],[-80.3957420001132,32.84057800009516],[-80.39572399967156,32.840254000098085],[-80.3958390001976,32.83994000016996],[-80.39607500019913,32.839297999960564],[-80.39617899995622,32.8387860003241],[-80.39627500021568,32.83847700006256],[-80.39640699956185,32.83805199963609],[-80.39683799955708,32.83721599984283],[-80.3973670003599,32.8367400003472],[-80.3978250001193,32.836488999625125],[-80.3980779998393,32.83635100013768],[-80.39854499981952,32.83606200006205],[-80.39862099998751,32.83601400009945],[-80.39897199961678,32.83579100002708],[-80.39929800003002,32.835468000019034],[-80.39942199987858,32.83492700013061],[-80.39938599989357,32.83447700031409],[-80.39924699997638,32.834083000178765],[-80.39919099989989,32.83400600030254],[-80.39904699995985,32.83380799966712],[-80.39898800040862,32.83346599993127],[-80.39892999978397,32.83308999985795],[-80.39889200014916,32.83274800037584],[-80.39887399970749,32.832355000251525],[-80.39889799999693,32.83182500030822],[-80.39905500035577,32.831398000204935],[-80.39918699970194,32.83104000011272],[-80.39939199974134,32.830682000086895],[-80.3997199998044,32.82999999969595],[-80.39994699958513,32.82933399979341],[-80.40004500039274,32.829003999997234],[-80.4001340000812,32.828703000314704],[-80.40027800002123,32.828326999699414],[-80.40062399962764,32.8279700002438],[-80.40107300006453,32.827442000175246],[-80.40118900041548,32.827375000226624],[-80.4014789999454,32.827205000028734],[-80.40184499964329,32.826932999941114],[-80.4020699997742,32.82664400016191],[-80.40247800020319,32.826115999758876],[-80.40263300001389,32.825906000175785],[-80.40290699965028,32.82553699977037],[-80.40333599999568,32.82494099984241],[-80.40378600025747,32.82420799967309],[-80.40403200030477,32.823747000357955],[-80.40427900017697,32.82316699978584],[-80.40440399985043,32.82260400034589],[-80.40438799995691,32.82195400035172],[-80.40429599989541,32.8212960003191],[-80.4042180000776,32.82086100032097],[-80.40417700006974,32.82063399962884],[-80.40398200007606,32.81996100004419],[-80.40393699987021,32.81939300001808],[-80.40399799996958,32.818807000244234],[-80.40401600041123,32.81863700025644],[-80.4041689996738,32.818154000270205],[-80.40437100023848,32.817692999734795],[-80.40461300008782,32.81741799980751],[-80.40464700042301,32.8173790000509],[-80.40484800026447,32.817022999932554],[-80.4051250002739,32.81658300009702],[-80.40525099977228,32.81622600024732],[-80.40530600002387,32.815575000070446],[-80.40533399961295,32.81540600026406],[-80.40540899995602,32.814965999970575],[-80.40558700023125,32.8144839999932],[-80.40568099994259,32.814315000376695],[-80.40605699968623,32.81362899976754],[-80.4060900001965,32.81358299969791],[-80.40639099959705,32.813164000018894],[-80.40690799980601,32.81259699993103],[-80.40728500027286,32.81208000006238],[-80.4074069995733,32.81123100008341],[-80.40747900044163,32.81110600019116],[-80.40774999970498,32.81083799988401],[-80.4081749998524,32.81058699994795],[-80.40820400016472,32.81057200028428],[-80.4088229995826,32.81027500007998],[-80.40947100021111,32.81002600008182],[-80.40999599991767,32.80975600026875],[-80.4104200002402,32.80950500029687],[-80.41086999960369,32.809192000009496],[-80.41114099976534,32.80909099998547],[-80.41115599983394,32.80908400022621],[-80.41116900025274,32.809074000029966],[-80.41117699975035,32.80906399983252],[-80.41118400032136,32.80905299999156],[-80.411187999621,32.80904099975167],[-80.41119000016914,32.80902799986749],[-80.411187999621,32.809014999981414],[-80.41118299959813,32.809000999695414],[-80.41117699975035,32.80899199988788],[-80.41117000007766,32.80898199968122],[-80.41114199959026,32.80895300020813],[-80.4111099998032,32.80891599979918],[-80.41107200016835,32.808872000353894],[-80.41104799987892,32.80884500013442],[-80.41100299967307,32.80879099967086],[-80.41093900009898,32.80871199971657],[-80.41091099961156,32.80867700001063],[-80.41087600034979,32.80863099964269],[-80.41081900044837,32.80855299994924],[-80.41078500011318,32.80850700027215],[-80.41076800039474,32.808481999994505],[-80.41073999990735,32.80844199968665],[-80.4107089999452,32.808395000302305],[-80.41068200018103,32.8083549999553],[-80.41065399969362,32.80831100023229],[-80.41062899957926,32.80827000019627],[-80.41060600001303,32.808233000258014],[-80.41057900024886,32.80818899971957],[-80.41056199963211,32.808159000335216],[-80.41054499991368,32.80812900018576],[-80.41051700032459,32.80807999981915],[-80.41049399986005,32.808038000022705],[-80.4104699995706,32.80799200007913],[-80.41044399963133,32.80794299963699],[-80.4104269999129,32.80790799962822],[-80.41040400034669,32.80786200037235],[-80.41038000005722,32.80781099979079],[-80.41036599981352,32.807779999867094],[-80.4103569995927,32.80776100034691],[-80.41033599967629,32.80771399984741],[-80.41030499971417,32.80763899983426],[-80.41029200019368,32.80760799985063],[-80.41027899977489,32.80757600019712],[-80.41025700003358,32.807521000057896],[-80.4102369999421,32.80746500022437],[-80.41021400037587,32.80740100004788],[-80.41020000013216,32.807361000008505],[-80.41018300041374,32.80730900023248],[-80.41016699962191,32.807256000008394],[-80.41015300027651,32.80721199974132],[-80.41013900003281,32.8071629996242],[-80.41012200031436,32.80711999973028],[-80.41010499969761,32.80711299981581],[-80.4100889998041,32.80710599990083],[-80.41007200008566,32.807098000320856],[-80.410053999644,32.807087999901086],[-80.41004299977334,32.80708199964871],[-80.41001799965899,32.807065999728685],[-80.40999699974259,32.8070510002258],[-80.40998099984905,32.80703800005055],[-80.40996300030571,32.8070229997879],[-80.40994499986404,32.8070040001059],[-80.40992999979544,32.80698800017183],[-80.40991200025208,32.80696500030879],[-80.40989800000838,32.8069450001933],[-80.40988600031282,32.80692299998551],[-80.40988100028994,32.80691399996756],[-80.40987100024421,32.80689399984054],[-80.40986100019848,32.80686899986422],[-80.40985399962744,32.80684599997039],[-80.40984899960458,32.80682199964808],[-80.40984500030493,32.80680099983262],[-80.4098419999319,32.80677199964791],[-80.4098419999319,32.80674800006066],[-80.4098419999319,32.80673800035656],[-80.40984399958171,32.806722000374606],[-80.40984699995475,32.8066980000188],[-80.40985299980254,32.80667200031818],[-80.40985899965031,32.80665099971224],[-80.40986700004625,32.80662900018672],[-80.40987700009198,32.806606000230786],[-80.40988700013773,32.80658699970466],[-80.40989200016061,32.80657699998245],[-80.40990100038142,32.806563000067406],[-80.40991200025208,32.806547000053996],[-80.40992099957461,32.80653799999799],[-80.40994900006201,32.806514000347555],[-80.40997500000127,32.80649200003308],[-80.41001299963611,32.806462000075946],[-80.4100479997962,32.80643499987938],[-80.41008399978121,32.80640799967463],[-80.41011800011641,32.80638499966151],[-80.41014900007855,32.80636300007016],[-80.41019000008643,32.80633700027149],[-80.41022600007145,32.8063149999132],[-80.4102650004295,32.80629199987602],[-80.41030100041452,32.80627099993541],[-80.4103290000036,32.80625600029831],[-80.41036699963843,32.80623699969736],[-80.41040400034669,32.80621799984734],[-80.41045200002725,32.80619499978506],[-80.4104910003853,32.806178000030634],[-80.41054400008876,32.806155999632985],[-80.41060000016525,32.80613399998496],[-80.41065100021889,32.806115000112996],[-80.41067499961002,32.80610699968877],[-80.41072300018891,32.80609100034828],[-80.41078500011318,32.806073000143044],[-80.41083000031904,32.80605999982474],[-80.41088300002247,32.80604700025954],[-80.41094599977166,32.80603199982964],[-80.4110040003963,32.80601999993693],[-80.4110539997267,32.80601099982754],[-80.4110749996431,32.806008000042596],[-80.41112599969672,32.806000000363795],[-80.4111800001234,32.80599300036116],[-80.41122799980397,32.805987999711704],[-80.41127100036,32.80598400024904],[-80.41131099964464,32.80598099970812],[-80.41134800035289,32.805979000354135],[-80.41138799963754,32.80597700024509],[-80.41144000041439,32.805975999813036],[-80.41148700027007,32.805975999813036],[-80.41151999988202,32.805975999813036],[-80.41155699969194,32.80597700024509],[-80.4115819998063,32.8059779999221],[-80.4116169999664,32.80598099970812],[-80.4116739998678,32.80598700003482],[-80.41170599965486,32.80599199992928],[-80.41173400014227,32.80599699982341],[-80.4117719997771,32.80600500025753],[-80.41180199991432,32.80601299993581],[-80.41184299992221,32.806024000153016],[-80.41188300010519,32.80603699972158],[-80.41192599976287,32.80605200015063],[-80.41197099996873,32.80607100003613],[-80.4120110001517,32.8060899999175],[-80.41204499958857,32.80610699968877],[-80.41206600040329,32.80611799989433],[-80.4120949998173,32.80613499966019],[-80.4121240001296,32.806154000282994],[-80.41216000011461,32.806178000030634],[-80.41218900042693,32.806199999667776],[-80.41222200003888,32.80622800036501],[-80.41224200013039,32.806245000109826],[-80.41226999971947,32.80627200036409],[-80.41229099963586,32.80629300030452],[-80.41230400005465,32.80630700026209],[-80.41231699957514,32.80632199989053],[-80.41233099981883,32.806339000372425],[-80.41235099991033,32.80636399974282],[-80.41236799962876,32.806386999761365],[-80.4123840004206,32.806411000201145],[-80.41239399956802,32.806427000239026],[-80.412405000337,32.80644600004435],[-80.4124129998346,32.806459000306205],[-80.41242299988033,32.8064780001047],[-80.41243200010118,32.8064949998017],[-80.41244200014691,32.806517000115434],[-80.41245200019266,32.806540000094394],[-80.41246100041349,32.806563000067406],[-80.41246899991108,32.806586000034464],[-80.41247599958379,32.806606000230786],[-80.4124839999797,32.806636000139314],[-80.4124909996524,32.806661999850476],[-80.41249300020054,32.806673999656525],[-80.4124970003985,32.80669500025703],[-80.41249900004833,32.80670999981999],[-80.41250300024629,32.80673699993306],[-80.41250599972102,32.80677000031171],[-80.41250700044425,32.80679699965151],[-80.41250800026916,32.8068239997381],[-80.41250700044425,32.80685099981655],[-80.41250599972102,32.80686899986422],[-80.41250400007121,32.8068899996636],[-80.41250200042138,32.80690499994871],[-80.41249800022342,32.80693200000255],[-80.41249300020054,32.80696199980098],[-80.41248999982749,32.80697400032158],[-80.41248599962954,32.80699200034441],[-80.41247899995685,32.80701799995143],[-80.41247499975889,32.807029999709414],[-80.41247499975889,32.807045999635925],[-80.41247399993397,32.80706500006393],[-80.41247399993397,32.80708500015247],[-80.41247300010907,32.80710700032017],[-80.41247099956091,32.80713000014645],[-80.41246800008619,32.80716499970654],[-80.41246399988823,32.80720299975263],[-80.41246100041349,32.80722600030912],[-80.4124549996674,32.80726700007169],[-80.41244999964454,32.807293000353376],[-80.41244399979674,32.80732099995118],[-80.41243999959877,32.80734000032045],[-80.41243499957591,32.807365999825684],[-80.41242799990322,32.807394000155526],[-80.41242299988033,32.807412999754156],[-80.41241600020766,32.807438000332496],[-80.41240699998681,32.807465999884634],[-80.41239699994108,32.807496999917845],[-80.41238900044347,32.80752199971752],[-80.41238000022264,32.80754700026522],[-80.41236900035199,32.80757400012401],[-80.41236099995606,32.80759600017062],[-80.41235400028337,32.807611000336635],[-80.41234400023762,32.807634999690855],[-80.41233800038985,32.807647000120575],[-80.41233199964374,32.80766200027792],[-80.41232499997105,32.807676999677696],[-80.41231699957514,32.80769199983002],[-80.41230999990245,32.80770699997977],[-80.41230599970449,32.80771599991741],[-80.4122990000318,32.807728000336155],[-80.4122920003591,32.80774200006769],[-80.41228200031335,32.80775999993493],[-80.41227399991743,32.807773999661435],[-80.41226899989456,32.807783000347285],[-80.41225899984882,32.80780100020627],[-80.4122510003512,32.807814999926265],[-80.41224200013039,32.80782899964405],[-80.41223100025972,32.807845999837745],[-80.41222000038907,32.80786300002815],[-80.41219199990167,32.807904000251916],[-80.41216099993953,32.807950000241085],[-80.4121380003733,32.80797999969599],[-80.41212099975655,32.80800099998786],[-80.41210599968792,32.80802000021177],[-80.41208399994663,32.808046000273116],[-80.41206899987802,32.80806400007884],[-80.41204999961144,32.80808500035087],[-80.41202500039539,32.80811299969922],[-80.41200299975579,32.80813500036744],[-80.41198400038752,32.808155000215216],[-80.41195099987723,32.808186999660265],[-80.41192300028816,32.80821299967276],[-80.41188599957991,32.808246000258485],[-80.41186800003656,32.80826199996603],[-80.41184899976999,32.80827799967071],[-80.41182700002867,32.80829600018449],[-80.41180199991432,32.808315999995976],[-80.41177299960201,32.80833700020851],[-80.41175000003578,32.80835400030499],[-80.41172400009653,32.8083729996984],[-80.41170300018014,32.80838700008332],[-80.41167999971559,32.80840299976555],[-80.41165600032446,32.808419000199876],[-80.41162700001215,32.80843999963304],[-80.4116100002937,32.808456000060715],[-80.41159600005001,32.80846999967753],[-80.41158699982917,32.80848100034567],[-80.41157299958547,32.80849999971192],[-80.41156400026296,32.80851400007685],[-80.41155800041517,32.808525999632856],[-80.41154900019433,32.80854400009636],[-80.41154300034655,32.80856199980122],[-80.41153800032367,32.80857699980414],[-80.41153599977554,32.80858799970402],[-80.41153199957758,32.808612000304436],[-80.41153099975267,32.808627999946154],[-80.41153099975267,32.808649000084976],[-80.41153300030082,32.80866800017029],[-80.4115390001486,32.80869499968851],[-80.41154599982129,32.8087179998589],[-80.41155199966909,32.808732999835485],[-80.4115609998899,32.80875100025711],[-80.41156900028581,32.80876499982747],[-80.41158600000426,32.808787999979735],[-80.41160299972269,32.80880799968056],[-80.41161500031659,32.80881999995185],[-80.41162799983705,32.808832000221564],[-80.41164499955549,32.80884399973464],[-80.41166999966984,32.80886099973419],[-80.41169099958624,32.808872000353894],[-80.41171099967772,32.80888100017357],[-80.4127369996997,32.80888599990524],[-80.41284600037797,32.80891100006925],[-80.41325800010661,32.80899399992908],[-80.4136029998881,32.80903199994821],[-80.41365599959155,32.80903800006899],[-80.41409099978473,32.808836999955986],[-80.4143350001822,32.808672999913945],[-80.41451699975708,32.808352999899746],[-80.41470000005518,32.807880999870875],[-80.41466300024527,32.807407999939684],[-80.41464599962852,32.807325999770605],[-80.41456600016089,32.80693400009009],[-80.4146099996435,32.806460999649346],[-80.41473199984225,32.80604000026061],[-80.4149040002697,32.805733000195175],[-80.4150160004227,32.805534000277454],[-80.4151169998067,32.805298000264216],[-80.41512000017977,32.8049429997584],[-80.415102999563,32.80445299996415],[-80.41494600010249,32.80401299980415],[-80.41480899983513,32.80362399972444],[-80.41464700035174,32.80325300023254],[-80.41461700021452,32.80295200013391],[-80.41475199993373,32.8025620002263],[-80.4149970001561,32.80240200031136],[-80.41502599957012,32.80239700021497],[-80.41523700035562,32.80232500015524],[-80.41555700002277,32.80232700034646],[-80.41575600021439,32.80239500002533],[-80.41591500022305,32.80258199981788],[-80.41611299969145,32.80292100002573],[-80.41625099978371,32.803191999923634],[-80.41628900031687,32.80342800024281],[-80.4163269999517,32.8036649996384],[-80.41626800040046,32.80387900000578],[-80.41624400011102,32.80418799982834],[-80.41644099975451,32.804629000324404],[-80.41661900002975,32.804900000300634],[-80.41683699958963,32.80512000034524],[-80.41709699988064,32.805205999782196],[-80.41739599963138,32.8052410000999],[-80.41765599992237,32.805243000225495],[-80.41805599995547,32.80522799965991],[-80.41827699988839,32.80514400037207],[-80.41832000044442,32.80494400020209],[-80.41833899981269,32.804857000066995],[-80.41830100017783,32.80446900035448],[-80.41820400009347,32.80402900027369],[-80.41826699984266,32.80365699974874],[-80.4182700002157,32.803116999870205],[-80.41829299978193,32.80274500005917],[-80.41829399960683,32.8024750000251],[-80.41849699999642,32.80202000029368],[-80.41865900037813,32.801750000322905],[-80.41877900002874,32.80152599982548],[-80.41900300033471,32.801109999885234],[-80.41928600019193,32.80068900007124],[-80.41991100035591,32.79989800036833],[-80.42039500005458,32.79922400029011],[-80.42074400003403,32.79881199993528],[-80.42087799992834,32.79865200006726],[-80.4210799995947,32.798383000201746],[-80.42140099998507,32.798214999937464],[-80.42196199967664,32.7980829999925],[-80.42240199989268,32.79801700032409],[-80.42304200012528,32.79798699977218],[-80.42364100035,32.79809099962862],[-80.4238460003894,32.7981289997782],[-80.42420000039174,32.79819500011855],[-80.42475900043348,32.79826500022006],[-80.4252389999342,32.798199999696145],[-80.42567900015024,32.798134000114594],[-80.42616000037418,32.797934000030885],[-80.42664300024794,32.79753099995297],[-80.42684499991431,32.79719399988702],[-80.42692699993005,32.79678899991493],[-80.42696999958775,32.79638299982352],[-80.42697600033387,32.79633799967505],[-80.42701200031887,32.79604599993726],[-80.4272940003512,32.79570900028408],[-80.42771299975253,32.79531200023055],[-80.42789799970046,32.79513700010248],[-80.42841999993227,32.7947009998691],[-80.4287670002619,32.794345000282405],[-80.42917399996767,32.793927000344326],[-80.42945699982491,32.79377800021472],[-80.42978700043608,32.79360300008836],[-80.43031299996755,32.79313699996242],[-80.43055300016707,32.79281699990406],[-80.43059699964968,32.79239799975036],[-80.4306040002207,32.792334000054105],[-80.43074899998565,32.79197300012619],[-80.43098900018516,32.79161300008171],[-80.43161199980099,32.7908920003054],[-80.43188399978757,32.790665000091884],[-80.43218500008645,32.79041299998132],[-80.43271099961791,32.78997299981463],[-80.43337900033791,32.789613999842445],[-80.43390400004446,32.7893349996712],[-80.4346670003007,32.78901700001653],[-80.43519200000726,32.78877900021981],[-80.43548499991022,32.788523999676926],[-80.43570599984315,32.78831799987137],[-80.43581299997328,32.78819400011029],[-80.43594500021776,32.78800200011485],[-80.43595899956316,32.78773700003432],[-80.43572400028482,32.78737399979956],[-80.43548800028326,32.787091999730684],[-80.43506300013584,32.786607999858305],[-80.43497799974702,32.7865349999564],[-80.43449599969817,32.786122999717776],[-80.43402299987014,32.785718999830415],[-80.43374000001293,32.7853959997895],[-80.43341100012496,32.78479100027479],[-80.43303399965811,32.784227000235724],[-80.43265700008955,32.783782999971244],[-80.43223199994212,32.78325899991083],[-80.43204500034437,32.78277600026784],[-80.43190499970396,32.782373000227395],[-80.43190899990192,32.781689999942536],[-80.43200799963613,32.781208000044636],[-80.43215400012431,32.78056499990742],[-80.4323010004374,32.779922999624794],[-80.43259099996732,32.77916099963693],[-80.43292900007611,32.77847900036007],[-80.43331200039076,32.778039000074635],[-80.43359900044592,32.77767800028747],[-80.43369300015728,32.77757399997454],[-80.43388700032602,32.77735799974959],[-80.43412699962722,32.777038000326705],[-80.43447599960668,32.776330999629764],[-80.43495900037875,32.77558900022318],[-80.43518500033457,32.77529400027833],[-80.4352799998708,32.7751540001159],[-80.43552000007031,32.774712999977545],[-80.43585499980607,32.77435300032544],[-80.43600600031712,32.774224999846425],[-80.43696399966872,32.77348799970828],[-80.43724099967817,32.77331399974026],[-80.43786099981926,32.773035999858095],[-80.43847799958732,32.77274099975893],[-80.4387439997261,32.772424999812344],[-80.43886500009994,32.77211199967226],[-80.43881499987121,32.77165800026149],[-80.43850199987679,32.7712789998199],[-80.43787300041313,32.77091999994417],[-80.43712500022552,32.770615999714494],[-80.4365750004046,32.7702219996957],[-80.43645900005365,32.76995500012177],[-80.43658000042748,32.769476999701595],[-80.43693699990455,32.769113999745635],[-80.43738799999124,32.76868300010015],[-80.43777100030589,32.76831699962657],[-80.43847199973955,32.767293999862595],[-80.43891000030578,32.76648500012659],[-80.4390679995912,32.76618099985759],[-80.43925300043746,32.765909000366996],[-80.43930600014089,32.76588199994453],[-80.43990399964238,32.76539899964862],[-80.4407220001502,32.76504699967918],[-80.44093499968723,32.76503599968133],[-80.44190600035593,32.76495200020222],[-80.44278599988974,32.76500299967957],[-80.44294499989839,32.76501300029941],[-80.444206000097,32.765151999659054],[-80.44451200041875,32.76520999996898],[-80.44521799987528,32.765344999996884],[-80.4459030003137,32.76514799987071],[-80.44607800021589,32.764943999851994],[-80.44614500016304,32.7648669997493],[-80.44634000015671,32.76463900022215],[-80.44637100011884,32.76451999990235],[-80.44651400023399,32.76395599979726],[-80.44692699978755,32.76346600005472],[-80.4469379996582,32.76345399970651],[-80.44714699989557,32.76322000014762],[-80.44749199967707,32.76270899972507],[-80.44760800002801,32.76232000029631],[-80.44761100040107,32.76230899996148],[-80.44769500006666,32.76204099990013],[-80.44770799958712,32.76199699992575],[-80.44795299980952,32.76098599998355],[-80.44804099967305,32.76078500004819],[-80.44885599980785,32.75950700000403],[-80.44925699966582,32.758426000074586],[-80.44958100042925,32.75724699980577],[-80.44961599969103,32.75593199981232],[-80.44962499991186,32.75448400012636],[-80.44947699977386,32.752878999782894],[-80.44897399980862,32.75111700011771],[-80.44867000003501,32.75041999979383],[-80.44835100019277,32.74968799980819],[-80.447936999916,32.7484390002541],[-80.44825999995618,32.7474599999012],[-80.44911400044901,32.745681000349215],[-80.45049199992519,32.74435100009877],[-80.45208200001176,32.74293200013412],[-80.45323100005739,32.74143400022773],[-80.45337300034761,32.741023999824165],[-80.45355300027266,32.74050100007845],[-80.45352300013543,32.740366000168635],[-80.45332599959363,32.73946000030093],[-80.45324000027821,32.739063000169445],[-80.45234999980036,32.73771600012848],[-80.45145900039593,32.73671600009316],[-80.4513520002658,32.73660399966251],[-80.45017800010581,32.73538299987628],[-80.44934299987955,32.734430999782035],[-80.44878899986068,32.73348100032597],[-80.4485989998899,32.732622000128316],[-80.44858399982127,32.7325999996785],[-80.44854199998848,32.732057000044705],[-80.44863400004999,32.73139400037379],[-80.44858100034655,32.73082500024492],[-80.44840800009418,32.730300000046725],[-80.44825099973535,32.72982800006034],[-80.44763999981507,32.7289720002926],[-80.44759499960924,32.72891799971564],[-80.4471490004437,32.728383999973495],[-80.4467469998625,32.72811299971864],[-80.4457400001071,32.72743500010975],[-80.44431300022711,32.72702500029667],[-80.44246600022258,32.726614000296635],[-80.4408269997322,32.726001000269875],[-80.43899800016932,32.72531799982144],[-80.43779600042025,32.72493299967389],[-80.43764400008428,32.72488799967569],[-80.4369839997602,32.72469199983863],[-80.43589400016414,32.72421300000073],[-80.43490999997496,32.7236989999773],[-80.43443299994898,32.72355199988007],[-80.43256599985295,32.72317900014973],[-80.43142500020326,32.72262599972654],[-80.43128100026321,32.722581999933716],[-80.43019499996679,32.72143700009565],[-80.42955700028232,32.72039099969352],[-80.42959599974206,32.72009400002863],[-80.429640000123,32.719756000122665],[-80.42970399969711,32.71927800011696],[-80.42972200013877,32.71925199981549],[-80.43032600038633,32.718378999885665],[-80.43190899990192,32.71726400030469],[-80.43381799983074,32.71675200013135],[-80.4346809996461,32.71635300028796],[-80.4351390003038,32.71614200012088],[-80.43544999975012,32.71549399982941],[-80.43559299986526,32.71519499984672],[-80.43571300041417,32.714081999670796],[-80.43541100029037,32.71313200030814],[-80.43486300011928,32.71269899969483],[-80.43429499985672,32.71224999966523],[-80.43272800023466,32.7119820001933],[-80.43082099995566,32.7121630003762],[-80.42941400016718,32.713080999858114],[-80.42901199958598,32.71379800035189],[-80.42881800031553,32.714144999737876],[-80.42805500005929,32.715159999639134],[-80.42718300002309,32.715654000283095],[-80.42608800040415,32.715886000204385],[-80.4252199996676,32.71583499981734],[-80.42515799974333,32.71582099998755],[-80.42439600021032,32.71564400016866],[-80.4237829997419,32.71532299975476],[-80.42339000027981,32.71511799982536],[-80.4229519997136,32.71475699969295],[-80.4227769998114,32.71459300010692],[-80.42247300003778,32.71390400022476],[-80.42247700023574,32.71331199970723],[-80.42253800033512,32.71255400030268],[-80.42270999986425,32.71200900032324],[-80.42289900001015,32.711436999742546],[-80.4231769998445,32.71081999973508],[-80.42344800000615,32.710215999954265],[-80.42325700021044,32.70940499964731],[-80.42312300031614,32.708834999779675],[-80.42278600003225,32.70805200036168],[-80.4225709999471,32.7075519997882],[-80.42171499980444,32.70583600033543],[-80.42085299981397,32.70474699968619],[-80.41940300036781,32.702922999859936],[-80.41924699983387,32.70272600005116],[-80.41835300005638,32.70132199965579],[-80.41814899984186,32.700887999830286],[-80.41763500000597,32.69980100025515],[-80.41719399996501,32.698660999663154],[-80.41695299994058,32.697896999711226],[-80.41642300021117,32.69661899968204],[-80.4158909999336,32.69474499987088],[-80.41599399986576,32.694116999672275],[-80.4161239995621,32.69332299985287],[-80.41642099966303,32.69288899968776],[-80.41680300015277,32.69233100026318],[-80.41762300031041,32.691609000123904],[-80.41787400038058,32.69138799984394],[-80.42001199973994,32.69007100001893],[-80.42197900029339,32.689178999697184],[-80.42243500040296,32.68870299964884],[-80.42265700016081,32.68847100011586],[-80.42277400033667,32.68761899986577],[-80.42262799984849,32.6869569997666],[-80.42261199995497,32.68688399984809],[-80.42250200035012,32.68638499964576],[-80.42188499968374,32.68578200033191],[-80.4208119998061,32.68484299991311],[-80.41968600022501,32.68393500016671],[-80.41957200042219,32.68378899986545],[-80.41915499977237,32.683251999749025],[-80.41866299967778,32.682520000243926],[-80.41844000009502,32.68218799974257],[-80.41820499991839,32.68161499975674],[-80.4180040000769,32.68108199995856],[-80.41787400038058,32.6806880002845],[-80.41779900003752,32.68030799973909],[-80.41778499979381,32.68011299983637],[-80.41775999967946,32.679770000281096],[-80.41778999981668,32.679401000349095],[-80.41781199955798,32.67913400011777],[-80.41792700008402,32.67850799970274],[-80.41793999960451,32.67843900033794],[-80.41818499982688,32.67774500004773],[-80.41831399969833,32.67755599975036],[-80.41949000040643,32.67583999981593],[-80.41963299962325,32.67565599967626],[-80.4209599999441,32.673951000192325],[-80.42116599980842,32.673273000340465],[-80.4212629998928,32.67279500012723],[-80.42139799961203,32.672186000287454],[-80.42142299972639,32.67167699988394],[-80.42128700018226,32.67093300009384],[-80.42091300008843,32.67005899965932],[-80.41990700015795,32.66913899991584],[-80.4183120000485,32.66767999963257],[-80.41664499996901,32.66568099989327],[-80.41565499993206,32.663789999977205],[-80.41551900038793,32.66352999983444],[-80.41506999995106,32.66267300027359],[-80.4141440003865,32.6617719997781],[-80.41387200039993,32.661507999914186],[-80.41239699994108,32.66003100035935],[-80.4105030000809,32.658505000371804],[-80.40955700042484,32.65757599968179],[-80.40833399986106,32.65639399984088],[-80.40702900017983,32.65464799997705],[-80.40591699994414,32.65331499967494],[-80.40522999985588,32.652693000187405],[-80.40491500021162,32.65240899995772],[-80.40436200001764,32.652216000210885],[-80.40298799984112,32.65173700016796],[-80.40284800009904,32.65168799998571],[-80.40099799972145,32.65196299968848],[-80.39672799995222,32.65383899988072],[-80.39410099997299,32.65491599987648],[-80.39330099990683,32.65524400019542],[-80.3913409999244,32.65523400012045],[-80.39095900033298,32.65494999964265],[-80.3901309997794,32.65433599987219],[-80.38966899982205,32.653992999683474],[-80.38926899978895,32.65295700036953],[-80.38900900039629,32.652282999625484],[-80.38906600029769,32.65212399969123],[-80.39003799989298,32.64939700027793],[-80.39049400000256,32.64821399977491],[-80.39145300007738,32.64717500022506],[-80.39353000023569,32.6465689996365],[-80.39582999997675,32.64596500015628],[-80.39920900034157,32.64332599962706],[-80.40089200031456,32.641126000334076],[-80.4023590003775,32.639520999710754],[-80.40390400025825,32.6347409997798],[-80.40408500000822,32.634079999885046],[-80.40550699986531,32.62889299985014],[-80.4066960000939,32.62765700014212],[-80.40754499966555,32.62708000015217],[-80.40830500044706,32.62688399970249],[-80.40899800038311,32.626705999709614],[-80.40907799985074,32.6266849998104],[-80.4113490001778,32.62658500036668],[-80.41398700002767,32.626775999842565],[-80.41464900000156,32.6268499998587],[-80.41530900032565,32.62692299964089],[-80.42006600016661,32.62742500024058],[-80.42265399978776,32.62735899977396],[-80.42533799966839,32.626666999676644],[-80.42710000018243,32.62558000035876],[-80.42731600009249,32.625182999821604],[-80.42803499996779,32.623862999621906],[-80.42804500001355,32.62245499974248],[-80.42599200014467,32.61149200022922],[-80.42580200017389,32.611011000123035],[-80.42466700037197,32.60813099974293],[-80.4240299996141,32.60711599975445],[-80.42351099975535,32.60628899996259],[-80.42288599959134,32.60560299989282],[-80.42267100040452,32.60536599979598],[-80.4220360001948,32.6049529997954],[-80.42194099976024,32.60489100032908],[-80.4217900001475,32.604791999664144],[-80.42040799957508,32.604205000147],[-80.41951100032283,32.604145000260715],[-80.41842800039944,32.60429600032666],[-80.4176729996408,32.604694999732054],[-80.41644099975451,32.605572000011634],[-80.41624599976083,32.6057110003229],[-80.4139119996846,32.60813499976044],[-80.41323499964206,32.60883599968273],[-80.41002100003203,32.61178300032758],[-80.40928100024033,32.612321000320435],[-80.40739700042586,32.613744000187296],[-80.406695000269,32.614259999646954],[-80.40323300006352,32.61680499984919],[-80.39913599964831,32.61825500005439],[-80.39442300018828,32.61960700030773],[-80.39157000025324,32.61935500012081],[-80.38995099985435,32.61868399969801],[-80.38986800001369,32.618604999925104],[-80.38800500011561,32.61683800019639],[-80.38751200019612,32.61580200034558],[-80.38719099980575,32.615128999924565],[-80.38705199988857,32.61281199972211],[-80.38752999973947,32.611271999683204],[-80.38810800004778,32.609409000015],[-80.39061299982826,32.60531400021768],[-80.393375000425,32.60148200037588],[-80.39345900009059,32.60134800033559],[-80.39546099990582,32.59817100013725],[-80.39575999965655,32.59727300006993],[-80.39687600009023,32.593914999733045],[-80.39719999995532,32.591861999769925],[-80.39713300000817,32.59079300005075],[-80.39710899971871,32.59041900017547],[-80.39650600019436,32.5889019997708],[-80.39600400005403,32.58763700025087],[-80.39584000002249,32.58722400027049],[-80.39512299979702,32.58594099978184],[-80.39374500032085,32.58347299993246],[-80.39212000007416,32.58056299966473],[-80.39059199991186,32.57821499992452],[-80.38986299999081,32.57647500002229],[-80.38949300009494,32.575226999894944],[-80.38914099974244,32.573840000240175],[-80.3895740002858,32.57283300033396],[-80.39326900011979,32.56422100001178],[-80.39348699967968,32.56374300015796],[-80.39367699965047,32.56330499977914],[-80.39415100020172,32.56281900005052],[-80.39571100015107,32.56169499970959],[-80.39603800038921,32.56160400018938],[-80.39614499962103,32.56154799962339],[-80.39635399985839,32.56143999973111],[-80.3967470002188,32.561251999944936],[-80.39730100023766,32.56101600007456],[-80.39792200020368,32.56078900021353],[-80.39845199993309,32.560623000225085],[-80.39911700028004,32.56045000033902],[-80.39962799974292,32.56034300004125],[-80.40025600027994,32.560240000256776],[-80.4008520001316,32.56017099977635],[-80.40139600010471,32.5601320003043],[-80.4020079998499,32.560118999719386],[-80.4028459995509,32.56017199993727],[-80.40333199979771,32.5601790003066],[-80.40383300011314,32.56017199993727],[-80.40442499976683,32.56013899991956],[-80.40516000043398,32.56006500006511],[-80.4062740003195,32.559876999669356],[-80.40722199962536,32.55964300030183],[-80.4080540003769,32.55937700019553],[-80.40886100011576,32.559060999733326],[-80.40963799971739,32.55869700025598],[-80.41046299989792,32.55823599982005],[-80.41105100025196,32.55785499987964],[-80.41193199961066,32.557182999803814],[-80.4122990000318,32.55686100027138],[-80.41240799981173,32.55675899971769],[-80.41294799958689,32.55621500035891],[-80.41349800030612,32.555571000006516],[-80.41430800041802,32.55437399995412],[-80.41489000002599,32.55317600035581],[-80.41510799958589,32.552576000372014],[-80.41528199966316,32.55196599991113],[-80.41544499986976,32.5511409998925],[-80.41552199986266,32.55043299966784],[-80.41553199990841,32.549430000138784],[-80.41541300008271,32.548347000093855],[-80.41533199989188,32.547934999694526],[-80.41523099960952,32.54752599982443],[-80.41505700043056,32.54695900026794],[-80.4148769996072,32.546479999776494],[-80.41408099973899,32.54578700017158],[-80.4127369996997,32.54470900025022],[-80.41101799974169,32.54347600037096],[-80.40928899973792,32.542378999955666],[-80.4076960001766,32.541481000012176],[-80.40639200032028,32.54081799963069],[-80.40512799974861,32.54023199965666],[-80.40490199979281,32.54013399991838],[-80.40449500008704,32.539958999903426],[-80.40318399965972,32.53943400008416],[-80.40233500008807,32.53912199990591],[-80.38350299964446,32.5311990002953],[-80.38147999991284,32.530228999907585],[-80.36805399976362,32.518760999814916],[-80.36716800038205,32.517698000132],[-80.36636099974488,32.5166359998846],[-80.36154100015472,32.51091200012599],[-80.35821899969133,32.50696400018228],[-80.35813199965268,32.506858999779546],[-80.35294600036465,32.50063699963686],[-80.35272100023374,32.50035199995977],[-80.35268299970059,32.50030399963816],[-80.35196300000037,32.499428999955924],[-80.35129799965341,32.49865999967662],[-80.34827599966398,32.49791300025571],[-80.34805399990614,32.497837999791564],[-80.34665200014052,32.49745799981265],[-80.34500400032762,32.49701299965069],[-80.34473300016597,32.49697899980491],[-80.34392100040425,32.49687800029851],[-80.3436729998088,32.49676799969442],[-80.34299099974342,32.496334999763405],[-80.34212600027826,32.49578900013551],[-80.34100700036986,32.495204999959704],[-80.3408270004448,32.49511100011425],[-80.34020599958048,32.49478699978143],[-80.33845900003335,32.49389399995339],[-80.33828300030625,32.49381899992662],[-80.33681500041841,32.4931999999344],[-80.33352899994003,32.49291500018047],[-80.33251600033685,32.49283100023226],[-80.33206699989998,32.49286799983127],[-80.33059300016434,32.49299100035468],[-80.32964800033322,32.49306900000808],[-80.32873500028914,32.49310699965933],[-80.3284239999445,32.49311899994461],[-80.32674900036744,32.49308199969118],[-80.3264940000993,32.49375700018052],[-80.32644999971838,32.49378800005895],[-80.32570200042908,32.49584899975714],[-80.32566399989592,32.496027999779606],[-80.32540699997796,32.49706399977411],[-80.32500699994489,32.497888000107956],[-80.32464399972173,32.498642000356895],[-80.32441699994101,32.49911400001684],[-80.32401500025811,32.50016699977899],[-80.32398400029598,32.50038299983812],[-80.32388300001362,32.501114999800386],[-80.32392200037168,32.50158199983967],[-80.32395900018162,32.50201200011613],[-80.32423100016817,32.50286899967946],[-80.32446200014685,32.503180999989105],[-80.32464600026987,32.50372600016691],[-80.32528800015228,32.504123999919734],[-80.32754900043359,32.50552199963682],[-80.3277460000771,32.50564300025884],[-80.33021900007053,32.50654700011031],[-80.3303029997361,32.50657800012589],[-80.33041900008708,32.50690399964249],[-80.33049400043014,32.50703899985382],[-80.33100499989297,32.50809599993377],[-80.3311899998409,32.50891500007039],[-80.3312950003212,32.50936800018256],[-80.3313999999032,32.509662999732406],[-80.33143400023839,32.50975800024165],[-80.33178999989053,32.510758999745185],[-80.33202599989208,32.51113000003051],[-80.33378400020817,32.513058999724585],[-80.33380000010169,32.5130760000182],[-80.33382400039115,32.513087999911576],[-80.33389100033828,32.513138000081284],[-80.33504700005659,32.513794000035126],[-80.33554900019692,32.513974999777865],[-80.33565799997686,32.514015000278704],[-80.33579699989404,32.51406499993282],[-80.33608099957617,32.514166999746955],[-80.33618500023157,32.51420500033134],[-80.33645800004302,32.51421600015864],[-80.33974399962311,32.51463799981599],[-80.34114200008908,32.5157140002868],[-80.34299900013936,32.51729200006406],[-80.34365100006751,32.5175500000883],[-80.34414399998701,32.51774499962405],[-80.34526799991828,32.51793099987073],[-80.34557300041511,32.517981000376345],[-80.34677599998909,32.51802300035543],[-80.3482689999913,32.51804800020738],[-80.34913900037766,32.51815799977646],[-80.3492899999904,32.51822799984529],[-80.3496769996047,32.5184070000114],[-80.34985599970483,32.51859699986961],[-80.3499939997971,32.51874399983911],[-80.34965400003848,32.519920000028705],[-80.34946800026563,32.520564999912615],[-80.3478890000497,32.521613999835175],[-80.3476560004212,32.52176000034041],[-80.34779199996532,32.52225600020188],[-80.34793400025553,32.52277199979099],[-80.34795799964668,32.52285900001111],[-80.34797500026343,32.52292000032414],[-80.34905800018682,32.524199999800075],[-80.3483459999842,32.52534999990964],[-80.34821700011277,32.52541100004643],[-80.34785999973738,32.52558099992347],[-80.34763100030685,32.52568899978524],[-80.34685200015707,32.525716000109114],[-80.34673900017917,32.52572000001613],[-80.34667300005692,32.52571299998938],[-80.34664200009479,32.525716999896524],[-80.34661899963025,32.525706999749545],[-80.3454529998662,32.52526299982916],[-80.34513999987175,32.52514299965826],[-80.34487600028112,32.52483099982725],[-80.34480000011312,32.52464699982686],[-80.34430899984345,32.523456999740894],[-80.34391399983323,32.52341500002919],[-80.34338099973075,32.52335899987798],[-80.34274300004631,32.52375100020327],[-80.34271200008418,32.523771000174015],[-80.34227299969304,32.52383299967629],[-80.34193700013236,32.523766000371076],[-80.34190899964496,32.523768999798435],[-80.34186500016234,32.52375100020327],[-80.34154799996993,32.52368800007693],[-80.3406369995757,32.523366999901754],[-80.33978999965386,32.52304500027753],[-80.33977399976034,32.523038999859516],[-80.33974799982107,32.52302800035466],[-80.33940200021465,32.52299299992418],[-80.33902200027306,32.5230620001971],[-80.33897399969418,32.52310199968342],[-80.33868199961613,32.52312500000489],[-80.33828199958305,32.5239290001651],[-80.33813599999317,32.52409899981643],[-80.33801399979444,32.5241600000451],[-80.33774699983074,32.52419000024175],[-80.33749699958548,32.52412699966578],[-80.33732900025431,32.52403000033978],[-80.33727800020068,32.52400000008976],[-80.33721499955318,32.52396400023098],[-80.33718500031428,32.52394599991744],[-80.33707300016127,32.523882000120075],[-80.33665700023467,32.52379400032417],[-80.33625899985141,32.5238380002329],[-80.33620199994999,32.52386100036597],[-80.33600399958328,32.52393799994527],[-80.33594400020714,32.523961999859694],[-80.33586300001629,32.524054000229626],[-80.33583600025212,32.52408399970421],[-80.33581699998554,32.524105000163594],[-80.33578500019848,32.52414199977086],[-80.3357800001756,32.52419699962972],[-80.33576900030496,32.52432600004797],[-80.33576500010699,32.52436899989373],[-80.33578600002339,32.52442800033559],[-80.33582799985618,32.52454899974699],[-80.33605700018504,32.52481699963461],[-80.33615199972128,32.5248759997823],[-80.33645300002017,32.525061999660586],[-80.33703499962813,32.52529299965748],[-80.33733000007923,32.52541999967816],[-80.33752300042308,32.525577999799225],[-80.33752099987495,32.52583600027207],[-80.33743100036156,32.52595000005129],[-80.33728700042153,32.52613299987274],[-80.33712199966678,32.526185999705895],[-80.33681200004536,32.526285999834705],[-80.33675900034191,32.526302999898526],[-80.33667399995309,32.526319000178425],[-80.33645300002017,32.52636199982785],[-80.33601700000206,32.52644799982226],[-80.3357080002056,32.52652200012154],[-80.3356749996953,32.526529000085254],[-80.33556300044063,32.52655300006496],[-80.33541100010467,32.52658499977555],[-80.33528899990593,32.52658499977555],[-80.33512499987441,32.52658399999774],[-80.33440000015132,32.526218000304524],[-80.33462199990916,32.5260419999005],[-80.33456500000774,32.526006999886654],[-80.33445200002984,32.525910000318],[-80.33441199984686,32.525865000123325],[-80.33438699973252,32.52580899998432],[-80.33433800022704,32.52576900018821],[-80.33429399984611,32.52572000001613],[-80.33424799981536,32.525601000244315],[-80.33420699980746,32.5254970001937],[-80.3341950001119,32.5252529996317],[-80.33415800030197,32.52514000027678],[-80.3341459997081,32.524911000236806],[-80.33410300005039,32.52479799969438],[-80.33398800042265,32.52463000020714],[-80.33389700018607,32.524445999795134],[-80.33366299983433,32.524051999860326],[-80.33362199982645,32.52400700025002],[-80.33356300027522,32.523961999859694],[-80.33352300009226,32.52391499983192],[-80.33340199971842,32.5238439998401],[-80.33335200038803,32.52381500009395],[-80.33322099996846,32.523756000007],[-80.33293700028632,32.52358700027523],[-80.33252399983445,32.523470000333035],[-80.33219800031954,32.52331200029224],[-80.33196899999068,32.52317000005696],[-80.33191600028722,32.52312699963736],[-80.33177499982192,32.52307900011353],[-80.33152999959954,32.52292599999264],[-80.33151700007905,32.522816000200145],[-80.33139499988032,32.52275800003504],[-80.33133200013113,32.52272199967862],[-80.33124400026759,32.522635999905056],[-80.33103300038039,32.52249199971225],[-80.33089500028814,32.52245400035936],[-80.33061699955546,32.52237199962785],[-80.33046599994272,32.52234700022131],[-80.33024500000978,32.52232799975873],[-80.33002099970379,32.522369000153915],[-80.32986400024329,32.522414999651275],[-80.32978999972512,32.52242699981272],[-80.3297329998237,32.52245500018307],[-80.32951199989077,32.52252599975757],[-80.32947000005798,32.522558000144855],[-80.32933699998858,32.5226109998145],[-80.32914500036797,32.52269499996994],[-80.32904800028359,32.522800999873766],[-80.32886900018343,32.52298199965619],[-80.32880300006121,32.52302400032781],[-80.32868099986247,32.52312599982113],[-80.32856000038697,32.52327799978695],[-80.32851600000605,32.52339700036311],[-80.32843599964009,32.52350199962671],[-80.32841600044692,32.52356800007491],[-80.32838399976154,32.52362300028509],[-80.32834199992875,32.52366899989797],[-80.32830699976866,32.52372300023675],[-80.32823800017168,32.52377500016762],[-80.32819700016381,32.52382300007711],[-80.32808599983571,32.52389899988136],[-80.32796899965984,32.523961999859694],[-80.32774100005422,32.5239859997677],[-80.32754699988546,32.524038000303804],[-80.32747300026563,32.52404700007306],[-80.3272539999825,32.52404700007306],[-80.32710300036977,32.52407800011306],[-80.32679100020023,32.52409700020558],[-80.32635900038011,32.52409899981643],[-80.32616699986116,32.524101000184686],[-80.32589800024765,32.524074000132934],[-80.32568900001027,32.52402300018136],[-80.32545899985652,32.5239950002996],[-80.3250150003408,32.52396699965168],[-80.32485399978401,32.523961999859694],[-80.3247829996389,32.52393799994527],[-80.32463000037635,32.52392100019137],[-80.3245080001776,32.52387400014221],[-80.32407999965712,32.52386200017402],[-80.32379299960195,32.52383000025112],[-80.32364600018717,32.52379900012558],[-80.32348999965323,32.52376799998934],[-80.32341500020848,32.52374400002311],[-80.32327499956807,32.523728999851585],[-80.32289799999953,32.523681999701935],[-80.32251100038525,32.52356199969188],[-80.32244199988996,32.52354000005136],[-80.32231999969122,32.52346700013831],[-80.322044000405,32.52333099978931],[-80.32176700039557,32.523240999823955],[-80.3216069996637,32.523129000027254],[-80.32154300008959,32.52309900023386],[-80.32137700040823,32.522996999952426],[-80.3212130003767,32.52289399973639],[-80.32110299987355,32.52281399980331],[-80.32091899975052,32.52262699999441],[-80.32077900000843,32.52241899970525],[-80.3207060002135,32.522322999875534],[-80.32063699971822,32.522015000171294],[-80.32059999990828,32.52190300036142],[-80.32057599961884,32.521779999996845],[-80.32054600037992,32.52171700000354],[-80.32052899976317,32.52165399996607],[-80.32052600028845,32.52159599980839],[-80.32049100012834,32.521479000303536],[-80.32048399955734,32.52129799976599],[-80.32053899980893,32.52126599968741],[-80.32077099961252,32.52120600036154],[-80.32086799969689,32.52103900005753],[-80.32087699991773,32.52099000033582],[-80.32088100011569,32.52086800007782],[-80.32086900042012,32.52079899963507],[-80.32079499990196,32.52069199979877],[-80.32064699976395,32.52056999989367],[-80.32060599975608,32.5205129996391],[-80.3205449996567,32.520406000219666],[-80.32053100031132,32.520227000247786],[-80.32052100026557,32.520101000311904],[-80.32054800002975,32.51973699967303],[-80.32050600019696,32.51969399988311],[-80.32039900006683,32.5196149999864],[-80.32033700014256,32.519588000101635],[-80.32026799964727,32.519576000318615],[-80.32019700040047,32.51958700024602],[-80.3201289997301,32.51962199973073],[-80.31994700015522,32.51979199995569],[-80.31990799979715,32.51984899991012],[-80.31988600005585,32.51991300030753],[-80.31976700023017,32.52011600033159],[-80.31967299962052,32.52020499979078],[-80.31961700044234,32.52023499979292],[-80.31955399979483,32.52025499978876],[-80.31948699984767,32.52024599963971],[-80.31944500001488,32.5202020002445],[-80.31942400009848,32.52014300005767],[-80.31942800029644,32.52008700013978],[-80.31948000017498,32.51998100006444],[-80.31952799985555,32.51980899973326],[-80.3195300004037,32.51962599990902],[-80.31952000035795,32.5195620000647],[-80.31949699989343,32.51950300021517],[-80.31945800043368,32.51945199994168],[-80.31934999958033,32.5193399999673],[-80.31928299963317,32.51933599977629],[-80.31921599968602,32.51935299964011],[-80.31910600008119,32.51943000005242],[-80.3190669997231,32.51947600029675],[-80.31897800003466,32.51956600024567],[-80.31890900043769,32.5196660001674],[-80.3186990003754,32.51987999988345],[-80.31862700040537,32.51995799969572],[-80.3185870002224,32.520017000004025],[-80.3185160000773,32.52003399973902],[-80.3184609998257,32.52000500027823],[-80.31845699962774,32.51988499990257],[-80.31846000000078,32.51975300036472],[-80.3184609998257,32.5196300000872],[-80.31845499997793,32.51956799995735],[-80.31843700043457,32.51950800025526],[-80.31840399992429,32.51945600012754],[-80.31835600024372,32.519399999781605],[-80.31829400031945,32.519291000076684],[-80.31824300026582,32.51924499973762],[-80.3181570000521,32.51913900018403],[-80.31806900018854,32.51903199988622],[-80.31799700021851,32.51892799980732],[-80.31794299979185,32.51882400036557],[-80.31794100014203,32.518708000147065],[-80.31794500033999,32.51864399964894],[-80.31797899977687,32.51859500013627],[-80.31804800027214,32.518574999771],[-80.31811199984624,32.518580999729586],[-80.31816399972479,32.51861600036357],[-80.31819899988488,32.518662000267064],[-80.3182490001136,32.518699999708524],[-80.31828500009861,32.518748999921414],[-80.31834000035019,32.51879300002801],[-80.31842800021376,32.51888600025122],[-80.31848299956701,32.51893000029068],[-80.31854299984147,32.518966999756316],[-80.31866300039039,32.51901800030504],[-80.31870400039826,32.51902000002891],[-80.31872899961431,32.51903199988622],[-80.31893799985168,32.51902500009587],[-80.31899899995106,32.51899499968985],[-80.31903400011116,32.51894399988556],[-80.31902800026337,32.5187729997068],[-80.31900800017188,32.51871699969266],[-80.31896499961586,32.518641000050565],[-80.3189470000725,32.518592999645456],[-80.31894100022473,32.51849700027336],[-80.31892600015611,32.51834599966478],[-80.31886699970656,32.518162000019906],[-80.3188619996837,32.518037999964456],[-80.31886500005675,32.517766999925776],[-80.31887900030046,32.51766399977503],[-80.3188979996687,32.51752699985492],[-80.31890299969157,32.51750500025188],[-80.31885800038407,32.51731800000021],[-80.31880700033042,32.517162000270346],[-80.31881700037617,32.517086000070755],[-80.31886300040692,32.51703099964705],[-80.31892799980594,32.51700000020598],[-80.31901400001965,32.51701499998574],[-80.31908500016478,32.51708099989592],[-80.31918100042424,32.51713199999989],[-80.31930699992263,32.51717199985324],[-80.31944800038795,32.517162000270346],[-80.31948400037294,32.51714699975762],[-80.31952399965759,32.51711600035656],[-80.31953500042657,32.517060000067495],[-80.31949299969547,32.516962000045744],[-80.31947500015212,32.51693400023632],[-80.31944400018996,32.51688700032019],[-80.31935200012846,32.5167639999076],[-80.31925300039427,32.51664999983682],[-80.31916600035562,32.51649800002254],[-80.31913700004331,32.516380999940516],[-80.31915200011193,32.516268000033996],[-80.31917499967815,32.5161699999062],[-80.31921400003621,32.516098999855025],[-80.3192550000441,32.51606899998727],[-80.31929699987688,32.51606700019774],[-80.31938800011346,32.5160559998395],[-80.31944800038795,32.516111999996625],[-80.31950899958898,32.516183000037515],[-80.31957399988633,32.51625800035047],[-80.31968500021439,32.51634699984281],[-80.31975100033664,32.51640000014545],[-80.31981699956057,32.51647000006856],[-80.31989199990363,32.516520999761745],[-80.31994499960709,32.51655300001491],[-80.31995700020096,32.51655499979363],[-80.32002400014811,32.51656600009083],[-80.320101000141,32.516566999980064],[-80.32015499966937,32.51655499979363],[-80.32021900014178,32.51651499966568],[-80.32023199966225,32.51649700013255],[-80.32025599995168,32.516462000188305],[-80.32024300043123,32.51634699984281],[-80.3201920003776,32.51624999969388],[-80.3200729996536,32.51614999975877],[-80.32002099977505,32.51609399962527],[-80.32001900012524,32.51606299986103],[-80.32004099986655,32.516011000012575],[-80.32005599993516,32.515976999774914],[-80.32013100027824,32.515887000019426],[-80.32015200019462,32.515835999966434],[-80.32018200033187,32.51576100005881],[-80.3201849998066,32.515715000185494],[-80.32017300011103,32.51570100008764],[-80.32013499957787,32.51569300013898],[-80.3200790003997,32.51569799963354],[-80.31999800020884,32.5157329998753],[-80.31994299995726,32.51580400021551],[-80.3198969999265,32.5158550002866],[-80.31983199962919,32.515867999705975],[-80.31976600040525,32.5158550002866],[-80.31972100019941,32.51580899970395],[-80.31971100015366,32.51572799962512],[-80.31967500016864,32.51566300013571],[-80.31969000023727,32.5156069996988],[-80.31993299991152,32.51545100002919],[-80.32004900026246,32.51532400031186],[-80.32005400028535,32.51520299984166],[-80.32002400014811,32.515118000353],[-80.31995800002586,32.51503699965152],[-80.3198819998579,32.514976000047675],[-80.31979599964417,32.51491100001444],[-80.31976100038237,32.51483500018394],[-80.31978599959842,32.51476399983583],[-80.31987699983502,32.514696999829226],[-80.31992799988865,32.5145820002555],[-80.31996499969857,32.514570999715474],[-80.32002800034607,32.51446699977715],[-80.32007799967647,32.51439400006904],[-80.32009100009526,32.51434100009851],[-80.32011600020961,32.51427900010766],[-80.32015399984446,32.514163000083165],[-80.32022900018752,32.51400600026223],[-80.32025400030187,32.51395399998128],[-80.3203050003555,32.51385000008654],[-80.3203549996859,32.51372400030057],[-80.32037800015044,32.51361000016166],[-80.32037300012757,32.513504999945646],[-80.32037200030265,32.51322100007439],[-80.32036399990673,32.51309799994771],[-80.32028400043912,32.51299299989116],[-80.31983900020019,32.51229800035632],[-80.31931100012058,32.51150400013651],[-80.31910899955591,32.5111789998251],[-80.31906300042345,32.511113000126485],[-80.31876700014745,32.511222999849814],[-80.31828099990065,32.511404000224104],[-80.31817499959543,32.51128499967588],[-80.31741999973511,32.51157100025048],[-80.31404499956828,32.512851999947],[-80.31247000044861,32.51342100029056],[-80.3115749999479,32.51374300030964],[-80.31147100019082,32.513779999638054],[-80.31039400011524,32.51376799983706],[-80.31030399970355,32.513766999916704],[-80.30364499960646,32.51841000037506],[-80.30153999985906,32.51984999976281],[-80.30114099965088,32.52013499974694],[-80.30001599989471,32.52093900014881],[-80.29990600028987,32.52101699979932],[-80.29984500019049,32.52103900005753],[-80.29968100015896,32.52109900025238],[-80.29297699985602,32.525847999976634],[-80.29151499981596,32.5268470002432],[-80.29124600020245,32.52715400027581],[-80.29099199975923,32.52732600018092],[-80.28707099996944,32.52878900022317],[-80.28682599974705,32.52887699967108],[-80.28618200021482,32.529115999974444],[-80.28477999955089,32.52963800028624],[-80.28431900031677,32.529167000064604],[-80.28366099964249,32.528515999769304],[-80.2818649996916,32.52676900035152],[-80.28106600034864,32.52599200009291],[-80.28007299993865,32.52501500020822],[-80.27971100043871,32.52462700005113],[-80.27857499991357,32.5244339999034],[-80.27816300018492,32.524089000246875],[-80.27772899981666,32.52376700018018],[-80.277613000364,32.52366099990108],[-80.27751799992944,32.52362300028509],[-80.27740699960137,32.52363200009592],[-80.277353000073,32.52366000009081],[-80.27732600030883,32.52367399970627],[-80.2772819999279,32.52374999963653],[-80.27726699985928,32.52380099974305],[-80.27726000018659,32.523824999694064],[-80.27727600008012,32.52386500035558],[-80.27730500039245,32.52393399995893],[-80.27738499986006,32.52406600017216],[-80.27741699964712,32.52415799967822],[-80.27742800041608,32.52418899967991],[-80.27741699964712,32.52426400012838],[-80.27741099979933,32.524392999693006],[-80.27738900005802,32.52448399982051],[-80.2772889996006,32.52459700000044],[-80.27719599971418,32.524671000309326],[-80.27710899967553,32.52471099983684],[-80.27697300013142,32.524710000038226],[-80.27686900037435,32.52468399996838],[-80.2767899998333,32.52463899991711],[-80.27673299993191,32.52456399978158],[-80.27662800034993,32.524494000103616],[-80.27649799975526,32.52440399978826],[-80.27600499983576,32.52421899986681],[-80.2755360002057,32.524331999622525],[-80.27541800020492,32.52449099994306],[-80.27547500010633,32.52462399989504],[-80.27555899977192,32.52466899995377],[-80.2756569996812,32.52468600032359],[-80.27584400017727,32.52481899998687],[-80.27585400022303,32.52525999969429],[-80.27548000012922,32.52556699984774],[-80.27527799956452,32.52558799996056],[-80.27508799959374,32.525078999956015],[-80.27518800005116,32.524710000038226],[-80.27518100037845,32.524441000029796],[-80.27505199960872,32.52444299963299],[-80.27484800029254,32.52446099984697],[-80.27470099997943,32.52449800006502],[-80.2745779999558,32.52456399978158],[-80.27451600003151,32.52461800033991],[-80.27444999990928,32.52467399970643],[-80.2744370003888,32.52468600032359],[-80.27434500032729,32.52479600009909],[-80.27428400022794,32.5249309999493],[-80.27427599983201,32.52494800026955],[-80.2742559997405,32.52506099986589],[-80.27423300017429,32.52519600007536],[-80.27420499968689,32.52532799994947],[-80.27413400044009,32.52540899970735],[-80.27410900032574,32.52543699990589],[-80.27402999978472,32.525500000320704],[-80.27392799967744,32.525498999773454],[-80.27367999998035,32.5254720001418],[-80.27346200042045,32.52545300034001],[-80.27333000017597,32.52545499992068],[-80.27317600019018,32.52549799998361],[-80.27306700041024,32.52555199998056],[-80.27299000041735,32.52559800012073],[-80.2729030003787,32.52566600012011],[-80.27279899972332,32.525833000156354],[-80.27274000017209,32.526031000005844],[-80.27273000012636,32.526040000332905],[-80.27264700028567,32.52611400021073],[-80.27260799992762,32.52612699966102],[-80.27252799956167,32.52615399985326],[-80.27220399969657,32.52618100003734],[-80.27196400039539,32.52622500029198],[-80.27184499967136,32.5262810001717],[-80.27182100028024,32.526395000143694],[-80.2718320001509,32.52645499979182],[-80.27183899982359,32.52649700035477],[-80.27188499985434,32.526556000156695],[-80.27195000015166,32.52658499977555],[-80.27206800015244,32.52660199978279],[-80.27216100003886,32.526590000179006],[-80.27226099959798,32.52655900024828],[-80.27234299961374,32.5264859997584],[-80.2723669999032,32.52646499985548],[-80.27246800018553,32.52643799975669],[-80.27248900010191,32.52644099985223],[-80.2725710001177,32.526454000012606],[-80.27265099958531,32.5265020000057],[-80.2726840000956,32.526577000038294],[-80.27268200044576,32.52665400031968],[-80.27261999962317,32.52670699984551],[-80.27252500008693,32.526761999649075],[-80.27248699955379,32.526784999791005],[-80.27226899999388,32.526868999831414],[-80.27199199998446,32.52691100020087],[-80.27185999973997,32.52693699962626],[-80.27180200001366,32.52694899994112],[-80.27162499956334,32.52696599987948],[-80.27141799987412,32.527004000353905],[-80.27130099969825,32.52705699967327],[-80.27123600029924,32.52710400032966],[-80.27120399961386,32.5271280001558],[-80.27112099977319,32.52723599967278],[-80.27106100039705,32.527347999651866],[-80.27104100030556,32.527442999646375],[-80.27103999958234,32.527513999823874],[-80.27107599956734,32.52756999965763],[-80.2711219995981,32.527607999876565],[-80.2712270000784,32.527634999623736],[-80.27139299975975,32.527653999721444],[-80.2716439998299,32.52770100006551],[-80.27168300018799,32.52771000022528],[-80.27170499992928,32.52771499980876],[-80.27181600025737,32.52774399981086],[-80.27194099993083,32.5278070001228],[-80.27198199993872,32.52782699994806],[-80.27210400013746,32.527926000002346],[-80.27215400036617,32.52799399975456],[-80.2721640004119,32.52809599966503],[-80.27209699956644,32.52817600019694],[-80.27195900037249,32.528293000070256],[-80.2718050003867,32.52835999978664],[-80.2716420001801,32.52841500009303],[-80.27149700041514,32.52842599969586],[-80.271346999729,32.5284090000337],[-80.2710570001991,32.52833799980617],[-80.27074300037974,32.528277000141856],[-80.27044200008085,32.52817300015936],[-80.27041100011871,32.52815499993165],[-80.27027600039949,32.5280780001793],[-80.27016400024651,32.527916000101236],[-80.2700660003372,32.527739000229055],[-80.26999000016922,32.52752900012092],[-80.26998699979619,32.5275150003487],[-80.26995199963609,32.52732000004888],[-80.26990499978041,32.527091000263376],[-80.26984399968104,32.52698200004136],[-80.26982600013771,32.52695100024591],[-80.2696789998246,32.526851999874644],[-80.26945600024185,32.526794000042536],[-80.26923100011095,32.52678199970697],[-80.2689959999343,32.52680899970237],[-80.2687359996433,32.526892999720296],[-80.26867500044224,32.52692899992034],[-80.26851700025851,32.52701899997869],[-80.26844799976321,32.52705899997565],[-80.26805399957793,32.52726199976152],[-80.2673690000378,32.52753699977336],[-80.26685199982884,32.52771499980876],[-80.2651229998251,32.52823999996523],[-80.26491500031095,32.52864299977847],[-80.26489500021945,32.52866300017501],[-80.2646309997305,32.52901800022485],[-80.26454399969187,32.52927500015995],[-80.26459700029363,32.52949699994825],[-80.26478499971628,32.529791000338236],[-80.26512700002306,32.530196999980255],[-80.26514999958927,32.530231000139345],[-80.26533100023755,32.53050499965988],[-80.26548799969807,32.53089900007615],[-80.26561200044495,32.531213999977],[-80.26564199968387,32.53144599978434],[-80.265644000232,32.531461999905645],[-80.26544300039055,32.532203000224456],[-80.26436799996478,32.53302399973335],[-80.26364700043965,32.53334800010812],[-80.26359899986076,32.533368999916824],[-80.263560000401,32.5333559999998],[-80.26336799988206,32.533374999644856],[-80.26264999983168,32.533184000279554],[-80.26211799955409,32.53288199970097],[-80.26187499987985,32.53274399979577],[-80.26128900007394,32.532565999879296],[-80.2611740004462,32.532562999988315],[-80.26070099971989,32.53240299985066],[-80.26020600015056,32.53289900003135],[-80.26117100007318,32.5348849999999],[-80.26121899975374,32.53623400016282],[-80.26109200043045,32.53631200016678],[-80.26091499998013,32.536422000096],[-80.2607650001923,32.53651399982323],[-80.25676800023452,32.53684499964283],[-80.2564719999585,32.5368070003021],[-80.25641300040728,32.536798999960524],[-80.25636099963043,32.53679299970388],[-80.25593899985604,32.53652900013202],[-80.25584199977166,32.53642299976427],[-80.2556760000903,32.5362349998332],[-80.25554600039398,32.5361000003086],[-80.2563720003994,32.53359100019027],[-80.25642299955472,32.532259999879294],[-80.25575899993099,32.53179099996974],[-80.25451899964877,32.53214899968104],[-80.25371399955974,32.531823000086604],[-80.25365900020647,32.53177700010438],[-80.25358700023645,32.53171500002512],[-80.25372100013075,32.53158199996731],[-80.25374100022222,32.53156200022063],[-80.25380399997142,32.531346999822304],[-80.25374000039733,32.53097700016892],[-80.25367099990201,32.53057599968954],[-80.25352299976402,32.530210000354465],[-80.25310400036268,32.52954400008552],[-80.25234799977913,32.52834300011206],[-80.2522039998391,32.52811300014377],[-80.25185200038491,32.52754999977509]]]},"properties":{"kind":"inverted_mask"}}]}