{"type":"FeatureCollection","features":[{"type":"Feature","geometry":{"type":"Polygon","coordinates":[[[-79.80176886078544,32.88851642101569],[-79.80182728681291,32.88860903721936],[-79.80215947893312,32.88845979439139],[-79.80208867978492,32.888372777035315],[-79.80176886078544,32.88851642101569]]]},"properties":{"area_short":"Park West","area_name":"Park West at Mt. Pleasant","era":"1990s-2000s","county":"Charleston","pid":"5830300237","address":"1670 BRIDWELL LN","owner1":"SIMBANA CARLOS","subdivision":"PARK WEST 33B","legal_descr":"Block  Lot 14 GovLot  Tract","tax_district":"2-1","class_code":"120 - RESID-TWH","use_group":"Residential","legal_residence":false,"is_civic_exempt":false,"acres_cal":0.099,"land_appr":150000.0,"imp_appr":410800.0,"appraisal":560800.0,"value_per_acre":5664646.464646464,"tax_per_acre":83882.08484848484,"est_tax_net":8304.3264,"assessment_ratio":0.06,"land_to_imp_ratio":0.36514118792599803,"centroid_lon":-79.80196127198091,"centroid_lat":32.888489796185105}},{"type":"Feature","geometry":{"type":"Polygon","coordinates":[[[-79.80412986781486,32.88383347384219],[-79.80429473745339,32.88405444413192],[-79.8046035720388,32.8838903922699],[-79.8045929706169,32.88387529706025],[-79.80443565944567,32.88367103250435],[-79.80412986781486,32.88383347384219]]]},"properties":{"area_short":"Park West","area_name":"Park West at Mt. Pleasant","era":"1990s-2000s","county":"Charleston","pid":"5830300356","address":"1511 HOPKINS LN","owner1":"RISSER JEFFREY","subdivision":"COVINGTON AT PARK WEST PHASE 2","legal_descr":"Block  Lot 203 GovLot  Tract","tax_district":"2-1","class_code":"101 - RESID-SFR","use_group":"Residential","legal_residence":true,"is_civic_exempt":false,"acres_cal":0.24337542,"land_appr":350000.0,"imp_appr":842000.0,"appraisal":1192000.0,"value_per_acre":4897783.021802284,"tax_per_acre":48350.91399123214,"est_tax_net":11767.423999999999,"assessment_ratio":0.04,"land_to_imp_ratio":0.4156769596199525,"centroid_lon":-79.8043662928919,"centroid_lat":32.88386246151908}},{"type":"Feature","geometry":{"type":"Polygon","coordinates":[[[-79.77764311472468,32.878484854063394],[-79.77772315890289,32.878504393636604],[-79.77780434519599,32.878518452484286],[-79.77788629878376,32.87852696569967],[-79.77791777792433,32.878207862354806],[-79.77786566548987,32.87820244828195],[-79.7778140409471,32.87819350822628],[-79.77776314258722,32.878181083453775],[-79.77764311472468,32.878484854063394]]]},"properties":{"area_short":"Park West","area_name":"Park West at Mt. Pleasant","era":"1990s-2000s","county":"Charleston","pid":"5980000459","address":"3373 STOCKDALE ST","owner1":"BUTNER NICHOLAS J","subdivision":"THE ABBY AT PARK WEST","legal_descr":"Block  Lot 21 GovLot  Tract","tax_district":"2-1","class_code":"101 - RESID-SFR","use_group":"Residential","legal_residence":true,"is_civic_exempt":false,"acres_cal":6.815,"land_appr":350100.0,"imp_appr":384900.0,"appraisal":735000.0,"value_per_acre":107850.3301540719,"tax_per_acre":1064.6984592809977,"est_tax_net":7255.919999999999,"assessment_ratio":0.04,"land_to_imp_ratio":0.9095869056897895,"centroid_lon":-79.77779904026477,"centroid_lat":32.87836476500244}},{"type":"Feature","geometry":{"type":"Polygon","coordinates":[[[-79.80162425323923,32.88831706942609],[-79.80167324748648,32.88838306582596],[-79.80196963013371,32.88822645560466],[-79.80191734226544,32.888162189317875],[-79.80162425323923,32.88831706942609]]]},"properties":{"area_short":"Park West","area_name":"Park West at Mt. Pleasant","era":"1990s-2000s","county":"Charleston","pid":"5830300240","address":"1662 BRIDWELL LN","owner1":"SUNNY DAYS RENTALS LLC","subdivision":"PARK WEST 33B","legal_descr":"Block  Lot 17 GovLot  Tract","tax_district":"2-1","class_code":"120 - RESID-TWH","use_group":"Residential","legal_residence":true,"is_civic_exempt":false,"acres_cal":0.069,"land_appr":148400.0,"imp_appr":397400.0,"appraisal":545800.0,"value_per_acre":7910144.927536231,"tax_per_acre":78088.95072463766,"est_tax_net":5388.137599999999,"assessment_ratio":0.04,"land_to_imp_ratio":0.37342727730246605,"centroid_lon":-79.80179616811476,"centroid_lat":32.888272254135174}},{"type":"Feature","geometry":{"type":"Polygon","coordinates":[[[-79.78300827247138,32.88910085561785],[-79.7830461794761,32.8892302722632],[-79.78344617669485,32.88915980907708],[-79.78340823988381,32.88903039758772],[-79.78300827247138,32.88910085561785]]]},"properties":{"area_short":"Park West","area_name":"Park West at Mt. Pleasant","era":"1990s-2000s","county":"Charleston","pid":"5941300499","address":"1612 MERMENTAU ST","owner1":"COLE LIVING TRUST","subdivision":"PARK WEST 12B","legal_descr":"Lot 38","tax_district":"2-1","class_code":"120 - RESID-TWH","use_group":"Residential","legal_residence":true,"is_civic_exempt":false,"acres_cal":0.279,"land_appr":152200.0,"imp_appr":443400.0,"appraisal":595600.0,"value_per_acre":2134767.0250896057,"tax_per_acre":21074.420071684584,"est_tax_net":5879.763199999999,"assessment_ratio":0.04,"land_to_imp_ratio":0.3432566531348669,"centroid_lon":-79.78322721739002,"centroid_lat":32.88913033443532}},{"type":"Feature","geometry":{"type":"MultiPolygon","coordinates":[[[[-79.7789554213894,32.87694055652053],[-79.77887844139892,32.87706787898276],[-79.77879827818876,32.87720046560823],[-79.7787669037116,32.87724913273328],[-79.77873287525692,32.877295982612154],[-79.77869629782735,32.877340870678765],[-79.77868171549444,32.87735782051168],[-79.77873443710372,32.87739011597495],[-79.778749020248,32.87737316414808],[-79.77878750448475,32.877325933889665],[-79.77882330674305,32.87727663954832],[-79.77885631654642,32.87722543323358],[-79.77894422581669,32.877080027522894],[-79.77907573445628,32.876862507033415],[-79.7790234591387,32.87682802354579],[-79.7789554213894,32.87694055652053]]],[[[-79.77955886547865,32.877558564651274],[-79.77950506153705,32.87761332748006],[-79.7794483538529,32.87766507755356],[-79.77938891088398,32.87771366114126],[-79.77932690921355,32.87775893391909],[-79.77930512757426,32.87777131710507],[-79.77928171637984,32.8777802445393],[-79.77925722000447,32.87778550863457],[-79.77923220805569,32.8777869869863],[-79.77922090452738,32.877786874978455],[-79.77922234566644,32.877794307398425],[-79.77922381972151,32.87781369806527],[-79.77922203962402,32.877833063034984],[-79.77921747790765,32.87785076408381],[-79.7792171919566,32.877851592779415],[-79.77921689971824,32.87785242008177],[-79.77921660198069,32.87785324599889],[-79.77921629796505,32.87785406985768],[-79.77920716936516,32.87787302450666],[-79.77919534842118,32.87789042782064],[-79.77918109300217,32.87790590015343],[-79.7791647140842,32.87791910398244],[-79.77914656896672,32.877929751271544],[-79.77920050715102,32.87790277608671],[-79.77921120560963,32.87789711712339],[-79.77927913029254,32.87785875125978],[-79.77934510909378,32.877817127951126],[-79.77940791525532,32.877773023849414],[-79.77946842618896,32.87772581990227],[-79.7794858866507,32.87771124162273],[-79.77953323111824,32.877669298933306],[-79.77957869340294,32.87762532316189],[-79.77961019799075,32.8775924131885],[-79.77969822256468,32.8774974064202],[-79.77964690450477,32.87746354076779],[-79.77955886547865,32.877558564651274]]],[[[-79.7776218797019,32.87812499444461],[-79.77765411275348,32.878140918248405],[-79.77768711226504,32.878155186022546],[-79.77772477501871,32.878169169344616],[-79.77776314258722,32.878181083453775],[-79.7778140409471,32.87819350822628],[-79.77786566548987,32.87820244828195],[-79.77791777792433,32.878207862354806],[-79.77798057105575,32.87820975115282],[-79.77804331415872,32.87820661300983],[-79.77807560946881,32.87820301632411],[-79.7781076562167,32.87819808534587],[-79.77813296642724,32.87819320755792],[-79.7782686019378,32.878164698215805],[-79.77843297033426,32.87813014891901],[-79.7785490716071,32.87810574518041],[-79.7785973386005,32.87809559940171],[-79.77864323508527,32.878085952174736],[-79.77875001083308,32.87806350816666],[-79.7787609695169,32.87806116937281],[-79.77882776798145,32.87804536748475],[-79.77889391474268,32.878027027896096],[-79.77891752874461,32.878019810027986],[-79.77899347945606,32.87799410115803],[-79.77906816584365,32.87796492239739],[-79.77907904010087,32.87796033489872],[-79.77913984036354,32.87793301237605],[-79.77911438534159,32.87794252079341],[-79.77908783330669,32.87794829639602],[-79.77906072860418,32.87795022077778],[-79.77903362690971,32.87794825448679],[-79.77903292512033,32.87794815236145],[-79.77903259155322,32.87794810246936],[-79.77903191813161,32.87794800129204],[-79.7790316003202,32.87794795222229],[-79.77901108733661,32.8779436019604],[-79.77899004442627,32.877936520118155],[-79.77897008797467,32.877926788900076],[-79.77895154992713,32.877914570170226],[-79.77894578408845,32.87792277292834],[-79.77893002717934,32.87794089125598],[-79.77891147843417,32.87795613914218],[-79.77889065368761,32.87796809254806],[-79.77886813206926,32.87797641905322],[-79.77880490971931,32.87799378133828],[-79.77874107325691,32.87800872859704],[-79.77873428181609,32.87801017029562],[-79.77862289646251,32.878033578813046],[-79.77861425267417,32.87803512644229],[-79.77860547197963,32.87803522460806],[-79.77859679575191,32.878033870611866],[-79.77858846249234,32.87803110167378],[-79.77858070127438,32.878026993909295],[-79.7785737254466,32.87802166023701],[-79.77856772676796,32.87801524727454],[-79.77856287013647,32.87800793130819],[-79.77855928905635,32.877999913446985],[-79.77854788912123,32.87796106721323],[-79.77853329288745,32.877923305614246],[-79.77851062572942,32.87787761728042],[-79.77848356133877,32.87783438832416],[-79.77845302178945,32.8777945075404],[-79.77841903783056,32.877757517926646],[-79.7784151169582,32.87775318124706],[-79.77841187557657,32.87774831570753],[-79.77840938399457,32.87774302684668],[-79.77840769625726,32.87773742938542],[-79.77840684897339,32.8777316447385],[-79.77840686052144,32.877725798380965],[-79.77840826792351,32.87771872597372],[-79.77841086246501,32.877711997818004],[-79.77841456791545,32.877705811594446],[-79.7784192754046,32.87770034906109],[-79.77842484662128,32.877695770713174],[-79.77844196247663,32.877683349832616],[-79.77849389858149,32.87764402881722],[-79.778572538103,32.87757762057687],[-79.77864654214999,32.87750608296605],[-79.7785937423305,32.8774737401185],[-79.77852274686101,32.87754207097668],[-79.77844734398275,32.877605504948775],[-79.77843070217381,32.87761841618108],[-79.77839949485177,32.877641666256665],[-79.77828274936162,32.87772638642707],[-79.77813950304011,32.877830337527406],[-79.77801492782834,32.87792073895323],[-79.77799962605367,32.8779323603002],[-79.77796715246218,32.87796096479443],[-79.77793785654467,32.87799281601812],[-79.77792146303774,32.87801418284202],[-79.77790663073168,32.87803666151926],[-79.77788920065726,32.87806884844567],[-79.77787520072597,32.87810266867113],[-79.77787417387071,32.878105622719545],[-79.7778712996722,32.878111915706576],[-79.77786750802954,32.878117702428355],[-79.77786288592606,32.87812285013291],[-79.77785753939641,32.87812724072783],[-79.77785159109425,32.87813077348939],[-79.77784370760405,32.87813412019212],[-79.77783543060364,32.878136320442444],[-79.77782692588208,32.87813733016916],[-79.77781836378962,32.87813712914736],[-79.77780991582571,32.878135721403524],[-79.77776721699293,32.87812403881104],[-79.77771074353757,32.8781037415304],[-79.77765636687862,32.87807835630392],[-79.7776218797019,32.87812499444461]],[[-79.7784969206204,32.878016984709866],[-79.77849748584661,32.878024108968496],[-79.77849690139107,32.878031231675386],[-79.77849518237903,32.87803816850026],[-79.77849237329724,32.87804473992334],[-79.77848854684262,32.87805077588115],[-79.77848380204091,32.87805612016767],[-79.77847826168399,32.8780606344768],[-79.77847206915212,32.878064201981644],[-79.77846538470335,32.87806673035786],[-79.77845838132615,32.878068154172986],[-79.77811721970893,32.878139864105016],[-79.77806344223242,32.87814897814741],[-79.77805113888785,32.8781515122309],[-79.77803858419524,32.87815192883737],[-79.77802613992245,32.87815021596216],[-79.77801416465546,32.87814642296236],[-79.77800300346573,32.87814065913458],[-79.77799297796678,32.87813309056549],[-79.77798437704685,32.87812393534603],[-79.77797744854439,32.878113457287014],[-79.77797239210662,32.878101958317316],[-79.77796935343652,32.87808976978373],[-79.77796842009441,32.87807724290305],[-79.7779696189749,32.878064738641676],[-79.77797291553178,32.878052617314204],[-79.77797821477367,32.87804122820087],[-79.77800176496105,32.87801219740417],[-79.77802826187084,32.87798582862994],[-79.7780574064874,32.877962419447805],[-79.77829641777046,32.8777889738772],[-79.77830130399128,32.87778583110993],[-79.77830650167483,32.87778323568594],[-79.7783075247246,32.87778280284364],[-79.77831438933002,32.87778046882958],[-79.77832148670916,32.87777898638616],[-79.77832871164345,32.87777837749062],[-79.77832984004036,32.87777835947629],[-79.7783305914018,32.87777835566231],[-79.77834006768198,32.87777912292605],[-79.77834930479793,32.87778137331905],[-79.77835807211224,32.87778505065226],[-79.77835903997568,32.87778557453476],[-79.77836495666173,32.87778939583272],[-79.77837028214906,32.877794005461396],[-79.7784052463537,32.87783239457249],[-79.77843573809415,32.87787442400529],[-79.77846138128861,32.877919575373326],[-79.77848185965668,32.87796729178453],[-79.7784969206204,32.878016984709866]]]]},"properties":{"area_short":"Park West","area_name":"Park West at Mt. Pleasant","era":"1990s-2000s","county":"Charleston","pid":"5980000057","address":"0 PARK WEST BLVD","owner1":"ABBEY AT PARK WEST LLC","subdivision":"THE ABBY AT PARK WEST","legal_descr":"PARCEL 5-B-3","tax_district":"2-1","class_code":"990 - UNDEVELOPABLE","use_group":"Vacant / Other","legal_residence":false,"is_civic_exempt":false,"acres_cal":0.633,"land_appr":200.0,"imp_appr":0.0,"appraisal":200.0,"value_per_acre":315.955766192733,"tax_per_acre":4.678672985781989,"est_tax_net":2.9615999999999993,"assessment_ratio":0.06,"land_to_imp_ratio":null,"centroid_lon":-79.77857927054443,"centroid_lat":32.87778838018019}},{"type":"Feature","geometry":{"type":"Polygon","coordinates":[[[-79.77803849374223,32.877486736770564],[-79.77828274936162,32.87772638642707],[-79.77839949485177,32.877641666256665],[-79.77843070217381,32.87761841618108],[-79.77816008624343,32.87739237601904],[-79.77811069364826,32.87743282142548],[-79.77805975834818,32.877471305897224],[-79.77803849374223,32.877486736770564]]]},"properties":{"area_short":"Park West","area_name":"Park West at Mt. Pleasant","era":"1990s-2000s","county":"Charleston","pid":"5980000466","address":"3428 SALTERBECK ST","owner1":"BUFFUM ANTHONY DAVID","subdivision":"THE ABBY AT PARK WEST","legal_descr":"Block  Lot 28 GovLot  Tract","tax_district":"2-1","class_code":"101 - RESID-SFR","use_group":"Residential","legal_residence":true,"is_civic_exempt":false,"acres_cal":6.815,"land_appr":250000.0,"imp_appr":598000.0,"appraisal":848000.0,"value_per_acre":124431.40132061628,"tax_per_acre":1228.3867938371236,"est_tax_net":8371.455999999998,"assessment_ratio":0.04,"land_to_imp_ratio":0.4180602006688963,"centroid_lon":-79.77823219261046,"centroid_lat":32.87755947797862}},{"type":"Feature","geometry":{"type":"Polygon","coordinates":[[[-79.80489762642168,32.87870029202412],[-79.80527098802396,32.8787979630802],[-79.8052907268127,32.878735725290234],[-79.80530452960956,32.878671908011384],[-79.80531227425394,32.878607076053484],[-79.80531389220248,32.87854180320673],[-79.80492308112707,32.87854831605813],[-79.80492099276759,32.87859990883861],[-79.80491246314645,32.87865083448839],[-79.80489762642168,32.87870029202412]]]},"properties":{"area_short":"Park West","area_name":"Park West at Mt. Pleasant","era":"1990s-2000s","county":"Charleston","pid":"5830300209","address":"2580 LARCH LN","owner1":"GILL MATHEW LEE","subdivision":"PARK WEST","legal_descr":"Lot 13","tax_district":"2-1","class_code":"101 - RESID-SFR","use_group":"Residential","legal_residence":true,"is_civic_exempt":false,"acres_cal":0.207,"land_appr":228500.0,"imp_appr":697400.0,"appraisal":925900.0,"value_per_acre":4472946.859903382,"tax_per_acre":44156.93140096619,"est_tax_net":9140.4848,"assessment_ratio":0.04,"land_to_imp_ratio":0.3276455405792945,"centroid_lon":-79.8051237565882,"centroid_lat":32.878649765344896}},{"type":"Feature","geometry":{"type":"Polygon","coordinates":[[[-79.80245795745651,32.891854157282474],[-79.80250439393274,32.89192062526637],[-79.80281592564845,32.89177971748972],[-79.80278015399827,32.89172341755041],[-79.80277346583198,32.89171149102786],[-79.80245795745651,32.891854157282474]]]},"properties":{"area_short":"Park West","area_name":"Park West at Mt. Pleasant","era":"1990s-2000s","county":"Charleston","pid":"5941000873","address":"1802 CHAUNCYS CT","owner1":"BEAM DAVID A","subdivision":"PARK WEST","legal_descr":"Lot 17","tax_district":"2-1","class_code":"120 - RESID-TWH","use_group":"Residential","legal_residence":true,"is_civic_exempt":false,"acres_cal":0.07,"land_appr":163700.0,"imp_appr":360700.0,"appraisal":524400.0,"value_per_acre":7491428.571428571,"tax_per_acre":73955.38285714285,"est_tax_net":5176.8768,"assessment_ratio":0.04,"land_to_imp_ratio":0.45383975602994175,"centroid_lon":-79.8026377380988,"centroid_lat":32.89181650385928}},{"type":"Feature","geometry":{"type":"Polygon","coordinates":[[[-79.77845677918005,32.87705125993094],[-79.77879827818876,32.87720046560823],[-79.77887844139892,32.87706787898276],[-79.77853605375874,32.876920456811604],[-79.77846802163296,32.87703298824899],[-79.77845677918005,32.87705125993094]]]},"properties":{"area_short":"Park West","area_name":"Park West at Mt. Pleasant","era":"1990s-2000s","county":"Charleston","pid":"5980000441","address":"3416 SALTERBECK ST","owner1":"MIDDLETON MARIANNE C LIVING TRUST","subdivision":"THE ABBY AT PARK WEST","legal_descr":"Block  Lot 3 GovLot  Tract","tax_district":"2-1","class_code":"101 - RESID-SFR","use_group":"Residential","legal_residence":true,"is_civic_exempt":false,"acres_cal":6.815,"land_appr":348900.0,"imp_appr":481400.0,"appraisal":830300.0,"value_per_acre":121834.18928833454,"tax_per_acre":1202.7471166544387,"est_tax_net":8196.7216,"assessment_ratio":0.04,"land_to_imp_ratio":0.724761113419194,"centroid_lon":-79.77866779199613,"centroid_lat":32.87706019278918}},{"type":"Feature","geometry":{"type":"Polygon","coordinates":[[[-79.78294574275671,32.888887383089155],[-79.78297700717697,32.88899411968575],[-79.7833769527653,32.88892366686793],[-79.78334566414665,32.88881693612541],[-79.78294574275671,32.888887383089155]]]},"properties":{"area_short":"Park West","area_name":"Park West at Mt. Pleasant","era":"1990s-2000s","county":"Charleston","pid":"5941300500","address":"1608 MERMENTAU ST","owner1":"FANGMAN MICHAEL D","subdivision":"PARK WEST 12B","legal_descr":"Lot 40","tax_district":"2-1","class_code":"120 - RESID-TWH","use_group":"Residential","legal_residence":true,"is_civic_exempt":false,"acres_cal":0.23,"land_appr":115000.0,"imp_appr":455000.0,"appraisal":570000.0,"value_per_acre":2478260.8695652173,"tax_per_acre":24465.39130434782,"est_tax_net":5627.039999999999,"assessment_ratio":0.04,"land_to_imp_ratio":0.25274725274725274,"centroid_lon":-79.78316134139948,"centroid_lat":32.88890552707333}},{"type":"Feature","geometry":{"type":"Polygon","coordinates":[[[-79.7786130269875,32.876793137155865],[-79.7789554213894,32.87694055652053],[-79.7790234591387,32.87682802354579],[-79.7789420576083,32.87677432698168],[-79.7786899999915,32.87666581745306],[-79.7786130269875,32.876793137155865]]]},"properties":{"area_short":"Park West","area_name":"Park West at Mt. Pleasant","era":"1990s-2000s","county":"Charleston","pid":"5980000439","address":"3408 SALTERBECK ST","owner1":"CHEN PO JUNG","subdivision":"THE ABBY AT PARK WEST","legal_descr":"Block  Lot 1 GovLot  Tract","tax_district":"2-1","class_code":"101 - RESID-SFR","use_group":"Residential","legal_residence":true,"is_civic_exempt":false,"acres_cal":6.815,"land_appr":348600.0,"imp_appr":432600.0,"appraisal":781200.0,"value_per_acre":114629.49376375641,"tax_per_acre":1131.622362435803,"est_tax_net":7712.006399999999,"assessment_ratio":0.04,"land_to_imp_ratio":0.8058252427184466,"centroid_lon":-79.77881996723436,"centroid_lat":32.8768031535601}},{"type":"Feature","geometry":{"type":"Polygon","coordinates":[[[-79.77906816584365,32.87796492239739],[-79.77923643816578,32.87825194115096],[-79.77932624158693,32.87821194583818],[-79.77941405505936,32.87816775224644],[-79.77921120560963,32.87789711712339],[-79.77920050715102,32.87790277608671],[-79.77914656896672,32.877929751271544],[-79.77914190379704,32.87793203442534],[-79.77914161968441,32.87793216863187],[-79.77914072920315,32.877932592824095],[-79.77913984036354,32.87793301237605],[-79.77907904010087,32.87796033489872],[-79.77906816584365,32.87796492239739]]]},"properties":{"area_short":"Park West","area_name":"Park West at Mt. Pleasant","era":"1990s-2000s","county":"Charleston","pid":"5980000451","address":"3341 STOCKDALE ST","owner1":"LIAPINA MARIA L","subdivision":"THE ABBY AT PARK WEST","legal_descr":"Block  Lot 13 GovLot  Tract","tax_district":"2-1","class_code":"101 - RESID-SFR","use_group":"Residential","legal_residence":true,"is_civic_exempt":false,"acres_cal":6.815,"land_appr":349200.0,"imp_appr":486100.0,"appraisal":835300.0,"value_per_acre":122567.86500366837,"tax_per_acre":1209.989963316214,"est_tax_net":8246.0816,"assessment_ratio":0.04,"land_to_imp_ratio":0.7183707056161284,"centroid_lon":-79.77923642434546,"centroid_lat":32.87807638275147}},{"type":"Feature","geometry":{"type":"Polygon","coordinates":[[[-79.80350345628919,32.882118008978644],[-79.80379780747333,32.882248551472124],[-79.80380938192339,32.88225272999038],[-79.80382150139097,32.88225486222269],[-79.80383380697462,32.88225488502592],[-79.80384593426133,32.88225279772479],[-79.80385752411811,32.88224866213186],[-79.80386823332722,32.88224260071705],[-79.80387774475007,32.88223479298086],[-79.80388577671891,32.88222547013872],[-79.80393467158505,32.88215000573335],[-79.8039437962634,32.88213750583479],[-79.80395450475835,32.8821263328605],[-79.8039666061916,32.88211668596814],[-79.80389459526143,32.88204296186833],[-79.80363937286897,32.881899652123785],[-79.80350345628919,32.882118008978644]]]},"properties":{"area_short":"Park West","area_name":"Park West at Mt. Pleasant","era":"1990s-2000s","county":"Charleston","pid":"5830300254","address":"2809 WAGNER WAY","owner1":"THOMAS JASON E","subdivision":"COVINGTON AT PARK WEST","legal_descr":"Block  Lot 6 GovLot  Tract","tax_district":"2-1","class_code":"101 - RESID-SFR","use_group":"Residential","legal_residence":true,"is_civic_exempt":false,"acres_cal":0.23,"land_appr":250900.0,"imp_appr":744600.0,"appraisal":995500.0,"value_per_acre":4328260.869565217,"tax_per_acre":42728.59130434782,"est_tax_net":9827.576,"assessment_ratio":0.04,"land_to_imp_ratio":0.3369594413107709,"centroid_lon":-79.8037354311973,"centroid_lat":32.8820912839755}},{"type":"Feature","geometry":{"type":"Polygon","coordinates":[[[-79.77789525148314,32.87759068629234],[-79.77813950304011,32.877830337527406],[-79.77828274936162,32.87772638642707],[-79.77803849374223,32.877486736770564],[-79.77789525148314,32.87759068629234]]]},"properties":{"area_short":"Park West","area_name":"Park West at Mt. Pleasant","era":"1990s-2000s","county":"Charleston","pid":"5980000465","address":"3432 SALTERBECK ST","owner1":"BOYD RICHARD C","subdivision":"THE ABBY AT PARK WEST","legal_descr":"Block  Lot 27 GovLot  Tract","tax_district":"2-1","class_code":"101 - RESID-SFR","use_group":"Residential","legal_residence":false,"is_civic_exempt":false,"acres_cal":6.815,"land_appr":349300.0,"imp_appr":421400.0,"appraisal":770700.0,"value_per_acre":113088.77476155538,"tax_per_acre":1674.618576669112,"est_tax_net":11412.525599999999,"assessment_ratio":0.06,"land_to_imp_ratio":0.8289036544850499,"centroid_lon":-79.77808899990922,"centroid_lat":32.877658537180395}},{"type":"Feature","geometry":{"type":"Polygon","coordinates":[[[-79.80257639733898,32.892025203728224],[-79.80262179495847,32.89209211719756],[-79.80292907804743,32.89195315398905],[-79.80290118491564,32.89191390257302],[-79.8028836224205,32.891886261356476],[-79.80257639733898,32.892025203728224]]]},"properties":{"area_short":"Park West","area_name":"Park West at Mt. Pleasant","era":"1990s-2000s","county":"Charleston","pid":"5941000870","address":"1808 CHAUNCYS CT","owner1":"MERROW SALLY","subdivision":"PARK WEST","legal_descr":"Lot 14","tax_district":"2-1","class_code":"120 - RESID-TWH","use_group":"Residential","legal_residence":true,"is_civic_exempt":false,"acres_cal":0.069,"land_appr":163600.0,"imp_appr":363700.0,"appraisal":527300.0,"value_per_acre":7642028.985507246,"tax_per_acre":75442.11014492752,"est_tax_net":5205.5055999999995,"assessment_ratio":0.04,"land_to_imp_ratio":0.44982128127577675,"centroid_lon":-79.80275249430001,"centroid_lat":32.891989293022505}},{"type":"Feature","geometry":{"type":"Polygon","coordinates":[[[-79.80446944864933,32.87943357179609],[-79.80481869689464,32.879581721008655],[-79.80490648282975,32.87943437197701],[-79.80455723502541,32.879286223016436],[-79.80446944864933,32.87943357179609]]]},"properties":{"area_short":"Park West","area_name":"Park West at Mt. Pleasant","era":"1990s-2000s","county":"Charleston","pid":"5830300188","address":"2600 LARCH LN","owner1":"MCCLEARY SCOTT A","subdivision":"PARK WEST","legal_descr":"LOT 3","tax_district":"2-1","class_code":"101 - RESID-SFR","use_group":"Residential","legal_residence":true,"is_civic_exempt":false,"acres_cal":0.165,"land_appr":202700.0,"imp_appr":609600.0,"appraisal":812300.0,"value_per_acre":4923030.303030303,"tax_per_acre":48600.155151515144,"est_tax_net":8019.025599999999,"assessment_ratio":0.04,"land_to_imp_ratio":0.33251312335958005,"centroid_lon":-79.80468796585012,"centroid_lat":32.87943397197048}},{"type":"Feature","geometry":{"type":"Polygon","coordinates":[[[-79.80231914660448,32.88938871074799],[-79.8023381125207,32.88941877392232],[-79.80234787192039,32.88943148542361],[-79.80235956835608,32.88944244085783],[-79.80237289050899,32.889451348629095],[-79.80238342789362,32.88945615013398],[-79.80239457526545,32.88945928494255],[-79.80240607075902,32.889460679414306],[-79.802417644331,32.88946030079138],[-79.80242902410393,32.889458157968086],[-79.80243994275294,32.889454301281994],[-79.80264059065716,32.88936419560093],[-79.80263331178826,32.88930794495252],[-79.80262332422966,32.88925211157493],[-79.80231914660448,32.88938871074799]]]},"properties":{"area_short":"Park West","area_name":"Park West at Mt. Pleasant","era":"1990s-2000s","county":"Charleston","pid":"5830300224","address":"1700 BRIDWELL LN","owner1":"AVEN KENNETH E","subdivision":"PARK WEST 33B","legal_descr":"Block  Lot 1 GovLot  Tract","tax_district":"2-1","class_code":"120 - RESID-TWH","use_group":"Residential","legal_residence":true,"is_civic_exempt":false,"acres_cal":0.085,"land_appr":149200.0,"imp_appr":410800.0,"appraisal":560000.0,"value_per_acre":6588235.294117646,"tax_per_acre":65039.058823529405,"est_tax_net":5528.32,"assessment_ratio":0.04,"land_to_imp_ratio":0.3631937682570594,"centroid_lon":-79.80249354611352,"centroid_lat":32.889367480031915}},{"type":"Feature","geometry":{"type":"Polygon","coordinates":[[[-79.80282954822222,32.8831996964561],[-79.80320068843976,32.88337096091928],[-79.80332570375218,32.883178018924376],[-79.80295089992067,32.88300506592062],[-79.80282954822222,32.8831996964561]]]},"properties":{"area_short":"Park West","area_name":"Park West at Mt. Pleasant","era":"1990s-2000s","county":"Charleston","pid":"5830300278","address":"2831 WAGNER WAY","owner1":"FOSBERRY LISA M","subdivision":"COVINGTON AT PARK WEST","legal_descr":"Block  Lot 30 GovLot  Tract","tax_district":"2-1","class_code":"101 - RESID-SFR","use_group":"Residential","legal_residence":true,"is_civic_exempt":false,"acres_cal":0.24,"land_appr":251400.0,"imp_appr":771200.0,"appraisal":1022600.0,"value_per_acre":4260833.333333334,"tax_per_acre":42062.94666666667,"est_tax_net":10095.1072,"assessment_ratio":0.04,"land_to_imp_ratio":0.32598547717842324,"centroid_lon":-79.80307681114279,"centroid_lat":32.8831882770891}},{"type":"Feature","geometry":{"type":"Polygon","coordinates":[[[-79.8032333269007,32.884829191434854],[-79.8036188307479,32.88483758501302],[-79.80365049113965,32.88464349190707],[-79.80357908957967,32.884518960249004],[-79.80343386494326,32.88446007720799],[-79.80317978092874,32.884733167707004],[-79.80319518196582,32.88474451293031],[-79.8032084294016,32.884758311896945],[-79.80321913733782,32.88477416264256],[-79.80322699385196,32.8847916034344],[-79.80323177008353,32.88481012622164],[-79.8032333269007,32.884829191434854]]]},"properties":{"area_short":"Park West","area_name":"Park West at Mt. Pleasant","era":"1990s-2000s","county":"Charleston","pid":"5830300364","address":"1505 CHECKER CT","owner1":"LANGSTON KIMBERLEY B","subdivision":"COVINGTON AT PARK WEST PHASE 2","legal_descr":"Block  Lot 211 GovLot  Tract","tax_district":"2-1","class_code":"101 - RESID-SFR","use_group":"Residential","legal_residence":true,"is_civic_exempt":false,"acres_cal":0.31098686,"land_appr":353700.0,"imp_appr":700800.0,"appraisal":1054500.0,"value_per_acre":3390818.505965172,"tax_per_acre":33474.160290888176,"est_tax_net":10410.024,"assessment_ratio":0.04,"land_to_imp_ratio":0.504708904109589,"centroid_lon":-79.80344161856716,"centroid_lat":32.88468093590231}},{"type":"Feature","geometry":{"type":"Polygon","coordinates":[[[-79.80260428531035,32.88175072423992],[-79.80266453906562,32.881763592878464],[-79.80272406957579,32.88177883003747],[-79.80278215941195,32.88179887058614],[-79.80295894818543,32.881517412655235],[-79.80278437541725,32.88144016353],[-79.80260428531035,32.88175072423992]]]},"properties":{"area_short":"Park West","area_name":"Park West at Mt. Pleasant","era":"1990s-2000s","county":"Charleston","pid":"5830300249","address":"1471 BRIGHTWOOD DR","owner1":"SCHOENBAECHLER ERIC STEPHEN","subdivision":"COVINGTON AT PARK WEST","legal_descr":"Block  Lot 1 GovLot  Tract","tax_district":"2-1","class_code":"101 - RESID-SFR","use_group":"Residential","legal_residence":true,"is_civic_exempt":false,"acres_cal":0.16,"land_appr":247300.0,"imp_appr":852300.0,"appraisal":1099600.0,"value_per_acre":6872500.0,"tax_per_acre":67845.31999999999,"est_tax_net":10855.251199999999,"assessment_ratio":0.04,"land_to_imp_ratio":0.2901560483397865,"centroid_lon":-79.80278281768744,"centroid_lat":32.88162361790682}},{"type":"Feature","geometry":{"type":"Polygon","coordinates":[[[-79.80234449802887,32.88397763356205],[-79.80270062403173,32.88414272700962],[-79.80282564155709,32.8839497855136],[-79.80246553062184,32.883783605718385],[-79.80234449802887,32.88397763356205]]]},"properties":{"area_short":"Park West","area_name":"Park West at Mt. Pleasant","era":"1990s-2000s","county":"Charleston","pid":"5830300274","address":"2847 WAGNER WAY","owner1":"CARDWELL JORDAN M","subdivision":"COVINGTON AT PARK WEST","legal_descr":"Block  Lot 26 GovLot  Tract","tax_district":"2-1","class_code":"101 - RESID-SFR","use_group":"Residential","legal_residence":true,"is_civic_exempt":false,"acres_cal":0.23,"land_appr":250800.0,"imp_appr":778500.0,"appraisal":1029300.0,"value_per_acre":4475217.391304348,"tax_per_acre":44179.34608695652,"est_tax_net":10161.2496,"assessment_ratio":0.04,"land_to_imp_ratio":0.3221579961464355,"centroid_lon":-79.80258426719179,"centroid_lat":32.88396331699445}},{"type":"Feature","geometry":{"type":"Polygon","coordinates":[[[-79.80250439393274,32.89192062526637],[-79.80254053251122,32.89197287892022],[-79.80284978944802,32.89183301385958],[-79.80281592564845,32.89177971748972],[-79.80250439393274,32.89192062526637]]]},"properties":{"area_short":"Park West","area_name":"Park West at Mt. Pleasant","era":"1990s-2000s","county":"Charleston","pid":"5941000872","address":"1804 CHAUNCYS CT","owner1":"EBERHARDT MICHELE","subdivision":"PARK WEST","legal_descr":"Lot 16","tax_district":"2-1","class_code":"120 - RESID-TWH","use_group":"Residential","legal_residence":true,"is_civic_exempt":false,"acres_cal":0.055,"land_appr":162800.0,"imp_appr":331400.0,"appraisal":494200.0,"value_per_acre":8985454.545454545,"tax_per_acre":88704.40727272727,"est_tax_net":4878.7424,"assessment_ratio":0.04,"land_to_imp_ratio":0.4912492456246228,"centroid_lon":-79.80267764417185,"centroid_lat":32.8918765241877}},{"type":"Feature","geometry":{"type":"Polygon","coordinates":[[[-79.78284507198597,32.88854369455405],[-79.78288243294078,32.88867124382489],[-79.78327857797774,32.888601607742565],[-79.78327290980225,32.88859627680406],[-79.78326645972042,32.88859192438367],[-79.78325939486447,32.888588663259746],[-79.78323733343896,32.88857923430581],[-79.78321715654631,32.88856625337091],[-79.78319943092391,32.88855008506925],[-79.78318465445685,32.88853118354315],[-79.78317324219296,32.88851007970699],[-79.78316551468494,32.888487366334545],[-79.78284507198597,32.88854369455405]]]},"properties":{"area_short":"Park West","area_name":"Park West at Mt. Pleasant","era":"1990s-2000s","county":"Charleston","pid":"5941300413","address":"1602 MERMENTAU ST","owner1":"JUNEVICUS COLLEEN M","subdivision":"PARK WEST 12B","legal_descr":"PARCEL 5","tax_district":"2-1","class_code":"120 - RESID-TWH","use_group":"Residential","legal_residence":true,"is_civic_exempt":false,"acres_cal":0.231,"land_appr":151000.0,"imp_appr":483800.0,"appraisal":634800.0,"value_per_acre":2748051.948051948,"tax_per_acre":27128.768831168825,"est_tax_net":6266.745599999999,"assessment_ratio":0.04,"land_to_imp_ratio":0.31211244315832987,"centroid_lon":-79.78303712661199,"centroid_lat":32.88857949523773}},{"type":"Feature","geometry":{"type":"Polygon","coordinates":[[[-79.77929076025491,32.87733116368685],[-79.7790038115004,32.87759423622982],[-79.77902747140168,32.877623883065],[-79.77904925807533,32.87765493248713],[-79.77905499829039,32.87766179238009],[-79.77906181465218,32.877667584220234],[-79.77906951131018,32.87767214159403],[-79.77907786712083,32.87767533355716],[-79.77908664200156,32.87767706839681],[-79.77911632812243,32.87768353412872],[-79.77914453497999,32.87769482326721],[-79.77943346960606,32.87744537427541],[-79.77929076025491,32.87733116368685]]]},"properties":{"area_short":"Park West","area_name":"Park West at Mt. Pleasant","era":"1990s-2000s","county":"Charleston","pid":"5980000445","address":"1169 PEACEHAVEN ST","owner1":"CIAPPA THOMAS A","subdivision":"THE ABBY AT PARK WEST","legal_descr":"Block  Lot 7 GovLot  Tract","tax_district":"2-1","class_code":"101 - RESID-SFR","use_group":"Residential","legal_residence":true,"is_civic_exempt":false,"acres_cal":6.815,"land_appr":350700.0,"imp_appr":453100.0,"appraisal":803800.0,"value_per_acre":117945.70799706528,"tax_per_acre":1164.3600293470283,"est_tax_net":7935.113599999999,"assessment_ratio":0.04,"land_to_imp_ratio":0.774001324210991,"centroid_lon":-79.77921443090204,"centroid_lat":32.87751931163896}},{"type":"Feature","geometry":{"type":"Polygon","coordinates":[[[-79.80200535211279,32.88889130014937],[-79.80203596670881,32.888939827826476],[-79.80241022712981,32.888771756469204],[-79.80237518389342,32.88872521788047],[-79.80200535211279,32.88889130014937]]]},"properties":{"area_short":"Park West","area_name":"Park West at Mt. Pleasant","era":"1990s-2000s","county":"Charleston","pid":"5830300232","address":"1682 BRIDWELL LN","owner1":"HAAS BETH ANNE","subdivision":"PARK WEST 33B","legal_descr":"Block  Lot 9 GovLot  Tract","tax_district":"2-1","class_code":"120 - RESID-TWH","use_group":"Residential","legal_residence":true,"is_civic_exempt":false,"acres_cal":0.059,"land_appr":147800.0,"imp_appr":354100.0,"appraisal":501900.0,"value_per_acre":8506779.66101695,"tax_per_acre":83978.92881355931,"est_tax_net":4954.756799999999,"assessment_ratio":0.04,"land_to_imp_ratio":0.41739621575826036,"centroid_lon":-79.80220671488073,"centroid_lat":32.88883207279958}},{"type":"Feature","geometry":{"type":"Polygon","coordinates":[[[-79.78312316952952,32.88949310929031],[-79.78315638815255,32.88960651629604],[-79.78355646925725,32.889536034938196],[-79.7835232256181,32.88942263378516],[-79.78312316952952,32.88949310929031]]]},"properties":{"area_short":"Park West","area_name":"Park West at Mt. Pleasant","era":"1990s-2000s","county":"Charleston","pid":"5941300498","address":"1620 MERMENTAU ST","owner1":"FREHAFER LLC","subdivision":"PARK WEST 12B","legal_descr":"Lot 36","tax_district":"2-1","class_code":"120 - RESID-TWH","use_group":"Residential","legal_residence":false,"is_civic_exempt":false,"acres_cal":0.245,"land_appr":151200.0,"imp_appr":453500.0,"appraisal":604700.0,"value_per_acre":2468163.2653061226,"tax_per_acre":36548.56163265306,"est_tax_net":8954.397599999998,"assessment_ratio":0.06,"land_to_imp_ratio":0.33340683572216095,"centroid_lon":-79.78333981291114,"centroid_lat":32.88951457424906}},{"type":"Feature","geometry":{"type":"Polygon","coordinates":[[[-79.80194692570701,32.88879868402862],[-79.80200535211279,32.88889130014937],[-79.80237518389342,32.88872521788047],[-79.80236033586573,32.88870666164118],[-79.80230452569819,32.88863806765226],[-79.80194692570701,32.88879868402862]]]},"properties":{"area_short":"Park West","area_name":"Park West at Mt. Pleasant","era":"1990s-2000s","county":"Charleston","pid":"5830300233","address":"1680 BRIDWELL LN","owner1":"MAGEE BETH MARIE","subdivision":"PARK WEST 33B","legal_descr":"Block  Lot 10 GovLot  Tract","tax_district":"2-1","class_code":"120 - RESID-TWH","use_group":"Residential","legal_residence":true,"is_civic_exempt":false,"acres_cal":0.111,"land_appr":150600.0,"imp_appr":411400.0,"appraisal":562000.0,"value_per_acre":5063063.063063063,"tax_per_acre":49982.55855855855,"est_tax_net":5548.063999999999,"assessment_ratio":0.04,"land_to_imp_ratio":0.3660670879922217,"centroid_lon":-79.80215822189749,"centroid_lat":32.88876355127809}},{"type":"Feature","geometry":{"type":"Polygon","coordinates":[[[-79.80299061359993,32.88470047014129],[-79.80300061840046,32.884705084201435],[-79.80301474431732,32.884710170578494],[-79.8030294955503,32.88471296591108],[-79.80304450301847,32.884713400258995],[-79.80305939122978,32.88471146275472],[-79.80308424009492,32.884708109564045],[-79.80310930805086,32.884708664155326],[-79.80313398430721,32.88471311301575],[-79.8031576676175,32.8847213477471],[-79.80317978092874,32.884733167707004],[-79.80343386494326,32.88446007720799],[-79.8033082026537,32.88429509450731],[-79.80333797653468,32.884184728851565],[-79.80326319216636,32.884295763667694],[-79.80323003848108,32.88434498843762],[-79.803133833512,32.884487827653956],[-79.80299061359993,32.88470047014129]]]},"properties":{"area_short":"Park West","area_name":"Park West at Mt. Pleasant","era":"1990s-2000s","county":"Charleston","pid":"5830300363","address":"1501 CHECKER CT","owner1":"WEBSTER BRADLEY S","subdivision":"COVINGTON AT PARK WEST PHASE 2","legal_descr":"Block  Lot 210 GovLot  Tract","tax_district":"2-1","class_code":"101 - RESID-SFR","use_group":"Residential","legal_residence":true,"is_civic_exempt":false,"acres_cal":0.23677188,"land_appr":349600.0,"imp_appr":616600.0,"appraisal":966200.0,"value_per_acre":4080721.0721138003,"tax_per_acre":40284.87842390744,"est_tax_net":9538.3264,"assessment_ratio":0.04,"land_to_imp_ratio":0.5669802140771976,"centroid_lon":-79.80322712834123,"centroid_lat":32.8845192549412}},{"type":"Feature","geometry":{"type":"Polygon","coordinates":[[[-79.80393849101664,32.884402484664605],[-79.8038528911058,32.884530172158684],[-79.80391571916681,32.88462296338016],[-79.80399683039354,32.8847251000449],[-79.8042692607657,32.884453670462406],[-79.80425525975146,32.88444312035006],[-79.80424319325734,32.884430402921474],[-79.80423339263933,32.88441586740783],[-79.80422612703056,32.88439991296646],[-79.80422159595072,32.88438297771962],[-79.80421992382703,32.88436552672329],[-79.80422115657741,32.884348039196404],[-79.8042252603495,32.88433099536101],[-79.80423212245027,32.88431486325504],[-79.80424155444076,32.88430008587958],[-79.80424589245162,32.88429348225638],[-79.80424908433213,32.88428625466507],[-79.8042510430096,32.88427860027025],[-79.80425171505242,32.88427072787952],[-79.80425108212764,32.88426285224725],[-79.80424916150106,32.88425518821626],[-79.80424600556634,32.884247944856995],[-79.80424170041556,32.88424131976422],[-79.80393849101664,32.884402484664605]]]},"properties":{"area_short":"Park West","area_name":"Park West at Mt. Pleasant","era":"1990s-2000s","county":"Charleston","pid":"5830300359","address":"1516 HOPKINS LN","owner1":"MURPHY KATHLEEN REVOCABLE LIVING TRUST","subdivision":"COVINGTON AT PARK WEST PHASE 2","legal_descr":"Block  Lot 206 GovLot  Tract","tax_district":"2-1","class_code":"101 - RESID-SFR","use_group":"Residential","legal_residence":true,"is_civic_exempt":false,"acres_cal":0.25706927,"land_appr":350700.0,"imp_appr":610600.0,"appraisal":961300.0,"value_per_acre":3739459.018186032,"tax_per_acre":36915.9394275325,"est_tax_net":9489.953599999999,"assessment_ratio":0.04,"land_to_imp_ratio":0.5743530953160826,"centroid_lon":-79.80406398284497,"centroid_lat":32.88448273954217}},{"type":"Feature","geometry":{"type":"Polygon","coordinates":[[[-79.80418130609931,32.88490774082847],[-79.80418131000442,32.88490774352754],[-79.80418132212105,32.8849077223583],[-79.80421182854766,32.88485839698012],[-79.80421182464258,32.884858394281025],[-79.80421183906032,32.88485837779092],[-79.8042286249895,32.88483247642732],[-79.80443971239555,32.88450673247929],[-79.80443155366748,32.884498066902204],[-79.80442204031408,32.88449091475728],[-79.80441144939329,32.88448548433682],[-79.80440008934504,32.88448193379127],[-79.80438829100866,32.884480366523356],[-79.80437639798777,32.8844808281767],[-79.8043538522925,32.88448165971874],[-79.8043314171705,32.884479279563394],[-79.80430954781369,32.88447373600222],[-79.80428868793497,32.884465141509956],[-79.8042692607657,32.884453670462406],[-79.80399683039354,32.8847251000449],[-79.80410842436947,32.884851454154315],[-79.80418130609931,32.88490774082847]]]},"properties":{"area_short":"Park West","area_name":"Park West at Mt. Pleasant","era":"1990s-2000s","county":"Charleston","pid":"5830300358","address":"1520 HOPKINS LN","owner1":"JOVANOVICH ELIZABETH ANNE","subdivision":"COVINGTON AT PARK WEST PHASE 2","legal_descr":"Block  Lot 205 GovLot  Tract","tax_district":"2-1","class_code":"101 - RESID-SFR","use_group":"Residential","legal_residence":false,"is_civic_exempt":false,"acres_cal":0.23678793,"land_appr":0.0,"imp_appr":0.0,"appraisal":0.0,"value_per_acre":0.0,"tax_per_acre":0.0,"est_tax_net":0.0,"assessment_ratio":0.06,"land_to_imp_ratio":null,"centroid_lon":-79.80421452526215,"centroid_lat":32.884664700225215}},{"type":"Feature","geometry":{"type":"Polygon","coordinates":[[[-79.80157291817949,32.88773886129549],[-79.80156385746714,32.88773042890599],[-79.80155350288301,32.887723647734404],[-79.80154215185615,32.88771871256573],[-79.80153013043784,32.887715765159655],[-79.80151778393595,32.88771489017861],[-79.80150546699618,32.88771611275589],[-79.80149353341504,32.88771939777371],[-79.80148232597735,32.88772465087195],[-79.80135257385905,32.88779980276165],[-79.80134212782013,32.88780595254135],[-79.8013327908283,32.88781368300723],[-79.8013247998074,32.88782279800061],[-79.80131835752765,32.88783306623078],[-79.80131362746029,32.88784422714392],[-79.80131072962963,32.8878559975346],[-79.80130973756742,32.887868078732055],[-79.80131067644699,32.88788016417886],[-79.80131352244449,32.88789194720977],[-79.80131820334343,32.88790312883329],[-79.80132460036717,32.887913425318445],[-79.80135389598941,32.88795288840108],[-79.80162883807327,32.88780759174071],[-79.80157291817949,32.88773886129549]]]},"properties":{"area_short":"Park West","area_name":"Park West at Mt. Pleasant","era":"1990s-2000s","county":"Charleston","pid":"5830300247","address":"1646 BRIDWELL LN","owner1":"BALDWIN LARISA","subdivision":"PARK WEST 33B","legal_descr":"Block  Lot 24 GovLot  Tract","tax_district":"2-1","class_code":"120 - RESID-TWH","use_group":"Residential","legal_residence":true,"is_civic_exempt":false,"acres_cal":0.103,"land_appr":120000.0,"imp_appr":416100.0,"appraisal":536100.0,"value_per_acre":5204854.3689320395,"tax_per_acre":51382.322330097086,"est_tax_net":5292.379199999999,"assessment_ratio":0.04,"land_to_imp_ratio":0.2883922134102379,"centroid_lon":-79.80145458783672,"centroid_lat":32.88782508912911}},{"type":"Feature","geometry":{"type":"Polygon","coordinates":[[[-79.80352654225814,32.884097154132206],[-79.80359787429653,32.88421902220528],[-79.80369814055008,32.884265848932884],[-79.80410053380086,32.884052114986865],[-79.80396169423136,32.883866026776744],[-79.80352654225814,32.884097154132206]]]},"properties":{"area_short":"Park West","area_name":"Park West at Mt. Pleasant","era":"1990s-2000s","county":"Charleston","pid":"5830300361","address":"1508 HOPKINS LN","owner1":"HAUFFE DANA MARIE","subdivision":"COVINGTON AT PARK WEST PHASE 2","legal_descr":"Block  Lot 208 GovLot  Tract","tax_district":"2-1","class_code":"101 - RESID-SFR","use_group":"Residential","legal_residence":true,"is_civic_exempt":false,"acres_cal":0.29035548,"land_appr":352600.0,"imp_appr":542400.0,"appraisal":895000.0,"value_per_acre":3082428.4769827663,"tax_per_acre":30429.733924773867,"est_tax_net":8835.44,"assessment_ratio":0.04,"land_to_imp_ratio":0.6500737463126843,"centroid_lon":-79.80381235777172,"centroid_lat":32.88407402567683}},{"type":"Feature","geometry":{"type":"Polygon","coordinates":[[[-79.7832834021806,32.89004013023479],[-79.78331466664841,32.89014686608146],[-79.78371486872072,32.89007635943744],[-79.7836835784865,32.88996962876411],[-79.7832834021806,32.89004013023479]]]},"properties":{"area_short":"Park West","area_name":"Park West at Mt. Pleasant","era":"1990s-2000s","county":"Charleston","pid":"5941300476","address":"1630 MERMENTAU ST","owner1":"PARRADO MEGHAN","subdivision":"PARK WEST 12B","legal_descr":"Lot 31","tax_district":"2-1","class_code":"120 - RESID-TWH","use_group":"Residential","legal_residence":true,"is_civic_exempt":false,"acres_cal":0.23,"land_appr":150800.0,"imp_appr":481700.0,"appraisal":632500.0,"value_per_acre":2750000.0,"tax_per_acre":27147.999999999996,"est_tax_net":6244.039999999999,"assessment_ratio":0.04,"land_to_imp_ratio":0.3130579198671372,"centroid_lon":-79.78349912898969,"centroid_lat":32.89005824673923}},{"type":"Feature","geometry":{"type":"Polygon","coordinates":[[[-79.80380334627758,32.88349376741484],[-79.80382186788624,32.88350231097827],[-79.80386443240894,32.883524710925045],[-79.80390389537955,32.88355220947334],[-79.80393964928116,32.88358438329386],[-79.80397114369657,32.88362073708329],[-79.80427330160462,32.883460213803815],[-79.8042426120569,32.88342036396002],[-79.8041421891663,32.883326370974125],[-79.8039804112526,32.883230865407384],[-79.80394657429677,32.8832811061534],[-79.80380334627758,32.88349376741484]]]},"properties":{"area_short":"Park West","area_name":"Park West at Mt. Pleasant","era":"1990s-2000s","county":"Charleston","pid":"5830300354","address":"1503 HOPKINS LN","owner1":"BERGER HANK","subdivision":"COVINGTON AT PARK WEST PHASE 2","legal_descr":"Block  Lot 201 GovLot  Tract","tax_district":"2-1","class_code":"101 - RESID-SFR","use_group":"Residential","legal_residence":true,"is_civic_exempt":false,"acres_cal":0.24255345,"land_appr":350000.0,"imp_appr":470500.0,"appraisal":820500.0,"value_per_acre":3382759.5525852134,"tax_per_acre":33394.602303121224,"est_tax_net":8099.976,"assessment_ratio":0.04,"land_to_imp_ratio":0.7438894792773645,"centroid_lon":-79.8040271195323,"centroid_lat":32.883433966839334}},{"type":"Feature","geometry":{"type":"MultiPolygon","coordinates":[[[[-79.8026795812847,32.88139379135501],[-79.80264296546412,32.88151251048351],[-79.80257785306202,32.88174507874492],[-79.80260428531035,32.88175072423992],[-79.80278437541725,32.88144016353],[-79.8026795812847,32.88139379135501]]],[[[-79.80416317280945,32.88210230644649],[-79.80414054114296,32.88212207645146],[-79.80414965769813,32.88213030912026],[-79.80415786126751,32.882139451869485],[-79.8041848223871,32.88212402487736],[-79.80442964985184,32.881835197761795],[-79.80476948140424,32.88204185567894],[-79.80513293877839,32.88150217319444],[-79.80519335736807,32.88137442682513],[-79.80485733037324,32.88133057490264],[-79.80470551624917,32.881405116421604],[-79.80447880157173,32.88135377332567],[-79.80439926408563,32.881447604634836],[-79.80419324746185,32.881690643965484],[-79.80440324421224,32.88181909143564],[-79.80416317280945,32.88210230644649]]],[[[-79.80243425563361,32.88218595701499],[-79.80236963910846,32.882353626944685],[-79.80230004894172,32.88251929441083],[-79.80222554709061,32.882682811917014],[-79.80295089992067,32.88300506592062],[-79.80305698393994,32.88283476539066],[-79.80307214148573,32.882810435527375],[-79.80319341687186,32.88261577142575],[-79.80357573113172,32.882792135210074],[-79.80365386472955,32.882671546244],[-79.80326921867163,32.8824940968716],[-79.80323890457078,32.88254275731685],[-79.80303704957288,32.88245325111694],[-79.80286403178874,32.882376530877075],[-79.80269101352077,32.88229981038553],[-79.80254792776665,32.882236362370605],[-79.8025179963455,32.882223089657764],[-79.80269230489337,32.88194554137142],[-79.8026554130694,32.881933355090055],[-79.80261773301852,32.881923882714666],[-79.80253032876497,32.88190507214941],[-79.80248405883528,32.88204611883779],[-79.80243425563361,32.88218595701499]]],[[[-79.80306085333939,32.88387327196387],[-79.8032916651218,32.88397974446925],[-79.80333797653468,32.884184728851565],[-79.80349486044975,32.88395179608234],[-79.80340941963983,32.88382266610518],[-79.80330190272308,32.88369732974294],[-79.80320409031769,32.88365220904222],[-79.80306085333939,32.88387327196387]]],[[[-79.80198774860507,32.885282985831836],[-79.80208470298695,32.88528011833845],[-79.80230261097098,32.885273556089004],[-79.80250474228158,32.88526746918204],[-79.80260928490735,32.8852666345821],[-79.80228660185449,32.88506549353114],[-79.80226836506314,32.885081392888736],[-79.80224790822243,32.8850943113948],[-79.80222571409143,32.88510394418673],[-79.80220230642738,32.88511006394117],[-79.80217823762553,32.88511252623861],[-79.8021540756833,32.88511127297151],[-79.8021303907961,32.88510633371561],[-79.80210774190134,32.88509782503196],[-79.80198774860507,32.885282985831836]]]]},"properties":{"area_short":"Park West","area_name":"Park West at Mt. Pleasant","era":"1990s-2000s","county":"Charleston","pid":"5830300286","address":"0 WAGNER WAY","owner1":"BESSEMER ROAD LLC","subdivision":"COVINGTON AT PARK WEST","legal_descr":"Lot HOA #1 THRU #7","tax_district":"2-1","class_code":"990 - UNDEVELOPABLE","use_group":"Vacant / Other","legal_residence":false,"is_civic_exempt":false,"acres_cal":2.961,"land_appr":1100.0,"imp_appr":0.0,"appraisal":1100.0,"value_per_acre":371.49611617696723,"tax_per_acre":5.501114488348531,"est_tax_net":16.2888,"assessment_ratio":0.06,"land_to_imp_ratio":null,"centroid_lon":-79.80346220094987,"centroid_lat":32.88250054283102}},{"type":"Feature","geometry":{"type":"Polygon","coordinates":[[[-79.77873443710372,32.87739011597495],[-79.77883853442148,32.87745388315384],[-79.77887807296919,32.877479891002515],[-79.77914423630797,32.87722073402665],[-79.77894422581669,32.877080027522894],[-79.77885631654642,32.87722543323358],[-79.77882330674305,32.87727663954832],[-79.77878750448475,32.877325933889665],[-79.778749020248,32.87737316414808],[-79.77873443710372,32.87739011597495]]]},"properties":{"area_short":"Park West","area_name":"Park West at Mt. Pleasant","era":"1990s-2000s","county":"Charleston","pid":"5980000443","address":"1161 PEACEHAVEN ST","owner1":"MILLER JOHN PAUL","subdivision":"THE ABBY AT PARK WEST","legal_descr":"Block  Lot 5 GovLot  Tract","tax_district":"2-1","class_code":"101 - RESID-SFR","use_group":"Residential","legal_residence":true,"is_civic_exempt":false,"acres_cal":6.815,"land_appr":351300.0,"imp_appr":550800.0,"appraisal":902100.0,"value_per_acre":132369.77256052825,"tax_per_acre":1306.7543947175348,"est_tax_net":8905.5312,"assessment_ratio":0.04,"land_to_imp_ratio":0.6377995642701525,"centroid_lon":-79.77893525127303,"centroid_lat":32.8772843974985}},{"type":"Feature","geometry":{"type":"Polygon","coordinates":[[[-79.78048610157042,32.87819580529665],[-79.78074046117453,32.87838040180663],[-79.78078277299242,32.878338492033016],[-79.78052841342098,32.87815389561152],[-79.78048610157042,32.87819580529665]]]},"properties":{"area_short":"Park West","area_name":"Park West at Mt. Pleasant","era":"1990s-2000s","county":"Charleston","pid":"5980000409","address":"3352 EASTMAN DR","owner1":"STANFIELD JAMES CLIFFORD","subdivision":"PARK WEST","legal_descr":"Lot 2","tax_district":"2-1","class_code":"120 - RESID-TWH","use_group":"Residential","legal_residence":true,"is_civic_exempt":false,"acres_cal":0.047,"land_appr":162400.0,"imp_appr":309000.0,"appraisal":471400.0,"value_per_acre":10029787.234042553,"tax_per_acre":99014.05957446808,"est_tax_net":4653.6608,"assessment_ratio":0.04,"land_to_imp_ratio":0.5255663430420712,"centroid_lon":-79.78063443730751,"centroid_lat":32.878267148701646}},{"type":"Feature","geometry":{"type":"Polygon","coordinates":[[[-79.78294512282278,32.88839986065795],[-79.78294119585607,32.88842582042985],[-79.78280758700576,32.8884157182878],[-79.78284507198597,32.88854369455405],[-79.78316551468494,32.888487366334545],[-79.78316337152519,32.88846755771677],[-79.78316439349196,32.88844765972553],[-79.78316855477439,32.88842817490579],[-79.78317575027485,32.888409595367456],[-79.78318579826332,32.88839239035657],[-79.78319844496711,32.888376994404034],[-79.78321337098026,32.88836379635103],[-79.78319575677979,32.888348152611655],[-79.78294512282278,32.88839986065795]]]},"properties":{"area_short":"Park West","area_name":"Park West at Mt. Pleasant","era":"1990s-2000s","county":"Charleston","pid":"5941300502","address":"1600 MERMENTAU ST","owner1":"ALLEN MARGARET F","subdivision":"PARK WEST 12B","legal_descr":"Lot 44","tax_district":"2-1","class_code":"120 - RESID-TWH","use_group":"Residential","legal_residence":true,"is_civic_exempt":false,"acres_cal":0.231,"land_appr":172500.0,"imp_appr":379900.0,"appraisal":552400.0,"value_per_acre":2391341.9913419914,"tax_per_acre":23607.328138528133,"est_tax_net":5453.292799999999,"assessment_ratio":0.04,"land_to_imp_ratio":0.45406685969992105,"centroid_lon":-79.78300770357299,"centroid_lat":32.888449369126}},{"type":"Feature","geometry":{"type":"Polygon","coordinates":[[[-79.79907283047243,32.889297943152094],[-79.79904632634421,32.88923296648577],[-79.79903926308829,32.889221420953106],[-79.79903047315996,32.88921112891402],[-79.7990201750081,32.88920234614812],[-79.79900862456424,32.889195290926274],[-79.7989961088821,32.88919013858614],[-79.79898293900364,32.88918701717459],[-79.79896944222905,32.88918600426551],[-79.79895595398264,32.88918712503191],[-79.79894280947671,32.889190351620286],[-79.7987117709124,32.88925743608351],[-79.79876477872455,32.88938738955573],[-79.79907283047243,32.889297943152094]]]},"properties":{"area_short":"Park West","area_name":"Park West at Mt. Pleasant","era":"1990s-2000s","county":"Charleston","pid":"5941600815","address":"4048 CONANT RD","owner1":"BENES ROBERT","subdivision":"PRESTON AT PARK WEST","legal_descr":"LOT 65","tax_district":"2-1","class_code":"120 - RESID-TWH","use_group":"Residential","legal_residence":true,"is_civic_exempt":false,"acres_cal":0.112,"land_appr":150700.0,"imp_appr":436900.0,"appraisal":587600.0,"value_per_acre":5246428.571428571,"tax_per_acre":51792.74285714285,"est_tax_net":5800.7872,"assessment_ratio":0.04,"land_to_imp_ratio":0.3449301899748226,"centroid_lon":-79.79888898639501,"centroid_lat":32.889280212204916}},{"type":"Feature","geometry":{"type":"Polygon","coordinates":[[[-79.78379768397765,32.891795798382006],[-79.78383751039549,32.89193175383191],[-79.78419209241109,32.89180919679904],[-79.78416667712084,32.89176215108875],[-79.7841499235038,32.89172692848047],[-79.78413695869052,32.891690142213555],[-79.78379768397765,32.891795798382006]]]},"properties":{"area_short":"Park West","area_name":"Park West at Mt. Pleasant","era":"1990s-2000s","county":"Charleston","pid":"5941300470","address":"1660 MERMENTAU ST","owner1":"FARMER MICHELLE","subdivision":"PARK WEST 12B","legal_descr":"Lot 17","tax_district":"2-1","class_code":"120 - RESID-TWH","use_group":"Residential","legal_residence":false,"is_civic_exempt":false,"acres_cal":0.234,"land_appr":151000.0,"imp_appr":481700.0,"appraisal":632700.0,"value_per_acre":2703846.1538461535,"tax_per_acre":40038.55384615384,"est_tax_net":9369.021599999998,"assessment_ratio":0.06,"land_to_imp_ratio":0.31347311604733236,"centroid_lon":-79.78398784956813,"centroid_lat":32.891808470198136}},{"type":"Feature","geometry":{"type":"Polygon","coordinates":[[[-79.7797202827806,32.87869522591523],[-79.77981111785604,32.87900786753092],[-79.77991838673,32.8789855098968],[-79.78000046367593,32.878924288222116],[-79.77985066596369,32.87878044989488],[-79.77981194849657,32.87868150201799],[-79.7797664403416,32.87869053274815],[-79.7797202827806,32.87869522591523]]]},"properties":{"area_short":"Park West","area_name":"Park West at Mt. Pleasant","era":"1990s-2000s","county":"Charleston","pid":"5980000418","address":"3376 EASTMAN DR","owner1":"LEE NORWOOD K","subdivision":"PARK WEST","legal_descr":"Lot 11","tax_district":"2-1","class_code":"120 - RESID-TWH","use_group":"Residential","legal_residence":true,"is_civic_exempt":false,"acres_cal":0.111,"land_appr":165900.0,"imp_appr":348600.0,"appraisal":514500.0,"value_per_acre":4635135.135135135,"tax_per_acre":45758.054054054046,"est_tax_net":5079.143999999999,"assessment_ratio":0.04,"land_to_imp_ratio":0.4759036144578313,"centroid_lon":-79.7798431545018,"centroid_lat":32.87885896042085}},{"type":"Feature","geometry":{"type":"Polygon","coordinates":[[[-79.78318960687129,32.889719922628586],[-79.78322087189787,32.889826658504425],[-79.78362100219891,32.88975616677009],[-79.78358971377119,32.88964943609103],[-79.78318960687129,32.889719922628586]]]},"properties":{"area_short":"Park West","area_name":"Park West at Mt. Pleasant","era":"1990s-2000s","county":"Charleston","pid":"5941300497","address":"1624 MERMENTAU ST","owner1":"RODRIUEZ EVELYN C","subdivision":"PARK WEST 12B","legal_descr":"Lot 34","tax_district":"2-1","class_code":"120 - RESID-TWH","use_group":"Residential","legal_residence":true,"is_civic_exempt":false,"acres_cal":0.23,"land_appr":150800.0,"imp_appr":446100.0,"appraisal":596900.0,"value_per_acre":2595217.3913043477,"tax_per_acre":25619.986086956516,"est_tax_net":5892.596799999999,"assessment_ratio":0.04,"land_to_imp_ratio":0.33804079802734815,"centroid_lon":-79.78340529852011,"centroid_lat":32.8897380465816}},{"type":"Feature","geometry":{"type":"Polygon","coordinates":[[[-79.80153628280713,32.88841844676333],[-79.8015933881021,32.88841903078076],[-79.80224899735666,32.88946760427429],[-79.80227907333223,32.88950526378805],[-79.80231390729153,32.88953857142325],[-79.80235287572053,32.88956693098644],[-79.80239528109983,32.88958983485271],[-79.80244036438998,32.88960687305193],[-79.80248731861799,32.889617740607115],[-79.80253530332182,32.88962224299335],[-79.80258345959433,32.889620299619686],[-79.80260604773927,32.88975101903359],[-79.80261623634999,32.88971197417727],[-79.80261914426734,32.889645771085604],[-79.80263548651648,32.88964739968006],[-79.80264418197935,32.88956425189781],[-79.80264687355763,32.88948069401265],[-79.80264354730477,32.88939715898521],[-79.80264059065716,32.88936419560093],[-79.80243994275294,32.889454301281994],[-79.80242902410393,32.889458157968086],[-79.802417644331,32.88946030079138],[-79.80240607075902,32.889460679414306],[-79.80239457526545,32.88945928494255],[-79.80238342789362,32.88945615013398],[-79.80237289050899,32.889451348629095],[-79.80235956835608,32.88944244085783],[-79.80234787192039,32.88943148542361],[-79.8023381125207,32.88941877392232],[-79.80231914660448,32.88938871074799],[-79.80228853248158,32.88934018314771],[-79.80225791840192,32.88929165487483],[-79.80219898600564,32.889198238972384],[-79.80214055917943,32.88910562360704],[-79.80210994526452,32.88905709529805],[-79.80206658055053,32.88898835548836],[-79.80203596670881,32.888939827826476],[-79.80200535211279,32.88889130014937],[-79.80194692570701,32.88879868402862],[-79.8018885148543,32.888706092645364],[-79.80185790121072,32.88865756493993],[-79.80182728681291,32.88860903721936],[-79.80176886078544,32.88851642101569],[-79.80176128398935,32.88850441057218],[-79.80173663046557,32.88846844424464],[-79.80170783613295,32.88842965671707],[-79.80167324748648,32.88838306582596],[-79.80162425323923,32.88831706942609],[-79.80158966547958,32.88827047785434],[-79.80155507695942,32.88822388693046],[-79.80148906621893,32.88813496693332],[-79.8014230718392,32.88804607100842],[-79.80138848429455,32.88799947938085],[-79.80135389598941,32.88795288840108],[-79.80132460036717,32.887913425318445],[-79.80131820334347,32.88790312883327],[-79.80131352244456,32.887891947209766],[-79.80131067644709,32.88788016417885],[-79.80130973756755,32.88786807873206],[-79.80131072962978,32.88785599753463],[-79.80131362746042,32.88784422714396],[-79.80131835752776,32.887833066230826],[-79.8013247998075,32.88782279800066],[-79.80133279082837,32.88781368300727],[-79.80134212782016,32.88780595254138],[-79.80135257385905,32.88779980276165],[-79.80148232597735,32.88772465087195],[-79.80149353341503,32.88771939777365],[-79.80150546699616,32.88771611275578],[-79.80151778393595,32.88771489017848],[-79.80153013043785,32.88771576515951],[-79.80154215185618,32.8877187125656],[-79.80155350288305,32.887723647734305],[-79.80156385746719,32.88773042890593],[-79.80157291817949,32.88773886129549],[-79.80116310269679,32.88723515713411],[-79.801107126637,32.88716252175648],[-79.80105513161176,32.887086985442686],[-79.80061954168411,32.88733927092643],[-79.80153628280713,32.88841844676333]]]},"properties":{"area_short":"Park West","area_name":"Park West at Mt. Pleasant","era":"1990s-2000s","county":"Charleston","pid":"5830300201","address":"0 BASILDON RD","owner1":"ABBOTTS GLENN AT PARK WEST HOA INC","subdivision":"PARK WEST 33B","legal_descr":"Lot OPEN SPACE/HOA & ACCESS EASEMENT","tax_district":"2-1","class_code":"990 - UNDEVELOPABLE","use_group":"Vacant / Other","legal_residence":false,"is_civic_exempt":false,"acres_cal":1.875,"land_appr":200.0,"imp_appr":0.0,"appraisal":200.0,"value_per_acre":106.66666666666667,"tax_per_acre":1.5795199999999996,"est_tax_net":2.9615999999999993,"assessment_ratio":0.06,"land_to_imp_ratio":null,"centroid_lon":-79.80143351276537,"centroid_lat":32.888067367180916}},{"type":"Feature","geometry":{"type":"Polygon","coordinates":[[[-79.80314553341861,32.89199055194563],[-79.80315320664435,32.89200258120542],[-79.8032122321421,32.892095113451276],[-79.80352700004906,32.89195213733556],[-79.80349385082799,32.89190017129065],[-79.80337469790132,32.89188649889566],[-79.80314553341861,32.89199055194563]]]},"properties":{"area_short":"Park West","area_name":"Park West at Mt. Pleasant","era":"1990s-2000s","county":"Charleston","pid":"5941000877","address":"1815 CHAUNCYS CT","owner1":"LUNN JON R","subdivision":"PARK WEST","legal_descr":"Lot 21","tax_district":"2-1","class_code":"120 - RESID-TWH","use_group":"Residential","legal_residence":true,"is_civic_exempt":false,"acres_cal":0.101,"land_appr":165400.0,"imp_appr":368300.0,"appraisal":533700.0,"value_per_acre":5284158.415841584,"tax_per_acre":52165.21188118811,"est_tax_net":5268.6864,"assessment_ratio":0.04,"land_to_imp_ratio":0.4490904154222102,"centroid_lon":-79.80332843220049,"centroid_lat":32.8919782048011}},{"type":"Feature","geometry":{"type":"Polygon","coordinates":[[[-79.80228853248158,32.88934018314771],[-79.80231914660448,32.88938871074799],[-79.80262332422966,32.88925211157493],[-79.80261033911461,32.88919566779107],[-79.80228853248158,32.88934018314771]]]},"properties":{"area_short":"Park West","area_name":"Park West at Mt. Pleasant","era":"1990s-2000s","county":"Charleston","pid":"5830300225","address":"1698 BRIDWELL LN","owner1":"PURDOM REVOCABLE TRUST","subdivision":"PARK WEST 33B","legal_descr":"Block  Lot 2 GovLot  Tract","tax_district":"2-1","class_code":"120 - RESID-TWH","use_group":"Residential","legal_residence":false,"is_civic_exempt":false,"acres_cal":0.05,"land_appr":147300.0,"imp_appr":354100.0,"appraisal":501400.0,"value_per_acre":10028000.0,"tax_per_acre":148494.62399999998,"est_tax_net":7424.731199999999,"assessment_ratio":0.06,"land_to_imp_ratio":0.4159841852584016,"centroid_lon":-79.8024602330449,"centroid_lat":32.88929392207673}},{"type":"Feature","geometry":{"type":"Polygon","coordinates":[[[-79.77974917360542,32.878242357184206],[-79.77995213442983,32.87843550507216],[-79.78000101332249,32.878399035432466],[-79.77979933775116,32.87820710983186],[-79.77974917360542,32.878242357184206]]]},"properties":{"area_short":"Park West","area_name":"Park West at Mt. Pleasant","era":"1990s-2000s","county":"Charleston","pid":"5980000424","address":"3367 EASTMAN DR","owner1":"STANFORD GEOFFREY","subdivision":"PARK WEST","legal_descr":"Lot 17","tax_district":"2-1","class_code":"120 - RESID-TWH","use_group":"Residential","legal_residence":false,"is_civic_exempt":false,"acres_cal":0.043,"land_appr":149500.0,"imp_appr":308900.0,"appraisal":458400.0,"value_per_acre":10660465.116279071,"tax_per_acre":157860.16744186048,"est_tax_net":6787.9872,"assessment_ratio":0.06,"land_to_imp_ratio":0.4839753965684688,"centroid_lon":-79.77987538840313,"centroid_lat":32.87832102069583}},{"type":"Feature","geometry":{"type":"Polygon","coordinates":[[[-79.80368411222082,32.88290913772251],[-79.80406641240621,32.88308577256592],[-79.80410651695337,32.88302622581141],[-79.8041951874748,32.88289456809413],[-79.8038091250133,32.88271619523332],[-79.80368411222082,32.88290913772251]]]},"properties":{"area_short":"Park West","area_name":"Park West at Mt. Pleasant","era":"1990s-2000s","county":"Charleston","pid":"5830300260","address":"2820 WAGNER WAY","owner1":"HONE FAMILY TRUST","subdivision":"COVINGTON AT PARK WEST","legal_descr":"Block  Lot 12 GovLot  Tract","tax_district":"2-1","class_code":"101 - RESID-SFR","use_group":"Residential","legal_residence":true,"is_civic_exempt":false,"acres_cal":0.247,"land_appr":251700.0,"imp_appr":647300.0,"appraisal":899000.0,"value_per_acre":3639676.113360324,"tax_per_acre":35930.88259109312,"est_tax_net":8874.928,"assessment_ratio":0.04,"land_to_imp_ratio":0.3888459755909161,"centroid_lon":-79.80393881289541,"centroid_lat":32.88290126169473}},{"type":"Feature","geometry":{"type":"Polygon","coordinates":[[[-79.78297700717697,32.88899411968575],[-79.78300827247138,32.88910085561785],[-79.78340823988381,32.88903039758772],[-79.7833769527653,32.88892366686793],[-79.78297700717697,32.88899411968575]]]},"properties":{"area_short":"Park West","area_name":"Park West at Mt. Pleasant","era":"1990s-2000s","county":"Charleston","pid":"5941300479","address":"1610 MERMENTAU ST","owner1":"HOUSTON JAMES DEAN","subdivision":"PARK WEST 12B","legal_descr":"Lot 39","tax_district":"2-1","class_code":"120 - RESID-TWH","use_group":"Residential","legal_residence":true,"is_civic_exempt":false,"acres_cal":0.23,"land_appr":150800.0,"imp_appr":490200.0,"appraisal":641000.0,"value_per_acre":2786956.5217391304,"tax_per_acre":27512.83478260869,"est_tax_net":6327.951999999999,"assessment_ratio":0.04,"land_to_imp_ratio":0.3076295389636883,"centroid_lon":-79.7831926178129,"centroid_lat":32.88901226050517}},{"type":"Feature","geometry":{"type":"Polygon","coordinates":[[[-79.77767494344575,32.877077540563484],[-79.77796175159145,32.87735882366265],[-79.77797439380882,32.87734964514322],[-79.7780466188061,32.87729375689429],[-79.7781152093369,32.877233463563954],[-79.77778637848583,32.876986170829184],[-79.77773704120285,32.87702986653388],[-79.77768496769342,32.87707026247075],[-79.77767494344575,32.877077540563484]]]},"properties":{"area_short":"Park West","area_name":"Park West at Mt. Pleasant","era":"1990s-2000s","county":"Charleston","pid":"5980000431","address":"3419 SALTERBECK ST","owner1":"CALLAHAN KAREN","subdivision":"PARK WEST","legal_descr":"Block  Lot 3 GovLot  Tract","tax_district":"2-1","class_code":"101 - RESID-SFR","use_group":"Residential","legal_residence":true,"is_civic_exempt":false,"acres_cal":0.176,"land_appr":350600.0,"imp_appr":514800.0,"appraisal":865400.0,"value_per_acre":4917045.454545455,"tax_per_acre":48541.07272727272,"est_tax_net":8543.228799999999,"assessment_ratio":0.04,"land_to_imp_ratio":0.681041181041181,"centroid_lon":-79.77789387196954,"centroid_lat":32.87717197700749}},{"type":"Feature","geometry":{"type":"Polygon","coordinates":[[[-79.77721163194326,32.877430175637464],[-79.77755929232838,32.87766828202552],[-79.77761092553214,32.87761878953888],[-79.77766630180038,32.87757352406768],[-79.77736845074546,32.87729273605726],[-79.77731259373819,32.87733434898087],[-79.77726021092545,32.87738025847445],[-79.77721163194326,32.877430175637464]]]},"properties":{"area_short":"Park West","area_name":"Park West at Mt. Pleasant","era":"1990s-2000s","county":"Charleston","pid":"5980000434","address":"3425 SALTERBECK ST","owner1":"MITCHELL JUSTIN D","subdivision":"PARK WEST","legal_descr":"Block  Lot 6 GovLot  Tract","tax_district":"2-1","class_code":"101 - RESID-SFR","use_group":"Residential","legal_residence":true,"is_civic_exempt":false,"acres_cal":0.185,"land_appr":250000.0,"imp_appr":525000.0,"appraisal":775000.0,"value_per_acre":4189189.189189189,"tax_per_acre":41355.67567567567,"est_tax_net":7650.799999999999,"assessment_ratio":0.04,"land_to_imp_ratio":0.47619047619047616,"centroid_lon":-79.77743927882516,"centroid_lat":32.8774814545993}},{"type":"Feature","geometry":{"type":"Polygon","coordinates":[[[-79.80139431458589,32.88376375070762],[-79.80123391084597,32.88370309929996],[-79.80111694239086,32.8837902870204],[-79.80101326401874,32.88383200417845],[-79.80094193490442,32.88391500647384],[-79.8008777408436,32.88400351023227],[-79.80086630175559,32.883931672555946],[-79.8007116036643,32.88399605476787],[-79.80070308047965,32.88404205815506],[-79.80056701135842,32.8842177634845],[-79.80047246765004,32.88423809983976],[-79.80040977875406,32.88434173291833],[-79.80040597954431,32.88442619325151],[-79.80029753131296,32.88460861960954],[-79.80028768986844,32.88467586366886],[-79.80021084620564,32.88474652663728],[-79.80024088957153,32.884890541736624],[-79.80016617539538,32.885035563612945],[-79.80018712553662,32.88512150239973],[-79.80016183378781,32.88521832381187],[-79.8001902686889,32.88531335984054],[-79.80025605174374,32.88541674320351],[-79.8002463100778,32.88549426080937],[-79.80034544360457,32.88566872591826],[-79.80042348313717,32.88575269126876],[-79.80051222163463,32.88580543540546],[-79.80056947775843,32.885855685882795],[-79.8005635577855,32.88594851208604],[-79.80080206140508,32.885942813424094],[-79.80080024202914,32.88586453730496],[-79.80079998949584,32.88583520260307],[-79.80080174290255,32.88570308206591],[-79.80080822285716,32.88557110888317],[-79.8008072554875,32.88556351664816],[-79.80080500352331,32.88555620183485],[-79.80080153336293,32.885549380117816],[-79.80079694732275,32.88554325263285],[-79.80079138062048,32.8855380000466],[-79.80078499738828,32.88553377722963],[-79.8007779858334,32.88553070869015],[-79.80077055268895,32.8855288849029],[-79.80076291711843,32.88552835964157],[-79.80074732721069,32.8858441286689],[-79.80073123494513,32.8858303404276],[-79.80065288767497,32.88583034161623],[-79.80056563957822,32.88575389852689],[-79.80048025631508,32.88570324286628],[-79.80041503289671,32.88563318941582],[-79.80041070104268,32.885625583261366],[-79.80032958934362,32.88548315086136],[-79.80033946315906,32.88540393087584],[-79.80030343981714,32.885347434150326],[-79.80026644409475,32.88528941181753],[-79.80024510543616,32.88521834989201],[-79.8002548260836,32.88518097904564],[-79.80026989180503,32.88512306885532],[-79.80025055511942,32.88504409028154],[-79.80026378908569,32.88501834291756],[-79.80032461461477,32.884899996598335],[-79.80031660258625,32.88486177950495],[-79.80029715431665,32.884769022154615],[-79.80036439484913,32.88470707744881],[-79.80036466830497,32.884705195515075],[-79.80037562489449,32.88462978662814],[-79.80042226869564,32.88455115562144],[-79.80048549022433,32.884444576765375],[-79.80048747887508,32.884399338277284],[-79.80048919332665,32.88436033435162],[-79.80052692512326,32.8842978284814],[-79.80061649282273,32.884278492431974],[-79.80073449623534,32.88412582687212],[-79.8011462667308,32.88411846126443],[-79.80105475440052,32.88440361737648],[-79.80106206654818,32.884401754056064],[-79.80106898366955,32.884398738612774],[-79.80107532555421,32.88439464960735],[-79.80108092697824,32.88438959356987],[-79.80108564200887,32.8843837022243],[-79.80108934780627,32.88437712905673],[-79.80114023049559,32.884259544279466],[-79.80119485175712,32.884143648870996],[-79.80125315558651,32.88402956166139],[-79.80139431458589,32.88376375070762]]]},"properties":{"area_short":"Park West","area_name":"Park West at Mt. Pleasant","era":"1990s-2000s","county":"Charleston","pid":"5830300202","address":"0 BESSEMER","owner1":"CASCADE AT PARK WEST HOMEOWNERS ASSOCIATION INC","subdivision":"PARK WEST","legal_descr":"Lot HOA","tax_district":"2-1","class_code":"990 - UNDEVELOPABLE","use_group":"Vacant / Other","legal_residence":false,"is_civic_exempt":false,"acres_cal":1.462,"land_appr":200.0,"imp_appr":0.0,"appraisal":200.0,"value_per_acre":136.79890560875512,"tax_per_acre":2.0257181942544458,"est_tax_net":2.9615999999999993,"assessment_ratio":0.06,"land_to_imp_ratio":null,"centroid_lon":-79.80072970191242,"centroid_lat":32.88460492690247}},{"type":"Feature","geometry":{"type":"Polygon","coordinates":[[[-79.79917893124158,32.88955805813883],[-79.79914921519192,32.88948520621077],[-79.79884116286085,32.88957465280779],[-79.79886268417567,32.889627413494246],[-79.79887087868357,32.889647504811116],[-79.79917893124158,32.88955805813883]]]},"properties":{"area_short":"Park West","area_name":"Park West at Mt. Pleasant","era":"1990s-2000s","county":"Charleston","pid":"5941600811","address":"4032 CONANT RD","owner1":"PERRY PAIGE F","subdivision":"PRESTON AT PARK WEST","legal_descr":"LOT 61","tax_district":"2-1","class_code":"120 - RESID-TWH","use_group":"Residential","legal_residence":true,"is_civic_exempt":false,"acres_cal":0.064,"land_appr":148100.0,"imp_appr":388700.0,"appraisal":536800.0,"value_per_acre":8387500.0,"tax_per_acre":82801.39999999998,"est_tax_net":5299.289599999999,"assessment_ratio":0.04,"land_to_imp_ratio":0.3810136351942372,"centroid_lon":-79.79901004712549,"centroid_lat":32.88956635545386}},{"type":"Feature","geometry":{"type":"Polygon","coordinates":[[[-79.79998603240755,32.889847409359255],[-79.80003663757161,32.88997146668956],[-79.80011358979044,32.889949122888915],[-79.80014594096,32.889938977181075],[-79.80017626703022,32.88992381594685],[-79.80020379617883,32.88990402505158],[-79.80022782776736,32.88988010818908],[-79.80024775017299,32.88985267406229],[-79.80026305635486,32.8898224208913],[-79.80027335675862,32.88979011864306],[-79.8002783892309,32.88975658943517],[-79.80027695666735,32.88973177142357],[-79.7999746738293,32.88981956040691],[-79.79998603240755,32.889847409359255]]]},"properties":{"area_short":"Park West","area_name":"Park West at Mt. Pleasant","era":"1990s-2000s","county":"Charleston","pid":"5941600781","address":"3671 BAGLEY DR","owner1":"BROOK HOUSE PROPERTIES LLC","subdivision":"PRESTON AT PARK WEST","legal_descr":"LOT 31","tax_district":"2-1","class_code":"120 - RESID-TWH","use_group":"Residential","legal_residence":false,"is_civic_exempt":false,"acres_cal":0.107,"land_appr":150400.0,"imp_appr":439000.0,"appraisal":589400.0,"value_per_acre":5508411.214953271,"tax_per_acre":81568.55327102802,"est_tax_net":8727.835199999998,"assessment_ratio":0.06,"land_to_imp_ratio":0.3425968109339408,"centroid_lon":-79.80012934473378,"centroid_lat":32.88985014530844}},{"type":"Feature","geometry":{"type":"Polygon","coordinates":[[[-79.77956547276194,32.87867812542657],[-79.77953870483468,32.878744343104515],[-79.77962354418169,32.879034194642585],[-79.77968354589942,32.879034455909526],[-79.77974777427436,32.879021069352646],[-79.77965273732735,32.87869406792827],[-79.77960873035977,32.87868814759227],[-79.77956547276194,32.87867812542657]]]},"properties":{"area_short":"Park West","area_name":"Park West at Mt. Pleasant","era":"1990s-2000s","county":"Charleston","pid":"5980000420","address":"3380 EASTMAN DR","owner1":"ISHERWOOD PAUL H","subdivision":"PARK WEST","legal_descr":"Lot 13","tax_district":"2-1","class_code":"120 - RESID-TWH","use_group":"Residential","legal_residence":false,"is_civic_exempt":false,"acres_cal":0.11,"land_appr":165800.0,"imp_appr":348700.0,"appraisal":514500.0,"value_per_acre":4677272.7272727275,"tax_per_acre":69261.05454545454,"est_tax_net":7618.7159999999985,"assessment_ratio":0.06,"land_to_imp_ratio":0.47548035560653856,"centroid_lon":-79.77963827129018,"centroid_lat":32.87886279183306}},{"type":"Feature","geometry":{"type":"Polygon","coordinates":[[[-79.80170783613295,32.88842965671707],[-79.80173663046557,32.88846844424464],[-79.80176128398935,32.88850441057218],[-79.80176886078544,32.88851642101569],[-79.80208867978492,32.888372777035315],[-79.80200654112245,32.888271823138716],[-79.80170783613295,32.88842965671707]]]},"properties":{"area_short":"Park West","area_name":"Park West at Mt. Pleasant","era":"1990s-2000s","county":"Charleston","pid":"5830300238","address":"1666 BRIDWELL LN","owner1":"PROVOST BRIAN","subdivision":"PARK WEST 33B","legal_descr":"Block  Lot 15 GovLot  Tract","tax_district":"2-1","class_code":"120 - RESID-TWH","use_group":"Residential","legal_residence":true,"is_civic_exempt":false,"acres_cal":0.102,"land_appr":150100.0,"imp_appr":408900.0,"appraisal":559000.0,"value_per_acre":5480392.156862745,"tax_per_acre":54102.431372549014,"est_tax_net":5518.447999999999,"assessment_ratio":0.04,"land_to_imp_ratio":0.36708241623868915,"centroid_lon":-79.80189833159852,"centroid_lat":32.888395315132705}},{"type":"Feature","geometry":{"type":"Polygon","coordinates":[[[-79.7799911807887,32.878589781919544],[-79.7801910981595,32.8787820921536],[-79.78028425576478,32.87871260466095],[-79.78008518071098,32.87851964704731],[-79.7799911807887,32.878589781919544]]]},"properties":{"area_short":"Park West","area_name":"Park West at Mt. Pleasant","era":"1990s-2000s","county":"Charleston","pid":"5980000414","address":"3368 EASTMAN DR","owner1":"PAUL JAN L","subdivision":"PARK WEST","legal_descr":"Lot 7","tax_district":"2-1","class_code":"120 - RESID-TWH","use_group":"Residential","legal_residence":true,"is_civic_exempt":false,"acres_cal":0.082,"land_appr":164300.0,"imp_appr":352700.0,"appraisal":517000.0,"value_per_acre":6304878.048780488,"tax_per_acre":62241.75609756097,"est_tax_net":5103.824,"assessment_ratio":0.04,"land_to_imp_ratio":0.46583498724128153,"centroid_lon":-79.7801377776766,"centroid_lat":32.878650884723605}},{"type":"Feature","geometry":{"type":"Polygon","coordinates":[[[-79.80295553093384,32.88187500367863],[-79.80312854135101,32.88195173436699],[-79.80330364515723,32.881669942159895],[-79.80312981388609,32.88159302142054],[-79.80295553093384,32.88187500367863]]]},"properties":{"area_short":"Park West","area_name":"Park West at Mt. Pleasant","era":"1990s-2000s","county":"Charleston","pid":"5830300251","address":"1479 BRIGHTWOOD DR","owner1":"SULLIVAN RICHARD LEE AND JENNIFER ALISON CONLEY 2008 TRUST","subdivision":"COVINGTON AT PARK WEST","legal_descr":"Block  Lot 3 GovLot  Tract","tax_district":"2-1","class_code":"101 - RESID-SFR","use_group":"Residential","legal_residence":true,"is_civic_exempt":false,"acres_cal":0.159,"land_appr":247000.0,"imp_appr":610300.0,"appraisal":857300.0,"value_per_acre":5391823.899371069,"tax_per_acre":53228.085534591184,"est_tax_net":8463.265599999999,"assessment_ratio":0.04,"land_to_imp_ratio":0.40471899066033096,"centroid_lon":-79.80312945163563,"centroid_lat":32.8817723287446}},{"type":"Feature","geometry":{"type":"Polygon","coordinates":[[[-79.79996050143228,32.88978482131355],[-79.7999746738293,32.88981956040691],[-79.80027695666735,32.88973177142357],[-79.80027247537983,32.88970905881666],[-79.80026510628952,32.88968711249674],[-79.80025292777766,32.88965724785868],[-79.7999449455573,32.88974668261388],[-79.79996050143228,32.88978482131355]]]},"properties":{"area_short":"Park West","area_name":"Park West at Mt. Pleasant","era":"1990s-2000s","county":"Charleston","pid":"5941600782","address":"3667 BAGLEY DR","owner1":"ARCHAMBAULT PEGGY R","subdivision":"PRESTON AT PARK WEST","legal_descr":"LOT 32","tax_district":"2-1","class_code":"120 - RESID-TWH","use_group":"Residential","legal_residence":true,"is_civic_exempt":false,"acres_cal":0.064,"land_appr":148100.0,"imp_appr":390400.0,"appraisal":538500.0,"value_per_acre":8414062.5,"tax_per_acre":83063.62499999999,"est_tax_net":5316.071999999999,"assessment_ratio":0.04,"land_to_imp_ratio":0.3793545081967213,"centroid_lon":-79.80011313065603,"centroid_lat":32.889738484031625}},{"type":"Feature","geometry":{"type":"Polygon","coordinates":[[[-79.77788629878376,32.87852696569967],[-79.77796914663337,32.878529993887234],[-79.77805201075265,32.87852744951325],[-79.77813451674005,32.87851934407388],[-79.77807560946881,32.87820301632411],[-79.77804331415872,32.87820661300983],[-79.77798057105575,32.87820975115282],[-79.77791777792433,32.878207862354806],[-79.77788629878376,32.87852696569967]]]},"properties":{"area_short":"Park West","area_name":"Park West at Mt. Pleasant","era":"1990s-2000s","county":"Charleston","pid":"5980000458","address":"3369 STOCKDALE ST","owner1":"KABRAN MICHAEL","subdivision":"THE ABBY AT PARK WEST","legal_descr":"Block  Lot 20 GovLot  Tract","tax_district":"2-1","class_code":"101 - RESID-SFR","use_group":"Residential","legal_residence":true,"is_civic_exempt":false,"acres_cal":6.815,"land_appr":350100.0,"imp_appr":449900.0,"appraisal":800000.0,"value_per_acre":117388.11445341159,"tax_per_acre":1158.8554658840792,"est_tax_net":7897.599999999999,"assessment_ratio":0.04,"land_to_imp_ratio":0.7781729273171816,"centroid_lon":-79.77800418152549,"centroid_lat":32.878379143624805}},{"type":"Feature","geometry":{"type":"Polygon","coordinates":[[[-79.77842067167602,32.877106023955314],[-79.77841443966554,32.87711697889166],[-79.77841013983051,32.877128826254385],[-79.77840789478506,32.87714122820406],[-79.77840776854889,32.87715383108664],[-79.77840976472177,32.87716627551827],[-79.77841382638081,32.8771782066335],[-79.77841983770374,32.877189284204604],[-79.77842762727163,32.87719919234352],[-79.77843697295717,32.87720764850972],[-79.77844760825872,32.87721441156714],[-79.77868171549444,32.87735782051168],[-79.77869629782735,32.877340870678765],[-79.77873287525692,32.877295982612154],[-79.7787669037116,32.87724913273328],[-79.77879827818876,32.87720046560823],[-79.77845677918005,32.87705125993094],[-79.77842067167602,32.877106023955314]]]},"properties":{"area_short":"Park West","area_name":"Park West at Mt. Pleasant","era":"1990s-2000s","county":"Charleston","pid":"5980000442","address":"3420 SALTERBECK ST","owner1":"SCOLNICK JEEFREY G","subdivision":"THE ABBY AT PARK WEST","legal_descr":"Block  Lot 4 GovLot  Tract","tax_district":"2-1","class_code":"101 - RESID-SFR","use_group":"Residential","legal_residence":true,"is_civic_exempt":false,"acres_cal":6.815,"land_appr":349400.0,"imp_appr":520100.0,"appraisal":869500.0,"value_per_acre":127586.20689655171,"tax_per_acre":1259.5310344827585,"est_tax_net":8583.704,"assessment_ratio":0.04,"land_to_imp_ratio":0.671793885791194,"centroid_lon":-79.77859212732967,"centroid_lat":32.87720055505923}},{"type":"Feature","geometry":{"type":"Polygon","coordinates":[[[-79.80482059237377,32.878844176310075],[-79.80516983885516,32.8789923245145],[-79.80521169741844,32.87892206298675],[-79.80524421900846,32.878861387223175],[-79.80527098802396,32.8787979630802],[-79.80489762642168,32.87870029202412],[-79.80488174527751,32.87873791911298],[-79.80486245113826,32.87877391556761],[-79.80482059237377,32.878844176310075]]]},"properties":{"area_short":"Park West","area_name":"Park West at Mt. Pleasant","era":"1990s-2000s","county":"Charleston","pid":"5830300187","address":"2584 LARCH LN","owner1":"MACKIE ROBERT H","subdivision":"PARK WEST","legal_descr":"LOT 2","tax_district":"2-1","class_code":"101 - RESID-SFR","use_group":"Residential","legal_residence":true,"is_civic_exempt":false,"acres_cal":0.186,"land_appr":207800.0,"imp_appr":613100.0,"appraisal":820900.0,"value_per_acre":4413440.860215054,"tax_per_acre":43569.48817204301,"est_tax_net":8103.9248,"assessment_ratio":0.04,"land_to_imp_ratio":0.33893328983852555,"centroid_lon":-79.80505133700764,"centroid_lat":32.87883771033045}},{"type":"Feature","geometry":{"type":"Polygon","coordinates":[[[-79.78343972764094,32.89057381008547],[-79.78346857890273,32.89067229959511],[-79.78387478,32.89062183370897],[-79.7838400256842,32.89050328267741],[-79.78343972764094,32.89057381008547]]]},"properties":{"area_short":"Park West","area_name":"Park West at Mt. Pleasant","era":"1990s-2000s","county":"Charleston","pid":"5941300493","address":"1640 MERMENTAU ST","owner1":"C DAWN FAMILY TRUST","subdivision":"PARK WEST 12B","legal_descr":"Lot 26","tax_district":"2-1","class_code":"120 - RESID-TWH","use_group":"Residential","legal_residence":true,"is_civic_exempt":false,"acres_cal":0.243,"land_appr":151200.0,"imp_appr":458500.0,"appraisal":609700.0,"value_per_acre":2509053.497942387,"tax_per_acre":24769.37613168724,"est_tax_net":6018.9583999999995,"assessment_ratio":0.04,"land_to_imp_ratio":0.3297709923664122,"centroid_lon":-79.78366199147216,"centroid_lat":32.890591874897474}},{"type":"Feature","geometry":{"type":"Polygon","coordinates":[[[-79.78322087189787,32.889826658504425],[-79.78325213621261,32.88993339436532],[-79.78365229149158,32.889862897449866],[-79.78362100219891,32.88975616677009],[-79.78322087189787,32.889826658504425]]]},"properties":{"area_short":"Park West","area_name":"Park West at Mt. Pleasant","era":"1990s-2000s","county":"Charleston","pid":"5941300477","address":"1626 MERMENTAU ST","owner1":"LI XIU ZHU","subdivision":"PARK WEST 12B","legal_descr":"Lot 33","tax_district":"2-1","class_code":"120 - RESID-TWH","use_group":"Residential","legal_residence":true,"is_civic_exempt":false,"acres_cal":0.23,"land_appr":150800.0,"imp_appr":465400.0,"appraisal":616200.0,"value_per_acre":2679130.4347826084,"tax_per_acre":26448.37565217391,"est_tax_net":6083.126399999999,"assessment_ratio":0.04,"land_to_imp_ratio":0.3240223463687151,"centroid_lon":-79.78343657538244,"centroid_lat":32.88984477987334}},{"type":"Feature","geometry":{"type":"Polygon","coordinates":[[[-79.77891752874461,32.878019810027986],[-79.77904961466703,32.87832000647779],[-79.77914380988537,32.878288124254546],[-79.77923643816578,32.87825194115096],[-79.77906816584365,32.87796492239739],[-79.77899347945606,32.87799410115803],[-79.77891752874461,32.878019810027986]]]},"properties":{"area_short":"Park West","area_name":"Park West at Mt. Pleasant","era":"1990s-2000s","county":"Charleston","pid":"5980000452","address":"3345 STOCKDALE ST","owner1":"ABRAMOV OLEG","subdivision":"THE ABBY AT PARK WEST","legal_descr":"Block  Lot 14 GovLot  Tract","tax_district":"2-1","class_code":"101 - RESID-SFR","use_group":"Residential","legal_residence":true,"is_civic_exempt":false,"acres_cal":6.815,"land_appr":349200.0,"imp_appr":419000.0,"appraisal":768200.0,"value_per_acre":112721.93690388848,"tax_per_acre":1112.790961115187,"est_tax_net":7583.670399999999,"assessment_ratio":0.04,"land_to_imp_ratio":0.8334128878281623,"centroid_lon":-79.77907109693112,"centroid_lat":32.87814534786752}},{"type":"Feature","geometry":{"type":"MultiPolygon","coordinates":[[[[-79.80349385082799,32.89190017129065],[-79.80352700004906,32.89195213733556],[-79.80357029260493,32.89202000578474],[-79.80360422922764,32.892073206859045],[-79.80363819677909,32.89212645545752],[-79.80368148950801,32.892194323868345],[-79.80375045915484,32.8923024436465],[-79.80343305303249,32.89244661328887],[-79.80352152224664,32.89259401558924],[-79.80353049803952,32.89260646923107],[-79.8035412413904,32.892617434561174],[-79.8035535088859,32.89262666313674],[-79.80356074949225,32.892630776870064],[-79.8035685519411,32.89263368736387],[-79.80357671782713,32.892635320608385],[-79.80358503950332,32.89263563507249],[-79.80359330536113,32.89263462275981],[-79.8036013052114,32.892632309412036],[-79.80360883562916,32.892628753854346],[-79.80361570512649,32.89262404649959],[-79.8036217390217,32.89261830704918],[-79.80362678388128,32.892611681449296],[-79.80363071142159,32.89260433817962],[-79.80366092990846,32.89251415294327],[-79.80369572834189,32.89242563400272],[-79.8037350153556,32.892339013772066],[-79.80377868779814,32.892254519680165],[-79.80379953194435,32.89221650013168],[-79.80383984834401,32.89213643765729],[-79.8038742467614,32.89205365987785],[-79.80390254570806,32.891968603534735],[-79.8035431014176,32.89195940065851],[-79.80346432343728,32.891826869257066],[-79.80332301653799,32.8918117603564],[-79.80312596188618,32.89185951151975],[-79.80319873583402,32.89154100395183],[-79.80325460667319,32.89146554200916],[-79.80321404868947,32.89139063735792],[-79.80340584820297,32.8914159933473],[-79.80344332533531,32.891315118581126],[-79.80316984127616,32.89087748572413],[-79.80302959659802,32.8908035540786],[-79.80278704235968,32.89079786404132],[-79.80262266589496,32.890934426071794],[-79.80265239523209,32.89096022181949],[-79.80269515737444,32.89102012186383],[-79.80261232546384,32.89101551965916],[-79.80254809144711,32.891083080370834],[-79.80251366744135,32.89114478105146],[-79.80255817884354,32.891167562796156],[-79.80253628895328,32.89121803509994],[-79.80251498965848,32.89126161468019],[-79.80261261435,32.89135740105049],[-79.80258898139732,32.89138902084283],[-79.80262978884448,32.89143400850603],[-79.80270667872459,32.8914856679287],[-79.80264913987075,32.89150272891374],[-79.80259447691107,32.89155266466173],[-79.80258026657128,32.891606596766444],[-79.80256270623381,32.89157697312172],[-79.80246481193956,32.89153295005516],[-79.80251048717952,32.891469685647586],[-79.80246805945846,32.89139886364187],[-79.80242397492698,32.89133334331639],[-79.80231943340162,32.89138069377975],[-79.80226689368664,32.891353603211705],[-79.80220088993889,32.89131009465909],[-79.80208459609503,32.891340680479445],[-79.80206033301009,32.89135112022214],[-79.80217346491166,32.891484772693104],[-79.8022836411517,32.89162087194467],[-79.80239080882765,32.89175935262699],[-79.80251294265801,32.89170321801741],[-79.80269901952235,32.89164356058629],[-79.80276578952524,32.89165277813627],[-79.8027706099713,32.89163690747796],[-79.80277774060123,32.8916219318774],[-79.80278702232361,32.891608185455134],[-79.80279824805397,32.89159597490751],[-79.80281116733511,32.89158557266398],[-79.802825491925,32.891577210808954],[-79.80281140287707,32.89154715147169],[-79.80281539800404,32.89125630625745],[-79.80298918266512,32.89125800201451],[-79.80306167926352,32.89125870979422],[-79.80311393284839,32.89134232695012],[-79.80305705102188,32.89159125310878],[-79.80300721664406,32.891615536175024],[-79.80301523932495,32.89162920505674],[-79.80302089772263,32.891644009929976],[-79.80302403685593,32.891659545295376],[-79.8030245707453,32.89167538564569],[-79.80302248476768,32.89169109712027],[-79.80301783605718,32.89170624938831],[-79.80301075194005,32.89172042743544],[-79.80300142644732,32.891733242930805],[-79.80299807326085,32.891737924423445],[-79.80299549933207,32.891743075648876],[-79.80299376892269,32.89174856799958],[-79.80299292523482,32.891754264351356],[-79.80299298933227,32.89176002248685],[-79.80299395961477,32.891765698646175],[-79.80299581185787,32.8917711511161],[-79.80299849981773,32.89177624376812],[-79.80304289198332,32.89184611021228],[-79.80314553341861,32.89199055194563],[-79.80337469790132,32.89188649889566],[-79.80349385082799,32.89190017129065]]],[[[-79.80355276141667,32.89291137403393],[-79.80322614030698,32.89306654663323],[-79.80335828608449,32.89330432919937],[-79.80348591334858,32.893544567282795],[-79.80360897648903,32.893787175029445],[-79.80372743152665,32.8940320657384],[-79.80384123612907,32.89427915189289],[-79.80378030422443,32.8941354919075],[-79.80372585181487,32.89398925298142],[-79.80367798765542,32.893840727190245],[-79.80363680734271,32.893690211176974],[-79.80360239312411,32.893538005559584],[-79.80357481373338,32.893384414330626],[-79.80356283437975,32.89329064886456],[-79.80355597018873,32.89319637081609],[-79.80355424146192,32.89310185902295],[-79.80355765331225,32.89300739301415],[-79.80356619564877,32.892913252183334],[-79.80357984320658,32.892819714962364],[-79.80358034839361,32.89281359552225],[-79.80357979286023,32.89280748044712],[-79.80357819318502,32.89280155222644],[-79.80357559710633,32.89279598777348],[-79.80355276141667,32.89291137403393]]]]},"properties":{"area_short":"Park West","area_name":"Park West at Mt. Pleasant","era":"1990s-2000s","county":"Charleston","pid":"5941000832","address":"0 PARK WEST BLVD","owner1":"WYNDHAM PARK AT PARK WEST HOMEOWNERS ASSOCIATION INC","subdivision":"PARK WEST","legal_descr":"PARCEL 31-B","tax_district":"2-1","class_code":"742 - HOA-PROP","use_group":"Institutional / Civic","legal_residence":false,"is_civic_exempt":false,"acres_cal":2.35,"land_appr":1165.0,"imp_appr":0.0,"appraisal":1165.0,"value_per_acre":495.74468085106383,"tax_per_acre":7.340987234042552,"est_tax_net":17.251319999999996,"assessment_ratio":0.06,"land_to_imp_ratio":null,"centroid_lon":-79.80307109976086,"centroid_lat":32.89178060934368}},{"type":"Feature","geometry":{"type":"Polygon","coordinates":[[[-79.77965672539476,32.875522457548136],[-79.77965347976308,32.8755226853139],[-79.77965025114082,32.87552304962248],[-79.77964704821703,32.875523549230174],[-79.77964387967158,32.87552418355803],[-79.7796407518382,32.875524950673615],[-79.77963767419432,32.87552584934088],[-79.77963465310161,32.875526875631785],[-79.77963169645157,32.8755280289597],[-79.77962881139425,32.875529305404555],[-79.77962600664665,32.875530701726895],[-79.77962328698467,32.87553221464824],[-79.77962066113477,32.875533840264104],[-79.77961813467033,32.875535574638604],[-79.77961571396236,32.8755374131786],[-79.77961340537257,32.875539351956064],[-79.7796112145024,32.875541385039675],[-79.77960914613695,32.87554350848577],[-79.7790071747332,32.876193598607784],[-79.77900501343328,32.87619593864991],[-79.7790030161059,32.876198110026166],[-79.77900102424952,32.87620028478315],[-79.77899903785479,32.876202463585976],[-79.7789970577193,32.87620464577736],[-79.77899508226662,32.87620683134158],[-79.77899311228487,32.876209020286495],[-79.77899114776483,32.87621121327723],[-79.77898918951333,32.876213408991426],[-79.77898723593522,32.876215608743586],[-79.77898528782815,32.8762178118764],[-79.77898334519205,32.876220018389944],[-79.77898140880592,32.87622222895722],[-79.77897947712113,32.87622444156703],[-79.77897755089799,32.87622665822273],[-79.77897563093416,32.87622887826696],[-79.77897371643198,32.876231102357025],[-79.77897180662184,32.87623332915479],[-79.77896990307096,32.876235559341104],[-79.77896800498175,32.87623779357328],[-79.77896611237284,32.87624003052098],[-79.77896422602316,32.87624227085729],[-79.77896234435626,32.87624451456638],[-79.77896046893925,32.87624676232926],[-79.77895859821434,32.876249012799796],[-79.77895673453693,32.87625126666677],[-79.77895487476329,32.87625352323358],[-79.77895302202782,32.87625578386195],[-79.77895117397513,32.87625804786315],[-79.77894933219099,32.876260314587775],[-79.77894749508961,32.87626258468525],[-79.77894566503569,32.876264858179205],[-79.77894384045278,32.876267135053816],[-79.77894202135018,32.876269414643986],[-79.77894020770928,32.876271698279986],[-79.77893839953931,32.87627398529673],[-79.77893659764727,32.876276274371726],[-79.77893480121688,32.876278567492584],[-79.77893301026684,32.87628086332902],[-79.77893122557604,32.87628316255401],[-79.7789294463562,32.87628546515971],[-79.77892767261667,32.87628777048094],[-79.77892590513639,32.876290079190795],[-79.77892414391539,32.87629239128918],[-79.77892238659817,32.87629470608742],[-79.77892063632844,32.876297024282124],[-79.778918891539,32.87629934519232],[-79.77891715222061,32.87630166948327],[-79.77891541916144,32.87630399716278],[-79.77891369237082,32.87630632756571],[-79.77891197106054,32.87630866068424],[-79.77891025522128,32.876310997183396],[-79.77890854564117,32.87631333707123],[-79.77890684154144,32.87631567967459],[-79.77890514371025,32.87631802500134],[-79.7789034513501,32.876320373708836],[-79.77890176524916,32.87632272580487],[-79.77890008542607,32.87632507995921],[-79.77889840948824,32.87632743814368],[-79.77889674140468,32.87632979840215],[-79.77889507800398,32.87633216203353],[-79.77889342166003,32.87633452839613],[-79.77889176999885,32.876336898131626],[-79.77889012540376,32.876339269933226],[-79.77888848627971,32.87634164511556],[-79.77888685262663,32.87634402367859],[-79.77888522524213,32.876346404965076],[-79.77888360412622,32.87634878897499],[-79.77888198849058,32.876351175700464],[-79.77888037912352,32.876353565149365],[-79.77887877601569,32.87635595798685],[-79.7788771783882,32.8763583535399],[-79.77887558624106,32.87636075180853],[-79.77887400115068,32.87636315280847],[-79.77887242154063,32.87636555652392],[-79.77887084819913,32.87636796296284],[-79.77886928032868,32.87637037278249],[-79.77886771873607,32.87637278466038],[-79.7788661634027,32.8763751999269],[-79.77886461434724,32.87637761725169],[-79.77886306997456,32.87638003794934],[-79.77886153265864,32.876382461378284],[-79.7788600016113,32.876384887530655],[-79.77885847605359,32.8763873157334],[-79.77885695675518,32.876389747324815],[-79.77885544372528,32.87639218163961],[-79.7788539369733,32.87639461801273],[-79.77885243569229,32.87639705776654],[-79.7788509406892,32.87639949957866],[-79.77884945194535,32.87640194477937],[-79.77884796947939,32.87640439203834],[-79.7786899999915,32.87666581745306],[-79.7789420576083,32.87677432698168],[-79.7790234591387,32.87682802354579],[-79.77907573445628,32.876862507033415],[-79.77941648350416,32.87708728037749],[-79.77950061678737,32.877142531894556],[-79.78053258481685,32.876082556060666],[-79.7797006109024,32.87553399431827],[-79.77969685392101,32.875531723018],[-79.77969410671543,32.87553024675855],[-79.77969127587714,32.87552888807779],[-79.7796883676562,32.875527651029465],[-79.77968538991628,32.87552653702229],[-79.77968234968624,32.87552555078304],[-79.77967925482983,32.8755246937205],[-79.77967611319208,32.875523968573866],[-79.77967293264597,32.87552337608671],[-79.7796697210366,32.87552291899819],[-79.7796664870251,32.87552259805987],[-79.77966323690805,32.87552241399966],[-79.77965998014423,32.87552236691197],[-79.77965672539476,32.875522457548136]]]},"properties":{"area_short":"Park West","area_name":"Park West at Mt. Pleasant","era":"1990s-2000s","county":"Charleston","pid":"5980000061","address":"3400 SALTERBECK ST","owner1":"BLUE STEEL HOLDINGS LLC","subdivision":null,"legal_descr":"UNIT 101; PARK WEST PEDIATRICS","tax_district":"2-1","class_code":"250 - SPCLTY-COMMCONDO","use_group":"Specialty / condo","legal_residence":false,"is_civic_exempt":false,"acres_cal":3.846,"land_appr":95000.0,"imp_appr":600000.0,"appraisal":695000.0,"value_per_acre":180707.22828913157,"tax_per_acre":2675.9126365054594,"est_tax_net":10291.559999999998,"assessment_ratio":0.06,"land_to_imp_ratio":0.15833333333333333,"centroid_lon":-79.77959101322755,"centroid_lat":32.87632354037209}},{"type":"Feature","geometry":{"type":"Polygon","coordinates":[[[-79.79973769956787,32.88923861641987],[-79.79973000080301,32.889219730771615],[-79.79971437631107,32.88918143636999],[-79.79940632159953,32.889270890999086],[-79.79942964547578,32.88932807045054],[-79.79973769956787,32.88923861641987]]]},"properties":{"area_short":"Park West","area_name":"Park West at Mt. Pleasant","era":"1990s-2000s","county":"Charleston","pid":"5941600801","address":"4041 CONANT RD","owner1":"HAUSER ANDREW J","subdivision":"PRESTON AT PARK WEST","legal_descr":"LOT 51","tax_district":"2-1","class_code":"120 - RESID-TWH","use_group":"Residential","legal_residence":true,"is_civic_exempt":false,"acres_cal":0.051,"land_appr":147300.0,"imp_appr":383400.0,"appraisal":530700.0,"value_per_acre":10405882.352941178,"tax_per_acre":102726.8705882353,"est_tax_net":5239.0704,"assessment_ratio":0.04,"land_to_imp_ratio":0.3841940532081377,"centroid_lon":-79.79957201192312,"centroid_lat":32.88925475322634}},{"type":"Feature","geometry":{"type":"Polygon","coordinates":[[[-79.80269101352077,32.88229981038553],[-79.80286403178874,32.882376530877075],[-79.80306769351505,32.88211096114163],[-79.80289468282638,32.88203423103149],[-79.80269101352077,32.88229981038553]]]},"properties":{"area_short":"Park West","area_name":"Park West at Mt. Pleasant","era":"1990s-2000s","county":"Charleston","pid":"5830300284","address":"1478 BRIGHTWOOD DR","owner1":"CASSIDY MAGGIE LEIGH","subdivision":"COVINGTON AT PARK WEST","legal_descr":"Block  Lot 36 GovLot  Tract","tax_district":"2-1","class_code":"101 - RESID-SFR","use_group":"Residential","legal_residence":false,"is_civic_exempt":false,"acres_cal":0.158,"land_appr":262200.0,"imp_appr":661900.0,"appraisal":924100.0,"value_per_acre":5848734.17721519,"tax_per_acre":86608.05569620251,"est_tax_net":13684.072799999998,"assessment_ratio":0.06,"land_to_imp_ratio":0.3961323462758725,"centroid_lon":-79.80287935487205,"centroid_lat":32.882205383145106}},{"type":"Feature","geometry":{"type":"Polygon","coordinates":[[[-79.80239080882765,32.89175935262699],[-79.80245795745651,32.891854157282474],[-79.80277346583198,32.89171149102786],[-79.80276802566789,32.89169746635781],[-79.80276488962954,32.89168275404939],[-79.80276413784573,32.891667730016096],[-79.80276578952524,32.89165277813627],[-79.80269901952235,32.89164356058629],[-79.80251294265801,32.89170321801741],[-79.80239080882765,32.89175935262699]]]},"properties":{"area_short":"Park West","area_name":"Park West at Mt. Pleasant","era":"1990s-2000s","county":"Charleston","pid":"5941000874","address":"1800 CHAUNCYS CT","owner1":"LAMANNA BENJAMIN H III","subdivision":"PARK WEST","legal_descr":"Lot 18","tax_district":"2-1","class_code":"120 - RESID-TWH","use_group":"Residential","legal_residence":false,"is_civic_exempt":false,"acres_cal":0.097,"land_appr":165100.0,"imp_appr":368400.0,"appraisal":533500.0,"value_per_acre":5500000.0,"tax_per_acre":81443.99999999999,"est_tax_net":7900.067999999999,"assessment_ratio":0.06,"land_to_imp_ratio":0.44815418023887077,"centroid_lon":-79.80258122380631,"centroid_lat":32.89173960562476}},{"type":"Feature","geometry":{"type":"Polygon","coordinates":[[[-79.79990944036173,32.88965964654506],[-79.79992162277131,32.889689505934726],[-79.80022960405277,32.88960006923542],[-79.80020628036758,32.88954288994283],[-79.79989829614736,32.88963232389167],[-79.79990944036173,32.88965964654506]]]},"properties":{"area_short":"Park West","area_name":"Park West at Mt. Pleasant","era":"1990s-2000s","county":"Charleston","pid":"5941600784","address":"3659 BAGLEY DR","owner1":"BANNEROT ELISABETH","subdivision":"PRESTON AT PARK WEST","legal_descr":"LOT 34","tax_district":"2-1","class_code":"120 - RESID-TWH","use_group":"Residential","legal_residence":true,"is_civic_exempt":false,"acres_cal":0.05,"land_appr":147300.0,"imp_appr":383400.0,"appraisal":530700.0,"value_per_acre":10614000.0,"tax_per_acre":104781.40799999998,"est_tax_net":5239.0704,"assessment_ratio":0.04,"land_to_imp_ratio":0.3841940532081377,"centroid_lon":-79.80006394900133,"centroid_lat":32.88961619775431}},{"type":"Feature","geometry":{"type":"Polygon","coordinates":[[[-79.80436736642152,32.87859636635516],[-79.80470332376053,32.87873889664959],[-79.80471874425378,32.87871301251845],[-79.80473821242049,32.878675287740705],[-79.80475207293497,32.87863516225617],[-79.80476003962083,32.87859346453096],[-79.80476194799084,32.87855105549306],[-79.80475775864312,32.878508810756855],[-79.80474755807462,32.878467602544404],[-79.80438144373753,32.87845696944135],[-79.80437219188846,32.878589417854116],[-79.80436736642152,32.87859636635516]]]},"properties":{"area_short":"Park West","area_name":"Park West at Mt. Pleasant","era":"1990s-2000s","county":"Charleston","pid":"5830300192","address":"2581 LARCH LN","owner1":"SANTORA JACOB A","subdivision":"PARK WEST","legal_descr":"LOT 7 TRACT 38A","tax_district":"2-1","class_code":"101 - RESID-SFR","use_group":"Residential","legal_residence":true,"is_civic_exempt":false,"acres_cal":0.205,"land_appr":200000.0,"imp_appr":745000.0,"appraisal":945000.0,"value_per_acre":4609756.097560976,"tax_per_acre":45507.51219512195,"est_tax_net":9329.039999999999,"assessment_ratio":0.04,"land_to_imp_ratio":0.2684563758389262,"centroid_lon":-79.8045823192356,"centroid_lat":32.878571278642134}},{"type":"Feature","geometry":{"type":"Polygon","coordinates":[[[-79.80355909888428,32.883102079421796],[-79.80344502324263,32.88327813908278],[-79.80344183708145,32.883284349304546],[-79.80343969207514,32.8832909913995],[-79.80343864416284,32.88329789214998],[-79.80343872067282,32.88330487159291],[-79.80343991960976,32.88331174771301],[-79.8034422097069,32.88331834118952],[-79.8034455312413,32.8833244800727],[-79.80344979759144,32.88333000426802],[-79.80345489749615,32.88333476971126],[-79.80346069795621,32.88333865212553],[-79.80346704770274,32.88334155026225],[-79.80380334627758,32.88349376741484],[-79.80394657429677,32.8832811061534],[-79.80355909888428,32.883102079421796]]]},"properties":{"area_short":"Park West","area_name":"Park West at Mt. Pleasant","era":"1990s-2000s","county":"Charleston","pid":"5830300262","address":"2828 WAGNER WAY","owner1":"MUNIZ ALEJANDRO","subdivision":"COVINGTON AT PARK WEST","legal_descr":"Block  Lot 14 GovLot  Tract","tax_district":"2-1","class_code":"101 - RESID-SFR","use_group":"Residential","legal_residence":true,"is_civic_exempt":false,"acres_cal":0.271,"land_appr":275000.0,"imp_appr":800000.0,"appraisal":1075000.0,"value_per_acre":3966789.6678966787,"tax_per_acre":39160.147601476005,"est_tax_net":10612.399999999998,"assessment_ratio":0.04,"land_to_imp_ratio":0.34375,"centroid_lon":-79.80368282146448,"centroid_lat":32.8832986343315}},{"type":"Feature","geometry":{"type":"Polygon","coordinates":[[[-79.77749423041023,32.87799299195026],[-79.77745974316186,32.87803963137525],[-79.77729334304081,32.8782646643018],[-79.77728907891156,32.87827165220599],[-79.77728600639085,32.878279239907855],[-79.77728420707597,32.8782872258999],[-79.77728372875153,32.878295398097215],[-79.77728458412045,32.878303539469776],[-79.7772867504666,32.87831143380619],[-79.77729017025808,32.87831887145565],[-79.77729475267508,32.878325654895605],[-79.77730037602178,32.87833160397745],[-79.77730689095836,32.878336560710714],[-79.77731412446683,32.878340393458856],[-79.77742099329824,32.878396661029896],[-79.7776218797019,32.87812499444461],[-79.77765636687862,32.87807835630392],[-79.77749423041023,32.87799299195026]]]},"properties":{"area_short":"Park West","area_name":"Park West at Mt. Pleasant","era":"1990s-2000s","county":"Charleston","pid":"5980000461","address":"3381 STOCKDALE ST","owner1":"CHRISTOPHER SHERESA","subdivision":"THE ABBY AT PARK WEST","legal_descr":"Block  Lot 23 GovLot  Tract","tax_district":"2-1","class_code":"101 - RESID-SFR","use_group":"Residential","legal_residence":false,"is_civic_exempt":false,"acres_cal":6.815,"land_appr":350900.0,"imp_appr":436200.0,"appraisal":787100.0,"value_per_acre":115495.23110785033,"tax_per_acre":1710.2533822450475,"est_tax_net":11655.3768,"assessment_ratio":0.06,"land_to_imp_ratio":0.8044475011462632,"centroid_lon":-79.77745954646976,"centroid_lat":32.878193618113066}},{"type":"Feature","geometry":{"type":"Polygon","coordinates":[[[-79.80197343426126,32.88457295119578],[-79.8023186472792,32.88473223394127],[-79.80244732263878,32.88453364946076],[-79.80209834016797,32.884372629866625],[-79.80204356871893,32.884460376217106],[-79.80197343426126,32.88457295119578]]]},"properties":{"area_short":"Park West","area_name":"Park West at Mt. Pleasant","era":"1990s-2000s","county":"Charleston","pid":"5830300271","address":"2859 WAGNER WAY","owner1":"GEDDIS BENJAMIN","subdivision":"COVINGTON AT PARK WEST","legal_descr":"Block  Lot 23 GovLot  Tract","tax_district":"2-1","class_code":"101 - RESID-SFR","use_group":"Residential","legal_residence":true,"is_civic_exempt":false,"acres_cal":0.23,"land_appr":250800.0,"imp_appr":753500.0,"appraisal":1004300.0,"value_per_acre":4366521.739130435,"tax_per_acre":43106.302608695645,"est_tax_net":9914.449599999998,"assessment_ratio":0.04,"land_to_imp_ratio":0.33284671532846716,"centroid_lon":-79.80220953973877,"centroid_lat":32.88455268023026}},{"type":"Feature","geometry":{"type":"Polygon","coordinates":[[[-79.8018147706924,32.884827952478624],[-79.80152355266141,32.88529671323028],[-79.80184555956191,32.88528719092282],[-79.80198774860507,32.885282985831836],[-79.80210774190134,32.88509782503196],[-79.80209167917701,32.88509049483685],[-79.80207700590775,32.88508067454957],[-79.80206410481433,32.885068620311245],[-79.8020533123941,32.88505464653084],[-79.80204491014422,32.885039117684464],[-79.80203911721934,32.88502243880877],[-79.8020360847155,32.88500504493646],[-79.80203589172905,32.884987389749426],[-79.80203854329363,32.88496993374535],[-79.80204397024889,32.88495313222667],[-79.8020520310443,32.88493742342499],[-79.8018147706924,32.884827952478624]]]},"properties":{"area_short":"Park West","area_name":"Park West at Mt. Pleasant","era":"1990s-2000s","county":"Charleston","pid":"5830300269","address":"2867 WAGNER WAY","owner1":"DESCHLER RAQUEL","subdivision":"COVINGTON AT PARK WEST","legal_descr":"Block  Lot 21 GovLot  Tract","tax_district":"2-1","class_code":"101 - RESID-SFR","use_group":"Residential","legal_residence":true,"is_civic_exempt":false,"acres_cal":0.414,"land_appr":260800.0,"imp_appr":763400.0,"appraisal":1024200.0,"value_per_acre":2473913.043478261,"tax_per_acre":24422.46956521739,"est_tax_net":10110.902399999999,"assessment_ratio":0.04,"land_to_imp_ratio":0.34162955200419176,"centroid_lon":-79.80184055456768,"centroid_lat":32.885103427718896}},{"type":"Feature","geometry":{"type":"Polygon","coordinates":[[[-79.77767494344575,32.877077540563484],[-79.77759839883846,32.877133112149565],[-79.7775922548731,32.87713782146099],[-79.77758697142063,32.87714347929225],[-79.77758269308914,32.87714993078852],[-79.77757953697652,32.87715699937237],[-79.77757758946558,32.87716449157669],[-79.77757690385967,32.877172202339885],[-79.77757749892383,32.877179920618396],[-79.77757935837116,32.877187435162966],[-79.77758243130859,32.87719454030055],[-79.77758663362982,32.87720104156355],[-79.77759185031736,32.877206761012445],[-79.77780642954636,32.87741720356282],[-79.77781382460154,32.87742285432454],[-79.77782206194657,32.877427186078904],[-79.77783090866006,32.87743007634004],[-79.77784011458994,32.87743144338216],[-79.77784941942683,32.87743124855039],[-79.77785856006466,32.87742949735385],[-79.77786727804025,32.87742623930986],[-79.77787532684177,32.87742156654375],[-79.77796175159145,32.87735882366265],[-79.77767494344575,32.877077540563484]]]},"properties":{"area_short":"Park West","area_name":"Park West at Mt. Pleasant","era":"1990s-2000s","county":"Charleston","pid":"5980000432","address":"3421 SALTERBECK ST","owner1":"LINDA TOUCH","subdivision":"PARK WEST","legal_descr":"Block  Lot 4 GovLot  Tract","tax_district":"2-1","class_code":"101 - RESID-SFR","use_group":"Residential","legal_residence":true,"is_civic_exempt":false,"acres_cal":0.152,"land_appr":375000.0,"imp_appr":525000.0,"appraisal":900000.0,"value_per_acre":5921052.631578947,"tax_per_acre":58452.63157894737,"est_tax_net":8884.8,"assessment_ratio":0.04,"land_to_imp_ratio":0.7142857142857143,"centroid_lon":-79.77775815845092,"centroid_lat":32.87726279787095}},{"type":"Feature","geometry":{"type":"Polygon","coordinates":[[[-79.77816008624343,32.87739237601904],[-79.77843070217381,32.87761841618108],[-79.77844734398275,32.877605504948775],[-79.77852274686101,32.87754207097668],[-79.7785937423305,32.8774737401185],[-79.77859002557888,32.877471463198496],[-79.77835170190657,32.877325476136924],[-79.77833604616988,32.877317701182285],[-79.77831936401272,32.87731248029703],[-79.77830206910448,32.87730994294405],[-79.77828459030908,32.87731015204241],[-79.77826736105028,32.877313102407065],[-79.77825080856402,32.87731872087747],[-79.7782353433043,32.877326868131746],[-79.77822134876497,32.87733734214147],[-79.77816008624343,32.87739237601904]]]},"properties":{"area_short":"Park West","area_name":"Park West at Mt. Pleasant","era":"1990s-2000s","county":"Charleston","pid":"5980000467","address":"3424 SALTERBECK ST","owner1":"SIGLER LAUREN M","subdivision":"THE ABBY AT PARK WEST","legal_descr":"Block  Lot 29 GovLot  Tract","tax_district":"2-1","class_code":"101 - RESID-SFR","use_group":"Residential","legal_residence":true,"is_civic_exempt":false,"acres_cal":6.815,"land_appr":350200.0,"imp_appr":470400.0,"appraisal":820600.0,"value_per_acre":120410.85840058693,"tax_per_acre":1188.695994130594,"est_tax_net":8100.963199999999,"assessment_ratio":0.04,"land_to_imp_ratio":0.7444727891156463,"centroid_lon":-79.77837631205973,"centroid_lat":32.87745029120978}},{"type":"Feature","geometry":{"type":"Polygon","coordinates":[[[-79.80203596670881,32.888939827826476],[-79.80206658055053,32.88898835548836],[-79.80244296889404,32.88881932827482],[-79.80241022712981,32.888771756469204],[-79.80203596670881,32.888939827826476]]]},"properties":{"area_short":"Park West","area_name":"Park West at Mt. Pleasant","era":"1990s-2000s","county":"Charleston","pid":"5830300231","address":"1684 BRIDWELL LN","owner1":"WITTEL THOMAS R","subdivision":"PARK WEST 33B","legal_descr":"Block  Lot 8 GovLot  Tract","tax_district":"2-1","class_code":"120 - RESID-TWH","use_group":"Residential","legal_residence":true,"is_civic_exempt":false,"acres_cal":0.06,"land_appr":147800.0,"imp_appr":354200.0,"appraisal":502000.0,"value_per_acre":8366666.666666667,"tax_per_acre":82595.73333333334,"est_tax_net":4955.744,"assessment_ratio":0.04,"land_to_imp_ratio":0.41727837380011296,"centroid_lon":-79.80223895065939,"centroid_lat":32.88887983977572}},{"type":"Feature","geometry":{"type":"Polygon","coordinates":[[[-79.80326921867163,32.8824940968716],[-79.80365386472955,32.882671546244],[-79.80377339210376,32.88248706921701],[-79.80377716874781,32.88247966868392],[-79.8037796934833,32.88247175308912],[-79.8037808992861,32.88246353256785],[-79.80378075414573,32.88245522535023],[-79.80377926191528,32.88244705196791],[-79.80377646220896,32.8824392293996],[-79.80377242935056,32.88243196531099],[-79.80376727040033,32.882425452541774],[-79.8037611223129,32.88241986398639],[-79.8037541483015,32.88241534800418],[-79.80374653350516,32.88241202448089],[-79.8034137165758,32.882264421968],[-79.80326921867163,32.8824940968716]]]},"properties":{"area_short":"Park West","area_name":"Park West at Mt. Pleasant","era":"1990s-2000s","county":"Charleston","pid":"5830300281","address":"2815 WAGNER WAY","owner1":"SOBCZAK STEPHEN D","subdivision":"COVINGTON AT PARK WEST","legal_descr":"Block  Lot 33 GovLot  Tract","tax_district":"2-1","class_code":"101 - RESID-SFR","use_group":"Residential","legal_residence":false,"is_civic_exempt":false,"acres_cal":0.295,"land_appr":0.0,"imp_appr":0.0,"appraisal":0.0,"value_per_acre":0.0,"tax_per_acre":0.0,"est_tax_net":0.0,"assessment_ratio":0.06,"land_to_imp_ratio":null,"centroid_lon":-79.80353462558456,"centroid_lat":32.882467354537056}},{"type":"Feature","geometry":{"type":"Polygon","coordinates":[[[-79.80228660185449,32.88506549353114],[-79.80260928490735,32.8852666345821],[-79.80276358761147,32.88503753981398],[-79.80241165710652,32.88487519244489],[-79.80229785795427,32.885050816750606],[-79.80228660185449,32.88506549353114]]]},"properties":{"area_short":"Park West","area_name":"Park West at Mt. Pleasant","era":"1990s-2000s","county":"Charleston","pid":"5830300268","address":"2860 WAGNER WAY","owner1":"LLORET FRANCISCO L","subdivision":"COVINGTON AT PARK WEST","legal_descr":"Block  Lot 20 GovLot  Tract","tax_district":"2-1","class_code":"101 - RESID-SFR","use_group":"Residential","legal_residence":true,"is_civic_exempt":false,"acres_cal":0.241,"land_appr":266700.0,"imp_appr":644200.0,"appraisal":910900.0,"value_per_acre":3779668.0497925314,"tax_per_acre":37312.882987551864,"est_tax_net":8992.404799999998,"assessment_ratio":0.04,"land_to_imp_ratio":0.4140018627755355,"centroid_lon":-79.80252355605816,"centroid_lat":32.88506409137988}},{"type":"Feature","geometry":{"type":"Polygon","coordinates":[[[-79.80464502110488,32.87913887417551],[-79.80499426846822,32.87928702288406],[-79.80508205380998,32.879139673729874],[-79.80473280688767,32.878991525273406],[-79.80464502110488,32.87913887417551]]]},"properties":{"area_short":"Park West","area_name":"Park West at Mt. Pleasant","era":"1990s-2000s","county":"Charleston","pid":"5830300207","address":"2592 LARCH LN","owner1":"MCCLANAHAN BENAI A","subdivision":"PARK WEST","legal_descr":"Lot 10","tax_district":"2-1","class_code":"101 - RESID-SFR","use_group":"Residential","legal_residence":true,"is_civic_exempt":false,"acres_cal":0.165,"land_appr":202700.0,"imp_appr":705100.0,"appraisal":907800.0,"value_per_acre":5501818.181818182,"tax_per_acre":54313.94909090908,"est_tax_net":8961.801599999999,"assessment_ratio":0.04,"land_to_imp_ratio":0.2874769536235995,"centroid_lon":-79.80486353756805,"centroid_lat":32.87913927403665}},{"type":"Feature","geometry":{"type":"Polygon","coordinates":[[[-79.80276358761147,32.88503753981398],[-79.80260928490735,32.8852666345821],[-79.80273268224197,32.88526244914183],[-79.80285945566756,32.88525866112469],[-79.80306471921783,32.88494185121137],[-79.8030426807617,32.88493687109807],[-79.8030217849887,32.884928276812325],[-79.80300262001376,32.8849163102417],[-79.80298572523823,32.88490130818728],[-79.80297157616832,32.88488369288434],[-79.80296057103192,32.88486396011845],[-79.80295546676045,32.88485415387757],[-79.80294894251229,32.884845229185245],[-79.80294114741062,32.88483739003111],[-79.80293225962633,32.8848308155929],[-79.80292248230545,32.88482565614103],[-79.80291013418669,32.884819959451676],[-79.80276358761147,32.88503753981398]]]},"properties":{"area_short":"Park West","area_name":"Park West at Mt. Pleasant","era":"1990s-2000s","county":"Charleston","pid":"5830300367","address":"1502 CHECKER CT","owner1":"SPITERI ANTHONY","subdivision":"COVINGTON AT PARK WEST PHASE 2","legal_descr":"Block  Lot 214 GovLot  Tract","tax_district":"2-1","class_code":"101 - RESID-SFR","use_group":"Residential","legal_residence":true,"is_civic_exempt":false,"acres_cal":0.23114468,"land_appr":349300.0,"imp_appr":495100.0,"appraisal":844400.0,"value_per_acre":3653123.2300046883,"tax_per_acre":36063.63252660628,"est_tax_net":8335.916799999999,"assessment_ratio":0.04,"land_to_imp_ratio":0.705514037568168,"centroid_lon":-79.80285166076962,"centroid_lat":32.885073831151054}},{"type":"Feature","geometry":{"type":"Polygon","coordinates":[[[-79.80148906621893,32.88813496693332],[-79.80155507695942,32.88822388693046],[-79.8018435197054,32.88807145550838],[-79.80177308948186,32.88798489060917],[-79.80148906621893,32.88813496693332]]]},"properties":{"area_short":"Park West","area_name":"Park West at Mt. Pleasant","era":"1990s-2000s","county":"Charleston","pid":"5830300243","address":"1656 BRIDWELL LN","owner1":"WARD BRIAN","subdivision":"PARK WEST 33B","legal_descr":"Block  Lot 20 GovLot  Tract","tax_district":"2-1","class_code":"120 - RESID-TWH","use_group":"Residential","legal_residence":true,"is_civic_exempt":false,"acres_cal":0.091,"land_appr":149500.0,"imp_appr":411400.0,"appraisal":560900.0,"value_per_acre":6163736.263736264,"tax_per_acre":60848.40439560439,"est_tax_net":5537.2047999999995,"assessment_ratio":0.04,"land_to_imp_ratio":0.36339329120077785,"centroid_lon":-79.80166527228651,"centroid_lat":32.88810391517659}},{"type":"Feature","geometry":{"type":"Polygon","coordinates":[[[-79.80209834016797,32.884372629866625],[-79.80244732263878,32.88453364946076],[-79.8025746538447,32.88433713922104],[-79.8022220057833,32.884174398432975],[-79.8021952074887,32.88421744517234],[-79.80209834016797,32.884372629866625]]]},"properties":{"area_short":"Park West","area_name":"Park West at Mt. Pleasant","era":"1990s-2000s","county":"Charleston","pid":"5830300272","address":"2855 WAGNER WAY","owner1":"CHENOWETH STEVEN","subdivision":"COVINGTON AT PARK WEST","legal_descr":"Block  Lot 24 GovLot  Tract","tax_district":"2-1","class_code":"101 - RESID-SFR","use_group":"Residential","legal_residence":true,"is_civic_exempt":false,"acres_cal":0.23,"land_appr":250800.0,"imp_appr":782500.0,"appraisal":1033300.0,"value_per_acre":4492608.695652174,"tax_per_acre":44351.03304347825,"est_tax_net":10200.737599999999,"assessment_ratio":0.04,"land_to_imp_ratio":0.3205111821086262,"centroid_lon":-79.80233569710161,"centroid_lat":32.88435428631551}},{"type":"Feature","geometry":{"type":"Polygon","coordinates":[[[-79.77997510115982,32.87806528883084],[-79.78021609893334,32.8782385540747],[-79.7802554604751,32.87820918540964],[-79.78027960428474,32.87818843365954],[-79.78028659619547,32.87818150766519],[-79.78003993024761,32.87800417538661],[-79.77997510115982,32.87806528883084]]]},"properties":{"area_short":"Park West","area_name":"Park West at Mt. Pleasant","era":"1990s-2000s","county":"Charleston","pid":"5980000427","address":"3359 EASTMAN DR","owner1":"DADABAEVA GULNARA","subdivision":"PARK WEST","legal_descr":"Lot 20","tax_district":"2-1","class_code":"120 - RESID-TWH","use_group":"Residential","legal_residence":true,"is_civic_exempt":false,"acres_cal":0.064,"land_appr":148300.0,"imp_appr":316700.0,"appraisal":465000.0,"value_per_acre":7265625.0,"tax_per_acre":71726.24999999999,"est_tax_net":4590.48,"assessment_ratio":0.04,"land_to_imp_ratio":0.4682664982633407,"centroid_lon":-79.78013003343457,"centroid_lat":32.87812258828981}},{"type":"Feature","geometry":{"type":"Polygon","coordinates":[[[-79.77934510909378,32.877817127951126],[-79.77958021954052,32.87806848779155],[-79.77965815621752,32.878013755450986],[-79.77973324426803,32.877955176108244],[-79.77946842618896,32.87772581990227],[-79.77940791525532,32.877773023849414],[-79.77934510909378,32.877817127951126]]]},"properties":{"area_short":"Park West","area_name":"Park West at Mt. Pleasant","era":"1990s-2000s","county":"Charleston","pid":"5980000449","address":"3333 STOCKDALE ST","owner1":"SHARPE CHRISTOPHER","subdivision":"THE ABBY AT PARK WEST","legal_descr":"Block  Lot 11 GovLot  Tract","tax_district":"2-1","class_code":"101 - RESID-SFR","use_group":"Residential","legal_residence":true,"is_civic_exempt":false,"acres_cal":6.815,"land_appr":349200.0,"imp_appr":467800.0,"appraisal":817000.0,"value_per_acre":119882.61188554658,"tax_per_acre":1183.4811445341156,"est_tax_net":8065.423999999999,"assessment_ratio":0.04,"land_to_imp_ratio":0.7464728516460025,"centroid_lon":-79.77953702158516,"centroid_lat":32.87789672278566}},{"type":"Feature","geometry":{"type":"Polygon","coordinates":[[[-79.77843297033426,32.87813014891901],[-79.77852470620596,32.87844086600298],[-79.77868907183122,32.87840631899086],[-79.7785973386005,32.87809559940171],[-79.7785490716071,32.87810574518041],[-79.77843297033426,32.87813014891901]]]},"properties":{"area_short":"Park West","area_name":"Park West at Mt. Pleasant","era":"1990s-2000s","county":"Charleston","pid":"5980000455","address":"3357 STOCKDALE ST","owner1":"CLEVELAND SEAN D","subdivision":"THE ABBY AT PARK WEST","legal_descr":"Block  Lot 17 GovLot  Tract","tax_district":"2-1","class_code":"101 - RESID-SFR","use_group":"Residential","legal_residence":true,"is_civic_exempt":false,"acres_cal":6.815,"land_appr":348600.0,"imp_appr":483100.0,"appraisal":831700.0,"value_per_acre":122039.61848862802,"tax_per_acre":1204.7751137197358,"est_tax_net":8210.5424,"assessment_ratio":0.04,"land_to_imp_ratio":0.7215897329745394,"centroid_lon":-79.77856102168948,"centroid_lat":32.87826823287233}},{"type":"Feature","geometry":{"type":"Polygon","coordinates":[[[-79.78325213621261,32.88993339436532],[-79.7832834021806,32.89004013023479],[-79.7836835784865,32.88996962876411],[-79.78365229149158,32.889862897449866],[-79.78325213621261,32.88993339436532]]]},"properties":{"area_short":"Park West","area_name":"Park West at Mt. Pleasant","era":"1990s-2000s","county":"Charleston","pid":"5941300496","address":"1628 MERMENTAU ST","owner1":"ADORNO NIURKA","subdivision":"PARK WEST 12B","legal_descr":"Lot 32","tax_district":"2-1","class_code":"120 - RESID-TWH","use_group":"Residential","legal_residence":true,"is_civic_exempt":false,"acres_cal":0.23,"land_appr":150800.0,"imp_appr":458500.0,"appraisal":609300.0,"value_per_acre":2649130.4347826084,"tax_per_acre":26152.21565217391,"est_tax_net":6015.009599999999,"assessment_ratio":0.04,"land_to_imp_ratio":0.32889858233369684,"centroid_lon":-79.78346785197857,"centroid_lat":32.88995151322069}},{"type":"Feature","geometry":{"type":"Polygon","coordinates":[[[-79.80416938661526,32.87888144101647],[-79.804525704473,32.879032591138],[-79.80461553818223,32.87888624552767],[-79.80426835175157,32.87873893940434],[-79.80419517807074,32.8788443039832],[-79.80416938661526,32.87888144101647]]]},"properties":{"area_short":"Park West","area_name":"Park West at Mt. Pleasant","era":"1990s-2000s","county":"Charleston","pid":"5830300212","address":"2589 LARCH LN","owner1":"PIETRAMALA KEVIN","subdivision":"PARK WEST","legal_descr":"Lot 3","tax_district":"2-1","class_code":"101 - RESID-SFR","use_group":"Residential","legal_residence":true,"is_civic_exempt":false,"acres_cal":0.166,"land_appr":200600.0,"imp_appr":691900.0,"appraisal":892500.0,"value_per_acre":5376506.024096386,"tax_per_acre":53076.867469879515,"est_tax_net":8810.76,"assessment_ratio":0.04,"land_to_imp_ratio":0.28992628992628994,"centroid_lon":-79.80439453669887,"centroid_lat":32.878885114189245}},{"type":"Feature","geometry":{"type":"Polygon","coordinates":[[[-79.80185790121072,32.88865756493993],[-79.8018885148543,32.888706092645364],[-79.80223370765991,32.88855102691374],[-79.8021965932771,32.888505410658134],[-79.80185790121072,32.88865756493993]]]},"properties":{"area_short":"Park West","area_name":"Park West at Mt. Pleasant","era":"1990s-2000s","county":"Charleston","pid":"5830300235","address":"1674 BRIDWELL LN","owner1":"SCOTT LEIGH A","subdivision":"PARK WEST 33B","legal_descr":"Block  Lot 12 GovLot  Tract","tax_district":"2-1","class_code":"120 - RESID-TWH","use_group":"Residential","legal_residence":true,"is_civic_exempt":false,"acres_cal":0.055,"land_appr":147500.0,"imp_appr":354200.0,"appraisal":501700.0,"value_per_acre":9121818.181818182,"tax_per_acre":90050.58909090908,"est_tax_net":4952.782399999999,"assessment_ratio":0.04,"land_to_imp_ratio":0.41643139469226426,"centroid_lon":-79.80204423691484,"centroid_lat":32.888605096487254}},{"type":"Feature","geometry":{"type":"Polygon","coordinates":[[[-79.78148641915311,32.876710256387526],[-79.78143669422339,32.87676467624082],[-79.78137220294488,32.87672271736017],[-79.7811911046598,32.87692091390141],[-79.78120668057971,32.877045258593434],[-79.7815330049096,32.87723668580428],[-79.78167879948332,32.8773385949499],[-79.78179977925612,32.87746172360643],[-79.78186136018628,32.87745963993158],[-79.78216703092747,32.87737518999071],[-79.7822243658694,32.87734035090848],[-79.7821383715269,32.87724436302104],[-79.78204850980667,32.87715198568228],[-79.78195493216366,32.877063374587024],[-79.78185779631565,32.876978679082356],[-79.78175726597759,32.87689804191595],[-79.7816535105855,32.87682159899548],[-79.78154670501104,32.87674947915951],[-79.78148641915311,32.876710256387526]]]},"properties":{"area_short":"Park West","area_name":"Park West at Mt. Pleasant","era":"1990s-2000s","county":"Charleston","pid":"5980000438","address":"0 PARK WEST BLVD","owner1":"PARK WEST MASTER ASSOCIATION INC","subdivision":"PARK WEST","legal_descr":"Lot PARCEL 6A-1B","tax_district":"2-1","class_code":"990 - UNDEVELOPABLE","use_group":"Vacant / Other","legal_residence":false,"is_civic_exempt":false,"acres_cal":0.973,"land_appr":500.0,"imp_appr":0.0,"appraisal":500.0,"value_per_acre":513.874614594039,"tax_per_acre":7.609455292908529,"est_tax_net":7.403999999999999,"assessment_ratio":0.06,"land_to_imp_ratio":null,"centroid_lon":-79.78167283030794,"centroid_lat":32.8770987381438}},{"type":"Feature","geometry":{"type":"Polygon","coordinates":[[[-79.78383751039549,32.89193175383191],[-79.78386686979304,32.892031978575574],[-79.78426667630745,32.891958590290265],[-79.78425803406236,32.89193407097175],[-79.78424686693913,32.89191059373299],[-79.78419209241109,32.89180919679904],[-79.78383751039549,32.89193175383191]]]},"properties":{"area_short":"Park West","area_name":"Park West at Mt. Pleasant","era":"1990s-2000s","county":"Charleston","pid":"5941300488","address":"1662 MERMENTAU ST","owner1":"REBELLO PAUL A","subdivision":"PARK WEST 12B","legal_descr":"Lot 16","tax_district":"2-1","class_code":"120 - RESID-TWH","use_group":"Residential","legal_residence":true,"is_civic_exempt":false,"acres_cal":0.244,"land_appr":151100.0,"imp_appr":453500.0,"appraisal":604600.0,"value_per_acre":2477868.8524590163,"tax_per_acre":24461.521311475408,"est_tax_net":5968.611199999999,"assessment_ratio":0.04,"land_to_imp_ratio":0.33318632855567804,"centroid_lon":-79.78405608942595,"centroid_lat":32.89192968374327}},{"type":"Feature","geometry":{"type":"Polygon","coordinates":[[[-79.77853329288745,32.877923305614246],[-79.77854788912123,32.87796106721323],[-79.77855928905635,32.877999913446985],[-79.77856287013647,32.87800793130819],[-79.77856772676796,32.87801524727454],[-79.7785737254466,32.87802166023701],[-79.77858070127438,32.878026993909295],[-79.77858846249234,32.87803110167378],[-79.77859679575191,32.878033870611866],[-79.77860547197963,32.87803522460806],[-79.77861425267417,32.87803512644229],[-79.77862289646251,32.878033578813046],[-79.77873428181609,32.87801017029562],[-79.77874107325691,32.87800872859704],[-79.77880490971931,32.87799378133828],[-79.77886813206926,32.87797641905322],[-79.77889065368761,32.87796809254806],[-79.77891147843417,32.87795613914218],[-79.77893002717934,32.87794089125598],[-79.77894578408845,32.87792277292834],[-79.77895154992713,32.877914570170226],[-79.77893646542479,32.87790198705093],[-79.77892351559606,32.87788721616613],[-79.77891301399202,32.8778706151597],[-79.7789052148855,32.87785258598781],[-79.77890030711434,32.87783356518645],[-79.77889840950927,32.877814013301716],[-79.7788995680165,32.87779440373867],[-79.77853329288745,32.877923305614246]]]},"properties":{"area_short":"Park West","area_name":"Park West at Mt. Pleasant","era":"1990s-2000s","county":"Charleston","pid":"5980000470","address":"1168 PEACEHAVEN ST","owner1":"POCHILY MICHAEL","subdivision":"THE ABBY AT PARK WEST","legal_descr":"Block  Lot 32 GovLot  Tract","tax_district":"2-1","class_code":"101 - RESID-SFR","use_group":"Residential","legal_residence":true,"is_civic_exempt":false,"acres_cal":6.815,"land_appr":348800.0,"imp_appr":494200.0,"appraisal":843000.0,"value_per_acre":123697.72560528245,"tax_per_acre":1221.1439471753483,"est_tax_net":8322.096,"assessment_ratio":0.04,"land_to_imp_ratio":0.7057871307163092,"centroid_lon":-79.77874539657857,"centroid_lat":32.87792761642058}},{"type":"Feature","geometry":{"type":"Polygon","coordinates":[[[-79.80378371138015,32.879486245516475],[-79.80407568733489,32.879570171808304],[-79.80408812833981,32.879549035900844],[-79.80410402772904,32.879530361999],[-79.80412290913576,32.879514709597665],[-79.804144206848,32.87950254766355],[-79.804167282758,32.87949424058434],[-79.8041914454809,32.87949003725116],[-79.80421597106944,32.879490063601445],[-79.80422471256665,32.879490061858405],[-79.80423335357914,32.879488740238266],[-79.80424169596795,32.87948612904587],[-79.80424954844156,32.879482288156034],[-79.80425673094227,32.87947730564059],[-79.80426307877488,32.879471295748935],[-79.8042684463832,32.87946439628827],[-79.8042769758137,32.879450079222785],[-79.80390481657732,32.87929215525265],[-79.80378371138015,32.879486245516475]]]},"properties":{"area_short":"Park West","area_name":"Park West at Mt. Pleasant","era":"1990s-2000s","county":"Charleston","pid":"5830300205","address":"2605 LARCH LN","owner1":"MARINI ERIC K","subdivision":"PARK WEST","legal_descr":"Lot 7","tax_district":"2-1","class_code":"101 - RESID-SFR","use_group":"Residential","legal_residence":true,"is_civic_exempt":false,"acres_cal":0.179,"land_appr":205900.0,"imp_appr":625600.0,"appraisal":831500.0,"value_per_acre":4645251.396648045,"tax_per_acre":45857.92178770949,"est_tax_net":8208.568,"assessment_ratio":0.04,"land_to_imp_ratio":0.3291240409207161,"centroid_lon":-79.80400692861097,"centroid_lat":32.879440619168776}},{"type":"Feature","geometry":{"type":"Polygon","coordinates":[[[-79.79979075081975,32.88936867430074],[-79.79982617024721,32.889455508662714],[-79.80013415704283,32.8893660769228],[-79.80009103905786,32.88926037366119],[-79.79978305430544,32.88934979533027],[-79.79979075081975,32.88936867430074]]]},"properties":{"area_short":"Park West","area_name":"Park West at Mt. Pleasant","era":"1990s-2000s","county":"Charleston","pid":"5941600787","address":"3647 BAGLEY DR","owner1":"RODRIGUES ARCARI FAMILY TRUST","subdivision":"PRESTON AT PARK WEST","legal_descr":"LOT 37","tax_district":"2-1","class_code":"120 - RESID-TWH","use_group":"Residential","legal_residence":false,"is_civic_exempt":false,"acres_cal":0.093,"land_appr":149700.0,"imp_appr":438900.0,"appraisal":588600.0,"value_per_acre":6329032.258064516,"tax_per_acre":93720.30967741934,"est_tax_net":8715.9888,"assessment_ratio":0.06,"land_to_imp_ratio":0.34107997265892004,"centroid_lon":-79.79995860238509,"centroid_lat":32.88935793956418}},{"type":"Feature","geometry":{"type":"Polygon","coordinates":[[[-79.80429473745339,32.88405444413192],[-79.80436573509122,32.88414960128676],[-79.8045291821712,32.88436866410842],[-79.8047259987235,32.88406493872386],[-79.8046035720388,32.8838903922699],[-79.80429473745339,32.88405444413192]]]},"properties":{"area_short":"Park West","area_name":"Park West at Mt. Pleasant","era":"1990s-2000s","county":"Charleston","pid":"5830300357","address":"1515 HOPKINS LN","owner1":"MIMS MICHAEL","subdivision":"COVINGTON AT PARK WEST PHASE 2","legal_descr":"Block  Lot 204 GovLot  Tract","tax_district":"2-1","class_code":"101 - RESID-SFR","use_group":"Residential","legal_residence":true,"is_civic_exempt":false,"acres_cal":0.26540671,"land_appr":351200.0,"imp_appr":585500.0,"appraisal":936700.0,"value_per_acre":3529300.3707404383,"tax_per_acre":34841.253259949604,"est_tax_net":9247.1024,"assessment_ratio":0.04,"land_to_imp_ratio":0.5998292058070026,"centroid_lon":-79.80452550089953,"centroid_lat":32.88410570897278}},{"type":"Feature","geometry":{"type":"Polygon","coordinates":[[[-79.80306471921783,32.88494185121137],[-79.80285945566756,32.88525866112469],[-79.80294152983022,32.88525620897002],[-79.80322226347273,32.885247747165565],[-79.80340010982333,32.88524238607845],[-79.80316726554173,32.88492651312751],[-79.80314291376509,32.884936593361516],[-79.80311725097746,32.88494259681671],[-79.80309095470982,32.884944364994055],[-79.80306471921783,32.88494185121137]]]},"properties":{"area_short":"Park West","area_name":"Park West at Mt. Pleasant","era":"1990s-2000s","county":"Charleston","pid":"5830300366","address":"1506 CHECKER CT","owner1":"LLOYD MICHAEL P","subdivision":"COVINGTON AT PARK WEST PHASE 2","legal_descr":"Block  Lot 213 GovLot  Tract","tax_district":"2-1","class_code":"101 - RESID-SFR","use_group":"Residential","legal_residence":true,"is_civic_exempt":false,"acres_cal":0.25987989,"land_appr":350900.0,"imp_appr":559000.0,"appraisal":909900.0,"value_per_acre":3501232.8195152,"tax_per_acre":34564.17039425405,"est_tax_net":8982.532799999999,"assessment_ratio":0.04,"land_to_imp_ratio":0.6277280858676207,"centroid_lon":-79.80312624117558,"centroid_lat":32.88512915309505}},{"type":"Feature","geometry":{"type":"Polygon","coordinates":[[[-79.79983844707859,32.8894856071404],[-79.79982617024721,32.889455508662714],[-79.79979075081975,32.88936867430074],[-79.79948269713844,32.88945812647802],[-79.79953039463723,32.889575057458444],[-79.79983844707859,32.8894856071404]]]},"properties":{"area_short":"Park West","area_name":"Park West at Mt. Pleasant","era":"1990s-2000s","county":"Charleston","pid":"5941600798","address":"4029 CONANT RD","owner1":"ROTHWELL RICHARD C","subdivision":"PRESTON AT PARK WEST","legal_descr":"LOT 48","tax_district":"2-1","class_code":"120 - RESID-TWH","use_group":"Residential","legal_residence":true,"is_civic_exempt":false,"acres_cal":0.103,"land_appr":150200.0,"imp_appr":437000.0,"appraisal":587200.0,"value_per_acre":5700970.873786408,"tax_per_acre":56279.984466019414,"est_tax_net":5796.8384,"assessment_ratio":0.04,"land_to_imp_ratio":0.3437070938215103,"centroid_lon":-79.79966057272897,"centroid_lat":32.88947186619367}},{"type":"Feature","geometry":{"type":"Polygon","coordinates":[[[-79.78038309321823,32.87829635518539],[-79.78063830490395,32.87848158771177],[-79.78069815010421,32.87842231157359],[-79.78044378967914,32.87823771496732],[-79.7804036753974,32.87827744856639],[-79.78038309321823,32.87829635518539]]]},"properties":{"area_short":"Park West","area_name":"Park West at Mt. Pleasant","era":"1990s-2000s","county":"Charleston","pid":"5980000411","address":"3356 EASTMAN DR","owner1":"MORGAN LISA ANN","subdivision":"PARK WEST","legal_descr":"Lot 4","tax_district":"2-1","class_code":"120 - RESID-TWH","use_group":"Residential","legal_residence":true,"is_civic_exempt":false,"acres_cal":0.067,"land_appr":150000.0,"imp_appr":405000.0,"appraisal":555000.0,"value_per_acre":8283582.089552239,"tax_per_acre":81775.5223880597,"est_tax_net":5478.96,"assessment_ratio":0.04,"land_to_imp_ratio":0.37037037037037035,"centroid_lon":-79.78054096961924,"centroid_lat":32.87835961279872}},{"type":"Feature","geometry":{"type":"Polygon","coordinates":[[[-79.8022220057833,32.884174398432975],[-79.8025746538447,32.88433713922104],[-79.80270062403173,32.88414272700962],[-79.80234449802887,32.88397763356205],[-79.80234413443456,32.88397821740937],[-79.8022220057833,32.884174398432975]]]},"properties":{"area_short":"Park West","area_name":"Park West at Mt. Pleasant","era":"1990s-2000s","county":"Charleston","pid":"5830300273","address":"2851 WAGNER WAY","owner1":"EBELING RICHARD","subdivision":"COVINGTON AT PARK WEST","legal_descr":"Block  Lot 25 GovLot  Tract","tax_district":"2-1","class_code":"101 - RESID-SFR","use_group":"Residential","legal_residence":true,"is_civic_exempt":false,"acres_cal":0.23,"land_appr":250800.0,"imp_appr":707500.0,"appraisal":958300.0,"value_per_acre":4166521.7391304346,"tax_per_acre":41131.902608695644,"est_tax_net":9460.337599999999,"assessment_ratio":0.04,"land_to_imp_ratio":0.3544876325088339,"centroid_lon":-79.80246047084283,"centroid_lat":32.884157757622646}},{"type":"Feature","geometry":{"type":"Polygon","coordinates":[[[-79.80397114369657,32.88362073708329],[-79.80412986781486,32.88383347384219],[-79.80443565944567,32.88367103250435],[-79.80427330160462,32.883460213803815],[-79.80397114369657,32.88362073708329]]]},"properties":{"area_short":"Park West","area_name":"Park West at Mt. Pleasant","era":"1990s-2000s","county":"Charleston","pid":"5830300355","address":"1507 HOPKINS LN","owner1":"FIGUEROA CORY","subdivision":"COVINGTON AT PARK WEST PHASE 2","legal_descr":"Block  Lot 202 GovLot  Tract","tax_district":"2-1","class_code":"101 - RESID-SFR","use_group":"Residential","legal_residence":true,"is_civic_exempt":false,"acres_cal":0.23151206,"land_appr":349400.0,"imp_appr":544200.0,"appraisal":893600.0,"value_per_acre":3859842.1179440934,"tax_per_acre":38104.361388344085,"est_tax_net":8821.6192,"assessment_ratio":0.04,"land_to_imp_ratio":0.6420433664094083,"centroid_lon":-79.80420265382303,"centroid_lat":32.88364657433127}},{"type":"Feature","geometry":{"type":"Polygon","coordinates":[[[-79.80390481657732,32.87929215525265],[-79.8042769758137,32.879450079222785],[-79.8043574467914,32.879315009246795],[-79.80399042436102,32.879159259777765],[-79.80390481657732,32.87929215525265]]]},"properties":{"area_short":"Park West","area_name":"Park West at Mt. Pleasant","era":"1990s-2000s","county":"Charleston","pid":"5830300204","address":"2601 LARCH LN","owner1":"SMITH MATTHEW","subdivision":"PARK WEST","legal_descr":"Lot 6","tax_district":"2-1","class_code":"101 - RESID-SFR","use_group":"Residential","legal_residence":true,"is_civic_exempt":false,"acres_cal":0.16,"land_appr":201200.0,"imp_appr":601100.0,"appraisal":802300.0,"value_per_acre":5014375.0,"tax_per_acre":49501.90999999999,"est_tax_net":7920.305599999999,"assessment_ratio":0.04,"land_to_imp_ratio":0.3347196805855931,"centroid_lon":-79.80413231878963,"centroid_lat":32.87930428056712}},{"type":"Feature","geometry":{"type":"Polygon","coordinates":[[[-79.77765636687862,32.87807835630392],[-79.77771074353757,32.8781037415304],[-79.77776721699293,32.87812403881104],[-79.77780991582571,32.878135721403524],[-79.77781836378962,32.87813712914736],[-79.77782692588208,32.87813733016916],[-79.77783543060364,32.878136320442444],[-79.77784370760405,32.87813412019212],[-79.77785159109425,32.87813077348939],[-79.77785753939641,32.87812724072783],[-79.77786288592606,32.87812285013291],[-79.77786750802954,32.878117702428355],[-79.7778712996722,32.878111915706576],[-79.77787417387071,32.878105622719545],[-79.77787520072597,32.87810266867113],[-79.77788920065726,32.87806884844567],[-79.77790663073168,32.87803666151926],[-79.77758655168638,32.87786813913743],[-79.77749423041023,32.87799299195026],[-79.77765636687862,32.87807835630392]]]},"properties":{"area_short":"Park West","area_name":"Park West at Mt. Pleasant","era":"1990s-2000s","county":"Charleston","pid":"5980000462","address":"3444 SALTERBECK ST","owner1":"TATHAM ANGELA U","subdivision":"THE ABBY AT PARK WEST","legal_descr":"Block  Lot 24 GovLot  Tract","tax_district":"2-1","class_code":"101 - RESID-SFR","use_group":"Residential","legal_residence":true,"is_civic_exempt":false,"acres_cal":6.815,"land_appr":348700.0,"imp_appr":421200.0,"appraisal":769900.0,"value_per_acre":112971.38664710197,"tax_per_acre":1115.2535289801906,"est_tax_net":7600.452799999999,"assessment_ratio":0.04,"land_to_imp_ratio":0.8278727445394112,"centroid_lon":-79.77770142226794,"centroid_lat":32.87801302520414}},{"type":"Feature","geometry":{"type":"Polygon","coordinates":[[[-79.78368672923825,32.891417021605825],[-79.78372229381043,32.89153843193913],[-79.78407473823849,32.891477909345866],[-79.78403914633985,32.891356502840246],[-79.78368672923825,32.891417021605825]]]},"properties":{"area_short":"Park West","area_name":"Park West at Mt. Pleasant","era":"1990s-2000s","county":"Charleston","pid":"5941300490","address":"1654 MERMENTAU ST","owner1":"GHOLAMIZADEH MASOUD TRUST","subdivision":"PARK WEST 12B","legal_descr":"Lot 20","tax_district":"2-1","class_code":"120 - RESID-TWH","use_group":"Residential","legal_residence":false,"is_civic_exempt":false,"acres_cal":0.23,"land_appr":150900.0,"imp_appr":458500.0,"appraisal":609400.0,"value_per_acre":2649565.217391304,"tax_per_acre":39234.76173913043,"est_tax_net":9023.9952,"assessment_ratio":0.06,"land_to_imp_ratio":0.3291166848418757,"centroid_lon":-79.78388072733381,"centroid_lat":32.8914474671761}},{"type":"Feature","geometry":{"type":"Polygon","coordinates":[[[-79.7777460723609,32.87769942863813],[-79.77799962605367,32.8779323603002],[-79.77801492782834,32.87792073895323],[-79.77813950304011,32.877830337527406],[-79.77789525148314,32.87759068629234],[-79.77776598757696,32.87768449125796],[-79.7777460723609,32.87769942863813]]]},"properties":{"area_short":"Park West","area_name":"Park West at Mt. Pleasant","era":"1990s-2000s","county":"Charleston","pid":"5980000464","address":"3436 SALTERBECK ST","owner1":"BRANDT ALAN PAUL","subdivision":"THE ABBY AT PARK WEST","legal_descr":"Block  Lot 26 GovLot  Tract","tax_district":"2-1","class_code":"101 - RESID-SFR","use_group":"Residential","legal_residence":true,"is_civic_exempt":false,"acres_cal":6.815,"land_appr":375000.0,"imp_appr":530000.0,"appraisal":905000.0,"value_per_acre":132795.30447542184,"tax_per_acre":1310.9552457813645,"est_tax_net":8934.16,"assessment_ratio":0.04,"land_to_imp_ratio":0.7075471698113207,"centroid_lon":-79.77794365101533,"centroid_lat":32.877761817691564}},{"type":"Feature","geometry":{"type":"Polygon","coordinates":[[[-79.79912589145758,32.88942802670522],[-79.79910256775386,32.88937084719552],[-79.79879451577892,32.88946029367442],[-79.79881162787176,32.8895022422914],[-79.79881783930456,32.889517473243146],[-79.79912589145758,32.88942802670522]]]},"properties":{"area_short":"Park West","area_name":"Park West at Mt. Pleasant","era":"1990s-2000s","county":"Charleston","pid":"5941600813","address":"4040 CONANT RD","owner1":"OURADA SUSAN M","subdivision":"PRESTON AT PARK WEST","legal_descr":"Lot 63","tax_district":"2-1","class_code":"120 - RESID-TWH","use_group":"Residential","legal_residence":true,"is_civic_exempt":false,"acres_cal":0.051,"land_appr":147400.0,"imp_appr":383300.0,"appraisal":530700.0,"value_per_acre":10405882.352941178,"tax_per_acre":102726.8705882353,"est_tax_net":5239.0704,"assessment_ratio":0.04,"land_to_imp_ratio":0.38455517871119227,"centroid_lon":-79.79896020385179,"centroid_lat":32.88944416011781}},{"type":"Feature","geometry":{"type":"Polygon","coordinates":[[[-79.77848356133877,32.87783438832416],[-79.77851062572942,32.87787761728042],[-79.77853329288745,32.877923305614246],[-79.7788995680165,32.87779440373867],[-79.7789036687698,32.87777716310251],[-79.77891024677007,32.87776070753733],[-79.77891262977215,32.8777545458114],[-79.77891390681808,32.8777480639352],[-79.7789140391205,32.877741458781045],[-79.77891302266099,32.877734930965524],[-79.77891088831221,32.877728678756256],[-79.7789077009002,32.87772289204994],[-79.77887905387719,32.87768353294916],[-79.77884670004693,32.87764715960168],[-79.77881094871123,32.8776141197358],[-79.77848356133877,32.87783438832416]]]},"properties":{"area_short":"Park West","area_name":"Park West at Mt. Pleasant","era":"1990s-2000s","county":"Charleston","pid":"5980000469","address":"1164 PEACEHAVEN ST","owner1":"FILIPOVIC NADA","subdivision":"THE ABBY AT PARK WEST","legal_descr":"Block  Lot 31 GovLot  Tract","tax_district":"2-1","class_code":"101 - RESID-SFR","use_group":"Residential","legal_residence":true,"is_civic_exempt":false,"acres_cal":6.815,"land_appr":349800.0,"imp_appr":479700.0,"appraisal":829500.0,"value_per_acre":121716.80117388113,"tax_per_acre":1201.5882611885545,"est_tax_net":8188.824,"assessment_ratio":0.04,"land_to_imp_ratio":0.7292057535959975,"centroid_lon":-79.7787139553795,"centroid_lat":32.87777622861515}},{"type":"Feature","geometry":{"type":"Polygon","coordinates":[[[-79.78375786002131,32.891659844939404],[-79.78379768397765,32.891795798382006],[-79.78413695869052,32.891690142213555],[-79.78411033024551,32.8915993151771],[-79.78375786002131,32.891659844939404]]]},"properties":{"area_short":"Park West","area_name":"Park West at Mt. Pleasant","era":"1990s-2000s","county":"Charleston","pid":"5941300489","address":"1658 MERMENTAU ST","owner1":"ZIMMERMAN CATHERINE","subdivision":"PARK WEST 12B","legal_descr":"Lot 18","tax_district":"2-1","class_code":"101 - RESID-SFR","use_group":"Residential","legal_residence":true,"is_civic_exempt":false,"acres_cal":0.234,"land_appr":150900.0,"imp_appr":458400.0,"appraisal":609300.0,"value_per_acre":2603846.1538461535,"tax_per_acre":25705.16923076923,"est_tax_net":6015.009599999999,"assessment_ratio":0.04,"land_to_imp_ratio":0.32918848167539266,"centroid_lon":-79.78393923932153,"centroid_lat":32.891689031243956}},{"type":"Feature","geometry":{"type":"Polygon","coordinates":[[[-79.78372229381043,32.89153843193913],[-79.78375786002131,32.891659844939404],[-79.78411033024551,32.8915993151771],[-79.78407473823849,32.891477909345866],[-79.78372229381043,32.89153843193913]]]},"properties":{"area_short":"Park West","area_name":"Park West at Mt. Pleasant","era":"1990s-2000s","county":"Charleston","pid":"5941300471","address":"1656 MERMENTAU ST","owner1":"1656 MERMENTAU LLC","subdivision":"PARK WEST 12B","legal_descr":"Lot 19","tax_district":"2-1","class_code":"120 - RESID-TWH","use_group":"Residential","legal_residence":false,"is_civic_exempt":false,"acres_cal":0.23,"land_appr":150900.0,"imp_appr":481700.0,"appraisal":632600.0,"value_per_acre":2750434.7826086953,"tax_per_acre":40728.43826086956,"est_tax_net":9367.540799999999,"assessment_ratio":0.06,"land_to_imp_ratio":0.3132655179572348,"centroid_lon":-79.78391630517146,"centroid_lat":32.89156887622115}},{"type":"Feature","geometry":{"type":"Polygon","coordinates":[[[-79.78054528839641,32.87804311480769],[-79.78055142189025,32.87805684473168],[-79.78055524271116,32.87807138886751],[-79.78055664928742,32.8780863605776],[-79.78055560422696,32.878101361857816],[-79.78055213531141,32.87811599391797],[-79.78054633475753,32.878129867783116],[-79.78053835676575,32.87814261463398],[-79.78052841342098,32.87815389561152],[-79.78078277299242,32.878338492033016],[-79.78085907359232,32.878262915693135],[-79.78054528839641,32.87804311480769]]]},"properties":{"area_short":"Park West","area_name":"Park West at Mt. Pleasant","era":"1990s-2000s","county":"Charleston","pid":"5980000408","address":"3350 EASTMAN DR","owner1":"TOMASZEWSKI REV TRUST","subdivision":"PARK WEST","legal_descr":"Lot 1","tax_district":"2-1","class_code":"120 - RESID-TWH","use_group":"Residential","legal_residence":true,"is_civic_exempt":false,"acres_cal":0.088,"land_appr":165100.0,"imp_appr":347600.0,"appraisal":512700.0,"value_per_acre":5826136.363636364,"tax_per_acre":57515.61818181818,"est_tax_net":5061.3744,"assessment_ratio":0.04,"land_to_imp_ratio":0.47497123130034524,"centroid_lon":-79.78068664076136,"centroid_lat":32.87820310415808}},{"type":"Feature","geometry":{"type":"Polygon","coordinates":[[[-79.80307214148573,32.882810435527375],[-79.80345071771399,32.88298507746217],[-79.80357573113172,32.882792135210074],[-79.80319341687186,32.88261577142575],[-79.80307214148573,32.882810435527375]]]},"properties":{"area_short":"Park West","area_name":"Park West at Mt. Pleasant","era":"1990s-2000s","county":"Charleston","pid":"5830300280","address":"2823 WAGNER WAY","owner1":"QUATTRO MICHELE L","subdivision":"COVINGTON AT PARK WEST","legal_descr":"Block  Lot 32 GovLot  Tract","tax_district":"2-1","class_code":"101 - RESID-SFR","use_group":"Residential","legal_residence":true,"is_civic_exempt":false,"acres_cal":0.244,"land_appr":266900.0,"imp_appr":649900.0,"appraisal":916800.0,"value_per_acre":3757377.049180328,"tax_per_acre":37092.826229508195,"est_tax_net":9050.649599999999,"assessment_ratio":0.04,"land_to_imp_ratio":0.4106785659332205,"centroid_lon":-79.80332310291703,"centroid_lat":32.88280069642442}},{"type":"Feature","geometry":{"type":"Polygon","coordinates":[[[-79.77760382703948,32.878722649336545],[-79.77757010036453,32.87882035132526],[-79.77770223656724,32.878900795425245],[-79.77769093002465,32.87902546838516],[-79.7781923435223,32.879027659021105],[-79.7785051405904,32.878685909748675],[-79.77829177375008,32.8787320697084],[-79.7781942625591,32.87874980447877],[-79.77809581065192,32.87876121396689],[-79.77799682789568,32.87876625067367],[-79.77789772636753,32.8787648936307],[-79.77779891863906,32.878757148487516],[-79.77770081605877,32.87874304748808],[-79.77760382703948,32.878722649336545]]]},"properties":{"area_short":"Park West","area_name":"Park West at Mt. Pleasant","era":"1990s-2000s","county":"Charleston","pid":"5400000228","address":"0 STOCKDALE ST","owner1":"CLARK PROPERTY INVESTMENTS LLC","subdivision":"PARK WEST","legal_descr":"Lot PARCEL 6B","tax_district":"2-1","class_code":"952 - VAC-COMM-LOT","use_group":"Vacant / Other","legal_residence":false,"is_civic_exempt":false,"acres_cal":0.487,"land_appr":310565.0,"imp_appr":0.0,"appraisal":310565.0,"value_per_acre":637710.4722792607,"tax_per_acre":9443.216673511291,"est_tax_net":4598.846519999999,"assessment_ratio":0.06,"land_to_imp_ratio":null,"centroid_lon":-79.77800029022994,"centroid_lat":32.87886975302589}},{"type":"Feature","geometry":{"type":"Polygon","coordinates":[[[-79.77807560946881,32.87820301632411],[-79.77813451674005,32.87851934407388],[-79.77822470608176,32.87850392092447],[-79.77836034045046,32.87847541279464],[-79.7782686019378,32.878164698215805],[-79.77813296642724,32.87819320755792],[-79.7781076562167,32.87819808534587],[-79.77807560946881,32.87820301632411]]]},"properties":{"area_short":"Park West","area_name":"Park West at Mt. Pleasant","era":"1990s-2000s","county":"Charleston","pid":"5980000457","address":"3365 STOCKDALE ST","owner1":"PAULSON ANI","subdivision":"THE ABBY AT PARK WEST","legal_descr":"Block  Lot 19 GovLot  Tract","tax_district":"2-1","class_code":"101 - RESID-SFR","use_group":"Residential","legal_residence":true,"is_civic_exempt":false,"acres_cal":6.815,"land_appr":350600.0,"imp_appr":438600.0,"appraisal":789200.0,"value_per_acre":115803.37490829053,"tax_per_acre":1143.2109170946442,"est_tax_net":7790.9824,"assessment_ratio":0.04,"land_to_imp_ratio":0.7993616051071591,"centroid_lon":-79.77821102972625,"centroid_lat":32.87834560342921}},{"type":"Feature","geometry":{"type":"Polygon","coordinates":[[[-79.7798860213452,32.87865563517674],[-79.78009332840651,32.87885501947723],[-79.78014221369757,32.87881855582903],[-79.77994160427441,32.87862556140922],[-79.77991437525152,32.87864163780884],[-79.7798860213452,32.87865563517674]]]},"properties":{"area_short":"Park West","area_name":"Park West at Mt. Pleasant","era":"1990s-2000s","county":"Charleston","pid":"5980000416","address":"3372 EASTMAN DR","owner1":"WILLIAMS BRANDON MICHAEL","subdivision":"PARK WEST","legal_descr":"Lot 9","tax_district":"2-1","class_code":"120 - RESID-TWH","use_group":"Residential","legal_residence":true,"is_civic_exempt":false,"acres_cal":0.044,"land_appr":162200.0,"imp_appr":304100.0,"appraisal":466300.0,"value_per_acre":10597727.272727273,"tax_per_acre":104620.76363636363,"est_tax_net":4603.3135999999995,"assessment_ratio":0.04,"land_to_imp_ratio":0.5333771785596844,"centroid_lon":-79.78001586232325,"centroid_lat":32.87873898823105}},{"type":"Feature","geometry":{"type":"Polygon","coordinates":[[[-79.80155507695942,32.88822388693046],[-79.80158966547958,32.88827047785434],[-79.80188043057203,32.88811682241471],[-79.8018435197054,32.88807145550838],[-79.80155507695942,32.88822388693046]]]},"properties":{"area_short":"Park West","area_name":"Park West at Mt. Pleasant","era":"1990s-2000s","county":"Charleston","pid":"5830300242","address":"1658 BRIDWELL LN","owner1":"ROBINSON BRIAN H","subdivision":"PARK WEST 33B","legal_descr":"Block  Lot 19 GovLot  Tract","tax_district":"2-1","class_code":"120 - RESID-TWH","use_group":"Residential","legal_residence":false,"is_civic_exempt":false,"acres_cal":0.048,"land_appr":147200.0,"imp_appr":354100.0,"appraisal":501300.0,"value_per_acre":10443750.0,"tax_per_acre":154651.05,"est_tax_net":7423.250399999999,"assessment_ratio":0.06,"land_to_imp_ratio":0.4157017791584298,"centroid_lon":-79.80171719825759,"centroid_lat":32.88817069074105}},{"type":"Feature","geometry":{"type":"Polygon","coordinates":[[[-79.80270819598205,32.88339432687426],[-79.80307567336236,32.88356390279719],[-79.80320068843976,32.88337096091928],[-79.80282954822222,32.8831996964561],[-79.80270819598205,32.88339432687426]]]},"properties":{"area_short":"Park West","area_name":"Park West at Mt. Pleasant","era":"1990s-2000s","county":"Charleston","pid":"5830300277","address":"2835 WAGNER WAY","owner1":"BALASUBRAMANIAN SUNDARAVADIVEL","subdivision":"COVINGTON AT PARK WEST","legal_descr":"Block  Lot 29 GovLot  Tract","tax_district":"2-1","class_code":"101 - RESID-SFR","use_group":"Residential","legal_residence":true,"is_civic_exempt":false,"acres_cal":0.237,"land_appr":251200.0,"imp_appr":733700.0,"appraisal":984900.0,"value_per_acre":4155696.2025316455,"tax_per_acre":41025.03291139241,"est_tax_net":9722.9328,"assessment_ratio":0.04,"land_to_imp_ratio":0.34237426741174865,"centroid_lon":-79.80295362849957,"centroid_lat":32.88338206172907}},{"type":"Feature","geometry":{"type":"Polygon","coordinates":[[[-79.80206658055053,32.88898835548836],[-79.80210994526452,32.88905709529805],[-79.8024853849664,32.88888849440285],[-79.80244296889404,32.88881932827482],[-79.80206658055053,32.88898835548836]]]},"properties":{"area_short":"Park West","area_name":"Park West at Mt. Pleasant","era":"1990s-2000s","county":"Charleston","pid":"5830300230","address":"1686 BRIDWELL LN","owner1":"RIDDLE ASHLEY A","subdivision":"PARK WEST 33B","legal_descr":"Block  Lot 7 GovLot  Tract","tax_district":"2-1","class_code":"120 - RESID-TWH","use_group":"Residential","legal_residence":false,"is_civic_exempt":false,"acres_cal":0.085,"land_appr":149200.0,"imp_appr":397400.0,"appraisal":546600.0,"value_per_acre":6430588.235294118,"tax_per_acre":95224.15058823526,"est_tax_net":8094.052799999999,"assessment_ratio":0.06,"land_to_imp_ratio":0.37544036235530953,"centroid_lon":-79.80227621100639,"centroid_lat":32.88893830381437}},{"type":"Feature","geometry":{"type":"Polygon","coordinates":[[[-79.80286403178874,32.882376530877075],[-79.80303704957288,32.88245325111694],[-79.803240704499,32.8821876916729],[-79.80306769351505,32.88211096114163],[-79.80286403178874,32.882376530877075]]]},"properties":{"area_short":"Park West","area_name":"Park West at Mt. Pleasant","era":"1990s-2000s","county":"Charleston","pid":"5830300283","address":"1482 BRIGHTWOOD DR","owner1":"COLLINS ASHLEY DAWN","subdivision":"COVINGTON AT PARK WEST","legal_descr":"Block  Lot 35 GovLot  Tract","tax_district":"2-1","class_code":"101 - RESID-SFR","use_group":"Residential","legal_residence":true,"is_civic_exempt":false,"acres_cal":0.158,"land_appr":262200.0,"imp_appr":884300.0,"appraisal":1146500.0,"value_per_acre":7256329.113924051,"tax_per_acre":71634.48101265823,"est_tax_net":11318.248,"assessment_ratio":0.04,"land_to_imp_ratio":0.29650571073165216,"centroid_lon":-79.80305236938476,"centroid_lat":32.882282108358815}},{"type":"Feature","geometry":{"type":"Polygon","coordinates":[[[-79.78337719818806,32.89036033711174],[-79.78340846288549,32.89046707293702],[-79.78380873515282,32.890396551367544],[-79.78377744626556,32.89028982073129],[-79.78337719818806,32.89036033711174]]]},"properties":{"area_short":"Park West","area_name":"Park West at Mt. Pleasant","era":"1990s-2000s","county":"Charleston","pid":"5941300494","address":"1636 MERMENTAU ST","owner1":"BAUMANN LAWRENCE C","subdivision":"PARK WEST 12B","legal_descr":"Lot 28","tax_district":"2-1","class_code":"120 - RESID-TWH","use_group":"Residential","legal_residence":true,"is_civic_exempt":false,"acres_cal":0.23,"land_appr":150800.0,"imp_appr":396400.0,"appraisal":547200.0,"value_per_acre":2379130.4347826084,"tax_per_acre":23486.77565217391,"est_tax_net":5401.9583999999995,"assessment_ratio":0.04,"land_to_imp_ratio":0.38042381432896066,"centroid_lon":-79.78359296050665,"centroid_lat":32.89037844612872}},{"type":"Feature","geometry":{"type":"Polygon","coordinates":[[[-79.80182728681291,32.88860903721936],[-79.80185790121072,32.88865756493993],[-79.8021965932771,32.888505410658134],[-79.80215947893312,32.88845979439139],[-79.80182728681291,32.88860903721936]]]},"properties":{"area_short":"Park West","area_name":"Park West at Mt. Pleasant","era":"1990s-2000s","county":"Charleston","pid":"5830300236","address":"1672 BRIDWELL LN","owner1":"STRONG RANDY","subdivision":"PARK WEST 33B","legal_descr":"Block  Lot 13 GovLot  Tract","tax_district":"2-1","class_code":"120 - RESID-TWH","use_group":"Residential","legal_residence":true,"is_civic_exempt":false,"acres_cal":0.054,"land_appr":147500.0,"imp_appr":354100.0,"appraisal":501600.0,"value_per_acre":9288888.88888889,"tax_per_acre":91699.9111111111,"est_tax_net":4951.7952,"assessment_ratio":0.04,"land_to_imp_ratio":0.4165489974583451,"centroid_lon":-79.8020103735931,"centroid_lat":32.88855802600948}},{"type":"Feature","geometry":{"type":"Polygon","coordinates":[[[-79.8018147706924,32.884827952478624],[-79.8020520310443,32.88493742342499],[-79.80206833617363,32.88491826165263],[-79.80208766710679,32.88490215743623],[-79.8021094587808,32.88488958151851],[-79.80213307420271,32.884880901506406],[-79.8021578230696,32.88487637112557],[-79.80218298194674,32.88487612280366],[-79.80219468296328,32.88487600704318],[-79.80220619326933,32.88487389990221],[-79.80221717645354,32.8848698629661],[-79.8022273115107,32.884864014222245],[-79.80223630222383,32.88485652461171],[-79.80224388582161,32.884847613033116],[-79.8023186472792,32.88473223394127],[-79.80197343426126,32.88457295119578],[-79.80188656528209,32.884712386960395],[-79.8018147706924,32.884827952478624]]]},"properties":{"area_short":"Park West","area_name":"Park West at Mt. Pleasant","era":"1990s-2000s","county":"Charleston","pid":"5830300270","address":"2863 WAGNER WAY","owner1":"FULTON JONATHAN A","subdivision":"COVINGTON AT PARK WEST","legal_descr":"Block  Lot 22 GovLot  Tract","tax_district":"2-1","class_code":"101 - RESID-SFR","use_group":"Residential","legal_residence":true,"is_civic_exempt":false,"acres_cal":0.261,"land_appr":252500.0,"imp_appr":774000.0,"appraisal":1026500.0,"value_per_acre":3932950.1915708813,"tax_per_acre":38826.08429118774,"est_tax_net":10133.608,"assessment_ratio":0.04,"land_to_imp_ratio":0.32622739018087854,"centroid_lon":-79.80205770841873,"centroid_lat":32.88476440455796}},{"type":"Feature","geometry":{"type":"Polygon","coordinates":[[[-79.79971437631107,32.88918143636999],[-79.79973000080301,32.889219730771615],[-79.80003798741484,32.88913031657659],[-79.80002340848682,32.889094586964134],[-79.8000146719229,32.88907610550828],[-79.80000401636896,32.889058659851806],[-79.79970027511281,32.88914686691372],[-79.79971437631107,32.88918143636999]]]},"properties":{"area_short":"Park West","area_name":"Park West at Mt. Pleasant","era":"1990s-2000s","county":"Charleston","pid":"5941600790","address":"3635 BAGLEY DR","owner1":"RUTHERFORD LUCIA","subdivision":"PRESTON AT PARK WEST","legal_descr":"LOT 40","tax_district":"2-1","class_code":"120 - RESID-TWH","use_group":"Residential","legal_residence":false,"is_civic_exempt":false,"acres_cal":0.064,"land_appr":148100.0,"imp_appr":390400.0,"appraisal":538500.0,"value_per_acre":8414062.5,"tax_per_acre":124595.43749999999,"est_tax_net":7974.107999999999,"assessment_ratio":0.06,"land_to_imp_ratio":0.3793545081967213,"centroid_lon":-79.79986876296316,"centroid_lat":32.8891387690132}},{"type":"Feature","geometry":{"type":"Polygon","coordinates":[[[-79.80320409031769,32.88365220904222],[-79.80330190272308,32.88369732974294],[-79.80340941963983,32.88382266610518],[-79.80349486044975,32.88395179608234],[-79.80355312632804,32.883865285319466],[-79.80372286909164,32.88361325724809],[-79.80338988082178,32.883462871679264],[-79.80338007830771,32.88345919167666],[-79.8033697908412,32.88345724238605],[-79.80335932156541,32.883457081247656],[-79.80334897898094,32.88345871300977],[-79.80333906785512,32.88346208958888],[-79.80332988024145,32.88346711148654],[-79.80332168687345,32.88347363072131],[-79.80331472918702,32.8834814551894],[-79.80320409031769,32.88365220904222]]]},"properties":{"area_short":"Park West","area_name":"Park West at Mt. Pleasant","era":"1990s-2000s","county":"Charleston","pid":"5830300263","address":"2836 WAGNER WAY","owner1":"SHAW DANIEL J","subdivision":"COVINGTON AT PARK WEST","legal_descr":"Block  Lot 15 GovLot  Tract","tax_district":"2-1","class_code":"101 - RESID-SFR","use_group":"Residential","legal_residence":true,"is_civic_exempt":false,"acres_cal":0.311,"land_appr":270500.0,"imp_appr":967000.0,"appraisal":1237500.0,"value_per_acre":3979099.6784565914,"tax_per_acre":39281.67202572348,"est_tax_net":12216.6,"assessment_ratio":0.04,"land_to_imp_ratio":0.2797311271975181,"centroid_lon":-79.8034631447083,"centroid_lat":32.883666564533264}},{"type":"Feature","geometry":{"type":"Polygon","coordinates":[[[-79.8038091250133,32.88271619523332],[-79.8041951874748,32.88289456809413],[-79.80432396196957,32.882703364154935],[-79.80393413804082,32.8825232526272],[-79.8038091250133,32.88271619523332]]]},"properties":{"area_short":"Park West","area_name":"Park West at Mt. Pleasant","era":"1990s-2000s","county":"Charleston","pid":"5830300259","address":"2816 WAGNER WAY","owner1":"LOR FAMILY LIVING TRUST","subdivision":"COVINGTON AT PARK WEST","legal_descr":"Block  Lot 11 GovLot  Tract","tax_district":"2-1","class_code":"101 - RESID-SFR","use_group":"Residential","legal_residence":false,"is_civic_exempt":false,"acres_cal":0.249,"land_appr":251800.0,"imp_appr":897700.0,"appraisal":1149500.0,"value_per_acre":4616465.863453816,"tax_per_acre":68360.62650602408,"est_tax_net":17021.796,"assessment_ratio":0.06,"land_to_imp_ratio":0.2804945973042219,"centroid_lon":-79.80406570556778,"centroid_lat":32.8827091897732}},{"type":"Feature","geometry":{"type":"Polygon","coordinates":[[[-79.78331466664841,32.89014686608146],[-79.78334593198113,32.89025360192881],[-79.78374615823392,32.890183090760914],[-79.78371486872072,32.89007635943744],[-79.78331466664841,32.89014686608146]]]},"properties":{"area_short":"Park West","area_name":"Park West at Mt. Pleasant","era":"1990s-2000s","county":"Charleston","pid":"5941300495","address":"1632 MERMENTAU ST","owner1":"GOSE STEVEN","subdivision":"PARK WEST 12B","legal_descr":"Lot 30","tax_district":"2-1","class_code":"120 - RESID-TWH","use_group":"Residential","legal_residence":true,"is_civic_exempt":false,"acres_cal":0.23,"land_appr":150800.0,"imp_appr":445400.0,"appraisal":596200.0,"value_per_acre":2592173.913043478,"tax_per_acre":25589.940869565213,"est_tax_net":5885.6864,"assessment_ratio":0.04,"land_to_imp_ratio":0.3385720700493938,"centroid_lon":-79.78353040647562,"centroid_lat":32.89016498010499}},{"type":"Feature","geometry":{"type":"Polygon","coordinates":[[[-79.77914453497999,32.87769482326721],[-79.77916247953605,32.87770488985393],[-79.77917875857604,32.877717473021974],[-79.77919302189888,32.87773230207732],[-79.7792049626664,32.87774905801155],[-79.77921432400414,32.87776738036446],[-79.77922090452738,32.877786874978455],[-79.77923220805569,32.8777869869863],[-79.77925722000447,32.87778550863457],[-79.77928171637984,32.8777802445393],[-79.77930512757426,32.87777131710507],[-79.77932690921355,32.87775893391909],[-79.77938891088398,32.87771366114126],[-79.7794483538529,32.87766507755356],[-79.77950506153705,32.87761332748006],[-79.77955886547865,32.877558564651274],[-79.77948937138935,32.87749583479193],[-79.77943346960606,32.87744537427541],[-79.77914453497999,32.87769482326721]]]},"properties":{"area_short":"Park West","area_name":"Park West at Mt. Pleasant","era":"1990s-2000s","county":"Charleston","pid":"5980000446","address":"1173 PEACEHAVEN ST","owner1":"CROWTHER ADRIAN HEALEY","subdivision":"THE ABBY AT PARK WEST","legal_descr":"Block  Lot 8 GovLot  Tract","tax_district":"2-1","class_code":"101 - RESID-SFR","use_group":"Residential","legal_residence":true,"is_civic_exempt":false,"acres_cal":6.815,"land_appr":350100.0,"imp_appr":465700.0,"appraisal":815800.0,"value_per_acre":119706.52971386646,"tax_per_acre":1181.7428613352895,"est_tax_net":8053.577599999999,"assessment_ratio":0.04,"land_to_imp_ratio":0.7517715267339489,"centroid_lon":-79.77935500371233,"centroid_lat":32.87762589642069}},{"type":"Feature","geometry":{"type":"Polygon","coordinates":[[[-79.80278215941195,32.88179887058614],[-79.80281135502442,32.88181106168776],[-79.80295553093384,32.88187500367863],[-79.80312981388609,32.88159302142054],[-79.80295894818543,32.881517412655235],[-79.80278215941195,32.88179887058614]]]},"properties":{"area_short":"Park West","area_name":"Park West at Mt. Pleasant","era":"1990s-2000s","county":"Charleston","pid":"5830300250","address":"1475 BRIGHTWOOD DR","owner1":"TILLMAN BRIAN C","subdivision":"COVINGTON AT PARK WEST","legal_descr":"Block  Lot 2 GovLot  Tract","tax_district":"2-1","class_code":"101 - RESID-SFR","use_group":"Residential","legal_residence":true,"is_civic_exempt":false,"acres_cal":0.159,"land_appr":247000.0,"imp_appr":866200.0,"appraisal":1113200.0,"value_per_acre":7001257.86163522,"tax_per_acre":69116.41761006288,"est_tax_net":10989.5104,"assessment_ratio":0.04,"land_to_imp_ratio":0.2851535442161164,"centroid_lon":-79.80295649539505,"centroid_lat":32.88169625335073}},{"type":"Feature","geometry":{"type":"Polygon","coordinates":[[[-79.79983844707859,32.8894856071404],[-79.79986856801219,32.88955944541595],[-79.80017655277558,32.88947001288035],[-79.80013415704283,32.8893660769228],[-79.79982617024721,32.889455508662714],[-79.79983844707859,32.8894856071404]]]},"properties":{"area_short":"Park West","area_name":"Park West at Mt. Pleasant","era":"1990s-2000s","county":"Charleston","pid":"5941600786","address":"3651 BAGLEY DR","owner1":"SRM CONNELL FAMILY LIVING TRUST","subdivision":"PRESTON AT PARK WEST","legal_descr":"LOT 36","tax_district":"2-1","class_code":"120 - RESID-TWH","use_group":"Residential","legal_residence":true,"is_civic_exempt":false,"acres_cal":0.092,"land_appr":149600.0,"imp_appr":438900.0,"appraisal":588500.0,"value_per_acre":6396739.130434783,"tax_per_acre":63148.60869565217,"est_tax_net":5809.672,"assessment_ratio":0.04,"land_to_imp_ratio":0.3408521303258145,"centroid_lon":-79.80000136148952,"centroid_lat":32.88946276106559}},{"type":"Feature","geometry":{"type":"Polygon","coordinates":[[[-79.80349486044975,32.88395179608234],[-79.8034950915666,32.88395219016367],[-79.80350933247408,32.884067753580496],[-79.80352654225814,32.884097154132206],[-79.80396169423136,32.883866026776744],[-79.80383330198825,32.88369394185829],[-79.8038075226782,32.88366539915127],[-79.80377739235186,32.88364149470847],[-79.80374373481102,32.88362288210802],[-79.80372286909164,32.88361325724809],[-79.80355312632804,32.883865285319466],[-79.80349486044975,32.88395179608234]]]},"properties":{"area_short":"Park West","area_name":"Park West at Mt. Pleasant","era":"1990s-2000s","county":"Charleston","pid":"5830300362","address":"1504 HOPKINS LN","owner1":"STOCKLAS SHAWN MICHAEL","subdivision":"COVINGTON AT PARK WEST PHASE 2","legal_descr":"Block  Lot 209 GovLot  Tract","tax_district":"2-1","class_code":"101 - RESID-SFR","use_group":"Residential","legal_residence":true,"is_civic_exempt":false,"acres_cal":0.28325732,"land_appr":352200.0,"imp_appr":528400.0,"appraisal":880600.0,"value_per_acre":3108834.04531258,"tax_per_acre":30690.409695325787,"est_tax_net":8693.283199999998,"assessment_ratio":0.04,"land_to_imp_ratio":0.6665404996214989,"centroid_lon":-79.80370885347156,"centroid_lat":32.883859005247494}},{"type":"Feature","geometry":{"type":"Polygon","coordinates":[[[-79.77669262482966,32.87203963293532],[-79.77638798682767,32.87224969267087],[-79.77636387835737,32.87238067902467],[-79.77700668244967,32.873152417019206],[-79.77728248519014,32.87298881731699],[-79.77708767376683,32.87275495596943],[-79.77681581069913,32.872488648147474],[-79.77698691298869,32.87239828297071],[-79.77669262482966,32.87203963293532]]]},"properties":{"area_short":"Park West","area_name":"Park West at Mt. Pleasant","era":"1990s-2000s","county":"Charleston","pid":"5980000037","address":"1100 PARK WEST BLVD","owner1":"PARK WEST MASTER","subdivision":"PARK WEST","legal_descr":"TRACT C","tax_district":"2-1","class_code":"742 - HOA-PROP","use_group":"Institutional / Civic","legal_residence":false,"is_civic_exempt":false,"acres_cal":1.08354115,"land_appr":535.0,"imp_appr":0.0,"appraisal":535.0,"value_per_acre":493.7514371281607,"tax_per_acre":7.311471280993803,"est_tax_net":7.92228,"assessment_ratio":0.06,"land_to_imp_ratio":null,"centroid_lon":-79.77679006367232,"centroid_lat":32.87258356953723}},{"type":"Feature","geometry":{"type":"Polygon","coordinates":[[[-79.8048783371553,32.878370819870305],[-79.80489682535766,32.87841306408378],[-79.80491054678463,32.878457088050446],[-79.80491933437196,32.87850235575977],[-79.80492308112707,32.87854831605813],[-79.80531389220248,32.87854180320673],[-79.80531058476954,32.87848876701343],[-79.80530319104165,32.87843614468261],[-79.80520896451523,32.87825308485046],[-79.8048783371553,32.878370819870305]]]},"properties":{"area_short":"Park West","area_name":"Park West at Mt. Pleasant","era":"1990s-2000s","county":"Charleston","pid":"5830300210","address":"2576 LARCH LN","owner1":"BACH LAWRENCE TRUST","subdivision":"PARK WEST","legal_descr":"Lot 14","tax_district":"2-1","class_code":"101 - RESID-SFR","use_group":"Residential","legal_residence":true,"is_civic_exempt":false,"acres_cal":0.235,"land_appr":235300.0,"imp_appr":609700.0,"appraisal":845000.0,"value_per_acre":3595744.680851064,"tax_per_acre":35497.1914893617,"est_tax_net":8341.839999999998,"assessment_ratio":0.04,"land_to_imp_ratio":0.3859275053304904,"centroid_lon":-79.80510682150435,"centroid_lat":32.87842613620077}},{"type":"Feature","geometry":{"type":"Polygon","coordinates":[[[-79.80214055917943,32.88910562360704],[-79.80219898600564,32.889198238972384],[-79.80255789027561,32.88903706382261],[-79.8025362675158,32.888987334895354],[-79.80251251938697,32.888938585163835],[-79.80214055917943,32.88910562360704]]]},"properties":{"area_short":"Park West","area_name":"Park West at Mt. Pleasant","era":"1990s-2000s","county":"Charleston","pid":"5830300228","address":"1690 BRIDWELL LN","owner1":"LANIER LIVING TRUST","subdivision":"PARK WEST 33B","legal_descr":"Block  Lot 5 GovLot  Tract","tax_district":"2-1","class_code":"120 - RESID-TWH","use_group":"Residential","legal_residence":true,"is_civic_exempt":false,"acres_cal":0.112,"land_appr":100000.0,"imp_appr":435000.0,"appraisal":535000.0,"value_per_acre":4776785.714285715,"tax_per_acre":47156.428571428565,"est_tax_net":5281.5199999999995,"assessment_ratio":0.04,"land_to_imp_ratio":0.22988505747126436,"centroid_lon":-79.80235260144609,"centroid_lat":32.88906947391261}},{"type":"Feature","geometry":{"type":"Polygon","coordinates":[[[-79.77965004360843,32.87830614088688],[-79.77985898932843,32.87850500241351],[-79.77995213442983,32.87843550507216],[-79.77974917360542,32.878242357184206],[-79.77965004360843,32.87830614088688]]]},"properties":{"area_short":"Park West","area_name":"Park West at Mt. Pleasant","era":"1990s-2000s","county":"Charleston","pid":"5980000425","address":"3369 EASTMAN DR","owner1":"DECKER BRYAN","subdivision":"PARK WEST","legal_descr":"Lot 18","tax_district":"2-1","class_code":"120 - RESID-TWH","use_group":"Residential","legal_residence":true,"is_civic_exempt":false,"acres_cal":0.083,"land_appr":146900.0,"imp_appr":350500.0,"appraisal":497400.0,"value_per_acre":5992771.084337349,"tax_per_acre":59160.636144578304,"est_tax_net":4910.332799999999,"assessment_ratio":0.04,"land_to_imp_ratio":0.41911554921540656,"centroid_lon":-79.77980235394867,"centroid_lat":32.878372414902984}},{"type":"Feature","geometry":{"type":"Polygon","coordinates":[[[-79.77965273732735,32.87869406792827],[-79.77974777427436,32.879021069352646],[-79.77981111785604,32.87900786753092],[-79.7797202827806,32.87869522591523],[-79.77968648975089,32.87869583120205],[-79.77965273732735,32.87869406792827]]]},"properties":{"area_short":"Park West","area_name":"Park West at Mt. Pleasant","era":"1990s-2000s","county":"Charleston","pid":"5980000419","address":"3378 EASTMAN DR","owner1":"SCHOENFELD ALIX L","subdivision":"PARK WEST","legal_descr":"Lot 12","tax_district":"2-1","class_code":"120 - RESID-TWH","use_group":"Residential","legal_residence":true,"is_civic_exempt":false,"acres_cal":0.055,"land_appr":162800.0,"imp_appr":307600.0,"appraisal":470400.0,"value_per_acre":8552727.272727273,"tax_per_acre":84432.52363636362,"est_tax_net":4643.788799999999,"assessment_ratio":0.04,"land_to_imp_ratio":0.52925877763329,"centroid_lon":-79.77973281601295,"centroid_lat":32.87885486622072}},{"type":"Feature","geometry":{"type":"Polygon","coordinates":[[[-79.80455723502541,32.879286223016436],[-79.80490648282975,32.87943437197701],[-79.80499426846822,32.87928702288406],[-79.80464502110488,32.87913887417551],[-79.80455723502541,32.879286223016436]]]},"properties":{"area_short":"Park West","area_name":"Park West at Mt. Pleasant","era":"1990s-2000s","county":"Charleston","pid":"5830300206","address":"2596 LARCH LN","owner1":"PERRELLA ADAM RICHARD","subdivision":"PARK WEST","legal_descr":"Lot 9","tax_district":"2-1","class_code":"101 - RESID-SFR","use_group":"Residential","legal_residence":true,"is_civic_exempt":false,"acres_cal":0.165,"land_appr":202700.0,"imp_appr":773800.0,"appraisal":976500.0,"value_per_acre":5918181.818181818,"tax_per_acre":58424.290909090894,"est_tax_net":9640.007999999998,"assessment_ratio":0.04,"land_to_imp_ratio":0.2619539932799173,"centroid_lon":-79.80477575185742,"centroid_lat":32.87928662303419}},{"type":"Feature","geometry":{"type":"Polygon","coordinates":[[[-79.77736845074546,32.87729273605726],[-79.77766630180038,32.87757352406768],[-79.777680673757,32.87756288202463],[-79.77775186325167,32.87751119979657],[-79.77775671230499,32.87750748213014],[-79.77776088219849,32.87750301599647],[-79.77776425884466,32.87749792358815],[-79.77776674985908,32.87749234423254],[-79.77776828708804,32.877486430579786],[-79.77776882847326,32.87748034442633],[-79.77776835920253,32.877474252288216],[-79.777766892115,32.877468320845225],[-79.77776446734994,32.877462712380535],[-79.77776115124844,32.87745758034071],[-79.77775703453847,32.877453065137416],[-79.77754048558619,32.877240685625694],[-79.77753131510579,32.87723365256898],[-79.77752111435336,32.877228220603676],[-79.77751016018436,32.877224537157076],[-79.77749874990252,32.87722270220047],[-79.7774871931908,32.877222765535855],[-79.77747580370634,32.87722472544426],[-79.77746489056761,32.87722852873242],[-79.7774547499648,32.877234072176456],[-79.77737315743464,32.877289516732034],[-79.77736845074546,32.87729273605726]]]},"properties":{"area_short":"Park West","area_name":"Park West at Mt. Pleasant","era":"1990s-2000s","county":"Charleston","pid":"5980000433","address":"3423 SALTERBECK ST","owner1":"MARQUARDT MARIE T","subdivision":"PARK WEST","legal_descr":"Block  Lot 5 GovLot  Tract","tax_district":"2-1","class_code":"101 - RESID-SFR","use_group":"Residential","legal_residence":true,"is_civic_exempt":false,"acres_cal":0.157,"land_appr":349500.0,"imp_appr":433300.0,"appraisal":782800.0,"value_per_acre":4985987.261146497,"tax_per_acre":49221.66624203821,"est_tax_net":7727.801599999999,"assessment_ratio":0.04,"land_to_imp_ratio":0.8066005077313639,"centroid_lon":-79.77757933153107,"centroid_lat":32.87738823005368}},{"type":"Feature","geometry":{"type":"Polygon","coordinates":[[[-79.80153628280713,32.88841844676333],[-79.80006409271898,32.88840337921403],[-79.8001786229371,32.888569599362064],[-79.80026040896661,32.888690548035655],[-79.80036634789714,32.888847212227],[-79.80040523977038,32.8889047255685],[-79.80044413167657,32.88896224022812],[-79.80052842136963,32.889086888665766],[-79.80059722940686,32.88918864170308],[-79.80063679926751,32.88924715813156],[-79.80067636918126,32.889305674547536],[-79.8007159399273,32.8893641916238],[-79.8007846510359,32.889465800578904],[-79.8008533136077,32.88956733850457],[-79.80089286837415,32.88962583075234],[-79.80092585090516,32.889674606744144],[-79.80093301973363,32.88968520693851],[-79.80126847542137,32.890181270363314],[-79.8015109109181,32.89006548823362],[-79.80161816883968,32.890018753176996],[-79.80172791085968,32.88997819314367],[-79.80183978180558,32.8899439394034],[-79.80195341961472,32.88991610281608],[-79.80206845650609,32.88989477347292],[-79.8021845201707,32.88988002040486],[-79.80230123497643,32.88987189135921],[-79.80241822318379,32.889870412645074],[-79.80241918323486,32.889807748190954],[-79.80253631746183,32.88981214904549],[-79.80259433235591,32.889770507003576],[-79.80260604773927,32.88975101903359],[-79.80258345959433,32.889620299619686],[-79.80253530332182,32.889622242993354],[-79.80248731861798,32.889617740607136],[-79.80244036438998,32.88960687305195],[-79.80239528109982,32.88958983485273],[-79.80235287572052,32.88956693098647],[-79.80231390729152,32.88953857142327],[-79.80227907333222,32.88950526378807],[-79.80224899735666,32.88946760427429],[-79.8015933881021,32.88841903078076],[-79.80153628280713,32.88841844676333]]]},"properties":{"area_short":"Park West","area_name":"Park West at Mt. Pleasant","era":"1990s-2000s","county":"Charleston","pid":"5830300353","address":"0 PARK WEST BLVD","owner1":"TOWN OF MOUNT PLEASANT SC","subdivision":"PARK WEST","legal_descr":"Lot PARCEL 30B","tax_district":"2-1","class_code":"990 - UNDEVELOPABLE","use_group":"Vacant / Other","legal_residence":false,"is_civic_exempt":false,"acres_cal":6.015,"land_appr":758038.0,"imp_appr":0.0,"appraisal":758038.0,"value_per_acre":126024.60515378222,"tax_per_acre":1866.1723531172067,"est_tax_net":11225.026703999998,"assessment_ratio":0.06,"land_to_imp_ratio":null,"centroid_lon":-79.80132902468377,"centroid_lat":32.88919641585956}},{"type":"Feature","geometry":{"type":"Polygon","coordinates":[[[-79.80330155207261,32.8820284648114],[-79.80350345628919,32.882118008978644],[-79.80363937286897,32.881899652123785],[-79.8036794710044,32.88183624442994],[-79.80347702927797,32.881746664698184],[-79.80330155207261,32.8820284648114]]]},"properties":{"area_short":"Park West","area_name":"Park West at Mt. Pleasant","era":"1990s-2000s","county":"Charleston","pid":"5830300253","address":"1487 BRIGHTWOOD DR","owner1":"KAPOOR NIREN","subdivision":"COVINGTON AT PARK WEST","legal_descr":"Block  Lot 5 GovLot  Tract","tax_district":"2-1","class_code":"101 - RESID-SFR","use_group":"Residential","legal_residence":true,"is_civic_exempt":false,"acres_cal":0.185,"land_appr":248400.0,"imp_appr":828900.0,"appraisal":1077300.0,"value_per_acre":5823243.243243244,"tax_per_acre":57487.057297297295,"est_tax_net":10635.105599999999,"assessment_ratio":0.04,"land_to_imp_ratio":0.2996742671009772,"centroid_lon":-79.80349030763168,"centroid_lat":32.881932281007956}},{"type":"Feature","geometry":{"type":"Polygon","coordinates":[[[-79.78353892646496,32.89091245499251],[-79.78358042443041,32.891054119559215],[-79.78393276105147,32.89099361827733],[-79.7839082541123,32.890910022098865],[-79.78389838526242,32.89086639765892],[-79.78353892646496,32.89091245499251]]]},"properties":{"area_short":"Park West","area_name":"Park West at Mt. Pleasant","era":"1990s-2000s","county":"Charleston","pid":"5941300472","address":"1646 MERMENTAU ST","owner1":"KELLY BERNARD","subdivision":"PARK WEST 12B","legal_descr":"Lot 23","tax_district":"2-1","class_code":"120 - RESID-TWH","use_group":"Residential","legal_residence":true,"is_civic_exempt":false,"acres_cal":0.247,"land_appr":151100.0,"imp_appr":481700.0,"appraisal":632800.0,"value_per_acre":2561943.319838057,"tax_per_acre":25291.504453441295,"est_tax_net":6247.0016,"assessment_ratio":0.04,"land_to_imp_ratio":0.31368071413742993,"centroid_lon":-79.78373387674219,"centroid_lat":32.89095712975261}},{"type":"Feature","geometry":{"type":"Polygon","coordinates":[[[-79.8018100519645,32.883436183410545],[-79.80249293205635,32.883739678062376],[-79.80258686122157,32.883588965334084],[-79.80264005012752,32.88350362274669],[-79.80195118795126,32.883197675545205],[-79.8018100519645,32.883436183410545]]]},"properties":{"area_short":"Park West","area_name":"Park West at Mt. Pleasant","era":"1990s-2000s","county":"Charleston","pid":"5830300173","address":"0 BESSEMER RD","owner1":"MINEO CHARLES","subdivision":null,"legal_descr":"TRACT 36A-1 Subdivision Name -PARK WEST Subdivision Name -PARK WEST","tax_district":"2-1","class_code":"952 - VAC-COMM-LOT","use_group":"Vacant / Other","legal_residence":false,"is_civic_exempt":false,"acres_cal":0.53097761,"land_appr":160000.0,"imp_appr":0.0,"appraisal":160000.0,"value_per_acre":301330.9732589289,"tax_per_acre":4462.10905201822,"est_tax_net":2369.2799999999997,"assessment_ratio":0.06,"land_to_imp_ratio":null,"centroid_lon":-79.80222369740937,"centroid_lat":32.883469137571545}},{"type":"Feature","geometry":{"type":"Polygon","coordinates":[[[-79.80393413804082,32.8825232526272],[-79.80432396196957,32.882703364154935],[-79.80445328316698,32.8825113465209],[-79.80405946223541,32.88232982798379],[-79.80393413804082,32.8825232526272]]]},"properties":{"area_short":"Park West","area_name":"Park West at Mt. Pleasant","era":"1990s-2000s","county":"Charleston","pid":"5830300258","address":"2812 WAGNER WAY","owner1":"MERSCHBACH MATTHEW","subdivision":"COVINGTON AT PARK WEST","legal_descr":"Block  Lot 10 GovLot  Tract","tax_district":"2-1","class_code":"101 - RESID-SFR","use_group":"Residential","legal_residence":true,"is_civic_exempt":false,"acres_cal":0.253,"land_appr":252000.0,"imp_appr":747800.0,"appraisal":999800.0,"value_per_acre":3951778.656126482,"tax_per_acre":39011.95889328063,"est_tax_net":9870.025599999999,"assessment_ratio":0.04,"land_to_imp_ratio":0.3369884995988232,"centroid_lon":-79.8041928703951,"centroid_lat":32.88251681928449}},{"type":"Feature","geometry":{"type":"Polygon","coordinates":[[[-79.80006131087926,32.88918749589942],[-79.80003798741484,32.88913031657659],[-79.79973000080301,32.889219730771615],[-79.79973769956787,32.88923861641987],[-79.79975332483198,32.889276913486924],[-79.80006131087926,32.88918749589942]]]},"properties":{"area_short":"Park West","area_name":"Park West at Mt. Pleasant","era":"1990s-2000s","county":"Charleston","pid":"5941600789","address":"3639 BAGLEY DR","owner1":"CZARZASTY SNEZANA","subdivision":"PRESTON AT PARK WEST","legal_descr":"LOT 39","tax_district":"2-1","class_code":"120 - RESID-TWH","use_group":"Residential","legal_residence":false,"is_civic_exempt":false,"acres_cal":0.05,"land_appr":147300.0,"imp_appr":383400.0,"appraisal":530700.0,"value_per_acre":10614000.0,"tax_per_acre":157172.11199999996,"est_tax_net":7858.605599999999,"assessment_ratio":0.06,"land_to_imp_ratio":0.3841940532081377,"centroid_lon":-79.79989565356166,"centroid_lat":32.889203614875825}},{"type":"Feature","geometry":{"type":"MultiPolygon","coordinates":[[[[-79.77894422581669,32.877080027522894],[-79.77914423630797,32.87722073402665],[-79.77929076025491,32.87733116368685],[-79.77943346960606,32.87744537427541],[-79.77948937138935,32.87749583479193],[-79.77955886547865,32.877558564651274],[-79.77964690450477,32.87746354076779],[-79.77950184778256,32.8773678145871],[-79.7792835524497,32.87722375656826],[-79.77941648350416,32.87708728037749],[-79.77907573445628,32.876862507033415],[-79.77894422581669,32.877080027522894]]],[[[-79.7783305914018,32.87777835566231],[-79.77832984004036,32.87777835947629],[-79.77832871164345,32.87777837749062],[-79.77832148670916,32.87777898638616],[-79.77831438933002,32.87778046882958],[-79.7783075247246,32.87778280284364],[-79.77830650167483,32.87778323568594],[-79.77830130399128,32.87778583110993],[-79.77829641777046,32.8777889738772],[-79.7780574064874,32.877962419447805],[-79.77802826187084,32.87798582862994],[-79.77800176496105,32.87801219740417],[-79.77797821477367,32.87804122820087],[-79.77797291553178,32.878052617314204],[-79.7779696189749,32.878064738641676],[-79.77796842009441,32.87807724290305],[-79.77796935343652,32.87808976978373],[-79.77797239210662,32.878101958317316],[-79.77797744854439,32.878113457287014],[-79.77798437704685,32.87812393534603],[-79.77799297796678,32.87813309056549],[-79.77800300346573,32.87814065913458],[-79.77801416465546,32.87814642296236],[-79.77802613992245,32.87815021596216],[-79.77803858419524,32.87815192883737],[-79.77805113888785,32.8781515122309],[-79.77806344223242,32.87814897814741],[-79.77811721970893,32.878139864105016],[-79.77845838132615,32.878068154172986],[-79.77846538470335,32.87806673035786],[-79.77847206915212,32.878064201981644],[-79.77847826168399,32.8780606344768],[-79.77848380204091,32.87805612016767],[-79.77848854684262,32.87805077588115],[-79.77849237329724,32.87804473992334],[-79.77849518237903,32.87803816850026],[-79.77849690139107,32.878031231675386],[-79.77849748584661,32.878024108968496],[-79.7784969206204,32.878016984709866],[-79.77848185965668,32.87796729178453],[-79.77846138128861,32.877919575373326],[-79.77843573809415,32.87787442400529],[-79.7784052463537,32.87783239457249],[-79.77837028214906,32.877794005461396],[-79.77836495666173,32.87778939583272],[-79.77835903997568,32.87778557453476],[-79.77835807211224,32.87778505065226],[-79.77834930479793,32.87778137331905],[-79.77834006768198,32.87777912292605],[-79.7783305914018,32.87777835566231]]]]},"properties":{"area_short":"Park West","area_name":"Park West at Mt. Pleasant","era":"1990s-2000s","county":"Charleston","pid":"5980000471","address":"0 PEACEHAVEN ST","owner1":"ABBEY AT PARK WEST POA INC","subdivision":"THE ABBY AT PARK WEST","legal_descr":"Lot POA 1 & 2","tax_district":"2-1","class_code":"742 - HOA-PROP","use_group":"Institutional / Civic","legal_residence":false,"is_civic_exempt":false,"acres_cal":0.67,"land_appr":459.0,"imp_appr":0.0,"appraisal":459.0,"value_per_acre":685.0746268656716,"tax_per_acre":10.144585074626864,"est_tax_net":6.796872,"assessment_ratio":0.06,"land_to_imp_ratio":null,"centroid_lon":-79.77879412813972,"centroid_lat":32.877544070701624}},{"type":"Feature","geometry":{"type":"Polygon","coordinates":[[[-79.77965672539476,32.875522457548136],[-79.77965347976308,32.8755226853139],[-79.77965025114082,32.87552304962248],[-79.77964704821703,32.875523549230174],[-79.77964387967158,32.87552418355803],[-79.7796407518382,32.875524950673615],[-79.77963767419432,32.87552584934088],[-79.77963465310161,32.875526875631785],[-79.77963169645157,32.8755280289597],[-79.77962881139425,32.875529305404555],[-79.77962600664665,32.875530701726895],[-79.77962328698467,32.87553221464824],[-79.77962066113477,32.875533840264104],[-79.77961813467033,32.875535574638604],[-79.77961571396236,32.8755374131786],[-79.77961340537257,32.875539351956064],[-79.7796112145024,32.875541385039675],[-79.77960914613695,32.87554350848577],[-79.7790071747332,32.876193598607784],[-79.77900501343328,32.87619593864991],[-79.7790030161059,32.876198110026166],[-79.77900102424952,32.87620028478315],[-79.77899903785479,32.876202463585976],[-79.7789970577193,32.87620464577736],[-79.77899508226662,32.87620683134158],[-79.77899311228487,32.876209020286495],[-79.77899114776483,32.87621121327723],[-79.77898918951333,32.876213408991426],[-79.77898723593522,32.876215608743586],[-79.77898528782815,32.8762178118764],[-79.77898334519205,32.876220018389944],[-79.77898140880592,32.87622222895722],[-79.77897947712113,32.87622444156703],[-79.77897755089799,32.87622665822273],[-79.77897563093416,32.87622887826696],[-79.77897371643198,32.876231102357025],[-79.77897180662184,32.87623332915479],[-79.77896990307096,32.876235559341104],[-79.77896800498175,32.87623779357328],[-79.77896611237284,32.87624003052098],[-79.77896422602316,32.87624227085729],[-79.77896234435626,32.87624451456638],[-79.77896046893925,32.87624676232926],[-79.77895859821434,32.876249012799796],[-79.77895673453693,32.87625126666677],[-79.77895487476329,32.87625352323358],[-79.77895302202782,32.87625578386195],[-79.77895117397513,32.87625804786315],[-79.77894933219099,32.876260314587775],[-79.77894749508961,32.87626258468525],[-79.77894566503569,32.876264858179205],[-79.77894384045278,32.876267135053816],[-79.77894202135018,32.876269414643986],[-79.77894020770928,32.876271698279986],[-79.77893839953931,32.87627398529673],[-79.77893659764727,32.876276274371726],[-79.77893480121688,32.876278567492584],[-79.77893301026684,32.87628086332902],[-79.77893122557604,32.87628316255401],[-79.7789294463562,32.87628546515971],[-79.77892767261667,32.87628777048094],[-79.77892590513639,32.876290079190795],[-79.77892414391539,32.87629239128918],[-79.77892238659817,32.87629470608742],[-79.77892063632844,32.876297024282124],[-79.778918891539,32.87629934519232],[-79.77891715222061,32.87630166948327],[-79.77891541916144,32.87630399716278],[-79.77891369237082,32.87630632756571],[-79.77891197106054,32.87630866068424],[-79.77891025522128,32.876310997183396],[-79.77890854564117,32.87631333707123],[-79.77890684154144,32.87631567967459],[-79.77890514371025,32.87631802500134],[-79.7789034513501,32.876320373708836],[-79.77890176524916,32.87632272580487],[-79.77890008542607,32.87632507995921],[-79.77889840948824,32.87632743814368],[-79.77889674140468,32.87632979840215],[-79.77889507800398,32.87633216203353],[-79.77889342166003,32.87633452839613],[-79.77889176999885,32.876336898131626],[-79.77889012540376,32.876339269933226],[-79.77888848627971,32.87634164511556],[-79.77888685262663,32.87634402367859],[-79.77888522524213,32.876346404965076],[-79.77888360412622,32.87634878897499],[-79.77888198849058,32.876351175700464],[-79.77888037912352,32.876353565149365],[-79.77887877601569,32.87635595798685],[-79.7788771783882,32.8763583535399],[-79.77887558624106,32.87636075180853],[-79.77887400115068,32.87636315280847],[-79.77887242154063,32.87636555652392],[-79.77887084819913,32.87636796296284],[-79.77886928032868,32.87637037278249],[-79.77886771873607,32.87637278466038],[-79.7788661634027,32.8763751999269],[-79.77886461434724,32.87637761725169],[-79.77886306997456,32.87638003794934],[-79.77886153265864,32.876382461378284],[-79.7788600016113,32.876384887530655],[-79.77885847605359,32.8763873157334],[-79.77885695675518,32.876389747324815],[-79.77885544372528,32.87639218163961],[-79.7788539369733,32.87639461801273],[-79.77885243569229,32.87639705776654],[-79.7788509406892,32.87639949957866],[-79.77884945194535,32.87640194477937],[-79.77884796947939,32.87640439203834],[-79.7786899999915,32.87666581745306],[-79.7789420576083,32.87677432698168],[-79.7790234591387,32.87682802354579],[-79.77907573445628,32.876862507033415],[-79.77941648350416,32.87708728037749],[-79.77950061678737,32.877142531894556],[-79.78053258481685,32.876082556060666],[-79.7797006109024,32.87553399431827],[-79.77969685392101,32.875531723018],[-79.77969410671543,32.87553024675855],[-79.77969127587714,32.87552888807779],[-79.7796883676562,32.875527651029465],[-79.77968538991628,32.87552653702229],[-79.77968234968624,32.87552555078304],[-79.77967925482983,32.8755246937205],[-79.77967611319208,32.875523968573866],[-79.77967293264597,32.87552337608671],[-79.7796697210366,32.87552291899819],[-79.7796664870251,32.87552259805987],[-79.77966323690805,32.87552241399966],[-79.77965998014423,32.87552236691197],[-79.77965672539476,32.875522457548136]]]},"properties":{"area_short":"Park West","area_name":"Park West at Mt. Pleasant","era":"1990s-2000s","county":"Charleston","pid":"5980000066","address":"3404 SALTERBECK ST","owner1":"HARBIT CLAUDIA RYANNA","subdivision":null,"legal_descr":"UNIT 201; PARK WEST HEALTH INST","tax_district":"2-1","class_code":"250 - SPCLTY-COMMCONDO","use_group":"Specialty / condo","legal_residence":false,"is_civic_exempt":false,"acres_cal":3.846,"land_appr":60000.0,"imp_appr":384500.0,"appraisal":444500.0,"value_per_acre":115574.62298491939,"tax_per_acre":1711.4290171606863,"est_tax_net":6582.156,"assessment_ratio":0.06,"land_to_imp_ratio":0.15604681404421328,"centroid_lon":-79.77959101322755,"centroid_lat":32.87632354037209}},{"type":"Feature","geometry":{"type":"Polygon","coordinates":[[[-79.77957869340294,32.87762532316189],[-79.77987007118067,32.87783046435764],[-79.7799095653518,32.877789188725025],[-79.77995731108378,32.877737613599166],[-79.77999709620147,32.87769463849734],[-79.77969822256468,32.8774974064202],[-79.77961019799075,32.8775924131885],[-79.77957869340294,32.87762532316189]]]},"properties":{"area_short":"Park West","area_name":"Park West at Mt. Pleasant","era":"1990s-2000s","county":"Charleston","pid":"5980000447","address":"3325 STOCKDALE ST","owner1":"MCMANUS ANDREA NICOLE","subdivision":"THE ABBY AT PARK WEST","legal_descr":"Block  Lot 9 GovLot  Tract","tax_district":"2-1","class_code":"101 - RESID-SFR","use_group":"Residential","legal_residence":true,"is_civic_exempt":false,"acres_cal":6.815,"land_appr":349900.0,"imp_appr":455900.0,"appraisal":805800.0,"value_per_acre":118239.17828319882,"tax_per_acre":1167.2571680117387,"est_tax_net":7954.857599999999,"assessment_ratio":0.04,"land_to_imp_ratio":0.7674928712436938,"centroid_lon":-79.77978775698534,"centroid_lat":32.87766313882335}},{"type":"Feature","geometry":{"type":"Polygon","coordinates":[[[-79.80167324748648,32.88838306582596],[-79.80170783613295,32.88842965671707],[-79.80200654112245,32.888271823138716],[-79.80196963013371,32.88822645560466],[-79.80167324748648,32.88838306582596]]]},"properties":{"area_short":"Park West","area_name":"Park West at Mt. Pleasant","era":"1990s-2000s","county":"Charleston","pid":"5830300239","address":"1664 BRIDWELL LN","owner1":"ABNER THOMAS M","subdivision":"PARK WEST 33B","legal_descr":"Block  Lot 16 GovLot  Tract","tax_district":"2-1","class_code":"120 - RESID-TWH","use_group":"Residential","legal_residence":false,"is_civic_exempt":false,"acres_cal":0.049,"land_appr":147300.0,"imp_appr":354100.0,"appraisal":501400.0,"value_per_acre":10232653.061224489,"tax_per_acre":151525.12653061224,"est_tax_net":7424.731199999999,"assessment_ratio":0.06,"land_to_imp_ratio":0.4159841852584016,"centroid_lon":-79.80183933839025,"centroid_lat":32.88832777943993}},{"type":"Feature","geometry":{"type":"Polygon","coordinates":[[[-79.80312854135101,32.88195173436699],[-79.80330155207261,32.8820284648114],[-79.80347702927797,32.881746664698184],[-79.80330364515723,32.881669942159895],[-79.80312854135101,32.88195173436699]]]},"properties":{"area_short":"Park West","area_name":"Park West at Mt. Pleasant","era":"1990s-2000s","county":"Charleston","pid":"5830300252","address":"1483 BRIGHTWOOD DR","owner1":"SLATER MARK ANDREW","subdivision":"COVINGTON AT PARK WEST","legal_descr":"Block  Lot 4 GovLot  Tract","tax_district":"2-1","class_code":"101 - RESID-SFR","use_group":"Residential","legal_residence":true,"is_civic_exempt":false,"acres_cal":0.159,"land_appr":247000.0,"imp_appr":721100.0,"appraisal":968100.0,"value_per_acre":6088679.245283019,"tax_per_acre":60107.44150943396,"est_tax_net":9557.0832,"assessment_ratio":0.04,"land_to_imp_ratio":0.3425322424074331,"centroid_lon":-79.80330272328813,"centroid_lat":32.88184916542479}},{"type":"Feature","geometry":{"type":"Polygon","coordinates":[[[-79.80399042436102,32.879159259777765],[-79.8043574467914,32.879315009246795],[-79.80443791829896,32.87917993989216],[-79.80407603189285,32.87902636357925],[-79.80406669832459,32.87904085372174],[-79.80399042436102,32.879159259777765]]]},"properties":{"area_short":"Park West","area_name":"Park West at Mt. Pleasant","era":"1990s-2000s","county":"Charleston","pid":"5830300203","address":"2597 LARCH LN","owner1":"LOEHR THOMAS O","subdivision":"PARK WEST","legal_descr":"Lot 5","tax_district":"2-1","class_code":"101 - RESID-SFR","use_group":"Residential","legal_residence":false,"is_civic_exempt":false,"acres_cal":0.158,"land_appr":200600.0,"imp_appr":711100.0,"appraisal":911700.0,"value_per_acre":5770253.1645569615,"tax_per_acre":85445.90886075949,"est_tax_net":13500.453599999999,"assessment_ratio":0.06,"land_to_imp_ratio":0.2820981577837154,"centroid_lon":-79.80421535682328,"centroid_lat":32.87917029993745}},{"type":"Feature","geometry":{"type":"Polygon","coordinates":[[[-79.80295089992067,32.88300506592062],[-79.80332570375218,32.883178018924376],[-79.80345071771399,32.88298507746217],[-79.80307214148573,32.882810435527375],[-79.80305698393994,32.88283476539066],[-79.80295089992067,32.88300506592062]]]},"properties":{"area_short":"Park West","area_name":"Park West at Mt. Pleasant","era":"1990s-2000s","county":"Charleston","pid":"5830300279","address":"2827 WAGNER WAY","owner1":"DUBRAVSKI STEVEN J Jr","subdivision":"COVINGTON AT PARK WEST","legal_descr":"Block  Lot 31 GovLot  Tract","tax_district":"2-1","class_code":"101 - RESID-SFR","use_group":"Residential","legal_residence":true,"is_civic_exempt":false,"acres_cal":0.242,"land_appr":266800.0,"imp_appr":992800.0,"appraisal":1259600.0,"value_per_acre":5204958.677685951,"tax_per_acre":51383.352066115694,"est_tax_net":12434.771199999997,"assessment_ratio":0.04,"land_to_imp_ratio":0.2687348912167607,"centroid_lon":-79.80319997394372,"centroid_lat":32.882994491609054}},{"type":"Feature","geometry":{"type":"Polygon","coordinates":[[[-79.80405946223541,32.88232982798379],[-79.80445328316698,32.8825113465209],[-79.80455486683394,32.88236052412288],[-79.80465320383183,32.88221451020907],[-79.80418027957333,32.88220382536205],[-79.80417746860374,32.88222124800861],[-79.80417198443625,32.8822380222171],[-79.80416396030479,32.88225374047011],[-79.8041535911499,32.882268020903936],[-79.80414112888278,32.882280516585645],[-79.80412687626527,32.882290923941596],[-79.80411117955455,32.88229899013251],[-79.80409442009096,32.88230451919606],[-79.80408415115481,32.88230845196123],[-79.80407471773049,32.88231410246538],[-79.8040664044728,32.88232130020379],[-79.80405946223541,32.88232982798379]]]},"properties":{"area_short":"Park West","area_name":"Park West at Mt. Pleasant","era":"1990s-2000s","county":"Charleston","pid":"5830300257","address":"2808 WAGNER WAY","owner1":"BANKS GARY CLARK IV","subdivision":"COVINGTON AT PARK WEST","legal_descr":"Block  Lot 9 GovLot  Tract","tax_district":"2-1","class_code":"101 - RESID-SFR","use_group":"Residential","legal_residence":true,"is_civic_exempt":false,"acres_cal":0.268,"land_appr":252900.0,"imp_appr":754000.0,"appraisal":1006900.0,"value_per_acre":3757089.5522388057,"tax_per_acre":37089.988059701485,"est_tax_net":9940.116799999998,"assessment_ratio":0.04,"land_to_imp_ratio":0.33541114058355437,"centroid_lon":-79.80436806301785,"centroid_lat":32.88232415405474}},{"type":"Feature","geometry":{"type":"Polygon","coordinates":[[[-79.7852410513755,32.88423299359884],[-79.78591579835874,32.884239948054685],[-79.78591809677087,32.884074873763055],[-79.78611458445917,32.884054943675984],[-79.78612033180735,32.88364209365656],[-79.78404589160165,32.88362151631054],[-79.78381412782248,32.88361921515432],[-79.78383804908977,32.88375425957251],[-79.78394423907784,32.88373961636318],[-79.78404017496659,32.883728877643],[-79.78413653216467,32.883723020575204],[-79.78423306243265,32.883722060249],[-79.78525171792154,32.88373768107468],[-79.78524223496511,32.88417802885503],[-79.7852410513755,32.88423299359884]]]},"properties":{"area_short":"Park West","area_name":"Park West at Mt. Pleasant","era":"1990s-2000s","county":"Charleston","pid":"5980000053","address":"3400 TURGOT LANE","owner1":"CROSS SOCCER LLC","subdivision":null,"legal_descr":"PARCEL 9 B Subdivision Name -PARK WEST","tax_district":"2-1","class_code":"500 - General Commercial","use_group":"Commercial","legal_residence":false,"is_civic_exempt":false,"acres_cal":1.63542402,"land_appr":597226.0,"imp_appr":912874.0,"appraisal":1510100.0,"value_per_acre":923369.0966578808,"tax_per_acre":13673.249583309898,"est_tax_net":22361.5608,"assessment_ratio":0.06,"land_to_imp_ratio":0.6542261034929245,"centroid_lon":-79.785392141245,"centroid_lat":32.8838653892393}},{"type":"Feature","geometry":{"type":"Polygon","coordinates":[[[-79.8039666061916,32.88211668596814],[-79.803986796033,32.8821052305955],[-79.80400852300636,32.882097057842806],[-79.80403125736464,32.882092366978114],[-79.80405444479875,32.88209127237407],[-79.80407751995267,32.882093800719325],[-79.80409992020803,32.88209989036776],[-79.80412109940183,32.88210939284157],[-79.80414054114296,32.88212207645146],[-79.80416317280945,32.88210230644649],[-79.80440324421224,32.88181909143564],[-79.80419324746185,32.881690643965484],[-79.80389459526143,32.88204296186833],[-79.8039666061916,32.88211668596814]]]},"properties":{"area_short":"Park West","area_name":"Park West at Mt. Pleasant","era":"1990s-2000s","county":"Charleston","pid":"5830300255","address":"2805 WAGNER WAY","owner1":"FERRAEZ CHAD","subdivision":"COVINGTON AT PARK WEST","legal_descr":"Block  Lot 7 GovLot  Tract","tax_district":"2-1","class_code":"101 - RESID-SFR","use_group":"Residential","legal_residence":true,"is_civic_exempt":false,"acres_cal":0.276,"land_appr":268700.0,"imp_appr":901500.0,"appraisal":1170200.0,"value_per_acre":4239855.072463768,"tax_per_acre":41855.849275362314,"est_tax_net":11552.214399999999,"assessment_ratio":0.04,"land_to_imp_ratio":0.2980587909040488,"centroid_lon":-79.80415038579329,"centroid_lat":32.88192206562275}},{"type":"Feature","geometry":{"type":"Polygon","coordinates":[[[-79.80158966547958,32.88827047785434],[-79.80162425323923,32.88831706942609],[-79.80191734226544,32.888162189317875],[-79.80188043057203,32.88811682241471],[-79.80158966547958,32.88827047785434]]]},"properties":{"area_short":"Park West","area_name":"Park West at Mt. Pleasant","era":"1990s-2000s","county":"Charleston","pid":"5830300241","address":"1660 BRIDWELL LN","owner1":"BOX ROBIN TERESA","subdivision":"PARK WEST 33B","legal_descr":"Block  Lot 18 GovLot  Tract","tax_district":"2-1","class_code":"120 - RESID-TWH","use_group":"Residential","legal_residence":true,"is_civic_exempt":false,"acres_cal":0.049,"land_appr":147200.0,"imp_appr":354100.0,"appraisal":501300.0,"value_per_acre":10230612.244897958,"tax_per_acre":100996.60408163263,"est_tax_net":4948.833599999999,"assessment_ratio":0.04,"land_to_imp_ratio":0.4157017791584298,"centroid_lon":-79.80175294786302,"centroid_lat":32.88821666955584}},{"type":"Feature","geometry":{"type":"Polygon","coordinates":[[[-79.77778637848583,32.876986170829184],[-79.7781152093369,32.877233463563954],[-79.77816236182912,32.87718715057262],[-79.778207215254,32.87713860759202],[-79.77824966427612,32.87708794862234],[-79.77788284160731,32.876880011726506],[-79.77783663017205,32.87693492689631],[-79.77778637848583,32.876986170829184]]]},"properties":{"area_short":"Park West","area_name":"Park West at Mt. Pleasant","era":"1990s-2000s","county":"Charleston","pid":"5980000430","address":"3417 SALTERBECK ST","owner1":"HOEHN JEFFREY VERNON","subdivision":"PARK WEST","legal_descr":"Block  Lot 2 GovLot  Tract","tax_district":"2-1","class_code":"101 - RESID-SFR","use_group":"Residential","legal_residence":true,"is_civic_exempt":false,"acres_cal":0.18,"land_appr":350800.0,"imp_appr":556500.0,"appraisal":907300.0,"value_per_acre":5040555.555555556,"tax_per_acre":49760.36444444444,"est_tax_net":8956.8656,"assessment_ratio":0.04,"land_to_imp_ratio":0.6303683737646002,"centroid_lon":-79.77801930376907,"centroid_lat":32.87705389781409}},{"type":"Feature","geometry":{"type":"Polygon","coordinates":[[[-79.77742099329824,32.878396661029896],[-79.77749291148965,32.8784312269812],[-79.7775670732932,32.87846067283218],[-79.77764311472468,32.878484854063394],[-79.77776314258722,32.878181083453775],[-79.77772477501871,32.878169169344616],[-79.77768711226504,32.878155186022546],[-79.77765411275348,32.878140918248405],[-79.7776218797019,32.87812499444461],[-79.77742099329824,32.878396661029896]]]},"properties":{"area_short":"Park West","area_name":"Park West at Mt. Pleasant","era":"1990s-2000s","county":"Charleston","pid":"5980000460","address":"3377 STOCKDALE ST","owner1":"NICHOLS CHRISTOPHER MICHAEL","subdivision":"THE ABBY AT PARK WEST","legal_descr":"Block  Lot 22 GovLot  Tract","tax_district":"2-1","class_code":"101 - RESID-SFR","use_group":"Residential","legal_residence":true,"is_civic_exempt":false,"acres_cal":6.815,"land_appr":350000.0,"imp_appr":477900.0,"appraisal":827900.0,"value_per_acre":121482.02494497431,"tax_per_acre":1199.2705502567862,"est_tax_net":8173.028799999999,"assessment_ratio":0.04,"land_to_imp_ratio":0.732370788867964,"centroid_lon":-79.77760478961638,"centroid_lat":32.878310345405986}},{"type":"Feature","geometry":{"type":"Polygon","coordinates":[[[-79.7785973386005,32.87809559940171],[-79.77868907183122,32.87840631899086],[-79.7788417421813,32.87837422961253],[-79.77885532215845,32.87837133220368],[-79.7787609695169,32.87806116937281],[-79.77875001083308,32.87806350816666],[-79.77864323508527,32.878085952174736],[-79.7785973386005,32.87809559940171]]]},"properties":{"area_short":"Park West","area_name":"Park West at Mt. Pleasant","era":"1990s-2000s","county":"Charleston","pid":"5980000454","address":"3353 STOCKDALE ST","owner1":"CLARK CHRISTOPHER EDWARD","subdivision":"THE ABBY AT PARK WEST","legal_descr":"Block  Lot 16 GovLot  Tract","tax_district":"2-1","class_code":"101 - RESID-SFR","use_group":"Residential","legal_residence":true,"is_civic_exempt":false,"acres_cal":6.815,"land_appr":348600.0,"imp_appr":433600.0,"appraisal":782200.0,"value_per_acre":114776.22890682318,"tax_per_acre":1133.0709317681583,"est_tax_net":7721.8784,"assessment_ratio":0.04,"land_to_imp_ratio":0.8039667896678967,"centroid_lon":-79.77872580385215,"centroid_lat":32.87823403315236}},{"type":"Feature","geometry":{"type":"Polygon","coordinates":[[[-79.80020628036758,32.88954288994283],[-79.80017655277558,32.88947001288035],[-79.79986856801219,32.88955944541595],[-79.79988391028482,32.88959705849204],[-79.79989829614736,32.88963232389167],[-79.80020628036758,32.88954288994283]]]},"properties":{"area_short":"Park West","area_name":"Park West at Mt. Pleasant","era":"1990s-2000s","county":"Charleston","pid":"5941600785","address":"3655 BAGLEY DR","owner1":"HERNANDEZ WILLIAM Sr","subdivision":"PRESTON AT PARK WEST","legal_descr":"LOT 35","tax_district":"2-1","class_code":"120 - RESID-TWH","use_group":"Residential","legal_residence":true,"is_civic_exempt":false,"acres_cal":0.064,"land_appr":148100.0,"imp_appr":390400.0,"appraisal":538500.0,"value_per_acre":8414062.5,"tax_per_acre":83063.62499999999,"est_tax_net":5316.071999999999,"assessment_ratio":0.04,"land_to_imp_ratio":0.3793545081967213,"centroid_lon":-79.80003742369288,"centroid_lat":32.88955116821751}},{"type":"Feature","geometry":{"type":"Polygon","coordinates":[[[-79.78315638815255,32.88960651629604],[-79.78318960687129,32.889719922628586],[-79.78358971377119,32.88964943609103],[-79.78355646925725,32.889536034938196],[-79.78315638815255,32.88960651629604]]]},"properties":{"area_short":"Park West","area_name":"Park West at Mt. Pleasant","era":"1990s-2000s","county":"Charleston","pid":"5941300412","address":"1622 MERMENTAU ST","owner1":"GUO LILONG","subdivision":"PARK WEST 12B","legal_descr":"PARCEL 4","tax_district":"2-1","class_code":"120 - RESID-TWH","use_group":"Residential","legal_residence":true,"is_civic_exempt":false,"acres_cal":0.245,"land_appr":151200.0,"imp_appr":465600.0,"appraisal":616800.0,"value_per_acre":2517551.0204081633,"tax_per_acre":24853.263673469384,"est_tax_net":6089.049599999999,"assessment_ratio":0.04,"land_to_imp_ratio":0.3247422680412371,"centroid_lon":-79.78337304451519,"centroid_lat":32.889627978133234}},{"type":"Feature","geometry":{"type":"Polygon","coordinates":[[[-79.78033440579101,32.87833369368531],[-79.78059599294716,32.878523497436014],[-79.78063830490395,32.87848158771177],[-79.78038309321823,32.87829635518539],[-79.78036344476463,32.878312026740474],[-79.78033440579101,32.87833369368531]]]},"properties":{"area_short":"Park West","area_name":"Park West at Mt. Pleasant","era":"1990s-2000s","county":"Charleston","pid":"5980000412","address":"3358 EASTMAN DR","owner1":"BLUEBERRY LANE REALTY TRUST","subdivision":"PARK WEST","legal_descr":"Lot 5","tax_district":"2-1","class_code":"120 - RESID-TWH","use_group":"Residential","legal_residence":true,"is_civic_exempt":false,"acres_cal":0.048,"land_appr":162500.0,"imp_appr":308900.0,"appraisal":471400.0,"value_per_acre":9820833.333333334,"tax_per_acre":96951.26666666666,"est_tax_net":4653.6608,"assessment_ratio":0.04,"land_to_imp_ratio":0.5260602136613791,"centroid_lon":-79.78048793957619,"centroid_lat":32.87840892684368}},{"type":"Feature","geometry":{"type":"Polygon","coordinates":[[[-79.79914921519192,32.88948520621077],[-79.79912589145758,32.88942802670522],[-79.79881783930456,32.889517473243146],[-79.79883715639956,32.88956482789923],[-79.79884116286085,32.88957465280779],[-79.79914921519192,32.88948520621077]]]},"properties":{"area_short":"Park West","area_name":"Park West at Mt. Pleasant","era":"1990s-2000s","county":"Charleston","pid":"5941600812","address":"4036 CONANT RD","owner1":"DURKAN JOSEPH P","subdivision":"PRESTON AT PARK WEST","legal_descr":"LOT 62","tax_district":"2-1","class_code":"120 - RESID-TWH","use_group":"Residential","legal_residence":true,"is_civic_exempt":false,"acres_cal":0.051,"land_appr":147400.0,"imp_appr":383300.0,"appraisal":530700.0,"value_per_acre":10405882.352941178,"tax_per_acre":102726.8705882353,"est_tax_net":5239.0704,"assessment_ratio":0.04,"land_to_imp_ratio":0.38455517871119227,"centroid_lon":-79.79898352744833,"centroid_lat":32.88950133966245}},{"type":"Feature","geometry":{"type":"Polygon","coordinates":[[[-79.78044378967914,32.87823771496732],[-79.78069815010421,32.87842231157359],[-79.78074046117453,32.87838040180663],[-79.78048610157042,32.87819580529665],[-79.78044378967914,32.87823771496732]]]},"properties":{"area_short":"Park West","area_name":"Park West at Mt. Pleasant","era":"1990s-2000s","county":"Charleston","pid":"5980000410","address":"3354 EASTMAN DR","owner1":"BAUER EMILY ELIZABETH","subdivision":"PARK WEST","legal_descr":"Lot 3","tax_district":"2-1","class_code":"120 - RESID-TWH","use_group":"Residential","legal_residence":true,"is_civic_exempt":false,"acres_cal":0.047,"land_appr":162400.0,"imp_appr":309000.0,"appraisal":471400.0,"value_per_acre":10029787.234042553,"tax_per_acre":99014.05957446808,"est_tax_net":4653.6608,"assessment_ratio":0.04,"land_to_imp_ratio":0.5255663430420712,"centroid_lon":-79.78059212547892,"centroid_lat":32.87830905831251}},{"type":"Feature","geometry":{"type":"Polygon","coordinates":[[[-79.80445481794438,32.87945813047828],[-79.80494385324585,32.87966557579801],[-79.80497141736431,32.87961540132781],[-79.80518341637473,32.87925318579184],[-79.80519704408833,32.87922822009531],[-79.80551762093084,32.8786409605585],[-79.8058026571729,32.87876812582989],[-79.8057943997855,32.87870176669347],[-79.80579272271783,32.878634916810306],[-79.80579764229965,32.878568227102335],[-79.80580911062863,32.87850234693184],[-79.80582701603687,32.878437917778584],[-79.80585118417818,32.87837556699366],[-79.80594701237868,32.87815774686607],[-79.80578394445894,32.87810697143092],[-79.80570885579371,32.87808753305713],[-79.8056322945319,32.878075101998846],[-79.80555491314529,32.878069784196256],[-79.80547737109491,32.87807162496883],[-79.80540032921105,32.87808060862911],[-79.80532444406147,32.87809665861638],[-79.80525036235593,32.878119638149144],[-79.80482863769626,32.87827419979228],[-79.80487600355778,32.87836622094777],[-79.8048783371553,32.878370819870305],[-79.80520896451523,32.87825308485046],[-79.80530319104165,32.87843614468261],[-79.80531058476954,32.87848876701343],[-79.80531389220248,32.87854180320673],[-79.80531227425394,32.878607076053484],[-79.80530452960956,32.878671908011384],[-79.8052907268127,32.878735725290234],[-79.80527098802396,32.8787979630802],[-79.80524421900846,32.878861387223175],[-79.80521169741844,32.87892206298675],[-79.80516983885516,32.8789923245145],[-79.80508205380998,32.879139673729874],[-79.80499426846822,32.87928702288406],[-79.80490648282975,32.87943437197701],[-79.80481869689464,32.879581721008655],[-79.80446944864933,32.87943357179609],[-79.80445481794438,32.87945813047828]]]},"properties":{"area_short":"Park West","area_name":"Park West at Mt. Pleasant","era":"1990s-2000s","county":"Charleston","pid":"5830300167","address":"0 BESSEMER RD","owner1":"PARK WEST MASTER ASSOCIATION INC","subdivision":"PARK WEST","legal_descr":"POND 3  H.O.A.","tax_district":"2-1","class_code":"990 - UNDEVELOPABLE","use_group":"Vacant / Other","legal_residence":false,"is_civic_exempt":false,"acres_cal":1.809,"land_appr":200.0,"imp_appr":0.0,"appraisal":200.0,"value_per_acre":110.5583195135434,"tax_per_acre":1.6371475953565502,"est_tax_net":2.9615999999999993,"assessment_ratio":0.06,"land_to_imp_ratio":null,"centroid_lon":-79.8053886458924,"centroid_lat":32.878605952200495}},{"type":"Feature","geometry":{"type":"Polygon","coordinates":[[[-79.77665345186814,32.8781013673811],[-79.77673928111636,32.878113981606],[-79.77682424967874,32.87813147794642],[-79.77690808008587,32.87815379926711],[-79.77699049858512,32.87818087267662],[-79.77707123603444,32.87821260976528],[-79.77708228311327,32.878216359881286],[-79.77709379042713,32.8782182790082],[-79.77710545661272,32.87821831688632],[-79.77711697614599,32.87821647252364],[-79.77712804734361,32.87821279422191],[-79.77713838026365,32.87820737831162],[-79.77714770429877,32.87820036662926],[-79.77715577526322,32.87819194280273],[-79.77739412964654,32.87787974062663],[-79.7769452678955,32.87773690954126],[-79.77702651808998,32.87755510408948],[-79.77703266711157,32.877541344531835],[-79.77690790549615,32.877475684389374],[-79.77666134611012,32.87755499934358],[-79.77665345186814,32.8781013673811]]]},"properties":{"area_short":"Park West","area_name":"Park West at Mt. Pleasant","era":"1990s-2000s","county":"Charleston","pid":"5980000101","address":"3435 SALTERBECK ST","owner1":"NATHAN MCKETA HOLDINGS LLC","subdivision":"PARK WEST","legal_descr":"PARCEL 3A-7","tax_district":"2-1","class_code":"500 - General Commercial","use_group":"Commercial","legal_residence":false,"is_civic_exempt":false,"acres_cal":0.782,"land_appr":353623.0,"imp_appr":467177.0,"appraisal":820800.0,"value_per_acre":1049616.368286445,"tax_per_acre":15542.719181585675,"est_tax_net":12154.406399999998,"assessment_ratio":0.06,"land_to_imp_ratio":0.7569358080556192,"centroid_lon":-79.77694080047978,"centroid_lat":32.87787863334512}},{"type":"Feature","geometry":{"type":"Polygon","coordinates":[[[-79.77702651808998,32.87755510408948],[-79.7770442041403,32.87756179336919],[-79.7770457866709,32.87755775323691],[-79.77704666567506,32.87755350418717],[-79.77704681600663,32.87754916777478],[-79.77704623336503,32.877544868053775],[-79.77704493441817,32.87754072802853],[-79.77704295632572,32.877536866134925],[-79.77704035567601,32.87753339285218],[-79.77703720686716,32.87753040754233],[-79.77703359997885,32.87752799560769],[-79.77702963819522,32.877526226047756],[-79.77705995585666,32.877477562038315],[-79.77706553374699,32.877479573005594],[-79.77707136561321,32.87748064360662],[-79.7770772940683,32.877480744948635],[-79.77708315911863,32.8774798742967],[-79.77708880248163,32.877478055147435],[-79.77709407185756,32.87747533659499],[-79.77709882503959,32.87747179200606],[-79.77710293375162,32.877467517039925],[-79.77715281579708,32.877405000419415],[-79.77720795761657,32.87734707006431],[-79.7772679393969,32.87729416701783],[-79.77733230447669,32.87724669404863],[-79.77748471485097,32.87714312275763],[-79.77764248578964,32.87702857582429],[-79.77769925624352,32.87698404859936],[-79.77775247055308,32.87693532698759],[-79.77775488343055,32.8769326184153],[-79.77775682878807,32.876929556728584],[-79.77775825587666,32.87692622179836],[-79.77775912746755,32.876922700623716],[-79.7777594208233,32.87691908506237],[-79.77775912829111,32.87691546943429],[-79.77775825750231,32.876911948061206],[-79.77775683117338,32.876908612806005],[-79.77775488651329,32.87690555067625],[-79.77775247425285,32.876902841554426],[-79.77774965732125,32.87690055611403],[-79.77774650920442,32.87689875397587],[-79.77780442509034,32.87683556370355],[-79.77780027691699,32.876792410971426],[-79.77762132279615,32.87672158732087],[-79.77746168675628,32.87665840823308],[-79.77738944307119,32.87673431832789],[-79.77728997472755,32.87680761161735],[-79.7772350646597,32.87691469870756],[-79.77714767686922,32.87703902773308],[-79.77703477380285,32.87715491750006],[-79.77693351534093,32.87723291581593],[-79.7769113713825,32.877235825937866],[-79.77690790549615,32.877475684389374],[-79.77703266711157,32.877541344531835],[-79.77702651808998,32.87755510408948]]]},"properties":{"area_short":"Park West","area_name":"Park West at Mt. Pleasant","era":"1990s-2000s","county":"Charleston","pid":"5980000103","address":"0 SALTERBECK ST","owner1":"ABBEY AT PARK WEST POA INC","subdivision":"PARK WEST","legal_descr":"PARCEL 3A-6","tax_district":"2-1","class_code":"742 - HOA-PROP","use_group":"Institutional / Civic","legal_residence":false,"is_civic_exempt":false,"acres_cal":0.827,"land_appr":476.0,"imp_appr":0.0,"appraisal":476.0,"value_per_acre":575.5743651753326,"tax_per_acre":8.523105199516323,"est_tax_net":7.048607999999999,"assessment_ratio":0.06,"land_to_imp_ratio":null,"centroid_lon":-79.77733160688365,"centroid_lat":32.87706163119556}},{"type":"Feature","geometry":{"type":"Polygon","coordinates":[[[-79.80369814055008,32.884265848932884],[-79.80374624980186,32.88428831748888],[-79.80390657682713,32.88435970705045],[-79.80393849101664,32.884402484664605],[-79.80424170041556,32.88424131976422],[-79.80410053380086,32.884052114986865],[-79.80369814055008,32.884265848932884]]]},"properties":{"area_short":"Park West","area_name":"Park West at Mt. Pleasant","era":"1990s-2000s","county":"Charleston","pid":"5830300360","address":"1512 HOPKINS LN","owner1":"TIZZARD TERRENCE CHARLES","subdivision":"COVINGTON AT PARK WEST PHASE 2","legal_descr":"Block  Lot 207 GovLot  Tract","tax_district":"2-1","class_code":"101 - RESID-SFR","use_group":"Residential","legal_residence":true,"is_civic_exempt":false,"acres_cal":0.23166381,"land_appr":349400.0,"imp_appr":497800.0,"appraisal":847200.0,"value_per_acre":3657023.5117863254,"tax_per_acre":36102.13610835459,"est_tax_net":8363.558399999998,"assessment_ratio":0.04,"land_to_imp_ratio":0.7018883085576537,"centroid_lon":-79.80399471426776,"centroid_lat":32.88423322521415}},{"type":"Feature","geometry":{"type":"Polygon","coordinates":[[[-79.8038429681366,32.885310369572764],[-79.80391249770103,32.885343492108944],[-79.80396009509214,32.88526244297755],[-79.80396009813592,32.885262450990076],[-79.80396011752092,32.885262417252385],[-79.80398613380582,32.88522070161105],[-79.80418130609931,32.88490774082847],[-79.80410842436947,32.884851454154315],[-79.80399683039354,32.8847251000449],[-79.80391571916681,32.88462296338016],[-79.8038528911058,32.884530172158684],[-79.80393849101664,32.884402484664605],[-79.80390657682713,32.88435970705045],[-79.80374624980186,32.88428831748888],[-79.80369814055008,32.884265848932884],[-79.80359787429653,32.88421902220528],[-79.80352654225814,32.884097154132206],[-79.80350933247408,32.884067753580496],[-79.8034950915666,32.88395219016367],[-79.80349486044975,32.88395179608234],[-79.80333797653468,32.884184728851565],[-79.8033082026537,32.88429509450731],[-79.80343386494326,32.88446007720799],[-79.80357908957967,32.884518960249004],[-79.80365049113965,32.88464349190707],[-79.8036188307479,32.88483758501302],[-79.80369306625158,32.88495734465569],[-79.80361946326651,32.88504455120094],[-79.80347773721083,32.885212471118386],[-79.80341773736161,32.88521429843323],[-79.80319290238901,32.884909245998585],[-79.80318056601055,32.88491859526504],[-79.80316726554173,32.88492651312751],[-79.80340010982333,32.88524238607845],[-79.80345359907946,32.88524077323671],[-79.80366520512649,32.885234254767674],[-79.80366891259894,32.8852352103357],[-79.8038429681366,32.885310369572764]]]},"properties":{"area_short":"Park West","area_name":"Park West at Mt. Pleasant","era":"1990s-2000s","county":"Charleston","pid":"5830300368","address":"0 CHECKER CT","owner1":"BESSEMER ROAD LLC","subdivision":"COVINGTON AT PARK WEST PHASE 2","legal_descr":"Lot HOA 8","tax_district":"2-1","class_code":"905 - VAC-RES-LOT","use_group":"Vacant / Other","legal_residence":false,"is_civic_exempt":false,"acres_cal":1.28256611,"land_appr":349300.0,"imp_appr":0.0,"appraisal":349300.0,"value_per_acre":272344.635708486,"tax_per_acre":4032.8793655712607,"est_tax_net":5172.4344,"assessment_ratio":0.06,"land_to_imp_ratio":null,"centroid_lon":-79.80373305705145,"centroid_lat":32.88473416980797}},{"type":"Feature","geometry":{"type":"Polygon","coordinates":[[[-79.77758655168638,32.87786813913743],[-79.77790663073168,32.87803666151926],[-79.77792146303774,32.87801418284202],[-79.77793785654467,32.87799281601812],[-79.77796715246218,32.87796096479443],[-79.77799962605367,32.8779323603002],[-79.7777460723609,32.87769942863813],[-79.77769512149251,32.877742521509575],[-79.7776483237244,32.87779009204096],[-79.77760607102903,32.87784174178725],[-79.77758655168638,32.87786813913743]]]},"properties":{"area_short":"Park West","area_name":"Park West at Mt. Pleasant","era":"1990s-2000s","county":"Charleston","pid":"5980000463","address":"3440 SALTERBECK ST","owner1":"HARWELL KELLI R","subdivision":"THE ABBY AT PARK WEST","legal_descr":"Block  Lot 25 GovLot  Tract","tax_district":"2-1","class_code":"101 - RESID-SFR","use_group":"Residential","legal_residence":true,"is_civic_exempt":false,"acres_cal":6.815,"land_appr":350100.0,"imp_appr":495600.0,"appraisal":845700.0,"value_per_acre":124093.91049156272,"tax_per_acre":1225.0550843727071,"est_tax_net":8348.750399999999,"assessment_ratio":0.04,"land_to_imp_ratio":0.7064164648910412,"centroid_lon":-79.77779391547955,"centroid_lat":32.87787332738579}},{"type":"Feature","geometry":{"type":"Polygon","coordinates":[[[-79.80426835175157,32.87873893940434],[-79.80461553818223,32.87888624552767],[-79.80470332376053,32.87873889664959],[-79.80436736642152,32.87859636635516],[-79.80426835175157,32.87873893940434]]]},"properties":{"area_short":"Park West","area_name":"Park West at Mt. Pleasant","era":"1990s-2000s","county":"Charleston","pid":"5830300211","address":"2585 LARCH LN","owner1":"WOLF COLIN P","subdivision":"PARK WEST","legal_descr":"Lot 2","tax_district":"2-1","class_code":"101 - RESID-SFR","use_group":"Residential","legal_residence":true,"is_civic_exempt":false,"acres_cal":0.162,"land_appr":201800.0,"imp_appr":625600.0,"appraisal":827400.0,"value_per_acre":5107407.407407408,"tax_per_acre":50420.32592592592,"est_tax_net":8168.092799999999,"assessment_ratio":0.04,"land_to_imp_ratio":0.3225703324808184,"centroid_lon":-79.8044883908197,"centroid_lat":32.87874051008691}},{"type":"Feature","geometry":{"type":"Polygon","coordinates":[[[-79.77702651808998,32.87755510408948],[-79.7769452678955,32.87773690954126],[-79.77739412964654,32.87787974062663],[-79.7774700108309,32.87777707440909],[-79.77710365273744,32.87758427927681],[-79.7770442041403,32.87756179336919],[-79.77702651808998,32.87755510408948]]]},"properties":{"area_short":"Park West","area_name":"Park West at Mt. Pleasant","era":"1990s-2000s","county":"Charleston","pid":"5980000428","address":"3249 SALTERBECK ST","owner1":"MARTIN DAVID B","subdivision":"PARK WEST","legal_descr":"Lot 8","tax_district":"2-1","class_code":"101 - RESID-SFR","use_group":"Residential","legal_residence":true,"is_civic_exempt":false,"acres_cal":0.205,"land_appr":352200.0,"imp_appr":461700.0,"appraisal":813900.0,"value_per_acre":3970243.9024390248,"tax_per_acre":39194.24780487805,"est_tax_net":8034.8207999999995,"assessment_ratio":0.04,"land_to_imp_ratio":0.7628330084470435,"centroid_lon":-79.77719230441905,"centroid_lat":32.87772691715974}},{"type":"Feature","geometry":{"type":"Polygon","coordinates":[[[-79.79993497127288,32.889722233935686],[-79.7999449455573,32.88974668261388],[-79.80025292777766,32.88965724785868],[-79.80022960405277,32.88960006923542],[-79.79992162277131,32.889689505934726],[-79.79993497127288,32.889722233935686]]]},"properties":{"area_short":"Park West","area_name":"Park West at Mt. Pleasant","era":"1990s-2000s","county":"Charleston","pid":"5941600783","address":"3663 BAGLEY DR","owner1":"STEELE BRANDON D","subdivision":"PRESTON AT PARK WEST","legal_descr":"LOT 33","tax_district":"2-1","class_code":"120 - RESID-TWH","use_group":"Residential","legal_residence":false,"is_civic_exempt":false,"acres_cal":0.05,"land_appr":147300.0,"imp_appr":383400.0,"appraisal":530700.0,"value_per_acre":10614000.0,"tax_per_acre":157172.11199999996,"est_tax_net":7858.605599999999,"assessment_ratio":0.06,"land_to_imp_ratio":0.3841940532081377,"centroid_lon":-79.80008727559849,"centroid_lat":32.889673376254024}},{"type":"Feature","geometry":{"type":"Polygon","coordinates":[[[-79.8018885148543,32.888706092645364],[-79.80194692570701,32.88879868402862],[-79.80230452569819,32.88863806765226],[-79.80223370765991,32.88855102691374],[-79.8018885148543,32.888706092645364]]]},"properties":{"area_short":"Park West","area_name":"Park West at Mt. Pleasant","era":"1990s-2000s","county":"Charleston","pid":"5830300234","address":"1676 BRIDWELL LN","owner1":"DRIGGERS JAD","subdivision":"PARK WEST 33B","legal_descr":"Block  Lot 11 GovLot  Tract","tax_district":"2-1","class_code":"120 - RESID-TWH","use_group":"Residential","legal_residence":false,"is_civic_exempt":false,"acres_cal":0.107,"land_appr":150400.0,"imp_appr":411400.0,"appraisal":561800.0,"value_per_acre":5250467.289719626,"tax_per_acre":77748.91962616822,"est_tax_net":8319.134399999999,"assessment_ratio":0.06,"land_to_imp_ratio":0.36558094312105005,"centroid_lon":-79.80209361394168,"centroid_lat":32.88867372933647}},{"type":"Feature","geometry":{"type":"Polygon","coordinates":[[[-79.80292634444584,32.891563947788526],[-79.80294528456075,32.89156910501334],[-79.80296323346904,32.89157705244135],[-79.80297978275934,32.89158760923593],[-79.8029945558673,32.89160053518664],[-79.80300721664406,32.891615536175024],[-79.80305705102188,32.89159125310878],[-79.80311393284839,32.89134232695012],[-79.80306167926352,32.89125870979422],[-79.80298918266512,32.89125800201451],[-79.80292634444584,32.891563947788526]]]},"properties":{"area_short":"Park West","area_name":"Park West at Mt. Pleasant","era":"1990s-2000s","county":"Charleston","pid":"5941000876","address":"1807 CHAUNCYS CT","owner1":"RAO SUMA","subdivision":"PARK WEST","legal_descr":"Lot 20","tax_district":"2-1","class_code":"120 - RESID-TWH","use_group":"Residential","legal_residence":true,"is_civic_exempt":false,"acres_cal":0.111,"land_appr":166000.0,"imp_appr":368300.0,"appraisal":534300.0,"value_per_acre":4813513.513513514,"tax_per_acre":47519.0054054054,"est_tax_net":5274.609599999999,"assessment_ratio":0.04,"land_to_imp_ratio":0.4507195221286994,"centroid_lon":-79.80302167063711,"centroid_lat":32.891432533941234}},{"type":"Feature","geometry":{"type":"Polygon","coordinates":[[[-79.77946842618896,32.87772581990227],[-79.77973324426803,32.877955176108244],[-79.77980326317211,32.87789458164243],[-79.77987007118067,32.87783046435764],[-79.77957869340294,32.87762532316189],[-79.77953323111824,32.877669298933306],[-79.7794858866507,32.87771124162273],[-79.77946842618896,32.87772581990227]]]},"properties":{"area_short":"Park West","area_name":"Park West at Mt. Pleasant","era":"1990s-2000s","county":"Charleston","pid":"5980000448","address":"3329 STOCKDALE ST","owner1":"STEWART LIVING TRUST","subdivision":"THE ABBY AT PARK WEST","legal_descr":"Block  Lot 10 GovLot  Tract","tax_district":"2-1","class_code":"101 - RESID-SFR","use_group":"Residential","legal_residence":true,"is_civic_exempt":false,"acres_cal":6.815,"land_appr":349100.0,"imp_appr":317500.0,"appraisal":666600.0,"value_per_acre":97813.6463683052,"tax_per_acre":965.6163169479089,"est_tax_net":6580.6752,"assessment_ratio":0.04,"land_to_imp_ratio":1.0995275590551181,"centroid_lon":-79.77966850269637,"centroid_lat":32.87778879477584}},{"type":"Feature","geometry":{"type":"Polygon","coordinates":[[[-79.7770442041403,32.87756179336919],[-79.77710365273744,32.87758427927681],[-79.77713546896473,32.87753006750355],[-79.77717153984543,32.877478588573446],[-79.77721163194326,32.877430175637464],[-79.77726021092545,32.87738025847445],[-79.77731259373819,32.87733434898087],[-79.77736845074546,32.87729273605726],[-79.77737315743464,32.877289516732034],[-79.7774547499648,32.877234072176456],[-79.77746489056761,32.87722852873242],[-79.77747580370634,32.87722472544426],[-79.7774871931908,32.877222765535855],[-79.77749874990252,32.87722270220047],[-79.77751016018436,32.877224537157076],[-79.77752111435336,32.877228220603676],[-79.77753131510579,32.87723365256898],[-79.77754048558619,32.877240685625694],[-79.77775703453847,32.877453065137416],[-79.77776115124844,32.87745758034071],[-79.77776446734994,32.877462712380535],[-79.777766892115,32.877468320845225],[-79.77776835920253,32.877474252288216],[-79.77776882847326,32.87748034442633],[-79.77776828708804,32.877486430579786],[-79.77776674985908,32.87749234423254],[-79.77776425884466,32.87749792358815],[-79.77776088219849,32.87750301599647],[-79.77775671230499,32.87750748213014],[-79.77775186325167,32.87751119979657],[-79.77787532684177,32.87742156654375],[-79.77786727804025,32.87742623930986],[-79.77785856006466,32.87742949735385],[-79.77784941942683,32.87743124855039],[-79.77784011458994,32.87743144338216],[-79.77783090866006,32.87743007634004],[-79.77782206194657,32.877427186078904],[-79.77781382460154,32.87742285432454],[-79.77780642954636,32.87741720356282],[-79.77759185031736,32.877206761012445],[-79.77758663362982,32.87720104156355],[-79.77758243130859,32.87719454030055],[-79.77757935837116,32.877187435162966],[-79.77757749892383,32.877179920618396],[-79.77757690385967,32.877172202339885],[-79.77757758946558,32.87716449157669],[-79.77757953697652,32.87715699937237],[-79.77758269308914,32.87714993078852],[-79.77758697142063,32.87714347929225],[-79.7775922548731,32.87713782146099],[-79.77759839883846,32.877133112149565],[-79.77767494344575,32.877077540563484],[-79.77768496769342,32.87707026247075],[-79.77773704120285,32.87702986653388],[-79.77778637848583,32.876986170829184],[-79.77783663017205,32.87693492689631],[-79.77788284160731,32.876880011726506],[-79.77785580147305,32.87686468491996],[-79.77780442509034,32.87683556370355],[-79.77774650920442,32.87689875397587],[-79.77774965732125,32.87690055611403],[-79.77775247425285,32.876902841554426],[-79.77775488651329,32.87690555067625],[-79.77775683117338,32.876908612806005],[-79.77775825750231,32.876911948061206],[-79.77775912829111,32.87691546943429],[-79.7777594208233,32.87691908506237],[-79.77775912746755,32.876922700623716],[-79.77775825587666,32.87692622179836],[-79.77775682878807,32.876929556728584],[-79.77775488343055,32.8769326184153],[-79.77775247055308,32.87693532698759],[-79.77769925624352,32.87698404859936],[-79.77764248578964,32.87702857582429],[-79.77748471485097,32.87714312275763],[-79.77733230447669,32.87724669404863],[-79.7772679393969,32.87729416701783],[-79.77720795761657,32.87734707006431],[-79.77715281579708,32.877405000419415],[-79.77710293375162,32.877467517039925],[-79.77709882503959,32.87747179200606],[-79.77709407185756,32.87747533659499],[-79.77708880248163,32.877478055147435],[-79.77708315911863,32.8774798742967],[-79.7770772940683,32.877480744948635],[-79.77707136561321,32.87748064360662],[-79.77706553374699,32.877479573005594],[-79.77705995585666,32.877477562038315],[-79.77702963819522,32.877526226047756],[-79.77703359997885,32.87752799560769],[-79.77703720686716,32.87753040754233],[-79.77704035567601,32.87753339285218],[-79.77704295632572,32.877536866134925],[-79.77704493441817,32.87754072802853],[-79.77704623336503,32.877544868053775],[-79.77704681600663,32.87754916777478],[-79.77704666567506,32.87755350418717],[-79.7770457866709,32.87755775323691],[-79.7770442041403,32.87756179336919]]]},"properties":{"area_short":"Park West","area_name":"Park West at Mt. Pleasant","era":"1990s-2000s","county":"Charleston","pid":"5980000092","address":"0 SALTERBECK ST","owner1":"ABBEY AT PARK WEST POA INC","subdivision":"PARK WEST","legal_descr":"LOT 3-A-5","tax_district":"2-1","class_code":"990 - UNDEVELOPABLE","use_group":"Vacant / Other","legal_residence":false,"is_civic_exempt":false,"acres_cal":0.243,"land_appr":200.0,"imp_appr":0.0,"appraisal":200.0,"value_per_acre":823.0452674897119,"tax_per_acre":12.187654320987653,"est_tax_net":2.9615999999999993,"assessment_ratio":0.06,"land_to_imp_ratio":null,"centroid_lon":-79.77751203313355,"centroid_lat":32.877238484359765}},{"type":"Feature","geometry":{"type":"Polygon","coordinates":[[[-79.80355909888428,32.883102079421796],[-79.80394657429677,32.8832811061534],[-79.8039804112526,32.883230865407384],[-79.80406641240621,32.88308577256592],[-79.80368411222082,32.88290913772251],[-79.80355909888428,32.883102079421796]]]},"properties":{"area_short":"Park West","area_name":"Park West at Mt. Pleasant","era":"1990s-2000s","county":"Charleston","pid":"5830300261","address":"2824 WAGNER WAY","owner1":"AUBRY STEPHANE J","subdivision":"COVINGTON AT PARK WEST","legal_descr":"Block  Lot 13 GovLot  Tract","tax_district":"2-1","class_code":"101 - RESID-SFR","use_group":"Residential","legal_residence":false,"is_civic_exempt":false,"acres_cal":0.245,"land_appr":251600.0,"imp_appr":665500.0,"appraisal":917100.0,"value_per_acre":3743265.306122449,"tax_per_acre":55430.27265306122,"est_tax_net":13580.416799999999,"assessment_ratio":0.06,"land_to_imp_ratio":0.37806160781367393,"centroid_lon":-79.80381447163886,"centroid_lat":32.88309505940729}},{"type":"Feature","geometry":{"type":"Polygon","coordinates":[[[-79.7782686019378,32.878164698215805],[-79.77836034045046,32.87847541279464],[-79.77852470620596,32.87844086600298],[-79.77843297033426,32.87813014891901],[-79.7782686019378,32.878164698215805]]]},"properties":{"area_short":"Park West","area_name":"Park West at Mt. Pleasant","era":"1990s-2000s","county":"Charleston","pid":"5980000456","address":"3361 STOCKDALE ST","owner1":"CALAMAS MICHAEL W","subdivision":"THE ABBY AT PARK WEST","legal_descr":"Block  Lot 18 GovLot  Tract","tax_district":"2-1","class_code":"101 - RESID-SFR","use_group":"Residential","legal_residence":true,"is_civic_exempt":false,"acres_cal":6.815,"land_appr":348600.0,"imp_appr":464900.0,"appraisal":813500.0,"value_per_acre":119369.03888481291,"tax_per_acre":1178.411151870873,"est_tax_net":8030.871999999999,"assessment_ratio":0.04,"land_to_imp_ratio":0.7498386749838675,"centroid_lon":-79.778396654665,"centroid_lat":32.87830278096467}},{"type":"Feature","geometry":{"type":"Polygon","coordinates":[[[-79.77853605375874,32.876920456811604],[-79.77887844139892,32.87706787898276],[-79.7789554213894,32.87694055652053],[-79.7786130269875,32.876793137155865],[-79.77853605375874,32.876920456811604]]]},"properties":{"area_short":"Park West","area_name":"Park West at Mt. Pleasant","era":"1990s-2000s","county":"Charleston","pid":"5980000440","address":"3412 SALTERBECK ST","owner1":"LEE RICHARD D","subdivision":"THE ABBY AT PARK WEST","legal_descr":"Block  Lot 2 GovLot  Tract","tax_district":"2-1","class_code":"101 - RESID-SFR","use_group":"Residential","legal_residence":true,"is_civic_exempt":false,"acres_cal":6.815,"land_appr":348700.0,"imp_appr":436600.0,"appraisal":785300.0,"value_per_acre":115231.10785033015,"tax_per_acre":1137.561496698459,"est_tax_net":7752.481599999999,"assessment_ratio":0.04,"land_to_imp_ratio":0.7986715529088411,"centroid_lon":-79.77874573697565,"centroid_lat":32.87693050768091}},{"type":"Feature","geometry":{"type":"Polygon","coordinates":[[[-79.78003993024761,32.87800417538661],[-79.78028659619547,32.87818150766519],[-79.78029931288874,32.87816891166218],[-79.78030323371013,32.878164650116595],[-79.78030642645385,32.878159818967795],[-79.78030880975842,32.878154541329074],[-79.78031032288956,32.87814895169176],[-79.78031092728779,32.8781431924979],[-79.78031060755107,32.87813741051039],[-79.78030937182734,32.878131753072985],[-79.78030725160683,32.8781263643555],[-79.78030135910521,32.8781115799141],[-79.78029804431637,32.878096013493256],[-79.78029740219611,32.87808011101029],[-79.78029945113866,32.878064328009394],[-79.7803041324498,32.87804911661206],[-79.7801221143011,32.87791826179252],[-79.7801119135381,32.877929430625635],[-79.78003993024761,32.87800417538661]]]},"properties":{"area_short":"Park West","area_name":"Park West at Mt. Pleasant","era":"1990s-2000s","county":"Charleston","pid":"5980000426","address":"3357 EASTMAN DR","owner1":"MORRIS FAMILY TRUST","subdivision":"PARK WEST","legal_descr":"Lot 19","tax_district":"2-1","class_code":"101 - RESID-SFR","use_group":"Residential","legal_residence":true,"is_civic_exempt":false,"acres_cal":0.086,"land_appr":149000.0,"imp_appr":437700.0,"appraisal":586700.0,"value_per_acre":6822093.023255815,"tax_per_acre":67347.7023255814,"est_tax_net":5791.9024,"assessment_ratio":0.04,"land_to_imp_ratio":0.3404158099154672,"centroid_lon":-79.7801901508443,"centroid_lat":32.878044126437686}},{"type":"Feature","geometry":{"type":"Polygon","coordinates":[[[-79.78044728599755,32.87859099776806],[-79.78045455888159,32.87858557267456],[-79.78052592433862,32.87859290040844],[-79.78059599294716,32.878523497436014],[-79.78033440579101,32.87833369368531],[-79.78023938094435,32.878404593536715],[-79.78044728599755,32.87859099776806]]]},"properties":{"area_short":"Park West","area_name":"Park West at Mt. Pleasant","era":"1990s-2000s","county":"Charleston","pid":"5980000413","address":"3360 EASTMAN DR","owner1":"HOFFMAN KIMBERLY B","subdivision":"PARK WEST","legal_descr":"Lot 6","tax_district":"2-1","class_code":"120 - RESID-TWH","use_group":"Residential","legal_residence":true,"is_civic_exempt":false,"acres_cal":0.107,"land_appr":165700.0,"imp_appr":350800.0,"appraisal":516500.0,"value_per_acre":4827102.803738317,"tax_per_acre":47653.15887850466,"est_tax_net":5098.887999999999,"assessment_ratio":0.04,"land_to_imp_ratio":0.47234891676168755,"centroid_lon":-79.78041720716904,"centroid_lat":32.878472543870544}},{"type":"Feature","geometry":{"type":"Polygon","coordinates":[[[-79.80246553062184,32.883783605718385],[-79.80282564155709,32.8839497855136],[-79.80295065774092,32.88375684388523],[-79.80258686122157,32.883588965334084],[-79.80249293205635,32.883739678062376],[-79.80246553062184,32.883783605718385]]]},"properties":{"area_short":"Park West","area_name":"Park West at Mt. Pleasant","era":"1990s-2000s","county":"Charleston","pid":"5830300275","address":"2843 WAGNER WAY","owner1":"SUMNER CHRISTOPHER S","subdivision":"COVINGTON AT PARK WEST","legal_descr":"Block  Lot 27 GovLot  Tract","tax_district":"2-1","class_code":"101 - RESID-SFR","use_group":"Residential","legal_residence":true,"is_civic_exempt":false,"acres_cal":0.233,"land_appr":251000.0,"imp_appr":888400.0,"appraisal":1139400.0,"value_per_acre":4890128.755364806,"tax_per_acre":48275.35107296136,"est_tax_net":11248.156799999999,"assessment_ratio":0.04,"land_to_imp_ratio":0.2825303917154435,"centroid_lon":-79.80270728139054,"centroid_lat":32.88376963715082}},{"type":"Feature","geometry":{"type":"Polygon","coordinates":[[[-79.80138848429455,32.88799947938085],[-79.8014230718392,32.88804607100842],[-79.80170266017744,32.88789832634291],[-79.80166574871654,32.88785295871088],[-79.80138848429455,32.88799947938085]]]},"properties":{"area_short":"Park West","area_name":"Park West at Mt. Pleasant","era":"1990s-2000s","county":"Charleston","pid":"5830300245","address":"1650 BRIDWELL LN","owner1":"TAYLOR LOGAN","subdivision":"PARK WEST 33B","legal_descr":"Block  Lot 22 GovLot  Tract","tax_district":"2-1","class_code":"120 - RESID-TWH","use_group":"Residential","legal_residence":true,"is_civic_exempt":false,"acres_cal":0.046,"land_appr":147100.0,"imp_appr":354100.0,"appraisal":501200.0,"value_per_acre":10895652.173913043,"tax_per_acre":107561.87826086956,"est_tax_net":4947.846399999999,"assessment_ratio":0.04,"land_to_imp_ratio":0.41541937305845805,"centroid_lon":-79.8015450175519,"centroid_lat":32.88794924004311}},{"type":"Feature","geometry":{"type":"Polygon","coordinates":[[[-79.79922235563528,32.8896645157884],[-79.79917893124158,32.88955805813883],[-79.79887087868357,32.889647504811116],[-79.79890707304007,32.88973623698272],[-79.7989143027457,32.88975396257053],[-79.79922235563528,32.8896645157884]]]},"properties":{"area_short":"Park West","area_name":"Park West at Mt. Pleasant","era":"1990s-2000s","county":"Charleston","pid":"5941600810","address":"4028 CONANT RD","owner1":"SMITH DARRYL G","subdivision":"PRESTON AT PARK WEST","legal_descr":"LOT 60","tax_district":"2-1","class_code":"120 - RESID-TWH","use_group":"Residential","legal_residence":true,"is_civic_exempt":false,"acres_cal":0.094,"land_appr":149700.0,"imp_appr":437000.0,"appraisal":586700.0,"value_per_acre":6241489.361702127,"tax_per_acre":61615.982978723405,"est_tax_net":5791.9024,"assessment_ratio":0.04,"land_to_imp_ratio":0.34256292906178487,"centroid_lon":-79.79904661719706,"centroid_lat":32.88965601029245}},{"type":"Feature","geometry":{"type":"Polygon","coordinates":[[[-79.78288243294078,32.88867124382489],[-79.78291408702115,32.88877931345284],[-79.78331398580227,32.88870887102971],[-79.78328687525347,32.888616387910005],[-79.78328484527592,32.888611071529766],[-79.78328205954536,32.888606109230615],[-79.78327857797774,32.888601607742565],[-79.78288243294078,32.88867124382489]]]},"properties":{"area_short":"Park West","area_name":"Park West at Mt. Pleasant","era":"1990s-2000s","county":"Charleston","pid":"5941300501","address":"1604 MERMENTAU ST","owner1":"CUEVAS JAIME","subdivision":"PARK WEST 12B","legal_descr":"Lot 42","tax_district":"2-1","class_code":"120 - RESID-TWH","use_group":"Residential","legal_residence":true,"is_civic_exempt":false,"acres_cal":0.233,"land_appr":150900.0,"imp_appr":464700.0,"appraisal":615600.0,"value_per_acre":2642060.0858369097,"tax_per_acre":26082.41716738197,"est_tax_net":6077.203199999999,"assessment_ratio":0.04,"land_to_imp_ratio":0.3247256294383473,"centroid_lon":-79.78309808468633,"centroid_lat":32.888690141065375}},{"type":"Feature","geometry":{"type":"Polygon","coordinates":[[[-79.80225791840192,32.88929165487483],[-79.80228853248158,32.88934018314771],[-79.80261033911461,32.88919566779107],[-79.80259479388847,32.889140371788926],[-79.80225791840192,32.88929165487483]]]},"properties":{"area_short":"Park West","area_name":"Park West at Mt. Pleasant","era":"1990s-2000s","county":"Charleston","pid":"5830300226","address":"1696 BRIDWELL LN","owner1":"MULROONEY LEAH MARIE","subdivision":"PARK WEST 33B","legal_descr":"Block  Lot 3 GovLot  Tract","tax_district":"2-1","class_code":"120 - RESID-TWH","use_group":"Residential","legal_residence":true,"is_civic_exempt":false,"acres_cal":0.053,"land_appr":147400.0,"imp_appr":354200.0,"appraisal":501600.0,"value_per_acre":9464150.943396227,"tax_per_acre":93430.09811320754,"est_tax_net":4951.7952,"assessment_ratio":0.04,"land_to_imp_ratio":0.4161490683229814,"centroid_lon":-79.80243780826389,"centroid_lat":32.88924177133081}},{"type":"Feature","geometry":{"type":"Polygon","coordinates":[[[-79.77887807296919,32.877479891002515],[-79.77892314795017,32.877514429280005],[-79.77896515993356,32.877552634512284],[-79.7790038115004,32.87759423622982],[-79.77929076025491,32.87733116368685],[-79.77914423630797,32.87722073402665],[-79.77887807296919,32.877479891002515]]]},"properties":{"area_short":"Park West","area_name":"Park West at Mt. Pleasant","era":"1990s-2000s","county":"Charleston","pid":"5980000444","address":"1165 PEACEHAVEN ST","owner1":"ESPOSITO RAYMOND","subdivision":"THE ABBY AT PARK WEST","legal_descr":"Block  Lot 6 GovLot  Tract","tax_district":"2-1","class_code":"101 - RESID-SFR","use_group":"Residential","legal_residence":true,"is_civic_exempt":false,"acres_cal":6.815,"land_appr":250000.0,"imp_appr":555000.0,"appraisal":805000.0,"value_per_acre":118121.79016874541,"tax_per_acre":1166.0983125458547,"est_tax_net":7946.96,"assessment_ratio":0.04,"land_to_imp_ratio":0.45045045045045046,"centroid_lon":-79.77908234925866,"centroid_lat":32.87740442524297}},{"type":"Feature","geometry":{"type":"Polygon","coordinates":[[[-79.80009103905786,32.88926037366119],[-79.80006131087926,32.88918749589942],[-79.79975332483198,32.889276913486924],[-79.79976102365272,32.88929579580806],[-79.79978305430544,32.88934979533027],[-79.80009103905786,32.88926037366119]]]},"properties":{"area_short":"Park West","area_name":"Park West at Mt. Pleasant","era":"1990s-2000s","county":"Charleston","pid":"5941600788","address":"3643 BAGLEY DR","owner1":"FUCHS REVOCABLE LIVING TRUST","subdivision":"PRESTON AT PARK WEST","legal_descr":"LOT 38","tax_district":"2-1","class_code":"120 - RESID-TWH","use_group":"Residential","legal_residence":true,"is_civic_exempt":false,"acres_cal":0.064,"land_appr":148100.0,"imp_appr":390400.0,"appraisal":538500.0,"value_per_acre":8414062.5,"tax_per_acre":83063.62499999999,"est_tax_net":5316.071999999999,"assessment_ratio":0.04,"land_to_imp_ratio":0.3793545081967213,"centroid_lon":-79.79992218006662,"centroid_lat":32.88926864520754}},{"type":"Feature","geometry":{"type":"Polygon","coordinates":[[[-79.80319290238901,32.884909245998585],[-79.80341773736161,32.88521429843323],[-79.80347773721083,32.885212471118386],[-79.80361946326651,32.88504455120094],[-79.80369306625158,32.88495734465569],[-79.8036188307479,32.88483758501302],[-79.8032333269007,32.884829191434854],[-79.8032309014471,32.88484748374214],[-79.80322545337214,32.88486511354108],[-79.80321713588437,32.88488158505371],[-79.80320618288474,32.88489643507494],[-79.80319290238901,32.884909245998585]]]},"properties":{"area_short":"Park West","area_name":"Park West at Mt. Pleasant","era":"1990s-2000s","county":"Charleston","pid":"5830300365","address":"1509 CHECKER CT","owner1":"MELLETTE JAMES BLAND III","subdivision":"COVINGTON AT PARK WEST PHASE 2","legal_descr":"Block  Lot 212 GovLot  Tract","tax_district":"2-1","class_code":"101 - RESID-SFR","use_group":"Residential","legal_residence":true,"is_civic_exempt":false,"acres_cal":0.31157117,"land_appr":353700.0,"imp_appr":573200.0,"appraisal":926900.0,"value_per_acre":2974922.2304489855,"tax_per_acre":29368.432258992383,"est_tax_net":9150.3568,"assessment_ratio":0.04,"land_to_imp_ratio":0.6170621074668527,"centroid_lon":-79.80344585120838,"centroid_lat":32.884983178106914}},{"type":"Feature","geometry":{"type":"Polygon","coordinates":[[[-79.7830461794761,32.8892302722632],[-79.78308408816073,32.889359689578896],[-79.78348411440689,32.88928922056384],[-79.78344617669485,32.88915980907708],[-79.7830461794761,32.8892302722632]]]},"properties":{"area_short":"Park West","area_name":"Park West at Mt. Pleasant","era":"1990s-2000s","county":"Charleston","pid":"5941300478","address":"1614 MERMENTAU ST","owner1":"DISCHE LINDA B","subdivision":"PARK WEST 12B","legal_descr":"Lot 37","tax_district":"2-1","class_code":"120 - RESID-TWH","use_group":"Residential","legal_residence":false,"is_civic_exempt":false,"acres_cal":0.279,"land_appr":152200.0,"imp_appr":474300.0,"appraisal":626500.0,"value_per_acre":2245519.7132616485,"tax_per_acre":33251.65591397849,"est_tax_net":9277.212,"assessment_ratio":0.06,"land_to_imp_ratio":0.32089394897744045,"centroid_lon":-79.78326513974031,"centroid_lat":32.8892597486896}},{"type":"Feature","geometry":{"type":"Polygon","coordinates":[[[-79.78340846288549,32.89046707293702],[-79.78343972764094,32.89057381008547],[-79.7838400256842,32.89050328267741],[-79.78380873515282,32.890396551367544],[-79.78340846288549,32.89046707293702]]]},"properties":{"area_short":"Park West","area_name":"Park West at Mt. Pleasant","era":"1990s-2000s","county":"Charleston","pid":"5941300474","address":"1638 MERMENTAU ST","owner1":"BEN HUTTA AVI","subdivision":"PARK WEST 12B","legal_descr":"Lot 27","tax_district":"2-1","class_code":"120 - RESID-TWH","use_group":"Residential","legal_residence":true,"is_civic_exempt":false,"acres_cal":0.23,"land_appr":150800.0,"imp_appr":490200.0,"appraisal":641000.0,"value_per_acre":2786956.5217391304,"tax_per_acre":27512.83478260869,"est_tax_net":6327.951999999999,"assessment_ratio":0.04,"land_to_imp_ratio":0.3076295389636883,"centroid_lon":-79.78362423762556,"centroid_lat":32.89048517991557}},{"type":"Feature","geometry":{"type":"Polygon","coordinates":[[[-79.78349742944131,32.890770789090794],[-79.78353892646496,32.89091245499251],[-79.78389838526242,32.89086639765892],[-79.78389474914505,32.890834489386776],[-79.783890001085,32.890764210511804],[-79.78349742944131,32.890770789090794]]]},"properties":{"area_short":"Park West","area_name":"Park West at Mt. Pleasant","era":"1990s-2000s","county":"Charleston","pid":"5941300492","address":"1644 MERMENTAU ST","owner1":"LOSSING KARSON M","subdivision":"PARK WEST 12B","legal_descr":"Lot 24","tax_district":"2-1","class_code":"120 - RESID-TWH","use_group":"Residential","legal_residence":true,"is_civic_exempt":false,"acres_cal":0.247,"land_appr":151400.0,"imp_appr":458400.0,"appraisal":609800.0,"value_per_acre":2468825.910931174,"tax_per_acre":24372.249392712547,"est_tax_net":6019.945599999999,"assessment_ratio":0.04,"land_to_imp_ratio":0.33027923211169286,"centroid_lon":-79.78369523647999,"centroid_lat":32.890828544926265}},{"type":"Feature","geometry":{"type":"Polygon","coordinates":[[[-79.77997510115982,32.87806528883084],[-79.7798958428994,32.87813297006585],[-79.78009877098512,32.87832609609476],[-79.78021609893334,32.8782385540747],[-79.77997510115982,32.87806528883084]]]},"properties":{"area_short":"Park West","area_name":"Park West at Mt. Pleasant","era":"1990s-2000s","county":"Charleston","pid":"5980000421","address":"3361 EASTMAN DR","owner1":"KOEPENICK STACEY","subdivision":"PARK WEST","legal_descr":"Lot 14","tax_district":"2-1","class_code":"120 - RESID-TWH","use_group":"Residential","legal_residence":true,"is_civic_exempt":false,"acres_cal":0.09,"land_appr":149500.0,"imp_appr":350900.0,"appraisal":500400.0,"value_per_acre":5560000.0,"tax_per_acre":54888.31999999999,"est_tax_net":4939.948799999999,"assessment_ratio":0.04,"land_to_imp_ratio":0.4260473069250499,"centroid_lon":-79.78005266212617,"centroid_lat":32.87819547515346}},{"type":"Feature","geometry":{"type":"Polygon","coordinates":[[[-79.80418027957333,32.88220382536205],[-79.80465320383183,32.88221451020907],[-79.80476948140424,32.88204185567894],[-79.80442964985184,32.881835197761795],[-79.8041848223871,32.88212402487736],[-79.80415786126751,32.882139451869485],[-79.80416593685632,32.88215078053772],[-79.80417232680078,32.88216313863095],[-79.80417690231042,32.8821762770696],[-79.80417957116502,32.88218993104608],[-79.80418027957333,32.88220382536205]]]},"properties":{"area_short":"Park West","area_name":"Park West at Mt. Pleasant","era":"1990s-2000s","county":"Charleston","pid":"5830300256","address":"2804 WAGNER WAY","owner1":"HOLMES FAMILY TRUST","subdivision":"COVINGTON AT PARK WEST","legal_descr":"Block  Lot 8 GovLot  Tract","tax_district":"2-1","class_code":"101 - RESID-SFR","use_group":"Residential","legal_residence":true,"is_civic_exempt":false,"acres_cal":0.358,"land_appr":273000.0,"imp_appr":590300.0,"appraisal":863300.0,"value_per_acre":2411452.5139664807,"tax_per_acre":23805.859217877096,"est_tax_net":8522.4976,"assessment_ratio":0.04,"land_to_imp_ratio":0.46247670675927494,"centroid_lon":-79.80446762524225,"centroid_lat":32.882066931933316}},{"type":"Feature","geometry":{"type":"Polygon","coordinates":[[[-79.80254053251122,32.89197287892022],[-79.80257639733898,32.892025203728224],[-79.8028836224205,32.891886261356476],[-79.80284978944802,32.89183301385958],[-79.80254053251122,32.89197287892022]]]},"properties":{"area_short":"Park West","area_name":"Park West at Mt. Pleasant","era":"1990s-2000s","county":"Charleston","pid":"5941000871","address":"1806 CHAUNCYS CT","owner1":"SADOWSKI BRUCE J","subdivision":"PARK WEST","legal_descr":"Lot 15","tax_district":"2-1","class_code":"120 - RESID-TWH","use_group":"Residential","legal_residence":true,"is_civic_exempt":false,"acres_cal":0.054,"land_appr":162800.0,"imp_appr":340200.0,"appraisal":503000.0,"value_per_acre":9314814.814814815,"tax_per_acre":91955.85185185184,"est_tax_net":4965.615999999999,"assessment_ratio":0.04,"land_to_imp_ratio":0.47854203409758966,"centroid_lon":-79.80271256768174,"centroid_lat":32.89192930980347}},{"type":"Feature","geometry":{"type":"Polygon","coordinates":[[[-79.78346857890273,32.89067229959511],[-79.78349742944131,32.890770789090794],[-79.783890001085,32.890764210511804],[-79.78388378368658,32.89067219705979],[-79.78388065511838,32.89064676987771],[-79.78387478,32.89062183370897],[-79.78346857890273,32.89067229959511]]]},"properties":{"area_short":"Park West","area_name":"Park West at Mt. Pleasant","era":"1990s-2000s","county":"Charleston","pid":"5941300473","address":"1642 MERMENTAU ST","owner1":"NORTON EVELINA","subdivision":"PARK WEST 12B","legal_descr":"Lot 25","tax_district":"2-1","class_code":"120 - RESID-TWH","use_group":"Residential","legal_residence":false,"is_civic_exempt":false,"acres_cal":0.243,"land_appr":151100.0,"imp_appr":481700.0,"appraisal":632800.0,"value_per_acre":2604115.2263374487,"tax_per_acre":38561.73827160493,"est_tax_net":9370.502399999998,"assessment_ratio":0.06,"land_to_imp_ratio":0.31368071413742993,"centroid_lon":-79.78369543158314,"centroid_lat":32.89070576278634}},{"type":"Feature","geometry":{"type":"Polygon","coordinates":[[[-79.8014230718392,32.88804607100842],[-79.80148906621893,32.88813496693332],[-79.80177308948186,32.88798489060917],[-79.80170266017744,32.88789832634291],[-79.8014230718392,32.88804607100842]]]},"properties":{"area_short":"Park West","area_name":"Park West at Mt. Pleasant","era":"1990s-2000s","county":"Charleston","pid":"5830300244","address":"1652 BRIDWELL LN","owner1":"SHUMAKER STEVEN W","subdivision":"PARK WEST 33B","legal_descr":"Block  Lot 21 GovLot  Tract","tax_district":"2-1","class_code":"120 - RESID-TWH","use_group":"Residential","legal_residence":true,"is_civic_exempt":false,"acres_cal":0.089,"land_appr":149400.0,"imp_appr":410900.0,"appraisal":560300.0,"value_per_acre":6295505.617977529,"tax_per_acre":62149.23146067415,"est_tax_net":5531.281599999999,"assessment_ratio":0.04,"land_to_imp_ratio":0.363592114869798,"centroid_lon":-79.80159706349829,"centroid_lat":32.88801617742356}},{"type":"Feature","geometry":{"type":"Polygon","coordinates":[[[-79.77994160427441,32.87862556140922],[-79.78014221369757,32.87881855582903],[-79.7801910981595,32.8787820921536],[-79.7799911807887,32.878589781919544],[-79.77996445998352,32.878609718972925],[-79.77994160427441,32.87862556140922]]]},"properties":{"area_short":"Park West","area_name":"Park West at Mt. Pleasant","era":"1990s-2000s","county":"Charleston","pid":"5980000415","address":"3370 EASTMAN DR","owner1":"DAVIS SUZANNE LANE","subdivision":"PARK WEST","legal_descr":"Lot 8","tax_district":"2-1","class_code":"120 - RESID-TWH","use_group":"Residential","legal_residence":true,"is_civic_exempt":false,"acres_cal":0.043,"land_appr":162200.0,"imp_appr":308900.0,"appraisal":471100.0,"value_per_acre":10955813.953488372,"tax_per_acre":108155.7953488372,"est_tax_net":4650.699199999999,"assessment_ratio":0.04,"land_to_imp_ratio":0.5250890255746197,"centroid_lon":-79.78006661110962,"centroid_lat":32.878704104586205}},{"type":"Feature","geometry":{"type":"Polygon","coordinates":[[[-79.78291408702115,32.88877931345284],[-79.78294574275671,32.888887383089155],[-79.78334566414665,32.88881693612541],[-79.78331398580227,32.88870887102971],[-79.78291408702115,32.88877931345284]]]},"properties":{"area_short":"Park West","area_name":"Park West at Mt. Pleasant","era":"1990s-2000s","county":"Charleston","pid":"5941300480","address":"1606 MERMENTAU ST","owner1":"DOLIYA RAKESH","subdivision":"PARK WEST 12B","legal_descr":"Lot 41","tax_district":"2-1","class_code":"120 - RESID-TWH","use_group":"Residential","legal_residence":true,"is_civic_exempt":false,"acres_cal":0.233,"land_appr":150900.0,"imp_appr":488600.0,"appraisal":639500.0,"value_per_acre":2744635.193133047,"tax_per_acre":27095.03862660944,"est_tax_net":6313.143999999999,"assessment_ratio":0.04,"land_to_imp_ratio":0.3088415882112157,"centroid_lon":-79.78312986991828,"centroid_lat":32.88879812646573}},{"type":"Feature","geometry":{"type":"Polygon","coordinates":[[[-79.80473280688767,32.878991525273406],[-79.80508205380998,32.879139673729874],[-79.80516983885516,32.8789923245145],[-79.80482059237377,32.878844176310075],[-79.80473280688767,32.878991525273406]]]},"properties":{"area_short":"Park West","area_name":"Park West at Mt. Pleasant","era":"1990s-2000s","county":"Charleston","pid":"5830300208","address":"2588 LARCH LN","owner1":"HUDSON RHIAN A","subdivision":"PARK WEST","legal_descr":"Lot 11","tax_district":"2-1","class_code":"101 - RESID-SFR","use_group":"Residential","legal_residence":true,"is_civic_exempt":false,"acres_cal":0.165,"land_appr":202700.0,"imp_appr":591100.0,"appraisal":793800.0,"value_per_acre":4810909.090909091,"tax_per_acre":47493.29454545454,"est_tax_net":7836.393599999999,"assessment_ratio":0.04,"land_to_imp_ratio":0.3429199796988665,"centroid_lon":-79.804951322982,"centroid_lat":32.878991924977896}},{"type":"Feature","geometry":{"type":"Polygon","coordinates":[[[-79.80303704957288,32.88245325111694],[-79.80323890457078,32.88254275731685],[-79.80326921867163,32.8824940968716],[-79.8034137165758,32.882264421968],[-79.803240704499,32.8821876916729],[-79.80303704957288,32.88245325111694]]]},"properties":{"area_short":"Park West","area_name":"Park West at Mt. Pleasant","era":"1990s-2000s","county":"Charleston","pid":"5830300282","address":"1486 BRIGHTWOOD DR","owner1":"OBER AARON BRUCE KARL","subdivision":"COVINGTON AT PARK WEST","legal_descr":"Block  Lot 34 GovLot  Tract","tax_district":"2-1","class_code":"101 - RESID-SFR","use_group":"Residential","legal_residence":true,"is_civic_exempt":false,"acres_cal":0.171,"land_appr":263700.0,"imp_appr":645500.0,"appraisal":909200.0,"value_per_acre":5316959.064327485,"tax_per_acre":52489.01988304092,"est_tax_net":8975.622399999998,"assessment_ratio":0.04,"land_to_imp_ratio":0.40852052672347017,"centroid_lon":-79.80323012728488,"centroid_lat":32.88236548135789}},{"type":"Feature","geometry":{"type":"Polygon","coordinates":[[[-79.78334593198113,32.89025360192881],[-79.78337719818806,32.89036033711174],[-79.78377744626556,32.89028982073129],[-79.78374615823392,32.890183090760914],[-79.78334593198113,32.89025360192881]]]},"properties":{"area_short":"Park West","area_name":"Park West at Mt. Pleasant","era":"1990s-2000s","county":"Charleston","pid":"5941300475","address":"1634 MERMENTAU ST","owner1":"SHIPEK MELANIE K","subdivision":"PARK WEST 12B","legal_descr":"Lot 29","tax_district":"2-1","class_code":"120 - RESID-TWH","use_group":"Residential","legal_residence":true,"is_civic_exempt":false,"acres_cal":0.23,"land_appr":150000.0,"imp_appr":545000.0,"appraisal":695000.0,"value_per_acre":3021739.1304347827,"tax_per_acre":29830.60869565217,"est_tax_net":6861.039999999999,"assessment_ratio":0.04,"land_to_imp_ratio":0.27522935779816515,"centroid_lon":-79.78356168340544,"centroid_lat":32.89027171319826}},{"type":"Feature","geometry":{"type":"Polygon","coordinates":[[[-79.77710365273744,32.87758427927681],[-79.7774700108309,32.87777707440909],[-79.77748883444363,32.87775160612091],[-79.77752271380335,32.87770880288184],[-79.77755929232838,32.87766828202552],[-79.77721163194326,32.877430175637464],[-79.77717153984543,32.877478588573446],[-79.77713546896473,32.87753006750355],[-79.77710365273744,32.87758427927681]]]},"properties":{"area_short":"Park West","area_name":"Park West at Mt. Pleasant","era":"1990s-2000s","county":"Charleston","pid":"5980000435","address":"3427 SALTERBECK ST","owner1":"FOSTER MICHAEL R","subdivision":"PARK WEST","legal_descr":"Block  Lot 7 GovLot  Tract","tax_district":"2-1","class_code":"101 - RESID-SFR","use_group":"Residential","legal_residence":true,"is_civic_exempt":false,"acres_cal":0.176,"land_appr":350600.0,"imp_appr":466100.0,"appraisal":816700.0,"value_per_acre":4640340.909090909,"tax_per_acre":45809.44545454545,"est_tax_net":8062.4623999999985,"assessment_ratio":0.04,"land_to_imp_ratio":0.7521990989058142,"centroid_lon":-79.7773254163135,"centroid_lat":32.877608010503295}},{"type":"Feature","geometry":{"type":"Polygon","coordinates":[[[-79.77921120560963,32.87789711712339],[-79.77941405505936,32.87816775224644],[-79.77949834481727,32.87812014135171],[-79.77958021954052,32.87806848779155],[-79.77934510909378,32.877817127951126],[-79.77927913029254,32.87785875125978],[-79.77921120560963,32.87789711712339]]]},"properties":{"area_short":"Park West","area_name":"Park West at Mt. Pleasant","era":"1990s-2000s","county":"Charleston","pid":"5980000450","address":"3337 STOCKDALE ST","owner1":"MELLISON DANIEL E","subdivision":"THE ABBY AT PARK WEST","legal_descr":"Block  Lot 12 GovLot  Tract","tax_district":"2-1","class_code":"101 - RESID-SFR","use_group":"Residential","legal_residence":true,"is_civic_exempt":false,"acres_cal":6.815,"land_appr":349200.0,"imp_appr":435200.0,"appraisal":784400.0,"value_per_acre":115099.04622157005,"tax_per_acre":1136.2577842993396,"est_tax_net":7743.596799999999,"assessment_ratio":0.04,"land_to_imp_ratio":0.8023897058823529,"centroid_lon":-79.7793922657472,"centroid_lat":32.87799312642205}},{"type":"Feature","geometry":{"type":"Polygon","coordinates":[[[-79.77864654214999,32.87750608296605],[-79.778572538103,32.87757762057687],[-79.77849389858149,32.87764402881722],[-79.77844196247663,32.877683349832616],[-79.77842484662128,32.877695770713174],[-79.7784192754046,32.87770034906109],[-79.77841456791545,32.877705811594446],[-79.77841086246501,32.877711997818004],[-79.77840826792351,32.87771872597372],[-79.77840686052144,32.877725798380965],[-79.77840684897339,32.8777316447385],[-79.77840769625726,32.87773742938542],[-79.77840938399457,32.87774302684668],[-79.77841187557657,32.87774831570753],[-79.7784151169582,32.87775318124706],[-79.77841903783056,32.877757517926646],[-79.77845302178945,32.8777945075404],[-79.77848356133877,32.87783438832416],[-79.77881094871123,32.8776141197358],[-79.77877783158883,32.877588317084836],[-79.77874286288754,32.87756508541413],[-79.77864654214999,32.87750608296605]]]},"properties":{"area_short":"Park West","area_name":"Park West at Mt. Pleasant","era":"1990s-2000s","county":"Charleston","pid":"5980000468","address":"1160 PEACEHAVEN ST","owner1":"TOTO RAYMOND G Jr","subdivision":"THE ABBY AT PARK WEST","legal_descr":"Block  Lot 30 GovLot  Tract","tax_district":"2-1","class_code":"101 - RESID-SFR","use_group":"Residential","legal_residence":true,"is_civic_exempt":false,"acres_cal":6.815,"land_appr":349200.0,"imp_appr":498700.0,"appraisal":847900.0,"value_per_acre":124416.7278063096,"tax_per_acre":1228.2419369038882,"est_tax_net":8370.468799999999,"assessment_ratio":0.04,"land_to_imp_ratio":0.7002205734910768,"centroid_lon":-79.77859417168725,"centroid_lat":32.877666307637654}},{"type":"Feature","geometry":{"type":"Polygon","coordinates":[[[-79.77788284160731,32.876880011726506],[-79.77824966427612,32.87708794862234],[-79.77829884967835,32.87702199281421],[-79.77834368891159,32.876953008645145],[-79.77835401691512,32.87693591662989],[-79.77790025739594,32.8767406514401],[-79.77780027691699,32.876792410971426],[-79.77780442509034,32.87683556370355],[-79.77785580147305,32.87686468491996],[-79.77788284160731,32.876880011726506]]]},"properties":{"area_short":"Park West","area_name":"Park West at Mt. Pleasant","era":"1990s-2000s","county":"Charleston","pid":"5980000429","address":"3415 SALTERBECK ST","owner1":"LAMARCA CARRIE ANN","subdivision":"PARK WEST","legal_descr":"Block  Lot 1 GovLot  Tract","tax_district":"2-1","class_code":"101 - RESID-SFR","use_group":"Residential","legal_residence":true,"is_civic_exempt":false,"acres_cal":0.207,"land_appr":375000.0,"imp_appr":510000.0,"appraisal":885000.0,"value_per_acre":4275362.31884058,"tax_per_acre":42206.3768115942,"est_tax_net":8736.72,"assessment_ratio":0.04,"land_to_imp_ratio":0.7352941176470589,"centroid_lon":-79.77808354522368,"centroid_lat":32.87690434917366}},{"type":"Feature","geometry":{"type":"Polygon","coordinates":[[[-79.77965672539476,32.875522457548136],[-79.77965347976308,32.8755226853139],[-79.77965025114082,32.87552304962248],[-79.77964704821703,32.875523549230174],[-79.77964387967158,32.87552418355803],[-79.7796407518382,32.875524950673615],[-79.77963767419432,32.87552584934088],[-79.77963465310161,32.875526875631785],[-79.77963169645157,32.8755280289597],[-79.77962881139425,32.875529305404555],[-79.77962600664665,32.875530701726895],[-79.77962328698467,32.87553221464824],[-79.77962066113477,32.875533840264104],[-79.77961813467033,32.875535574638604],[-79.77961571396236,32.8755374131786],[-79.77961340537257,32.875539351956064],[-79.7796112145024,32.875541385039675],[-79.77960914613695,32.87554350848577],[-79.7790071747332,32.876193598607784],[-79.77900501343328,32.87619593864991],[-79.7790030161059,32.876198110026166],[-79.77900102424952,32.87620028478315],[-79.77899903785479,32.876202463585976],[-79.7789970577193,32.87620464577736],[-79.77899508226662,32.87620683134158],[-79.77899311228487,32.876209020286495],[-79.77899114776483,32.87621121327723],[-79.77898918951333,32.876213408991426],[-79.77898723593522,32.876215608743586],[-79.77898528782815,32.8762178118764],[-79.77898334519205,32.876220018389944],[-79.77898140880592,32.87622222895722],[-79.77897947712113,32.87622444156703],[-79.77897755089799,32.87622665822273],[-79.77897563093416,32.87622887826696],[-79.77897371643198,32.876231102357025],[-79.77897180662184,32.87623332915479],[-79.77896990307096,32.876235559341104],[-79.77896800498175,32.87623779357328],[-79.77896611237284,32.87624003052098],[-79.77896422602316,32.87624227085729],[-79.77896234435626,32.87624451456638],[-79.77896046893925,32.87624676232926],[-79.77895859821434,32.876249012799796],[-79.77895673453693,32.87625126666677],[-79.77895487476329,32.87625352323358],[-79.77895302202782,32.87625578386195],[-79.77895117397513,32.87625804786315],[-79.77894933219099,32.876260314587775],[-79.77894749508961,32.87626258468525],[-79.77894566503569,32.876264858179205],[-79.77894384045278,32.876267135053816],[-79.77894202135018,32.876269414643986],[-79.77894020770928,32.876271698279986],[-79.77893839953931,32.87627398529673],[-79.77893659764727,32.876276274371726],[-79.77893480121688,32.876278567492584],[-79.77893301026684,32.87628086332902],[-79.77893122557604,32.87628316255401],[-79.7789294463562,32.87628546515971],[-79.77892767261667,32.87628777048094],[-79.77892590513639,32.876290079190795],[-79.77892414391539,32.87629239128918],[-79.77892238659817,32.87629470608742],[-79.77892063632844,32.876297024282124],[-79.778918891539,32.87629934519232],[-79.77891715222061,32.87630166948327],[-79.77891541916144,32.87630399716278],[-79.77891369237082,32.87630632756571],[-79.77891197106054,32.87630866068424],[-79.77891025522128,32.876310997183396],[-79.77890854564117,32.87631333707123],[-79.77890684154144,32.87631567967459],[-79.77890514371025,32.87631802500134],[-79.7789034513501,32.876320373708836],[-79.77890176524916,32.87632272580487],[-79.77890008542607,32.87632507995921],[-79.77889840948824,32.87632743814368],[-79.77889674140468,32.87632979840215],[-79.77889507800398,32.87633216203353],[-79.77889342166003,32.87633452839613],[-79.77889176999885,32.876336898131626],[-79.77889012540376,32.876339269933226],[-79.77888848627971,32.87634164511556],[-79.77888685262663,32.87634402367859],[-79.77888522524213,32.876346404965076],[-79.77888360412622,32.87634878897499],[-79.77888198849058,32.876351175700464],[-79.77888037912352,32.876353565149365],[-79.77887877601569,32.87635595798685],[-79.7788771783882,32.8763583535399],[-79.77887558624106,32.87636075180853],[-79.77887400115068,32.87636315280847],[-79.77887242154063,32.87636555652392],[-79.77887084819913,32.87636796296284],[-79.77886928032868,32.87637037278249],[-79.77886771873607,32.87637278466038],[-79.7788661634027,32.8763751999269],[-79.77886461434724,32.87637761725169],[-79.77886306997456,32.87638003794934],[-79.77886153265864,32.876382461378284],[-79.7788600016113,32.876384887530655],[-79.77885847605359,32.8763873157334],[-79.77885695675518,32.876389747324815],[-79.77885544372528,32.87639218163961],[-79.7788539369733,32.87639461801273],[-79.77885243569229,32.87639705776654],[-79.7788509406892,32.87639949957866],[-79.77884945194535,32.87640194477937],[-79.77884796947939,32.87640439203834],[-79.7786899999915,32.87666581745306],[-79.7789420576083,32.87677432698168],[-79.7790234591387,32.87682802354579],[-79.77907573445628,32.876862507033415],[-79.77941648350416,32.87708728037749],[-79.77950061678737,32.877142531894556],[-79.78053258481685,32.876082556060666],[-79.7797006109024,32.87553399431827],[-79.77969685392101,32.875531723018],[-79.77969410671543,32.87553024675855],[-79.77969127587714,32.87552888807779],[-79.7796883676562,32.875527651029465],[-79.77968538991628,32.87552653702229],[-79.77968234968624,32.87552555078304],[-79.77967925482983,32.8755246937205],[-79.77967611319208,32.875523968573866],[-79.77967293264597,32.87552337608671],[-79.7796697210366,32.87552291899819],[-79.7796664870251,32.87552259805987],[-79.77966323690805,32.87552241399966],[-79.77965998014423,32.87552236691197],[-79.77965672539476,32.875522457548136]]]},"properties":{"area_short":"Park West","area_name":"Park West at Mt. Pleasant","era":"1990s-2000s","county":"Charleston","pid":"5980000064","address":"3400 SALTERBECK ST","owner1":"IRON DOGS LLC","subdivision":null,"legal_descr":"UNIT 104; PARK WEST VET","tax_district":"2-1","class_code":"250 - SPCLTY-COMMCONDO","use_group":"Specialty / condo","legal_residence":false,"is_civic_exempt":false,"acres_cal":3.846,"land_appr":82000.0,"imp_appr":692900.0,"appraisal":774900.0,"value_per_acre":201482.05928237128,"tax_per_acre":2983.5463338533536,"est_tax_net":11474.719199999998,"assessment_ratio":0.06,"land_to_imp_ratio":0.11834319526627218,"centroid_lon":-79.77959101322755,"centroid_lat":32.87632354037209}},{"type":"Feature","geometry":{"type":"Polygon","coordinates":[[[-79.80241165710652,32.88487519244489],[-79.80276358761147,32.88503753981398],[-79.80291013418669,32.884819959451676],[-79.80260945680915,32.88468450878111],[-79.80259792508612,32.88468018033394],[-79.80258582302942,32.88467788766849],[-79.80257350717615,32.88467769832867],[-79.80256134036205,32.88467961789262],[-79.802549681032,32.884683589808304],[-79.80253887268002,32.88468949705964],[-79.8025292337295,32.88469716561387],[-79.8025210481523,32.884706369548745],[-79.80241165710652,32.88487519244489]]]},"properties":{"area_short":"Park West","area_name":"Park West at Mt. Pleasant","era":"1990s-2000s","county":"Charleston","pid":"5830300267","address":"2856 WAGNER WAY","owner1":"BOYLE VINCENT M","subdivision":"COVINGTON AT PARK WEST","legal_descr":"Block  Lot 19 GovLot  Tract","tax_district":"2-1","class_code":"101 - RESID-SFR","use_group":"Residential","legal_residence":true,"is_civic_exempt":false,"acres_cal":0.247,"land_appr":251800.0,"imp_appr":905800.0,"appraisal":1157600.0,"value_per_acre":4686639.676113361,"tax_per_acre":46266.506882591086,"est_tax_net":11427.827199999998,"assessment_ratio":0.04,"land_to_imp_ratio":0.27798631044380656,"centroid_lon":-79.80266068833582,"centroid_lat":32.884849136678554}},{"type":"Feature","geometry":{"type":"Polygon","coordinates":[[[-79.80289664488801,32.88412670034018],[-79.80326319216636,32.884295763667694],[-79.80333797653468,32.884184728851565],[-79.8032916651218,32.88397974446925],[-79.80306085333939,32.88387327196387],[-79.80289664488801,32.88412670034018]]]},"properties":{"area_short":"Park West","area_name":"Park West at Mt. Pleasant","era":"1990s-2000s","county":"Charleston","pid":"5830300264","address":"2844 WAGNER WAY","owner1":"GILBERT MATTHEW R","subdivision":"COVINGTON AT PARK WEST","legal_descr":"Block  Lot 16 GovLot  Tract","tax_district":"2-1","class_code":"101 - RESID-SFR","use_group":"Residential","legal_residence":true,"is_civic_exempt":false,"acres_cal":0.272,"land_appr":268300.0,"imp_appr":727000.0,"appraisal":995300.0,"value_per_acre":3659191.176470588,"tax_per_acre":36123.535294117646,"est_tax_net":9825.6016,"assessment_ratio":0.04,"land_to_imp_ratio":0.36905089408528197,"centroid_lon":-79.80314076873243,"centroid_lat":32.884086607219416}},{"type":"Feature","geometry":{"type":"Polygon","coordinates":[[[-79.80407603189285,32.87902636357925],[-79.80443791829896,32.87917993989216],[-79.804525704473,32.879032591138],[-79.80416938661526,32.87888144101647],[-79.80407603189285,32.87902636357925]]]},"properties":{"area_short":"Park West","area_name":"Park West at Mt. Pleasant","era":"1990s-2000s","county":"Charleston","pid":"5830300191","address":"2593 LARCH LN","owner1":"ROTH AYLIN","subdivision":"PARK WEST","legal_descr":"LOT 6 TRACT 38","tax_district":"2-1","class_code":"101 - RESID-SFR","use_group":"Residential","legal_residence":true,"is_civic_exempt":false,"acres_cal":0.17,"land_appr":203700.0,"imp_appr":594600.0,"appraisal":798300.0,"value_per_acre":4695882.352941176,"tax_per_acre":46357.750588235285,"est_tax_net":7880.817599999999,"assessment_ratio":0.04,"land_to_imp_ratio":0.3425832492431887,"centroid_lon":-79.80430215292468,"centroid_lat":32.87903027817514}},{"type":"Feature","geometry":{"type":"Polygon","coordinates":[[[-79.79976102365272,32.88929579580806],[-79.79975332483198,32.889276913486924],[-79.79973769956787,32.88923861641987],[-79.79942964547578,32.88932807045054],[-79.79945296939171,32.88938524923267],[-79.79976102365272,32.88929579580806]]]},"properties":{"area_short":"Park West","area_name":"Park West at Mt. Pleasant","era":"1990s-2000s","county":"Charleston","pid":"5941600800","address":"4037 CONANT RD","owner1":"FERRARO CHERYL A","subdivision":"PRESTON AT PARK WEST","legal_descr":"LOT 50","tax_district":"2-1","class_code":"120 - RESID-TWH","use_group":"Residential","legal_residence":true,"is_civic_exempt":false,"acres_cal":0.051,"land_appr":147300.0,"imp_appr":383400.0,"appraisal":530700.0,"value_per_acre":10405882.352941178,"tax_per_acre":102726.8705882353,"est_tax_net":5239.0704,"assessment_ratio":0.04,"land_to_imp_ratio":0.3841940532081377,"centroid_lon":-79.79959533556915,"centroid_lat":32.88931193269078}},{"type":"Feature","geometry":{"type":"MultiPolygon","coordinates":[[[[-79.78050728897004,32.87799724955009],[-79.78022070462933,32.8778103219167],[-79.7801221143011,32.87791826179252],[-79.7803041324498,32.87804911661206],[-79.78031176220148,32.878034225316576],[-79.7803214571958,32.87802058820262],[-79.78033301525912,32.87800848965047],[-79.78034619536645,32.87799818195613],[-79.78036072266768,32.877989880070146],[-79.78038047157123,32.877981758578905],[-79.78040118155143,32.877976555259636],[-79.78042242388193,32.877974377828515],[-79.78044816028316,32.877975668126375],[-79.78047331077848,32.87798127881274],[-79.78050728897004,32.87799724955009]]],[[[-79.77965004360843,32.87830614088688],[-79.77957979480266,32.878347049722265],[-79.7795081364168,32.878385435960176],[-79.77950087382932,32.87838926140525],[-79.77949432912754,32.87839421580585],[-79.7794886761687,32.87840016755039],[-79.77948406512128,32.878406958533276],[-79.77948061847584,32.878414408354885],[-79.77947842779108,32.878422319113824],[-79.7794775512616,32.87843048066409],[-79.77947801217206,32.87843867619753],[-79.77947979827856,32.87844668800322],[-79.77948286213392,32.87845430325089],[-79.77948712234812,32.87846131964468],[-79.77951566351183,32.8784906368552],[-79.77954827062636,32.878515352699104],[-79.77958420930415,32.87853491051846],[-79.77962267012306,32.878548869825984],[-79.77966278685659,32.87855691622579],[-79.77970365598316,32.87855886849436],[-79.77974435703555,32.87855468266209],[-79.77978397333203,32.8785444530036],[-79.77982161262199,32.87852840991445],[-79.77985642718164,32.87850691472208],[-79.77985898932843,32.87850500241351],[-79.77965004360843,32.87830614088688]]],[[[-79.78050728897004,32.87799724955009],[-79.78052214476706,32.8780106324968],[-79.78053490126138,32.87802602956864],[-79.78054528839641,32.87804311480769],[-79.78085907359232,32.878262915693135],[-79.78078277299242,32.878338492033016],[-79.78074046117453,32.87838040180663],[-79.78069815010421,32.87842231157359],[-79.78063830490395,32.87848158771177],[-79.78059599294716,32.878523497436014],[-79.78052592433862,32.87859290040844],[-79.78045455888159,32.87858557267456],[-79.78044728599755,32.87859099776806],[-79.78023938094435,32.878404593536715],[-79.78008518071098,32.87851964704731],[-79.78028425576478,32.87871260466095],[-79.7801910981595,32.8787820921536],[-79.78014221369757,32.87881855582903],[-79.78009332840651,32.87885501947723],[-79.78000046367593,32.878924288222116],[-79.77991838673,32.8789855098968],[-79.77981111785604,32.87900786753092],[-79.77974777427436,32.879021069352646],[-79.77968354589942,32.879034455909526],[-79.78079178231583,32.87903927748042],[-79.78138240217645,32.87856845512267],[-79.78089058108634,32.878247429962904],[-79.78050728897004,32.87799724955009]]],[[[-79.77933941105508,32.878520095333144],[-79.7793316902085,32.87851143445279],[-79.7793226698098,32.87850413686908],[-79.77931258755424,32.8784983948796],[-79.77930170911787,32.87849435979068],[-79.77929032115681,32.878492137930365],[-79.77927872375358,32.878491787846585],[-79.77926722250967,32.87849331876435],[-79.77925612049273,32.87849669034265],[-79.77914167527123,32.878536342816965],[-79.77902544566636,32.878570411958364],[-79.77890770389125,32.878598817975956],[-79.7785051405904,32.878685909748675],[-79.7781923435223,32.879027659021105],[-79.77962354418169,32.879034194642585],[-79.77953870483468,32.878744343104515],[-79.77956547276194,32.87867812542657],[-79.77952088007031,32.87866355511946],[-79.77947830715456,32.87864384855098],[-79.77943834325434,32.878619278474154],[-79.77940154149863,32.87859018495644],[-79.77936841125009,32.878556970672946],[-79.77933941105508,32.878520095333144]]]]},"properties":{"area_short":"Park West","area_name":"Park West at Mt. Pleasant","era":"1990s-2000s","county":"Charleston","pid":"5980000102","address":"0 STOCKDALE ST","owner1":"HALL POINT AT PARK WEST HOMEOWNERS ASSOCIATION INC","subdivision":"PARK WEST","legal_descr":"PARCEL 6A-2","tax_district":"2-1","class_code":"742 - HOA-PROP","use_group":"Institutional / Civic","legal_residence":false,"is_civic_exempt":false,"acres_cal":3.2,"land_appr":1610.0,"imp_appr":0.0,"appraisal":1610.0,"value_per_acre":503.125,"tax_per_acre":7.4502749999999995,"est_tax_net":23.84088,"assessment_ratio":0.06,"land_to_imp_ratio":null,"centroid_lon":-79.77990760445608,"centroid_lat":32.87871846132755}},{"type":"Feature","geometry":{"type":"Polygon","coordinates":[[[-79.79979075081975,32.88936867430074],[-79.79978305430544,32.88934979533027],[-79.79976102365272,32.88929579580806],[-79.79945296939171,32.88938524923267],[-79.79948269713844,32.88945812647802],[-79.79979075081975,32.88936867430074]]]},"properties":{"area_short":"Park West","area_name":"Park West at Mt. Pleasant","era":"1990s-2000s","county":"Charleston","pid":"5941600799","address":"4033 CONANT RD","owner1":"BAILEY-HOLLON PATRICIA L","subdivision":"PRESTON AT PARK WEST","legal_descr":"LOT 49","tax_district":"2-1","class_code":"120 - RESID-TWH","use_group":"Residential","legal_residence":false,"is_civic_exempt":false,"acres_cal":0.064,"land_appr":147600.0,"imp_appr":388700.0,"appraisal":536300.0,"value_per_acre":8379687.5,"tax_per_acre":124086.41249999998,"est_tax_net":7941.530399999999,"assessment_ratio":0.06,"land_to_imp_ratio":0.37972729611525596,"centroid_lon":-79.7996218615418,"centroid_lat":32.889376961098634}},{"type":"Feature","geometry":{"type":"Polygon","coordinates":[[[-79.8025179963455,32.882223089657764],[-79.80254792776665,32.882236362370605],[-79.80269101352077,32.88229981038553],[-79.80289468282638,32.88203423103149],[-79.8027215854716,32.88195746124364],[-79.80269230489337,32.88194554137142],[-79.8025179963455,32.882223089657764]]]},"properties":{"area_short":"Park West","area_name":"Park West at Mt. Pleasant","era":"1990s-2000s","county":"Charleston","pid":"5830300285","address":"1474 BRIGHTWOOD DR","owner1":"SURDYK BRIAN A","subdivision":"COVINGTON AT PARK WEST","legal_descr":"Block  Lot 37 GovLot  Tract","tax_district":"2-1","class_code":"101 - RESID-SFR","use_group":"Residential","legal_residence":true,"is_civic_exempt":false,"acres_cal":0.171,"land_appr":262200.0,"imp_appr":642900.0,"appraisal":905100.0,"value_per_acre":5292982.456140351,"tax_per_acre":52252.32280701754,"est_tax_net":8935.1472,"assessment_ratio":0.04,"land_to_imp_ratio":0.40783947736817544,"centroid_lon":-79.8027015565048,"centroid_lat":32.88212201113173}},{"type":"Feature","geometry":{"type":"Polygon","coordinates":[[[-79.80277106503314,32.88432050986936],[-79.8026616749463,32.884489333648936],[-79.80265924468418,32.884493491087994],[-79.80265721684287,32.884497858963115],[-79.8026548780573,32.884506505183985],[-79.80265406913112,32.884515425536655],[-79.80265481442093,32.884524351431374],[-79.80265709148621,32.884533014111504],[-79.80266083176505,32.884541152745754],[-79.80266592263852,32.88454852228173],[-79.80267221082163,32.88455490082441],[-79.80267950697858,32.88456009631736],[-79.80268759142382,32.884563952325465],[-79.8027122593738,32.884575331502106],[-79.80299061359993,32.88470047014129],[-79.803133833512,32.884487827653956],[-79.80277106503314,32.88432050986936]]]},"properties":{"area_short":"Park West","area_name":"Park West at Mt. Pleasant","era":"1990s-2000s","county":"Charleston","pid":"5830300266","address":"2852 WAGNER WAY","owner1":"ACPPC TRUST","subdivision":"COVINGTON AT PARK WEST","legal_descr":"Block  Lot 18 GovLot  Tract","tax_district":"2-1","class_code":"101 - RESID-SFR","use_group":"Residential","legal_residence":true,"is_civic_exempt":false,"acres_cal":0.252,"land_appr":252000.0,"imp_appr":865100.0,"appraisal":1117100.0,"value_per_acre":4432936.507936507,"tax_per_acre":43761.9492063492,"est_tax_net":11028.011199999999,"assessment_ratio":0.04,"land_to_imp_ratio":0.2912958039533002,"centroid_lon":-79.80288291206575,"centroid_lat":32.884511190816674}},{"type":"Feature","geometry":{"type":"Polygon","coordinates":[[[-79.7996359138145,32.888989078231454],[-79.79940487712342,32.889056162678386],[-79.79939387889095,32.88905926464164],[-79.79938357119849,32.889064197670066],[-79.799374256342,32.889070817091664],[-79.79936620750037,32.889078928777174],[-79.79935966072375,32.8890882948334],[-79.7993548080109,32.889098640579945],[-79.79935179167842,32.889109662604795],[-79.79935070018696,32.88912103766259],[-79.79935156554693,32.88913243215449],[-79.79935436237972,32.8891435119117],[-79.79937659398053,32.88919801373628],[-79.79968464926257,32.88910855852504],[-79.7996359138145,32.888989078231454]]]},"properties":{"area_short":"Park West","area_name":"Park West at Mt. Pleasant","era":"1990s-2000s","county":"Charleston","pid":"5941600803","address":"4049 CONANT RD","owner1":"KORNUTA LIVING TRUST","subdivision":"PRESTON AT PARK WEST","legal_descr":"LOT 53","tax_district":"2-1","class_code":"120 - RESID-TWH","use_group":"Residential","legal_residence":true,"is_civic_exempt":false,"acres_cal":0.102,"land_appr":150200.0,"imp_appr":436900.0,"appraisal":587100.0,"value_per_acre":5755882.352941177,"tax_per_acre":56822.0705882353,"est_tax_net":5795.8512,"assessment_ratio":0.04,"land_to_imp_ratio":0.3437857633325704,"centroid_lon":-79.79951095282178,"centroid_lat":32.88909366676894}},{"type":"Feature","geometry":{"type":"Polygon","coordinates":[[[-79.7798482259178,32.87817064899484],[-79.78004989217425,32.87836256577327],[-79.78009877098512,32.87832609609476],[-79.7798958428994,32.87813297006585],[-79.7798482259178,32.87817064899484]]]},"properties":{"area_short":"Park West","area_name":"Park West at Mt. Pleasant","era":"1990s-2000s","county":"Charleston","pid":"5980000422","address":"3363 EASTMAN DR","owner1":"KMENTA MIROSLAVA","subdivision":"PARK WEST","legal_descr":"Lot 15","tax_district":"2-1","class_code":"120 - RESID-TWH","use_group":"Residential","legal_residence":true,"is_civic_exempt":false,"acres_cal":0.043,"land_appr":146900.0,"imp_appr":309000.0,"appraisal":455900.0,"value_per_acre":10602325.58139535,"tax_per_acre":104666.15813953488,"est_tax_net":4500.644799999999,"assessment_ratio":0.04,"land_to_imp_ratio":0.4754045307443366,"centroid_lon":-79.7799732064642,"centroid_lat":32.878248049263306}},{"type":"Feature","geometry":{"type":"Polygon","coordinates":[[[-79.80367774617002,32.87945577716274],[-79.80371360581225,32.87946608800118],[-79.80378371138015,32.879486245516475],[-79.80390481657732,32.87929215525265],[-79.80399042436102,32.879159259777765],[-79.80406669832459,32.87904085372174],[-79.80407603189285,32.87902636357925],[-79.80416938661526,32.87888144101647],[-79.80419517807074,32.8788443039832],[-79.80426835175157,32.87873893940434],[-79.80436736642152,32.87859636635516],[-79.80437219188846,32.878589417854116],[-79.80438144373753,32.87845696944135],[-79.80474755807462,32.878467602544404],[-79.80472636070529,32.87842082856357],[-79.8046789941838,32.87832880734213],[-79.80442213417642,32.87842294476101],[-79.80424940979798,32.87848624660542],[-79.80423028765942,32.87849409061962],[-79.80424794703102,32.8785279545246],[-79.80365107504775,32.87944810857699],[-79.80367774617002,32.87945577716274]]]},"properties":{"area_short":"Park West","area_name":"Park West at Mt. Pleasant","era":"1990s-2000s","county":"Charleston","pid":"5830300213","address":"2581 LARCH LN","owner1":"PARK WEST MASTER ASSOCIATION INC","subdivision":"PARK WEST","legal_descr":"Lot HOA","tax_district":"2-1","class_code":"990 - UNDEVELOPABLE","use_group":"Vacant / Other","legal_residence":false,"is_civic_exempt":false,"acres_cal":0.467,"land_appr":200.0,"imp_appr":0.0,"appraisal":200.0,"value_per_acre":428.26552462526763,"tax_per_acre":6.341755888650962,"est_tax_net":2.9615999999999993,"assessment_ratio":0.06,"land_to_imp_ratio":null,"centroid_lon":-79.80412404397111,"centroid_lat":32.8788822126309}},{"type":"Feature","geometry":{"type":"Polygon","coordinates":[[[-79.80258686122157,32.883588965334084],[-79.80295065774092,32.88375684388523],[-79.80307567336236,32.88356390279719],[-79.80270819598205,32.88339432687426],[-79.80264005012752,32.88350362274669],[-79.80258686122157,32.883588965334084]]]},"properties":{"area_short":"Park West","area_name":"Park West at Mt. Pleasant","era":"1990s-2000s","county":"Charleston","pid":"5830300276","address":"2839 WAGNER WAY","owner1":"WALKER SCOTT E","subdivision":"COVINGTON AT PARK WEST","legal_descr":"Block  Lot 28 GovLot  Tract","tax_district":"2-1","class_code":"101 - RESID-SFR","use_group":"Residential","legal_residence":true,"is_civic_exempt":false,"acres_cal":0.235,"land_appr":251100.0,"imp_appr":691000.0,"appraisal":942100.0,"value_per_acre":4008936.170212766,"tax_per_acre":39576.21787234042,"est_tax_net":9300.411199999999,"assessment_ratio":0.04,"land_to_imp_ratio":0.3633863965267728,"centroid_lon":-79.80283044809609,"centroid_lat":32.8835758461859}},{"type":"Feature","geometry":{"type":"Polygon","coordinates":[[[-79.79971437631107,32.88918143636999],[-79.79970027511281,32.88914686691372],[-79.79968464926257,32.88910855852504],[-79.79937659398053,32.88919801373628],[-79.79940632159953,32.889270890999086],[-79.79971437631107,32.88918143636999]]]},"properties":{"area_short":"Park West","area_name":"Park West at Mt. Pleasant","era":"1990s-2000s","county":"Charleston","pid":"5941600802","address":"4045 CONANT RD","owner1":"FORSTER MARK B","subdivision":"PRESTON AT PARK WEST","legal_descr":"LOT 52","tax_district":"2-1","class_code":"120 - RESID-TWH","use_group":"Residential","legal_residence":true,"is_civic_exempt":false,"acres_cal":0.064,"land_appr":148100.0,"imp_appr":388700.0,"appraisal":536800.0,"value_per_acre":8387500.0,"tax_per_acre":82801.39999999998,"est_tax_net":5299.289599999999,"assessment_ratio":0.04,"land_to_imp_ratio":0.3810136351942372,"centroid_lon":-79.79954548536143,"centroid_lat":32.88918972487023}},{"type":"Feature","geometry":{"type":"Polygon","coordinates":[[[-79.78358042443041,32.891054119559215],[-79.78361637928512,32.8911768662686],[-79.78396874407227,32.8911163578401],[-79.78393276105147,32.89099361827733],[-79.78358042443041,32.891054119559215]]]},"properties":{"area_short":"Park West","area_name":"Park West at Mt. Pleasant","era":"1990s-2000s","county":"Charleston","pid":"5941300491","address":"1648 MERMENTAU ST","owner1":"KIDD JEFFREY","subdivision":"PARK WEST 12B","legal_descr":"Lot 22","tax_district":"2-1","class_code":"120 - RESID-TWH","use_group":"Residential","legal_residence":true,"is_civic_exempt":false,"acres_cal":0.233,"land_appr":150900.0,"imp_appr":458500.0,"appraisal":609400.0,"value_per_acre":2615450.6437768238,"tax_per_acre":25819.728755364802,"est_tax_net":6015.996799999999,"assessment_ratio":0.04,"land_to_imp_ratio":0.3291166848418757,"centroid_lon":-79.78377457692879,"centroid_lat":32.89108524141301}},{"type":"Feature","geometry":{"type":"Polygon","coordinates":[[[-79.80298918266512,32.89125800201451],[-79.80281539800404,32.89125630625745],[-79.80281140287707,32.89154715147169],[-79.802825491925,32.891577210808954],[-79.8028494696737,32.89156740742259],[-79.8028747691129,32.89156184170681],[-79.8029006473373,32.89156067709605],[-79.80292634444584,32.891563947788526],[-79.80298918266512,32.89125800201451]]]},"properties":{"area_short":"Park West","area_name":"Park West at Mt. Pleasant","era":"1990s-2000s","county":"Charleston","pid":"5941000875","address":"1805 CHAUNCYS CT","owner1":"BLOMBERG DANIEL","subdivision":"PARK WEST","legal_descr":"Lot 19","tax_district":"2-1","class_code":"120 - RESID-TWH","use_group":"Residential","legal_residence":true,"is_civic_exempt":false,"acres_cal":0.114,"land_appr":166100.0,"imp_appr":357800.0,"appraisal":523900.0,"value_per_acre":4595614.03508772,"tax_per_acre":45367.901754385966,"est_tax_net":5171.9408,"assessment_ratio":0.04,"land_to_imp_ratio":0.46422582448295135,"centroid_lon":-79.80288638750598,"centroid_lat":32.89140048243308}},{"type":"Feature","geometry":{"type":"Polygon","coordinates":[[[-79.78050728897004,32.87799724955009],[-79.78089058108634,32.878247429962904],[-79.78103654214556,32.878157135381265],[-79.78103841930086,32.877861490990696],[-79.78119455500585,32.87761438349525],[-79.78150600149293,32.87747166539694],[-79.78179977925612,32.87746172360643],[-79.78167879948332,32.8773385949499],[-79.7815330049096,32.87723668580428],[-79.78120668057971,32.877045258593434],[-79.7811911046598,32.87692091390141],[-79.78137220294488,32.87672271736017],[-79.78143669422339,32.87676467624082],[-79.78148641915311,32.876710256387526],[-79.78140833498071,32.87665945233952],[-79.7813806432761,32.87665849737],[-79.78135312466998,32.87666173292084],[-79.7813264096654,32.87666908485947],[-79.78130111035335,32.87668038473917],[-79.78127780638864,32.87669537365842],[-79.78125703170895,32.87671370819291],[-79.78121707391453,32.876757439010774],[-79.78114686071021,32.87682942797563],[-79.78113777365435,32.876838094045816],[-79.78107075292533,32.87689802938953],[-79.78100123026172,32.87696065770643],[-79.78093587986851,32.877027628094964],[-79.78022070462933,32.8778103219167],[-79.78050728897004,32.87799724955009]]]},"properties":{"area_short":"Park West","area_name":"Park West at Mt. Pleasant","era":"1990s-2000s","county":"Charleston","pid":"5980000099","address":"3300 STOCKDALE ST","owner1":"BAC CDC III AND IV LLC","subdivision":"PARK WEST","legal_descr":"PARCEL 6A-1","tax_district":"2-1","class_code":"500 - General Commercial","use_group":"Commercial","legal_residence":false,"is_civic_exempt":false,"acres_cal":2.321,"land_appr":1192573.0,"imp_appr":2915427.0,"appraisal":4108000.0,"value_per_acre":1769926.7557087461,"tax_per_acre":26209.075398535108,"est_tax_net":60831.26399999999,"assessment_ratio":0.06,"land_to_imp_ratio":0.40905603192945666,"centroid_lon":-79.78095063139963,"centroid_lat":32.877528143018175}},{"type":"Feature","geometry":{"type":"Polygon","coordinates":[[[-79.77981194849657,32.87868150201799],[-79.77985066596369,32.87878044989488],[-79.78000046367593,32.878924288222116],[-79.78009332840651,32.87885501947723],[-79.7798860213452,32.87865563517674],[-79.77984952514349,32.878670115590545],[-79.77981194849657,32.87868150201799]]]},"properties":{"area_short":"Park West","area_name":"Park West at Mt. Pleasant","era":"1990s-2000s","county":"Charleston","pid":"5980000417","address":"3374 EASTMAN DR","owner1":"JONES NANCY S TRUST","subdivision":"PARK WEST","legal_descr":"Lot 10","tax_district":"2-1","class_code":"120 - RESID-TWH","use_group":"Residential","legal_residence":true,"is_civic_exempt":false,"acres_cal":0.083,"land_appr":164400.0,"imp_appr":353000.0,"appraisal":517400.0,"value_per_acre":6233734.939759036,"tax_per_acre":61539.4313253012,"est_tax_net":5107.7728,"assessment_ratio":0.04,"land_to_imp_ratio":0.46572237960339946,"centroid_lon":-79.7799454371334,"centroid_lat":32.87878922868363}},{"type":"Feature","geometry":{"type":"Polygon","coordinates":[[[-79.80219898600564,32.889198238972384],[-79.80225791840192,32.88929165487483],[-79.80259479388847,32.889140371788926],[-79.80257750816034,32.88908830125994],[-79.80255789027561,32.88903706382261],[-79.80219898600564,32.889198238972384]]]},"properties":{"area_short":"Park West","area_name":"Park West at Mt. Pleasant","era":"1990s-2000s","county":"Charleston","pid":"5830300227","address":"1694 BRIDWELL LN","owner1":"JEFFRIES SEAN","subdivision":"PARK WEST 33B","legal_descr":"Block  Lot 4 GovLot  Tract","tax_district":"2-1","class_code":"120 - RESID-TWH","use_group":"Residential","legal_residence":false,"is_civic_exempt":false,"acres_cal":0.107,"land_appr":150400.0,"imp_appr":410900.0,"appraisal":561300.0,"value_per_acre":5245794.392523364,"tax_per_acre":77679.72336448597,"est_tax_net":8311.730399999999,"assessment_ratio":0.06,"land_to_imp_ratio":0.36602579703090776,"centroid_lon":-79.80240242802086,"centroid_lat":32.889166187008634}},{"type":"Feature","geometry":{"type":"Polygon","coordinates":[[[-79.80210994526452,32.88905709529805],[-79.80214055917943,32.88910562360704],[-79.80251251938697,32.888938585163835],[-79.8024853849664,32.88888849440285],[-79.80210994526452,32.88905709529805]]]},"properties":{"area_short":"Park West","area_name":"Park West at Mt. Pleasant","era":"1990s-2000s","county":"Charleston","pid":"5830300229","address":"1688 BRIDWELL LN","owner1":"KIDWELL PAMELA R LIVING TRUST","subdivision":"PARK WEST 33B","legal_descr":"Block  Lot 6 GovLot  Tract","tax_district":"2-1","class_code":"120 - RESID-TWH","use_group":"Residential","legal_residence":true,"is_civic_exempt":false,"acres_cal":0.06,"land_appr":147800.0,"imp_appr":354100.0,"appraisal":501900.0,"value_per_acre":8365000.0,"tax_per_acre":82579.27999999998,"est_tax_net":4954.756799999999,"assessment_ratio":0.04,"land_to_imp_ratio":0.41739621575826036,"centroid_lon":-79.8023120797432,"centroid_lat":32.88899741138232}},{"type":"Feature","geometry":{"type":"Polygon","coordinates":[[[-79.7787609695169,32.87806116937281],[-79.77885532215845,32.87837133220368],[-79.77895304762339,32.87834786193108],[-79.77904961466703,32.87832000647779],[-79.77891752874461,32.878019810027986],[-79.77889391474268,32.878027027896096],[-79.77882776798145,32.87804536748475],[-79.7787609695169,32.87806116937281]]]},"properties":{"area_short":"Park West","area_name":"Park West at Mt. Pleasant","era":"1990s-2000s","county":"Charleston","pid":"5980000453","address":"3349 STOCKDALE ST","owner1":"PETERS DANIEL S","subdivision":"THE ABBY AT PARK WEST","legal_descr":"Block  Lot 15 GovLot  Tract","tax_district":"2-1","class_code":"101 - RESID-SFR","use_group":"Residential","legal_residence":true,"is_civic_exempt":false,"acres_cal":6.815,"land_appr":349200.0,"imp_appr":490600.0,"appraisal":839800.0,"value_per_acre":123228.17314746881,"tax_per_acre":1216.5085253118118,"est_tax_net":8290.505599999999,"assessment_ratio":0.04,"land_to_imp_ratio":0.7117814920505503,"centroid_lon":-79.77889826046143,"centroid_lat":32.87819956932601}},{"type":"Feature","geometry":{"type":"Polygon","coordinates":[[[-79.80135389598941,32.88795288840108],[-79.80138848429455,32.88799947938085],[-79.80166574871654,32.88785295871088],[-79.80162883807327,32.88780759174071],[-79.80135389598941,32.88795288840108]]]},"properties":{"area_short":"Park West","area_name":"Park West at Mt. Pleasant","era":"1990s-2000s","county":"Charleston","pid":"5830300246","address":"1648 BRIDWELL LN","owner1":"ADLER REBECCA ANN","subdivision":"PARK WEST 33B","legal_descr":"Block  Lot 23 GovLot  Tract","tax_district":"2-1","class_code":"120 - RESID-TWH","use_group":"Residential","legal_residence":true,"is_civic_exempt":false,"acres_cal":0.046,"land_appr":147100.0,"imp_appr":354100.0,"appraisal":501200.0,"value_per_acre":10895652.173913043,"tax_per_acre":107561.87826086956,"est_tax_net":4947.846399999999,"assessment_ratio":0.04,"land_to_imp_ratio":0.41541937305845805,"centroid_lon":-79.8015092679582,"centroid_lat":32.88790326115304}},{"type":"Feature","geometry":{"type":"Polygon","coordinates":[[[-79.79910256775386,32.88937084719552],[-79.79907283047243,32.889297943152094],[-79.79876477872455,32.88938738955573],[-79.79878609938979,32.889439656013494],[-79.79879451577892,32.88946029367442],[-79.79910256775386,32.88937084719552]]]},"properties":{"area_short":"Park West","area_name":"Park West at Mt. Pleasant","era":"1990s-2000s","county":"Charleston","pid":"5941600814","address":"4044 CONANT RD","owner1":"DOYLE JAMES R","subdivision":"PRESTON AT PARK WEST","legal_descr":"LOT 64","tax_district":"2-1","class_code":"120 - RESID-TWH","use_group":"Residential","legal_residence":true,"is_civic_exempt":false,"acres_cal":0.064,"land_appr":148100.0,"imp_appr":388700.0,"appraisal":536800.0,"value_per_acre":8387500.0,"tax_per_acre":82801.39999999998,"est_tax_net":5299.289599999999,"assessment_ratio":0.04,"land_to_imp_ratio":0.3810136351942372,"centroid_lon":-79.79893367352545,"centroid_lat":32.88937911828658}},{"type":"Feature","geometry":{"type":"Polygon","coordinates":[[[-79.79968464926257,32.88910855852504],[-79.79970027511281,32.88914686691372],[-79.80000401636896,32.889058659851806],[-79.7999769278137,32.88902840664626],[-79.79994555058154,32.88900262844668],[-79.79991061567922,32.8889819258171],[-79.79987293699782,32.888966781074174],[-79.79983339235118,32.88895754705046],[-79.79979290302526,32.88895443887435],[-79.79975241231456,32.88895752895815],[-79.79971286354579,32.88896674531105],[-79.7996359138145,32.888989078231454],[-79.79968464926257,32.88910855852504]]]},"properties":{"area_short":"Park West","area_name":"Park West at Mt. Pleasant","era":"1990s-2000s","county":"Charleston","pid":"5941600791","address":"3631 BAGLEY DR","owner1":"BOGAR JOSEPH F","subdivision":"PRESTON AT PARK WEST","legal_descr":"LOT 41","tax_district":"2-1","class_code":"120 - RESID-TWH","use_group":"Residential","legal_residence":true,"is_civic_exempt":false,"acres_cal":0.112,"land_appr":150700.0,"imp_appr":438900.0,"appraisal":589600.0,"value_per_acre":5264285.714285715,"tax_per_acre":51969.028571428564,"est_tax_net":5820.531199999999,"assessment_ratio":0.04,"land_to_imp_ratio":0.3433583959899749,"centroid_lon":-79.79979977076049,"centroid_lat":32.88903952928141}},{"type":"Feature","geometry":{"type":"Polygon","coordinates":[[[-79.77979933775116,32.87820710983186],[-79.78000101332249,32.878399035432466],[-79.78004989217425,32.87836256577327],[-79.7798482259178,32.87817064899484],[-79.77979933775116,32.87820710983186]]]},"properties":{"area_short":"Park West","area_name":"Park West at Mt. Pleasant","era":"1990s-2000s","county":"Charleston","pid":"5980000423","address":"3365 EASTMAN DR","owner1":"NODTVEDT ANNA K","subdivision":"PARK WEST","legal_descr":"Lot 16","tax_district":"2-1","class_code":"120 - RESID-TWH","use_group":"Residential","legal_residence":false,"is_civic_exempt":false,"acres_cal":0.043,"land_appr":149300.0,"imp_appr":309000.0,"appraisal":458300.0,"value_per_acre":10658139.534883723,"tax_per_acre":157825.73023255813,"est_tax_net":6786.506399999999,"assessment_ratio":0.06,"land_to_imp_ratio":0.4831715210355987,"centroid_lon":-79.77992461709519,"centroid_lat":32.87828484013992}},{"type":"Feature","geometry":{"type":"Polygon","coordinates":[[[-79.78361637928512,32.8911768662686],[-79.78365233583632,32.89129961165388],[-79.78400472795492,32.891239099396664],[-79.78396874407227,32.8911163578401],[-79.78361637928512,32.8911768662686]]]},"properties":{"area_short":"Park West","area_name":"Park West at Mt. Pleasant","era":"1990s-2000s","county":"Charleston","pid":"5941300411","address":"1650 MERMENTAU ST","owner1":"MENON SARLA","subdivision":"PARK WEST 12B","legal_descr":"PARCEL 2B","tax_district":"2-1","class_code":"120 - RESID-TWH","use_group":"Residential","legal_residence":false,"is_civic_exempt":false,"acres_cal":0.233,"land_appr":150900.0,"imp_appr":481700.0,"appraisal":632600.0,"value_per_acre":2715021.459227468,"tax_per_acre":40204.037768240334,"est_tax_net":9367.540799999999,"assessment_ratio":0.06,"land_to_imp_ratio":0.3132655179572348,"centroid_lon":-79.78381054721456,"centroid_lat":32.89120798454235}},{"type":"Feature","geometry":{"type":"Polygon","coordinates":[[[-79.80277106503314,32.88432050986936],[-79.803133833512,32.884487827653956],[-79.80323003848108,32.88434498843762],[-79.80326319216636,32.884295763667694],[-79.80289664488801,32.88412670034018],[-79.80277106503314,32.88432050986936]]]},"properties":{"area_short":"Park West","area_name":"Park West at Mt. Pleasant","era":"1990s-2000s","county":"Charleston","pid":"5830300265","address":"2848 WAGNER WAY","owner1":"VROOM MICHAEL","subdivision":"COVINGTON AT PARK WEST","legal_descr":"Block  Lot 17 GovLot  Tract","tax_district":"2-1","class_code":"101 - RESID-SFR","use_group":"Residential","legal_residence":true,"is_civic_exempt":false,"acres_cal":0.23,"land_appr":250800.0,"imp_appr":581400.0,"appraisal":832200.0,"value_per_acre":3618260.8695652173,"tax_per_acre":35719.471304347826,"est_tax_net":8215.4784,"assessment_ratio":0.04,"land_to_imp_ratio":0.43137254901960786,"centroid_lon":-79.80301629371674,"centroid_lat":32.88430753357333}}]}