{"type":"FeatureCollection","features":[{"type":"Feature","properties":{"name":"Mt. Pleasant","short":"Mt. Pleasant","color":"#445B7A"},"geometry":{"type":"Polygon","coordinates":[[[-79.91539700015899,32.782480999982496],[-79.91553899955088,32.78170999969701],[-79.91397000027901,32.78054499989562],[-79.91282000040847,32.7796449999968],[-79.91174599980761,32.77843900014934],[-79.91056199960191,32.777354999753236],[-79.90879800033635,32.77626499968077],[-79.90757599959748,32.77541299978999],[-79.90686400029318,32.774842999808776],[-79.9067809995542,32.77474700018416],[-79.90666500010154,32.774605999886894],[-79.90638800009212,32.77400300033751],[-79.90627599993913,32.77351199996369],[-79.90623199955819,32.77322100011276],[-79.90623599975615,32.7729610000536],[-79.9063799996962,32.77253999992753],[-79.90306300015399,32.77424299970065],[-79.8988829998981,32.77447799977171],[-79.89687199986206,32.775139999785466],[-79.89372699984898,32.77678100010572],[-79.89332400034117,32.776669000203334],[-79.86502099987334,32.76879899985774],[-79.86483099990254,32.76863700019349],[-79.86133299971205,32.76570200019216],[-79.85944700024775,32.76558799968233],[-79.85803100023844,32.76585799989782],[-79.85634900009036,32.766388999796014],[-79.85509499956443,32.76710599978795],[-79.8531689999172,32.76804999962581],[-79.85171500027305,32.76875799973276],[-79.85053500026528,32.76925499967966],[-79.8488670003609,32.76996300002158],[-79.84561799969242,32.77134899995523],[-79.8449880004039,32.77159900031272],[-79.84330299988275,32.772267000173585],[-79.84219300019518,32.772986999791605],[-79.84221699958631,32.773027000187064],[-79.84227400038603,32.77311899997092],[-79.84229100010448,32.773147999800976],[-79.84231600021883,32.773191000260915],[-79.84246099998379,32.77343699980501],[-79.84248100007528,32.77347199978621],[-79.84297599964461,32.77431599986956],[-79.84314100039936,32.77459799964904],[-79.84320400014855,32.77469900033306],[-79.84326199987485,32.774790999899096],[-79.84338099970056,32.77501399973328],[-79.84343799960197,32.77512100008874],[-79.84348100015798,32.77519700036189],[-79.84351299994505,32.775249000034336],[-79.84374800012168,32.7756300002226],[-79.8438269997644,32.77575900020806],[-79.84387399962006,32.7758359999522],[-79.84390700013034,32.77589200006761],[-79.8441089997967,32.77623400008838],[-79.84383000013744,32.776339999722026],[-79.84243599986944,32.777040000331425],[-79.84079700027736,32.777864999941634],[-79.83973799974511,32.776022999700835],[-79.83918899974913,32.77506800031701],[-79.8390409996111,32.774808999638836],[-79.83902300006777,32.77478199965017],[-79.83884599961745,32.77451200006811],[-79.83776100004422,32.774766999988614],[-79.83296200037049,32.776790000152474],[-79.83000599960498,32.77810000026642],[-79.82925599976753,32.77853600030821],[-79.82946099980693,32.778783000165156],[-79.82976999960343,32.779180999959834],[-79.82981999983214,32.77924999994435],[-79.83030000023116,32.77985800004494],[-79.83030899955368,32.77986599980986],[-79.83032000032264,32.779876000270306],[-79.83033500039127,32.77988999985566],[-79.830345000437,32.779899000343164],[-79.83035799995749,32.77990900004463],[-79.83038300007183,32.77993000016931],[-79.83039200029268,32.77993799992774],[-79.83041499985889,32.77995600013692],[-79.83044800036917,32.779982000096986],[-79.83047699978317,32.78000400017345],[-79.83049400039992,32.78001599980088],[-79.83053799988254,32.780047000341526],[-79.83055999962384,32.7800629998367],[-79.83057800006551,32.780074000243175],[-79.83059300013413,32.78008399992497],[-79.83060599965461,32.78009299963763],[-79.83062599974608,32.78010599997621],[-79.83064900021061,32.780120000280604],[-79.83067799962463,32.78013699973023],[-79.83070199991407,32.78015100002974],[-79.83072600020351,32.780165000327045],[-79.83073600024926,32.78017000016297],[-79.83075499961753,32.780180999801],[-79.83076899986122,32.78018800032526],[-79.83078200028001,32.78019500009364],[-79.83080400002132,32.78020699969532],[-79.83083099978549,32.78022000001724],[-79.83085300042512,32.78023099964909],[-79.83087299961828,32.78024100006851],[-79.83089000023503,32.78024899979904],[-79.83091500034939,32.78026000018252],[-79.8309429999385,32.780272999741484],[-79.83096300002997,32.78028100022435],[-79.83098599959618,32.78029099988288],[-79.83100900006073,32.78030100029556],[-79.83104400022083,32.78031399984847],[-79.83107000016008,32.78032400025857],[-79.83110299977206,32.78033599984284],[-79.83112899971132,32.78034600025047],[-79.83117999976494,32.78036299965685],[-79.83120700042745,32.78037100013162],[-79.83123400019163,32.78037999981525],[-79.83124900026024,32.780383999674314],[-79.83127000017664,32.78039000021788],[-79.83129100009303,32.780396000005766],[-79.83131899968213,32.78040399972235],[-79.83134299997157,32.78041000026458],[-79.83135499966714,32.78041300015788],[-79.83137399993373,32.78041799997985],[-79.83138900000232,32.78042099987294],[-79.83141099974364,32.78042599969448],[-79.8314290001853,32.780431000271],[-79.83147000019318,32.78043899998439],[-79.83153200011746,32.78045100030844],[-79.8315630000796,32.78045700009221],[-79.83161400013321,32.780464999803314],[-79.83162699965371,32.78046699973096],[-79.83165599996602,32.7804700003776],[-79.8316910001261,32.78047400023267],[-79.83174800002752,32.78048099997854],[-79.83180499992893,32.78048799972393],[-79.83185500015765,32.780493000296914],[-79.83194100037137,32.78050199996821],[-79.8321199995732,32.780520000063284],[-79.83229200000065,32.78053500026564],[-79.83252899982712,32.780553000354026],[-79.83272999966856,32.78056499990742],[-79.83293800008103,32.7805750002893],[-79.8331830003034,32.78058299998975],[-79.83336300022847,32.78058699983972],[-79.83350700016851,32.78058899976468],[-79.83360099987985,32.78058899976468],[-79.83369399976627,32.78058899976468],[-79.83386000034594,32.78058699983972],[-79.83398900021736,32.7805839999523],[-79.834076000256,32.78058200002723],[-79.83416900014241,32.78057900013964],[-79.83424100011243,32.78057700021446],[-79.83429200016607,32.7805750002893],[-79.8343299998009,32.780573000364086],[-79.83439199972517,32.78056999972087],[-79.83449300000751,32.78056499990742],[-79.83457199965022,32.78056000009369],[-79.83478000006268,32.78054699982145],[-79.83501600006426,32.78052799976873],[-79.83577799959725,32.780551999635904],[-79.83602199999474,32.78066399993759],[-79.83611800025419,32.78072999964469],[-79.83622500038432,32.780824999652154],[-79.83637400034723,32.781028000321854],[-79.83642500040085,32.78114399984927],[-79.83654500005147,32.78150799978028],[-79.83658500023444,32.78181399970706],[-79.83657799966342,32.782048000229324],[-79.83652900015794,32.782320000243665],[-79.83643200007357,32.7825950000014],[-79.83633400016427,32.78278399977038],[-79.83624399975258,32.78293200025627],[-79.8359779996138,32.78328900014459],[-79.83581399958227,32.78345899976767],[-79.83570399997743,32.78355900028276],[-79.83551700037967,32.78370800016198],[-79.83544500040963,32.78375900022041],[-79.83524799986783,32.78388400004753],[-79.83501400041443,32.78396100031276],[-79.83486200007846,32.783997999779025],[-79.83478199971252,32.78401400007411],[-79.83426200002883,32.784062000186964],[-79.83412499976149,32.78408599985605],[-79.83399599989006,32.78412300002552],[-79.8339149996992,32.78416699963547],[-79.8338729998664,32.7842190001077],[-79.83381099994213,32.78428500019845],[-79.83376999993426,32.784364999876736],[-79.83376200043664,32.784401999930154],[-79.83375700041377,32.7844479999955],[-79.83375300021582,32.7844850000144],[-79.8337590000636,32.78452800028237],[-79.83378599982777,32.78459400014394],[-79.83382199981278,32.78465800012309],[-79.83395499988217,32.784817000332296],[-79.83412300011166,32.78497299976258],[-79.83430700023469,32.78510800002186],[-79.83444799980165,32.78519100020262],[-79.83459699976459,32.785263999697065],[-79.83476800036713,32.785330999676944],[-79.83490100043652,32.78537400029116],[-79.83495300031507,32.78540299990336],[-79.83505700007213,32.78548799962369],[-79.83512099964624,32.785573000017976],[-79.83515699963124,32.785654999859375],[-79.83517099987495,32.78571099983657],[-79.83517300042308,32.78582199978158],[-79.83514400011076,32.785934000245625],[-79.83509100040732,32.78602500037729],[-79.8350279997598,32.7860940003403],[-79.83496900020857,32.78614000028597],[-79.83489700023856,32.78618099995476],[-79.83482699991836,32.786209000159836],[-79.83469100037425,32.78624500030257],[-79.8344439996037,32.78629399986516],[-79.83431700028042,32.7863120002988],[-79.83414999987583,32.78632700027974],[-79.83407200005804,32.78632999997356],[-79.83398199964635,32.78633199976935],[-79.83389799998078,32.78633099987147],[-79.83383299968344,32.78632900007558],[-79.83374700036804,32.78632399983063],[-79.83356400006993,32.78630600015466],[-79.83341400028209,32.786282000329265],[-79.83333499974107,32.786265999686904],[-79.83327600018984,32.7862530002484],[-79.83313600044775,32.78621899990722],[-79.83307600017328,32.78621299975681],[-79.83299599980734,32.78621199985758],[-79.83292100036259,32.78622099970556],[-79.83284600001952,32.78624000005285],[-79.83278499992015,32.786263999889556],[-79.83273300004161,32.78629000027177],[-79.83269100020883,32.786315999891144],[-79.83264400035316,32.78635199999064],[-79.83260400017018,32.78638999987006],[-79.83255200029166,32.78645400006751],[-79.83252399980424,32.78650300027019],[-79.83249899968989,32.78656100025939],[-79.83248899964416,32.78659499971462],[-79.83247899959841,32.786662000202384],[-79.83247799977349,32.78669200004374],[-79.83248100014654,32.78674299990187],[-79.83248600016942,32.78677500025696],[-79.83249399966702,32.7868089996304],[-79.83251200010868,32.78685799963751],[-79.83252800000221,32.78689299962603],[-79.83254700026878,32.786924000035945],[-79.83258400007871,32.78697499976104],[-79.8326049999951,32.786997000373816],[-79.83275200030819,32.78711799987086],[-79.83300800040124,32.78730500007425],[-79.83315700036414,32.78740099974319],[-79.83328500041067,32.787477000099955],[-79.8334560001149,32.78757099981537],[-79.83356499989483,32.78762600021337],[-79.8336329996669,32.787658000250815],[-79.8338169997899,32.78773899979852],[-79.83413200033249,32.787847999716725],[-79.83437500000673,32.7878940002657],[-79.83448799998463,32.78790000030273],[-79.83460299961237,32.787907000219526],[-79.83471499976537,32.78790200006323],[-79.83485500040575,32.787897999786985],[-79.8350699995926,32.78788599971226],[-79.83509499970695,32.787883999951404],[-79.83512999986705,32.78788100030998],[-79.83515900017939,32.787879999674296],[-79.83517800044596,32.787878999793804],[-79.835210000233,32.787879999674296],[-79.83524100019514,32.78788100030998],[-79.83527600035525,32.78788300007097],[-79.83530399994433,32.78788599971226],[-79.83533900010444,32.787890999869475],[-79.83537900028742,32.787897999786985],[-79.83540400040177,32.78790299994351],[-79.83543399964067,32.78791099974023],[-79.83546499960282,32.78791900029142],[-79.83549999976292,32.78793100036168],[-79.83552900007523,32.78794199979534],[-79.83555800038755,32.787952999982785],[-79.83558599997664,32.78796599992799],[-79.83561100009099,32.78797799999192],[-79.83563799985517,32.78799199981269],[-79.83565399974871,32.78800100023574],[-79.83567399984018,32.78801300029493],[-79.83569200028185,32.78802399971845],[-79.83571499984808,32.78803900016591],[-79.83573900013752,32.788057000246404],[-79.83576000005391,32.788072999811405],[-79.83577299957439,32.78808399998271],[-79.835795000214,32.78810399981006],[-79.83581399958227,32.78812199987741],[-79.83583399967377,32.788143000328965],[-79.83585600031338,32.78816599977491],[-79.8358720002069,32.78818600033904],[-79.83588899992534,32.78820799989713],[-79.83590499981887,32.788231000081474],[-79.83592099971239,32.7882550001362],[-79.83593300030628,32.788275999801144],[-79.8359480003749,32.78830300022617],[-79.83596000007046,32.78832800013687],[-79.83596799956806,32.788353999915756],[-79.83598799965954,32.788407999955055],[-79.83600699992611,32.78845300034039],[-79.83602600019269,32.78848699982763],[-79.83604499956095,32.78851799968199],[-79.8360689998504,32.78855199989961],[-79.83608899994188,32.78857699974038],[-79.83609800016272,32.78858699997677],[-79.83611499988115,32.78860400007403],[-79.8361609999119,32.788646999861236],[-79.83619400042218,32.788673000302076],[-79.83624799995054,32.788709000202786],[-79.8362799997376,32.7887270001477],[-79.83629599963112,32.78873599974116],[-79.83630700040008,32.78874099985059],[-79.83632300029362,32.78874900032712],[-79.8363430003851,32.788757999918424],[-79.83666899990001,32.78886700009827],[-79.84184300039082,32.790553000298715],[-79.841982000308,32.79067299964017],[-79.84226199979216,32.7909139999493],[-79.84355999980069,32.79203299999191],[-79.8443280000798,32.79269500002696],[-79.84408200003251,32.79294000019251],[-79.84388899968867,32.7930840003509],[-79.8437149996114,32.79322900009652],[-79.84365900043322,32.79328400001627],[-79.84356300017375,32.79338800008738],[-79.84338800027156,32.79353200027549],[-79.84320400014855,32.79367300002919],[-79.84300400013201,32.79383599999077],[-79.84274499966592,32.79396599982006],[-79.84259499987809,32.79409700002507],[-79.84241499995304,32.79425699978308],[-79.84218499979927,32.79442999976385],[-79.84190899961474,32.79463700032001],[-79.84186500013212,32.794629000373135],[-79.84176399984979,32.79469500029089],[-79.8406730004288,32.79357599976206],[-79.8394199997278,32.792290999783944],[-79.83938700011582,32.79225800007184],[-79.83923599960477,32.79224099991788],[-79.83926800029015,32.792402999653895],[-79.8393140003209,32.792550999993864],[-79.83931900034378,32.79256999974409],[-79.83933900043526,32.79274600021877],[-79.83933600006222,32.79287699995552],[-79.83925700041948,32.792979000101106],[-79.83918200007642,32.79301899981535],[-79.83907300029647,32.79300299962977],[-79.83897399966395,32.79296600013351],[-79.83889900021921,32.79294900011484],[-79.83884899999049,32.79292700021917],[-79.83882499970105,32.792911999840946],[-79.83876399960167,32.79287399972733],[-79.83870599987536,32.79284600011015],[-79.83857399963088,32.79279400015045],[-79.83847499989668,32.792768999984744],[-79.838428000041,32.79276199969543],[-79.83825499978865,32.792685000252476],[-79.83812199971926,32.79263499985271],[-79.83797600012939,32.7925840003524],[-79.83791599985493,32.792550000165825],[-79.83784100041017,32.79244900011249],[-79.83789999996141,32.79242600026375],[-79.83797399958127,32.79240599989793],[-79.83803499968063,32.79237300022845],[-79.8380749998636,32.792325000069546],[-79.83810199962778,32.792272999805206],[-79.83808699955917,32.79221700018358],[-79.8380470002745,32.79216099977158],[-79.83795900041096,32.792055000108746],[-79.83791500003002,32.79199900034984],[-79.83783600038731,32.79185599978073],[-79.83779799985416,32.79178199981841],[-79.8377739995647,32.79166499997678],[-79.83775199982341,32.79152999985218],[-79.83775299964832,32.791414000274976],[-79.83774000012784,32.79133699966487],[-79.83771400018857,32.79125800005824],[-79.83766800015782,32.791123000070954],[-79.83765599956394,32.791056999767655],[-79.83762899979975,32.79092999975561],[-79.8376100004315,32.790873000196676],[-79.83755099998194,32.79076699975388],[-79.83746700031637,32.79066199978913],[-79.83734500011764,32.79059800035397],[-79.83721000039841,32.79053999997644],[-79.83714299955295,32.79052099979252],[-79.83707700032902,32.790510999773524],[-79.83700100016104,32.790510999773524],[-79.83693400021389,32.790519999941715],[-79.83688300016027,32.79057300032607],[-79.83685700022099,32.79062199976994],[-79.83677299965709,32.790720000087035],[-79.83670900008299,32.79082599983067],[-79.83662700006722,32.790923999922974],[-79.8366110001737,32.79094999969819],[-79.83659500028017,32.79097600022092],[-79.83653900020369,32.79109099976979],[-79.83650300021867,32.79114399981393],[-79.83642500040085,32.79125200024776],[-79.83639400043873,32.79130699987989],[-79.83637000014927,32.79136899987748],[-79.83631999992056,32.791491999903165],[-79.83628499976047,32.79154399986904],[-79.83622799985905,32.79158900017799],[-79.83616500010986,32.79160700029517],[-79.83612699957672,32.791711999899405],[-79.83595000002472,32.79220700035534],[-79.83707399995598,32.79358299998731],[-79.83944999986501,32.79621200019548],[-79.83765499973903,32.79726400002149],[-79.83622899968397,32.79809900001914],[-79.83564100022824,32.79844300027315],[-79.83134899981934,32.80106499986396],[-79.83163400022472,32.80134599969093],[-79.83175100040059,32.80146700005227],[-79.83014000039759,32.80253199969787],[-79.82953799979984,32.80293100015925],[-79.82947300040082,32.803030000212175],[-79.82920899991186,32.80319699997531],[-79.82865999991586,32.803518000135504],[-79.8283030004388,32.8037220000583],[-79.82819200011072,32.80378599986356],[-79.82777799983393,32.80403400027829],[-79.82763499971881,32.80412000001087],[-79.82744599957292,32.804224999940324],[-79.82662899978831,32.80338599975832],[-79.82453900010952,32.80124300035192],[-79.8241850001072,32.80087400020816],[-79.82261599993701,32.79926599972055],[-79.82052299988517,32.79711500019767],[-79.819249999991,32.795808000072725],[-79.81914799988375,32.79587300007992],[-79.81910000020318,32.79591500033813],[-79.81907099989085,32.79596600019346],[-79.81904999997445,32.79602000014171],[-79.8189749996314,32.79613499996412],[-79.81895899973787,32.796195000042275],[-79.81895100024026,32.796309999638346],[-79.81891799972998,32.796431999841786],[-79.81888500011803,32.796546000103426],[-79.81793400043911,32.79773800008625],[-79.81791000014968,32.79779000017531],[-79.81785999992097,32.79782999999079],[-79.81780700021751,32.797852000183646],[-79.81775500033898,32.79792400009041],[-79.81763999981293,32.79799699970556],[-79.81760600037606,32.79805499975018],[-79.81751400031456,32.7981549997122],[-79.81741499968204,32.798253000033995],[-79.81732500016868,32.79834299987993],[-79.81723999977986,32.79844499979658],[-79.81714400041871,32.79855400018524],[-79.81709500001489,32.79861199986645],[-79.8169600002957,32.79872000029178],[-79.81670599985247,32.79895100011078],[-79.81647900007175,32.79922100027612],[-79.81608200041171,32.79979800010145],[-79.81595099999215,32.800012999705594],[-79.81584700023507,32.800205000198034],[-79.81579299980841,32.800284000162286],[-79.81574599995272,32.8003240003659],[-79.81561799990621,32.80048100027384],[-79.81554299956314,32.80055300031687],[-79.81551599979896,32.8005779998043],[-79.81546499974533,32.80063199997189],[-79.81541000039206,32.80067599972063],[-79.8153500001176,32.800715999747865],[-79.81530200043704,32.8007550000214],[-79.81521299985026,32.80085700019122],[-79.81510999991809,32.80094099975463],[-79.81501799985658,32.801036000073104],[-79.81499799976511,32.80105600000799],[-79.8149550001074,32.801095999864316],[-79.81488999981006,32.80121099991718],[-79.81485100035033,32.80132700030568],[-79.81483799993153,32.801569000160235],[-79.81483799993153,32.80183200035043],[-79.81485800002301,32.80229399982842],[-79.81486399987081,32.802761999715024],[-79.81483200008375,32.80296500015175],[-79.814786000053,32.803064000166806],[-79.81470999988501,32.80316500024394],[-79.81459100005934,32.80332800017126],[-79.8143559998827,32.803361000305465],[-79.81414800036855,32.80340500021362],[-79.8140179997739,32.803449000100066],[-79.81384799989458,32.803449000100066],[-79.81365999957359,32.80344300035707],[-79.81349100041751,32.803454000137236],[-79.81341699989935,32.80345499984261],[-79.81334699957917,32.80346100033987],[-79.81328899985283,32.803485000059545],[-79.8131609998063,32.80355999980254],[-79.8130970002322,32.8035990003385],[-79.81303799978267,32.803645000290466],[-79.8129569995918,32.80375400034423],[-79.81291899995699,32.80381199965327],[-79.81290100041363,32.80387900000578],[-79.8128849996218,32.80393799968834],[-79.81285899968252,32.80393799968834],[-79.81283100009344,32.80395299971654],[-79.8127869997125,32.80398200006598],[-79.81272899998618,32.804054000293775],[-79.81269999967387,32.80410799986003],[-79.81264899962022,32.804135999706126],[-79.8126179996581,32.80416999999276],[-79.81216499992156,32.804661000283815],[-79.8121249997386,32.80466600025282],[-79.81200799956274,32.80468300029643],[-79.8118579997749,32.804718000064994],[-79.81177400010931,32.804718000064994],[-79.81170799998708,32.804706999686175],[-79.8115759997426,32.804661000283815],[-79.8114979999248,32.804644000236],[-79.8114140002592,32.80463799981866],[-79.81126000027342,32.80460700029845],[-79.81118599975527,32.80458000029343],[-79.81103699979235,32.80453900004641],[-79.81102500009676,32.804534000070284],[-79.8108929998523,32.80448200015046],[-79.81076599963069,32.80440099999694],[-79.8106250000637,32.80434800030401],[-79.81046199985708,32.804289999834545],[-79.81038200038944,32.8042720000196],[-79.81022599985552,32.80426400018458],[-79.81006799967176,32.80426799972461],[-79.80996999976249,32.80427700001048],[-79.80982099979956,32.80430699995],[-79.80974700017974,32.80432999974575],[-79.80960900008745,32.80439300017352],[-79.80946500014741,32.804450999820766],[-79.80940300022314,32.804477000171055],[-79.80926000010801,32.804522999668684],[-79.80918200029019,32.804553000280194],[-79.80910399957409,32.8045769997051],[-79.80903300032729,32.804603000018524],[-79.80901999990849,32.80460399971097],[-79.80896600038014,32.80461000013069],[-79.80882699956464,32.80460700029845],[-79.8087599996175,32.804603000018524],[-79.80869299967034,32.8045909999329],[-79.80862400007338,32.80457100003823],[-79.8085639997989,32.804541000187804],[-79.80853500038492,32.80448400029314],[-79.80850000022483,32.8044339997328],[-79.80845900021693,32.80439000033396],[-79.80843599975239,32.804336999879396],[-79.80840300014043,32.80427700001048],[-79.808378999851,32.804217000101055],[-79.80836700015541,32.80415799984867],[-79.80835999958443,32.80403999998135],[-79.80833500036839,32.803982999765424],[-79.80824199958364,32.80387900000578],[-79.80819899992593,32.80383500033223],[-79.80814000037469,32.80381000025056],[-79.80806699968144,32.80381000025056],[-79.80799300006161,32.803828000159044],[-79.80793500033529,32.80385899995093],[-79.80788199973352,32.80389900005614],[-79.8078240000072,32.80392799966812],[-79.80777399977849,32.80396900019694],[-79.80762599964048,32.80403799982869],[-79.80758600035584,32.80405900029691],[-79.80749599994414,32.804147999853186],[-79.80744800026358,32.80419499997313],[-79.80734399960818,32.80428100030506],[-79.8072390000262,32.8043619998128],[-79.80718299994972,32.804396000013035],[-79.807168999706,32.804396999707826],[-79.80711000015476,32.80440099999694],[-79.80704999988032,32.80440699967529],[-79.8070139998953,32.80445500010748],[-79.80688199965083,32.80491200034456],[-79.80682999977229,32.8048950003448],[-79.80673299968791,32.80492799989727],[-79.8066540000452,32.804988000081764],[-79.80656299980859,32.805075999775845],[-79.80630300041591,32.80526900034412],[-79.80629400019508,32.80527599964876],[-79.8062180000271,32.805339999845295],[-79.80619899976054,32.80541699965493],[-79.80625099963906,32.80551599995936],[-79.80625700038516,32.80559300037159],[-79.80621200017931,32.80570299998187],[-79.80616600014856,32.80576899998471],[-79.80608800033076,32.80594500000439],[-79.80605499982047,32.80598900014362],[-79.80588599976608,32.80610399990705],[-79.80580100027557,32.8061870001231],[-79.80575600006974,32.8062750001402],[-79.80573000013047,32.80636799994342],[-79.80571699971168,32.80646699994369],[-79.8056840000997,32.80654400028713],[-79.80559299986311,32.80661599994974],[-79.80550199962653,32.80670900015122],[-79.80540399971723,32.80683000000794],[-79.80526700034821,32.80697299990074],[-79.80513500010372,32.80707899989984],[-79.80501999957767,32.807170999953314],[-79.80472699967471,32.80729699975713],[-79.80466899994839,32.807316000131536],[-79.80454500009984,32.807363000086454],[-79.80416400033333,32.8074360002563],[-79.80402000039328,32.80755299973121],[-79.80395300044613,32.8076670000781],[-79.80389300017168,32.8076439996358],[-79.80383600027027,32.80767399994896],[-79.80383799992009,32.807687000031194],[-79.80384600031601,32.807729999650796],[-79.80381100015592,32.807753999727936],[-79.80364299992642,32.80786799981701],[-79.80361000031446,32.807834000189885],[-79.80355199968982,32.80779299993381],[-79.80343100021432,32.80772400019676],[-79.80332400008419,32.807633000374075],[-79.80326600035788,32.807600000315844],[-79.80319900041071,32.80758599980695],[-79.80315400020488,32.80758599980695],[-79.803105999626,32.807594000097986],[-79.80304200005189,32.807607000191915],[-79.8029590002112,32.80752199971752],[-79.80249200023097,32.807676999677696],[-79.80249899990368,32.80780300027426],[-79.8024870002081,32.807808000066515],[-79.8023109995827,32.807836000257176],[-79.80208999964977,32.80793999991718],[-79.80201600002991,32.80798399982386],[-79.80194300023497,32.80817700011806],[-79.80182699988401,32.80828900036262],[-79.8017120002563,32.80840299976555],[-79.8016279996924,32.80852099988094],[-79.80156900014116,32.808604000105035],[-79.80147399970662,32.808872999998385],[-79.80140799958437,32.80942299979744],[-79.80135599970583,32.8096780000526],[-79.80134200036045,32.80973400000174],[-79.8013259995686,32.80978999991566],[-79.80131999972082,32.80985100022658],[-79.80133599961434,32.8099790000251],[-79.80123400040542,32.810034000153216],[-79.80113999979577,32.810085000214166],[-79.80087600020514,32.8102489999157],[-79.80072899989203,32.81026000036364],[-79.80066299976978,32.81027199968392],[-79.80057900010421,32.81030399987672],[-79.80051299998198,32.810338000068946],[-79.80036999986683,32.81041399969666],[-79.80025000021624,32.810486999625574],[-79.80013200021544,32.81057099990394],[-79.8000379996058,32.810661000114116],[-79.79998599972728,32.81069500016976],[-79.79993700022177,32.81073599984207],[-79.79990899973438,32.81078700025517],[-79.79989200001594,32.810845000260066],[-79.79988899964289,32.81089999985224],[-79.79987699994733,32.810953999789355],[-79.79982699971862,32.81099599971775],[-79.79975899994655,32.81101799967234],[-79.79967399955773,32.81111800015222],[-79.79963000007514,32.811169000346105],[-79.79958200039454,32.81122399973775],[-79.79948199993711,32.811314999658585],[-79.7994590003709,32.8113310003236],[-79.79942099983775,32.81135799978785],[-79.79930100018716,32.81143000008065],[-79.79924000008778,32.81146799981314],[-79.79918999985907,32.811498999960456],[-79.79910399964534,32.81154799995197],[-79.79906900038355,32.811567999786696],[-79.79900499991115,32.8115929999512],[-79.79885699977315,32.81163199998246],[-79.79877899995533,32.81165999972331],[-79.79875300001606,32.81167499995835],[-79.7986559999317,32.811729999791844],[-79.79865000008391,32.811791000281154],[-79.79869600011466,32.811902999746245],[-79.7987270000768,32.81195299987984],[-79.79878900000108,32.81199199975305],[-79.79885400029839,32.81200400034947],[-79.79892700009334,32.811989999779335],[-79.79906400036069,32.81193700008171],[-79.79920900012564,32.811935000106764],[-79.79933700017216,32.811979999910086],[-79.7994030002944,32.81198399985792],[-79.79948899960982,32.81198100027451],[-79.799635000098,32.81194600034601],[-79.79970299987006,32.81195000029538],[-79.7997559995735,32.81199399972677],[-79.79962400022733,32.812055000034874],[-79.79955399990715,32.81207200017516],[-79.79951000042453,32.812114999938146],[-79.79951200007434,32.8121729998313],[-79.79956899997576,32.81229300019299],[-79.79950100020369,32.812283000357766],[-79.79945099997498,32.81224599982526],[-79.79940599976914,32.812205000094586],[-79.79936499976127,32.81215599971034],[-79.79930700003493,32.81211099999621],[-79.79923500006493,32.81211099999621],[-79.79909500032284,32.8121410003115],[-79.79895100038279,32.81216400034499],[-79.79886599999398,32.81216299998258],[-79.79877999978025,32.81213900034108],[-79.798713999658,32.81211099999621],[-79.79864699971085,32.81207000020324],[-79.79860499987807,32.812018999771446],[-79.79854700015174,32.81190800006285],[-79.79853499955786,32.81184999999674],[-79.79849199990015,32.81179500023751],[-79.79842400012808,32.811785999957976],[-79.7983539998079,32.81179199989276],[-79.79829899955631,32.811813999650305],[-79.79822699958628,32.81184299969984],[-79.7981989999972,32.81190499972191],[-79.79817700025589,32.81197399998792],[-79.79813600024801,32.81209500022651],[-79.79810500028586,32.81215100016264],[-79.79806199972985,32.81220199976368],[-79.79804699966122,32.81224900015469],[-79.79802599974484,32.81230699996038],[-79.79801499987417,32.81233500024354],[-79.79799200030794,32.81236499972822],[-79.79782599972829,32.812427999745545],[-79.79777600039789,32.81246599980634],[-79.79770600007771,32.812564000206],[-79.79775799995623,32.81260299981106],[-79.79782599972829,32.81259199965319],[-79.79788099997988,32.812555000004295],[-79.79794200007925,32.812581000248905],[-79.7979040004444,32.81263100000097],[-79.7978750001321,32.81268700035431],[-79.79782900010134,32.812799000200066],[-79.79776899982689,32.81290500004541],[-79.79770299970465,32.81301499966582],[-79.79769000018416,32.81307900032944],[-79.79768400033639,32.8132149997935],[-79.7976719997425,32.813279000313074],[-79.79756700016053,32.81338999981907],[-79.79745900020548,32.8134699997376],[-79.79733600018183,32.813521999683715],[-79.7972139999831,32.81360299982957],[-79.79718999969366,32.81364800029815],[-79.79718899986875,32.813659999915934],[-79.79723099970154,32.81370700029076],[-79.79735700009824,32.81376100003209],[-79.79741399999965,32.813794000067595],[-79.79753700002328,32.81384999968802],[-79.79765599984897,32.813920999883976],[-79.79771899959816,32.8139339998074],[-79.79785199966756,32.813948000071235],[-79.79793000038369,32.8139449997992],[-79.7980020003537,32.81394699972891],[-79.79807000012576,32.81396800012076],[-79.79814700011866,32.81399900015088],[-79.79830899960206,32.814063999691825],[-79.79837100042465,32.814101000222394],[-79.79843400017386,32.814125999674275],[-79.79858300013676,32.81416899995331],[-79.79866699980232,32.81416599968872],[-79.79874999964302,32.81414399975847],[-79.79880800026764,32.814107000000874],[-79.79889600013118,32.81401799984743],[-79.79897599959882,32.81391899995367],[-79.79903400022347,32.81388799989565],[-79.79901900015486,32.81394200028202],[-79.79899499986539,32.813995000293744],[-79.79895800005548,32.81404399966392],[-79.79889500030629,32.8141520002142],[-79.79883800040488,32.814190999877304],[-79.79871500038124,32.81427099982962],[-79.7986559999317,32.81429599998871],[-79.79864099986308,32.81429700032712],[-79.79858099958861,32.81430399967572],[-79.79851199999163,32.81430500001402],[-79.79837399989937,32.81430399967572],[-79.79820099964704,32.814301000170666],[-79.79811500033162,32.81429299972842],[-79.79796299999565,32.81426199980086],[-79.79782999992624,32.81422500009233],[-79.79776700017705,32.81419799998929],[-79.79768500016131,32.81418899995308],[-79.79752799980245,32.814177999991486],[-79.7974530003577,32.814177999991486],[-79.79737999966446,32.81419799998929],[-79.79732199993815,32.814216999643236],[-79.79726400021181,32.814252999771135],[-79.79712600011956,32.8143159999599],[-79.79708299956353,32.81435799980928],[-79.79705400014953,32.81442000034153],[-79.79704300027889,32.81454599968259],[-79.79702200036249,32.81460499983394],[-79.7969679999358,32.814649999795066],[-79.79690799966136,32.8146800000081],[-79.79686300035381,32.81472300001904],[-79.79683499986643,32.81478399996374],[-79.79683200039167,32.814841000047444],[-79.79686099980569,32.814866000046116],[-79.79687900024736,32.81488000016312],[-79.79694199999655,32.81490700005898],[-79.79701399996657,32.81492100016953],[-79.79707699971576,32.814908999967045],[-79.79715399970866,32.814869000287125],[-79.7971980000896,32.81484699977595],[-79.79725099979301,32.81480700006812],[-79.79734500040267,32.81470800029852],[-79.79739399990815,32.81466900010735],[-79.79745400018263,32.8146369999764],[-79.79751899958164,32.81462299982111],[-79.79757700020626,32.81459700017398],[-79.79765300037425,32.81457400001523],[-79.79770600007771,32.81456800026822],[-79.79787699978192,32.81456199976589],[-79.79856899989305,32.814583000012384],[-79.79864900025899,32.81458800017825],[-79.79880099969665,32.81459599983896],[-79.79888799973527,32.814613999827955],[-79.79905599996476,32.81466399994605],[-79.7991150004143,32.81469099990755],[-79.7992209998212,32.81476799992042],[-79.79930000036224,32.814782999630815],[-79.79937999982988,32.814769999831604],[-79.79952499959484,32.81472800017696],[-79.79958200039454,32.81469600006727],[-79.79963300044817,32.8146549999571],[-79.79970000039532,32.81464400005319],[-79.79978499988583,32.8146369999764],[-79.799931000374,32.81463599964183],[-79.79999599977302,32.81464700030165],[-79.8001499997588,32.81468199992127],[-79.80030600029272,32.814715000369716],[-79.80036800021702,32.81473900007046],[-79.8004240002935,32.81478700020746],[-79.80040500002693,32.814842999956994],[-79.80027399960737,32.81481600004169],[-79.80013700023832,32.81476799992042],[-79.8000650002683,32.81474600013922],[-79.79991299993235,32.814733999913166],[-79.79984500016027,32.8147190001945],[-79.79977400001518,32.81472600026483],[-79.79970799989292,32.81476799992042],[-79.79966799970995,32.81481999986192],[-79.79960199958772,32.814853000259106],[-79.79953899983852,32.814871999773],[-79.79947299971629,32.81487899983128],[-79.79933799999708,32.81488000016312],[-79.7991999999048,32.8148780002544],[-79.79912399973684,32.81489800009459],[-79.79911600023922,32.81495800034317],[-79.79924599993558,32.815029999983956],[-79.79931299988273,32.81505199969483],[-79.79938300020291,32.815060000068755],[-79.79949299980777,32.81510200032139],[-79.79958499986928,32.81513699976184],[-79.79953299999075,32.81513600018782],[-79.79938999987561,32.815129999723844],[-79.79932499957829,32.8151189998788],[-79.79917499979044,32.81511100026513],[-79.79909399959959,32.81509500028068],[-79.79902500000263,32.81504999978999],[-79.79897599959882,32.8149999998891],[-79.79887600003971,32.81489200036952],[-79.79881199956729,32.814864000137085],[-79.79866599997743,32.81483799980554],[-79.79851100016674,32.81483700022821],[-79.79833799991437,32.81484400028925],[-79.7982559998986,32.81483700022821],[-79.79818399992858,32.81483099974398],[-79.79810299973772,32.81483299965381],[-79.79803400014076,32.81484199962473],[-79.79796999966834,32.814866000046116],[-79.79791100011711,32.81489899967129],[-79.79786000006348,32.814939000092686],[-79.79779399994125,32.814978000165354],[-79.79772600016918,32.81498000007181],[-79.79765500002406,32.815006999937296],[-79.79765300037425,32.81501700022089],[-79.79763999995545,32.8150650002077],[-79.79764099978036,32.815132999955885],[-79.79761999986397,32.815265000251124],[-79.79760599962026,32.81540600026406],[-79.79754299987107,32.81543300000008],[-79.79745900020548,32.81543400032569],[-79.79739800010611,32.81545700026183],[-79.79733500035692,32.81544000001417],[-79.79728000010535,32.815408000160886],[-79.79731400044052,32.81528100020495],[-79.79732100011323,32.815223999648516],[-79.7972900001511,32.81517500017407],[-79.79714500038614,32.81517100036981],[-79.79700499974574,32.81517199994345],[-79.79690500018661,32.81517300027199],[-79.79686599982857,32.81517300027199],[-79.79684999993503,32.81517500017407],[-79.79680899992715,32.81518200020847],[-79.79678800001075,32.815184999683844],[-79.79673899960694,32.81519600027569],[-79.79664400007071,32.81521900027343],[-79.7966159995833,32.815228000205316],[-79.79657200010068,32.81524299983806],[-79.79651299965114,32.81527600007814],[-79.79646699962039,32.8153209996994],[-79.7964380002064,32.815383000314725],[-79.7964189999398,32.81544599970229],[-79.79641700028999,32.815508999800116],[-79.7964399998562,32.81557599963947],[-79.79645900012278,32.815629000186505],[-79.79647099981834,32.815688999941464],[-79.79647599984122,32.815758999856],[-79.79643700038147,32.81581099997251],[-79.79643900003128,32.81587300024586],[-79.79650500015354,32.81589699963384],[-79.79662700035227,32.81594100013064],[-79.79676500044454,32.81599399970498],[-79.79678200016296,32.81600599976092],[-79.79687699969922,32.81604000003635],[-79.79701999981434,32.816095000188035],[-79.7973260001361,32.81626600007132],[-79.79746400022836,32.81634599966535],[-79.79760200032062,32.81642000032031],[-79.79762400006193,32.816437999939865],[-79.79770199987973,32.81650199964789],[-79.79781800023069,32.81660300030838],[-79.79791000029219,32.81670000036379],[-79.79796399982057,32.81674399970797],[-79.79802499991992,32.816777000145535],[-79.79807500014864,32.81682199976156],[-79.79811699998143,32.81687099983766],[-79.79817300005793,32.81692499992102],[-79.79820599966989,32.81697599980181],[-79.79824300037814,32.817041000184844],[-79.79827500016516,32.81708199994898],[-79.79832600021881,32.81712099983597],[-79.79845799956497,32.81714499964175],[-79.79853299990803,32.817172000359264],[-79.79861200044907,32.8171919996831],[-79.79875200019114,32.81721600022466],[-79.79890000032914,32.81724300016559],[-79.79904199972107,32.81727500011293],[-79.7991849998362,32.817297000022855],[-79.79932200010354,32.81731899992732],[-79.79946400039378,32.81734599983699],[-79.79952399976992,32.81738099990333],[-79.79949700000573,32.81743200027737],[-79.79937300015717,32.81738099990333],[-79.79930799985985,32.81736799972932],[-79.79924599993558,32.81739499962405],[-79.79929399961615,32.817440999985095],[-79.79940699959405,32.81750900017968],[-79.79953100034093,32.81758100001817],[-79.79966299968709,32.81764999965132],[-79.79971700011376,32.817687999743725],[-79.7998610000538,32.81769200018957],[-79.79993499967364,32.81768599989821],[-79.80000300034403,32.81766299978411],[-79.80005900042052,32.817632000277364],[-79.8001919995916,32.81756700032676],[-79.800332000232,32.81750799987745],[-79.80046699995123,32.817464000156654],[-79.80054099957104,32.81745999970054],[-79.80061699973903,32.81746499970445],[-79.80076200040232,32.81749600002436],[-79.80082599997641,32.81747799986425],[-79.80094200032737,32.81741299980097],[-79.8010009998786,32.817387999763994],[-79.80104600008445,32.81734500028787],[-79.8010589996049,32.817281999981894],[-79.80104600008445,32.81721800008076],[-79.80099099983285,32.81718600011287],[-79.80091800003792,32.81717699962441],[-79.80087600020514,32.8171309998817],[-79.80087200000717,32.81707000003837],[-79.80088100022799,32.8170120003218],[-79.80091999968774,32.81696399987694],[-79.80098099978711,32.816978999971575],[-79.80093499975635,32.817014000182496],[-79.80093499975635,32.81707399975714],[-79.80097499993931,32.81711299964764],[-79.8011070001838,32.81716700033883],[-79.80114099962067,32.817280999677095],[-79.80114599964355,32.817340999826335],[-79.8011280001002,32.81739999963166],[-79.80101199974925,32.81747200031339],[-79.80088399970272,32.817529999729665],[-79.80081799958049,32.81754900018103],[-79.80074999980843,32.81755700033011],[-79.80061000006634,32.81755700033011],[-79.80046799977612,32.81757100002311],[-79.80032600038422,32.817604000153494],[-79.80026600010974,32.81763099997651],[-79.80016800020046,32.8177120001513],[-79.80010499955296,32.817742000085474],[-79.800035999956,32.817768999866544],[-79.79996499981088,32.8177709997102],[-79.799819000221,32.81777500015231],[-79.79974899990081,32.817760999736564],[-79.79961199963346,32.817720999830655],[-79.79954600040953,32.8177120001513],[-79.79948399958694,32.817692999734795],[-79.79942300038589,32.81766299978411],[-79.79930299983697,32.8176010000049],[-79.79924799958539,32.817559000178534],[-79.79912200008702,32.817471000010734],[-79.79904000007124,32.81743499967672],[-79.7989179998725,32.81740599994234],[-79.79885000010043,32.81739900008309],[-79.79878099960516,32.817402000238516],[-79.79864900025899,32.817429000122964],[-79.79859999985518,32.817467999857634],[-79.798501000121,32.81754400018187],[-79.79843599982367,32.81764400011209],[-79.79838099957209,32.81768099990675],[-79.79837700027244,32.81773899994155],[-79.79843199962569,32.817765000179115],[-79.79847500018172,32.81781600033269],[-79.79840999988438,32.81780099962446],[-79.79834899978502,32.81777699999587],[-79.79830299975427,32.81773299965329],[-79.79831399962494,32.81767799976075],[-79.7983610003789,32.817632000277364],[-79.79840099966356,32.81758200031961],[-79.79834600031029,32.817552000331396],[-79.79828100001296,32.81753100003166],[-79.79822800030952,32.817497999874156],[-79.79817200023301,32.817484000169706],[-79.79802800029296,32.8174820003196],[-79.79796299999565,32.81749400017453],[-79.79791000029219,32.817534000182626],[-79.79786500008636,32.8175779998688],[-79.79780900000985,32.81761700029296],[-79.79776600035215,32.81766299978411],[-79.79774000041287,32.817713999996236],[-79.79775399975827,32.817768999866544],[-79.79773399966679,32.817823999702824],[-79.79768799963603,32.81778399982528],[-79.79767699976537,32.81772700011966],[-79.79768500016131,32.81766799977658],[-79.79771899959816,32.8176140001448],[-79.79776499962892,32.81757299987121],[-79.79786199971329,32.81749200032465],[-79.79798700028509,32.81741999965912],[-79.7980519996841,32.817414999652634],[-79.7981220000043,32.817429000122964],[-79.79825900027166,32.81745900015265],[-79.7983329998915,32.817464000156654],[-79.79839900001373,32.81745700030198],[-79.79846099993803,32.81743200027737],[-79.79850500031895,32.817384000059405],[-79.79843699964857,32.81737099988579],[-79.79830000027953,32.817364000023844],[-79.79815999963914,32.81735400000434],[-79.79809400041522,32.81733899997302],[-79.79800300017861,32.817253000197574],[-79.79789100002561,32.81717799993039],[-79.79777399984975,32.817118999977694],[-79.79765400019915,32.81705899967853],[-79.79759999977249,32.817017999903776],[-79.79750699988605,32.816914999852116],[-79.79738399986242,32.81684699995787],[-79.79732299976304,32.816804999775066],[-79.79727699973229,32.81676300032743],[-79.79717799999808,32.816682000042405],[-79.79707000004306,32.81660800036057],[-79.79695299986719,32.81652600037585],[-79.79683900006438,32.81644999993578],[-79.79677999961484,32.81642099987989],[-79.79671500021581,32.81639800019324],[-79.79663700039801,32.81638800006507],[-79.79648900026001,32.81637900025068],[-79.79642399996268,32.81635700011346],[-79.79629699974107,32.81630099980819],[-79.79614799977816,32.81625299973412],[-79.79601600043199,32.81618800028458],[-79.79595000030976,32.81617400037368],[-79.79587800033974,32.81616900029713],[-79.79580800001953,32.81615799982568],[-79.79567900014811,32.81611400019131],[-79.79558500043676,32.816090000106975],[-79.79554299970565,32.81607899962581],[-79.79546599971276,32.81606900021666],[-79.79539899976561,32.816055000286994],[-79.7952709997191,32.81602400021925],[-79.79522399986344,32.81601400004893],[-79.79519200007638,32.81600700008007],[-79.79512699977906,32.81598800005391],[-79.79506099965681,32.81597200022739],[-79.79502700021993,32.815960999731566],[-79.7949259999376,32.81592700018081],[-79.79487800025703,32.81591300022878],[-79.7948120001348,32.8158899996557],[-79.79469599978383,32.815856000077794],[-79.79462499963873,32.81583500013217],[-79.79451900023184,32.81580799976331],[-79.79442499962218,32.81577400015402],[-79.79436000022316,32.815755999645106],[-79.79434900035253,32.81576399995562],[-79.7943200000402,32.81582699982802],[-79.79431500001732,32.81584999966244],[-79.7942990001238,32.81590899970283],[-79.79427499983436,32.81595599964302],[-79.7942430000473,32.81599399970498],[-79.79424899989509,32.81613699995143],[-79.79422299995584,32.816224999930625],[-79.7941519998107,32.816307999753874],[-79.79414500013803,32.8163849998754],[-79.79415600000867,32.81642299975388],[-79.79414000011514,32.81645300012325],[-79.79408200038883,32.816518999692356],[-79.79403399980994,32.816579999913934],[-79.79400000037306,32.81664800001259],[-79.79400500039594,32.8167020002315],[-79.79403600035806,32.81681400030126],[-79.79404800005364,32.81685599972479],[-79.79404700022873,32.81686799966431],[-79.79395599999212,32.81699500037167],[-79.79395000014435,32.81709399985798],[-79.79390300028868,32.81724699987655],[-79.79381899972478,32.81731399991519],[-79.79380399965616,32.81738700021535],[-79.79384499966406,32.817457999849836],[-79.79389099969481,32.817511000029185],[-79.79394199974843,32.81754900018103],[-79.79400600022085,32.81757700032223],[-79.79409099971134,32.81758499971389],[-79.79418799979571,32.81758700031663],[-79.79427999985722,32.81759299985972],[-79.79437899959142,32.81758799986303],[-79.79445499975941,32.81753799988051],[-79.79447900004887,32.81752900018262],[-79.7945450001711,32.81754999972786],[-79.7945739995851,32.817569000174956],[-79.79460100024758,32.81756700032676],[-79.79461999961585,32.81757600002075],[-79.79464499973021,32.8176140001448],[-79.7946780002405,32.817654999644574],[-79.79471599987532,32.81767799976075],[-79.79475199986032,32.81768099990675],[-79.79478700002043,32.81767099992293],[-79.7948830002799,32.81764999965132],[-79.79493599998335,32.817654000098884],[-79.7950170001742,32.81770200017103],[-79.79508800031931,32.81775000021718],[-79.79513099997702,32.817826999843895],[-79.79515199989342,32.81785400035408],[-79.79519299990129,32.81787699966384],[-79.79526499987132,32.81784999991553],[-79.79533500019151,32.817823999702824],[-79.79536799980347,32.817826999843895],[-79.79542499970489,32.81786300001906],[-79.79542899990285,32.817924000072836],[-79.795467000436,32.81799300019455],[-79.79554799972854,32.81805999967068],[-79.79557200001798,32.81807799971288],[-79.79559600030741,32.81814100020925],[-79.79557799986577,32.818172999833166],[-79.79555299975142,32.8181879997237],[-79.79543300010081,32.8181879997237],[-79.79537100017652,32.81819599981524],[-79.79525700037371,32.81823199984088],[-79.795199999574,32.81824100022246],[-79.79515100006849,32.8182280001743],[-79.79512599995414,32.818205999739966],[-79.79512000010637,32.81818200022074],[-79.79512199975619,32.818116999917564],[-79.79509400016708,32.81806200026272],[-79.79500200010558,32.818001999845436],[-79.79495199987687,32.81805200032179],[-79.79491800043999,32.81809000024225],[-79.79483800007405,32.81814199974947],[-79.7947639995559,32.818162999904786],[-79.79470199963161,32.81817999963143],[-79.79462700018686,32.818202000072155],[-79.79451699968368,32.81820500020052],[-79.79447700039904,32.81816799986912],[-79.79447499985089,32.81812999998201],[-79.7945240002547,32.81805700029237],[-79.7945669999124,32.81799600032991],[-79.79458500035408,32.8179830002459],[-79.79465399995104,32.81795099979859],[-79.79467200039271,32.817909999680516],[-79.79466399999677,32.817871000139874],[-79.79462499963873,32.81780000008046],[-79.79457699995815,32.81772299967538],[-79.79453699977518,32.81768400005265],[-79.79451800040692,32.81767900006107],[-79.79447300020107,32.81769400003495],[-79.79443100036829,32.81770099987096],[-79.79434599997947,32.81769900002573],[-79.79425800011592,32.81769400003495],[-79.79420299986432,32.817720999830655],[-79.79411900019875,32.817720999830655],[-79.79392300038016,32.81761099999654],[-79.79383200014357,32.8175779998688],[-79.79374799957967,32.81759400016101],[-79.79368300018065,32.817659999637506],[-79.79359799979183,32.817753999905285],[-79.79353300039284,32.81780800020694],[-79.79343499958522,32.817829999984866],[-79.79341500039205,32.81787999980312],[-79.79344800000402,32.817983999787835],[-79.79342799991254,32.818060999966704],[-79.7933629996152,32.81809399991504],[-79.79325300001034,32.81815499981021],[-79.79315500010105,32.8183089998048],[-79.79315500010105,32.81836900001476],[-79.7930310002525,32.818504999686304],[-79.79294800041181,32.8185779997628],[-79.7928970003582,32.818624000266226],[-79.79283100023595,32.81867999986221],[-79.7927719997864,32.81871500015802],[-79.7927219995577,32.81875400008313],[-79.79271900008294,32.81878900034974],[-79.79276299956557,32.818783999665406],[-79.79289099961208,32.81876399994499],[-79.79297900037396,32.81875799972603],[-79.79305700019177,32.81875500037134],[-79.79313400018466,32.818737999999776],[-79.79321700002532,32.81869799977879],[-79.79325800003322,32.81866999999089],[-79.79329400001821,32.818611000274046],[-79.79333400020118,32.818540000051065],[-79.79338699990464,32.81850700026833],[-79.79345200020197,32.81845899987622],[-79.79347999979107,32.81842400023449],[-79.79356900037783,32.8183739999675],[-79.79363399977684,32.81837500026],[-79.79368499983048,32.81836900001476],[-79.7937579996254,32.81839000011642],[-79.7938630001057,32.81844200020294],[-79.7939469997713,32.81845200009999],[-79.7940380000079,32.81845099980836],[-79.79414599996292,32.81845099980836],[-79.79422100030601,32.81845500021984],[-79.7943200000402,32.81845700004805],[-79.79438500033751,32.818448999979964],[-79.79445099956145,32.81844099991121],[-79.7946020000725,32.818386999994296],[-79.7946299996616,32.81838399987215],[-79.79466800019475,32.818385999701945],[-79.79465599960086,32.81840100031145],[-79.79462800001178,32.81840100031145],[-79.79452099988166,32.818444000031434],[-79.79439399966004,32.81847699983757],[-79.79433799958355,32.8184899998493],[-79.79423700019952,32.81850900009537],[-79.79420100021451,32.818528000337366],[-79.7941729997271,32.818535999643395],[-79.7942079998872,32.81857599993725],[-79.79427200035961,32.81860500004475],[-79.79432500006307,32.81862900020461],[-79.79433699975863,32.81865800029475],[-79.79429999994872,32.81867900032809],[-79.79422799997869,32.8186849997975],[-79.79414000011514,32.818715999691726],[-79.79406099957411,32.81876599976624],[-79.79404399985567,32.818771999984726],[-79.79400000037306,32.81876000030236],[-79.7939889996041,32.81872600031282],[-79.79398500030445,32.81866300023122],[-79.7939409999235,32.818616999747995],[-79.79389099969481,32.81857599993725],[-79.79383899981626,32.81859200004979],[-79.79378799976264,32.818609999984204],[-79.79374599992985,32.81860899969436],[-79.79367300013492,32.81866399976557],[-79.7936789999827,32.818694000133185],[-79.79371599979261,32.81877899973574],[-79.79375500015068,32.81883600027632],[-79.79376600002132,32.81888499999656],[-79.79376500019642,32.81892500013335],[-79.79377400041726,32.819042999865665],[-79.79379299978551,32.81910699996205],[-79.79385200023505,32.81916799991664],[-79.79391099978628,32.81921499964267],[-79.79396900041093,32.81924900019995],[-79.7939829997563,32.819271000376],[-79.79389599971766,32.81924900019995],[-79.79380299983124,32.81922599973561],[-79.79376799967115,32.81920300002014],[-79.79371800034075,32.81913899999297],[-79.7936940000513,32.81904100005066],[-79.7936799998076,32.81893699979336],[-79.79364899984546,32.81886700011787],[-79.79360600018776,32.81876700005433],[-79.79358600009627,32.81872999995704],[-79.79357699987546,32.81871300033563],[-79.79354900028635,32.81867999986221],[-79.79350599973031,32.818652000068624],[-79.79348099961598,32.81865099977925],[-79.7934530000269,32.81867499992669],[-79.79347499976818,32.818744000220086],[-79.7934820003392,32.818807000244234],[-79.79344100033131,32.81883699980867],[-79.79339399957733,32.8188880001018],[-79.79329599966805,32.81895200030985],[-79.7932000003069,32.8189629996804],[-79.79318699988809,32.8189079997943],[-79.79307700028325,32.818864000011914],[-79.79291999992442,32.81885900008675],[-79.79270599966416,32.818797999919994],[-79.79259500023441,32.81875400008313],[-79.792490999579,32.818720999624944],[-79.7924129997612,32.81871500015802],[-79.79238000014924,32.818742999931736],[-79.79238599999702,32.818852999874146],[-79.79236699973045,32.81891500028955],[-79.79235099983693,32.818963999966265],[-79.7923409997912,32.81899600004864],[-79.79226299997339,32.81913299979928],[-79.79220500024705,32.81922099983076],[-79.79212599970602,32.819342000014856],[-79.7920739998275,32.8194299998393],[-79.79194999997893,32.819528999631956],[-79.79182600013037,32.819605999981576],[-79.79172900004599,32.81962800006922],[-79.79159799962643,32.81963400022949],[-79.7916179997179,32.81979299979799],[-79.79157900025817,32.820039999811954],[-79.79151999980863,32.820233000344366],[-79.79147399977786,32.82032599988404],[-79.79134400008154,32.820392000350665],[-79.7911809998749,32.82051299969469],[-79.79116800035443,32.82057900002231],[-79.79114900008786,32.82072199968329],[-79.79101799966828,32.82090900017021],[-79.79103100008709,32.82101899969541],[-79.79104199995774,32.82110400009311],[-79.791067999897,32.8211439999857],[-79.7911030000571,32.82123299979526],[-79.79117599985204,32.82131399970561],[-79.79125500039306,32.821389999759376],[-79.79133099966273,32.8214420003547],[-79.79139599996006,32.821474999802135],[-79.79149399986935,32.821491999649886],[-79.79158000008307,32.82150399971816],[-79.79172900004599,32.821538000154305],[-79.7918489996966,32.82153599964053],[-79.79191700036698,32.82157100032094],[-79.79198500013902,32.8216309998376],[-79.79200299968238,32.82164799965556],[-79.79208800007119,32.82171500014974],[-79.79216199969103,32.82175900002992],[-79.79219000017845,32.82178300009264],[-79.79220600007197,32.821798000128496],[-79.79226899982116,32.82189100029457],[-79.79229099956247,32.821948999845546],[-79.79227700021708,32.822037000107166],[-79.79230599963107,32.82207799983045],[-79.7924050002636,32.82212500028162],[-79.79246999966261,32.822159999975035],[-79.7926520001358,32.82230600010043],[-79.79272400010584,32.822300000120705],[-79.79274400019732,32.822303000110615],[-79.7928410002817,32.82232599977836],[-79.79290099965785,32.82236400013536],[-79.79292800032033,32.82239899973466],[-79.7929540002596,32.82243700006043],[-79.79294900023673,32.82247599986134],[-79.79294500003878,32.822506999942526],[-79.79294099984082,32.82254500022215],[-79.79289200033531,32.82261900024314],[-79.79287999974144,32.82264600005182],[-79.7928350004339,32.82269199995864],[-79.7927850002052,32.822750999984756],[-79.79272699958057,32.82281400018688],[-79.79270999986213,32.822849000363725],[-79.79269200031878,32.82292400037273],[-79.79264999958767,32.82296599992741],[-79.79259500023441,32.822989000178346],[-79.79252099971625,32.82300699997676],[-79.79244999957113,32.823008000217094],[-79.79237699977618,32.82300500025098],[-79.79241100011139,32.82307599992504],[-79.79254800037873,32.82312500032625],[-79.79286700022097,32.82315300021983],[-79.79316699979663,32.823141999858244],[-79.79340799982104,32.82311399996119],[-79.79356400035496,32.82306500030889],[-79.79367499978474,32.82300400001063],[-79.79379199996059,32.82288900022543],[-79.7938830001972,32.822805999756234],[-79.79398100010648,32.82276800034323],[-79.79422200013092,32.82282300010424],[-79.79445599958433,32.822883000285074],[-79.79461899979094,32.82302100032068],[-79.7948270002034,32.8231750001839],[-79.79503600044077,32.823344999791544],[-79.79525700037371,32.823516000063286],[-79.79537200000144,32.823607000228215],[-79.79543800012368,32.82364799998169],[-79.79549300037526,32.8236899999489],[-79.79558600026168,32.823776999763915],[-79.79569099984367,32.8238730000596],[-79.7957910003011,32.82396800002197],[-79.79582999976084,32.824018000160066],[-79.79591099995169,32.824121999753174],[-79.79599799999035,32.82424199982916],[-79.79605099969376,32.82429400026473],[-79.79616600021983,32.82437800032325],[-79.79625400008338,32.82445699993736],[-79.79635600019061,32.824539000150494],[-79.79644900007705,32.824644000110375],[-79.79645699957466,32.82469999968596],[-79.79636299986332,32.82462100028798],[-79.79632299968036,32.8245739996477],[-79.79626699960383,32.82454300028789],[-79.79616600021983,32.82447100005279],[-79.7961229996638,32.8244299999243],[-79.79603399997534,32.82434199976868],[-79.79599200014255,32.82428700019336],[-79.79589800043122,32.82419899989606],[-79.79584900002743,32.824141999777126],[-79.79575299976794,32.82403899968125],[-79.79565700040679,32.82394099986027],[-79.7955589995992,32.82386199978718],[-79.79550599989574,32.823825999778364],[-79.79538899971988,32.823760000353396],[-79.79532599997069,32.82369899977757],[-79.79529599983346,32.82366999982323],[-79.79521100034297,32.82357599977601],[-79.7951589995661,32.823516000063286],[-79.79503600044077,32.823411000279776],[-79.79485300014267,32.823318000195314],[-79.79463800005752,32.8231750001839],[-79.79452799955435,32.82311399996119],[-79.79435799967503,32.82303699963264],[-79.79422799997869,32.82299900031846],[-79.79401999956623,32.82297700031074],[-79.79382399974766,32.823048000007184],[-79.79368099963251,32.82314700029726],[-79.79353099984468,32.82324100004356],[-79.7933559999425,32.82330699985421],[-79.79319899958368,32.823344999791544],[-79.79289999983293,32.823356000127944],[-79.79261299977776,32.823318000195314],[-79.79226200014847,32.82322399977559],[-79.79202699997181,32.82311899964692],[-79.79190300012326,32.82305299969663],[-79.79182500030548,32.82308600005536],[-79.79183299980308,32.823119999885996],[-79.79180299966583,32.8231099997595],[-79.79173099969582,32.82308100036778],[-79.79164899968005,32.82304699976731],[-79.79163699998449,32.8230589996255],[-79.79168100036541,32.82309999963192],[-79.79174900013749,32.823141000374335],[-79.79179599999314,32.82317699990586],[-79.79185299989456,32.82324999991771],[-79.791877000184,32.82326499970586],[-79.79192200038983,32.8232450002394],[-79.791949000154,32.82322699973432],[-79.7919619996745,32.82322399977559],[-79.79209399991896,32.82328199996603],[-79.79217000008695,32.82330600037211],[-79.79225299992765,32.82332599982489],[-79.79228300006486,32.82334000011858],[-79.79229700030858,32.8233809999953],[-79.7923340001185,32.823414000232184],[-79.79228499971468,32.82344999965307],[-79.7922710003693,32.8234509998884],[-79.7922370000341,32.82345200012373],[-79.79221899959245,32.82347599972903],[-79.79220600007197,32.82354800001576],[-79.79215099982038,32.8235810001906],[-79.79206999962953,32.82361199988615],[-79.79204200004044,32.823653999870366],[-79.79202600014692,32.82373499983785],[-79.79201199990321,32.823747000357955],[-79.7919609998496,32.823760000353396],[-79.7919120003441,32.82382400007102],[-79.79187600035908,32.82388700026703],[-79.79183799982593,32.823945000024544],[-79.79177199970371,32.824003999973286],[-79.79174499993954,32.824005000202334],[-79.79170399993164,32.82399399994631],[-79.79162299974078,32.82402299979486],[-79.79153300022742,32.82406400011123],[-79.79147499960278,32.82411199973953],[-79.79138099989144,32.82419899989606],[-79.79130899992143,32.82426599997591],[-79.7912639997156,32.824333000005204],[-79.79119599994353,32.824407000046435],[-79.79113499984415,32.82447200027663],[-79.7911010004073,32.82447100005279],[-79.79103899958469,32.824469999828935],[-79.79101199982051,32.82447500019319],[-79.79098099985838,32.82449200022172],[-79.79097199963753,32.82451500007756],[-79.79098599988123,32.82457199995714],[-79.79088100029927,32.824681000009136],[-79.79082199984971,32.824750000166844],[-79.79076099975035,32.82472799983796],[-79.79068600030557,32.8247370003163],[-79.79063299970383,32.824794000053416],[-79.79060599993964,32.824850999754],[-79.79056800030482,32.82492600033729],[-79.79053499979453,32.82499299986875],[-79.79045299977875,32.82509299971759],[-79.79039599987738,32.82513700018913],[-79.79033700032613,32.82517099998958],[-79.79021900032535,32.82521800031396],[-79.7901590000509,32.825305000142066],[-79.79013200028672,32.82541100016457],[-79.79012700026385,32.82549099982717],[-79.7900810002331,32.825562999990325],[-79.79003500020234,32.82563200021767],[-79.79000500006511,32.82568799992522],[-79.78995900003434,32.825747999680495],[-79.78994300014084,32.8257750000478],[-79.78990999963054,32.825830000211546],[-79.78988899971415,32.82589299973955],[-79.78985799975202,32.82590699962864],[-79.78977699956117,32.82589699981591],[-79.78971999965975,32.8258920002866],[-79.78964799968972,32.825885000341174],[-79.78958300029072,32.825904999968095],[-79.78949299987903,32.82589600036301],[-79.78935599961167,32.825885000341174],[-79.78921300039488,32.825922999930484],[-79.78897200037044,32.825917000195076],[-79.78889399965432,32.82594499996337],[-79.7888280004304,32.826030000176566],[-79.788763999958,32.82604599970142],[-79.78866500022379,32.826081000114456],[-79.78852700013151,32.82612900016248],[-79.78840599975769,32.82614300001436],[-79.78831500041942,32.826159000273684],[-79.78825199977192,32.82618699996574],[-79.78841800035157,32.82632399994926],[-79.79129700022585,32.82848799991683],[-79.79438299978938,32.8308129997704],[-79.79833999956419,32.83379499963283],[-79.79888400043563,32.834201000153676],[-79.79888400043563,32.834216999716006],[-79.79888400043563,32.83423300003023],[-79.79888500026055,32.83424200030009],[-79.79888600008545,32.83425799985505],[-79.7988889995602,32.834274000161926],[-79.79889299975815,32.83429899997519],[-79.79890000032914,32.834322999668544],[-79.79891000037492,32.83435400014347],[-79.79892000042065,32.83437699970967],[-79.7989310002913,32.834400000024665],[-79.79894100033704,32.83441699966299],[-79.79935700026365,32.834762999941624],[-79.79939999992135,32.83480000015343],[-79.79998900010033,32.83530099976896],[-79.80005799969729,32.83536099982267],[-79.80012299999463,32.83542400013729],[-79.80049799991336,32.835816000168016],[-79.80082500015149,32.83615599972498],[-79.8011359995978,32.83680599993809],[-79.80119500004736,32.837254999946886],[-79.80124600010097,32.837309999793504],[-79.80062799960969,32.83772500000796],[-79.80017200039842,32.838037000081115],[-79.80000800036689,32.83815199987508],[-79.7998400001374,32.838275000067405],[-79.79970500041819,32.83838099970369],[-79.7995790000215,32.83848900010008],[-79.799374999807,32.83868600004451],[-79.79924699976047,32.83882399967627],[-79.79915499969897,32.83893200028849],[-79.79907000020846,32.83904000001461],[-79.79898200034492,32.83916100036931],[-79.79887900041275,32.83931400011391],[-79.7988679996438,32.83933100032081],[-79.79840999988438,32.8400879998418],[-79.79767699976537,32.8413199997935],[-79.79766699971964,32.841337000370984],[-79.79682499982067,32.842751000025295],[-79.7967200002387,32.84292800000607],[-79.79589500005818,32.84431599997118],[-79.79535299973486,32.84522800009834],[-79.79528499996279,32.84533999966642],[-79.79599200014255,32.84559900015459],[-79.79600899986097,32.845604000083746],[-79.79712600011956,32.846013000125815],[-79.7968759998743,32.846384999896415],[-79.79677600031519,32.84652900024107],[-79.79639999967324,32.84699500037329],[-79.79643700038147,32.84698299997628],[-79.79650799962826,32.84698200000601],[-79.79656299987984,32.847000000223794],[-79.79660300006282,32.84703000007555],[-79.79662300015433,32.84705700000886],[-79.79663300020006,32.84707900008826],[-79.79663900004783,32.84711399975738],[-79.79663400002495,32.847152000072484],[-79.79661700030654,32.84718299984082],[-79.79660999973552,32.847196000178656],[-79.79656799990272,32.84723099980163],[-79.79652699989484,32.84724700003435],[-79.7964399998562,32.84725099990343],[-79.79636799988619,32.84721900019119],[-79.7963400002971,32.84719200030716],[-79.79632500022849,32.847165999628366],[-79.7962909998933,32.847137999759646],[-79.79613199988464,32.84710000019324],[-79.79592000017253,32.84702300028712],[-79.79581600041544,32.846976000184156],[-79.7957419998973,32.846953000108634],[-79.79561800004873,32.84693699982291],[-79.79542499970489,32.84688699976046],[-79.79523700028223,32.84678900025057],[-79.79519299990129,32.846764000181196],[-79.79504300011347,32.8466790001944],[-79.79485300014267,32.84659600007546],[-79.79469599978383,32.8465330001425],[-79.79450699963795,32.846448999910734],[-79.79435400037538,32.846561000202044],[-79.79430999999445,32.846594000126196],[-79.79412300039671,32.846710000127956],[-79.79401600026658,32.846766000126586],[-79.79386399993062,32.84684600017121],[-79.79369700042434,32.84693499988133],[-79.79418399959775,32.847390999735026],[-79.79502200019708,32.848175000295186],[-79.79511900028146,32.84826600009351],[-79.7944890000946,32.84875000002371],[-79.79430800034463,32.848894000304234],[-79.79401899974131,32.84879899984141],[-79.79321100017755,32.8485339999195],[-79.79260699992996,32.849807000114616],[-79.7924129997612,32.850211999917484],[-79.79124899964697,32.849747999953706],[-79.79077400016915,32.84955800000026],[-79.78967199997919,32.84911899980308],[-79.7894619999169,32.84905600015184],[-79.78960400020712,32.84898400017222],[-79.78962500012351,32.84897299999203],[-79.78666900025632,32.84802999964418],[-79.78604099971929,32.84779999984313],[-79.78353199974086,32.84687800001789],[-79.78369999997035,32.84653800001896],[-79.78382800001687,32.84627900000703],[-79.78335500018886,32.84611099973784],[-79.78332800042467,32.84606199994538],[-79.7833379995721,32.84605800002272],[-79.78334900034106,32.8460520001384],[-79.78336000021173,32.846045000272845],[-79.78336900043256,32.846038999632974],[-79.78337699993016,32.846031999766396],[-79.78338500032608,32.84602499989927],[-79.78339299982368,32.84601600006934],[-79.78339899967148,32.846008000219705],[-79.7836120001068,32.84572899973013],[-79.78384800010836,32.845405999655696],[-79.78388499991827,32.84535700022867],[-79.78394000016988,32.84528400027738],[-79.78382800001687,32.84524399993746],[-79.78377799978816,32.84522600011824],[-79.78337500028034,32.8457799996741],[-79.78306399993572,32.84566699992146],[-79.78276199981192,32.84555699998399],[-79.78246800008404,32.84594499986933],[-79.78235799958088,32.846090000153524],[-79.78087499962443,32.845555999997664],[-79.78109700028058,32.84513100025708],[-79.77960900030124,32.844525999788274],[-79.78013700038085,32.8438740002422],[-79.77998400021997,32.84382299995765],[-79.78045100020022,32.842993000264265],[-79.78014900007642,32.84282999989827],[-79.77968200009617,32.843631000133044],[-79.77964299973813,32.84370999997751],[-79.77957499996606,32.843686999810316],[-79.77955200039985,32.843766000359686],[-79.77919300037463,32.84423299990652],[-79.779098999765,32.844317999971786],[-79.77876400002924,32.84476699972074],[-79.77866000027215,32.844747999809336],[-79.77860300037077,32.84468700006624],[-79.7785420002714,32.84465900017012],[-79.77870100028005,32.845103999737766],[-79.7787680002272,32.845295000160185],[-79.77842699974534,32.8452000003729],[-79.77776300012164,32.84505900011186],[-79.77744799957904,32.844974999994356],[-79.77666000010676,32.84471199996601],[-79.77652700003738,32.84463900023893],[-79.77632299982285,32.84444499991768],[-79.7761780000579,32.84440499995435],[-79.7760640002551,32.844337999975366],[-79.77596700017071,32.844309999969155],[-79.775804999789,32.844261999937956],[-79.77572500032137,32.84428299995479],[-79.77566400022201,32.84426699994238],[-79.77524099972439,32.844115999683446],[-79.77226700031385,32.8430830000788],[-79.75409500019435,32.83674600010618],[-79.75389900037577,32.83667500003884],[-79.75373600016914,32.83661500011841],[-79.75264099965189,32.83624099997689],[-79.75155299970562,32.835856000227906],[-79.7500010001522,32.835316999887894],[-79.74978000021925,32.83523800012188],[-79.74372500036974,32.83312999963629],[-79.74327400028304,32.834018000189566],[-79.74126900009476,32.83782199964013],[-79.74014900036147,32.83995999965043],[-79.73863999956741,32.84284300011899],[-79.73833699961871,32.84341899968698],[-79.73922200007368,32.843750000254055],[-79.74550100022917,32.846093000094456],[-79.74631899983869,32.846398000351144],[-79.75078500032483,32.848063999734805],[-79.75378399984973,32.84918300010972],[-79.75441700040962,32.849418999756764],[-79.7581609997491,32.850815000257455],[-79.75885799988308,32.851078000311304],[-79.76251500008223,32.852438999796234],[-79.76322499973672,32.852681999936515],[-79.76520300016082,32.85337300023861],[-79.7655820002775,32.85349200012528],[-79.76540999985006,32.853681999955974],[-79.76517700022156,32.85387300002702],[-79.76497700020502,32.85401200008496],[-79.76472399958672,32.85425700022146],[-79.76468900032492,32.85435100023594],[-79.76463700044638,32.85449299995658],[-79.76455700008044,32.85469599990112],[-79.7644480003005,32.85482399996945],[-79.76428500009389,32.85497099984364],[-79.76426699965221,32.85513100015877],[-79.7641450003518,32.855297000199705],[-79.76399700021379,32.855408000012815],[-79.76387199964202,32.85556900016804],[-79.76361100042442,32.85590599991259],[-79.76377000043307,32.85617200032296],[-79.76407199965854,32.856675999628095],[-79.76603500001404,32.85606000008852],[-79.76596399986893,32.85639300002039],[-79.76535100029884,32.8570429999347],[-79.76532700000938,32.8570819996272],[-79.76528900037454,32.857283999830386],[-79.76528400035168,32.8575209996654],[-79.7652790003288,32.857535999700474],[-79.76526199971205,32.85759099980758],[-79.76519800013796,32.85831600029523],[-79.76522800027517,32.858314999698074],[-79.76530000024519,32.8583120001704],[-79.76554299991943,32.858306000360045],[-79.76557200023176,32.858307000202686],[-79.76559700034613,32.858308000045334],[-79.76555899981298,32.8583819996884],[-79.76534000042817,32.85881699998246],[-79.76499700029649,32.85872499984833],[-79.76461499980675,32.858596000287015],[-79.76450199982885,32.85881399971711],[-79.76401999978002,32.85863800032271],[-79.76398200014518,32.85881500030864],[-79.76376100021224,32.8588580000771],[-79.76321800006401,32.8589590001006],[-79.76326300026986,32.85933800025417],[-79.76328900020914,32.85950800003989],[-79.76333400041497,32.859689999689024],[-79.76332099999618,32.859866000014534],[-79.76333400041497,32.860024999978314],[-79.76326200044494,32.86071199966366],[-79.7632230000869,32.860855000335015],[-79.76318399972884,32.86097600037479],[-79.7631179996066,32.861063999682585],[-79.76300800000173,32.861151999657736],[-79.76291000009245,32.861224000327006],[-79.76237799981489,32.86102699985565],[-79.76024299993026,32.860231000309625],[-79.7554290001879,32.858440000303574],[-79.75229400022056,32.857272999924554],[-79.75063600036191,32.85663300031114],[-79.74944499958518,32.856196000139185],[-79.74779900032041,32.855588999899716],[-79.74719199969978,32.855354999813414],[-79.74716900013357,32.855347000051125],[-79.74619499999014,32.85498399979512],[-79.74518900005964,32.85460800031305],[-79.73593399994549,32.851154999717544],[-79.73455499974608,32.85064000001641],[-79.73418700039836,32.85134500002478],[-79.73414100036763,32.85143299983066],[-79.73404500010815,32.85162099970657],[-79.73394100035108,32.85181300035699],[-79.73381800032743,32.852055000034596],[-79.73375700022805,32.8521609998165],[-79.7336119995648,32.85246299986769],[-79.73203800027007,32.85544699966943],[-79.73458999990618,32.857446000206366],[-79.74348199979718,32.86441000028805],[-79.74603099995859,32.86640600028857],[-79.74689799997192,32.86708500013362],[-79.74917000012388,32.86886400016208],[-79.74928499975161,32.8689540001426],[-79.74963200008125,32.86923200031036],[-79.75006200025156,32.869575999723914],[-79.75130199963546,32.8705569997583],[-79.75125800015284,32.87058999981074],[-79.75078399960161,32.87100999981655],[-79.75102700017418,32.87120100030003],[-79.75151800044385,32.87074799970862],[-79.7515359999872,32.87074199998508],[-79.75276500039877,32.87171599984158],[-79.7553239997076,32.87374800001201],[-79.75550700000571,32.87391399991525],[-79.75578700038817,32.87418299963026],[-79.75486599994818,32.87473700018526],[-79.75459200031182,32.874893000171724],[-79.75399599956184,32.87523300013894],[-79.75368299956737,32.875410999850246],[-79.75338299999173,32.875582000160314],[-79.75308000004301,32.875755000186885],[-79.7527829999421,32.87592399979087],[-79.75248800038933,32.876092999827144],[-79.75239499960459,32.87614599970517],[-79.75231699978677,32.87618999976494],[-79.75215899960303,32.876283000282285],[-79.75199600029472,32.87637799997992],[-79.75171599991225,32.87654299984808],[-79.75143499970484,32.87670899979876],[-79.75115500022069,32.876875000193024],[-79.7508749998382,32.87703999989053],[-79.75059500035404,32.87720599966495],[-79.75031400014664,32.877371000255245],[-79.75001399967267,32.87754799982],[-79.7493960000797,32.87793099973993],[-79.74934199965303,32.87787800017469],[-79.74910200035181,32.877638999663304],[-79.74875699967201,32.877824999823304],[-79.74800199981169,32.87823199994371],[-79.74723199988276,32.87864799999658],[-79.74718199965403,32.878673999746454],[-79.74675400003188,32.878964000211816],[-79.74791300012323,32.88021399999525],[-79.7483680004079,32.88046699993438],[-79.7484870002336,32.88055399992251],[-79.74862600015076,32.88070800029913],[-79.74896099988652,32.88107699990702],[-79.74914400018461,32.880965999781765],[-79.74942299984387,32.88079800032674],[-79.7496069999669,32.880686999851996],[-79.75003600031228,32.88042600002312],[-79.75046399993445,32.88016700012683],[-79.75090599980034,32.879893000204966],[-79.75118199998487,32.87973100009502],[-79.75137000030583,32.879921000296385],[-79.75064600040767,32.880357000147995],[-79.75120600027431,32.88091400011019],[-79.75191500010388,32.88046699993438],[-79.75219399976314,32.88074999966956],[-79.7522830003499,32.880840999997524],[-79.75287800037667,32.88144400032392],[-79.75303599966209,32.88160100015738],[-79.75312900044682,32.881692999944995],[-79.75195699993668,32.88252900009958],[-79.75281300007934,32.883443000268464],[-79.75389799965252,32.88326599965118],[-79.7545150003189,32.883165999717235],[-79.75459599961145,32.883354999784096],[-79.75480599967374,32.88331800020591],[-79.75489299971237,32.88330400032068],[-79.75504300039852,32.88328000029675],[-79.75557399995286,32.8838219998814],[-79.75519900003412,32.88387900014475],[-79.7552619997833,32.88394099964849],[-79.75498399994898,32.884024000278906],[-79.75500400004044,32.88404699979452],[-79.75365499997828,32.884420000289694],[-79.75342700037265,32.88388400017934],[-79.75191199973082,32.884332000021104],[-79.75193699984519,32.88435200005555],[-79.7519729998302,32.884423999991206],[-79.75197399965509,32.884457000162186],[-79.75332899956506,32.88405300012638],[-79.75481900009254,32.88750199967773],[-79.7545780000681,32.88768200017506],[-79.75403200044516,32.88808900029093],[-79.75386300039075,32.888199000286754],[-79.75367400024486,32.88835000018204],[-79.75332299971728,32.88775999974899],[-79.7532480002725,32.88756699971094],[-79.7532049997165,32.88757899989754],[-79.75251599997841,32.88779099965729],[-79.75201300001318,32.88813399996282],[-79.75188400014173,32.887991000289325],[-79.75155699990358,32.88764000031803],[-79.75062399976804,32.88812300011217],[-79.75026200026811,32.888304000361096],[-79.74965800002052,32.887654000272576],[-79.74957099998188,32.8877080002921],[-79.74943100023981,32.88772099997061],[-79.74947700027056,32.88787000015324],[-79.74938600003395,32.887988999764765],[-79.74929200032263,32.88806699982276],[-79.7491280002911,32.88812199985142],[-79.74909099958288,32.888097999623646],[-79.74900000024458,32.88803600001103],[-79.7489390001452,32.88796500025533],[-79.74883500038814,32.88795900018836],[-79.74855099980769,32.88792200026937],[-79.74826100027776,32.887913999673245],[-79.74794200043554,32.887842000310165],[-79.74775900013746,32.8878020003035],[-79.74711200023216,32.88710500034339],[-79.74701199977473,32.8869899998847],[-79.74675700040491,32.886733000111],[-79.74655900003819,32.886533999935665],[-79.74632200021173,32.886298000225],[-79.74627100015812,32.88624599991014],[-79.74611999964706,32.8860909998207],[-79.74587299977485,32.886236000107225],[-79.74557200037428,32.88641400035312],[-79.74529500036486,32.886578000119066],[-79.74486400036963,32.88682799992341],[-79.74449299975055,32.8870440003089],[-79.74411000033422,32.88728099981172],[-79.74391699999038,32.88740600031908],[-79.74366099989734,32.88757299980445],[-79.74348400034533,32.8876940003461],[-79.74332500033667,32.88753299967629],[-79.74325199964343,32.88745900022146],[-79.74299399990058,32.88719499990943],[-79.7426380002484,32.88682199977945],[-79.74268299955594,32.88679000001068],[-79.74286800040218,32.88665599991039],[-79.7430669996955,32.88651300011474],[-79.74304499995418,32.886491000009634],[-79.74299300007564,32.88643899980804],[-79.74275600024919,32.88620499965492],[-79.74242900001104,32.88588999989467],[-79.74236200006389,32.88582599967242],[-79.74202099958202,32.88550499984052],[-79.74150799957106,32.88501200016801],[-79.74067400006801,32.885705999885424],[-79.74053799962556,32.885796000118084],[-79.74041999962479,32.885892999998276],[-79.7403579997005,32.885833999702704],[-79.74025300011853,32.88574400026301],[-79.73940600019671,32.884905999667474],[-79.73881000034504,32.884305999667866],[-79.73818699983089,32.88480499977713],[-79.7375900001543,32.88432500015885],[-79.73747999965114,32.88434000018632],[-79.7371609998089,32.88404800010133],[-79.73678300041544,32.884298000253985],[-79.73649600036028,32.88448799971729],[-79.73626100018363,32.884645999738936],[-79.73654200039103,32.884865000300984],[-79.73667600028531,32.88497600006914],[-79.7367020002246,32.88499700025429],[-79.73655800028455,32.88519600010951],[-79.7362870001229,32.88549999989741],[-79.73597300030355,32.885215999948905],[-79.73592499972465,32.885171999843585],[-79.73573899995182,32.885005999901075],[-79.73529200006307,32.885312000171446],[-79.73518499993295,32.885384000081494],[-79.73539499999521,32.88558700022542],[-79.73541300043689,32.885605000152566],[-79.73546600014033,32.885655000266276],[-79.73555300017898,32.88573900033338],[-79.73572499970811,32.88590499965722],[-79.73589700013555,32.88607100017874],[-79.73606799983979,32.886236000107225],[-79.73624000026723,32.88640200000873],[-79.73645799982712,32.88661199976578],[-79.73702600008968,32.88625699999378],[-79.73708200016618,32.88622300021091],[-79.73714300026555,32.886284000056214],[-79.73725299987042,32.8863929997494],[-79.73728999968034,32.88643299963774],[-79.73793699958563,32.88601699991596],[-79.73951400015173,32.887319999783756],[-79.73948900003738,32.88734199968304],[-79.73929599969352,32.88751099982443],[-79.73893199964547,32.887830999668914],[-79.73890900007925,32.88785099966801],[-79.73887300009423,32.887882999807985],[-79.73893300036869,32.88793300014497],[-79.73904100032372,32.8880220001168],[-79.73919299976136,32.888147000333184],[-79.73940199999875,32.888321000232125],[-79.73943899980867,32.88835600022253],[-79.73957699990093,32.88848500024029],[-79.7397080003205,32.88861899983757],[-79.74021499958538,32.88919600037101],[-79.74028699955541,32.889132999768606],[-79.74045099958694,32.888973999952945],[-79.74067499989293,32.88875599999326],[-79.740934000359,32.88849199977392],[-79.74109699966732,32.88835900024265],[-79.74124499980532,32.888237999854745],[-79.74189699973347,32.8887789997894],[-79.7419689997035,32.88884999964714],[-79.74188000001504,32.88892700020423],[-79.7415670000206,32.88919999985693],[-79.74141499968462,32.889342000349565],[-79.74109599984239,32.889640999782095],[-79.74084499977224,32.88989200023717],[-79.7407019996571,32.89004300026458],[-79.74062100036457,32.89011900030089],[-79.74035100002781,32.89039699971957],[-79.74051000003648,32.89054499969464],[-79.74093799965866,32.89094399991454],[-79.74152000016493,32.89152300008352],[-79.74186099974847,32.8918819999971],[-79.74311899957402,32.893207999760854],[-79.74164900003636,32.89373700016889],[-79.74120299997251,32.89402499998267],[-79.74075899955851,32.89445400001989],[-79.73994000012408,32.89521300016023],[-79.73992500005546,32.89530699975187],[-79.73990999998686,32.89538100019479],[-79.73986499978102,32.89541599965899],[-79.73960600021323,32.89563100005137],[-79.73879399955318,32.89645900012588],[-79.73930599973926,32.89695899983702],[-79.73940000034892,32.89704200034105],[-79.73949200041044,32.89713100021358],[-79.7397090001454,32.89730899969029],[-79.73906600043807,32.89735899998744],[-79.73820400044764,32.89740599978848],[-79.73783100017872,32.897419999708355],[-79.73741699990195,32.89743700009295],[-79.73723899962671,32.89741199996989],[-79.73736699967324,32.897579000205305],[-79.7374210000999,32.897650999952276],[-79.73750800013853,32.89779700032793],[-79.73753900010068,32.89787700034904],[-79.73758699978127,32.8979699999811],[-79.73762600013931,32.898068999652416],[-79.73762199994137,32.898146999886954],[-79.73762100011645,32.89817099965515],[-79.73764299985775,32.89824999994633],[-79.73781600011013,32.89867899988652],[-79.73795300037746,32.899088000290995],[-79.73808399989872,32.899481999836944],[-79.73817900033329,32.8997869997617],[-79.73826600037191,32.900052999760966],[-79.73843200005327,32.900590000225804],[-79.73850300019838,32.900801999774096],[-79.73855099987894,32.90114699971165],[-79.73872699960603,32.90165699968252],[-79.73890599970619,32.90217200024424],[-79.73896699980557,32.90236700034163],[-79.73900299979057,32.902509000092095],[-79.73903200010288,32.90263599967065],[-79.73908099960838,32.902890999884015],[-79.73911400011866,32.90314700020837],[-79.73913099983709,32.90341800036116],[-79.73913300038522,32.90346999964719],[-79.73988900007046,32.90345200033292],[-79.73995299964456,32.90403900009393],[-79.73995600001761,32.904088000282194],[-79.740341999807,32.904092999930484],[-79.74147300030927,32.904106000221425],[-79.74160499965544,32.904107999627804],[-79.74163099959469,32.904107999627804],[-79.74171099996063,32.9041099997884],[-79.7416730003258,32.904252999839414],[-79.74165499988415,32.90431999980498],[-79.74170699976267,32.90452200022728],[-79.74179600034945,32.90487299967851],[-79.74182599958836,32.904989999689164],[-79.74195100016016,32.90547900030376],[-79.74189099988568,32.90547900030376],[-79.74157299986838,32.90547700017407],[-79.74042499964766,32.90548299980872],[-79.7400399996832,32.90546899965505],[-79.74008800026209,32.906280000329424],[-79.74009099973682,32.906321999645016],[-79.7400959997597,32.90640899988776],[-79.74014000014063,32.9071309999562],[-79.74018399962324,32.90785100009465],[-79.7401879998212,32.907927999972365],[-79.74021700013351,32.90838800003116],[-79.74119100027696,32.908051999967725],[-79.74119799994966,32.9081559998543],[-79.74130300042997,32.909725000236584],[-79.74131299957739,32.909871000314936],[-79.74131799960024,32.909943999886764],[-79.74114600007111,32.91013000010436],[-79.74098299986449,32.910223999700804],[-79.74072400029674,32.91028899965213],[-79.74054099999863,32.91028899965213],[-79.74044700028729,32.9102680001836],[-79.74033000011141,32.910147000311575],[-79.73938899957996,32.9101599997136],[-79.73930300026454,32.91033400011263],[-79.73918699991358,32.91049500006456],[-79.73913199966199,32.91062400026911],[-79.73906200024012,32.910717000089484],[-79.7389969999428,32.910756000301376],[-79.73890099968331,32.91085600001193],[-79.73886800007135,32.910934000296],[-79.73880500032216,32.91097699966908],[-79.7387369996518,32.91108399989499],[-79.73826299999887,32.911656999658355],[-79.73819000020391,32.911744999931784],[-79.73810099961716,32.91172900002573],[-79.73801299975362,32.911819000213995],[-79.73795500002728,32.911809000281394],[-79.73785200009512,32.911883999748454],[-79.73778099995,32.91189899963423],[-79.73773400009436,32.91196299987252],[-79.73767499964481,32.91200200028959],[-79.73765100025366,32.91208100030836],[-79.7376100002458,32.91216200023527],[-79.73752400003207,32.91222200032885],[-79.73747600035149,32.912253999959965],[-79.73736500002342,32.912183000008696],[-79.73724299982467,32.912183000008696],[-79.73488399963406,32.91071800009515],[-79.73487500031155,32.904234999930054],[-79.73486799974054,32.90157999963114],[-79.7348640004409,32.8988399999115],[-79.73486000024292,32.89867000012004],[-79.7349360004109,32.89834199979555],[-79.73437099962308,32.898895000040405],[-79.73370899964917,32.89923499994179],[-79.73355499966338,32.89930599971653],[-79.73341699957112,32.899372999653615],[-79.7332530004379,32.89945199962688],[-79.73311299979751,32.89952099971772],[-79.73257300002236,32.89978299999947],[-79.73190000017777,32.90011000014176],[-79.7320569996383,32.90018200009391],[-79.73223800028659,32.900263999716735],[-79.73177799997904,32.90083999971065],[-79.7313169998466,32.90057800029313],[-79.73122899998306,32.90054100036472],[-79.73113600009663,32.90050100005787],[-79.73115500036319,32.90047800028803],[-79.73130199977798,32.90030500025396],[-79.73136899972513,32.90021099993244],[-79.73186199964462,32.899602999952585],[-79.73161099957447,32.89956299997629],[-79.72983200024031,32.89926199982034],[-79.7295219997206,32.899215000249946],[-79.72926700035077,32.8991789998881],[-79.72849499987372,32.899070000086084],[-79.72840799983508,32.89949299978574],[-79.72835599995653,32.899698999671116],[-79.72820000032094,32.89970699995723],[-79.72812300032805,32.899721000267654],[-79.72797699983985,32.89976700019446],[-79.72784299994555,32.89983600003988],[-79.72778400039432,32.89987900027716],[-79.72772999996765,32.8999300000052],[-79.72742600019404,32.899669999664944],[-79.72749700033916,32.899550999904406],[-79.727606999944,32.89952799988793],[-79.72767300006625,32.899406000290675],[-79.72773800036357,32.89933200019346],[-79.72786999970972,32.89908999981071],[-79.72789099962613,32.89898499969766],[-79.72503699986619,32.898580000142765],[-79.72493599958385,32.898565000263346],[-79.72208699984678,32.89816199983709],[-79.72114700003854,32.89748799971865],[-79.72086500000624,32.897284999688466],[-79.72079300003621,32.897117999653005],[-79.72068400025627,32.89683000008967],[-79.72065800031702,32.896754999939674],[-79.72061099956304,32.896621999990266],[-79.72058899982171,32.896556999811885],[-79.72045199955437,32.89633199998656],[-79.720213999903,32.896014999681874],[-79.7199319998707,32.895767999923955],[-79.71967199957969,32.89557600015855],[-79.7193900004457,32.8954450003037],[-79.71909699964442,32.89534800032092],[-79.71885200032035,32.89524700026479],[-79.71846999983062,32.89515299985519],[-79.71833699976123,32.89514700027502],[-79.71813300044505,32.89514300030326],[-79.71807700036855,32.89513900033132],[-79.71794500012408,32.89527500003048],[-79.71769700042695,32.895520000054304],[-79.71757000020534,32.89564500025178],[-79.71739100010521,32.89582500004523],[-79.71596699969996,32.8946790000897],[-79.71584600022446,32.89460899981074],[-79.71577900027731,32.89464800032861],[-79.71538000006913,32.89492400025338],[-79.71526399971816,32.89518800016383],[-79.7151950001212,32.89534300017895],[-79.71527999961171,32.89579299975668],[-79.71522799973317,32.895982000044185],[-79.71524500034991,32.89614200027563],[-79.71511499975526,32.896225000036715],[-79.7150820001433,32.89624599981857],[-79.71490300004315,32.896204000249945],[-79.71464000027743,32.89629899971269],[-79.71440400027586,32.896409000074904],[-79.71357999992027,32.89705799988405],[-79.71373300008113,32.89684199977586],[-79.71408799990839,32.89644899996708],[-79.71344400037614,32.896246999987646],[-79.71352899986664,32.895676999839495],[-79.7130259999014,32.8957329998445],[-79.71294499971054,32.89574300008412],[-79.71269799983833,32.89641699990397],[-79.71225699979738,32.89647200002888],[-79.71175499965705,32.896766999636085],[-79.71017299996637,32.897961000142644],[-79.70961700029767,32.89821799977959],[-79.7092940002575,32.89841499982111],[-79.70910299956347,32.89853300021041],[-79.7086260004358,32.898613000321035],[-79.70832900033488,32.89841499982111],[-79.70808800031047,32.89840300034795],[-79.70758899964486,32.89839700023369],[-79.70728200039652,32.89912100028003],[-79.70737100008498,32.899708000087244],[-79.7070079998618,32.899958999926206],[-79.7087870000943,32.901110000021006],[-79.70897299986713,32.90123000006231],[-79.71090299971233,32.90247800005445],[-79.70870699972835,32.90412600031719],[-79.70665700023254,32.90272499995572],[-79.70629099963632,32.90297300001543],[-79.70630499988003,32.903045999994994],[-79.70632800034457,32.903077999925706],[-79.70636000013161,32.90310099977447],[-79.70640299978932,32.903120000005806],[-79.70646800008666,32.90312599980009],[-79.70652699963789,32.903110999936445],[-79.70662200007243,32.90303000002524],[-79.70833900038062,32.904233999851236],[-79.70836699996973,32.90426500002833],[-79.7083939997339,32.90429999975303],[-79.70837000034275,32.9043530001071],[-79.70807599971657,32.90463300025573],[-79.7080149996172,32.904685999656266],[-79.70774600000371,32.90487499982177],[-79.7077040001709,32.90506699979233],[-79.70862999973545,32.90528100007025],[-79.70874699991133,32.905308000368116],[-79.70877700004854,32.9062670003577],[-79.70777299976788,32.90661899973137],[-79.70758000032234,32.906108000374594],[-79.70760100023875,32.90552699963089],[-79.7077040001709,32.90506699979233],[-79.70732199968118,32.90509700036289],[-79.70715299962676,32.90526499975016],[-79.7062250004124,32.90619199990322],[-79.70841800002334,32.90752099975239],[-79.70820200011327,32.9072419997308],[-79.70882300007929,32.907313999917875],[-79.70924099965573,32.907066999995735],[-79.70961700029767,32.90721600006789],[-79.70973000027558,32.907309999741415],[-79.70923399998303,32.90780399980335],[-79.7091390004468,32.907898000360994],[-79.70905999990575,32.90797500019785],[-79.70937500044835,32.90819899982245],[-79.71043099970923,32.90903200017083],[-79.71088799964372,32.90941099966548],[-79.7111660003764,32.90961099974972],[-79.7113990000049,32.90976500014768],[-79.71160400004429,32.90989399990759],[-79.71177100044888,32.90997500032727],[-79.71192399971143,32.91003699966735],[-79.71201499994804,32.91007500016589],[-79.71215800006318,32.91009199962944],[-79.71226799966801,32.91008900034543],[-79.71241199960808,32.910024000247205],[-79.71291299992349,32.90970699993128],[-79.71327100012377,32.909496999870164],[-79.71384000021126,32.909172999768415],[-79.71421199975694,32.90897200017773],[-79.71432700028298,32.90891000009182],[-79.71435099967411,32.90888100008542],[-79.71439400023013,32.908785999789764],[-79.71450300001007,32.908546999690756],[-79.71467999956208,32.90820800012882],[-79.71496699961726,32.90774399973217],[-79.71533200038856,32.907316000006006],[-79.71588600040742,32.90696699977639],[-79.71612599970864,32.90717200033082],[-79.71624700008245,32.90709000031679],[-79.71612599970864,32.90684499986865],[-79.71662100017626,32.90666699994893],[-79.71752900019746,32.9060540002585],[-79.71813699974469,32.90583399997576],[-79.71919799992676,32.90609499962341],[-79.71908199957582,32.90620199971607],[-79.71893299961289,32.90634899962546],[-79.71874299964209,32.906483000105005],[-79.71865300012871,32.90669599992636],[-79.71840100023364,32.906907999940906],[-79.7182439998748,32.90699100017118],[-79.72022700032178,32.908130999740415],[-79.72132899961343,32.90715799968996],[-79.72123400007717,32.90703299990366],[-79.72118600039661,32.90699899979854],[-79.72061999978386,32.906593999937755],[-79.71983999980917,32.90631199984573],[-79.71989300041093,32.906187000373464],[-79.71997200005366,32.90607199979809],[-79.72007499998581,32.9059719999633],[-79.72019800000947,32.90588900028623],[-79.72313499961008,32.904384000242544],[-79.72344000010692,32.90422800013195],[-79.72357700037426,32.90432300003864],[-79.72370500042078,32.90440300019853],[-79.72538900021871,32.90545600031842],[-79.72629200021703,32.906043999674736],[-79.72636500001195,32.90609499962341],[-79.72356399995547,32.90958099995438],[-79.72354999971176,32.90959900028531],[-79.72242800032865,32.91099499971613],[-79.72220900004552,32.911265999982234],[-79.7216159996686,32.912003000280734],[-79.72099200022785,32.9127789997972],[-79.71989000003789,32.91415500027463],[-79.71982499974055,32.91423599981207],[-79.71891099987158,32.91537099983447],[-79.71737400038677,32.91728500018764],[-79.71735299957206,32.91731800018179],[-79.71727499975425,32.917417000090516],[-79.71714699970772,32.91757899990789],[-79.71696900033082,32.917818999678865],[-79.71685399980477,32.917983000115775],[-79.71666200018414,32.91827300009864],[-79.71644899974882,32.918653999827924],[-79.7163140000296,32.918923000196735],[-79.71626899982375,32.91901999999455],[-79.7162019998766,32.91917100012913],[-79.71617599993733,32.919230999996195],[-79.71609899994444,32.91942299974997],[-79.71593099971494,32.91990900011637],[-79.7158770001866,32.92009299995577],[-79.7157580003609,32.92056899996202],[-79.71573599972128,32.920659000210854],[-79.71557099986485,32.92133099987937],[-79.71549800006991,32.92162600036858],[-79.71572800022368,32.921666000180274],[-79.71586399976779,32.92169000036024],[-79.71641799978667,32.92175699994841],[-79.71707700028584,32.92183700018934],[-79.71735699977002,32.921862000202715],[-79.71770300027474,32.921930000293706],[-79.71785200023764,32.92206800007381],[-79.71786300010831,32.922207000268635],[-79.71767499978732,32.92296699991979],[-79.71744700018169,32.92373899964129],[-79.71756500018247,32.92390299966411],[-79.7175469997408,32.92441199990051],[-79.71755500013671,32.924452999811365],[-79.71764399982519,32.924632000008934],[-79.71778299974237,32.9249049996846],[-79.7179970000026,32.92497199985466],[-79.7182299996311,32.92523800034439],[-79.71861799996863,32.92535899994538],[-79.71879799989368,32.925393999624625],[-79.71903800009319,32.92556499996972],[-79.71934299969172,32.92585000006176],[-79.71947499993618,32.92601099968947],[-79.71965300021144,32.92621199979706],[-79.71979399977842,32.92640299965619],[-79.72011500016879,32.92642299999259],[-79.72047800039194,32.92654800029636],[-79.72078600036353,32.926654999794785],[-79.72088300044791,32.92703899984663],[-79.72086800037928,32.92726499987565],[-79.72094500037218,32.92760000033114],[-79.72105099977908,32.92783900025671],[-79.72136399977352,32.92770600025162],[-79.72135000042813,32.92742500012764],[-79.7213760003674,32.92726000002803],[-79.72140800015445,32.927134000156045],[-79.72150600006374,32.927012999966394],[-79.72154500042181,32.92685900017124],[-79.72155200009449,32.92680400007167],[-79.72159099955425,32.9266660001376],[-79.72164199960787,32.92660199997485],[-79.72167799959287,32.92660900026589],[-79.72176100033188,32.92650100013047],[-79.72184499999746,32.92638300006924],[-79.7219389997088,32.926242999818015],[-79.72198300008972,32.92612400033507],[-79.72201400005186,32.926055999696956],[-79.72200400000612,32.926034000366414],[-79.72203599979318,32.92591200034653],[-79.72204199964095,32.92582700009107],[-79.72203699961808,32.925755999717474],[-79.72202699957235,32.925656000252324],[-79.7220230002727,32.92553500030346],[-79.72199599961021,32.925391000105094],[-79.72198300008972,32.92525400007055],[-79.72251500036728,32.92515099975627],[-79.72261400010147,32.92513599985426],[-79.72345400035061,32.92500699968699],[-79.72370100022282,32.924969000320765],[-79.72495200037571,32.92477500008769],[-79.72503699986619,32.92478400021673],[-79.72541299960983,32.924824000109],[-79.72572700032751,32.9253060001031],[-79.72588700016107,32.92551899987407],[-79.72590600042766,32.925544000355195],[-79.72591099955221,32.92551600035877],[-79.72582699988662,32.92528100030877],[-79.72554900005227,32.9245379998787],[-79.72552999978569,32.9244869999989],[-79.72550200019661,32.92445600011675],[-79.72550700021948,32.924419000364814],[-79.72550200019661,32.924248999919826],[-79.72549999964848,32.92411499994206],[-79.7254739997092,32.92402900036716],[-79.72548499957986,32.92390400027485],[-79.72564699996157,32.92380400022466],[-79.725627999695,32.923719000206226],[-79.72563699991582,32.92365600003345],[-79.72553999983145,32.92345400029005],[-79.72505500030786,32.92243999968772],[-79.72491200019273,32.922141000143675],[-79.7249029999719,32.92212300010103],[-79.72487600020771,32.92206399980998],[-79.72485799976606,32.92202699981192],[-79.72466899962016,32.92173999970884],[-79.72448500039546,32.921460000127375],[-79.72466600014543,32.921365999643776],[-79.72501099992694,32.92122200020133],[-79.72515700041511,32.92109199971794],[-79.72536800030231,32.92097200020433],[-79.72551899991505,32.921361000216876],[-79.72568700014455,32.92180000009632],[-79.72589700020681,32.922244000191434],[-79.72589200018396,32.92226700033947],[-79.72593700038979,32.92240999971602],[-79.72620299963026,32.92295300026898],[-79.72728599955363,32.92516399997093],[-79.72730200034547,32.92525300022912],[-79.72895600000615,32.92640599989545],[-79.72905800011343,32.92640299965619],[-79.72907400000693,32.926157999880544],[-79.72897000024987,32.92614800005994],[-79.72849200039899,32.925814999808914],[-79.7285140001403,32.92514400010392],[-79.72806200022868,32.924829000094235],[-79.72811999995498,32.92198499965262],[-79.72811800030517,32.921259999668514],[-79.72829200038244,32.9214140001599],[-79.72840600018526,32.92147599978265],[-79.72846899993446,32.921669999708016],[-79.72866800012608,32.92173399966786],[-79.72871099978379,32.92199900021066],[-79.72887700036345,32.923063999809415],[-79.72889400008188,32.923180999907835],[-79.72914099995408,32.92408700024748],[-79.72914099995408,32.924175000227315],[-79.72915600002271,32.924326999712086],[-79.72917100009133,32.92450700001442],[-79.72917100009133,32.92475099999045],[-79.72908999990048,32.9259279999508],[-79.72919399965754,32.92592600028315],[-79.72981399979864,32.925847999638364],[-79.7301209999453,32.9257969997596],[-79.73067999998706,32.925734000312346],[-79.73132799971727,32.92564899988588],[-79.73137799994596,32.92563400006829],[-79.73140800008319,32.92559600021736],[-79.73143700039552,32.92507200009287],[-79.73147800040338,32.92463000031205],[-79.73152699990888,32.92412099982165],[-79.73154500035055,32.923558000178204],[-79.73192699994196,32.923176999694384],[-79.73217999966195,32.92292400033895],[-79.73182499983471,32.92162600036858],[-79.73179800007053,32.921504000303415],[-79.73165199958235,32.92116700036819],[-79.73176899975823,32.9211369999649],[-79.73261499985513,32.92092099977741],[-79.73347299964763,32.92059400033361],[-79.73359900004431,32.920526999864876],[-79.73409799981161,32.92025899974495],[-79.73418599967515,32.92014799970238],[-79.73427299971378,32.92003700027467],[-79.73486699991562,32.91928299979784],[-79.7350409999929,32.91862899966242],[-79.73504900038881,32.918597000073675],[-79.73516300019163,32.91799200018152],[-79.73529200006307,32.917320999974976],[-79.73564799971521,32.91628699962413],[-79.7356820000504,32.91624000004104],[-79.73572300005827,32.91618400018426],[-79.73576400006617,32.91612800029199],[-79.73635499989496,32.91531300027454],[-79.73709999970954,32.91472899972736],[-79.73717599987752,32.914669999785744],[-79.7374429998412,32.91459399970076],[-79.73831999990027,32.91434399983412],[-79.7387509998955,32.91425399995059],[-79.73995799966744,32.91400499984628],[-79.74081600035824,32.913921000189156],[-79.7408780002825,32.913915000372164],[-79.74113900039842,32.91389000037633],[-79.74234899964509,32.913862999679104],[-79.7433560002988,32.91399200025466],[-79.74412799987756,32.91409100011291],[-79.7444259998034,32.9141100002482],[-79.74525199980883,32.9141610000753],[-79.74646899962652,32.91402499996833],[-79.74705199995769,32.9139599997436],[-79.7482629999276,32.913717000151316],[-79.74850899997489,32.91366800001308],[-79.748656000288,32.913661000206595],[-79.74980100013565,32.91361000009141],[-79.74980100013565,32.91377200008951],[-79.74980100013565,32.9137829997714],[-79.7521979999611,32.91456100019922],[-79.75251199978045,32.914720000083896],[-79.75437200020379,32.91566000013062],[-79.75521400010274,32.916161999907615],[-79.75563000002934,32.9164100000356],[-79.75604500013104,32.9166570002843],[-79.75742599998026,32.91747900025116],[-79.75893400005107,32.91798899965697],[-79.75860199979005,32.918517999837654],[-79.75943899966614,32.91879100027767],[-79.75996599992082,32.91895600033423],[-79.76063499956743,32.919121999993834],[-79.76105899988995,32.91919899987109],[-79.76150300030397,32.91921100029639],[-79.76199299985042,32.919223999875534],[-79.76283200027464,32.91917700034389],[-79.76352299966256,32.91906399987558],[-79.76409500012308,32.918942000048865],[-79.76495499956538,32.918951000017096],[-79.76537600041318,32.91898799979316],[-79.76825600011239,32.919485999920084],[-79.76833499975508,32.91950000011938],[-79.76839300037973,32.91950999993718],[-79.76858800037341,32.91954299985581],[-79.76902000019354,32.91961800031067],[-79.76918400022507,32.91994999985143],[-79.76968499964218,32.92032200007401],[-79.77037500010347,32.92081699980629],[-79.77167200028711,32.921815999690125],[-79.77217500025235,32.922203999886996],[-79.7738049996236,32.923312000201896],[-79.77507599986797,32.92451799987024],[-79.7753119998695,32.92474199985805],[-79.776978999949,32.926597999916],[-79.77773899983217,32.92703700020415],[-79.78049999970568,32.92844499973886],[-79.7814019998791,32.92884400034548],[-79.78210400003599,32.92915300009471],[-79.78583499985498,32.93079200036446],[-79.7865689997989,32.93111499996485],[-79.78691100010566,32.93119500003846],[-79.78743099978935,32.93131500001324],[-79.78826600001561,32.93132299970421],[-79.78914800009753,32.931151999932524],[-79.79020799955639,32.930884000326394],[-79.79071499971958,32.930657999740596],[-79.79155199959568,32.930285999994446],[-79.79366800011204,32.92927400037347],[-79.79400700004577,32.92911100030193],[-79.79516699996203,32.928663000015504],[-79.79533000016865,32.928632999891725],[-79.79602200027978,32.92850599990843],[-79.797587000252,32.92838000030295],[-79.79977200036534,32.928424999859544],[-79.79998999992524,32.92844600029823],[-79.80187100026495,32.928632999891725],[-79.80217800041163,32.928757000287234],[-79.80299000017335,32.92908600007479],[-79.80342100016858,32.928878000353656],[-79.80386600040751,32.92874799980837],[-79.80456199981828,32.92875499992956],[-79.80560799993172,32.928658000246934],[-79.8071899996224,32.9286470001518],[-79.80899599961904,32.92847800009544],[-79.80908299965769,32.92846699997793],[-79.80995300004405,32.9283589998486],[-79.81099300030972,32.92822999985644],[-79.81238900022755,32.92800300022018],[-79.81356500003736,32.92761400000073],[-79.81485399982506,32.926961000183056],[-79.81549099968461,32.92651699962824],[-79.81616699990222,32.92584900022711],[-79.81631800041328,32.92566500029175],[-79.81673599998969,32.9251570003196],[-79.81685700036353,32.92497500014244],[-79.81722600043447,32.924419000364814],[-79.81788000001244,32.923412999916295],[-79.81852100006996,32.92245500004677],[-79.81901300016453,32.92204900013872],[-79.819109000424,32.921969999967985],[-79.81980300018498,32.92147599978265],[-79.82014799996647,32.92135400026472],[-79.82058700035759,32.92124699963436],[-79.82117599963826,32.92122900016395],[-79.82170999956564,32.921283999958554],[-79.8221720004213,32.921545000053605],[-79.8224889997154,32.921314000312],[-79.82435699963634,32.91987399977572],[-79.82591499993586,32.91868899989692],[-79.82599000027895,32.9186400002489],[-79.8267200000249,32.91872200012172],[-79.82829900024085,32.918906000166785],[-79.82855199996084,32.918932000166876],[-79.82914799981249,32.91899300010815],[-79.8292609997904,32.91901499968109],[-79.82925699959245,32.918725999782524],[-79.82925699959245,32.9186860001501],[-79.82925599976753,32.9184469996322],[-79.82925599976753,32.918303999884564],[-79.8292189999576,32.917892000237316],[-79.8291839997975,32.91772100014635],[-79.82916600025416,32.91760700015352],[-79.82909699975887,32.91733699962444],[-79.82908599988822,32.9173099999787],[-79.82900999972023,32.91710900001087],[-79.82887099980307,32.91676900011804],[-79.82857700007519,32.916000999704934],[-79.82847300031811,32.91576000033434],[-79.82807499993486,32.9147799999519],[-79.82797799985048,32.91455099982223],[-79.82790199968248,32.91436799973731],[-79.82774699987179,32.91395599986742],[-79.8275989997338,32.91356899968175],[-79.82705200028593,32.912101000110965],[-79.82682999962977,32.91150600027933],[-79.82680600023865,32.91142599974984],[-79.82642700012194,32.91041500012974],[-79.8264039996574,32.910354000309965],[-79.82633699971025,32.91017299986795],[-79.82618500027262,32.90976000006549],[-79.8261559999603,32.90968500030737],[-79.82613800041695,32.90963500018192],[-79.82607099957148,32.909455999818086],[-79.82597799968505,32.90920999986094],[-79.82591499993586,32.90904099963839],[-79.83505299987416,32.905876000257045],[-79.83627100041508,32.90550000015401],[-79.83956700004089,32.90447400035537],[-79.83960100037608,32.90402799995561],[-79.8398769996623,32.90298100000579],[-79.84028500009128,32.90182400021034],[-79.84056100027581,32.90077599972872],[-79.84088099994294,32.899721000267654],[-79.84189400044444,32.896762999737476],[-79.84236100042469,32.89562199997525],[-79.84335099956333,32.89341500013272],[-79.84617199971129,32.88773900021858],[-79.84741199999351,32.88524500016069],[-79.8476999998736,32.884665000157014],[-79.84909900016447,32.88230000030724],[-79.85093199992532,32.879199999838164],[-79.85170100002934,32.877890999786274],[-79.85245800043779,32.87681999997415],[-79.85296499970269,32.87610199962363],[-79.85450399973566,32.87457699977859],[-79.85482900032396,32.87425500028218],[-79.85697699972908,32.8725770001321],[-79.85722199995146,32.87238600034945],[-79.85786600038202,32.87178600009774],[-79.8583509999056,32.87139300006718],[-79.85908200037478,32.87096199989501],[-79.85994000016727,32.87062099968876],[-79.8631110001196,32.86967599989964],[-79.86345000005332,32.86960499977139],[-79.86737300039125,32.86878500007876],[-79.87210900031582,32.86776600028788],[-79.8737970003117,32.867505000142195],[-79.87592600034854,32.8671749996562],[-79.87739300041147,32.866949999924],[-79.8826769996088,32.86647000019698],[-79.88538700032703,32.865773999750516],[-79.89261899981125,32.86237699986498],[-79.8944890002803,32.86117700020064],[-79.89566300044028,32.86017499975407],[-79.8959460002975,32.85986000030928],[-79.89605400025255,32.85974000008281],[-79.89663199966253,32.85909600006824],[-79.89782300043926,32.856861999995864],[-79.89825799973413,32.85525300033729],[-79.89823000014503,32.854808000348314],[-79.89815499980196,32.85360299993284],[-79.89742900025396,32.851878000145014],[-79.89661999996697,32.850152000091306],[-79.89490699985673,32.846926000143675],[-79.89421200027085,32.84523799999811],[-79.89365900007691,32.843106999661714],[-79.89370400028275,32.8395509996416],[-79.89389500007847,32.838676000161286],[-79.89397299989626,32.83823500034262],[-79.89410000011787,32.83750099962756],[-79.89421700029374,32.83684999988973],[-79.89624099985028,32.82976999997687],[-79.89626699978955,32.82956100014219],[-79.89690100017437,32.82807099994354],[-79.8972919999866,32.8272229997276],[-79.8974529996451,32.826936999970634],[-79.89785699987614,32.82648699967087],[-79.89995300030101,32.824673999968276],[-79.90125100030954,32.82355200019774],[-79.90288300022894,32.82225700000241],[-79.90278399959642,32.82222599983398],[-79.9049009999377,32.8205210003318],[-79.90579300006537,32.819803000297846],[-79.9070349999974,32.81880200031587],[-79.90851100028117,32.81787799996192],[-79.90946899963278,32.817176000073395],[-79.90980099989379,32.81693199981757],[-79.91116500002455,32.816217999978335],[-79.91148999971456,32.81613100030996],[-79.91217900035097,32.81075199985637],[-79.9130329999455,32.80404999998898],[-79.91312599983192,32.80335299963337],[-79.913201000175,32.80275099984922],[-79.9132220000914,32.802589999804276],[-79.91391400020252,32.7972719997313],[-79.91457700000133,32.79204200000601],[-79.91477700001788,32.79045800010741],[-79.91506499989796,32.78587599984759],[-79.91500200014876,32.78461200016634],[-79.91539700015899,32.782480999982496]]]}},{"type":"Feature","properties":{"name":"Daniel Island","short":"Daniel Island","color":"#5D6B4F"},"geometry":{"type":"Polygon","coordinates":[[[-79.93,32.835],[-79.88,32.835],[-79.88,32.885],[-79.93,32.885],[-79.93,32.835]]]}},{"type":"Feature","properties":{"name":"North Charleston","short":"North Charleston","color":"#7C5E3E"},"geometry":{"type":"MultiPolygon","coordinates":[[[[-80.24964700018006,32.90806599971304],[-80.2495710000121,32.90800199967423],[-80.24757500004463,32.90621200028198],[-80.24726600024816,32.90593199984694],[-80.24374600031636,32.902747999896214],[-80.2435169999875,32.90213999998615],[-80.24151699982208,32.89950399973313],[-80.23928900005104,32.89600400005543],[-80.23864100032084,32.894847999813294],[-80.23533399992607,32.8905820000269],[-80.2352100000775,32.89042100007889],[-80.23377999982449,32.88857600016901],[-80.23345299958635,32.88876099975265],[-80.22896899955686,32.89133299986412],[-80.22882700016496,32.89112700013458],[-80.22645399973064,32.88767400031162],[-80.2225010001538,32.88665700018775],[-80.22217100044091,32.88651199983576],[-80.2074210003439,32.880030999869504],[-80.2006419996979,32.877051999993775],[-80.19992600019565,32.87780200020186],[-80.19860999974544,32.87906100002558],[-80.19691300042705,32.880686999851996],[-80.1904750002629,32.887185999730654],[-80.18921400006428,32.88845999985389],[-80.18550300033677,32.89230699975195],[-80.18493800044725,32.892841999996726],[-80.18381399961767,32.89390900001313],[-80.18335699968318,32.89434199986591],[-80.18323600020769,32.89445599964421],[-80.18164600012108,32.89596600030684],[-80.17942300037292,32.895323000362545],[-80.17368099961955,32.8979129997316],[-80.17066799985095,32.89927899985139],[-80.16346700032888,32.902534000284845],[-80.16374299961508,32.90282200015605],[-80.16378799982093,32.90286900007496],[-80.16487300029245,32.90399799977705],[-80.16775800001453,32.90699899979854],[-80.17033300011519,32.9096509997123],[-80.16467499992572,32.91359199982193],[-80.16436699995415,32.913806999826704],[-80.16085200004522,32.91618799995975],[-80.15811700011099,32.91819199973097],[-80.15818800025609,32.918261000300184],[-80.1584710001133,32.91854599978619],[-80.16072599964853,32.920800000140176],[-80.16074900011306,32.92082299990945],[-80.16076699965642,32.92084000032523],[-80.16255199973666,32.92248599987593],[-80.16290300026427,32.92277700005344],[-80.16353599992586,32.92329600012457],[-80.16405499978463,32.92370099973056],[-80.16420399974753,32.92382199992531],[-80.16483399993439,32.924335000034944],[-80.16375199983591,32.9249510000994],[-80.16061500021875,32.92715100011331],[-80.16046700008076,32.92725100015084],[-80.1569279998824,32.92969200006306],[-80.15653600024523,32.92996199984086],[-80.15586199967746,32.93042800019966],[-80.1532749998812,32.93221499991297],[-80.15319600023848,32.93226899990224],[-80.15304499972743,32.932376000021044],[-80.15292599990174,32.93245799998219],[-80.15282399979449,32.93218399972269],[-80.15277199991596,32.93197599974602],[-80.15273799958078,32.93178799991172],[-80.15251400017308,32.93050299972232],[-80.15248300021095,32.93035100029189],[-80.15248300021095,32.93028500020988],[-80.15248999988366,32.930226999868644],[-80.15249800027958,32.93017000002927],[-80.15250999997512,32.93011200036664],[-80.15252500004375,32.93005600024033],[-80.15255099998302,32.93000799988841],[-80.15256199985366,32.92994399988131],[-80.15258000029533,32.92990199971014],[-80.15258600014312,32.92988900019165],[-80.15261200008239,32.929835000257484],[-80.15264100039471,32.929782999870795],[-80.15267200035684,32.929731000207546],[-80.15270599979372,32.92968000030515],[-80.15274299960363,32.92963099995731],[-80.1528389998631,32.929521999947745],[-80.15291400020618,32.92944999972949],[-80.15296299971166,32.92940800007778],[-80.15298000032841,32.929394999732715],[-80.15303200020696,32.929354999645085],[-80.15306599964383,32.92933100003614],[-80.1531769999719,32.929261999804844],[-80.15329400014778,32.92920100015654],[-80.15335500024715,32.92917400036058],[-80.1534780002708,32.92912700008172],[-80.15354500021795,32.92910599980467],[-80.15360999961696,32.92908799967096],[-80.15367699956411,32.929072999682404],[-80.15370599987641,32.92906700013867],[-80.15378500041746,32.929053999743495],[-80.15381200018163,32.92904999979556],[-80.15394900044897,32.929036000353214],[-80.15396399961928,32.92903099985171],[-80.15403099956643,32.92900300020482],[-80.15406999992449,32.928982999697645],[-80.15410699973442,32.9289610003409],[-80.1541419998945,32.92893699987113],[-80.1541760002297,32.92890999999456],[-80.15420700019183,32.92888300010978],[-80.15423599960585,32.928853000060606],[-80.15426300026834,32.92882200020016],[-80.15430900029911,32.92875599973142],[-80.15432199981957,32.92872899979967],[-80.15434600010902,32.92867700027089],[-80.15436899967524,32.92860299975778],[-80.15437500042133,32.9285730003676],[-80.15437799989607,32.92854899979256],[-80.15437899972098,32.92853399971262],[-80.1543800004442,32.9285170000211],[-80.15438100026913,32.92849600035327],[-80.15437899972098,32.92845800022353],[-80.15437799989607,32.92844499973886],[-80.15437500042133,32.92841900027186],[-80.15436799985034,32.92838199991514],[-80.15435699997967,32.928343999736434],[-80.15434299973597,32.92830799990928],[-80.15431500014688,32.9282499997799],[-80.15430099990319,32.92822599987125],[-80.15428300035983,32.928198999777685],[-80.15424999984954,32.928155999723444],[-80.15420700019183,32.92811000022093],[-80.15412299962793,32.928056999764635],[-80.15405200038114,32.92801299983112],[-80.15398399971077,32.92797399968328],[-80.15377500037171,32.927864000082295],[-80.15362300003575,32.92779799965289],[-80.15359700009647,32.927785999638004],[-80.15350300038514,32.92774099975646],[-80.15340299992772,32.927704999683925],[-80.15330599984334,32.92767099997897],[-80.15327599970611,32.92766100032938],[-80.15320999958388,32.92763899988988],[-80.15311099984967,32.92760999998763],[-80.15301200011547,32.92758299970613],[-80.15291199965806,32.92755799980115],[-80.15284700025903,32.92754300030721],[-80.15279100018252,32.9275310002578],[-80.15269699957288,32.92751299980363],[-80.15260799988444,32.927496999731964],[-80.15250599977716,32.92748200022761],[-80.1524020000201,32.92746900035359],[-80.15235199979139,32.927462000130596],[-80.15231199960843,32.92745499990704],[-80.15229400006506,32.92745199970335],[-80.15224999968413,32.927442000029004],[-80.15215699979773,32.927413000062245],[-80.15206899993416,32.927376000038805],[-80.15202200007852,32.92735100007534],[-80.1519169995982,32.927281999807754],[-80.1518660004429,32.92723999988083],[-80.15185399984901,32.92720900020915],[-80.15183499958245,32.92712399969173],[-80.15180600016845,32.92707400036935],[-80.15175199974178,32.92700800010458],[-80.15173400019842,32.92699100011978],[-80.151705999711,32.92694599983387],[-80.15163999958878,32.92686400004148],[-80.15163999958878,32.92683599970876],[-80.15163000044136,32.92678299999725],[-80.15162000039561,32.92675700004184],[-80.15154000002967,32.926546999715576],[-80.15142200002889,32.92625900011641],[-80.15134900023395,32.926082999690486],[-80.15131999992163,32.92603699986416],[-80.1511979997229,32.925872000192086],[-80.15107499969925,32.9257039999494],[-80.15096199972135,32.925546000031474],[-80.15089399994929,32.92545299995739],[-80.15087899988067,32.925424999932176],[-80.15085899978918,32.92537899976375],[-80.15083399967482,32.92533999996291],[-80.15080000023795,32.92531100006114],[-80.15075900023007,32.925234000223874],[-80.15074900018433,32.92522299970308],[-80.15026299993752,32.92492500035963],[-80.15019799964018,32.92490899981993],[-80.15014300028692,32.92489300003138],[-80.15006200009607,32.92488200022223],[-80.15000199982161,32.92487599964026],[-80.1499370004226,32.92487200025742],[-80.14988499964574,32.92487200025742],[-80.14983299976721,32.92487300010316],[-80.14978699973646,32.92487999977691],[-80.14973200038318,32.92488700020419],[-80.14967200010872,32.92489300003138],[-80.14961699985714,32.92490700012931],[-80.14956300032878,32.92491200010985],[-80.14944399960478,32.92492500035963],[-80.14934999989345,32.92493899969843],[-80.1492479997862,32.92494299983229],[-80.1491349998083,32.9249510000994],[-80.14905199996761,32.92495399963385],[-80.14881699979097,32.924957999767024],[-80.14857699959147,32.924946000121054],[-80.14846299978865,32.92494299983229],[-80.14834599961279,32.92493500031845],[-80.14825600009941,32.924926000204756],[-80.14814399994641,32.92490899981993],[-80.14803099996851,32.92489600032185],[-80.14794200028005,32.92487999977691],[-80.14784600002058,32.924860999691575],[-80.14775399995908,32.92481499998403],[-80.14766100007266,32.92476299966286],[-80.14756300016337,32.92469899963168],[-80.1474739995766,32.924640000304166],[-80.14732100031404,32.92453399972659],[-80.14724599997096,32.92447000028382],[-80.1471210002975,32.92434900022109],[-80.14706900041897,32.924308000262045],[-80.1470080003196,32.92424700021422],[-80.14695300006801,32.92418299980982],[-80.14684699976279,32.92405399976119],[-80.14679499988425,32.923986999650054],[-80.14674700020369,32.92392100009872],[-80.14670199999784,32.92385200017236],[-80.14666000016506,32.92378300019219],[-80.14661900015716,32.923710999827726],[-80.14658399999706,32.92363900015867],[-80.14654800001205,32.92356499995602],[-80.14653100029362,32.923537999948174],[-80.14650000033149,32.92348999983014],[-80.14644900027784,32.923412999916295],[-80.14639700039932,32.92333799966158],[-80.1463389997747,32.923267000306964],[-80.14631899968319,32.923234000268906],[-80.14626500015483,32.923174999964566],[-80.14620099968242,32.923101000127936],[-80.14615899984962,32.9230560001257],[-80.14609399955229,32.92298999987991],[-80.14602699960514,32.92292400033895],[-80.14595600035835,32.92285999973169],[-80.14588400038832,32.92279900019378],[-80.14585900027396,32.92277799992279],[-80.14580999987017,32.92273799985974],[-80.14576499966432,32.92270299988392],[-80.14573600025032,32.9226799998492],[-80.1456580004325,32.92262400029704],[-80.14557700024166,32.922568999827135],[-80.1454960000508,32.922515999821876],[-80.14541200038522,32.92246600015768],[-80.14536800000428,32.92244100031495],[-80.14532799982132,32.92241800021214],[-80.14528599998853,32.92239599997708],[-80.14515299991915,32.92232599974116],[-80.14506199968254,32.92228500035283],[-80.14497100034427,32.92224599994229],[-80.1448769997346,32.922205999638706],[-80.14478100037346,32.92217200008279],[-80.14461499979379,32.922116000209144],[-80.144496999793,32.92208000011006],[-80.14446099980802,32.92207099970599],[-80.144396000409,32.922055000158345],[-80.14433699995945,32.9220290003217],[-80.14427599986008,32.92200199984517],[-80.14421700030886,32.921974000236055],[-80.14418999964636,32.921957999916806],[-80.14416200005726,32.92193999983693],[-80.14410699980567,32.92190700005807],[-80.14405199955411,32.921870999873974],[-80.14397299991137,32.92181200016897],[-80.14390699978915,32.921754000305576],[-80.14381999975049,32.921666000180274],[-80.14374199993269,32.92157199991549],[-80.14370699977259,32.92152500012267],[-80.14367099978757,32.92147499989852],[-80.1436430001985,32.921422999876775],[-80.14361700025923,32.92136999993915],[-80.14359200014488,32.921317999855646],[-80.14356899968033,32.92126300008217],[-80.14355000031208,32.92120800027445],[-80.14353400041855,32.92115199979076],[-80.14352199982467,32.921096999914106],[-80.14351299960383,32.921040000225204],[-80.1435029995581,32.92097599976344],[-80.14350099990826,32.9209269998735],[-80.14349900025844,32.92089700014294],[-80.14349800043354,32.92086900018414],[-80.14350000008336,32.92084000032523],[-80.14350599993115,32.92075399982962],[-80.14351299960383,32.92069899970556],[-80.14352299964958,32.920640999866805],[-80.14353000022058,32.92061500036874],[-80.14353699989327,32.92058900010902],[-80.14355399961173,32.9205400000048],[-80.14357399970321,32.92048999997821],[-80.14359700016773,32.92044400026054],[-80.14362300010701,32.92039400017969],[-80.14364999987119,32.9203479996581],[-80.14368300038146,32.920303999661364],[-80.14375100015353,32.92021600035635],[-80.14379200016141,32.92017799968685],[-80.14383099962116,32.92013700005741],[-80.14384700041299,32.92012399985828],[-80.14387400017718,32.92010199980693],[-80.14392000020794,32.920067000296754],[-80.14394399959906,32.920047999931995],[-80.14396600023869,32.92003100011816],[-80.1440590001251,32.919976000298895],[-80.14413000027021,32.91994600024595],[-80.14430299962426,32.919871000069065],[-80.14431799969287,32.919864999901364],[-80.14440100043186,32.91984199988311],[-80.14443999989162,32.919833000005454],[-80.1444599999831,32.91982899964065],[-80.14452199990737,32.919817999956045],[-80.14458399983165,32.919807000270055],[-80.1446430002812,32.919802000001],[-80.14470500020546,32.91980000019497],[-80.14476700012976,32.91980000019497],[-80.14482900005403,32.91980100009802],[-80.14491199989472,32.91980900007594],[-80.1449520000777,32.9198129996876],[-80.14502700042075,32.9198129996876],[-80.1453129997527,32.91979300011933],[-80.14543599977635,32.91978400023673],[-80.14627900039854,32.91941299992233],[-80.14633700012486,32.919371999938484],[-80.14640800026997,32.91931399998409],[-80.14646000014851,32.91926799965515],[-80.1464950003086,32.919234999633986],[-80.14651600022499,32.91921499993509],[-80.14656700027864,32.919162000183235],[-80.1466080002865,32.91911800035093],[-80.14665400031726,32.919065999698304],[-80.14667299968552,32.919040999649155],[-80.14669399960192,32.91901100003335],[-80.14673399978489,32.918957000246806],[-80.14675399987638,32.91889600028073],[-80.14677099959482,32.918832999690565],[-80.1467840000136,32.91876999980971],[-80.14679499988425,32.91870699988396],[-80.14680199955696,32.91864399991334],[-80.14680900012796,32.91857999998112],[-80.14680999995286,32.91851699992016],[-80.14680999995286,32.91845299989604],[-80.14680400010509,32.91838799990668],[-80.1467980002573,32.91832499970906],[-80.14678900003648,32.918261000300184],[-80.1467770003409,32.91820099977552],[-80.14676100044738,32.91813800019883],[-80.14674200018081,32.91807699966824],[-80.1467200004395,32.91801400000328],[-80.14669500032515,32.91795300014135],[-80.14666900038587,32.9178950000111],[-80.1466369997005,32.91783699984279],[-80.14660499991346,32.917778999636525],[-80.14656999975335,32.91772100014635],[-80.14653100029362,32.917669000181064],[-80.14649299976047,32.917612999720205],[-80.14644699972972,32.917560999691446],[-80.1464020004222,32.91751100024411],[-80.14635399984329,32.91746100001438],[-80.14630600016271,32.91741400030058],[-80.14625400028419,32.91736699980766],[-80.14624500006335,32.91735300002506],[-80.14621900012409,32.91730900004751],[-80.14618300013908,32.9172540000448],[-80.1460090000618,32.91704700034515],[-80.1458540002511,32.91690499977944],[-80.1457410002732,32.91682199979468],[-80.1456790003489,32.916782999993],[-80.14561800024954,32.91674699998679],[-80.14541900005791,32.916649000021415],[-80.14484900014553,32.91646900032557],[-80.14369900027499,32.91660700032624],[-80.14311299957075,32.91674699998679],[-80.14298799989729,32.91677700037002],[-80.14267800027588,32.916651999837285],[-80.14168900006383,32.916403999633246],[-80.14135799962774,32.916243999814],[-80.14069200035418,32.915417999879],[-80.14036599994094,32.9151069997621],[-80.139596000012,32.91446200011254],[-80.13882600008307,32.91381500034646],[-80.13841199980628,32.91354500031601],[-80.1381669995839,32.91338699980454],[-80.13795499987181,32.91335599980475],[-80.1377220002433,32.9132160000596],[-80.13737300026384,32.912955000288314],[-80.13700199964477,32.91267800001295],[-80.13675399994764,32.91260699964761],[-80.13635899993743,32.91218799995403],[-80.13605599998873,32.91196299987252],[-80.13538499979398,32.911177999986755],[-80.13529100008265,32.910874000083574],[-80.1352099998918,32.91061000017412],[-80.13472799984297,32.910612000187854],[-80.13299200016651,32.910611000181],[-80.13283599963258,32.91036899970083],[-80.13255799979824,32.91026000009744],[-80.1324359995995,32.91022999976791],[-80.13231400029908,32.91015000034779],[-80.13220999964369,32.91005499990552],[-80.13207999994735,32.90995300001579],[-80.13199299990872,32.90979299984848],[-80.13170599985354,32.90969099965689],[-80.13167200041666,32.909602000340094],[-80.13167200041666,32.90948000029237],[-80.13147999989772,32.90935600003446],[-80.13161899981489,32.909166000360685],[-80.13174100001363,32.90889599972584],[-80.13179299989218,32.90858900019351],[-80.13175799973206,32.90828399966296],[-80.13169800035593,32.90796299975753],[-80.13178399967134,32.907859999682245],[-80.13183700027311,32.90778099966775],[-80.13181200015873,32.9077499999674],[-80.13175000023448,32.90767099985476],[-80.13167200041666,32.907576999810296],[-80.13163700025656,32.90744500031749],[-80.13158500037802,32.90744500031749],[-80.13153299960116,32.907393000349046],[-80.13142800001918,32.90738700008963],[-80.1312809997061,32.90741499978828],[-80.13119399966746,32.907336000130925],[-80.13107200036704,32.907336000130925],[-80.13088099967301,32.907409000284595],[-80.13075099997667,32.90735800033851],[-80.13034199972275,32.90760600024382],[-80.12993400019208,32.907590000343866],[-80.12980399959741,32.90755499965712],[-80.12960399958088,32.90762000005965],[-80.12944799994527,32.90772200037469],[-80.12934900021106,32.907911000093314],[-80.12929300013457,32.907993000101115],[-80.12916000006517,32.908298000125725],[-80.12902699999579,32.908338999959945],[-80.12892999991139,32.90847099962823],[-80.12889300010148,32.90866400012595],[-80.12885700011647,32.908836999667415],[-80.12876000003209,32.9089799996261],[-80.12860199984833,32.90908199988271],[-80.1285779995589,32.909315999938585],[-80.12851700035785,32.909488999714384],[-80.12851099961175,32.909612999785956],[-80.12845299988543,32.909702999862944],[-80.12840900040281,32.90973399963365],[-80.12835599980106,32.90977100024595],[-80.1283309996867,32.909795999896694],[-80.12825600024193,32.909786999751695],[-80.1282329997774,32.90982100029453],[-80.12815599978451,32.909873000345364],[-80.12816099980739,32.909911000160115],[-80.12809800005819,32.90991200017489],[-80.12802000024038,32.910081000243096],[-80.12801600004244,32.91010899984395],[-80.12800400034685,32.91018900005528],[-80.12801000019465,32.91023999987886],[-80.12797000001169,32.91029199968359],[-80.1279440000724,32.91033300010268],[-80.12793900004952,32.91034500022171],[-80.12792700035396,32.91036499966239],[-80.12791999978296,32.91037599976763],[-80.12790600043756,32.91042300020189],[-80.12790499971435,32.9104729998823],[-80.1278799996,32.91053999966617],[-80.1278660002546,32.91061800022866],[-80.1278529998358,32.91064499965321],[-80.12779299956135,32.910757000306546],[-80.12780699980505,32.910847999978905],[-80.12783600011738,32.91086000002818],[-80.1278799996,32.91087900010285],[-80.12787299992729,32.91090300019131],[-80.12780099995726,32.910907000205434],[-80.12773400001011,32.910931000286354],[-80.12768899980428,32.91097099965262],[-80.12764000029878,32.91104499982766],[-80.12763199990287,32.91112899995137],[-80.1276560001923,32.91116799998176],[-80.12770200022305,32.91123999999269],[-80.12759000007007,32.91122499999525],[-80.12750200020653,32.91121299999545],[-80.12679099982883,32.911117999939705],[-80.12676400006464,32.911113999935125],[-80.12678300033122,32.911087999900936],[-80.12679099982883,32.91107199987614],[-80.12680900027048,32.91103899981573],[-80.12683000018687,32.91101699976866],[-80.12684400043058,32.91100399973831],[-80.12688700008829,32.91099199970856],[-80.12690499963163,32.91099199970856],[-80.12699099984536,32.91099199970856],[-80.12708799992974,32.91099099970599],[-80.1271490000291,32.910977999671815],[-80.1272050001056,32.91094200032126],[-80.12725000031145,32.91089700016981],[-80.12725899963397,32.91083099990636],[-80.12725600015924,32.9107999997656],[-80.12725699998413,32.9107839996887],[-80.12726899967971,32.91073600019486],[-80.12726600020497,32.91068099987869],[-80.12725500033432,32.91063800036184],[-80.12725199996127,32.91061700022187],[-80.12725100013635,32.9106070001535],[-80.12725899963397,32.910587000013315],[-80.12730200018999,32.91053999966617],[-80.12732800012925,32.91052200028078],[-80.12736199956612,32.910511000193694],[-80.12741900036583,32.91051200020162],[-80.12750300003144,32.91053000034321],[-80.12756999997859,32.91055099974965],[-80.12762400040528,32.91056799987603],[-80.12765899966705,32.91057299991253],[-80.12770600042103,32.91056999989065],[-80.12773599965995,32.910559999816975],[-80.12776599979716,32.91053999966617],[-80.1277880004368,32.91051600023341],[-80.1277959999344,32.91049000002361],[-80.12781199982793,32.910426000228746],[-80.12782900044468,32.91036999971041],[-80.12783500029246,32.910294999714885],[-80.12783000026958,32.91025200001055],[-80.12779900030745,32.91019900017087],[-80.127775000018,32.91015799968972],[-80.12774300023095,32.910119999980985],[-80.12767799993362,32.910071000114186],[-80.12765199999434,32.910067000062284],[-80.12746899969623,32.91005699993173],[-80.12738300038083,32.91006600004928],[-80.1272820000985,32.91005799994485],[-80.12720599993052,32.9100250002607],[-80.12715999989977,32.90994899995856],[-80.12712800011272,32.90984099985359],[-80.12712499973966,32.909790999816245],[-80.12712200026493,32.90974099975072],[-80.12713499978541,32.909623999984625],[-80.12719000003698,32.90951600023735],[-80.12722600002199,32.90947500019408],[-80.12727399970258,32.90944400033268],[-80.1273459996726,32.90941099966548],[-80.12747700009217,32.90938999998864],[-80.12756999997859,32.90940300025606],[-80.12772800016234,32.90944400033268],[-80.12783600011738,32.90948300035118],[-80.12796599981372,32.90951100014115],[-80.12803000028612,32.90951600023735],[-80.12811099957865,32.9095019999672],[-80.1281569996094,32.90947800025307],[-80.12817400022615,32.909437000192185],[-80.12816699965516,32.90942199988925],[-80.1281569996094,32.90938099980243],[-80.12812499982238,32.90933799965417],[-80.12810800010394,32.90931499991708],[-80.12806600027113,32.909277999868436],[-80.12799199975298,32.909212999928904],[-80.12791899995804,32.90914499987154],[-80.12790600043756,32.909113999894586],[-80.12788600034608,32.909067000273744],[-80.12787700012525,32.9090119996749],[-80.12786000040681,32.90889899980444],[-80.12786000040681,32.90888200011177],[-80.12785799985868,32.90879800011852],[-80.12788700017099,32.908643000271915],[-80.12793599967648,32.90856999962736],[-80.12802400043834,32.908477999845104],[-80.12820799966305,32.90831699999605],[-80.12827899980815,32.90826000037285],[-80.12838199974031,32.90815099968124],[-80.12843799981682,32.90806200032475],[-80.12845899973321,32.90801700021774],[-80.12847700017488,32.907979000344255],[-80.12850499976398,32.90788699994789],[-80.12849499971821,32.90781300014992],[-80.12849499971821,32.90779999964903],[-80.12845299988543,32.907729999936],[-80.1283459997553,32.90760500020306],[-80.12824100017333,32.90752700000274],[-80.12822600010472,32.90750699992097],[-80.12820799966305,32.90748299966604],[-80.12819500014257,32.90737600036722],[-80.12818799957157,32.90734199963962],[-80.12816300035553,32.9072129999322],[-80.12815900015757,32.9071880003063],[-80.12812800019542,32.90716900019363],[-80.12809499968513,32.90714799998508],[-80.12795599976796,32.90716299991909],[-80.12780699980505,32.9071880003063],[-80.127775000018,32.907183000078575],[-80.12770200022305,32.90717200033082],[-80.12760199976564,32.90710600030709],[-80.12748799996282,32.906953999905475],[-80.12742000019077,32.90680999964148],[-80.12739599990131,32.90673000014784],[-80.12736499993918,32.90663199965147],[-80.12730499966473,32.90653399980083],[-80.12722199982403,32.90642299989286],[-80.12713099958744,32.90633100014223],[-80.12714800020419,32.906225000261834],[-80.12721500015135,32.90614700035422],[-80.12734999987056,32.90606700026155],[-80.12776599979716,32.9059419996892],[-80.12785000036106,32.90591999988393],[-80.12795499994306,32.90591999988393],[-80.12809800005819,32.905952000284486],[-80.12822799975454,32.90600799982636],[-80.12833300023485,32.9060250000708],[-80.1284500004107,32.9060030002862],[-80.12851499980971,32.90595899994636],[-80.12858699977974,32.905858999984],[-80.1286260001378,32.905766000339995],[-80.12864600022927,32.90573299981027],[-80.12864700005419,32.905598999704125],[-80.1286060000463,32.90542800000027],[-80.12844799986256,32.9051950002956],[-80.12832099964095,32.90508699967104],[-80.12820900038628,32.905033999756306],[-80.12807100029401,32.90501700007577],[-80.12793700039971,32.90502499988147],[-80.12783600011738,32.905044999769665],[-80.12764699997149,32.90498700023227],[-80.12753999984136,32.90491699980379],[-80.12747600026725,32.904821999780154],[-80.12734700039583,32.90471799974861],[-80.12716999994551,32.90466200014511],[-80.12711499969392,32.90464799986163],[-80.126965999731,32.90461799989311],[-80.12679199965373,32.90455599977516],[-80.12666100013249,32.904467999898195],[-80.12660000003312,32.90439500033664],[-80.12658300031467,32.90428199985323],[-80.12665100008672,32.90418699990257],[-80.12672499970658,32.90414699973409],[-80.12685100010327,32.904136999689115],[-80.12686399962377,32.90412999988327],[-80.12725299978617,32.90414799981396],[-80.1276059999636,32.90434200000772],[-80.12811499977664,32.90441400029032],[-80.12851099961175,32.90439699973655],[-80.12858299958177,32.90435400018458],[-80.12857599990907,32.90422299973708],[-80.12854400012202,32.90414699973409],[-80.12844500038783,32.90406199969317],[-80.12815400013469,32.90395000037532],[-80.12764500032168,32.90385199981891],[-80.12731300006065,32.90373800006654],[-80.127077999884,32.90358200032637],[-80.12697599977675,32.90343599968235],[-80.12694099961665,32.90334499993408],[-80.12683600003467,32.90307100003614],[-80.12678300033122,32.90290100006963],[-80.12673200027758,32.902735000160135],[-80.1266910002697,32.90223200031995],[-80.126492999903,32.9017800000567],[-80.1264510000702,32.9016880000075],[-80.12640699968927,32.901606000194725],[-80.12624500020587,32.90161400030857],[-80.12614599957335,32.90161400030857],[-80.12595700032578,32.90163599967515],[-80.12578700044646,32.90167400000809],[-80.12564400033133,32.901728999885485],[-80.12554600042205,32.9017610002921],[-80.12544199976666,32.901773000064466],[-80.12525900036687,32.901811000338625],[-80.12489000029593,32.90191299980304],[-80.12481400012796,32.901932999639854],[-80.12465099992133,32.9019390002688],[-80.12461499993631,32.90194899980774],[-80.12448400041507,32.90216799983549],[-80.12439400000338,32.90229299970159],[-80.12413399971237,32.902658999634276],[-80.12288599993256,32.90440400027552],[-80.12276499955873,32.90433199998483],[-80.12269000011396,32.90427600013722],[-80.12266900019758,32.90422399981609],[-80.12258200015894,32.904117999676046],[-80.12247699967865,32.90403399968838],[-80.12246300033324,32.90402300030365],[-80.12229299955563,32.903907999934646],[-80.12216100020946,32.903842999823986],[-80.12201200024654,32.903819000084304],[-80.12200499967554,32.903800000003],[-80.12183999981909,32.90376700024903],[-80.12179299996343,32.90378200000158],[-80.12171900034357,32.90374599998779],[-80.12159600031994,32.90375099965538],[-80.12147199957307,32.90371799988315],[-80.12140999964878,32.90373499981307],[-80.12133500020403,32.90370699970495],[-80.12134199987672,32.90365699997469],[-80.12125800021114,32.90366599998851],[-80.1212349997466,32.90363100001328],[-80.12124800016541,32.90351299962836],[-80.12119799993667,32.90355199999671],[-80.12115299973084,32.90355199999671],[-80.12108999998165,32.903347000111864],[-80.1210649998673,32.903206999623485],[-80.12106800024034,32.9033949998405],[-80.12107099971507,32.9036000003684],[-80.12105999984442,32.903590000261715],[-80.1210230000345,32.903392999663744],[-80.12101999966144,32.903378999933864],[-80.12100200011811,32.90338000002235],[-80.12102899988228,32.903575999808695],[-80.12101800001162,32.90365699997469],[-80.12102600040754,32.90370999995937],[-80.12106800024034,32.90399699969548],[-80.12109800037756,32.9039930001234],[-80.12110199967721,32.90403599985066],[-80.1210649998673,32.904085000040574],[-80.12106800024034,32.90411400010942],[-80.12103999975294,32.90413200004331],[-80.12100399976792,32.90410500014109],[-80.1209679997829,32.90415500037261],[-80.12084200028453,32.90422299973708],[-80.12083200023879,32.904267000185406],[-80.12082999969064,32.90430400006548],[-80.12080600029951,32.90432999982924],[-80.12083800008656,32.90434300008539],[-80.12083800008656,32.90438300016534],[-80.12081499962204,32.9043979998136],[-80.12076799976637,32.904398999890624],[-80.12075400042099,32.90442200015051],[-80.12070099981922,32.90442400030397],[-80.12068499992569,32.90439500033664],[-80.120706999667,32.904384000242544],[-80.12074600002506,32.90437599962471],[-80.12076500029164,32.9043530001071],[-80.12076100009368,32.90434200000772],[-80.12067200040522,32.90437999993372],[-80.12063800007003,32.90438300016534],[-80.12059700006215,32.90438200008818],[-80.12052699974194,32.90439400025962],[-80.12057699997065,32.90433099990703],[-80.12057100012288,32.904263999949784],[-80.12053500013786,32.90418499974376],[-80.12058799984132,32.90414799981396],[-80.12060499955975,32.90411300002918],[-80.12065399996355,32.904089000362724],[-80.12079500042886,32.903976000243006],[-80.1208409995613,32.90392000017033],[-80.12085399998008,32.90386500014523],[-80.12077199996433,32.90377400008358],[-80.12066800020726,32.90369600027955],[-80.12067300023014,32.90367700017187],[-80.12061899980345,32.903649000045405],[-80.12057000029797,32.90359399985199],[-80.1204249996347,32.90341500009685],[-80.12034500016708,32.90335399997967],[-80.1203269997254,32.903343999845134],[-80.12030099978614,32.90332200014862],[-80.12022999964103,32.903310999921224],[-80.12020399970176,32.90330700031817],[-80.12019000035637,32.903296000088915],[-80.12017500028776,32.90328399976861],[-80.11976299966078,32.903751999739725],[-80.11890999989117,32.9047250002622],[-80.11824399971931,32.90547299991463],[-80.11728100034485,32.90486499985902],[-80.11620500009415,32.90418599982314],[-80.11615499986546,32.90415400029281],[-80.11588600025193,32.903989999878554],[-80.1175800000956,32.902003000164505],[-80.11790300013578,32.901619000096524],[-80.1179180002044,32.901595999862806],[-80.11784299986131,32.90145400015687],[-80.11778299958688,32.90132199983297],[-80.11781899957188,32.90127999965438],[-80.11780100002852,32.90124799982816],[-80.11774699960186,32.90125599997441],[-80.11769899992127,32.901172999648104],[-80.11762100010347,32.90100500004002],[-80.11753499988976,32.900819000263795],[-80.11747399979038,32.9006759999472],[-80.11732400000257,32.90033299992921],[-80.11723399959087,32.900170000105966],[-80.11720099997889,32.89997599982346],[-80.1171080000925,32.89994900016262],[-80.11686100022027,32.899750000257086],[-80.1165530002487,32.8997540000208],[-80.11641000013357,32.89975699965494],[-80.11629700015565,32.89973300031644],[-80.11624500027713,32.89966200012975],[-80.1162079995689,32.89968899987813],[-80.11619900024638,32.89982799976542],[-80.11605299975821,32.89986100023301],[-80.11594599962808,32.89996100018052],[-80.11598499998614,32.90001400011447],[-80.1160539995831,32.900075999641174],[-80.11605699995617,32.9002539999876],[-80.11601599994827,32.90026700008786],[-80.1159690000926,32.900281999678974],[-80.11592700025982,32.90031200036214],[-80.11577300027403,32.900227999781336],[-80.11571800002244,32.90026599996416],[-80.11568899971013,32.900281999678974],[-80.11524000017155,32.90052899967116],[-80.11514999975986,32.900576000052745],[-80.11505000020077,32.90057299969215],[-80.11476200032067,32.90058699986567],[-80.1145609995809,32.900553000302466],[-80.11443500008252,32.90057899965906],[-80.1143279999524,32.90059999991706],[-80.11415700024817,32.90065400034214],[-80.1139620002545,32.90074399972045],[-80.11381699959122,32.90087500003477],[-80.11377999978131,32.90097300011443],[-80.11369899959047,32.90105100005417],[-80.1136230003208,32.90110799979264],[-80.11378900000214,32.90133499977648],[-80.11383199965985,32.90139499966502],[-80.11388699991143,32.901450999826004],[-80.11410600019455,32.901579000276506],[-80.11427900044691,32.901679999900345],[-80.11451600027337,32.90181800032784],[-80.1147299996353,32.90194299993371],[-80.11494399989554,32.902069000220685],[-80.1154200000966,32.90235399979539],[-80.11552800005164,32.90241900024481],[-80.11518999994284,32.902824000345646],[-80.11508199998781,32.90293699967276],[-80.11505199985058,32.90297400010856],[-80.11501500004066,32.90302500031694],[-80.11496399998704,32.903105000141075],[-80.11492999965185,32.90316799985744],[-80.1148850003443,32.90327000002151],[-80.11485699985693,32.90335800033484],[-80.11483900031355,32.903433000172875],[-80.1148280004429,32.90349899991746],[-80.11482300042005,32.903544000057934],[-80.11482000004699,32.90358200032637],[-80.11481900022208,32.90361700032096],[-80.11481900022208,32.9036629997326],[-80.11482099987191,32.90369400010965],[-80.11482300042005,32.90372900005999],[-80.11482699971968,32.90376500008069],[-80.11483199974256,32.903795000338185],[-80.1148350001156,32.90381200025332],[-80.11486500025283,32.903988999796915],[-80.11488899964395,32.90409700025227],[-80.11492800000202,32.90418799998199],[-80.11508199998781,32.904755000194406],[-80.11515399995783,32.905119999687315],[-80.11526399956269,32.90565999978322],[-80.11528200000434,32.90582899967156],[-80.11534700030167,32.90582500018222],[-80.11541199970068,32.9058209999385],[-80.11552700022672,32.90581400026577],[-80.11593599958233,32.90578800018347],[-80.11607700004764,32.90577899963112],[-80.1162000000713,32.90577199995501],[-80.11656499994429,32.90574499979862],[-80.1167850000523,32.90590399967937],[-80.11702000022895,32.906072999856164],[-80.11727600032198,32.906257999853985],[-80.11754599976041,32.906454000057806],[-80.117777999564,32.906623999990956],[-80.11818799964283,32.90692299991557],[-80.1182499995671,32.906968999872355],[-80.1186360002548,32.907187000260755],[-80.11884299994404,32.90730500027478],[-80.11914900026578,32.90747700016689],[-80.1192420001522,32.907530000127736],[-80.11951999998654,32.90768699974007],[-80.11976199983589,32.90782399981803],[-80.12012300040922,32.90799200006467],[-80.1201369997546,32.9079730001246],[-80.12021700012055,32.90785700032257],[-80.12033099992337,32.90769299997911],[-80.12044899992414,32.907521999794156],[-80.1205519998563,32.907375000323796],[-80.1206649998342,32.90721099984173],[-80.12071599988784,32.90713700023297],[-80.12080399975139,32.907187000260755],[-80.12083499971352,32.90720100014279],[-80.12084800013231,32.90720799970594],[-80.1211219997687,32.90685100016474],[-80.12141200019691,32.90699999984614],[-80.12160800001551,32.90721600006789],[-80.12177299987194,32.907398999853825],[-80.12180100035935,32.90742899963432],[-80.12195000032227,32.90759299971259],[-80.12201200024654,32.90767700009489],[-80.12206800032305,32.90772399969942],[-80.12224800024809,32.907882999797316],[-80.12240899990658,32.90806100028908],[-80.12254899964866,32.90821599964622],[-80.12230299960137,32.90857099965728],[-80.12224700042319,32.90865199977902],[-80.12212699987428,32.908824000071064],[-80.12198999960692,32.90902199992343],[-80.12197600026154,32.90901299969982],[-80.12167400013773,32.90882800017912],[-80.12156299980965,32.90898899985312],[-80.12136899964091,32.90926999969281],[-80.12127300027976,32.909408999624624],[-80.12121700020325,32.909489999733864],[-80.12120100030972,32.90951500021818],[-80.12182899994845,32.90989999999711],[-80.1218470003901,32.90991200017489],[-80.12199399980489,32.91000299996165],[-80.12304099974325,32.91064499965321],[-80.12382400009099,32.911127999950416],[-80.12438599960745,32.911472999626604],[-80.12520699959002,32.911978999736284],[-80.125318999743,32.91204699987934],[-80.12506600002303,32.912184999986884],[-80.12490600018944,32.91238299986375],[-80.12481099975489,32.91250099973974],[-80.12430899961457,32.91255099975477],[-80.1242330003449,32.912528000098305],[-80.1240359998031,32.912469000197966],[-80.12400999986382,32.91247100016964],[-80.1239589998102,32.91246800021209],[-80.12393399969584,32.912544999844975],[-80.12393200004601,32.912557999649096],[-80.12392100017537,32.9126399998776],[-80.12389100003813,32.912692999764204],[-80.12379899997663,32.91282099980052],[-80.12363800031814,32.91299100032851],[-80.12360599963279,32.91300999994582],[-80.1235939999372,32.91301299988501],[-80.12365900023454,32.913118999933936],[-80.12312299975902,32.91342099971887],[-80.12275899971095,32.91367299987449],[-80.12248900027252,32.91360200030725],[-80.12222200030882,32.913530999928874],[-80.12219200017161,32.913523000137644],[-80.12201700026942,32.91347299991743],[-80.12188300037512,32.91343700007326],[-80.12181999972762,32.91326599967078],[-80.12166699956674,32.913307000220776],[-80.12127400010465,32.91341099996719],[-80.12097700000375,32.913335000309544],[-80.12060299990993,32.91352000021568],[-80.12039399967256,32.91381400037577],[-80.12037699995413,32.91379500017696],[-80.12035000018994,32.913761999623404],[-80.12024999973251,32.913639000056996],[-80.11966200027676,32.91406800010238],[-80.11942000042744,32.914244000293],[-80.11939299976494,32.91426299964138],[-80.11914599989272,32.91442699988022],[-80.11869599963094,32.91472599984627],[-80.1185230002769,32.91484099973832],[-80.11790599961051,32.91525000015037],[-80.1170660002597,32.91580800012048],[-80.11704000032043,32.91582499999136],[-80.11699199974154,32.91586100037257],[-80.11697599984801,32.915915999732725],[-80.11683500028101,32.917188999928925],[-80.11677400018164,32.91715200015493],[-80.11649100032443,32.91698100014241],[-80.1160040002527,32.91756300030224],[-80.1158629997874,32.917732000091604],[-80.11584900044201,32.917746999740515],[-80.11570399977873,32.91792100030819],[-80.11581299955868,32.917986999809976],[-80.11536900004299,32.91851500008504],[-80.11526199991287,32.918651000079876],[-80.11568899971013,32.91890099984683],[-80.11550799996016,32.919039999737514],[-80.11535700034742,32.9192440003265],[-80.11525699989,32.91935599990282],[-80.11522699975276,32.91940100027845],[-80.11518099972201,32.91944599987712],[-80.11509700005641,32.91956200032894],[-80.11505900042158,32.91962299983603],[-80.11499800032222,32.91976700037219],[-80.1149820004287,32.919838000272755],[-80.11493800004776,32.91981099988182],[-80.11419900008097,32.91935599990282],[-80.11413700015669,32.919316999709615],[-80.11476300014557,32.91858099989795],[-80.11490100023785,32.918420000325085],[-80.11500199962185,32.91830699964432],[-80.11483699976542,32.91820400029287],[-80.1154190002717,32.91753799982853],[-80.11492499962897,32.917230000170015],[-80.11435100041695,32.91796300013396],[-80.11417200031678,32.91786500000678],[-80.11361599974978,32.91753999968568],[-80.11418300018744,32.916877000065845],[-80.114447999603,32.91656900036939],[-80.11474100040427,32.91611099972518],[-80.1122509997941,32.9149129997783],[-80.1130259997459,32.91376800020485],[-80.1130829996473,32.913801000002024],[-80.1136800002222,32.91410900028091],[-80.11448600013614,32.91452500004339],[-80.11525000021729,32.915033999923025],[-80.1153420002788,32.91509500028854],[-80.11536499984501,32.91506200021965],[-80.11547000032532,32.91490999990349],[-80.11580400023617,32.91442799984392],[-80.11589399974955,32.91429699997338],[-80.11596300024483,32.91419599965874],[-80.1160810002456,32.914011999625565],[-80.11597999996326,32.913968000249525],[-80.1159749999404,32.91395899977454],[-80.1157509996344,32.9137829997714],[-80.11548899969357,32.91365700031692],[-80.11527600015657,32.913555000052554],[-80.11509700005641,32.913469000019255],[-80.1148280004429,32.91333900021377],[-80.11473800003122,32.91329599972559],[-80.11444599995318,32.91314800006038],[-80.11432999960223,32.91308899981917],[-80.1142509999595,32.913048999901676],[-80.11406299963852,32.912955000288314],[-80.1139279999193,32.91288700008865],[-80.11378300015437,32.912813999927046],[-80.11356499969615,32.91270500031747],[-80.11340099966463,32.91263799990975],[-80.11333600026562,32.91261200032316],[-80.11343599982473,32.91231499997879],[-80.11346900033499,32.9122159996426],[-80.11349399955105,32.91214299968182],[-80.11353600028214,32.912018000146354],[-80.1136030002293,32.91182000020721],[-80.11366900035155,32.91162199982521],[-80.1137360002987,32.91142299975687],[-80.11380300024585,32.91122499999525],[-80.11387400039095,32.911012999759514],[-80.11393200011729,32.91084099994942],[-80.11359700038152,32.910640000374876],[-80.11341400008341,32.91052700031988],[-80.11322800031058,32.91009899971814],[-80.11311299978455,32.90997600034131],[-80.11281099966075,32.90964200030676],[-80.11264199960634,32.90945299975836],[-80.11259599957559,32.90933600036583],[-80.11256299996363,32.9092550001157],[-80.11255600029092,32.90923499967014],[-80.11254600024519,32.909215999996825],[-80.11237399981775,32.909455999818086],[-80.11227699973335,32.9096049996406],[-80.11215000041007,32.909793999864576],[-80.11196899976179,32.910024000247205],[-80.11194000034779,32.910059999971054],[-80.11191000021056,32.910104999793774],[-80.11180800010331,32.91027700027963],[-80.1115899996451,32.910768000363056],[-80.11155299983517,32.910851999995515],[-80.11150799962934,32.91092100025345],[-80.11144900007811,32.91101199975724],[-80.11135600019168,32.91113999996167],[-80.11117899974138,32.91132099993496],[-80.11106099974059,32.91142299975687],[-80.110652000385,32.911619999834336],[-80.11014400039689,32.91180600030141],[-80.11010400021391,32.91182300018673],[-80.10958000033226,32.91205999975653],[-80.10949999996632,32.91196699983875],[-80.10945099956251,32.91191000030302],[-80.10930599979756,32.911742999943705],[-80.1091669998804,32.911573000035574],[-80.10911500000185,32.91151000026621],[-80.10893699972661,32.911617999843386],[-80.10873900025823,32.91173899996736],[-80.10854000006658,32.91185899993318],[-80.10835400029376,32.91197199979623],[-80.10809599965258,32.91212999981675],[-80.10794699968966,32.91222000035154],[-80.10760299973306,32.91242900000026],[-80.10755300040267,32.91248699994165],[-80.1074499995722,32.9126180002284],[-80.10676900023005,32.91341799979351],[-80.10625100019617,32.91310400025487],[-80.1060550003776,32.912983999714335],[-80.10613200037048,32.91289499993742],[-80.1069159996448,32.912012000200384],[-80.10689100042876,32.91199600034259],[-80.10667499962038,32.91186099991864],[-80.10654499992404,32.911778999722635],[-80.10574300020807,32.91266100029177],[-80.10567799991074,32.912731999859666],[-80.10566299984212,32.91275100028671],[-80.10530700018997,32.91255399970956],[-80.10524199989263,32.91251400030442],[-80.10502799963238,32.9123809998901],[-80.10489600028622,32.912549999769865],[-80.10481099989742,32.91265900032438],[-80.10458599976651,32.91297499989352],[-80.10426399955124,32.913428000298495],[-80.10359200042991,32.914375000242025],[-80.10324000007742,32.91415700020822],[-80.10281199955692,32.91389200031595],[-80.1022399999947,32.91353299987661],[-80.10254399976832,32.91311100010547],[-80.10261400008852,32.91301399986474],[-80.10264500005066,32.91297299993317],[-80.10276499970125,32.91280900001707],[-80.1028030002344,32.91275700018255],[-80.10360199957734,32.91168900024781],[-80.10371600027848,32.91153500018009],[-80.10391499957178,32.91165299967812],[-80.10410100024293,32.91176799979173],[-80.10421300039593,32.911817000227586],[-80.1042400001601,32.91183500010384],[-80.10432800002366,32.91189899963423],[-80.10532899993127,32.910523000288585],[-80.10551399987921,32.91063900036839],[-80.10607399974586,32.91098899970088],[-80.10654499992404,32.91034500022171],[-80.10660000017563,32.91027200022641],[-80.10676800040513,32.91003499964064],[-80.1069490001551,32.90978799976787],[-80.10685100024581,32.90973699968391],[-80.10737799960216,32.90901999987384],[-80.10767899990105,32.908610000060335],[-80.10807899993414,32.90806899981976],[-80.10816500014785,32.907952000106675],[-80.10872300036469,32.907192999779554],[-80.10898100010755,32.90684199972039],[-80.10912400022268,32.90664799972453],[-80.10914400031417,32.906598000146566],[-80.10918600014698,32.90649600004501],[-80.10922600032994,32.90638800025308],[-80.10950300033937,32.90571700032608],[-80.10959399967764,32.90549599989561],[-80.11000399975647,32.90448000005798],[-80.11030900025331,32.90372799997539],[-80.11069099984473,32.90278699984717],[-80.11079200012708,32.90254000011885],[-80.1109700004023,32.90211100002508],[-80.11179700023264,32.90009700001844],[-80.1148910001921,32.89255299989776],[-80.1149759996826,32.89234699998775],[-80.11505600004854,32.89215199970486],[-80.11509100020864,32.89206099967736],[-80.11453200016692,32.89187499997701],[-80.11396300007942,32.89178399966498],[-80.11369799976555,32.891746999834645],[-80.11331899964887,32.89173100008678],[-80.11284800036897,32.89171199967514],[-80.11265800039818,32.89171700002205],[-80.11244199958982,32.89172699996071],[-80.11253399965132,32.8914080000788],[-80.11257300000936,32.8912719997232],[-80.11252500032879,32.89122499968485],[-80.11416300009596,32.888268000091],[-80.11497400003277,32.886906000249056],[-80.11494600044368,32.886892999696656],[-80.11404699974501,32.88648199975929],[-80.11367699984915,32.88630900030219],[-80.113313999626,32.886146999850254],[-80.11899799975473,32.87521399996216],[-80.12040299989339,32.87269599990715],[-80.12420499985748,32.86589000033003],[-80.12578499989833,32.862903000062936],[-80.12592299999059,32.86265100034873],[-80.12594999975477,32.862600000292545],[-80.12632600039672,32.86191799990356],[-80.12637999992508,32.86181400006723],[-80.12702400035565,32.8606339996805],[-80.12713399996049,32.86037599988593],[-80.1271630002728,32.86018799969755],[-80.12724299974043,32.85968899986196],[-80.12746200002356,32.85567299978012],[-80.12754499986423,32.85416699966472],[-80.1275559997349,32.85407599988093],[-80.12283599970385,32.85383199989234],[-80.1157149996494,32.85348099974928],[-80.11116500039597,32.85324999983921],[-80.10960299989848,32.85317000028547],[-80.10871099977082,32.85312500022181],[-80.10810200039867,32.85366199979435],[-80.10783000041211,32.8539019999268],[-80.10693400008648,32.854733999987886],[-80.10661400041933,32.85479800001769],[-80.10603899958573,32.85475000037694],[-80.10584600014023,32.854733999987886],[-80.10554599966625,32.85259000023187],[-80.1030910001145,32.850673999861705],[-80.10151600009651,32.84944599971792],[-80.09775699979012,32.850867000223765],[-80.09309899968336,32.85292400026256],[-80.09226000015745,32.85326900019423],[-80.09417699958387,32.85498800007001],[-80.0915379999091,32.8572460000813],[-80.08892900037155,32.8594779998794],[-80.08899399977057,32.85952299973898],[-80.08886499989912,32.85963100006339],[-80.09052799978063,32.86092000028958],[-80.09057499963632,32.860885000029725],[-80.09086199969147,32.86067399987393],[-80.09091299974511,32.860636000067856],[-80.09097600039262,32.860590000201476],[-80.0910950002183,32.86067300005795],[-80.09138300009839,32.86087499962961],[-80.0916800001993,32.86064800012751],[-80.0917210002072,32.86061999998582],[-80.09314800008717,32.85951899966858],[-80.09326799973775,32.859588999743245],[-80.09347399960207,32.85942499984785],[-80.09554699956243,32.86064499992409],[-80.09535699959163,32.86082199967818],[-80.09514700042766,32.86102100022894],[-80.09406000030631,32.86204200015857],[-80.09401900029845,32.86209699973546],[-80.09385199989386,32.8623209999098],[-80.0921089996464,32.86466399982812],[-80.09097300001956,32.86619199966997],[-80.09056200011582,32.86674400010789],[-80.09027300041083,32.86712900016313],[-80.09020300009063,32.867226000099635],[-80.0900449999069,32.867342000288836],[-80.08942399994088,32.86779699964414],[-80.08942399994088,32.86782100008757],[-80.08785599959559,32.86898199991672],[-80.08832699977377,32.8693820003591],[-80.0889960003187,32.86994199975779],[-80.08917600024375,32.87009400028847],[-80.08989000009619,32.870698999942356],[-80.09007199967107,32.870851999631064],[-80.09058999970492,32.87128900002489],[-80.09061800019232,32.8713119998271],[-80.09079999976721,32.87146599966126],[-80.09095399975298,32.87159500011998],[-80.09141800025849,32.871985999878305],[-80.09157300006919,32.87211800015028],[-80.09134000044068,32.87230599994692],[-80.09087400028537,32.872681999853135],[-80.0909119999202,32.8728639996283],[-80.09112100015757,32.873739999645196],[-80.09115399976952,32.873911000160625],[-80.09165599990986,32.87693300003029],[-80.09171000033653,32.87734399974071],[-80.0921229998901,32.88046199970702],[-80.0921730001188,32.88084400027201],[-80.09222499999736,32.8812360003133],[-80.09240099972445,32.882660000192416],[-80.09242099981593,32.88274200019228],[-80.09247000021973,32.88295100000527],[-80.09223500004309,32.88296899971344],[-80.09182400013937,32.8830549999451],[-80.09113399967805,32.88321399982031],[-80.09035999955114,32.88347299986498],[-80.08955600018534,32.88378299987861],[-80.08884200033289,32.8841259998565],[-80.08784399990002,32.88454900000252],[-80.0866179998615,32.885009000034565],[-80.08520199985219,32.885545000129724],[-80.08383299969853,32.88600700008721],[-80.08201599983123,32.88653800029611],[-80.08139099966725,32.886777000195586],[-80.0810120004489,32.88689700004091],[-80.0807880001429,32.886908000043746],[-80.08002400006175,32.88695099976741],[-80.07843399997516,32.886878000101404],[-80.0774239998467,32.88667100029765],[-80.076860999607,32.88644499997793],[-80.07628700039497,32.88608599991065],[-80.07578400042973,32.885678999646935],[-80.07543799992501,32.885715999748186],[-80.07526700022078,32.88573499993685],[-80.07501699997552,32.88548699989307],[-80.0753469996884,32.88513200014035],[-80.07546899988715,32.884880000236976],[-80.07547499973492,32.88485500034223],[-80.07553199963633,32.88474300012354],[-80.0755159997428,32.88472600032041],[-80.07549200035167,32.88470300022668],[-80.07535000006146,32.8845589999958],[-80.07493199958671,32.88413900006049],[-80.07480899956306,32.884014999778046],[-80.07428499968141,32.88348800003659],[-80.07423600017593,32.88343899976829],[-80.07426600031316,32.88342300002887],[-80.07429300007733,32.883409999719895],[-80.0743750000931,32.883366999786716],[-80.07440900042829,32.88335200034902],[-80.07458400033049,32.883265000089935],[-80.07462500033836,32.88324299993286],[-80.07470800017904,32.88320300011327],[-80.07520199992345,32.883879999699076],[-80.07526700022078,32.88396200007891],[-80.07540699996285,32.88413900006049],[-80.07570999991157,32.884485000320495],[-80.07585700022466,32.88433700003013],[-80.07569300019313,32.88410000019723],[-80.0755309998114,32.88386799976592],[-80.07547200026019,32.88378200032321],[-80.07510499983907,32.88325499995059],[-80.07509099959536,32.88323200022941],[-80.07499199986115,32.88307000018746],[-80.07503299986905,32.883049000300076],[-80.07515699971762,32.88299000037419],[-80.07519900044873,32.88297199991589],[-80.07525999964976,32.88294200014978],[-80.07536400030516,32.882893000333944],[-80.07539600009221,32.88294799980206],[-80.07581700004168,32.88361900022067],[-80.07589400003458,32.88372800017437],[-80.07616500019623,32.88411000024116],[-80.07653300044227,32.88385700014011],[-80.07706099962355,32.88349499996495],[-80.07754100002258,32.883165999717235],[-80.07775199990976,32.88298099976832],[-80.07775899958246,32.88297300023483],[-80.07781499965897,32.88292600032069],[-80.07854899960289,32.88228600026124],[-80.07869500009106,32.88213400026573],[-80.07872900042625,32.88210400021596],[-80.07895600020697,32.881903000299566],[-80.07918100033787,32.88170000001514],[-80.07940399992063,32.88149599968454],[-80.07951299970057,32.88139400009757],[-80.07961900000579,32.8812910000553],[-80.07972299976286,32.88118599996954],[-80.07982400004519,32.881078999833264],[-80.0799229997794,32.88097099998069],[-80.0800199998638,32.8808610000654],[-80.08011500029835,32.88074999966956],[-80.08018800009327,32.880660000347625],[-80.08021300020764,32.88063800029827],[-80.08061300024072,32.88010999973928],[-80.08070299975408,32.87997099984492],[-80.08085900028802,32.87968000005499],[-80.08091000034165,32.87958599972684],[-80.08096100039525,32.87949099969519],[-80.08098800015942,32.87944099987588],[-80.08102900016732,32.879360000199284],[-80.08105099990863,32.87931499984399],[-80.0810700001752,32.879276999727374],[-80.08111299983291,32.879188999632994],[-80.08115100036606,32.87910399978468],[-80.08116999973433,32.87906100002558],[-80.08122599981081,32.87893199986884],[-80.08127799968935,32.87880300027874],[-80.08132799991806,32.878673000133425],[-80.08137499977373,32.878542000182996],[-80.08140900010892,32.878430000284894],[-80.08147699988098,32.87822599997219],[-80.08152000043701,32.87806500020751],[-80.08163800043778,32.87771600015411],[-80.08170200001187,32.87738900034219],[-80.08171799990541,32.87703599985579],[-80.0817100004078,32.87694100010888],[-80.08170299983679,32.87684600026021],[-80.08167600007262,32.87650599968947],[-80.08164900030842,32.876166000077966],[-80.08145199976661,32.87595599971085],[-80.08097499974065,32.8754459996582],[-80.08092500041023,32.875397999874956],[-80.08085599991496,32.87533200031916],[-80.08078599959477,32.87526800001717],[-80.08064699967758,32.87513700031583],[-80.08060400001987,32.87509600020251],[-80.08048799966893,32.874987000195425],[-80.08047900034641,32.874967000311095],[-80.08043599979038,32.87493799975405],[-80.08035299994971,32.874871999855834],[-80.0801040004277,32.87467500027886],[-80.08002099968868,32.87460999984364],[-80.07925599978263,32.87425800002512],[-80.07886300032055,32.87407699975868],[-80.07848800040183,32.873904999896645],[-80.078331000043,32.87384399983035],[-80.0771409999895,32.87342200032458],[-80.07655199981052,32.87324900027207],[-80.07524299993133,32.87286700017283],[-80.07506200018136,32.872815000276965],[-80.07446200013175,32.8726860000844],[-80.07399699980132,32.87261299998584],[-80.07344199995755,32.87252700018531],[-80.07284500028099,32.87243400025456],[-80.07223699983544,32.87233600029495],[-80.07212600040566,32.872310000195135],[-80.07173899989307,32.87221299978434],[-80.07166600009815,32.872192000342544],[-80.07163500013598,32.87218300014917],[-80.07147199992937,32.87211100007792],[-80.07122099985922,32.872070000074146],[-80.07111600027721,32.87206399968556],[-80.07107400044443,32.872060000180745],[-80.07104099993414,32.872055999921294],[-80.07101499999489,32.87205000028626],[-80.07039499985376,32.87192299986786],[-80.0703670002647,32.871917000223775],[-80.06987000014722,32.87181599986724],[-80.06865900017732,32.87163900017503],[-80.06858800003222,32.871634000204196],[-80.06838499964262,32.87162900023306],[-80.06834299980981,32.87162299981463],[-80.06830299962684,32.87161400031794],[-80.06814100014347,32.871568000109725],[-80.06805499992974,32.871566999662065],[-80.06783800019475,32.87147900021318],[-80.06779999966162,32.87147299978455],[-80.06764900004886,32.87150100027221],[-80.06756500038328,32.87148499988687],[-80.06744499983436,32.87150100027221],[-80.06733299968138,32.87148299974417],[-80.06731099994006,32.87148299974417],[-80.06717600022087,32.87139099992241],[-80.06646999986602,32.87125100024017],[-80.06606800018312,32.87116499987301],[-80.06603499967284,32.87115999987544],[-80.06599799986292,32.87113799973179],[-80.06578799980063,32.87107100032381],[-80.06569699956403,32.87104499985302],[-80.06565800010428,32.87103499984401],[-80.06554099992843,32.87099199994337],[-80.06552400020999,32.87098900008988],[-80.06549900009564,32.87097499976633],[-80.06541999955459,32.870944000012095],[-80.06536400037642,32.870903000223095],[-80.06525100039852,32.870848000071554],[-80.06518799975102,32.87081500011519],[-80.0650959996895,32.87076900024689],[-80.0650530000318,32.87074799970862],[-80.06488700035045,32.87061599966045],[-80.06472699961856,32.870559999626416],[-80.06476500015172,32.8704769999689],[-80.06473300036467,32.87045399995008],[-80.06470599970216,32.87043399979766],[-80.06465600037177,32.87038400015131],[-80.06458900042462,32.87031700017362],[-80.06457099998295,32.8702990001597],[-80.06455500008943,32.87028100014213],[-80.06454300039385,32.87026899987691],[-80.06451499990645,32.87024099975474],[-80.06449399999005,32.870219000137524],[-80.06447399989857,32.87019899993209],[-80.06436199974559,32.87007900011367],[-80.06425200014073,32.86995699995577],[-80.06414400018569,32.86983399991726],[-80.06411400004846,32.86979799968971],[-80.06403899970539,32.86970999999408],[-80.06397400030639,32.869617999841665],[-80.06360100003747,32.86914699996887],[-80.06339000015028,32.86883499987226],[-80.06333099970072,32.86873800018682],[-80.06241099998398,32.86761799999886],[-80.06180599991147,32.867821999822965],[-80.0616669999943,32.86786900020042],[-80.0610750003406,32.8680969998158],[-80.06114200028776,32.86799799985627],[-80.06122199975536,32.86788000030123],[-80.06096099963946,32.86754399976178],[-80.0607589999731,32.867395000116645],[-80.06050899972784,32.86737500002872],[-80.06040599979568,32.867249000201234],[-80.06024699978703,32.867073999934235],[-80.0601320001593,32.86687500013794],[-80.05996099955675,32.866690000142846],[-80.0599349996175,32.866619999636214],[-80.05987400041644,32.866458999921264],[-80.05975800006549,32.866243999677394],[-80.05965299958518,32.866022999623894],[-80.05947799968301,32.86595099983236],[-80.059413000284,32.865508999977926],[-80.05936200023037,32.86542999992381],[-80.05916300003874,32.865123999680364],[-80.05911600018307,32.865064000130175],[-80.05883199960262,32.86473100030446],[-80.0587029997312,32.86452599963355],[-80.05830900044421,32.863907000187],[-80.05774200000654,32.86325200032606],[-80.05772600011304,32.86297199994066],[-80.05772000026525,32.86296400011064],[-80.05751500022582,32.86271100002224],[-80.05749699978418,32.86268800025284],[-80.05717299991906,32.86294099965228],[-80.05716000039858,32.862947999693986],[-80.0571960003836,32.86290399985377],[-80.05722399997269,32.862845999893764],[-80.05723599966825,32.86278199963377],[-80.0572609997826,32.86273900025841],[-80.05727199965327,32.86268299977721],[-80.05728300042223,32.86262399987877],[-80.05732000023217,32.862579000083315],[-80.05737399976051,32.86254900020699],[-80.05741899996637,32.86254799965758],[-80.05748699973843,32.86255600027963],[-80.05750199980703,32.86257100021792],[-80.05749799960907,32.8625860001536],[-80.05751799970056,32.86259099988011],[-80.0575839998228,32.86259600036085],[-80.057654000143,32.86259000008575],[-80.0576819997321,32.86259799994944],[-80.05771500024237,32.862597000155155],[-80.05777999964138,32.86256999966875],[-80.05779300006019,32.86253999978938],[-80.05782499984721,32.862524000050755],[-80.05785400015954,32.86248300014154],[-80.05787699972576,32.8624469999479],[-80.05791299971077,32.86239899991856],[-80.05792399958143,32.86235400000897],[-80.05792799977938,32.86229800003921],[-80.05796899978728,32.86225499967469],[-80.05800099957433,32.8622359997351],[-80.05805199962793,32.86219200029619],[-80.05810600005462,32.86215100023345],[-80.05816499960584,32.86212500016548],[-80.05824099977383,32.8621009996896],[-80.05829900039846,32.86207399980679],[-80.05833500038348,32.86202799993154],[-80.058343999706,32.861974999914544],[-80.05839200028488,32.8619339997515],[-80.05837200019342,32.86190699981785],[-80.05837600039136,32.86188399983991],[-80.05837800004119,32.861845999797694],[-80.05836600034561,32.861840000226366],[-80.05836200014767,32.86182699977049],[-80.05834600025413,32.8618189998372],[-80.05833299983534,32.861768999860764],[-80.05832799981248,32.86171300027629],[-80.05830699989608,32.8616710001874],[-80.05832199996469,32.8616619996807],[-80.05831199991894,32.861648999953246],[-80.05834299988109,32.86163700002901],[-80.05841099965315,32.86162699971363],[-80.05943699967511,32.86153399966941],[-80.05941999995669,32.86142799976791],[-80.05940200041334,32.86137800032565],[-80.05942900017752,32.86045800012426],[-80.05937800012389,32.860148999861394],[-80.05934200013887,32.86007299978327],[-80.05930699997879,32.859998000218084],[-80.05923300035893,32.859847000317735],[-80.05915499964283,32.85969799981428],[-80.0590750001752,32.859549999643775],[-80.05899300015943,32.8594019999809],[-80.05890799977061,32.85925599973506],[-80.05881999990706,32.85911099983705],[-80.05876800002852,32.85902999969716],[-80.05872799984556,32.85896700029184],[-80.05863499995912,32.85882500018645],[-80.05853899969966,32.85868299985381],[-80.05844099979038,32.85854299972841],[-80.05833899968312,32.85840399997827],[-80.05823499992604,32.85826699969649],[-80.05814600023758,32.85815399999881],[-80.05812799979593,32.85813099980231],[-80.05801900001599,32.85799700014661],[-80.05795399971865,32.857919000039836],[-80.0579079996879,32.857863000288454],[-80.05788099992373,32.85783199972368],[-80.05779399988508,32.85773199977535],[-80.05767699970923,32.85760199967397],[-80.05755799988353,32.85747299998875],[-80.05743700040802,32.85734699967634],[-80.0573510001943,32.85725899969942],[-80.05731299966115,32.85722099993963],[-80.05718799998768,32.857098000347406],[-80.05705999994116,32.85697599968768],[-80.05692900041993,32.856856000087426],[-80.05689000006184,32.856820999733266],[-80.05684900005397,32.85678399964567],[-80.05679600035052,32.85673700018523],[-80.05666099973298,32.85662099970838],[-80.05652400036396,32.85650599969738],[-80.0563850004468,32.85639300002039],[-80.05624399998148,32.85628199993045],[-80.0561469998971,32.85620499969127],[-80.05610000004143,32.85617300018966],[-80.05595500027647,32.85606500018282],[-80.0558099996132,32.855859999857216],[-80.05577100015344,32.85580199981896],[-80.0556690000462,32.85565300006737],[-80.05556899958879,32.8555030001913],[-80.05553000012902,32.85544499991964],[-80.05550699966449,32.85540899988813],[-80.05539399968659,32.855235000284374],[-80.05525999979228,32.855024000272415],[-80.05512900027102,32.8548129997586],[-80.05512099987511,32.85479899989988],[-80.05503399983648,32.85465400026302],[-80.05500100022451,32.85459899984433],[-80.05495600001868,32.854523000293575],[-80.0544150004186,32.85391300025059],[-80.05383600028539,32.852322999736856],[-80.05377600001091,32.85218400005144],[-80.05372199958424,32.85205699986079],[-80.05368099957637,32.851959000023164],[-80.05359000023807,32.85173300026226],[-80.0535009996513,32.85150600000641],[-80.05345999964342,32.85139599975997],[-80.05341600016081,32.85127800000259],[-80.05340799976489,32.85125400036532],[-80.05333499996996,32.85105299994088],[-80.05317000011351,32.850787999958186],[-80.05304600026494,32.85058999977633],[-80.05274499996608,32.85015100015675],[-80.05264200003391,32.85001000021519],[-80.05253999992665,32.8498680001119],[-80.05252700040619,32.84984999972117],[-80.05231499979577,32.8495589999415],[-80.0520229997177,32.84915700001427],[-80.05172899998985,32.84881299989222],[-80.05150700023201,32.84856300005487],[-80.05092100042606,32.84798699991041],[-80.05085100010587,32.84793199988714],[-80.05044699987484,32.847624999693615],[-80.05035800018636,32.84755799988137],[-80.05027000032283,32.84749000005405],[-80.05023599998765,32.84746400021727],[-80.05014300010122,32.847390999735026],[-80.04993800006181,32.84723099980163],[-80.04976499980944,32.847096000317364],[-80.04963900031106,32.84699800028362],[-80.04958200040966,32.846959999902566],[-80.04941099980711,32.84684600017121],[-80.04935499973061,32.84680799972508],[-80.04901699962181,32.84659700005007],[-80.04872100024413,32.84641200002597],[-80.04852399970233,32.84632899965732],[-80.04812799986719,32.846279999985164],[-80.04789500023868,32.84628199994151],[-80.04749699985543,32.846285999854075],[-80.0473610003113,32.84627900000703],[-80.0469529998823,32.84626099964295],[-80.0468180001631,32.84625599975087],[-80.04660200025303,32.84629900032336],[-80.04638600034296,32.8463420001203],[-80.04627099981691,32.846365000354126],[-80.04589599989818,32.846427999651695],[-80.0454180000473,32.84653000021644],[-80.04496600013567,32.846627000038005],[-80.04450099980527,32.84681099964168],[-80.04384300002934,32.84715799988239],[-80.04300899962797,32.84758700033574],[-80.04289999984803,32.84761300013645],[-80.04278100002234,32.84764900031238],[-80.04267700026527,32.84769000028534],[-80.04266399984648,32.847696000058924],[-80.04264399975499,32.84770099986993],[-80.04257299960989,32.847718999941875],[-80.04249099959412,32.84774299978058],[-80.0424329998678,32.84776299976698],[-80.04242299982205,32.84776700036743],[-80.04238199981418,32.84777799994249],[-80.04232400008786,32.84779500003769],[-80.04228300007998,32.84780800028587],[-80.04225499959256,32.84781699993414],[-80.04223799987415,32.84782199973833],[-80.04219600004133,32.84783599994321],[-80.04218099997273,32.847839999785734],[-80.04210599962964,32.84785899978988],[-80.04201299974324,32.84789000006594],[-80.04198799962887,32.84789899970588],[-80.04194800034422,32.84791099997902],[-80.04187899984893,32.84793699968485],[-80.04182500032056,32.84794200023693],[-80.0417709998939,32.847947000034075],[-80.04171999984027,32.84795299979029],[-80.04165899974092,32.847961000219236],[-80.04157699972515,32.84797600036133],[-80.04149899990733,32.84799299966392],[-80.04142000026462,32.84801300034867],[-80.04139500015025,32.84801900010036],[-80.0413700000359,32.84801900010036],[-80.0412019998064,32.84804099994127],[-80.04115800032379,32.8480500003206],[-80.04105500039165,32.84806800032175],[-80.04097099982772,32.84808700027708],[-80.04095300028438,32.84808600031925],[-80.04093700039085,32.84808600031925],[-80.04091800012428,32.84808600031925],[-80.04074400004701,32.848132999834306],[-80.04053700035777,32.84818999964635],[-80.04027899971659,32.8482019998802],[-80.03996999992012,32.848170999713076],[-80.03973100044384,32.84811100001626],[-80.03957699955973,32.848052000237054],[-80.03938900013708,32.847948999952855],[-80.0392870000298,32.847817999894986],[-80.03916900002903,32.84768599968141],[-80.03908399964023,32.84759799993304],[-80.03889700004248,32.847423000139884],[-80.03872700016316,32.84724800000165],[-80.03856899997942,32.84710500003783],[-80.03848299976568,32.84698899979766],[-80.03842300038954,32.84693000002715],[-80.03817800016718,32.84668300008901],[-80.03813399978624,32.84664299962492],[-80.03810600019715,32.846618000269075],[-80.03808699993056,32.846600999948386],[-80.03792799992192,32.84645599974437],[-80.03782099979179,32.84634600003011],[-80.03773200010333,32.84618599972212],[-80.03765500011043,32.84613500001139],[-80.03765000008755,32.84612300025281],[-80.0376109997295,32.84603499970929],[-80.0375830001404,32.845969000187786],[-80.0375399995844,32.84587600033272],[-80.03748199985807,32.84576799986751],[-80.03743400017748,32.8456920002999],[-80.0374130002611,32.845658000055224],[-80.03739800019247,32.84559400022521],[-80.03736600040544,32.845467999646644],[-80.0373410002911,32.8453710000677],[-80.03727799964358,32.84519299968542],[-80.03710500028953,32.84489899974775],[-80.03690799974771,32.844726999902534],[-80.03680399999065,32.844614000318586],[-80.03666199970041,32.84450399983074],[-80.03665199965468,32.844496999843095],[-80.03664300033215,32.84448499986305],[-80.03652000030851,32.84427199994656],[-80.03628400030696,32.844102999649174],[-80.03627799956087,32.84413599973255],[-80.03619999974306,32.84404600023102],[-80.03607199969653,32.84392499974271],[-80.03601599962005,32.84388200028414],[-80.03600700029752,32.8438740002422],[-80.03597899981013,32.84384700009522],[-80.03591299968788,32.84378199970763],[-80.03585900015953,32.84373600015933],[-80.03570699982356,32.84359199981128],[-80.03502499975816,32.84306599983573],[-80.0347579997945,32.842859999650095],[-80.0341109998892,32.842375000029065],[-80.03373400032065,32.84203400011257],[-80.03224399979318,32.84070199998608],[-80.02991599956471,32.83875000032701],[-80.02704799956106,32.83704500028765],[-80.02619599961636,32.836685000147455],[-80.02532899960305,32.836284000117736],[-80.0248189999651,32.83603499980326],[-80.02432000019783,32.83576599987918],[-80.02409800043999,32.83564500018067],[-80.02407300032563,32.83563299975867],[-80.02072599974788,32.83302100014135],[-80.01985600025981,32.83214799998222],[-80.01877199961321,32.83114100009514],[-80.01828799991455,32.83073100006608],[-80.01754700029792,32.82987599995423],[-80.0171730002041,32.82935099964675],[-80.01689600019468,32.82915100036672],[-80.01633200013006,32.82878000026037],[-80.01603400020423,32.828601999823995],[-80.01569699992035,32.82843000010656],[-80.01531600015382,32.82818300002191],[-80.01500300015938,32.82800899987987],[-80.01480700034081,32.82790599973932],[-80.01474700006636,32.82787299966166],[-80.01447900027773,32.82775000015637],[-80.01446300038423,32.827742000170375],[-80.01426699966733,32.827659999894934],[-80.01399899987872,32.827563999918084],[-80.01357000043164,32.827428999963836],[-80.01310500010123,32.82731600025253],[-80.01273699985519,32.827257000239264],[-80.0123989997464,32.82720799985298],[-80.01228199957052,32.82720200020438],[-80.01178199997834,32.82717699990274],[-80.01124399985298,32.82718499993968],[-80.01075199975841,32.827225000113295],[-80.00994800039258,32.827371000216836],[-80.00955900023015,32.82748600023797],[-80.00930800016,32.82756200029491],[-80.00883100013402,32.827747999782495],[-80.00850200024605,32.82789799976737],[-80.00810200021297,32.828121000036425],[-80.007477000049,32.828537999774944],[-80.0070410000309,32.82891300007793],[-80.00669299987634,32.829258999913094],[-80.00657800024862,32.829328999702724],[-80.006162000322,32.82958300002875],[-80.00555999972424,32.82997199969637],[-80.00537599960124,32.830082000075336],[-80.0047689998789,32.83044699984195],[-80.00436200017315,32.83069200011564],[-80.00400599962268,32.83089900000498],[-80.00334600019693,32.831275000298035],[-80.00264700041309,32.83167199973478],[-80.00218600028063,32.83191699964801],[-80.00108900011355,32.83250100022419],[-80.00022999959785,32.832938000083004],[-79.99955699975328,32.833264999981715],[-79.9995290001642,32.83328000034291],[-79.99804200000978,32.83398299988541],[-79.99710800004931,32.834401000136694],[-79.99658499999258,32.83462700025473],[-79.99549100019854,32.83509100001662],[-79.99436700026727,32.83554199983955],[-79.99277399980764,32.83614400012686],[-79.9923699995766,32.836289999907486],[-79.99233199994177,32.83630800002926],[-79.99198600033536,32.83638099981475],[-79.99163800018081,32.83644799976148],[-79.99128800037646,32.83650799979484],[-79.99093600002392,32.8365609999289],[-79.99058299984652,32.83660800026342],[-79.99022899984419,32.83664900005317],[-79.98987400001695,32.83668199988854],[-79.9895180003648,32.83670899995063],[-79.98916199981434,32.83673000024478],[-79.98880500033727,32.83674299984934],[-79.98844799996189,32.836749999693694],[-79.9880909995865,32.836749999693694],[-79.9878649996307,32.83674600010618],[-79.98773400010947,32.83674399993497],[-79.98737699973408,32.83673100033055],[-79.98702000025702,32.83671100012264],[-79.98666399970656,32.836685000147455],[-79.98630899987931,32.83665100022652],[-79.98595499987697,32.83661199985713],[-79.98560199969958,32.836565000279535],[-79.98525100007029,32.83651200014786],[-79.98499300032742,32.83647000020614],[-79.98490100026592,32.8364520001172],[-79.9848719999536,32.83644899985043],[-79.98455200028646,32.83638600026315],[-79.98420499995683,32.836312999726985],[-79.98386100000025,32.836234000092404],[-79.98351799986857,32.8361489998338],[-79.98317800010994,32.8360570003502],[-79.98306099993408,32.835963999922065],[-79.98289699990255,32.83583300029002],[-79.98249699986947,32.83553000015843],[-79.981634999879,32.83484400034435],[-79.98054299973481,32.834438999856104],[-79.97864300002684,32.83461300023074],[-79.97739799972175,32.834725999714415],[-79.97715900024545,32.834747999830974],[-79.97696400025178,32.834718000356865],[-79.97692300024389,32.83471199970602],[-79.97678500015164,32.83469299990677],[-79.97649899992136,32.834654000186966],[-79.97564000030398,32.83454599965405],[-79.9748190003214,32.83431500027469],[-79.97416400002021,32.83413000031548],[-79.97368500034442,32.833988999830716],[-79.9726300000101,32.83359700003647],[-79.97208900041004,32.83407800035547],[-79.97122900006941,32.83483899980911],[-79.97101099961121,32.835030999780514],[-79.97036899972879,32.83560000028814],[-79.97028099986525,32.83570600009916],[-79.96999999965786,32.836025999715154],[-79.96991900036532,32.83603699999044],[-79.96981399988502,32.83606099996874],[-79.96972600002147,32.83608800021968],[-79.96962599956403,32.836138999664826],[-79.9695870001043,32.83616900016839],[-79.96953699987559,32.83621499986405],[-79.96948400017214,32.836252000225535],[-79.96944300016425,32.836267000082096],[-79.96938799991267,32.83627199978211],[-79.96919799994187,32.83626100029073],[-79.96899899975024,32.836246999769585],[-79.96885900000815,32.83624599967837],[-79.96874000018248,32.836252000225535],[-79.96862700020455,32.8362789996636],[-79.96850300035601,32.836312999726985],[-79.96840299989857,32.83633799972093],[-79.96831699968484,32.83637000033687],[-79.96826800017936,32.836396999739044],[-79.96821600030083,32.836435000113795],[-79.96820600025508,32.83643999980434],[-79.96810599979766,32.8364860001144],[-79.96800600023853,32.836557999665814],[-79.96799500036789,32.83655999984122],[-79.96796400040574,32.836574999645734],[-79.96793099989547,32.83659100028981],[-79.9678699997961,32.836624000146806],[-79.96780899969673,32.836659000164694],[-79.96775099997042,32.836690999910154],[-79.96769200041918,32.83672800007326],[-79.96764100036556,32.83676600030628],[-79.96758500028906,32.83680200035312],[-79.96752199964156,32.83683099979321],[-79.96745700024255,32.83685400022734],[-79.96739500031828,32.83687399964831],[-79.9673340002189,32.836893999819516],[-79.96726700027175,32.8369019997358],[-79.96720199997442,32.836891999651634],[-79.96713300037746,32.83688200032113],[-79.96706300005725,32.83688200032113],[-79.96699500028518,32.83688399973444],[-79.96692499996499,32.83688800007052],[-79.96685700019292,32.836893999819516],[-79.9667860000478,32.83690000032289],[-79.96671200042796,32.836909999651354],[-79.96664799995555,32.83691999973349],[-79.96657799963535,32.83693199998152],[-79.9665109996882,32.83694200006113],[-79.96644100026631,32.83694899988978],[-79.96636699974816,32.83695400030619],[-79.96629399995321,32.83695899996752],[-79.96624100024978,32.8369610001339],[-79.96622399963302,32.83696200021707],[-79.9662079997395,32.83696300030022],[-79.966151999663,32.83696599979484],[-79.96608499971585,32.83696900004414],[-79.96601699994378,32.83697100021028],[-79.96595099982156,32.83697300037639],[-79.9658849996993,32.83697499978766],[-79.96581799975215,32.83697699995366],[-79.965750999805,32.8369800002026],[-79.96568300003295,32.83698399977956],[-79.96561299971273,32.83698700002826],[-79.96554800031373,32.836990000276856],[-79.96548100036658,32.83699299977055],[-79.9654129996962,32.83699499993615],[-79.96534400009924,32.83699600001894],[-79.96527700015208,32.83699199968774],[-79.96521000020493,32.83698299969664],[-79.96513999988471,32.83697300037639],[-79.96507299993756,32.83696300030022],[-79.96500199979246,32.83695400030619],[-79.96493300019549,32.836949999973086],[-79.96486700007326,32.836946999723146],[-79.96479599992814,32.83693899981096],[-79.9647220003083,32.83692700031867],[-79.96466299985876,32.836915000069965],[-79.96458400021604,32.83690000032289],[-79.96451300007092,32.83688900015452],[-79.96444699994869,32.8368829996504],[-79.96438099982643,32.8368759998166],[-79.96430899985641,32.836864000315785],[-79.96424000025944,32.836850999974146],[-79.96416599974128,32.83683799963061],[-79.96409899979415,32.836828000294034],[-79.96402799964902,32.83681800020153],[-79.96396300025002,32.83681000027768],[-79.96389799995268,32.836801000268146],[-79.96382900035572,32.83679000008756],[-79.9637649998833,32.836781000075995],[-79.96369999958597,32.8367730001488],[-79.96362900033918,32.83676400013551],[-79.96355800019406,32.83675199986477],[-79.96349200007182,32.83673800017585],[-79.96342599994958,32.836725999901645],[-79.96335300015465,32.836716999883585],[-79.96328799985731,32.83671100012264],[-79.96324000017675,32.83671000003664],[-79.96310299990938,32.83671900005541],[-79.96301300039602,32.836723999729976],[-79.96295700031953,32.83675400003581],[-79.96291700013656,32.836799000098225],[-79.9628929998471,32.83683799963061],[-79.96286600008293,32.83687900006889],[-79.96278099969412,32.836979000119634],[-79.96264099995201,32.837140999826865],[-79.96254800006562,32.83724900022229],[-79.96243000006483,32.837385999745095],[-79.96242300039214,32.83739400037177],[-79.96240300030067,32.83741699990527],[-79.9622450001169,32.83752700011851],[-79.96187299967292,32.83778399985911],[-79.9618440002589,32.83780399982531],[-79.96167000018164,32.837607000188015],[-79.96144000002788,32.83734500029569],[-79.96134700014146,32.83724000025725],[-79.96131899965405,32.83720699987444],[-79.96124900023217,32.8371340000134],[-79.96118899995771,32.837068999993505],[-79.96114499957677,32.83707599981214],[-79.96105800043645,32.83708499979377],[-79.96103499997191,32.837085999875534],[-79.96096899984967,32.837092999692835],[-79.96094700010838,32.83709599993785],[-79.96089699987967,32.837092000365935],[-79.96074700009183,32.83708000013952],[-79.96069699986312,32.83707799997583],[-79.96060200032687,32.836990000276856],[-79.9605339996565,32.83692799964743],[-79.96037100034819,32.83678699983221],[-79.96014100019443,32.83660900035056],[-79.96012299975277,32.8365949998843],[-79.95995000039872,32.83647499989473],[-79.95967800041215,32.836306999938735],[-79.9594569995809,32.83618299994704],[-79.95912000019533,32.83600600010316],[-79.95877500041382,32.8358390001103],[-79.95822600041782,32.83557500008644],[-79.95810199967096,32.835516000276826],[-79.95779100022465,32.83536600032851],[-79.95757199994152,32.83525900000924],[-79.95753900032958,32.83524299987985],[-79.95751000001725,32.83523000005566],[-79.9574430000701,32.83519600033229],[-79.95741200010796,32.835180000191556],[-79.95688099965531,32.83492200035485],[-79.95659699997319,32.83478500004902],[-79.95638000023821,32.83467299999456],[-79.95634099988014,32.83465099985942],[-79.95610900007655,32.8345180003331],[-79.95606399987071,32.83449199971571],[-79.9559009996641,32.834388000189215],[-79.95579000023433,32.834317999858754],[-79.9557590002722,32.83429799986203],[-79.95557400032426,32.83416999962534],[-79.95536799956162,32.83401399972423],[-79.95530599963733,32.83396799964298],[-79.95505000044263,32.833756999637785],[-79.95495300035823,32.83367300014723],[-79.95491499982509,32.83363799970703],[-79.95480100002227,32.833531999691544],[-79.95407700012409,32.833787000191414],[-79.95395699957517,32.83354900025081],[-79.95391999976525,32.83347599964649],[-79.95390499969663,32.83344599974262],[-79.95284100003984,32.83383999968532],[-79.95295900004061,32.83392999972199],[-79.9531830003466,32.83409700028633],[-79.95303100001064,32.83415699964403],[-79.95297800030718,32.83417799978705],[-79.95256700040345,32.83433899996371],[-79.9516140001764,32.83361999979876],[-79.95140599976394,32.83346300031841],[-79.95134300001475,32.8334149997055],[-79.95133100031919,32.83342299993525],[-79.95122900021194,32.83347900001374],[-79.95032299984057,32.83391699970555],[-79.9501429999155,32.83400500018607],[-79.94996399981537,32.83409600017089],[-79.94952199994948,32.83432100019755],[-79.94924599976497,32.83444399965907],[-79.94905300031944,32.834530000150984],[-79.9488180001428,32.834616999914324],[-79.94878899983048,32.83462600014526],[-79.94859700020986,32.834674000103504],[-79.9485090003463,32.83472099992734],[-79.94807400015311,32.83492999969401],[-79.94793699988578,32.83498400012071],[-79.94707200042059,32.83519400012615],[-79.94699899972736,32.835209000161456],[-79.94493300033803,32.83578899983435],[-79.94402600014173,32.83604399989046],[-79.94397599991302,32.83594900001437],[-79.94391499981366,32.83582600037337],[-79.94388499967641,32.83576499978252],[-79.9438479998665,32.83568899995284],[-79.94380100001084,32.83559599989403],[-79.94367600033736,32.83537599982976],[-79.94353800024508,32.83516299994457],[-79.94338599990913,32.83495500007733],[-79.94321900040288,32.83474899993908],[-79.94304799980033,32.83456099979876],[-79.94295999993679,32.83447299986936],[-79.9428620000275,32.83437500023984],[-79.94266500038401,32.834197999810826],[-79.94262199982798,32.834175000198265],[-79.942369000108,32.83404699978418],[-79.94235200038956,32.834037000133264],[-79.94208000040298,32.83388599983288],[-79.94179800037068,32.83371600002217],[-79.94170600030918,32.83365500024607],[-79.94152600038412,32.833536000178654],[-79.9413709996751,32.83342600030428],[-79.94126199989516,32.833347999734386],[-79.94108600016807,32.83312599988572],[-79.94101699967278,32.8330059997364],[-79.94096099959629,32.832880000159896],[-79.9409199995884,32.83275100001285],[-79.94089299982423,32.8326200001691],[-79.94088699997643,32.832564999681566],[-79.94088000030374,32.83248500035264],[-79.94088199995356,32.83235299998139],[-79.9408979998471,32.83222000003217],[-79.94090899971773,32.832176000050524],[-79.94092899980923,32.832089000159876],[-79.94095100044886,32.831922999732924],[-79.94096399996933,32.831825999694416],[-79.94098400006082,32.83156199981575],[-79.94098700043386,32.83129699976003],[-79.94097400001509,32.831032999818206],[-79.94096700034238,32.83096699971014],[-79.94095899994646,32.83089500015391],[-79.94094999972563,32.83081200037282],[-79.94094499970275,32.83076999999933],[-79.94093399983211,32.83067200005702],[-79.94090600024302,32.83057600031682],[-79.94086400041023,32.830484999743824],[-79.94080800033373,32.83039799970606],[-79.94073899983843,32.83031900009255],[-79.94065900037081,32.83024700001086],[-79.94056800013422,32.83018499995669],[-79.94047000022492,32.83013400011095],[-79.9403630000948,32.83009399973787],[-79.9402509999418,32.830065999767925],[-79.94013600031408,32.830051000373494],[-79.93986400032752,32.83004600032316],[-79.93958499976995,32.830038999950304],[-79.93760800006906,32.82999099975097],[-79.9345559999424,32.829915999670725],[-79.93137400011942,32.82983899995516],[-79.9316329996872,32.83391099975538],[-79.93162699983942,32.83395400026989],[-79.93164500028108,32.8349280002367],[-79.93113100044518,32.840726000212825],[-79.93020599980723,32.843899000370975],[-79.92993200017084,32.845555999997664],[-79.92982500004071,32.84620700003842],[-79.92972700013142,32.846796000057445],[-79.93025699986084,32.84876599998256],[-79.93117599975268,32.850006999651995],[-79.93145600013519,32.85036700009832],[-79.93261400040163,32.851085999703905],[-79.93346299997327,32.85160500026251],[-79.93486700028704,32.85247099989003],[-79.93530499995495,32.852740999655865],[-79.93607900008186,32.853093000363884],[-79.93609099977742,32.853096999969445],[-79.93619399970957,32.85313300018451],[-79.93629800036496,32.853167999729706],[-79.93636699996193,32.85320399991597],[-79.93659899976554,32.853325999725705],[-79.93690199971422,32.85348099974928],[-79.93720800003597,32.8536319999208],[-79.93742099957299,32.85373600029432],[-79.93759999967315,32.85381999966528],[-79.93782499980404,32.85392499971042],[-79.93813799979849,32.85406500033199],[-79.93845300034107,32.85420200031131],[-79.93876999963516,32.854335999662275],[-79.93892899964382,32.85440099986586],[-79.93907799960674,32.85446099983741],[-79.93924900020927,32.854529000359804],[-79.94401199989804,32.85646599988827],[-79.94843300017831,32.85734599982286],[-79.95111799988386,32.85801399979318],[-79.95296200041366,32.858508000039826],[-79.95630900009309,32.86004699986069],[-79.9564370001396,32.86017300011086],[-79.95664200017903,32.86037900009846],[-79.95677400042351,32.86051299992878],[-79.95703700018925,32.860784999750244],[-79.9572949999321,32.861059999681686],[-79.95742299997863,32.86119799998723],[-79.95755000020023,32.86133600007814],[-79.95767599969861,32.86147499976123],[-79.95773699979797,32.861543999995284],[-79.95780100027038,32.861614999786426],[-79.95792599994387,32.861756000149],[-79.95804800014261,32.861897000287435],[-79.95817100016625,32.86203800020171],[-79.9590769996393,32.863822999803624],[-79.96008099991998,32.86643100010502],[-79.96015799991287,32.86671400013135],[-79.96216300010114,32.871834000327624],[-79.96273499966337,32.87332600004934],[-79.96372700024847,32.87535299977162],[-79.96401699977838,32.877359000195256],[-79.96410499964193,32.87787400017771],[-79.96423900043455,32.87894599969025],[-79.96430300000863,32.881543000357034],[-79.96429399978781,32.88206599978631],[-79.96407600022793,32.88487200012057],[-79.96367000034705,32.88702200033562],[-79.96290700009082,32.889932000054664],[-79.96245000015634,32.89099899966592],[-79.96240400012556,32.891105999893625],[-79.96224199974387,32.89148600014423],[-79.96097899989543,32.893926999758236],[-79.96000999977485,32.895599999869134],[-79.95909400025606,32.89677199969768],[-79.9573230004195,32.89885400035897],[-79.9553030001626,32.901026000197014],[-79.9531270002701,32.903374000245265],[-79.95206600008802,32.90443100008664],[-79.95072399969855,32.905769999832],[-79.94908099990853,32.90679499964768],[-79.94821899991807,32.90733400004324],[-79.94756000031722,32.907747999889025],[-79.94820700022251,32.908348000252076],[-79.95031600016787,32.91030299979789],[-79.95079999986653,32.91075200028043],[-79.95083400020172,32.91074600024866],[-79.95135499971033,32.91064999968541],[-79.95195300011012,32.91054499970431],[-79.95210399972287,32.91051800024927],[-79.95594900024298,32.909827999650545],[-79.95758000033746,32.90953599986531],[-79.96017299998148,32.90907100037083],[-79.9602940003553,32.90904899983471],[-79.96339300033762,32.9084829999997],[-79.96506299989183,32.90817799985813],[-79.96873099996164,32.90751400021406],[-79.96942700027073,32.90738900017617],[-79.97090500020433,32.907121000248274],[-79.97097899982415,32.90710799964578],[-79.97113399963484,32.90707999985005],[-79.97162099970657,32.90699200021888],[-79.97397900007228,32.906564999926914],[-79.97481400029855,32.90643000027165],[-79.97541599999799,32.90632299970032],[-79.97586500043488,32.90624199971045],[-79.97618699975183,32.9061840002029],[-79.97763999957108,32.905922000003606],[-79.97865899992034,32.90573800011988],[-79.97883399982253,32.90570699970425],[-79.9796680002239,32.9055559999817],[-79.98031099993123,32.90543899996468],[-79.98167000003912,32.90519300015956],[-79.98274100026694,32.90499999963776],[-79.98369199994585,32.90482800021334],[-79.98472999966337,32.9046369997989],[-79.98519900019176,32.90455699985041],[-79.98570800000476,32.90447300027919],[-79.99043300005869,32.90362199999584],[-79.99082999971873,32.903546000231216],[-79.99189000007588,32.90336600029041],[-79.99332100015383,32.90310999984486],[-79.99423400019789,32.902930999865596],[-79.99472000044469,32.902847000260444],[-79.99523099990753,32.90275399971571],[-79.99548399962754,32.90270699973583],[-79.99628200004386,32.90256599964635],[-79.99823000033075,32.90220499983841],[-79.99861600012014,32.90213999998615],[-79.99923700008615,32.902038000028995],[-79.99930599968312,32.902014999904154],[-80.00018000026745,32.90186899969355],[-80.000628999806,32.90177899995008],[-80.00162100039111,32.90160500008614],[-80.00324499991457,32.90130699966376],[-80.00415600030881,32.901146000352135],[-80.00503699966751,32.900987000224724],[-80.00677800026516,32.90064399990278],[-80.00687500034955,32.900627000133746],[-80.00704500022884,32.90059799967718],[-80.0070900004347,32.900590000225804],[-80.00718800034397,32.90057399981239],[-80.00762000016411,32.90050800015057],[-80.00776499992908,32.90048699987075],[-80.00822600006153,32.90041699965625],[-80.00889800008117,32.90031600010048],[-80.0105550001149,32.90006300026707],[-80.01089499987353,32.90001199986135],[-80.01115799963925,32.899972000069766],[-80.01155900039558,32.89991300009912],[-80.0117739995824,32.899880999778965],[-80.01265800021247,32.901537000219804],[-80.01379200018948,32.90365100021633],[-80.01416799993312,32.90435600033964],[-80.01420499974304,32.904425999703214],[-80.01431900044419,32.904638999947565],[-80.014357000079,32.90470999991512],[-80.01441700035346,32.904820999707894],[-80.01459700027851,32.9051580000336],[-80.01465699965466,32.9052700000862],[-80.01470900043151,32.905366999761355],[-80.01486500006712,32.905660999846],[-80.01491799977057,32.90575899990871],[-80.0149699996491,32.905855999802334],[-80.01512600018303,32.90614899971452],[-80.01517899988649,32.90624800004741],[-80.01523300031316,32.90634999968046],[-80.01539700034469,32.90665500008553],[-80.01545199969794,32.906759000104636],[-80.01575499964666,32.90732499964798],[-80.0160459998998,32.9078700000609],[-80.01607699986194,32.90785300017065],[-80.01617700031937,32.90779500021005],[-80.01635800006933,32.908128999670694],[-80.01734999975612,32.90996900024288],[-80.01845600014404,32.91202100011917],[-80.01875999991765,32.912585999974766],[-80.0198050002062,32.914522000155436],[-80.01988600039705,32.914672999668674],[-80.0198970002677,32.91469299963986],[-80.01992200038207,32.914682000071046],[-80.02044399971557,32.91445600033222],[-80.02045600030944,32.914482000131336],[-80.02049200029445,32.91455800031248],[-80.02078000017454,32.91510199998163],[-80.02072300027314,32.915129000300915],[-80.02026399979052,32.91532199985765],[-80.02023899967615,32.91533500000808],[-80.02102399967372,32.916806000052134],[-80.02103399971945,32.9168260002954],[-80.02105999965872,32.916815000237605],[-80.0215230003393,32.9166169997168],[-80.02157400039293,32.916573000127485],[-80.0215519997533,32.91653099964211],[-80.02148900000411,32.91641199991828],[-80.02146800008772,32.91637299993596],[-80.02145499966892,32.91634899982228],[-80.02144100032353,32.916322999817446],[-80.02142399970678,32.91629200009177],[-80.02129499983536,32.916050000059926],[-80.02125200017765,32.91596999986643],[-80.02136199978251,32.91593099968941],[-80.02151300029357,32.91588200002259],[-80.0216079998298,32.91583400027659],[-80.02165499968547,32.91580099972908],[-80.02167700032508,32.915784999802014],[-80.02169499986843,32.91577400036891],[-80.02176400036373,32.91570899992026],[-80.02184800002931,32.915613000214535],[-80.02193599989286,32.915668999678516],[-80.02233599992594,32.91591499978577],[-80.02236100004028,32.91592999974262],[-80.02233500010104,32.9159610003492],[-80.0221789995671,32.91614200026836],[-80.02173000002853,32.91666299991538],[-80.0216639999063,32.916742000299024],[-80.0216079998298,32.91680400017839],[-80.02126600042135,32.91720099987271],[-80.02124700015477,32.91722399982321],[-80.02196199983213,32.9185369997768],[-80.02310500002997,32.92063900007968],[-80.02347199955277,32.92131600008388],[-80.02357399966002,32.92127500022759],[-80.02366400007169,32.92123799989958],[-80.02420100037214,32.921948000375544],[-80.02469900031451,32.92260499972727],[-80.02519899990672,32.92188499969596],[-80.02533399962591,32.92169000036024],[-80.02542900006047,32.92152199971791],[-80.02547300044141,32.92144299983076],[-80.02553299981756,32.92148600013121],[-80.02619300014163,32.92195500028074],[-80.02675100035846,32.92268300021471],[-80.02681300028274,32.92259700000211],[-80.02693999960603,32.922426999826904],[-80.02701400012418,32.92232499986664],[-80.02703599986549,32.922294999855936],[-80.02707000020068,32.92233099986755],[-80.02720999994277,32.92248099975825],[-80.02736800012651,32.92264800021719],[-80.02719599969907,32.922748000065674],[-80.02692100023778,32.92292799980984],[-80.02711700005635,32.92321900004191],[-80.02721499996564,32.92337300014024],[-80.02661099971807,32.92385700021253],[-80.02622800030173,32.92357900026407],[-80.02605199967631,32.92393500035039],[-80.02640999987662,32.92418699997785],[-80.02714600036867,32.9247069999209],[-80.0272180003387,32.92475400028574],[-80.02718599965333,32.92479199974423],[-80.02752299993722,32.92542300025317],[-80.02747699990645,32.92548000013488],[-80.02693200010843,32.92510199991611],[-80.02659499982452,32.92551600035877],[-80.02674600033559,32.92563099980284],[-80.02689000027564,32.925740000082094],[-80.02712600027718,32.925918000104204],[-80.02708199989624,32.9259720001672],[-80.0270219996218,32.92604599986483],[-80.02709699996487,32.92608800035862],[-80.02832300000338,32.92678700004774],[-80.02819699960668,32.926916999704474],[-80.02811200011618,32.92700400006408],[-80.02802000005467,32.92695300009769],[-80.02780900016748,32.92683199966054],[-80.0277329999995,32.926788999695866],[-80.02758900005946,32.92670599993301],[-80.02691399966676,32.92631799987244],[-80.02683699967388,32.92627600024186],[-80.02681699958238,32.92630200033867],[-80.02665900029696,32.9264989997218],[-80.02660300022046,32.92655800007175],[-80.02657999975594,32.926584999912095],[-80.02651700000673,32.926645000030355],[-80.02648000019681,32.92667900012959],[-80.02646799960293,32.92669100029461],[-80.02641099970151,32.9267359999562],[-80.02637200024178,32.92676400032057],[-80.02709100011708,32.92810600023033],[-80.02734899985995,32.92858600007945],[-80.02886399960346,32.931345999754086],[-80.02891300000728,32.931433000282055],[-80.03003399956548,32.93344600012181],[-80.03024700000081,32.9338459997811],[-80.03125200010639,32.935735000256834],[-80.03206700024116,32.93726699984843],[-80.03407999992706,32.94097200023118],[-80.03452599999088,32.94181200028023],[-80.03496399965881,32.94263699993854],[-80.03524700041434,32.94317100020822],[-80.03572299971708,32.944067000059],[-80.03666800044651,32.945798999759255],[-80.03674700008924,32.94594400026548],[-80.03681400003639,32.9460670001549],[-80.03696499964913,32.946343000332064],[-80.03758700033836,32.94748500022638],[-80.03786699982254,32.94800900025073],[-80.03823199969553,32.94869500031513],[-80.03858300022313,32.94935300034411],[-80.03860699961425,32.94939799978337],[-80.03868199995732,32.94953800032132],[-80.0392080003871,32.950521999871086],[-80.03915999980822,32.950540999720914],[-80.04101400038375,32.95400800027632],[-80.0410319999271,32.95404100013963],[-80.04109800004933,32.95416799963554],[-80.04114800027804,32.954268000030204],[-80.04119299958559,32.954359000177924],[-80.0412350003167,32.95444400014848],[-80.04127399977644,32.95452599999822],[-80.04133300022599,32.954650999779076],[-80.04139699980009,32.95479000002729],[-80.04147100031824,32.954959999811386],[-80.04149200023464,32.95501100021045],[-80.04154699958791,32.95514000033477],[-80.0415730004255,32.95520299994143],[-80.04160699986235,32.95528600009648],[-80.04166100028904,32.955423999845635],[-80.0417149998174,32.955565999635716],[-80.04177500009185,32.95572899994158],[-80.04179600000825,32.955787999635966],[-80.04181199990178,32.95583300032181],[-80.04184399968882,32.95592700035722],[-80.04187899984893,32.956030999750716],[-80.04191800020699,32.956150999942444],[-80.04196000003978,32.95628599986923],[-80.04198000013128,32.95635099989997],[-80.04201299974324,32.95645800027555],[-80.04202699998693,32.95650299986645],[-80.04207100036787,32.956649999877975],[-80.04211300020066,32.956796999644965],[-80.04213800031502,32.95688800020376],[-80.04217500012494,32.95702399999442],[-80.04222700000348,32.95722899989859],[-80.04224899974477,32.95732000001255],[-80.04228100043015,32.95745700012329],[-80.04230900001924,32.95758299975702],[-80.04236400027084,32.95784600022631],[-80.04240399955548,32.95805300017992],[-80.04243600024084,32.95823699981534],[-80.04246200018012,32.95839800003003],[-80.04249099959412,32.958595000277604],[-80.04251999990643,32.958814000312785],[-80.04252999995218,32.9588949996617],[-80.04254500002078,32.95903400001853],[-80.04255800043958,32.959162000088554],[-80.042567999587,32.95926600019747],[-80.0425810000058,32.95941700021738],[-80.04259199987645,32.9595679999792],[-80.04259699989933,32.959649000144466],[-80.04260500029525,32.9598009997145],[-80.04261399961776,32.95999799984916],[-80.04261799981572,32.96016100027137],[-80.04262100018877,32.96033599976104],[-80.0426220000137,32.96040499986511],[-80.0426220000137,32.960533000210404],[-80.04262000036387,32.960695999645665],[-80.04261699999081,32.960812999706924],[-80.04261199996793,32.96097499994182],[-80.04260699994508,32.961091999633645],[-80.04260000027237,32.961231000303044],[-80.04259199987645,32.96135900020552],[-80.04257199978497,32.961614000023886],[-80.04255599989143,32.961788000222334],[-80.04253900017301,32.9619510003573],[-80.04251099968559,32.96218200023705],[-80.04238099998926,32.96330900028501],[-80.04218099997273,32.9650240003339],[-80.04158299957292,32.97017699963369],[-80.04111300011796,32.97392500017504],[-80.04099199974412,32.974892999682645],[-80.04094900008643,32.97523700006022],[-80.04072399995552,32.977042000019],[-80.04054900005335,32.97857600032951],[-80.04007899970006,32.98262099968345],[-80.04006500035467,32.98274700034963],[-80.04010100033969,32.98276799994079],[-80.04073599965109,32.98313699980055],[-80.04080900034434,32.9832930001535],[-80.0416930000761,32.984169000029475],[-80.04177300044203,32.98425399995307],[-80.04181199990178,32.9842769997942],[-80.04202600016204,32.984405000209456],[-80.04220299971402,32.984490999830804],[-80.04295900029757,32.984501999758855],[-80.04322399971313,32.98477599985232],[-80.04359199995916,32.98483700033488],[-80.04416100004664,32.984501999758855],[-80.04455600005686,32.984585000267465],[-80.04490300038648,32.98479399994971],[-80.0452719995591,32.98496400001849],[-80.04583300014899,32.98502500037121],[-80.04601899992183,32.98532800016421],[-80.04786500010145,32.988336999897435],[-80.04811699999654,32.9887470000702],[-80.04821499990582,32.988905999929756],[-80.04888699992549,32.99000200004598],[-80.05022199974394,32.99051600025374],[-80.05057099972339,32.99041500034666],[-80.05062599997498,32.9905050003217],[-80.05093300012163,32.9910160003073],[-80.05167999958603,32.992259999951806],[-80.05199099993065,32.99277600023387],[-80.05284799989825,32.99418300010305],[-80.05308300007488,32.99456399970362],[-80.05333300032014,32.99496899979508],[-80.05404100032479,32.996093000213506],[-80.05498500033099,32.997651000133395],[-80.05559500042635,32.99870999983876],[-80.05562300001544,32.99875399998831],[-80.05600700015502,32.99933599976488],[-80.05601800002567,32.99935499966309],[-80.0604069996206,32.99780899999901],[-80.06090200008823,32.99771299978059],[-80.0621959998988,32.99746200008938],[-80.06551699963897,32.99681900031249],[-80.06715500030445,32.99649999964622],[-80.06751000013169,32.99643300019824],[-80.06830900037296,32.996278000256886],[-80.07036800008959,32.99588000022486],[-80.07850799959499,32.994301999884044],[-80.080779999747,32.99394999990256],[-80.08110799981003,32.99389900013556],[-80.08149699997246,32.99382499997803],[-80.08237499985643,32.99305799963871],[-80.0833790001371,32.99216399972416],[-80.08332700025858,32.99196699975412],[-80.0842109999903,32.991193999995275],[-80.08490800012432,32.990618999756535],[-80.08511399998865,32.99044700031477],[-80.08535400018815,32.99024299975385],[-80.08554400015896,32.9900830001807],[-80.08572800028197,32.98992900025161],[-80.08590900003193,32.98977900026792],[-80.08632699960837,32.98943199967516],[-80.08656199978502,32.989167000073465],[-80.08660699999085,32.98919299975687],[-80.08689800024399,32.98937799994884],[-80.08725499972104,32.98960600007558],[-80.08808699957426,32.99013499975354],[-80.08816500029039,32.99018500032825],[-80.08830599985737,32.99027399992487],[-80.08897600022719,32.99008699962729],[-80.09029699980196,32.990763999796506],[-80.09047400025227,32.990855999874995],[-80.0904890003209,32.99086300035205],[-80.09053700000146,32.99088699983076],[-80.09056100029093,32.990933999669885],[-80.09108900037052,32.9907539997494],[-80.0913139996031,32.99066800020203],[-80.09155100032788,32.990581999817316],[-80.0916080002293,32.99055999996828],[-80.09177899993351,32.99049500024531],[-80.09183699965982,32.99047400023182],[-80.0920259998057,32.99040100007434],[-80.09212600026315,32.99036400004373],[-80.09231600023394,32.990290999795285],[-80.09299699957612,32.99004299967693],[-80.09309299983558,32.99000999969983],[-80.09328700000432,32.9899350001854],[-80.09353999972433,32.989842000035935],[-80.09430200015566,32.989564000374074],[-80.09442000015642,32.989521000031125],[-80.09455599970056,32.9894709998337],[-80.09429499958465,32.989131000151545],[-80.09426299979759,32.98908900022399],[-80.09397200044278,32.98871099997692],[-80.09389799992461,32.98866500033867],[-80.09373800009102,32.98856100018373],[-80.09385799974163,32.9884439999571],[-80.09370700012889,32.98835400014092],[-80.09365000022748,32.988315000242274],[-80.0933759996928,32.98813999967364],[-80.09332999966203,32.98811000014413],[-80.0937980003655,32.98754900013178],[-80.09400599987966,32.98730099984411],[-80.09499699974151,32.98610600034532],[-80.09469799999077,32.98591900025946],[-80.09461500015009,32.986027000143814],[-80.09419000000265,32.98658099997092],[-80.09358999995302,32.98622900008912],[-80.09343599996724,32.98613900027504],[-80.09335999979928,32.9860959997705],[-80.09278099966605,32.985760000293936],[-80.09295999976618,32.98555299971067],[-80.09336999984501,32.985085000009946],[-80.09343799961705,32.98512800025337],[-80.09364299965648,32.98525800002093],[-80.09371200015178,32.985302000095956],[-80.09376499985522,32.985335000326224],[-80.09378099974874,32.98534600014905],[-80.09392600041201,32.98543600001809],[-80.09397999994037,32.98547100002612],[-80.0940729998268,32.98552800037545],[-80.09435099966115,32.98570200018314],[-80.09439800041511,32.98573199977751],[-80.09487299989296,32.985417000137105],[-80.09524600016186,32.98516400030095],[-80.0953759998582,32.985219000261466],[-80.09506399968866,32.985427999949714],[-80.09562000025566,32.9857760003698],[-80.09567299995912,32.985714999782566],[-80.09594400012077,32.985883999675586],[-80.09571599961683,32.98614700027893],[-80.09552999984399,32.986362000207286],[-80.09548999966101,32.986413999711786],[-80.09553400004194,32.986441000109],[-80.09565500041577,32.98651600033173],[-80.09572599966256,32.98655999977972],[-80.09577800043941,32.98659199963853],[-80.09593599972486,32.98668999969894],[-80.09598900032663,32.98672300016385],[-80.09612200039601,32.98680400029361],[-80.09620199986362,32.98685299984302],[-80.09602500031161,32.98700799976087],[-80.09588399984632,32.9871490001255],[-80.09491300007592,32.9881540003046],[-80.09573300023358,32.989036000161335],[-80.0958190004473,32.989001999933784],[-80.09607800001507,32.98890799967974],[-80.09616500005372,32.988876999782455],[-80.09620000021381,32.988863000019684],[-80.09625299991727,32.988842000371406],[-80.09646100032973,32.98826300035069],[-80.0970799997476,32.988033999883825],[-80.09692699958673,32.988519999864366],[-80.09690700039356,32.9885899996814],[-80.09708200029574,32.98852200037655],[-80.09721399964191,32.98847200036676],[-80.09725499964978,32.98845799978632],[-80.09744799999363,32.988389999626314],[-80.09760399962924,32.98833199973651],[-80.09788200036189,32.989065000256446],[-80.09798699994388,32.989342999983],[-80.09756099997153,32.989447999838916],[-80.09749999987217,32.98946300013102],[-80.09781899971439,32.99057199974959],[-80.0978460003769,32.990565000002945],[-80.09825899993047,32.99044800017235],[-80.09830300031139,32.99082099974177],[-80.09829800028851,32.990855999874995],[-80.09828800024276,32.99092000023344],[-80.09835299964179,32.990952999870316],[-80.09835900038787,32.990981000237525],[-80.09843899985552,32.990960000339676],[-80.09918200002026,32.99075700006508],[-80.09925099961724,32.99073899967667],[-80.09964099960457,32.99061799990095],[-80.09975299975758,32.990477999660705],[-80.09982700027572,32.99041999963603],[-80.09998399973625,32.99042999972097],[-80.10056200004456,32.99046800033469],[-80.10058499961079,32.99033500037543],[-80.10057200009031,32.990333999763145],[-80.10050599996808,32.99032799985649],[-80.10019299997363,32.990298000317146],[-80.10009800043738,32.99028900007663],[-80.0997829998948,32.990258999770546],[-80.09976600017636,32.99025799991089],[-80.09977200002415,32.99022900020775],[-80.09989900024576,32.98964299967047],[-80.10006800030014,32.989245999725206],[-80.09979399976545,32.98907700024101],[-80.09954000022056,32.988921000314015],[-80.0992759997316,32.988757000344684],[-80.09883399986573,32.988482999798684],[-80.09874699982707,32.98860300036246],[-80.0984809996883,32.988971000069505],[-80.09831300035712,32.988912999808036],[-80.09829900011343,32.98891399968293],[-80.09828200039499,32.98891700006114],[-80.09826599960314,32.988921000314015],[-80.09825399990758,32.98892599968808],[-80.09823899983896,32.98893300031821],[-80.09822600031849,32.98894199994351],[-80.09821500044784,32.988949999693425],[-80.09819700000617,32.98897000019521],[-80.09818699996043,32.98898599968922],[-80.09818000028773,32.98900399968159],[-80.09817500026486,32.98902799966578],[-80.09817600008978,32.98904900002325],[-80.09818100011266,32.98906899974917],[-80.09818600013551,32.98908200035973],[-80.09819500035636,32.989096000087706],[-80.09806700030983,32.989160000215385],[-80.0977049999116,32.988293999710166],[-80.09782299991235,32.9882510002554],[-80.09793699971517,32.98820999979205],[-80.09822200012053,32.98810599985446],[-80.09751499994077,32.98766799981589],[-80.09761200002517,32.98756900019757],[-80.09863800004713,32.98651299987195],[-80.09880000042884,32.986626999941684],[-80.0990790000881,32.986822999876054],[-80.0991130004233,32.98681599983209],[-80.10006699957694,32.98661800008035],[-80.10008199964554,32.986670000187566],[-80.1001910003238,32.98704299989913],[-80.10019299997363,32.987057999846485],[-80.10030799960136,32.987621999634094],[-80.1003460001345,32.98764500010474],[-80.10036000037819,32.98764199968328],[-80.10038100029459,32.98763700023655],[-80.10045599973935,32.987621999634094],[-80.10048099985372,32.98761700018617],[-80.10056100021964,32.98759899991096],[-80.10078800000038,32.987550999912514],[-80.10080100041917,32.98754700035101],[-80.1008809998868,32.987530999842704],[-80.10122200036864,32.98745700037376],[-80.10164999999081,32.98736499976627],[-80.10224599984248,32.98723599998158],[-80.10258800014924,32.98716300016011],[-80.10272700006642,32.9871330002985],[-80.10314399981793,32.98704299989913],[-80.10319300022174,32.98703200028771],[-80.1032829997351,32.9870129999968],[-80.10336999977376,32.98699399970172],[-80.10339599971302,32.98698800032154],[-80.10357900001111,32.98694899981935],[-80.10367899957022,32.986926999818316],[-80.10365299963098,32.98681100033858],[-80.10348699994962,32.986052999998584],[-80.10312499955135,32.98439899989979],[-80.10310700000801,32.98431699989679],[-80.1029510003724,32.98360500003241],[-80.10320900011526,32.983638000143515],[-80.10312399972645,32.98346599990856],[-80.10273899976197,32.983046999848305],[-80.1023399995538,32.98264300000411],[-80.10229500024629,32.98261799984485],[-80.1017679999916,32.98239300035333],[-80.10127000004924,32.98235799987854],[-80.10067599984738,32.98223400006549],[-80.10024200037743,32.98206000020434],[-80.10037100024886,32.98196899995415],[-80.1007610002362,32.98169400023458],[-80.10081599958947,32.98165499965423],[-80.10079600039629,32.9816509998256],[-80.10069699976378,32.98163199988357],[-80.10055000034902,32.98160400031846],[-80.10061899994598,32.98148799987256],[-80.10104900011629,32.980783000322404],[-80.10147699973847,32.98062200021167],[-80.10181999987013,32.980491999645956],[-80.10191399958147,32.98046299974865],[-80.10193500039618,32.98051099983331],[-80.10196299998526,32.98056900034035],[-80.10199899997028,32.98064200033969],[-80.10206500009252,32.980776999766555],[-80.10207699978808,32.98079999975995],[-80.10228699985038,32.981181999822866],[-80.10233700007907,32.98126199980035],[-80.10236399984326,32.98130600035993],[-80.10244500003411,32.98140200034004],[-80.10249500026283,32.98146100022109],[-80.10252399967683,32.981488999831555],[-80.10258899997416,32.981425000170624],[-80.10395599957967,32.98021199998],[-80.10420199962697,32.98029100011027],[-80.10435599961276,32.98008200031776],[-80.10400800035653,32.9797610002391],[-80.10372100030133,32.97950000016708],[-80.10334399983448,32.979751999677745],[-80.10280200040948,32.979603999693445],[-80.1026900002565,32.97956599967782],[-80.10192199997739,32.97930599976673],[-80.10193500039618,32.97925799978059],[-80.1019379998709,32.9792489999216],[-80.10197100038118,32.97911199969374],[-80.10198300007676,32.97906500034216],[-80.10202400008463,32.978897000194735],[-80.10210199990244,32.978581000289374],[-80.1021200003441,32.9784890002284],[-80.1021410002605,32.97839200010123],[-80.10216399982671,32.978289999891444],[-80.10187400029682,32.97797600007215],[-80.10176899981651,32.97786400013528],[-80.10187000009886,32.97783800012955],[-80.10201599968872,32.97779900010674],[-80.10209400040483,32.9778820001347],[-80.10212600019189,32.97784900013292],[-80.10222199955304,32.977756000061554],[-80.10225500006332,32.97772600001765],[-80.10231899963743,32.97766499989691],[-80.10232399966029,32.97759099969387],[-80.10232100018555,32.97755800033698],[-80.1023110001398,32.97752000019437],[-80.10197800005388,32.977141000138474],[-80.10194500044192,32.97710499983385],[-80.10181200037252,32.97695999996536],[-80.10157200017302,32.97670299995649],[-80.10145499999715,32.976578999737505],[-80.10149500018012,32.97655400012197],[-80.10218800011617,32.97609200031638],[-80.10226799958379,32.97610899990351],[-80.10253100024784,32.97639099980264],[-80.10259099962397,32.97645500009799],[-80.10268600005855,32.97639399985287],[-80.10291899968705,32.97624800030572],[-80.10325799962075,32.97603399988297],[-80.10344900031478,32.97591400032045],[-80.10351600026192,32.97587300015623],[-80.10371600027848,32.97575100032695],[-80.10378400005052,32.975711000111545],[-80.10385500019564,32.97565500023165],[-80.10398200041725,32.97555399990094],[-80.10405000018932,32.97549499984087],[-80.10633400003685,32.97754700029736],[-80.10953099992845,32.980392000297805],[-80.10886999977946,32.98044500027536],[-80.10865600041754,32.98046299974865],[-80.10781699999332,32.98051900034725],[-80.1063020002498,32.980633999836876],[-80.10557800035161,32.98070000000712],[-80.10535499987054,32.98072000011747],[-80.10514499980826,32.98083600006525],[-80.10489999958587,32.980970999949065],[-80.1055769996284,32.981723999683894],[-80.10638799956521,32.98258799994576],[-80.1064649995581,32.98266099978287],[-80.10678400029863,32.98296500009661],[-80.10716300041534,32.983314000368324],[-80.10761500032694,32.98379299967822],[-80.1067039999327,32.98436799992599],[-80.10713099972996,32.98482399985264],[-80.10797000015418,32.98429300013885],[-80.10804200012421,32.98424599977756],[-80.10822100022436,32.9841319996471],[-80.10847399994435,32.98396899975343],[-80.10829499984419,32.98376500004497],[-80.10988800030384,32.98351399986767],[-80.10991900026598,32.98408499995363],[-80.1099359999844,32.98480599976136],[-80.10994000018236,32.984964999938164],[-80.11013299962791,32.98513399975996],[-80.11054299970674,32.98549199972285],[-80.11095000031082,32.98541099989622],[-80.11145499992588,32.98531100009145],[-80.11173199993533,32.98524900001997],[-80.11247099990211,32.985085000009946],[-80.11256499961345,32.985064000216326],[-80.11284400017102,32.98500599964824],[-80.11337800009842,32.9848929996661],[-80.11379400002501,32.98480800035777],[-80.11498300025362,32.98456400035492],[-80.11514899993496,32.98453099983649],[-80.1155180000059,32.98444999988161],[-80.11623199985834,32.98429300013885],[-80.11773699955612,32.98396300016767],[-80.11788300004429,32.983932000040774],[-80.11837799961361,32.98382800033766],[-80.11909499983912,32.983679999650555],[-80.11924999964981,32.9836460003741],[-80.11971699963004,32.98354799994845],[-80.11987300016396,32.983516999675835],[-80.120269999824,32.98343500036069],[-80.12280800011476,32.982917999781876],[-80.12543099989601,32.98232699994162],[-80.12568799981395,32.98223000026308],[-80.12571600030137,32.982218000101284],[-80.12589700005134,32.98214699980103],[-80.12603799961832,32.982089000330596],[-80.12630899977997,32.98197199981486],[-80.12646699996371,32.981893999636085],[-80.12662099994952,32.981802999968345],[-80.12725299978617,32.98139999966645],[-80.12780500015522,32.98101100004246],[-80.1278379997672,32.98106600032966],[-80.1281819997238,32.98160900010686],[-80.128464999581,32.98148200011819],[-80.12897299956913,32.98125400010729],[-80.129097000316,32.98145099987363],[-80.12978900042712,32.981178999935366],[-80.12985300000122,32.981152000189454],[-80.12976699978748,32.98105000015373],[-80.1297450000462,32.98100900011358],[-80.12966399985532,32.98088699984465],[-80.12964299993892,32.980839999930815],[-80.12961399962661,32.98079999975995],[-80.12954800040269,32.98067400008296],[-80.12949599962583,32.98059199963436],[-80.12946700021183,32.98055400004394],[-80.12944499957223,32.980515999683654],[-80.12941600015822,32.980480000001435],[-80.12937199977728,32.98041299969553],[-80.12935699970868,32.98037799994296],[-80.12930499983013,32.98030299978047],[-80.12927700024105,32.980269999929895],[-80.12925499960141,32.980229000281106],[-80.12922500036251,32.98019299972831],[-80.12920299972288,32.98015200004371],[-80.1291890003775,32.98010199981452],[-80.12918299963138,32.98004799965571],[-80.12924000043111,32.98000699990379],[-80.12948800012823,32.97983600010839],[-80.12957099996892,32.979778999851824],[-80.12962500039559,32.97973999993267],[-80.12979100007695,32.979626999992455],[-80.12984600032853,32.979589999967224],[-80.12993300036716,32.979518999814374],[-80.13005499966758,32.97942200006512],[-80.13016000014788,32.97934699984416],[-80.13020100015575,32.97931700034079],[-80.13029400004218,32.979253999843365],[-80.13064600039468,32.97900900032853],[-80.13149800033939,32.9797920003234],[-80.13165099960194,32.97989400030528],[-80.13184399994579,32.980020000341845],[-80.13199399973364,32.98005500023635],[-80.13225499984952,32.980114000263924],[-80.13228300033694,32.98012000011132],[-80.13236799982742,32.980140000352996],[-80.13239700013976,32.98014700017281],[-80.13262200027064,32.98019900032384],[-80.13317799993933,32.980327999841684],[-80.13329900031317,32.98035599981146],[-80.13334899964357,32.980369000198074],[-80.13352500026897,32.9804109997531],[-80.13375100022479,32.980464999689914],[-80.13443199956696,32.98062899999327],[-80.134659000246,32.980684999732965],[-80.13478399991945,32.980714000310904],[-80.13499099960868,32.980763000226325],[-80.13526900034135,32.97991999970555],[-80.1355050003429,32.97997499991879],[-80.13573899979633,32.98003100007333],[-80.13546199978688,32.98087400028788],[-80.13620699960147,32.98105100011774],[-80.13621499999739,32.98102300036837],[-80.13674200025207,32.97960599965415],[-80.13644599997606,32.97949400027761],[-80.1357789999793,32.97867700021804],[-80.13566000015359,32.97853499989408],[-80.1357799998042,32.97845599969986],[-80.13616200029394,32.97820600025076],[-80.13598300019378,32.97800900002649],[-80.13578599965197,32.977794000102534],[-80.13570899965909,32.977707999986414],[-80.1354490002664,32.97741299970512],[-80.13529000025775,32.97723900013987],[-80.13541099973325,32.97715700026917],[-80.13550000032004,32.977096999764164],[-80.1357920003981,32.97689700004705],[-80.13599700043748,32.97711799994552],[-80.13613700017957,32.97727000035606],[-80.1363849998767,32.97753800026393],[-80.13645400037198,32.97748500004864],[-80.13653600038775,32.977427999781554],[-80.13692399982695,32.9771540002449],[-80.1372650003088,32.97691300022194],[-80.13735499982218,32.97684900025858],[-80.13772399989311,32.977250000217786],[-80.13797999998616,32.97752800022574],[-80.1379969997046,32.97754600029372],[-80.1377220002433,32.97773100002564],[-80.13766299979376,32.977771000079656],[-80.137075000338,32.97816699963688],[-80.13701500006356,32.978212000227735],[-80.13709700007932,32.978297999853055],[-80.13711100032302,32.97831799975389],[-80.13717300024729,32.97827699995226],[-80.13758099977798,32.97800200003717],[-80.1379480001991,32.97838900011894],[-80.13830100037653,32.97814999969235],[-80.13846500040805,32.978039999972346],[-80.13858699970847,32.97816899963013],[-80.13864699998294,32.978128999756414],[-80.13871099955703,32.97808599987192],[-80.13873700039461,32.97806799991408],[-80.1387919997479,32.97803399998362],[-80.13938000010194,32.977676999923986],[-80.13947899983614,32.977620999783696],[-80.13939699982038,32.97755300031911],[-80.13914900012325,32.97733600002641],[-80.13891599959643,32.97713700010536],[-80.13867399974711,32.97693299968289],[-80.13854200040095,32.97681399984685],[-80.13841699982916,32.97670700000926],[-80.13830200020142,32.97660900017108],[-80.13808299991832,32.9764200002837],[-80.13797499996328,32.976327000214496],[-80.13783199984815,32.97641700023435],[-80.13745799975432,32.9766630001723],[-80.13735499982218,32.976731000322154],[-80.13728500040028,32.97677200008802],[-80.13722400030092,32.97681299983484],[-80.13717499989711,32.97684700023543],[-80.13682799956749,32.97708399964933],[-80.1366459999926,32.97688399990278],[-80.13585199977423,32.97601200017631],[-80.13587500023876,32.97599699985941],[-80.13605199979077,32.975879000291734],[-80.13610000036965,32.97584700031797],[-80.13613299998161,32.97582499981115],[-80.13586299964489,32.975527999968755],[-80.13584199972848,32.97550500010928],[-80.1358080002916,32.97546799986409],[-80.13575499968984,32.975408999746556],[-80.13564300043518,32.97548899967927],[-80.13558399998563,32.97553000002178],[-80.1354919999241,32.97545300020839],[-80.13540400006055,32.97537700035602],[-80.1350480004084,32.97507100022936],[-80.1347520001324,32.97472799999434],[-80.13118000032208,32.97170899997813],[-80.12941799980803,32.9702200003546],[-80.12896900026948,32.96983800035063],[-80.12583099992908,32.967179000349944],[-80.12455499966185,32.96609800004024],[-80.12535899992598,32.965808000099685],[-80.12585600004344,32.96565400003527],[-80.1262469998557,32.9655339999361],[-80.12692700027127,32.96659600020168],[-80.12732300010639,32.96640699998974],[-80.12903500039171,32.965488000281894],[-80.1290980001409,32.96545799983918],[-80.12919900042323,32.96540999986332],[-80.12936500010458,32.96533099998756],[-80.12972499995469,32.96516699991496],[-80.12979699992472,32.96513399968428],[-80.13003999959896,32.96502099989745],[-80.13034500009582,32.96488000037429],[-80.13070099974796,32.96471500006922],[-80.13093900029764,32.96461000019425],[-80.13089099971874,32.964520000202135],[-80.13071599981657,32.96419100035509],[-80.13045100040101,32.96367300000522],[-80.13019399958476,32.96315900029939],[-80.1299299999941,32.96264099992853],[-80.12990700042788,32.962599999632694],[-80.12971800028201,32.9622639996902],[-80.12949300015111,32.96187699980153],[-80.12774400005586,32.95852399982963],[-80.12748299993996,32.95802499992326],[-80.12722000017422,32.95752000033949],[-80.12696099970813,32.95700099983947],[-80.12685699995106,32.95679300019809],[-80.12673499975232,32.95654500021779],[-80.126352000336,32.95572700019394],[-80.12616999986281,32.955319000236344],[-80.12510200000804,32.953241000051314],[-80.12494600037242,32.95293699994335],[-80.12432100020844,32.95172100036257],[-80.12783699994228,32.949883000242956],[-80.12808899983736,32.94975200010134],[-80.1288379998499,32.94936099991107],[-80.12997699984977,32.95142499968351],[-80.1308020000303,32.95291100013847],[-80.1313510000263,32.9539169997672],[-80.1324349997746,32.95589099969795],[-80.13246800028486,32.95595799976165],[-80.13300499968699,32.9569100001508],[-80.13365900016328,32.95807300014244],[-80.13371500023977,32.95817199966428],[-80.13424199959616,32.95792099986133],[-80.13663599994685,32.95677799963243],[-80.13707100014004,32.95657000021997],[-80.13799400022987,32.95616400012307],[-80.13950700032355,32.95542500009978],[-80.14139699998579,32.95883999988857],[-80.14167399999522,32.95934400001033],[-80.1416940000867,32.95942299996322],[-80.14181499956221,32.95935600026535],[-80.14206999983034,32.959241999661366],[-80.14230699965681,32.95912300011041],[-80.14272199975849,32.95892500007171],[-80.14315100010391,32.958720000333166],[-80.14326800027976,32.958664000233654],[-80.14374799978046,32.958433999668074],[-80.14407199964558,32.95827900009626],[-80.14422800017951,32.95819999987437],[-80.14452100008246,32.95806300016178],[-80.14475000041132,32.95795600022196],[-80.14479300006901,32.95793200008382],[-80.14509699984262,32.957767999844904],[-80.14551799979212,32.95759599972698],[-80.14571000031106,32.95750799983516],[-80.14592700004603,32.95740299968686],[-80.14617200026842,32.95727699979644],[-80.14636200023922,32.957185999638256],[-80.14661199958614,32.957060999674056],[-80.14675200022657,32.956990999737435],[-80.14677599961769,32.95697899991503],[-80.14697900000728,32.95688800020376],[-80.14751700013262,32.95661799972198],[-80.14771999962389,32.95652699963892],[-80.14788000035578,32.9564649997109],[-80.14823500018302,32.95628599986923],[-80.14867399967585,32.95620800037218],[-80.1488329996845,32.956064999859294],[-80.14898400019555,32.95597699995049],[-80.14910200019634,32.955906999909026],[-80.1494870001608,32.95574899967628],[-80.14961500020732,32.955709000202305],[-80.14964000032167,32.955700000205105],[-80.14970800009374,32.95567499995676],[-80.14971999978931,32.95567099970534],[-80.1499249998287,32.9555740001479],[-80.15010800012682,32.955485999750174],[-80.15055300036575,32.95526399974511],[-80.15079500021508,32.95515100014972],[-80.15106700020164,32.95502200004145],[-80.15115000004234,32.95498200023838],[-80.15121500033965,32.954950000232195],[-80.15126999969291,32.954921000240105],[-80.15186399989476,32.954618000143576],[-80.15208800020075,32.95450700025125],[-80.15232300037738,32.954387000088545],[-80.15242200011159,32.954336000083195],[-80.1525710000745,32.95425500032449],[-80.1527049999688,32.954182000375994],[-80.15329400014778,32.95389199976828],[-80.15354199984489,32.953769999732565],[-80.15382499970211,32.953625000002376],[-80.15417200003174,32.95344599968511],[-80.15433799971309,32.953323999787514],[-80.15448099982824,32.95328399996976],[-80.15453299970676,32.95326499995579],[-80.15464499985977,32.953228000194535],[-80.15467900019496,32.95320999969393],[-80.15478700014998,32.953152000065984],[-80.15510400034239,32.95299900008493],[-80.15547300041334,32.95281099971605],[-80.15583699956309,32.9526110000394],[-80.15587699974604,32.95258699995733],[-80.15610900044797,32.95245199965695],[-80.15632299980989,32.95229799968234],[-80.15644500000865,32.95219300012825],[-80.15660900004016,32.95203999999477],[-80.15669199988083,32.95195000001428],[-80.15679800018606,32.95182000021568],[-80.15681099970652,32.95180099988695],[-80.15690199994312,32.95169000022583],[-80.15700599970017,32.9515180003398],[-80.15707500019549,32.951387999905855],[-80.15710100013476,32.951331999683134],[-80.15721300028775,32.95107400019122],[-80.15723199965602,32.95099299970457],[-80.15726900036424,32.95079299968333],[-80.15729000028064,32.95057099995156],[-80.15732600026566,32.950572000260564],[-80.15731200002195,32.94945199983403],[-80.1573379999612,32.94927399968167],[-80.15752499955897,32.94908700000794],[-80.15762099981842,32.94900599996198],[-80.15760099972695,32.94898400030896],[-80.15740999993123,32.94876600036725],[-80.15717099955664,32.94845100005172],[-80.15672200001806,32.94794499970076],[-80.15615399975549,32.94731999985629],[-80.15600800016563,32.94715199964279],[-80.15544800029897,32.94653300008989],[-80.15538300000163,32.946465999666444],[-80.15521599959708,32.94628199964875],[-80.15502800017441,32.946019000200046],[-80.15418499955223,32.94511299983845],[-80.15406599972654,32.94498299978543],[-80.15374600005939,32.944616999978024],[-80.15358299985277,32.94442400024397],[-80.15343999973764,32.94425399979717],[-80.15328099972899,32.94407700011547],[-80.15312799956811,32.94389200001832],[-80.15296799973454,32.943715999998595],[-80.15285899995459,32.943582999742674],[-80.1526549997401,32.94335299988798],[-80.1521700002165,32.94281499988418],[-80.15199600013923,32.94264100002594],[-80.15165999968025,32.942280000077155],[-80.15132999996739,32.94190600014828],[-80.15106800002657,32.941580000274485],[-80.15083600022295,32.94135199980581],[-80.15066999964328,32.94117199985373],[-80.15051200035786,32.94098699970971],[-80.15018099992174,32.940623999704044],[-80.14983299976721,32.940271999874696],[-80.14945500037375,32.93994100012335],[-80.14926600022785,32.93978200032385],[-80.14897099977676,32.93956200019622],[-80.14887799989035,32.93949199997233],[-80.14885799979886,32.93947700024021],[-80.1486429997137,32.93933199968322],[-80.1481909998021,32.93905999973367],[-80.14774599956316,32.938784000193564],[-80.14705699982507,32.93836700018881],[-80.14635999969106,32.93793900003205],[-80.14589199988593,32.937663000009124],[-80.14498800006268,32.937102999719606],[-80.14454399964868,32.93683400033921],[-80.14413100009513,32.93656800003526],[-80.14374600013065,32.93630600005922],[-80.14355399961173,32.93618600007],[-80.14344099963382,32.936113999998305],[-80.14318899973874,32.93595700029846],[-80.14299799994303,32.93584299967429],[-80.14262499967413,32.9356059997118],[-80.1424330000535,32.93549200014301],[-80.14206700035562,32.93526300008247],[-80.1418770003848,32.93515200001429],[-80.14133500006152,32.93481700026119],[-80.14115900033441,32.93470199994085],[-80.14091499993694,32.93455600011202],[-80.14079299973821,32.93447200035949],[-80.1406029997674,32.93435899982163],[-80.14042000036761,32.93424099968634],[-80.13946600031565,32.93366100014465],[-80.13928300001757,32.93354200008437],[-80.13795499987181,32.93272200031542],[-80.13774499980951,32.93259500017068],[-80.13749899976222,32.93244700035962],[-80.13768899973302,32.93224600009235],[-80.14026999968148,32.93006899973426],[-80.1407070004228,32.929729999662754],[-80.14097699986122,32.9298820001602],[-80.1415169996364,32.92983900016997],[-80.14158299975863,32.92988900019165],[-80.14176100003387,32.92993799964265],[-80.14185999976804,32.93005099979649],[-80.14220000042499,32.930467000019725],[-80.14220600027278,32.93084100006927],[-80.14241700015998,32.93113000036116],[-80.14259600026013,32.931305999794574],[-80.14260399975774,32.93136499995467],[-80.14276899961416,32.931427999916046],[-80.14298000039969,32.931529000167416],[-80.14341600041779,32.93172999980201],[-80.14355500033494,32.931793000257365],[-80.14367300033572,32.931961000247156],[-80.14397600028443,32.93237500026011],[-80.14406199959984,32.93249800017475],[-80.1440880004374,32.93253500031787],[-80.14412100004938,32.93259500017068],[-80.14414100014086,32.93260599977485],[-80.14414799981355,32.93261799988983],[-80.1441650004303,32.93263999984503],[-80.14423400002728,32.93275900036488],[-80.14425300029386,32.93277099970515],[-80.14429599995155,32.9328740001956],[-80.14433299976149,32.93289399982306],[-80.14435399967789,32.932905000144025],[-80.14440300008168,32.93293600008164],[-80.14454799984664,32.93302299979977],[-80.1445939998774,32.93305399969597],[-80.14462400001462,32.93307100002359],[-80.14469900035769,32.933114999703314],[-80.14471600007613,32.933126999749184],[-80.14477899982532,32.9331650001352],[-80.1447910004192,32.93317599966853],[-80.14490000019914,32.93323400033806],[-80.14496499959816,32.93326999966856],[-80.14503300026853,32.93330599973832],[-80.14506000003271,32.933319000262614],[-80.14508400032217,32.933332000030944],[-80.14510299969044,32.933343000297434],[-80.14520800017073,32.933398999850816],[-80.14522499988915,32.93341000010898],[-80.14527199974482,32.93343199986726],[-80.14532199997353,32.933497999863135],[-80.14545500004293,32.93367099987],[-80.1448769997346,32.93422100036338],[-80.14482599968099,32.93426200025222],[-80.1449179997425,32.934347999681506],[-80.14502800024566,32.9344640001994],[-80.14507500010134,32.93454499999638],[-80.14511299973617,32.934613999876625],[-80.14523699958472,32.93471899995172],[-80.14531199992778,32.93475200022959],[-80.14537300002716,32.93478199978614],[-80.14546500008866,32.9348090001323],[-80.14553399968565,32.93481599977387],[-80.14565900025744,32.93482199968165],[-80.14573600025032,32.93483299976283],[-80.14581400006813,32.934855999654],[-80.14585599990092,32.93480199973616],[-80.14633999959959,32.934170999774466],[-80.14642800036145,32.93405699986403],[-80.14644900027784,32.93406800004035],[-80.14656599955539,32.93412600012497],[-80.14665199976912,32.93416700005785],[-80.14670399964767,32.93419399983778],[-80.14685799963344,32.93426899993714],[-80.14697800018236,32.93432699988994],[-80.14654800001205,32.93466599968525],[-80.14615600037489,32.93497299999126],[-80.14611199999396,32.93500699990557],[-80.14619800020768,32.93510900032401],[-80.14624699971316,32.93515299974385],[-80.14631000036067,32.93510199995168],[-80.1463530000184,32.93506899980434],[-80.14637800013273,32.935048999914706],[-80.14639800022422,32.93503499991387],[-80.14651600022499,32.93494499996327],[-80.14654999966187,32.93491799965868],[-80.14658200034725,32.93489300031867],[-80.14676399992211,32.934750999741595],[-80.14680999995286,32.93471800021726],[-80.14692999960347,32.93482699985579],[-80.14700400012164,32.934891999832274],[-80.14703599990868,32.9349229998274],[-80.14709299981008,32.934970999774094],[-80.14709700000805,32.934983000322184],[-80.14738099969017,32.93524399996523],[-80.14739999995676,32.93525499999392],[-80.14741500002538,32.93527100017036],[-80.14747500029983,32.935323000346614],[-80.14749399966809,32.93534199969299],[-80.14753899987394,32.93538299981615],[-80.14756800018624,32.93541200018596],[-80.14762900028562,32.935465999731434],[-80.14766400044572,32.935506000071555],[-80.1479439999299,32.93576699967911],[-80.14795800017359,32.935774999721346],[-80.14797700044015,32.93578599968405],[-80.14804100001425,32.93583900003328],[-80.14812300003003,32.935907999658],[-80.1481420002966,32.93592500019102],[-80.14816599968773,32.9359429996874],[-80.1482069996956,32.93597699998277],[-80.14822400031235,32.93599300002859],[-80.14849399975078,32.93618899997748],[-80.1485079999945,32.93620100036024],[-80.1485509996522,32.93622999970794],[-80.14857099974368,32.936241000367964],[-80.14861099992666,32.93627300036111],[-80.14869399976733,32.93633200022386],[-80.14871800005679,32.93635100010742],[-80.148748000194,32.93637200017232],[-80.1487919996766,32.936404999833485],[-80.14912300011274,32.93663199977336],[-80.14931300008352,32.93673600000288],[-80.14943299973413,32.93681999986699],[-80.14893300014194,32.937325000097005],[-80.14896900012694,32.9373559999933],[-80.14901699980751,32.93738499971623],[-80.14912399993763,32.93746299998965],[-80.15014300028692,32.938189000336436],[-80.15049100044146,32.93843699979537],[-80.1507059996283,32.938548999955394],[-80.15075500003212,32.9385770003502],[-80.15083399967482,32.938643000276386],[-80.15083500039806,32.93910700001198],[-80.15102299982071,32.939106000327165],[-80.1510370000644,32.939147999897585],[-80.15104100026237,32.939169999736414],[-80.15104100026237,32.93920999990908],[-80.15104100026237,32.93925299986724],[-80.15103899971423,32.939269999757215],[-80.15103600023951,32.93929700024109],[-80.15103000039173,32.93932699976377],[-80.15102799984359,32.93935600034816],[-80.1510289996685,32.93936999966499],[-80.15103399969138,32.93946800009816],[-80.15104499956203,32.93951700027406],[-80.15115699971501,32.93955599985613],[-80.15129200033255,32.93940799963044],[-80.15135199970868,32.93937100010079],[-80.15142799987667,32.93933700035631],[-80.15150499986956,32.93929000020018],[-80.15158900043346,32.93923399985326],[-80.15162000039561,32.939219000077394],[-80.15167399992396,32.93917399998064],[-80.15159799975598,32.93909000009067],[-80.15151599974021,32.93901000037251],[-80.15148499977808,32.938989000180094],[-80.15139100006674,32.93891500000072],[-80.15130599967792,32.93885900017021],[-80.15145399981594,32.938619000171855],[-80.15147499973234,32.93858899965508],[-80.15153699965661,32.93850099968876],[-80.15155699974808,32.93846899974788],[-80.15161600019763,32.93838099966221],[-80.15164600033486,32.938340999868466],[-80.15165800003042,32.93832199965853],[-80.15170700043424,32.938251000266376],[-80.15172199960455,32.93822600036066],[-80.15187700031356,32.93800399998317],[-80.15196699982693,32.93804300023248],[-80.1520570002386,32.938081999710654],[-80.15214000007929,32.9381239997674],[-80.15216600001855,32.9381300002047],[-80.15221000039948,32.938150999847174],[-80.15223600033876,32.93815899967377],[-80.15226599957768,32.93817299993402],[-80.1523030002859,32.93818799988731],[-80.15234900031666,32.93820900026994],[-80.15252099984579,32.9382830002862],[-80.15255099998302,32.93829699977289],[-80.15257600009738,32.93830699972797],[-80.1526050004097,32.93832000027104],[-80.15294900036628,32.938468000055806],[-80.15304499972743,32.93851100037476],[-80.1530709996667,32.938521000305656],[-80.15311500004763,32.93855100009158],[-80.15324899994194,32.938644999656574],[-80.15333400033076,32.93870400019864],[-80.15343100041511,32.9387709997187],[-80.15344200028578,32.93878100037411],[-80.15346300020217,32.93879400009363],[-80.15352299957831,32.93883700025402],[-80.1535560000886,32.93885999985786],[-80.15361700018798,32.93890099985794],[-80.1536280000586,32.93890900037061],[-80.153648999975,32.938922999758205],[-80.15366599969344,32.938936000210724],[-80.15368099976206,32.938944999652996],[-80.15376199995293,32.93900100018299],[-80.15379499956488,32.93899400011865],[-80.15381300000654,32.938982000114855],[-80.15420399981879,32.93884999996525],[-80.15443800017052,32.93892700001366],[-80.15461999974542,32.93888500033827],[-80.15465599973041,32.93887400000714],[-80.15480600041656,32.93884000007157],[-80.15489199973196,32.93882000028076],[-80.15492100004428,32.938818000150654],[-80.15506699963416,32.938808999941536],[-80.15516399971852,32.938803000304226],[-80.1552609998029,32.93879600022427],[-80.15527199967357,32.93876299994747],[-80.15529400031318,32.93870700002069],[-80.15531900042753,32.938651000058464],[-80.15534799984155,32.93859599975141],[-80.15551000022325,32.93845899981111],[-80.15555000040622,32.93842600016244],[-80.1556750000797,32.93832300010614],[-80.15572399958518,32.938284999674465],[-80.15584099976105,32.938189000336436],[-80.15600899999055,32.93805600006043],[-80.15617800004493,32.937924999734754],[-80.15634899974917,32.93779499966866],[-80.15638100043452,32.937766000080174],[-80.15640999984852,32.93773600002796],[-80.15643699961272,32.93770399981021],[-80.1564500000315,32.937685999918294],[-80.15646099990215,32.937670999879856],[-80.15648199981855,32.937635999780355],[-80.15650199991003,32.937600999666955],[-80.15651799980357,32.93756400013517],[-80.15653200004726,32.93752699983402],[-80.15654299991792,32.93748800011105],[-80.15655100031383,32.937450000074534],[-80.1565560003367,32.937412000021624],[-80.15655799998653,32.93733399970322],[-80.15655499961348,32.937294999895194],[-80.1565479999408,32.93725600006997],[-80.15653899971996,32.93721799993376],[-80.15652600019948,32.93717800036792],[-80.15646699974994,32.937052000297875],[-80.1564359997878,32.936996000041596],[-80.15640200035091,32.93693100010356],[-80.15614100023502,32.93677700023372],[-80.15593299982257,32.936710999668904],[-80.15572100011046,32.93662300009571],[-80.15440999968312,32.936374000357745],[-80.15435299978171,32.936369000271064],[-80.15429699970522,32.936361000282545],[-80.15424099962871,32.936349999637464],[-80.15418499955223,32.93633700031269],[-80.15414600009248,32.936325999664625],[-80.15413000019895,32.93632200004545],[-80.15407699959718,32.93630399987221],[-80.15402499971864,32.93628400026183],[-80.15397399966501,32.93626199970508],[-80.15392400033461,32.93623799970836],[-80.15387499993084,32.936212000269975],[-80.15382899990009,32.93618300016243],[-80.15378500041746,32.936153000327124],[-80.15374199986142,32.93611999981803],[-80.15370099985356,32.93608600033159],[-80.15366200039381,32.93604999988542],[-80.15362600040879,32.93601299970476],[-80.15359200007362,32.93597400006811],[-80.15355899956333,32.9359339999397],[-80.15353099997424,32.93589200035076],[-80.15350400021006,32.9358490002663],[-80.1534799999206,32.93580499968487],[-80.15345800017928,32.93576000011279],[-80.15343999973764,32.93571400004068],[-80.15343499971476,32.93569899966778],[-80.15342399984412,32.9356670002209],[-80.15341100032364,32.935620000376204],[-80.15340600030076,32.93559600020521],[-80.1534020001028,32.93557200002769],[-80.15339700007995,32.935547000118646],[-80.15339399970689,32.9355239996532],[-80.15339000040724,32.935476000006624],[-80.15338799985912,32.935428000333985],[-80.15339000040724,32.93537999988134],[-80.15353900037016,32.9352229996325],[-80.15431500014688,32.93440499984451],[-80.15446499993469,32.93415699963465],[-80.1544719996074,32.934123000147515],[-80.15447599980536,32.93409600034592],[-80.15448199965314,32.93403600000338],[-80.15447599980536,32.93392199991901],[-80.15447400015553,32.93390400001129],[-80.15454699995047,32.93384400029242],[-80.1545849995853,32.93381399966381],[-80.15474799979192,32.93368700033292],[-80.15482800015785,32.933625000219365],[-80.1551269999086,32.933415000363],[-80.15524699955921,32.9333310002808],[-80.15583800028631,32.932920000236784],[-80.15631000028942,32.93258099978142],[-80.15643499996288,32.932501999966775],[-80.1568519997144,32.932198999937725],[-80.15708900043919,32.93204100030959],[-80.15725400029562,32.93191699999339],[-80.15734299998408,32.93185100032583],[-80.15803500009521,32.93137299964111],[-80.15811399973794,32.931311999940455],[-80.15816300014174,32.93128400026153],[-80.15895499981197,32.93073500013514],[-80.15932700025597,32.93047000012112],[-80.15942299961712,32.93040199980746],[-80.15996199956737,32.93001599969753],[-80.16153699958535,32.928922999656876],[-80.16220600013025,32.92845299968936],[-80.16243100026117,32.9282990001387],[-80.16256500015547,32.92820400032627],[-80.16270599972246,32.92810600023033],[-80.16290499991409,32.92797299987259],[-80.16476699998724,32.926675999899594],[-80.16638999968579,32.92559899972995],[-80.16699300010845,32.92608500010857],[-80.16703800031429,32.92612500016666],[-80.16715299994203,32.926225999686224],[-80.16834299999553,32.927193999902],[-80.1684459999277,32.927276999961144],[-80.16911700012243,32.92781299985762],[-80.16932399981165,32.92797799967987],[-80.16938900010898,32.928030000373504],[-80.16972399984475,32.92831299969762],[-80.17007500037234,32.92858699988322],[-80.17025799977212,32.928708000182105],[-80.17038300034392,32.92881500008427],[-80.17043400039753,32.92885799981822],[-80.17065500033048,32.929037000151894],[-80.1707690001333,32.92913300037539],[-80.17111999976257,32.92941100021513],[-80.17127999959614,32.92955499990259],[-80.17144799982563,32.92969599998202],[-80.17250099961178,32.93054300004487],[-80.17268399990989,32.93068400005755],[-80.1738389998033,32.93162400017915],[-80.1758530002124,32.933260999648816],[-80.17595699996949,32.933344999797434],[-80.17627800035984,32.933607000251214],[-80.17644999988897,32.933744000167984],[-80.17649099989686,32.93377700005564],[-80.17698499964128,32.93416900029313],[-80.17700200025803,32.93418299967713],[-80.1770840002738,32.934246999633125],[-80.17713299977926,32.934286000031236],[-80.17730000018386,32.93443000007636],[-80.17916599955664,32.93594799979822],[-80.17957300016073,32.93627900017006],[-80.18258699975425,32.93872999965836],[-80.18294599977945,32.93899699993088],[-80.18332700044427,32.93924799994327],[-80.18353300030859,32.93935200011216],[-80.18363200004279,32.939413000299226],[-80.1839219995727,32.9395959998542],[-80.18412099976435,32.93971500006197],[-80.18431900013105,32.939820999789056],[-80.18515799965695,32.94023000008424],[-80.18752400041859,32.94135500029194],[-80.18784400008572,32.94150100020513],[-80.19021800034496,32.939496000201984],[-80.19799700017533,32.93248600004349],[-80.19922999988654,32.931423000303745],[-80.21634900021992,32.91577099976918],[-80.2197479997779,32.912662000275475],[-80.22082700040163,32.9116770003109],[-80.2218530004236,32.90961099974972],[-80.2230700002413,32.906371000078344],[-80.2232059997854,32.90600899988516],[-80.22461500012201,32.90833199973208],[-80.22493499978916,32.90852099965687],[-80.22622199992703,32.90927699984651],[-80.2269790003355,32.909738999717305],[-80.22794400025812,32.91065799973634],[-80.22864600041498,32.91121599999554],[-80.22915100003004,32.91130599995123],[-80.23014199989193,32.91148000036027],[-80.23023599960324,32.91170000018853],[-80.23073500026885,32.91279500026767],[-80.23112199988314,32.913512999643345],[-80.23181700036733,32.91400000000357],[-80.23228400034755,32.91435800009266],[-80.23276300002337,32.91470000011881],[-80.23339400003512,32.91513599999137],[-80.23383300042626,32.9154110002109],[-80.23409100016912,32.91563299997332],[-80.23467899962488,32.91622799996695],[-80.23512700023684,32.91650599963102],[-80.23548100023915,32.91673000029299],[-80.23556200043002,32.917082000295586],[-80.23564600009561,32.91772100014635],[-80.23564899957033,32.91811700032996],[-80.23560000006486,32.91858099989795],[-80.23552499972178,32.91900000024707],[-80.23549399975964,32.91933099993565],[-80.23547399966816,32.91949100020694],[-80.23544699990397,32.91970000003142],[-80.23549499958456,32.91975500002222],[-80.23629100035107,32.91912299990454],[-80.23643699994095,32.91899900033497],[-80.23648100032187,32.91896199980946],[-80.23728300003785,32.91831800027084],[-80.23747300000865,32.9181580001411],[-80.23767200020029,32.91800000032302],[-80.23772800027677,32.917952000217426],[-80.23786499964581,32.91784200022286],[-80.23825600035639,32.91754300022546],[-80.23905200022459,32.916901999972154],[-80.23925499971585,32.91674899986187],[-80.23944200021191,32.916586000094114],[-80.23963399983255,32.916435000073804],[-80.23989900014642,32.91621499994775],[-80.24081499966522,32.91545099981517],[-80.24084399997753,32.91542500030069],[-80.24095600013052,32.91533400005458],[-80.24114399955319,32.915173999809305],[-80.24133799972195,32.91501599994313],[-80.24207900023688,32.91438899974153],[-80.24143800017937,32.913811999680306],[-80.23898699992725,32.91382799996407],[-80.23896500018594,32.9113029999542],[-80.2369480003021,32.910969999649815],[-80.23655300029189,32.91161699984795],[-80.23318700034588,32.90912200008431],[-80.23308799971338,32.907708999860446],[-80.23245500005179,32.907668999774586],[-80.23214799990512,32.90558699969598],[-80.23449299985201,32.90395500003134],[-80.23639900030611,32.90265500000176],[-80.23918199992092,32.90468999995126],[-80.24018899967632,32.90612499984568],[-80.24063899993813,32.90676499965242],[-80.24230699984251,32.90866700021241],[-80.24334499956005,32.91034000017233],[-80.24335399978088,32.91034800025126],[-80.24517599967106,32.91191500026372],[-80.24964700018006,32.90806599971304]]],[[[-80.03459100028822,32.85501100032675],[-80.03395299970543,32.85512099986455],[-80.03397399962184,32.85515600013479],[-80.03399000041368,32.855200999922964],[-80.03399700008637,32.85528199978599],[-80.03457899969433,32.85529100018542],[-80.03459100028822,32.85501100032675]]],[[[-80.09280999997836,32.98463899991189],[-80.09298300023072,32.984454000336925],[-80.09263699972598,32.984244999849736],[-80.09242400018898,32.984504000362094],[-80.09276599959743,32.98471400015861],[-80.09280999997836,32.98463899991189]]],[[[-80.01024499959519,32.858803000001004],[-80.01022000037915,32.858773000356734],[-80.01016099992961,32.85870099996168],[-80.01012300029475,32.85864900005928],[-80.01003999955579,32.858687999800324],[-80.0096749996828,32.858870000377294],[-80.00961000028379,32.85898399975247],[-80.00963799987288,32.8589919999414],[-80.00986100035395,32.85901499991465],[-80.01024499959519,32.858803000001004]]]]}},{"type":"Feature","properties":{"name":"Folly Beach","short":"Folly Beach","color":"#9A6BA0"},"geometry":{"type":"MultiPolygon","coordinates":[[[[-80.01747600015283,32.64371200001429],[-80.01734200025852,32.64292199995372],[-80.01733899988545,32.64288800015267],[-80.01727299976322,32.642112999668385],[-80.01699900012684,32.640609999922205],[-80.01693600037764,32.64041999973908],[-80.01667500026176,32.6396270000123],[-80.01665599999517,32.63956999975158],[-80.01597099955673,32.638356000252436],[-80.01547000013963,32.637864000206896],[-80.01532200000162,32.63771900033072],[-80.01517499968851,32.63757400021953],[-80.01514799992434,32.637547000277195],[-80.01370900034881,32.637084999833355],[-80.01300100034415,32.636840000119896],[-80.01219999955475,32.63656500005917],[-80.01069200038225,32.63627599971163],[-80.00932099968048,32.63598699994351],[-80.00911599964105,32.63592099973987],[-80.00788100028004,32.63552499976504],[-80.00681900027304,32.63534600023853],[-80.00616700034487,32.635235999840475],[-80.00465900027407,32.63512000033325],[-80.00408900036166,32.63506499963396],[-80.00287699966854,32.63494699973885],[-80.00095699986906,32.63471499982472],[-80.00020299983366,32.63471499982472],[-79.9995860000656,32.63471499982472],[-79.99917400033695,32.634666000150666],[-79.99863299983856,32.63459999972903],[-79.99759799959575,32.63425299988639],[-79.99684399956034,32.63379099983202],[-79.99567799979629,32.6332129999515],[-79.99471899972147,32.6326930003683],[-79.9945100003824,32.63224000008843],[-79.9942430004187,32.6316609999038],[-79.99398899997549,32.63117199973031],[-79.9938130002484,32.6308320003585],[-79.9933830000781,32.62969200024682],[-79.99295200008288,32.62865600011617],[-79.99268900031714,32.62786000003543],[-79.9926449999362,32.627723999796295],[-79.99234799983527,32.626722999660466],[-79.99227599986527,32.62648100010041],[-79.99222599963656,32.62638699998858],[-79.99178399977067,32.62554799963939],[-79.99170299957983,32.6254529998716],[-79.99147199960115,32.62518000000143],[-79.99123499977469,32.624900999639614],[-79.99116899965243,32.62482300025336],[-79.9904339998836,32.62415199996135],[-79.99020299990492,32.623870000313985],[-79.99005499976691,32.62368899975292],[-79.98982299996334,32.62340499973578],[-79.98975500019127,32.62332100003761],[-79.9895889996116,32.62316799984434],[-79.98941700008245,32.62301200025332],[-79.989320999823,32.62292299985556],[-79.98903299994289,32.6226609999903],[-79.98901799987429,32.622648000150214],[-79.98895599995001,32.62255799992565],[-79.98858699987908,32.62202600001136],[-79.9878499995621,32.62140400009001],[-79.98717300041788,32.62104199997811],[-79.98689100038558,32.62085700030252],[-79.98662000022394,32.62067899967298],[-79.98600500010569,32.62026499967935],[-79.9852669999638,32.61974700027322],[-79.98440699962319,32.62005799972118],[-79.98373100030392,32.62057600035428],[-79.98293100023774,32.62109400025978],[-79.98225500002013,32.621819000342164],[-79.9813939998546,32.62249199965295],[-79.98024999983186,32.62326299976763],[-79.98016500034136,32.62332100003761],[-79.97948900012373,32.62404600024106],[-79.97887400000549,32.62477099986821],[-79.97834199972795,32.62518000000143],[-79.97745999964602,32.62585900011717],[-79.9771900002076,32.62617000027087],[-79.97647600035515,32.626998999879426],[-79.97580000013755,32.62793100018386],[-79.97536999996724,32.62901899984584],[-79.97505199994991,32.63013399981599],[-79.9750009998963,32.63031400006933],[-79.97487799987265,32.63134999991869],[-79.97480000005484,32.631633999690116],[-79.9745089998017,32.63269700004494],[-79.97449700010615,32.63273799993525],[-79.9742629997544,32.63362900001435],[-79.97422799959432,32.633802000131205],[-79.97407799980647,32.63456100011034],[-79.9738329995841,32.63544200017283],[-79.9736989996898,32.636077000280245],[-79.97364799963617,32.63632199981374],[-79.97362199969692,32.636793000221694],[-79.9735999999556,32.63721699998749],[-79.97361099982625,32.6372269998078],[-79.97364699981125,32.63725700001865],[-79.97365900040514,32.63726699983454],[-79.9735999999556,32.63729800008877],[-79.97299400005818,32.63761400009106],[-79.97172899966162,32.63827699968791],[-79.97100200028868,32.63865699967651],[-79.97033899959156,32.63900599991221],[-79.97022200031402,32.63902900002082],[-79.96999399981007,32.63910099966474],[-79.96937100019423,32.639332000274514],[-79.96886999987882,32.639523999806656],[-79.96864899994587,32.63962900007385],[-79.96857799980077,32.6396949998113],[-79.9684539999522,32.63977699996746],[-79.9683629997156,32.63985399990725],[-79.96814299960758,32.63997500021902],[-79.96800000039076,32.64004699985801],[-79.96784999970463,32.640096000367166],[-79.96775299962023,32.640139999967865],[-79.96761000040343,32.64017900018034],[-79.96698600006437,32.64059699966378],[-79.96675900028363,32.6407559996693],[-79.96664799995555,32.64080599980766],[-79.96647899990114,32.64087200018962],[-79.96627800005969,32.64098699978744],[-79.96555599981134,32.64143300033518],[-79.96494599971597,32.64177400027656],[-79.96484799980668,32.64186200007477],[-79.96478300040768,32.64192799967755],[-79.9646660002318,32.642005000035034],[-79.96445799981933,32.64211499967435],[-79.96435400006226,32.64214799976667],[-79.9642369998864,32.64220899990532],[-79.96402900037225,32.642368000071144],[-79.96397800031862,32.64242300006276],[-79.96354200030054,32.642664999623875],[-79.9629830002588,32.64301700008596],[-79.9623790000112,32.64336399997425],[-79.96219700043633,32.643463000345164],[-79.96200900011536,32.643595000164936],[-79.96193100029755,32.643676999771564],[-79.96168400042536,32.643874999710874],[-79.96154700015799,32.6439629997113],[-79.96146299959409,32.64403499992226],[-79.9613780001036,32.64410100019086],[-79.96130000028579,32.64417200031079],[-79.96116999969114,32.64425500012385],[-79.96075499958944,32.64445300029646],[-79.96049500019674,32.644585000167986],[-79.96033199999013,32.64466199975095],[-79.9598580003372,32.6449369998815],[-79.95920800005888,32.64534400018703],[-79.95906499994373,32.64542099987295],[-79.9588440000108,32.64556400019431],[-79.95847400011495,32.645843999627196],[-79.95828499996907,32.64596500015628],[-79.95818799988469,32.64604200006389],[-79.95802499967806,32.64616300032512],[-79.95777199995807,32.64632300022538],[-79.95769400014026,32.64637800005404],[-79.95761600032247,32.64642200034648],[-79.95729699958193,32.64652100035801],[-79.95716799971049,32.64655400033751],[-79.9569989996561,32.64662000025992],[-79.95643999961435,32.646884000219046],[-79.95570499984551,32.64726899967636],[-79.95542600018625,32.64745599985208],[-79.95524299988816,32.647545999995444],[-79.95503600019892,32.64764800009883],[-79.95424299980543,32.648066000226905],[-79.95355400006737,32.64839599982364],[-79.95319000001929,32.64858900025199],[-79.95314399998854,32.6486140000262],[-79.95265699991683,32.64889099996094],[-79.95226699992948,32.64910599993875],[-79.95204000014876,32.649260000329775],[-79.95191700012512,32.649320000233516],[-79.95179300027655,32.64937499973171],[-79.95165000016142,32.64942500034638],[-79.95150700004629,32.64950200030034],[-79.95135800008337,32.64959499965541],[-79.95124099990751,32.64965600000943],[-79.95109799979237,32.64972199991157],[-79.95092200006528,32.64978200026169],[-79.95015499961109,32.65020000024739],[-79.94992799983035,32.65034299973418],[-79.94978499971523,32.65041500010327],[-79.94943999993372,32.65057400005118],[-79.9492840002981,32.6506400000321],[-79.94910900039594,32.65069500023117],[-79.9488750000442,32.65078799985815],[-79.94848500005688,32.65098099966187],[-79.9481920001539,32.651107000316166],[-79.94796500037317,32.65130000018776],[-79.94781600041026,32.651399000093434],[-79.9476919996634,32.65146500022177],[-79.94762700026439,32.65151399976992],[-79.94712699977387,32.651745000087054],[-79.94681499960434,32.6518989997149],[-79.94671099984726,32.651971000343714],[-79.94655900040961,32.652038999833934],[-79.94587899999405,32.65234500030339],[-79.94579399960523,32.65238899992885],[-79.94569700041916,32.652415999928934],[-79.94563799996962,32.652422000011924],[-79.94512499995864,32.65260299992998],[-79.9437280002159,32.65311499969886],[-79.94339000010709,32.65323000019361],[-79.94318800044073,32.6532910003368],[-79.94305799984606,32.653318000064495],[-79.94292800014973,32.65335099980466],[-79.9427719996158,32.653384000289],[-79.94245399959848,32.653466999871874],[-79.94227200002362,32.65352199984462],[-79.94206399961115,32.653593000048204],[-79.94140099981234,32.65387399992793],[-79.9411930002982,32.653973000008946],[-79.94104299961205,32.65403799988026],[-79.94096499979425,32.65409300025807],[-79.94088100012866,32.654137999648185],[-79.94046500020205,32.65426399963521],[-79.94021800032985,32.65435700008798],[-79.94017899997178,32.654378000298784],[-79.93988000022105,32.65453299979361],[-79.93974299995368,32.654609999886745],[-79.93973399973285,32.65461699968565],[-79.93967799965635,32.65466499991269],[-79.93961300025734,32.65469799991202],[-79.93918399991196,32.65485799966725],[-79.93908699982757,32.654891000351626],[-79.93881999986388,32.65504499985497],[-79.93836600030245,32.65525900030574],[-79.93816999958554,32.655353000334735],[-79.93790400034507,32.655463000194906],[-79.93785199956821,32.65548499999943],[-79.93776100022994,32.655540000243406],[-79.93757200008405,32.65563899999218],[-79.93749400026624,32.655706999717935],[-79.93743599964162,32.65576000012451],[-79.93726699958721,32.65585899962966],[-79.93716299983014,32.65590299979476],[-79.93697399968426,32.65596899962357],[-79.93683099956911,32.6560069998925],[-79.93673400038305,32.65604599999255],[-79.93665599966694,32.65609000006556],[-79.93653199981838,32.6561440000912],[-79.93622700021984,32.65624299992744],[-79.93617100014336,32.656256000180484],[-79.93613599998325,32.65626500029633],[-79.93606400001325,32.65629799970507],[-79.93577199993518,32.65645799962204],[-79.93574299962287,32.656470999843805],[-79.93531199962764,32.656671999715655],[-79.93521899974122,32.656716000236884],[-79.9347380004156,32.65690900010149],[-79.93462799991242,32.6569640002257],[-79.93454300042194,32.65699100035678],[-79.93442000039828,32.65704099973766],[-79.9343090000702,32.657062999910174],[-79.93417900037387,32.65709599978059],[-79.93398199983206,32.65717200010056],[-79.9337440001807,32.65726599963072],[-79.933549000187,32.65736499973706],[-79.93338000013262,32.657485999802105],[-79.93312900006245,32.65758100034473],[-79.93282100009085,32.65769999970373],[-79.93255400012718,32.6578099997012],[-79.93200799960591,32.65806900002017],[-79.93182199983309,32.658151999791315],[-79.9316899995886,32.658211999778345],[-79.93152100043251,32.65828300003872],[-79.9314300001959,32.658333000209524],[-79.93139400021091,32.658358000284466],[-79.93136499989858,32.658376999913195],[-79.93131899986783,32.65842100035151],[-79.93092899988048,32.65862999967971],[-79.9305980003427,32.65872300012831],[-79.9304290002883,32.65878900014404],[-79.93032499963292,32.65883800021586],[-79.930071000088,32.658904000146634],[-79.92998700042241,32.65892100002923],[-79.92960999995556,32.659101999646694],[-79.929486000107,32.65915200011568],[-79.92935600041066,32.65918999978786],[-79.92926500017406,32.65925099964584],[-79.92917399993748,32.65930599984163],[-79.92903699967012,32.659399000343214],[-79.92896600042333,32.659432000107564],[-79.92876200020882,32.65950399996378],[-79.92874999961495,32.65950899976257],[-79.92856300001719,32.659536999689394],[-79.92842599974983,32.659586000107424],[-79.92834799993202,32.6596189998028],[-79.92812100015132,32.65973400025017],[-79.92802999991473,32.659762000106504],[-79.9279579999447,32.659810999644954],[-79.92767199971443,32.659898999844415],[-79.92737999963639,32.66004199970017],[-79.9271980000615,32.66014700007795],[-79.9270159995883,32.66024600001869],[-79.92695700003708,32.66027299991475],[-79.926268000299,32.66048799974828],[-79.92598899974142,32.66059800009623],[-79.92583300010581,32.66063599991004],[-79.92548800032432,32.66080699962826],[-79.92535799972966,32.66087800009625],[-79.92525399997258,32.66092200005968],[-79.9250790000704,32.66103700034319],[-79.9243829997613,32.66129000014348],[-79.92392800037496,32.661443999967254],[-79.92382399971957,32.66148299996402],[-79.92374000005398,32.661538000298926],[-79.9235579995808,32.6616149996522],[-79.92307600043026,32.66178499998325],[-79.92293300031513,32.6618120001707],[-79.92282299981196,32.661840000132365],[-79.9227769997812,32.66187299975181],[-79.92268600044292,32.66192799984672],[-79.922601999879,32.66197200004958],[-79.92250399996972,32.66201600023074],[-79.92239400036486,32.6620710002377],[-79.92228999970949,32.66213099986289],[-79.92216599986092,32.66217000031616],[-79.92204899968506,32.66222999987488],[-79.92175699960701,32.66232899977722],[-79.92137300036578,32.66249399987495],[-79.92103500025696,32.66260899964832],[-79.92092499975378,32.66265300027215],[-79.92082099999672,32.662703000267285],[-79.92075800024753,32.66274199971463],[-79.92071700023966,32.66276900036926],[-79.92062600000305,32.66281300015805],[-79.92039800039743,32.66290099967066],[-79.91969600024055,32.66314800012581],[-79.91915599956707,32.66340100000056],[-79.91885699981631,32.663522000213604],[-79.91852600027853,32.66367599997281],[-79.91833700013265,32.66376899970871],[-79.91808500023757,32.66382799994639],[-79.91798599960504,32.66385200023696],[-79.91785000006092,32.66389000017977],[-79.91768699985431,32.66392899986542],[-79.91757700024945,32.663950999855146],[-79.91751199995211,32.663994999818286],[-79.91744699965479,32.664054999664344],[-79.91737499968475,32.66414300022283],[-79.91700499978892,32.664313000282824],[-79.91688799961304,32.664363000105524],[-79.91671899955864,32.664418000180625],[-79.91637399977715,32.66453899977299],[-79.91607500002641,32.6646870000329],[-79.91587300036005,32.66476899995894],[-79.91574299976538,32.664835000047646],[-79.91538600028832,32.66498400032087],[-79.9152299997544,32.665044000259215],[-79.91502200024026,32.66514900005434],[-79.91444999977972,32.66547300015704],[-79.91433299960386,32.66554499968426],[-79.9142160003263,32.66565400011847],[-79.91409199957943,32.6657479998034],[-79.91385800012603,32.66588500019691],[-79.91366899998013,32.66598399983166],[-79.91340899968914,32.666111000249],[-79.91317500023571,32.666248000086014],[-79.913012999854,32.66632499991873],[-79.91288900000546,32.66636900022552],[-79.91266200022474,32.66647900014146],[-79.91230499984937,32.66670000005133],[-79.91219400041959,32.666769999891685],[-79.91209599961198,32.66680299995945],[-79.91178400034076,32.66688000007018],[-79.9115759999283,32.66699000011334],[-79.91134800032268,32.66714900007384],[-79.9110620000924,32.66730299963271],[-79.91088700019021,32.66741899974388],[-79.91074999992287,32.66749000025268],[-79.91063299974701,32.667573000349876],[-79.91052899998994,32.66761700004217],[-79.91025600017845,32.66775399983895],[-79.91017199961455,32.667791999634964],[-79.91006700003258,32.667830999886455],[-79.90982699983306,32.66790799986756],[-79.90972300007599,32.667963000029566],[-79.90956700044038,32.66803400010608],[-79.9094429996935,32.66813299962874],[-79.90900800039863,32.668452000201114],[-79.90879999998616,32.66857799967254],[-79.90840900017392,32.66884800031825],[-79.90803900027807,32.66911199967341],[-79.90794800004149,32.66918300034939],[-79.90781800034515,32.669237999726604],[-79.90770700001704,32.66931000000125],[-79.9075839999934,32.669370000059814],[-79.90726500015117,32.669507000193775],[-79.90716800006679,32.66955700013509],[-79.90706400030972,32.66962799970131],[-79.90701099970795,32.669649999800406],[-79.90685500007234,32.66977700030087],[-79.90670600010942,32.669891999776695],[-79.90658200026088,32.66995200020058],[-79.90644599981843,32.67004599990154],[-79.90632899964257,32.6701010002599],[-79.906140000395,32.67023300007446],[-79.90570500020182,32.67042499980027],[-79.90541200029885,32.67065000002911],[-79.90525599976495,32.67078800015128],[-79.90520999973417,32.67084300005289],[-79.9051260000686,32.67093099997629],[-79.90504099967978,32.6710080003108],[-79.90489799956464,32.67112299971457],[-79.90448900020904,32.671398000121584],[-79.90420200015386,32.67156799999104],[-79.90409199965069,32.67163999990051],[-79.90398100022092,32.67169999990681],[-79.90337000030065,32.67209599999636],[-79.9031419997967,32.672266000050065],[-79.90303800003963,32.67235400008422],[-79.90291500001598,32.672419999863955],[-79.90276500022816,32.672513999993086],[-79.90262899978572,32.67254099996359],[-79.90251199960984,32.672579999654616],[-79.90231699961618,32.67263499996541],[-79.90194599989542,32.672842999666166],[-79.90140600012025,32.67325600016319],[-79.90104899974489,32.67353599982426],[-79.90067100035141,32.67380500020615],[-79.90031399997604,32.674096999939906],[-79.90002799974577,32.674311000143504],[-79.8999039998972,32.67441000027275],[-79.89979299956913,32.674480999763226],[-79.8988829998981,32.67499200009738],[-79.89877900014105,32.67502500015316],[-79.8986550002925,32.67508599978881],[-79.89851899985004,32.675168000001875],[-79.89816099964975,32.67544300005637],[-79.89774499972313,32.67574499977879],[-79.89724400030603,32.67610199968123],[-79.89712700013018,32.67616300009371],[-79.89700999995432,32.67623999969961],[-79.8968540003187,32.67636600028631],[-79.89679599969406,32.67642099977856],[-79.89653499957815,32.67660800021862],[-79.89619099962157,32.67680599981303],[-79.89589500024387,32.677022000313556],[-79.89569600005224,32.677168999946],[-79.89557899987638,32.67724000026819],[-79.89548799963978,32.67730600021891],[-79.89539700030151,32.677387999906436],[-79.89527400027785,32.67748200010107],[-79.89502700040565,32.67763000009443],[-79.89440899991438,32.67809700000374],[-79.89414799979846,32.678389000074546],[-79.89400499968332,32.678570000335775],[-79.8938690001392,32.67871299980243],[-79.89373199987183,32.678816999820626],[-79.89359600032772,32.67890500020671],[-79.89327699958717,32.679163999877744],[-79.89286099966057,32.67954299965712],[-79.89280200010934,32.679609000174494],[-79.8927429996598,32.679691000016135],[-79.89268499993348,32.679741000306805],[-79.8925810001764,32.679806999921745],[-79.8922430000676,32.6800049999862],[-79.89213900031051,32.680049000360995],[-79.89206099959442,32.68011499974834],[-79.89185899992805,32.680268000065205],[-79.8917939996307,32.68035599977783],[-79.89170900014021,32.680449999873424],[-79.89162499957631,32.68053199969908],[-79.89142999958263,32.68069200008264],[-79.89130599973409,32.680762999872805],[-79.8912089996497,32.68081199999321],[-79.89106499970966,32.680927999955095],[-79.89099399956454,32.680976999985],[-79.89091599974674,32.68104899987215],[-79.89086600041634,32.681074999964125],[-79.89063600026257,32.68119199990644],[-79.89032400009305,32.68133400014752],[-79.88996000004497,32.68155400004317],[-79.88992800025791,32.681576000229754],[-79.88966700014201,32.68177400015299],[-79.88954999996614,32.68189499967999],[-79.88945899972956,32.682010000190715],[-79.88938099991175,32.682097999699174],[-79.88930300009393,32.68217500023755],[-79.88908800000878,32.68230200032261],[-79.88897800040392,32.682356999940225],[-79.88868499960266,32.68247199985607],[-79.88835300023995,32.68257100001346],[-79.88782699981017,32.68274700010633],[-79.88771600038041,32.68276799969474],[-79.88759900020453,32.682812000220466],[-79.88753999975498,32.68284499965545],[-79.88744299967061,32.68288400014042],[-79.88724799967694,32.682977000297704],[-79.88714300009497,32.683022999811286],[-79.88708500036863,32.6830490000847],[-79.88692299998695,32.68313099979234],[-79.88680499998617,32.68320800019617],[-79.88664299960445,32.68328999975782],[-79.88641499999882,32.683432999984305],[-79.88631100024175,32.68352100035886],[-79.8862459999444,32.683587000204774],[-79.88576399989557,32.68390900015125],[-79.88534799996896,32.684189999975324],[-79.88431899957394,32.68487699963436],[-79.88397499961737,32.68510999971069],[-79.88387500005824,32.68524099975268],[-79.88370799965367,32.68550499980756],[-79.88353600012452,32.68578100006136],[-79.88320999971128,32.686301000128424],[-79.88319800001572,32.68632199963711],[-79.88312100002284,32.68644400006959],[-79.88304499985485,32.68656699984111],[-79.88244900000319,32.687521999758445],[-79.8824299997366,32.68755199972491],[-79.88204300012231,32.6881690003291],[-79.88176899958762,32.68896800028744],[-79.8811900003527,32.69065800017948],[-79.88136100005694,32.691521000160066],[-79.8820070001373,32.69286499963798],[-79.88639800028038,32.69448099992117],[-79.88771899985514,32.69427999967647],[-79.88794200033622,32.694258999771456],[-79.88906500044257,32.69416999997532],[-79.89019199984855,32.693821999835514],[-79.89149400005506,32.69422200007085],[-79.89195199981447,32.69541400006156],[-79.89451100002162,32.69726700023753],[-79.89579099958848,32.697930000374605],[-79.89726699987226,32.698207000147654],[-79.89825199988636,32.69837299987537],[-79.89841900029091,32.69825199999963],[-79.89866600016315,32.69878799973372],[-79.89891300003535,32.6992649998012],[-79.89930200019776,32.700038999735],[-79.89940799960466,32.70060500019198],[-79.89923100005265,32.70087299982121],[-79.89880699973013,32.70116999998489],[-79.89852499969783,32.7012900003434],[-79.89760599980598,32.70158699987521],[-79.89721699964355,32.70176599979779],[-79.89643500001905,32.70204000025078],[-79.89625099989604,32.70213300010847],[-79.89615100033691,32.70217499998808],[-79.89606000010032,32.702259999773844],[-79.89586900030461,32.70234500023464],[-79.89555600031017,32.70242099985767],[-79.89532699998131,32.70245699985547],[-79.89512500031493,32.70250700024827],[-79.89497800000184,32.702572999665556],[-79.89485300032838,32.702712999756834],[-79.89475000039621,32.70290499995691],[-79.8946089999309,32.703091000040175],[-79.89450900037178,32.703268999895045],[-79.89441800013519,32.70344800022338],[-79.89433699994434,32.70362600012201],[-79.89427800039311,32.703744000063],[-79.89411699983631,32.70393099997653],[-79.8939050001242,32.704134999847604],[-79.89369099986396,32.7041900003778],[-79.89351199976382,32.70434699975304],[-79.89328099978513,32.7044229999388],[-79.89301899984432,32.70447400004705],[-79.89269699962902,32.70455100018487],[-79.89254500019139,32.70456799969584],[-79.8923340003042,32.7046530002259],[-79.8921729997474,32.70477199962249],[-79.8924260003657,32.7054629998361],[-79.89256100008491,32.7056840000385],[-79.89260899976549,32.70586400010328],[-79.89258600019927,32.70618100037175],[-79.89255500023714,32.70629499979476],[-79.89239500040355,32.70646999994515],[-79.89214299961019,32.70660000035294],[-79.89175400034607,32.70662699984408],[-79.89146399991783,32.70667600013148],[-79.8911440002507,32.70685999984448],[-79.89094500005906,32.70693200002322],[-79.89073199962372,32.707133999773674],[-79.89063299988952,32.70729400010462],[-79.8906100003233,32.70739399997675],[-79.89065600035406,32.70749999990029],[-79.89083899975385,32.70754999973492],[-79.89129300021361,32.70751200022598],[-79.8916239997514,32.70733299973548],[-79.89181500044542,32.70720699976184],[-79.89228800027342,32.70714200002378],[-79.89275400042875,32.707176000322974],[-79.8930310004382,32.70729100001598],[-79.89337899969442,32.70752299976725],[-79.89359299995468,32.70772899979008],[-79.89366900012266,32.7078509996894],[-79.89366900012266,32.70795799984794],[-79.89363899998544,32.70806899996159],[-79.89356199999253,32.70813799986047],[-79.89340200015897,32.708259999956404],[-79.89310500005804,32.70839700014409],[-79.89282999969844,32.70847299990369],[-79.89276100010146,32.708546000308054],[-79.89274600003284,32.708652000374656],[-79.89276899959906,32.70878599992207],[-79.89282200020082,32.70887000020141],[-79.89287599972918,32.70901900033126],[-79.89295199989716,32.70932399989207],[-79.8928909997978,32.70948000005497],[-79.8927989997363,32.709545000357274],[-79.89285999983565,32.70967100005251],[-79.89292900033095,32.70976600027502],[-79.89296000029309,32.70984299962524],[-79.89302800006516,32.71001800037504],[-79.8931579997615,32.71014400015812],[-79.89325700039402,32.71028499970441],[-79.89335600012821,32.710409999871636],[-79.89335600012821,32.71045700036092],[-79.89323399992949,32.71055199974638],[-79.89323399992949,32.710647999778445],[-79.89323700030252,32.710829999634456],[-79.89321100036327,32.710930000078385],[-79.89319600029464,32.71102499971607],[-79.893249999823,32.711120999995],[-79.89332599999098,32.71123099996716],[-79.893249999823,32.711327000024404],[-79.89308199959352,32.711528999650064],[-79.89295199989716,32.711688999657554],[-79.8927989997363,32.711795999748034],[-79.8927229995683,32.71182599987045],[-79.892708000398,32.71189099997516],[-79.89273799963692,32.71203199978357],[-79.89269300032939,32.71212799973469],[-79.89266200036725,32.7121930003752],[-79.89263200023004,32.71233399970627],[-79.89263899990272,32.71244399969439],[-79.89254000016851,32.71247500032617],[-79.89241799996977,32.71247500032617],[-79.89235699987042,32.712565999948566],[-79.89226099961094,32.71270800017063],[-79.89218100014332,32.71275700014157],[-79.89212099986887,32.712834999900906],[-79.89180700004951,32.713046000332696],[-79.89162999959919,32.713361000102225],[-79.89161100023092,32.713778999662615],[-79.89163899982002,32.714062999797854],[-79.89166700030741,32.71433700027952],[-79.89188099966935,32.714860000103734],[-79.89213299956442,32.71558600008759],[-79.89235100002261,32.71590900017673],[-79.89256600010779,32.716432999780174],[-79.89263200023004,32.71657300004162],[-79.8926580001693,32.7166269997814],[-79.89274799968265,32.716816999669696],[-79.89285499981278,32.717097000278876],[-79.89295600009513,32.71754400026636],[-79.89295100007224,32.71755899974014],[-79.8929400002016,32.71760700015551],[-79.89293699982856,32.7176230002882],[-79.89288599977492,32.71763599992154],[-79.89278899969055,32.717723999831506],[-79.89275600007858,32.717737000205915],[-79.892736999812,32.71774600017335],[-79.89268499993348,32.71777900029798],[-79.89256100008491,32.71783399997478],[-79.89250199963537,32.71783900028726],[-79.8924759996961,32.7178060001848],[-79.89244399990905,32.71773999994321],[-79.8923979998783,32.71772900015016],[-79.89218100014332,32.71774700008568],[-79.8919629996851,32.717766999841835],[-79.89190400013388,32.71778399985774],[-79.89185899992805,32.71778399985774],[-79.89175400034607,32.71772900015016],[-79.89172199966069,32.71772900015016],[-79.89159799981213,32.71783300006338],[-79.89150699957554,32.71781099974304],[-79.89129700041157,32.717969999909386],[-79.89113699967969,32.718034000162476],[-79.89091300027201,32.71806600027185],[-79.89065700017898,32.71806500036305],[-79.89056099991951,32.7180969997055],[-79.89051300023893,32.71811299975029],[-79.8904479999416,32.7182009999454],[-79.890432999873,32.71822499998352],[-79.89028899993295,32.7183530000779],[-79.89016099988642,32.718417000056135],[-79.88996900026581,32.718465000009736],[-79.88979299964039,32.7184809999885],[-79.88966499959389,32.718512999937445],[-79.88960100001978,32.71852899990767],[-79.88948899986678,32.71857699980091],[-79.88940900039916,32.7186089997154],[-79.88929700024616,32.71873700001445],[-79.88913700041259,32.718833000307036],[-79.88896099978717,32.71889699994087],[-79.88889700021308,32.71896100028459],[-79.88891300010661,32.71905700033603],[-79.88889700021308,32.71915300028422],[-79.88892900000012,32.719264999967166],[-79.88900699981792,32.71933799985352],[-79.88914699956,32.7193850001732],[-79.88942500029268,32.719380999841455],[-79.88972300021851,32.71927100009471],[-79.89002899964194,32.71919600036136],[-79.89009700031232,32.71934499987056],[-79.89008100041879,32.71942499970218],[-79.89007300002288,32.719464000075824],[-79.89006499962696,32.71950500021775],[-79.8900329998399,32.7196650002779],[-79.89001699994638,32.71982500005099],[-79.89006100032731,32.72000399966001],[-79.89012300025159,32.720112000242565],[-79.8902570001459,32.720369000004204],[-79.89030499982647,32.72051299965865],[-79.89031300022239,32.720577000354155],[-79.89034300035964,32.720577000354155],[-79.8904339996979,32.72057999999591],[-79.89046499966004,32.72058199975706],[-79.89095299955667,32.7206430000077],[-79.89119299975619,32.72066499962942],[-79.8914410003516,32.72063699997247],[-79.89175299962282,32.72065400019712],[-79.89229900014409,32.72071999979368],[-79.89242299999265,32.72071999979368],[-79.89268300028364,32.72067099966271],[-79.89280700013221,32.72062099962477],[-79.89284599959194,32.720572000195176],[-79.89288699959984,32.72049700004439],[-79.89289800036882,32.720478000026425],[-79.89296299976782,32.72025299990356],[-79.89298899970709,32.72012099997033],[-79.89316500033249,32.71963700030697],[-79.8932430001503,32.71953799969157],[-79.89330800044762,32.71946699975508],[-79.89343200029619,32.719389999642935],[-79.89356799984031,32.71932999994136],[-79.89367900016839,32.719291000264846],[-79.89393299971329,32.71922000013172],[-79.89403700036868,32.719214000000804],[-79.89410799961549,32.71923599997505],[-79.89431600002794,32.71924700033802],[-79.89512899961458,32.71932499971248],[-79.89529199982121,32.71927499967561],[-79.8953830000578,32.71924200010448],[-79.89542900008854,32.719208999765414],[-79.89550000023368,32.71914299980637],[-79.89553899969341,32.719082999938614],[-79.89560399999074,32.718962000183275],[-79.89565000002149,32.71890699969057],[-79.8957279998393,32.71882999985071],[-79.89579999980933,32.71877500003238],[-79.89588400037323,32.71872000018014],[-79.8964180003006,32.71848899997682],[-79.89652799990546,32.718433999948196],[-79.89677599960257,32.718385000072765],[-79.89700300028161,32.71832999998001],[-79.89704199974138,32.71832499969506],[-79.89718499985649,32.71832499969506],[-79.89741300036044,32.71837999979088],[-79.89749700002604,32.71841299968097],[-79.89752299996529,32.7184400001316],[-79.89754899990456,32.71847900018025],[-79.8976140002019,32.71868200013871],[-79.8976789996009,32.718846999664045],[-79.89771799995896,32.71891299984214],[-79.89782199971604,32.719051000194156],[-79.8978479996553,32.71912199970609],[-79.8978679997468,32.7192050001815],[-79.89789399968605,32.71939200018655],[-79.89796499983117,32.71946300018274],[-79.89806899958825,32.71949100020831],[-79.89815999982484,32.71949599967209],[-79.8984660001466,32.71954600034085],[-79.89857699957636,32.71959500033414],[-79.89859400019311,32.71962199967117],[-79.89861599993442,32.71965599974839],[-79.89863500020098,32.71970000022916],[-79.8986550002925,32.71972700029019],[-79.89871300001879,32.71977700007364],[-79.89878499998882,32.719820999738985],[-79.8989799999825,32.71985900005082],[-79.89904500027981,32.71988099986599],[-79.8990710002191,32.719898000234714],[-79.8991289999454,32.71999699969476],[-79.89918800039496,32.72014500024754],[-79.89918800039496,32.720232999949104],[-79.89918099982394,32.720310000089164],[-79.89916199955736,32.720381999993066],[-79.89913599961808,32.72041499989808],[-79.89907700006687,32.72047000021654],[-79.89897300030978,32.720535999949284],[-79.89903799970881,32.72019999997674],[-79.89901199976956,32.72016199981015],[-79.8989669995637,32.720118000313114],[-79.89887600022541,32.72010099998628],[-79.89860900026173,32.72002399966581],[-79.8985570003832,32.72002399966581],[-79.89851100035243,32.72003499993159],[-79.89841400026806,32.720079000225425],[-79.89844000020732,32.72000799996386],[-79.89844000020732,32.719935999758015],[-79.89830999961266,32.719953000116256],[-79.89832899987924,32.71999699969476],[-79.89833599955193,32.72002399966581],[-79.89833599955193,32.72005200027096],[-79.8982639995819,32.72009599980062],[-79.8981859997641,32.72012799992584],[-79.89805000021998,32.720149999674675],[-79.89799699961821,32.720149999674675],[-79.89797099967896,32.72016099992491],[-79.89789299986116,32.720221999707746],[-79.89788299981541,32.72023800012708],[-79.89785400040141,32.72029299979893],[-79.89783500013483,32.72035899966267],[-79.8978479996553,32.72049700004439],[-79.89783500013483,32.720590000312676],[-79.89779599977676,32.720629000176835],[-79.89770399971526,32.72069999994398],[-79.89776999983751,32.72079900002525],[-79.89779599977676,32.72082100036426],[-79.89781500004335,32.72085400010682],[-79.89782099989112,32.72088699983723],[-79.89779499995186,32.720953000017126],[-79.89776900001259,32.72100299986896],[-79.89764599998895,32.72110699974304],[-79.89765900040774,32.7212000001309],[-79.89774999974601,32.72126600007914],[-79.89783400030991,32.721289000175545],[-79.8978409999826,32.72132199974497],[-79.89771100028628,32.72145300029698],[-79.89766500025551,32.72152500003381],[-79.8975999999582,32.721640000122676],[-79.89758700043771,32.721683999624595],[-79.89760599980598,32.72181100017778],[-79.89763199974523,32.72185999968234],[-79.89769700004256,32.72190999978134],[-79.8978269997389,32.721925999897806],[-79.89781400021843,32.72199800000848],[-79.89781400021843,32.72204200008954],[-79.8978469998304,32.72207500013602],[-79.89792499964821,32.722097000160225],[-79.89806799976334,32.72214600026336],[-79.89829600026728,32.72240999998558],[-79.8989950000511,32.722705999637796],[-79.89928700012916,32.72273800033796],[-79.89951200026005,32.72276500023488],[-79.89973700039094,32.72279100026782],[-79.89980099996505,32.722789999656285],[-79.90057400026703,32.722777000018475],[-79.90168899997747,32.72275799973054],[-79.90209999988122,32.72265599998507],[-79.90242999959408,32.72264800037057],[-79.90280399968789,32.722641999714526],[-79.90345399996623,32.722445000371],[-79.9035999995561,32.72228900020993],[-79.90403999977215,32.7218230000898],[-79.90418700008524,32.72166800022047],[-79.90427199957577,32.72064000036799],[-79.90395799975639,32.720136999652006],[-79.90373799964837,32.71934399997608],[-79.90364399993703,32.71862999993648],[-79.90380100029587,32.71815399975754],[-79.90364399993703,32.71736099983219],[-79.90342399982902,32.716832000021554],[-79.90320500044422,32.71645000005041],[-79.90298500033619,32.716066000092454],[-79.90257600008228,32.71564300023277],[-79.9023879997613,32.71545799980116],[-79.90226200026292,32.71527199980157],[-79.90216799965326,32.71482299987444],[-79.90232500001211,32.71453200025312],[-79.90249200041669,32.71447899994978],[-79.90257600008228,32.71445299976094],[-79.90279600019029,32.71440000016643],[-79.90304800008538,32.714215000180005],[-79.90320500044422,32.71395099962894],[-79.90326700036849,32.71352700036099],[-79.90336199990473,32.713316000311195],[-79.90364399993703,32.7127869999408],[-79.90379000042522,32.71262399972593],[-79.90383300008293,32.71257599965229],[-79.90449199968378,32.71233800035413],[-79.90527699968133,32.71228500025882],[-79.90559499969865,32.712314000243566],[-79.9059720001655,32.712262000107856],[-79.90631699994701,32.712181999897986],[-79.90666299955342,32.712128999710046],[-79.90697700027108,32.71202399997196],[-79.90735399983963,32.711918000132634],[-79.9076049999098,32.71181200016734],[-79.90785599997996,32.71170600007605],[-79.90813899983718,32.71160099984014],[-79.90825099999017,32.71128099997841],[-79.90820099976146,32.7106489997704],[-79.90816999979933,32.71001399962317],[-79.90838999990736,32.709776000292536],[-79.90873499968885,32.70988199965362],[-79.90904900040653,32.710173000082996],[-79.90930100030161,32.71038400000853],[-79.90967799987014,32.710781000116754],[-79.90995999990245,32.71122999998179],[-79.91027399972181,32.711653000361146],[-79.91030399985905,32.712597999752184],[-79.91055699957903,32.712687000066836],[-79.91098900029746,32.712923999979104],[-79.91139000015546,32.71301699983008],[-79.91154199959311,32.712888999636235],[-79.91154400014126,32.712814999794695],[-79.91156000003478,32.712414999751914],[-79.91143600018623,32.71181200016734],[-79.911554000187,32.71180600029386],[-79.91172200041649,32.71179699972711],[-79.91193900015145,32.71178599995694],[-79.91225299997082,32.71170600007605],[-79.91269300018688,32.71167999983481],[-79.91325800007641,32.7116270001044],[-79.91366599960708,32.71157400034251],[-79.91429400014411,32.711520999793336],[-79.9147650003223,32.71149500025397],[-79.91539399978595,32.711415000112126],[-79.91577000042788,32.71133599988277],[-79.91587400018497,32.711317000180735],[-79.91661800017462,32.711177999970005],[-79.91699499974317,32.711071999881284],[-79.91746599992138,32.71086000008179],[-79.91790600013742,32.710621999984696],[-79.9183139996681,32.71038400000853],[-79.91847100002694,32.710278999728224],[-79.91849899961603,32.710256999812216],[-79.91866900039366,32.71012900019328],[-79.91869899963257,32.709934999664846],[-79.91871000040155,32.709859999639704],[-79.9186090001192,32.709490000104545],[-79.91858200035502,32.70943099979579],[-79.9185239997304,32.709304999761535],[-79.91837200029273,32.70913399991639],[-79.91810100013107,32.70902100035162],[-79.91777999974072,32.708864000130056],[-79.91749199986063,32.70879300001137],[-79.91710500024635,32.708727999917045],[-79.91688599996323,32.708755000275936],[-79.91659600043332,32.70876499965095],[-79.91624099970777,32.70869400020935],[-79.91610500016364,32.7085089997275],[-79.91603599966835,32.70828599968268],[-79.91622700036238,32.70808400027277],[-79.91656999959572,32.707872000175705],[-79.91706900026134,32.707583999878565],[-79.9174419996319,32.70722400027858],[-79.91774799995368,32.70680999962317],[-79.91799499982588,32.706442999650584],[-79.91821999995678,32.705735000181924],[-79.91821999995678,32.70488199986364],[-79.91811100017684,32.70462199989971],[-79.91788100002306,32.70407100020505],[-79.9174419996319,32.70331799975877],[-79.9173699996619,32.703226999774394],[-79.91698499969743,32.702736000101794],[-79.91657799999165,32.70222599986924],[-79.91650299964857,32.70213500028319],[-79.91627900024092,32.701863000302666],[-79.91620499972275,32.701772999681936],[-79.91623400003506,32.701757999821616],[-79.91641700033318,32.70168100029744],[-79.91718399988905,32.701394999863204],[-79.91735299994347,32.701345000359254],[-79.91753500041665,32.70128499985918],[-79.91771100014374,32.701219000245274],[-79.91779399998444,32.70119400006953],[-79.91830899964523,32.70104300028024],[-79.91899200043385,32.70078999967517],[-79.91933700021534,32.70064200027044],[-79.919460000239,32.70055899990957],[-79.91960300035412,32.700471999803575],[-79.91973399987538,32.700399999703855],[-79.91992200019635,32.70028500020102],[-79.92007799983197,32.7001689996847],[-79.92053599959137,32.6999159996257],[-79.92103400043204,32.69964200021092],[-79.92133999985549,32.69946000021193],[-79.92152200032868,32.69938900016983],[-79.92171700032235,32.69928999976136],[-79.9219249998365,32.69919599984455],[-79.92229599955726,32.69904800006438],[-79.9223609998546,32.699024000158616],[-79.9225240000612,32.69896499973288],[-79.92269300011561,32.69889899991521],[-79.92302399965341,32.698833000048644],[-79.92316099992075,32.69881199970287],[-79.92327100042392,32.698800999843776],[-79.92345399982372,32.69879499985139],[-79.92383100029058,32.69871300016629],[-79.92388300016913,32.69868499966653],[-79.92393500004766,32.69864100015939],[-79.92396099998692,32.69859199999553],[-79.924072000315,32.69859599974764],[-79.92440799987567,32.69861100013938],[-79.92452000002866,32.698618000270976],[-79.92475400038039,32.698417999643596],[-79.925058000154,32.69803399993446],[-79.92510599983459,32.69796999969631],[-79.92544200029356,32.697553999675634],[-79.92569800038659,32.69700999968885],[-79.92579399974775,32.69673799996405],[-79.92582600043312,32.69638600015701],[-79.92583099955768,32.6957799998746],[-79.92641300006396,32.695022999867376],[-79.9265009999275,32.69491099998924],[-79.92649900027767,32.69477000034108],[-79.92681899994481,32.69444999984146],[-79.92755500043687,32.693762000325975],[-79.92808299961817,32.69345799992344],[-79.92846699975773,32.692945999969155],[-79.92851500033662,32.69256200015542],[-79.92867500017019,32.69222599990844],[-79.92881900011022,32.69174600016993],[-79.92893100026323,32.69129800000077],[-79.92904300041621,32.69096200028867],[-79.92918700035627,32.69070599994721],[-79.92934700018982,32.690481999802344],[-79.92947500023634,32.69037000027517],[-79.92997099963058,32.690097999974476],[-79.93006699989006,32.6900820001978],[-79.9303389998766,32.69006599966228],[-79.93101099989626,32.69017800032685],[-79.9312669999893,32.69027400035261],[-79.93153899997584,32.69038600000023],[-79.931970999796,32.69086600024665],[-79.93216300031493,32.69113799971955],[-79.932563000348,32.69156999966957],[-79.93299500016815,32.69182599980155],[-79.93312300021466,32.69185800023893],[-79.9334429998818,32.691873999697336],[-79.93385899980841,32.69181000033456],[-79.93398699985494,32.69171399969235],[-79.93417900037387,32.691602000198706],[-79.93445100036044,32.69131400031554],[-79.93475500013405,32.69078599975472],[-79.93477900042349,32.69072800014716],[-79.9348799998075,32.69048599991787],[-79.93501100022708,32.69017800032685],[-79.93512300038007,32.689906000197254],[-79.93547499983426,32.68936199972017],[-79.93605099959444,32.68865800027536],[-79.936322999581,32.6885299999174],[-79.93643300008418,32.68848400021642],[-79.93671900031444,32.68845200008179],[-79.93708099981438,32.688450000356454],[-79.93770799962817,32.68849900003931],[-79.93800200025437,32.68850600020785],[-79.93809000011791,32.68849700031508],[-79.93832899959419,32.68850799993188],[-79.93894600026057,32.688469999875394],[-79.9393439997455,32.68839399971395],[-79.93958099957197,32.68831899973001],[-79.94002499998601,32.688101999844896],[-79.94027199985821,32.68793899990137],[-79.94072899979268,32.687603999895046],[-79.94102300041888,32.68752700025757],[-79.94214899999996,32.68704799970574],[-79.942441000078,32.686968000329124],[-79.94264600011743,32.68691100001138],[-79.94303500027985,32.68687000001224],[-79.94321299965677,32.68686299971551],[-79.94353700042018,32.68688899962695],[-79.94446200015982,32.686988999681006],[-79.94454800037354,32.686997999725726],[-79.9456789999775,32.687045999949035],[-79.94649300028738,32.687039999922526],[-79.9469460000239,32.686968000329124],[-79.94788400018233,32.68669900027412],[-79.94758399970836,32.68578700017241],[-79.94761200019576,32.68429600023893],[-79.94770000005931,32.68313200009263],[-79.94803499979506,32.68304299978963],[-79.9480520004118,32.68285099996382],[-79.94807599980295,32.682705000158656],[-79.94811599998592,32.682466999829906],[-79.94832100002533,32.68171400010809],[-79.9489100002043,32.681698000341285],[-79.94895700005998,32.68176900008781],[-79.94900399991563,32.68183999977786],[-79.9491000001751,32.681984999927955],[-79.94938899988011,32.68184400028053],[-79.94939800010093,32.68180199990819],[-79.94940800014668,32.681758999956564],[-79.94944800032965,32.68171499966808],[-79.94949099998735,32.68168500000889],[-79.94955399973654,32.68167699974523],[-79.94961599966081,32.681652999706024],[-79.94968099995816,32.68165000026774],[-79.94979899995892,32.68159899997225],[-79.94991600013479,32.6815470000858],[-79.95004300035639,32.68150999965375],[-79.9500919998619,32.68151400017121],[-79.95009699988475,32.68156400019739],[-79.95017399987765,32.68155799980256],[-79.95022800030432,32.68153300016932],[-79.95036399984845,32.681505999892224],[-79.9503880001379,32.681490000088154],[-79.9504669997806,32.68146999976203],[-79.95048500022227,32.68144800030545],[-79.9506480004289,32.68139399969167],[-79.95073999959209,32.68135599963218],[-79.9508269996307,32.68130800013095],[-79.95090699999666,32.68126400037637],[-79.95116700028765,32.68123399980959],[-79.95165400035938,32.68116500028232],[-79.95175100044375,32.68115199987235],[-79.95228000034828,32.68111600035557],[-79.95237999990738,32.68110900036388],[-79.95268200003117,32.681094999622665],[-79.95278300031352,32.681090000275525],[-79.9530989997827,32.68101199998989],[-79.95363699990804,32.680880999793146],[-79.95403799976604,32.680743000139934],[-79.95410800008624,32.680720000177054],[-79.95402100004759,32.68048300018117],[-79.9535709997858,32.68047400023589],[-79.95310899982844,32.680456000342694],[-79.95300300042155,32.68045199977785],[-79.95264000019839,32.680300999684064],[-79.95225299968578,32.679823000027255],[-79.9519439998893,32.6794769998471],[-79.9511699997624,32.6792819996423],[-79.95081199956209,32.67929299963806],[-79.95049799974274,32.67930300004544],[-79.95018800012134,32.67925999964677],[-79.95000700037137,32.679040999739335],[-79.94989699986823,32.67899200015959],[-79.94956899980517,32.67884600009493],[-79.94946000002521,32.67879900034958],[-79.94950799970579,32.67870699997217],[-79.94973000036195,32.67831299965085],[-79.9502759999849,32.677347000072054],[-79.95059599965204,32.676889999943725],[-79.95091600021749,32.676434999740174],[-79.95097599959364,32.67630500001246],[-79.95104400026402,32.67616300009371],[-79.95115300004396,32.675918000081275],[-79.95121099977027,32.67578899998363],[-79.9512839995652,32.67585999989044],[-79.95150399967325,32.67607700003319],[-79.95157800019139,32.67614999971179],[-79.9517539999185,32.67632200036569],[-79.95216900002019,32.676732999914364],[-79.95316599972985,32.67771800013776],[-79.95393999985676,32.67848800022113],[-79.9540279997203,32.67857600017528],[-79.95440400036223,32.67903899980331],[-79.95447399978413,32.67912500003663],[-79.95454999995212,32.67921899991553],[-79.95459099995999,32.679270000057855],[-79.9549430003125,32.67970700014243],[-79.95506100031326,32.67985300031193],[-79.95508800007744,32.679888000001185],[-79.95517099991814,32.679994000078196],[-79.95519900040554,32.68003099962603],[-79.9552870002691,32.68014499993489],[-79.95550800020202,32.68043000007053],[-79.95555300040786,32.680486999988496],[-79.95564399974614,32.68060099971537],[-79.95597500018226,32.68101799966531],[-79.95626700026031,32.68138499983821],[-79.95678799976889,32.68204200036568],[-79.95696900041717,32.68227000024078],[-79.95730099977987,32.6826880002642],[-79.95736000022944,32.6827620001369],[-79.95743399984926,32.6828549996651],[-79.95765999980509,32.683140999769975],[-79.95823899993832,32.6838689998219],[-79.95873299968272,32.68450500029017],[-79.95889099986647,32.6847089999517],[-79.95908800040827,32.68496300029471],[-79.95913199989089,32.684933000214436],[-79.95926699961011,32.684844000194225],[-79.95931199981594,32.68481500035534],[-79.95992600010928,32.684404000192636],[-79.9601679999586,32.68424300012282],[-79.96068699981738,32.68400899976215],[-79.96047400028036,32.68367799979782],[-79.96563399962915,32.681391000244666],[-79.96733199967078,32.68063799976789],[-79.9673550001353,32.68051700005015],[-79.9677710000619,32.680273000214434],[-79.96756799967231,32.67997600008821],[-79.96588200022457,32.67754100035775],[-79.96723399976146,32.67689100031391],[-79.96729999988372,32.676895000282094],[-79.96732099980011,32.67693000037428],[-79.96730900010455,32.676987000257434],[-79.96729099966288,32.67704499971652],[-79.96727599959425,32.677098000323454],[-79.9672560004011,32.67715300012116],[-79.96722399971573,32.67720500029748],[-79.96719799977645,32.67725600007738],[-79.96717900040821,32.677312999752516],[-79.96717000018737,32.67733900017596],[-79.9670739999279,32.67797100034642],[-79.96712400015662,32.678398000229905],[-79.96717699986006,32.678665999987096],[-79.96719500030173,32.678688000128986],[-79.96721899969285,32.67874099976105],[-79.96724600035536,32.67879400011784],[-79.9672709995714,32.67884600009493],[-79.96729800023388,32.678896000102505],[-79.96734000006668,32.67893899992026],[-79.967397999793,32.67896899974573],[-79.96744899984662,32.67900300019099],[-79.96750599974803,32.679031000058764],[-79.96756900039554,32.67905100017492],[-79.9676299995966,32.679071999876236],[-79.96770499993967,32.679086000178444],[-79.96804899989624,32.67912100016825],[-79.96839200002792,32.6789220000651],[-79.96872699976367,32.67859100015018],[-79.96877899964223,32.67854000037635],[-79.96883499971871,32.67844700013552],[-79.96885200033546,32.678387999721195],[-79.96886300020611,32.67833000037807],[-79.968868000229,32.678268999933124],[-79.96886599968084,32.67821099975657],[-79.96886300020611,32.67815399989834],[-79.96885999983306,32.67809500004657],[-79.96885800018323,32.67803699975702],[-79.96885800018323,32.67800999993532],[-79.96885800018323,32.67798199974749],[-79.96886499985594,32.67792600010171],[-79.96884200028973,32.67781300034497],[-79.96883100041906,32.67775600023276],[-79.96882600039619,32.677697000118094],[-79.96880499958148,32.67764199989927],[-79.96878799986305,32.6775869996465],[-79.96878299984017,32.677528999783206],[-79.9687639995736,32.67747299985342],[-79.96873900035756,32.67741899986087],[-79.9687150000681,32.67736800017398],[-79.96868300028106,32.67731699970182],[-79.96866999986226,32.677260999639124],[-79.96866700038753,32.67720300032028],[-79.96888999997029,32.6767220003595],[-79.96899700010042,32.67665300037116],[-79.96905400000183,32.676620000160675],[-79.96911299955306,32.676594000284105],[-79.96916899962955,32.676565000034806],[-79.96918899972104,32.67655900006029],[-79.96925999986615,32.676511999867714],[-79.96927800030781,32.676499000292736],[-79.96931199974469,32.67647700036792],[-79.96935000027784,32.67645200006866],[-79.9694189998748,32.67641800016461],[-79.96949099984484,32.676398999834525],[-79.96954100007355,32.67638499986727],[-79.96959399977698,32.6763640002904],[-79.96965999989924,32.67631600037484],[-79.96971299960268,32.676277999667214],[-79.96973900044026,32.67625900006352],[-79.96979399979352,32.676221000087814],[-79.9698209995577,32.67620399971537],[-79.96988099983217,32.676179999717796],[-79.96991500016736,32.676169999716926],[-79.96995100015236,32.676159000092724],[-79.97000600040396,32.67613399970447],[-79.97012799970437,32.67608399966314],[-79.97018499960578,32.676055000004375],[-79.97035799985814,32.675962999825316],[-79.97050099997328,32.6758960000133],[-79.97167299958512,32.67777500027421],[-79.97197700025704,32.678259999764784],[-79.97283500004953,32.67781900023526],[-79.97336999980183,32.67754599990348],[-79.97350399969613,32.677530999753095],[-79.97363799959042,32.67752600020647],[-79.9737840000786,32.677486999650164],[-79.97349299982547,32.67703400020006],[-79.97207299961819,32.67486500020445],[-79.97221099971046,32.67495000028378],[-79.97230799979485,32.674988999679286],[-79.97239999985635,32.67501599965795],[-79.97266599999512,32.675037999942646],[-79.97283500004953,32.675077000055914],[-79.97290700001955,32.67508199973955],[-79.97297200031689,32.67507099998144],[-79.97312100027979,32.67502199973618],[-79.97349200000056,32.67487899965371],[-79.97369000036727,32.674715000134036],[-79.9745649998782,32.67591000005715],[-79.97602100007049,32.675295999852096],[-79.9761569996146,32.67523899964608],[-79.97539799955632,32.674084999658916],[-79.97544899960995,32.67407100008518],[-79.97549600036395,32.67405499970551],[-79.97554300021959,32.67403799967703],[-79.97559199972508,32.67400099991524],[-79.97563899958074,32.67396099968542],[-79.97568999963438,32.67392500029511],[-79.97571399992383,32.67390699983832],[-79.97598599991039,32.67360200024316],[-79.97601799969745,32.67357400018599],[-79.9760570000555,32.6735260002836],[-79.97608800001764,32.673476999947084],[-79.97612599965247,32.67343199970694],[-79.97616800038357,32.67338500013764],[-79.97620699984333,32.673337999787506],[-79.97623600015564,32.673287000039245],[-79.97626799994269,32.673234000195826],[-79.97633499988984,32.673133000207486],[-79.97634999995844,32.673074999720825],[-79.9763609998291,32.6730180003662],[-79.97652499986064,32.67255100037075],[-79.97658299958695,32.6723619996706],[-79.97742500038423,32.67204699963166],[-79.9779790004031,32.67184799964918],[-79.97845499970585,32.671605999677446],[-79.97851199960726,32.67157700007742],[-79.97857199988171,32.67155199991929],[-79.97863600035413,32.67153599984462],[-79.97905899995342,32.67159199971524],[-79.97930300035091,32.67156199968088],[-79.97949699962135,32.67143399977395],[-79.97986700041551,32.671609000209145],[-79.97986800024043,32.67164899997964],[-79.97992699979166,32.67171500028017],[-79.97995299973093,32.67179199993901],[-79.97995299973093,32.671961000145856],[-79.97994000021045,32.67205299990923],[-79.97997500037056,32.67209300023714],[-79.98062499975059,32.67208900005391],[-79.98064900004002,32.67208900005391],[-79.98069199969773,32.67209800008782],[-79.98073799972848,32.672116000152904],[-79.98079899982784,32.67214600000125],[-79.98086499995007,32.67217099999318],[-79.98093199989725,32.67219500031158],[-79.98096200003447,32.67220200024571],[-79.98100300004235,32.67224500026107],[-79.9810490000731,32.672284000081255],[-79.98109900030181,32.67230900003463],[-79.98124499989169,32.67223800033037],[-79.9819140004366,32.67231399987324],[-79.98197999966052,32.672325999635916],[-79.98204699960768,32.67233600006714],[-79.98211399955483,32.67234599974099],[-79.98217800002725,32.67235600016991],[-79.9822449999744,32.672363000091444],[-79.98238100041682,32.67236700026238],[-79.98252399963366,32.67258899963905],[-79.98300400003266,32.67245500019711],[-79.98305199971324,32.67244200003176],[-79.98306400030711,32.6724750002733],[-79.98312200003345,32.67245799994418],[-79.9831899998055,32.672444000115476],[-79.98325799957757,32.67243200036859],[-79.98332200004998,32.672419000199895],[-79.98338899999713,32.67240199986011],[-79.98347000018799,32.67239299985689],[-79.98353499958701,32.67239900011121],[-79.98359099966349,32.67242899986452],[-79.98362300034887,32.672478999683044],[-79.9836400000673,32.67253600013773],[-79.98364900028814,32.672590000057355],[-79.9836459999151,32.672603000201164],[-79.98388500028969,32.67298100018195],[-79.98391000040405,32.67299099978362],[-79.98397599962797,32.67299900006913],[-79.98400199956724,32.67299499992643],[-79.98402000000891,32.67304599984144],[-79.98428500032276,32.67299000012599],[-79.98441699966892,32.67296199987701],[-79.98479699961052,32.672955000002425],[-79.98489299987,32.672932999960956],[-79.98490200009083,32.67279999993857],[-79.98554499979817,32.672563999764044],[-79.98593300013567,32.67258399981585],[-79.98583400040148,32.67235699983468],[-79.98566199997401,32.67196500033479],[-79.98595400005208,32.67187299972454],[-79.98719799963393,32.671482999718634],[-79.98764200004794,32.671340999697044],[-79.98875599993346,32.67115700012151],[-79.98889099965268,32.67108499982273],[-79.9893490003104,32.67087100020983],[-79.98967599965023,32.67084599985408],[-79.98986599962102,32.67082699985131],[-79.98999799986551,32.67081400020521],[-79.99038000035524,32.670688000105955],[-79.99111599994899,32.67043899994526],[-79.99162599958693,32.67084099993332],[-79.99140899985194,32.671924999949574],[-79.9914540000578,32.672327999722235],[-79.99134100007987,32.672621999826255],[-79.99122599955385,32.672753999697186],[-79.99110599990324,32.67288600012921],[-79.99109400020768,32.67303200010489],[-79.99106499989537,32.67323299978475],[-79.99147099977623,32.67325200003204],[-79.9916230001122,32.673251000377284],[-79.99185599974071,32.67323200012979],[-79.99197200009166,32.673214999944705],[-79.9921510001918,32.673175999774735],[-79.9923419999875,32.673122000209325],[-79.99245099976744,32.67308500006814],[-79.99264800030925,32.673003999869074],[-79.99282400003636,32.67291599971899],[-79.99287300044014,32.67288299964032],[-79.99287199971694,32.67279900027882],[-79.99284300030294,32.672755000113625],[-79.99284599977766,32.67271300000446],[-79.99288299958758,32.672657999741666],[-79.99291799974769,32.672601999782955],[-79.99294100021221,32.672502000255584],[-79.99296100030371,32.672388999687044],[-79.99298399986992,32.67228299965954],[-79.9930170003802,32.6721980000674],[-79.99305500001503,32.67213200012367],[-79.99308599997717,32.67208900005391],[-79.99306900025874,32.67205799976217],[-79.99303800029661,32.67203099964569],[-79.99308900035021,32.67204500029523],[-79.99311199991644,32.67204399987084],[-79.99313000035811,32.6720029998523],[-79.99317300001582,32.671943999718856],[-79.99326900027526,32.67182899985949],[-79.99334600026818,32.67172500002359],[-79.9933830000781,32.67165100008112],[-79.99339200029894,32.67161999963745],[-79.99333200002445,32.67155899990374],[-79.99320200032813,32.671454000078704],[-79.99316299997007,32.671451000297985],[-79.99318100041172,32.6714100000073],[-79.99316399979497,32.67136399980636],[-79.99315700012228,32.67134400023766],[-79.99314600025163,32.67129199967446],[-79.99315600029736,32.67124800027947],[-79.99309400037309,32.67120199999514],[-79.99308199977922,32.671164000136905],[-79.99304900016725,32.67112600026256],[-79.99298600041806,32.671032999865005],[-79.9929679999764,32.671016000017694],[-79.99295600028084,32.67091999970703],[-79.99302300022799,32.67081900012749],[-79.9930320004488,32.670800000118966],[-79.99303599974844,32.670752000238615],[-79.99305400019011,32.67073399989874],[-79.99308699980209,32.670733000215805],[-79.9932490001838,32.67033500000381],[-79.9932709999251,32.67035299966782],[-79.99333399967429,32.67036800026734],[-79.9933410002453,32.67035499979837],[-79.99329400038964,32.67034099964015],[-79.9932859999937,32.670301000040276],[-79.99327699977289,32.670192999670036],[-79.9932779995978,32.669962000141325],[-79.99329799968929,32.66993099986777],[-79.99333899969717,32.669910000286166],[-79.99349699988092,32.669910000286166],[-79.99357700024686,32.669888999943474],[-79.99365500006465,32.669876000160954],[-79.99368199982885,32.66985600025918],[-79.99376300001968,32.6694620002226],[-79.99410699997628,32.66896399993624],[-79.99409199990765,32.66893200036957],[-79.99405199972469,32.66889200013895],[-79.99399999984615,32.668841999825446],[-79.99397300008198,32.668810000215075],[-79.9939680000591,32.66874900007542],[-79.99398300012771,32.66865900010318],[-79.99396300003625,32.66857900013581],[-79.99393100024919,32.668511000371865],[-79.99396300003625,32.668403000106636],[-79.99401499991477,32.6683580003357],[-79.99412899971759,32.66833399974281],[-79.99418599961899,32.668327999971716],[-79.99436499971914,32.668307999723446],[-79.9945100003824,32.66828300016303],[-79.99462599983505,32.66826000001676],[-79.99474499966072,32.66825100035248],[-79.99480900013315,32.66825700012874],[-79.9948190001789,32.66826400037141],[-79.99482599985159,32.668272000323924],[-79.99483000004955,32.668281999696454],[-79.99483400024751,32.66829499971087],[-79.99483900027039,32.66831100036591],[-79.99484699976797,32.66833099985729],[-79.99485699981373,32.668353999985264],[-79.99486600003455,32.668374000223245],[-79.99488100010318,32.66840199964146],[-79.99489500034687,32.66842600021609],[-79.99491999956291,32.66846300001801],[-79.99494700022542,32.66849699992471],[-79.99496200029404,32.668514999959044],[-79.99497999983738,32.668533999697296],[-79.99499800027903,32.66855300018766],[-79.99501099979952,32.66856499969931],[-79.995030999891,32.66858200001295],[-79.99508600014258,32.668620000213075],[-79.99516099958736,32.668664999852055],[-79.99525799967172,32.66870800005729],[-79.9953470002585,32.66873600012701],[-79.99545600003844,32.66875600027949],[-79.99553499968114,32.6687620000219],[-79.99561300039727,32.6687610003169],[-79.99571200013148,32.668715999970054],[-79.99579999999501,32.66871699967554],[-79.99584400037595,32.66871899984265],[-79.99589299988145,32.66871199963566],[-79.9959609996535,32.66869599980862],[-79.99600099983647,32.66867200006275],[-79.9960889997,32.66863300017832],[-79.99616300021817,32.668594999983725],[-79.99626500032545,32.668499999804666],[-79.9963899999989,32.66843499986274],[-79.99651899987033,32.668374000223245],[-79.99666500035852,32.6683129997859],[-79.99666899965816,32.668260999727295],[-79.99681099994838,32.66819900025779],[-79.99685799980405,32.66811800016641],[-79.99684600010849,32.66795200015114],[-79.99683699988766,32.667838999877745],[-79.99675300022206,32.66770599983468],[-79.99667600022917,32.66762599977031],[-79.99659900023627,32.66754499991567],[-79.99643799967949,32.667379000348404],[-79.99630600033332,32.667242999698615],[-79.99611700018744,32.667102000224325],[-79.99598699959277,32.66696299997779],[-79.99587199996505,32.66676199980465],[-79.9958610000944,32.66669199995803],[-79.99604199984437,32.66660099969731],[-79.9961859997844,32.66650100025962],[-79.99632899989955,32.666423000091164],[-79.99665699996261,32.66637599985985],[-79.99675099967394,32.666404999635404],[-79.99690999968259,32.66654900015493],[-79.99694999986556,32.666607000340605],[-79.99698199965262,32.66675399971694],[-79.99692999977407,32.666908999682256],[-79.99691100040582,32.667028999958625],[-79.99694700039082,32.66711199972778],[-79.996966999584,32.66717699987584],[-79.99697599980483,32.66722099976312],[-79.99696599975908,32.667257000342246],[-79.99700799959187,32.66750499982037],[-79.99730100039315,32.66755700031891],[-79.99794999994825,32.66768600020342],[-79.99925600035272,32.667936999902246],[-80.00057899957729,32.665382999910236],[-80.00171599992734,32.664127000333984],[-80.00272100003293,32.66301599967661],[-80.00298999964643,32.66279700003111],[-80.00322399999818,32.662476999915604],[-80.00330199981597,32.66237100022974],[-80.00367000006202,32.661906999896964],[-80.00378700023788,32.66179199997661],[-80.00434200008165,32.66125100006257],[-80.00553399978499,32.66035299975489],[-80.00576599958858,32.66017899976522],[-80.00613999968239,32.65989999964854],[-80.00636200033856,32.65973400025017],[-80.0065830002715,32.659569000351276],[-80.00659199959401,32.65955999981177],[-80.00690200011373,32.659330999644446],[-80.0077819996475,32.658835000011564],[-80.00803699991565,32.65867800002092],[-80.0085199997894,32.65838400017344],[-80.0086810003462,32.658284999683055],[-80.00893400006618,32.658130999710686],[-80.0090830000291,32.65800800011189],[-80.00914199958034,32.6579590003414],[-80.00918599996126,32.657923999624565],[-80.00928800006851,32.65783899998739],[-80.00955900023015,32.65761499985362],[-80.00957400029877,32.65760299962803],[-80.00983000039182,32.657299000182526],[-80.01000299974586,32.657053999874606],[-80.0102019999375,32.65677200031888],[-80.01040100012912,32.6564899998736],[-80.01059799977261,32.6562110003438],[-80.01062999955967,32.65616300019049],[-80.01131099980013,32.65518299987207],[-80.01139799983879,32.65505900014043],[-80.01153799958087,32.65485599994621],[-80.0116530001069,32.65469000025708],[-80.01176799973463,32.654522999639134],[-80.01200299991126,32.6541819999039],[-80.01223899991282,32.65383999975256],[-80.0123579997385,32.653667999690725],[-80.01255899957995,32.65330299962851],[-80.01286999992458,32.65274000005056],[-80.01290099988672,32.65269599984147],[-80.0136380002037,32.65168399964546],[-80.01394299980224,32.6512809998113],[-80.01418200017683,32.65096399978213],[-80.01422400000962,32.650920000211805],[-80.01475799993699,32.65035600008875],[-80.01551000032259,32.64933200005812],[-80.01564199966876,32.64903799973079],[-80.01608600008277,32.648052000359186],[-80.01616999974834,32.64782200027372],[-80.01623099984772,32.647653999745344],[-80.01629199994709,32.64748599965776],[-80.01647000022231,32.64699599980578],[-80.01669399963,32.6464839997935],[-80.01677999984373,32.64617199994418],[-80.01680199958504,32.64609300023147],[-80.01694999972302,32.64555599972218],[-80.01728600018201,32.64437199986625],[-80.01747600015283,32.64371200001429]]],[[[-79.96286699990785,32.687566000209884],[-79.96275599957977,32.687380999780736],[-79.96108100000266,32.68462299980282],[-79.96096100035207,32.6846750001665],[-79.96031199989865,32.68496200001494],[-79.9602299998829,32.68499899977288],[-79.96017700017943,32.685025999749996],[-79.95995700007141,32.684729000308536],[-79.959455999756,32.68502399994799],[-79.95949000009118,32.6850729999988],[-79.95955399966529,32.685166999666045],[-79.95960100041924,32.68523400008431],[-79.95964200042714,32.68529200023656],[-79.95967300038927,32.685334999999164],[-79.95981399995628,32.68555100028709],[-79.9598580003372,32.685637000298335],[-79.95989500014713,32.68570999972414],[-79.95996999959189,32.685849000288734],[-79.96000099955403,32.68589900015607],[-79.96020499976854,32.68623900032593],[-79.96033899966284,32.68646200026802],[-79.96037700019599,32.6865259996841],[-79.96144300040093,32.68593199996241],[-79.96158099959487,32.68614099996503],[-79.96040099958711,32.68684500035396],[-79.96041800020386,32.6868730000313],[-79.959463000327,32.687349000006876],[-79.95919600036329,32.687479999788366],[-79.95933399955726,32.688766000245636],[-79.95937799993818,32.6888309997588],[-79.95941200027337,32.68889700021632],[-79.95938899980884,32.68899199987281],[-79.95943800021264,32.6890360003559],[-79.95952699990112,32.689107999793784],[-79.95961399993973,32.689163999988466],[-79.95964900009984,32.689204999690226],[-79.95967199966607,32.689240000250535],[-79.95966300034354,32.689286999793296],[-79.95969900032856,32.689303999943526],[-79.95973899961322,32.68930900034287],[-79.95978299999415,32.68933299983656],[-79.95981899997916,32.68936299995067],[-79.95990500019289,32.689454999935165],[-79.95987300040584,32.68934100017038],[-79.95992299973622,32.689266999701324],[-79.95996200009428,32.68921000009517],[-79.9600919997906,32.68911499991459],[-79.96006699967627,32.689045000194334],[-79.96012100010294,32.68899700028961],[-79.96017700017943,32.68898700021171],[-79.9602800001116,32.68890400035361],[-79.96034200003588,32.68882499985223],[-79.96007099987422,32.68844499990901],[-79.95999499970625,32.68834499997348],[-79.96021399998936,32.688175000279735],[-79.96033799983792,32.688286000049764],[-79.96051799976297,32.688490999630076],[-79.96054600025037,32.68844699963441],[-79.9603860004168,32.688243999682996],[-79.96043999994518,32.6882000003217],[-79.96060800017464,32.68841599972755],[-79.96065900022829,32.68839300022873],[-79.96075200011471,32.68830500011915],[-79.96077300003111,32.68828700029224],[-79.96067199974875,32.68826599973356],[-79.9605830000603,32.68815900015846],[-79.96050199986945,32.688075000041806],[-79.96048900034897,32.68806000014763],[-79.96044999999091,32.68801799967462],[-79.96043800029535,32.688004000016576],[-79.96052899963362,32.68793299993495],[-79.96059399993095,32.68788399994147],[-79.96079999979528,32.687718999858355],[-79.96089000020696,32.68764700005646],[-79.96095299995616,32.68773900029707],[-79.96170600016666,32.687278000160404],[-79.96208399956011,32.68780999977691],[-79.96229799982036,32.68766500001232],[-79.96231799991185,32.68765199979253],[-79.962420999844,32.68765400029174],[-79.9624979998369,32.687633000340234],[-79.96252999962395,32.687660999770465],[-79.96256800015709,32.68770599964641],[-79.96261199963972,32.6877309998197],[-79.96267699993703,32.68773399980975],[-79.96280800035662,32.687679999972865],[-79.96285799968702,32.68765199979253],[-79.96286699990785,32.687566000209884]]],[[[-79.9466649998165,32.670609999811376],[-79.94649300028738,32.67042199998493],[-79.94635699984494,32.67046200028683],[-79.94595699981184,32.670356999928806],[-79.94595099996407,32.67040000007592],[-79.94594299956815,32.670513999820756],[-79.94597000023063,32.67062699973594],[-79.9459600001849,32.670776999864415],[-79.94605700026929,32.6708070001624],[-79.94608099966041,32.670807999844435],[-79.94631500001215,32.670812999767044],[-79.94639899967773,32.670797000316234],[-79.9466649998165,32.670609999811376]]],[[[-79.94343799978768,32.6724710001072],[-79.9433969997798,32.672211000268256],[-79.94322000022778,32.67223699990809],[-79.9427919997073,32.67230200010887],[-79.94283500026333,32.67257099966926],[-79.94343799978768,32.6724710001072]]],[[[-79.94792699984004,32.67094200024419],[-79.9479030004489,32.67088699964732],[-79.9478330001287,32.670726999849585],[-79.9471929998961,32.67090099972],[-79.94728499995763,32.67113699975026],[-79.94741300000415,32.671096999750546],[-79.9477979999686,32.67098000019685],[-79.94792699984004,32.67094200024419]]],[[[-79.94675600005311,32.670011999828034],[-79.94659100019665,32.66994399964227],[-79.9465450001659,32.66987699985343],[-79.946432000188,32.66986199992769],[-79.94634199977632,32.66994500009024],[-79.94637199991355,32.67003500027953],[-79.94641600029448,32.670065000070394],[-79.94652199970137,32.67003699966094],[-79.94658000032602,32.669996999924955],[-79.94655799968639,32.67010600022207],[-79.94672599991587,32.670140000259806],[-79.94675600005311,32.670011999828034]]],[[[-79.9471929998961,32.67090099972],[-79.94715199988822,32.670797000316234],[-79.94703399988745,32.67084000025165],[-79.94708499994107,32.67095499987161],[-79.9471929998961,32.67090099972]]]]}}]}