{"type": "FeatureCollection", "features": [{"type": "Feature", "geometry": {"type": "Polygon", "coordinates": [[[-81.49778900038042, 34.17991000008275], [-81.49657000001461, 34.179229000277125], [-81.49600099992712, 34.17890000027882], [-81.49573099959036, 34.17874599999698], [-81.495492999939, 34.178597000209564], [-81.49471999963701, 34.1780889997197], [-81.49248600001818, 34.17656699987772], [-81.48835000014323, 34.17374000023009], [-81.48636300039662, 34.17238200034778], [-81.48634599977987, 34.172370999912], [-81.48617900027361, 34.17226000029892], [-81.48565899969162, 34.17190399995228], [-81.48550499970581, 34.171798000160244], [-81.48521900037387, 34.17159499994144], [-81.4850810002816, 34.171488000116526], [-81.48494400001427, 34.171375000049956], [-81.48482299964043, 34.171269000336714], [-81.48459800040786, 34.17103299999215], [-81.48448100023198, 34.170900000338676], [-81.48427600019257, 34.17063099995182], [-81.48418999997885, 34.17050199977713], [-81.48404000019103, 34.17023600007352], [-81.48397999991656, 34.17011399989552], [-81.4839129999694, 34.16997700014337], [-81.48377099967921, 34.1696009998003], [-81.4836870000136, 34.16935800007523], [-81.48368100016583, 34.16934099973791], [-81.4836500002037, 34.16925899998662], [-81.48355800014218, 34.16901300025483], [-81.48352800000495, 34.168931999859886], [-81.48316200030705, 34.16878799970919], [-81.48255499968641, 34.16850700014763], [-81.48205099989627, 34.16827600015666], [-81.4809129997213, 34.1677550002983], [-81.47764300003477, 34.16625800000319], [-81.476174000322, 34.165585999694834], [-81.47559600001367, 34.16532500018341], [-81.47386299981196, 34.164544999704894], [-81.47328600022688, 34.16428600015157], [-81.47308600021034, 34.16421100029614], [-81.47307399961645, 34.1642069998857], [-81.47291299995798, 34.16415499973623], [-81.47276599964488, 34.16411899972835], [-81.47264500016936, 34.1640939997345], [-81.4725349996662, 34.16408100024019], [-81.47241099981764, 34.164073999882724], [-81.47235700028928, 34.164070999941714], [-81.47218599968673, 34.16407500035856], [-81.47198900004324, 34.16407999976442], [-81.46992799977848, 34.164167999962416], [-81.46959100039288, 34.164182999649206], [-81.46904900006959, 34.16419099972877], [-81.4688249997636, 34.164178999980734], [-81.46858100026445, 34.16414500018984], [-81.46839100029364, 34.16408900032947], [-81.46820700017064, 34.16401500003225], [-81.4680499998118, 34.16393400004442], [-81.46787499990961, 34.16383399980542], [-81.46407399977042, 34.16114999985983], [-81.4637830004156, 34.16094499976687], [-81.46342600004022, 34.16070700000275], [-81.46318199964274, 34.160566000010284], [-81.4630150001365, 34.16048300013658], [-81.46283699986124, 34.16040199973339], [-81.46264500024063, 34.16032499984706], [-81.46207699997805, 34.1601250003644], [-81.46190399972569, 34.16006900006754], [-81.46138599969183, 34.15990099969755], [-81.46134200020923, 34.1598869997755], [-81.46121300033779, 34.159848999869254], [-81.46114700021555, 34.15983000028136], [-81.46108799976601, 34.15981400003821], [-81.46097099959015, 34.15978399985298], [-81.46071899969506, 34.15970300026584], [-81.46059700039464, 34.159663999748695], [-81.4602989995705, 34.1595659999706], [-81.459404999793, 34.159272999743415], [-81.4591079996921, 34.1591760000454], [-81.45884400010144, 34.15908200035439], [-81.45782300010232, 34.1586960003521], [-81.45698600022625, 34.158373000136116], [-81.45695799973885, 34.15836299990486], [-81.45652300044398, 34.15820100015669], [-81.45610900016719, 34.158068000355975], [-81.45589599973187, 34.15800999982959], [-81.45522000041257, 34.15785799969637], [-81.45414800035985, 34.15763100027916], [-81.45387600037328, 34.15757700017733], [-81.4536739998086, 34.1575439997677], [-81.45283699993252, 34.15743600016153], [-81.45250700021964, 34.15739300009408], [-81.45031700008342, 34.157099999760185], [-81.45013700015836, 34.15707599973344], [-81.44807000004582, 34.15679300020469], [-81.44787000002925, 34.15676500007105], [-81.44727099980456, 34.15668399981801], [-81.44713899956005, 34.15666600008164], [-81.44707199961292, 34.156659999673025], [-81.4468809998172, 34.15664199993154], [-81.4465839997163, 34.15662199980128], [-81.44631099990481, 34.15662199980128], [-81.44599799991036, 34.156649000161835], [-81.44560000042542, 34.15670099973072], [-81.44458699992393, 34.156913999746294], [-81.44406200021737, 34.157026000027535], [-81.4433170004028, 34.15718699998573], [-81.44289300008026, 34.15727700030417], [-81.44257000004008, 34.157341000207964], [-81.44254400010081, 34.157345000200365], [-81.44245600023727, 34.157357999988456], [-81.44224199997703, 34.15739300009408], [-81.44183400044633, 34.157414999664574], [-81.4414660002003, 34.15739499971739], [-81.44125399958986, 34.15736400034741], [-81.44091499965617, 34.1573010002738], [-81.43986400041814, 34.15705499989032], [-81.43962099984559, 34.15699899978751], [-81.43901099975022, 34.15685100008031], [-81.43873700011385, 34.15678100014858], [-81.43768699980242, 34.15653200027144], [-81.43728500011952, 34.15643700004424], [-81.4371229997378, 34.1564079999692], [-81.43691699987349, 34.15638600013636], [-81.43673100010064, 34.1563730001987], [-81.43647900020555, 34.15637199963154], [-81.43618499957938, 34.156383999745835], [-81.43600899985228, 34.156395999858375], [-81.4355600003137, 34.15642499993748], [-81.43497699998252, 34.156467999754526], [-81.43362600027054, 34.15657699967664], [-81.43226899981246, 34.1566870000215], [-81.4321519996366, 34.156691999864826], [-81.43201199989451, 34.156699000090974], [-81.43180400038037, 34.15670399993358], [-81.43176599984723, 34.156706000316596], [-81.43168800002942, 34.15670099973072], [-81.43165200004441, 34.156698000271106], [-81.4313850000807, 34.156673000309944], [-81.43101799965959, 34.156620000159656], [-81.43045699996803, 34.156542999797885], [-81.43032600044677, 34.156525999853365], [-81.42950600028912, 34.15639999989549], [-81.42939099976309, 34.15637999970791], [-81.4292860001811, 34.15636100008283], [-81.42903599993585, 34.15630500026317], [-81.42883400026948, 34.1562510000567], [-81.42867899956046, 34.15620400008295], [-81.42841800034286, 34.156105000179174], [-81.42811200002112, 34.15595199976174], [-81.42789600011105, 34.15582499986059], [-81.42773399972934, 34.15571700028603], [-81.4275689998729, 34.15559499993976], [-81.4274209997349, 34.155475999663686], [-81.42712199998415, 34.15522000005073], [-81.42707799960323, 34.155184999787785], [-81.4269770002192, 34.15510400024935], [-81.42682300023341, 34.15496500024547], [-81.42613399959701, 34.154380999991545], [-81.42589099992277, 34.15420599976676], [-81.42574600015782, 34.15408099991521], [-81.42533299970594, 34.15373500025335], [-81.42531099996462, 34.15371699988836], [-81.42503700032825, 34.15348100028249], [-81.42476899964133, 34.15325199978568], [-81.42451000007355, 34.153020999684465], [-81.42438000037721, 34.15289499970088], [-81.42415199987327, 34.152638999698084], [-81.42393000011543, 34.15238000004977], [-81.42373199974871, 34.15211199999658], [-81.4235479996257, 34.151840000326864], [-81.42329300025587, 34.151442999742244], [-81.42322100028584, 34.15131800026178], [-81.42314400029295, 34.15119700013645], [-81.42275400030562, 34.150567000344864], [-81.41991499971599, 34.15463299979706], [-81.41949200011669, 34.15524799995327], [-81.4182269997201, 34.1570930003106], [-81.41780599977062, 34.15770900020013], [-81.41656399983857, 34.15951900035529], [-81.41283800004247, 34.16495199983982], [-81.41159699993536, 34.166762999769304], [-81.41132199957572, 34.1671440000866], [-81.41049999976825, 34.16829000017409], [-81.41022600013187, 34.16867199996654], [-81.40952700034804, 34.16965399997777], [-81.40942000021792, 34.16980500002033], [-81.40931300008779, 34.16995599979277], [-81.4092439995925, 34.1700520000786], [-81.40917599982045, 34.17014800025524], [-81.40626000013623, 34.17424499982401], [-81.40382700032578, 34.17765799964007], [-81.40305900004667, 34.17759800005105], [-81.402976000206, 34.17759100007143], [-81.40284899998439, 34.177582000203], [-81.39982899964478, 34.17734699999475], [-81.39951599965033, 34.17732099988403], [-81.39726299976493, 34.1771360001514], [-81.39314600015656, 34.17679800021509], [-81.39288300039082, 34.17677599975015], [-81.39263899999337, 34.17675400002261], [-81.38804700000883, 34.17634599998294], [-81.38744000028652, 34.17629199996106], [-81.38704000025342, 34.17625599992721], [-81.38694700036703, 34.17624800024793], [-81.38706799984253, 34.17651100008357], [-81.38721500015562, 34.17675799983836], [-81.38713899998763, 34.1767520001147], [-81.38579999997121, 34.1770009998093], [-81.38156000033919, 34.177792999674224], [-81.38014699980462, 34.17805700020674], [-81.37950400009728, 34.17817599986706], [-81.37757799955172, 34.17853600024065], [-81.37693599966931, 34.178656000271594], [-81.3768789997679, 34.1786669998881], [-81.37679299955417, 34.17867599964086], [-81.37636400010709, 34.17872599990118], [-81.37622199981686, 34.17874299983433], [-81.3762030004486, 34.17874499969505], [-81.37561500009456, 34.17885300028052], [-81.37476599962459, 34.17900900022159], [-81.37384699973273, 34.17937200015424], [-81.37327400034559, 34.179598999819994], [-81.37251600011224, 34.18010899996486], [-81.37234799988275, 34.18021100006978], [-81.37184400009258, 34.18051900020658], [-81.3716919997566, 34.18061299980724], [-81.37167699968802, 34.18062200009553], [-81.37094799976695, 34.18115500034753], [-81.36876100000379, 34.182757999752624], [-81.36803299990764, 34.183292999639306], [-81.36713400010728, 34.1839479997841], [-81.36580799961135, 34.18491699963957], [-81.364439000356, 34.18591700029613], [-81.36354100038055, 34.18657399980547], [-81.36341499998385, 34.186665000209466], [-81.36324799957929, 34.186787999701245], [-81.3630380004153, 34.18693999975578], [-81.36291299984353, 34.18703199996862], [-81.36269799975838, 34.18718899984974], [-81.36142499986418, 34.18811699998908], [-81.3610449999226, 34.18839600001017], [-81.36069099992027, 34.188660000059244], [-81.36015199997001, 34.18906500020026], [-81.35964200033207, 34.18956600025986], [-81.3593419998581, 34.189864000208246], [-81.35924800014678, 34.189955000034985], [-81.35896799976429, 34.19023100016649], [-81.35887499987787, 34.19032399992658], [-81.35835900039216, 34.190822000204946], [-81.35681399961311, 34.192319000166336], [-81.35629899995227, 34.19281900008008], [-81.35625100027171, 34.19286500033639], [-81.35610800015657, 34.19300400034455], [-81.35606100030091, 34.193050999889216], [-81.35566499956747, 34.19343600016891], [-81.35448000043516, 34.19459499983419], [-81.35408500042493, 34.19498099986144], [-81.35402400032557, 34.195038000135334], [-81.35393200026407, 34.19512700010797], [-81.35384400040051, 34.19521000008962], [-81.35378499995097, 34.19526800031478], [-81.35376800023252, 34.195282999674774], [-81.35372100037688, 34.19533100028356], [-81.35370499958502, 34.195346999737424], [-81.35310799990845, 34.19593700023289], [-81.35234899985018, 34.19668900005617], [-81.35090600007669, 34.196803999830166], [-81.35007000002551, 34.196870999742444], [-81.34906400009501, 34.19695300015046], [-81.34604799995338, 34.197201000319126], [-81.34504299984779, 34.197283999745295], [-81.34461000020275, 34.19731899963993], [-81.34331300001914, 34.197426000140645], [-81.342881000199, 34.1974620000564], [-81.34267600015959, 34.19747300019267], [-81.3421149995697, 34.19749000006277], [-81.33981700037678, 34.19755999966655], [-81.3390509997475, 34.19758400006927], [-81.33903200037923, 34.19758400006927], [-81.33897899977747, 34.19758600022634], [-81.33896100023412, 34.19758700030484], [-81.33907099983897, 34.19780800027884], [-81.33925800033504, 34.19798400007915], [-81.33954500039022, 34.19819699992866], [-81.33973199998796, 34.19846399996368], [-81.33987500010309, 34.19874099980207], [-81.3398740002782, 34.19901700015481], [-81.34006000005103, 34.19932199980332], [-81.34033600023555, 34.19953399993214], [-81.34044500001549, 34.19990300025869], [-81.34061400006989, 34.20034800025404], [-81.34061999991768, 34.20036400024184], [-81.34085199972125, 34.20066800017629], [-81.3410939995706, 34.20083500033362], [-81.34131399967863, 34.20115800000183], [-81.34154600038055, 34.201434999904684], [-81.34177800018412, 34.20152799993891], [-81.34203199972903, 34.20162099987049], [-81.34235300011939, 34.2017969998837], [-81.34238999992931, 34.201823999908115], [-81.34267299978654, 34.202029000251514], [-81.3429370002755, 34.20224100025985], [-81.3431909998204, 34.202490999773936], [-81.34342299962398, 34.20270300010644], [-81.34363199986136, 34.2029989996647], [-81.34397199961998, 34.203570999972605], [-81.34438000004899, 34.20398599984983], [-81.34466600027926, 34.20450300035835], [-81.34494199956546, 34.20475299985058], [-81.3451619996735, 34.20490100024665], [-81.34532800025315, 34.2050299998277], [-81.34337599976831, 34.20761800018523], [-81.34264000017457, 34.20859500029574], [-81.34136399990733, 34.210286000035715], [-81.3410929997457, 34.21064500012041], [-81.34028099998396, 34.21172200011311], [-81.34002999991378, 34.21205600012689], [-81.34001099964722, 34.212081999930064], [-81.33728800030686, 34.215782999984484], [-81.33608300018474, 34.21742200033901], [-81.33226199995406, 34.22261899970678], [-81.32912100013895, 34.22688800019511], [-81.32879300007589, 34.22733499976398], [-81.3259779997757, 34.23023299975314], [-81.32573699975129, 34.23048100003249], [-81.32501500040124, 34.231225000202045], [-81.32477500020171, 34.23147400020718], [-81.32242799970668, 34.23389299966083], [-81.32237900020118, 34.233942999854754], [-81.32192800011448, 34.23440899972917], [-81.32170899983137, 34.23463500011338], [-81.32169899978562, 34.23464399983353], [-81.32158599980772, 34.23476099982103], [-81.32062099988511, 34.23572899972678], [-81.32054600044036, 34.2358039998564], [-81.31997399997981, 34.2363760002714], [-81.3180369995636, 34.23831799988879], [-81.31743099966619, 34.238926000330224], [-81.31739200020645, 34.238966000175964], [-81.31729500012206, 34.23906399979205], [-81.31700700024199, 34.23935899976661], [-81.31691099998251, 34.2394579999921], [-81.31758600037521, 34.240209999854265], [-81.31778499966853, 34.24043199975384], [-81.31798300003523, 34.24072399994793], [-81.31843999996974, 34.241392000367135], [-81.31845300038852, 34.241411999706564], [-81.3185570001456, 34.24157000033592], [-81.31930100013527, 34.242293999934326], [-81.31956200025118, 34.24248399997085], [-81.32015800010284, 34.242917999954145], [-81.32034700024873, 34.2430669996805], [-81.3210719999718, 34.24373099971995], [-81.32104600003257, 34.243676000255675], [-81.32099800035196, 34.24353899971905], [-81.3209649998417, 34.24339800007759], [-81.32113700026915, 34.24337299982158], [-81.32139800038506, 34.24334899983618], [-81.32157300028723, 34.243345999744704], [-81.32166100015078, 34.243350999649564], [-81.32174700036451, 34.243361999736265], [-81.32195900007662, 34.243406000068816], [-81.32220799959866, 34.24347300005845], [-81.32262000022561, 34.24359500029055], [-81.3229070002808, 34.243665999741594], [-81.32295400013645, 34.243678000061294], [-81.32316599984856, 34.243724000033176], [-81.32342399959141, 34.24376200002329], [-81.32372800026334, 34.24379099976968], [-81.32381399957875, 34.243804000344106], [-81.3241969998934, 34.24388000023495], [-81.3247380003918, 34.24400900028339], [-81.32481399966147, 34.24409599997992], [-81.324873000111, 34.24414900011797], [-81.32545899991692, 34.24457799985304], [-81.32569999994135, 34.244784999914245], [-81.32596000023234, 34.245026000079484], [-81.326231000394, 34.24530700010018], [-81.32628900012033, 34.24536099972979], [-81.3263860002047, 34.245433000172156], [-81.32645700034982, 34.245474999659194], [-81.32662700022914, 34.24555000001706], [-81.3267529997275, 34.245817000005985], [-81.32682399987263, 34.24598600027878], [-81.32703599958474, 34.246569000236626], [-81.32710099988205, 34.24677700009367], [-81.32716700000428, 34.24702199994786], [-81.327433999968, 34.24792500029515], [-81.32749400024244, 34.24809800019153], [-81.3275550003418, 34.2482690000358], [-81.32796200004758, 34.24932599971165], [-81.32802099959882, 34.249534999642044], [-81.32804499988826, 34.249604000357735], [-81.32811400038355, 34.24973500020494], [-81.3281749995846, 34.24981399979885], [-81.32839999971549, 34.24970299967162], [-81.32850199982275, 34.2496360001862], [-81.32856399974703, 34.2495850001986], [-81.32859200023444, 34.249568999904945], [-81.3286320004174, 34.24954100012621], [-81.32874000037243, 34.249429000175645], [-81.32881399999229, 34.249340999844726], [-81.32890299968075, 34.24921899977377], [-81.32896200013029, 34.24912500019489], [-81.3290330002754, 34.24899500035155], [-81.32908799962865, 34.248861000200044], [-81.32914000040553, 34.24868799964449], [-81.32917499966732, 34.24854900015087], [-81.32919499975878, 34.24833700008574], [-81.32920499980453, 34.24808800020293], [-81.3292020003298, 34.2480170000268], [-81.32918200023832, 34.24780399988158], [-81.32916899981952, 34.247733999691704], [-81.32916399979665, 34.247697000236165], [-81.32913200000961, 34.24741499979725], [-81.32907400028328, 34.24652500007249], [-81.32903099972728, 34.24610000010414], [-81.32898899989446, 34.2457829997124], [-81.32896799997808, 34.24567800022588], [-81.3289560002825, 34.24564399987612], [-81.32893399964289, 34.245539999725644], [-81.32891199990156, 34.245399999977074], [-81.32887599991658, 34.245046000040624], [-81.328864000221, 34.2448329998019], [-81.3288630003961, 34.24472600009214], [-81.32887300044183, 34.244442000307025], [-81.32888799961214, 34.24423099981743], [-81.32888400031248, 34.24380600014674], [-81.32887500009166, 34.24373500007113], [-81.3288709998937, 34.24362899998287], [-81.32885900019814, 34.24348700021582], [-81.32886000002304, 34.24338000028016], [-81.32887300044183, 34.24331000012374], [-81.328900000206, 34.243243000004355], [-81.32893299981797, 34.243177000111714], [-81.32902400005456, 34.24310100032872], [-81.32912100013895, 34.24303099994028], [-81.32919399993388, 34.24299300036275], [-81.32927099992676, 34.242958999670904], [-81.32931299975957, 34.2429489998143], [-81.32944300035423, 34.242935000310055], [-81.32957200022565, 34.24294599970857], [-81.32961499988336, 34.242953000202654], [-81.3297789999149, 34.2429959997242], [-81.3298579995576, 34.243021999631466], [-81.3299839999543, 34.243050000093916], [-81.33011399965065, 34.243058999657066], [-81.3302430004204, 34.243048999812345], [-81.33032700008597, 34.24303099994028], [-81.33043900023898, 34.24297700030099], [-81.33050399963798, 34.24292999963787], [-81.33053200012539, 34.24290300016144], [-81.33059499987458, 34.24285499991574], [-81.33073499961667, 34.242770000248925], [-81.3307730001498, 34.242752999859675], [-81.33089399962533, 34.24271200004258], [-81.3309699997933, 34.242676999693906], [-81.33107799974835, 34.24261799987939], [-81.33123099990921, 34.24255099995175], [-81.33134800008507, 34.24251100032424], [-81.33158400008664, 34.24244199973393], [-81.33166799975221, 34.24242999998062], [-81.33191799999749, 34.24238400004419], [-81.33200300038628, 34.24237499966625], [-81.33208500040205, 34.242359000229634], [-81.33212899988467, 34.24235799993985], [-81.33229600028926, 34.24232600031448], [-81.33235300019065, 34.24231699993034], [-81.33238099977974, 34.24231300025433], [-81.33242099996272, 34.24229899990174], [-81.33243900040438, 34.242285999837414], [-81.33245399957468, 34.24227599990087], [-81.33248200006209, 34.242249000214656], [-81.33251200019932, 34.24218199999336], [-81.33252700026793, 34.242112999875914], [-81.33252800009285, 34.24204399970198], [-81.33252899991774, 34.24203399973661], [-81.33254099961331, 34.24194200014834], [-81.33254300016146, 34.24186999969014], [-81.33255800023007, 34.24179999976316], [-81.3325740001236, 34.241766999628865], [-81.33259900023796, 34.24173799992778], [-81.33263000020008, 34.241712999921354], [-81.33277199959201, 34.24163099999662], [-81.33285299978286, 34.24160499965969], [-81.33303799973078, 34.24155400000367], [-81.33320699978518, 34.241522999629794], [-81.33368100033641, 34.241478999798126], [-81.33414900014155, 34.241416000167966], [-81.33453499993094, 34.24137499969964], [-81.33464299988599, 34.241372999839236], [-81.3349269995681, 34.24137099997886], [-81.33509899999557, 34.24138600004457], [-81.33518400038437, 34.24140100010761], [-81.3352649996769, 34.241424999905824], [-81.33542399968557, 34.241483000256345], [-81.33565600038749, 34.24157700020181], [-81.33609900007826, 34.2417970003591], [-81.33613800043632, 34.241811000052614], [-81.33628800022416, 34.24188099997039], [-81.33642799996623, 34.24196399994607], [-81.33665800012, 34.2421279998094], [-81.33730000000241, 34.242555000359026], [-81.3374749999046, 34.24266100031468], [-81.33754900042277, 34.24269799975635], [-81.33789400020424, 34.242843999762776], [-81.33804099961904, 34.24292100006088], [-81.33814199990137, 34.242987999694], [-81.33819799997787, 34.243042000068804], [-81.33822100044242, 34.243072000344604], [-81.33830599993291, 34.243153000070365], [-81.33847499998731, 34.2432639999256], [-81.33860200020892, 34.24328999975008], [-81.33864499986662, 34.243291000028805], [-81.33877399973805, 34.24327999993275], [-81.3390299998311, 34.243239999909115], [-81.33919800006058, 34.243202999963074], [-81.33927800042652, 34.24317899992919], [-81.33944400010789, 34.243140000138], [-81.3395660003066, 34.24310699978642], [-81.33973299981288, 34.24306999978197], [-81.3399029996922, 34.24304099978713], [-81.34003300028685, 34.24303700014558], [-81.340100000234, 34.243042000068804], [-81.34014000041697, 34.243056000297855], [-81.34022300025764, 34.243075999984505], [-81.34026300044061, 34.24309000020786], [-81.3403460002813, 34.24310900034817], [-81.34057700025998, 34.24320600005965], [-81.34064400020713, 34.243249999731134], [-81.34071799982695, 34.24328799993524], [-81.34075100033725, 34.24331000012374], [-81.34082400013219, 34.24334899983618], [-81.34094100030804, 34.243447000290494], [-81.34098700033879, 34.24351299997143], [-81.34101499992789, 34.2435399999948], [-81.34103300036955, 34.24357199990119], [-81.34108000022522, 34.243630999789616], [-81.34113799995153, 34.24372599983766], [-81.34115200019525, 34.24376000021967], [-81.3411920003782, 34.243822000050876], [-81.34120499989868, 34.24385599965151], [-81.34124500008166, 34.24391800015465], [-81.34128400043973, 34.243993999942504], [-81.34130500035612, 34.24402500014893], [-81.34131799987658, 34.24405800014059], [-81.34135800005956, 34.244121000021174], [-81.34136999975513, 34.24415500024358], [-81.34140499991523, 34.244219000319234], [-81.34141699961079, 34.24425299975945], [-81.34146900038765, 34.24434900011424], [-81.34149600015184, 34.24437700013519], [-81.3415160002433, 34.24440899972337], [-81.34160999995464, 34.24447999997298], [-81.3416789995516, 34.244523000199635], [-81.34171000041208, 34.24454699985029], [-81.3417480000469, 34.2445639998772], [-81.34177999983396, 34.24458699999547], [-81.3418049999483, 34.2446160002002], [-81.34184699978111, 34.24467699988124], [-81.34187299972037, 34.244744999863165], [-81.34190000038288, 34.244920999648635], [-81.34190299985761, 34.24499099995039], [-81.34192899979686, 34.245203000275886], [-81.34196200030713, 34.24534300035214], [-81.3419799998505, 34.24539800021236], [-81.34198499987335, 34.24541900033847], [-81.34198999989623, 34.24544599975044], [-81.3420019995918, 34.24548000018017], [-81.34204699979765, 34.245578999889986], [-81.34206799971405, 34.245610000255226], [-81.34209500037653, 34.24567599972524], [-81.34211600029293, 34.24570700005475], [-81.34212899981341, 34.24574000012946], [-81.34216499979843, 34.245803999742435], [-81.3421770003923, 34.24583699977918], [-81.34219999995852, 34.2458669998013], [-81.3422269997227, 34.245932999812325], [-81.34225100001214, 34.24596299980022], [-81.3422829997992, 34.24602899973602], [-81.34232499963198, 34.24609100012356], [-81.34234200024873, 34.24612299980267], [-81.34236599963988, 34.24615299972286], [-81.34240099979998, 34.246216999764414], [-81.34242500008942, 34.246246999651085], [-81.34246100007444, 34.246311000363676], [-81.34248500036388, 34.246341000216844], [-81.34258400009809, 34.24649700002355], [-81.34273200023608, 34.24667400009664], [-81.34279499998527, 34.24676599971071], [-81.34282099992454, 34.24679499990721], [-81.34288500039698, 34.246888000367534], [-81.34293899992531, 34.246982999709616], [-81.34295099962088, 34.24701700026102], [-81.34298800032911, 34.2470800001544], [-81.34299900019977, 34.24711399992408], [-81.34301799956803, 34.24714599995681], [-81.34303900038275, 34.24721299993951], [-81.34306000029915, 34.24724399970287], [-81.34306799979674, 34.24727800014883], [-81.34310200013194, 34.247343000307936], [-81.34310899980463, 34.24737800020146], [-81.34313100044425, 34.247420000202965], [-81.34314200031491, 34.24744200005397], [-81.34315499983538, 34.24747599967736], [-81.34322299960745, 34.24756699967199], [-81.34328299988191, 34.24761599968548], [-81.343318000042, 34.24763800022777], [-81.34343400039296, 34.24768300003655], [-81.34351999970838, 34.24769499978346], [-81.343606999747, 34.24769799971992], [-81.34382299965706, 34.24769000013665], [-81.34395400007664, 34.24769000013665], [-81.34399699973433, 34.24769300007329], [-81.34404100011528, 34.24769000013665], [-81.34421299964443, 34.24770600004501], [-81.34425600020043, 34.24770700027122], [-81.34434099969093, 34.247720999724315], [-81.34438500007187, 34.24772300017639], [-81.34446899973746, 34.24773499991759], [-81.34459699978397, 34.24774699965713], [-81.34472700037863, 34.247744999948196], [-81.34477099986124, 34.247747999882876], [-81.34485600025005, 34.24774200001341], [-81.34489999973268, 34.24774399972243], [-81.34494099974056, 34.24773799985268], [-81.34502699995429, 34.24773300020837], [-81.34506600031234, 34.24771900001476], [-81.34515099980283, 34.247710999690916], [-81.34518900033598, 34.24769600000982], [-81.34523100016877, 34.24769499978346], [-81.34531200035963, 34.24767799964647], [-81.34535400019243, 34.24767400022522], [-81.34539299965216, 34.247658999795], [-81.34547700021606, 34.24764700004297], [-81.3456069999124, 34.24763999993924], [-81.34564999957011, 34.247641999650725], [-81.34569200030123, 34.247652999919204], [-81.345810000302, 34.247697000236165], [-81.34592300027991, 34.247750000334314], [-81.34595599989187, 34.24777300032444], [-81.34599400042502, 34.24778999969973], [-81.3460639998469, 34.24782999978871], [-81.3461769998248, 34.24788200032153], [-81.34630099967336, 34.247912000357275], [-81.34638699988709, 34.247922000366785], [-81.34642899971989, 34.247922000366785], [-81.34646999972777, 34.24793299985609], [-81.34655699976639, 34.2479340000796], [-81.34659799977429, 34.24794599979077], [-81.34663999960709, 34.24794800023751], [-81.34672300034606, 34.24796400009681], [-81.34684999966936, 34.247977000026715], [-81.3468940000503, 34.24797199965408], [-81.3469359998831, 34.24797599980369], [-81.34697799971589, 34.247972999877156], [-81.34714500012046, 34.24793599978412], [-81.34718199993037, 34.24791999991944], [-81.34722399976317, 34.247912000357275], [-81.34726300012123, 34.24789500026405], [-81.34729400008337, 34.24787200030722], [-81.34733199971822, 34.2478569999123], [-81.34736799970322, 34.24783699987663], [-81.34742799997767, 34.24778600028386], [-81.34748099968114, 34.24773000027316], [-81.34749400009993, 34.24769600000982], [-81.34753900030576, 34.247637000000715], [-81.34755000017641, 34.2476029996998], [-81.34759500038226, 34.24754300013992], [-81.34761200010071, 34.24751100025814], [-81.34765700030654, 34.2474520001194], [-81.34767499984987, 34.24742099969007], [-81.3477600002387, 34.247343000307936], [-81.34785599959984, 34.24727299973466], [-81.34789499995792, 34.24725699974394], [-81.34797600014876, 34.24723700030825], [-81.3480559996164, 34.247211000217874], [-81.34812900030964, 34.247179999699775], [-81.34817199996735, 34.24717300029978], [-81.34824599958719, 34.247140000044375], [-81.34828599977016, 34.24712800021834], [-81.3484010002962, 34.24708099964554], [-81.34843700028122, 34.247061999659294], [-81.34847699956586, 34.24704900033062], [-81.34859000044209, 34.246998000260376], [-81.34862999972674, 34.24698500017924], [-81.34866400006193, 34.24696399970129], [-81.34870599989472, 34.24695199985011], [-81.34883399994125, 34.24695000012228], [-81.3489009998884, 34.246960000246105], [-81.34893900042154, 34.246976999785616], [-81.34904599965336, 34.247037999983206], [-81.34907400014076, 34.24706400012704], [-81.34917100022514, 34.24713400013157], [-81.34927199960916, 34.247199999891585], [-81.3494499998844, 34.247301000268], [-81.34952500022747, 34.24733600017899], [-81.3495910003497, 34.24738199963672], [-81.3496270003347, 34.2474010002933], [-81.3496540000989, 34.247429000041485], [-81.34966300031972, 34.24746399989924], [-81.34966499996956, 34.24753400031364], [-81.34960100039545, 34.247625999730154], [-81.3494859998694, 34.24773099975653], [-81.3494430002117, 34.24779200015016], [-81.34942599959496, 34.247823999925096], [-81.34941999974717, 34.24785999984297], [-81.34942099957208, 34.247929999928], [-81.34942599959496, 34.247965000319965], [-81.34946800032607, 34.24810299981411], [-81.34951900037969, 34.24819900023276], [-81.34967199964225, 34.24840999968509], [-81.34979100036625, 34.24859700011945], [-81.34989099992536, 34.24879299983095], [-81.34993000028344, 34.248894999992714], [-81.34997299994113, 34.24906800012266], [-81.34998600035992, 34.24917200036876], [-81.34998600035992, 34.24920700024416], [-81.3499999997053, 34.24928600033375], [-81.35002900001764, 34.249448999833014], [-81.35003099966745, 34.249519000081364], [-81.35007199967534, 34.249655000333874], [-81.3501460001935, 34.24982099972174], [-81.35019100039933, 34.24988099988511], [-81.35029099995846, 34.25003800001115], [-81.35036299992846, 34.25012600035574], [-81.35041599963192, 34.25018299971138], [-81.35043400007358, 34.25021399986575], [-81.3503999997384, 34.2502789999848], [-81.35036999960116, 34.25030600006514], [-81.35035999955542, 34.25031699998544], [-81.35032100009568, 34.25036400023599], [-81.35023400005704, 34.25048700032524], [-81.35018700020137, 34.250584999893356], [-81.3501760003307, 34.25069100013117], [-81.35019300004915, 34.250829999799386], [-81.35021300014066, 34.25089900019576], [-81.35025499997344, 34.25099999984535], [-81.35027699971474, 34.25103000025462], [-81.35030400037724, 34.251057000093994], [-81.3503379998141, 34.25107999992288], [-81.35041999982987, 34.251102999745434], [-81.35054899970132, 34.251102999745434], [-81.35067699974783, 34.251085000110834], [-81.35076100031173, 34.251066000286045], [-81.35088199978723, 34.25103099969879], [-81.35099800013819, 34.25098399982073], [-81.35103499994811, 34.25096499997319], [-81.35120099962947, 34.25085299969032], [-81.35129600006402, 34.25078100017226], [-81.35135200014052, 34.25072899994575], [-81.35141499988971, 34.250680999708145], [-81.35144300037712, 34.25065499993932], [-81.35169299972405, 34.25046300014087], [-81.3517940000064, 34.25039500032374], [-81.35190399961125, 34.25033899982161], [-81.3519839999772, 34.250311999751844], [-81.35202599981, 34.25030300022165], [-81.3521549996814, 34.25028899971305], [-81.35228399955285, 34.25028199982915], [-81.3527580001041, 34.250280999633524], [-81.3529709996411, 34.25026999970858], [-81.35301300037221, 34.250265000214696], [-81.3530960002129, 34.250265000214696], [-81.3531389998706, 34.250255999936975], [-81.35318200042661, 34.250254999741045], [-81.3532230004345, 34.25025899978214], [-81.35326400044238, 34.2502469996583], [-81.35350799994153, 34.250254999741045], [-81.35354999977433, 34.250246000204804], [-81.35359300033035, 34.2502420001631], [-81.35371800000382, 34.25021399986575], [-81.35391899984528, 34.25012800000811], [-81.35402799962522, 34.25008199982373], [-81.3541249997096, 34.25000999964599], [-81.35420300042571, 34.24998200001399], [-81.35456599975056, 34.24986700004884], [-81.35490700023243, 34.249721000344394], [-81.35505500037043, 34.24964799965468], [-81.35516199960223, 34.249589000271534], [-81.35527700012827, 34.24953899971735], [-81.3554829999926, 34.24948000025779], [-81.35561000021421, 34.24946699981756], [-81.35578299956825, 34.24946299973882], [-81.35590899996494, 34.24944199987924], [-81.35603299981351, 34.24941100018297], [-81.35619600002012, 34.24936199972957], [-81.35631599967073, 34.24931899974765], [-81.35639799968648, 34.24929600017999], [-81.35655800041837, 34.249232000252306], [-81.35674800038916, 34.2491570002055], [-81.35678900039706, 34.24914399971537], [-81.35706100038361, 34.249037000288624], [-81.35721700001922, 34.248987000149015], [-81.35729200036229, 34.24893899966031], [-81.35748399998292, 34.24890000031049], [-81.35764299999158, 34.248851000302054], [-81.35778899958144, 34.24876799969234], [-81.3579610000089, 34.24864699974828], [-81.35814599995682, 34.24845499982366], [-81.35831099981326, 34.24830099962934], [-81.35841100027068, 34.248240000347224], [-81.35851699967759, 34.248196000314145], [-81.35874199980849, 34.2482009999309], [-81.35900700012235, 34.24822300032032], [-81.35911900027534, 34.24829499979931], [-81.35920499959076, 34.24838800008718], [-81.35927200043622, 34.248471000329126], [-81.3593770000182, 34.2485199998162], [-81.3595030004149, 34.24855300027305], [-81.35970900027922, 34.24855300027305], [-81.35984099962539, 34.24855799986859], [-81.36006599975629, 34.24862999980354], [-81.36026499994792, 34.24866799980631], [-81.36040999971289, 34.24867400035231], [-81.36058299996523, 34.24863500013712], [-81.36080100042344, 34.248563000206396], [-81.36086300034772, 34.24853999968961], [-81.36095299986108, 34.24850800018694], [-81.36114500038, 34.248529999753536], [-81.36121800017496, 34.24855799986859], [-81.36129799964257, 34.24862900033085], [-81.36131100006136, 34.2486460002758], [-81.36134399967332, 34.24873900017571], [-81.36136399976483, 34.24893199966411], [-81.36139700027509, 34.24904700016447], [-81.36143699955976, 34.24912900028975], [-81.36153000034449, 34.24916800027599], [-81.36164900017017, 34.24918999966999], [-81.3621449995644, 34.24919499997024], [-81.36254200012277, 34.24916700006714], [-81.36278700034515, 34.249133999851075], [-81.36295999969919, 34.24907399989759], [-81.3631649997386, 34.248963999748064], [-81.36334300001384, 34.24889200009886], [-81.3635089996952, 34.24884300008583], [-81.36379999994833, 34.24882099985855], [-81.36389899968253, 34.24883099976006], [-81.36412499963834, 34.248875000203675], [-81.3641909997606, 34.248875000203675], [-81.36426399955552, 34.248847999664136], [-81.3643959998, 34.24876499979402], [-81.3644889996864, 34.248721000035445], [-81.36456800022745, 34.24869400018906], [-81.36466699996166, 34.248671999922834], [-81.36501799959092, 34.24867099970808], [-81.36518400017059, 34.24870999990658], [-81.36546200000494, 34.24870400010566], [-81.36555499989134, 34.24867099970808], [-81.36560699976991, 34.24861599975916], [-81.36572700031881, 34.24851699990905], [-81.36579900028883, 34.24848999999727], [-81.36586600023597, 34.248457000258284], [-81.36590499969573, 34.24837999982688], [-81.36595099972648, 34.24813800013412], [-81.36597099981796, 34.2480829998369], [-81.36632200034556, 34.24777999967453], [-81.36638799956947, 34.2476919998469], [-81.36640799966098, 34.247621000079256], [-81.36640099998826, 34.24744999966087], [-81.3663609998053, 34.24719200026098], [-81.36628200016258, 34.247033000297364], [-81.36619599994887, 34.24687899972865], [-81.36609600038976, 34.24671399997347], [-81.366042999788, 34.24654299993987], [-81.366042999788, 34.2463729998009], [-81.36608299997097, 34.2462899997175], [-81.36614200042051, 34.246207999796276], [-81.36623500030692, 34.24613600001696], [-81.36631399994964, 34.24612500029275], [-81.36644000034633, 34.24613100027749], [-81.36651999981396, 34.24613100027749], [-81.36661199987547, 34.24608099989648], [-81.36677099988414, 34.245916000061925], [-81.36687700018932, 34.245823000012685], [-81.36693599974056, 34.2457949997302], [-81.36706899980996, 34.24578399996147], [-81.36716800044248, 34.245833999776316], [-81.36728100042038, 34.245827999770405], [-81.36740000024606, 34.24577799995193], [-81.36755199968373, 34.24563499984678], [-81.36757199977521, 34.245536999712265], [-81.36757799962298, 34.24520699981451], [-81.36761100013327, 34.24511900026686], [-81.36767100040773, 34.245058000163525], [-81.36772400011118, 34.24503599968933], [-81.3677900002334, 34.2450249998214], [-81.36797500018133, 34.24501899975782], [-81.36822000040371, 34.24504700029846], [-81.36863700015525, 34.2450410002364], [-81.36886200028613, 34.24498100033521], [-81.36897500026403, 34.244931000013544], [-81.36912000002899, 34.24482699972464], [-81.36929199955811, 34.24471000035985], [-81.36937199992407, 34.24465600031254], [-81.36951699968903, 34.24452399972108], [-81.36977500033021, 34.24419900016158], [-81.36993400033884, 34.24411699968833], [-81.3701000000202, 34.24397900034155], [-81.37013900037829, 34.24390799966932], [-81.37013900037829, 34.24382500012538], [-81.37011900028679, 34.24377600013254], [-81.37008599977652, 34.24372599983766], [-81.36991400024738, 34.24360600034536], [-81.36986800021663, 34.243533999825296], [-81.3698809997371, 34.24345200018935], [-81.36994699985934, 34.24336900019581], [-81.37008599977652, 34.243265000204616], [-81.37029099981592, 34.243193000135406], [-81.37041700021263, 34.243159999804675], [-81.37067499995548, 34.243159999804675], [-81.37074100007773, 34.24317599983166], [-81.37090699975907, 34.24331399975233], [-81.37100600039159, 34.24335199992755], [-81.37135700002086, 34.243407000346146], [-81.37154899964149, 34.24342899976092], [-81.37181399995535, 34.24341799968298], [-81.37190000016909, 34.24340100016722], [-81.37200700029919, 34.24334899983618], [-81.3721050002085, 34.243286000120364], [-81.372161000285, 34.243260999831094], [-81.37221800018641, 34.24323600027695], [-81.37240300013433, 34.24318099974661], [-81.37253500037882, 34.243153000070365], [-81.37260800017374, 34.24310399968632], [-81.37265000000653, 34.24306799996186], [-81.37278700027389, 34.242955000025454], [-81.3728659999166, 34.24290000005406], [-81.37307099995601, 34.242801000163595], [-81.37317700026124, 34.242713000328145], [-81.37337800010268, 34.24250399979339], [-81.37346799961604, 34.242410999687046], [-81.37358099959394, 34.242311999963995], [-81.37390500035738, 34.242041999857534], [-81.37405699979502, 34.24193200017092], [-81.37426900040543, 34.24166799989103], [-81.3744209998431, 34.241443000121315], [-81.3746259998825, 34.2412059998224], [-81.37470500042353, 34.2411070001674], [-81.37481900022635, 34.24111900010929], [-81.3748850003486, 34.241151999754955], [-81.37496999983908, 34.241056999772276], [-81.37508399964192, 34.24093200013982], [-81.37515700033515, 34.24082699980018], [-81.37518999994711, 34.24074999981434], [-81.37521699971128, 34.24063999992465], [-81.37521699971128, 34.24038199970042], [-81.37541500007801, 34.240289000220166], [-81.37563400036113, 34.2402339999921], [-81.37578599979878, 34.24022800032956], [-81.37593800013475, 34.24025600023615], [-81.3760839997246, 34.240272000072494], [-81.37631600042653, 34.240277999731816], [-81.37640799958972, 34.24027299964442], [-81.37650100037443, 34.240244999743496], [-81.37659400026087, 34.2402230002392], [-81.37669299999507, 34.2402230002392], [-81.37679900030027, 34.24025100014744], [-81.37693099964643, 34.24030600036442], [-81.37703100010387, 34.24032799984702], [-81.37713700040908, 34.24033900032883], [-81.377202999633, 34.24033900032883], [-81.37730200026552, 34.24032799984702], [-81.37744799985539, 34.24029499987828], [-81.37756699968106, 34.240301000278684], [-81.37767899983406, 34.24033900032883], [-81.37781199990346, 34.24037799993251], [-81.37799100000359, 34.2404109998687], [-81.37810999982928, 34.240422000339606], [-81.37839400040973, 34.24043300006651], [-81.37849399996882, 34.240443999791964], [-81.37859299970303, 34.24046599998114], [-81.3786660003963, 34.24050500026863], [-81.378745000039, 34.24058199973592], [-81.37883799992542, 34.24066399993983], [-81.37894400023063, 34.240735999944384], [-81.37904100031503, 34.240778000289936], [-81.3790689999041, 34.24079099984452], [-81.37922100024008, 34.24084599970867], [-81.37949300022663, 34.240901000279514], [-81.38002200013115, 34.240901000279514], [-81.3801090001698, 34.240911999943776], [-81.38045899997415, 34.241039000216865], [-81.38056500027936, 34.2410660002912], [-81.38082999969492, 34.2410660002912], [-81.38105499982582, 34.241049999863144], [-81.38124700034474, 34.241093999918995], [-81.38129300037549, 34.2411490003278], [-81.38132000013968, 34.24128600029874], [-81.38134600007896, 34.24134700016525], [-81.38138600026193, 34.24138499974322], [-81.38149800041494, 34.241401999666124], [-81.38169000003553, 34.241483999813894], [-81.38192199983915, 34.24167100004231], [-81.38203399999213, 34.24173199962987], [-81.38221999976496, 34.24180900020258], [-81.38237899977362, 34.24189200024925], [-81.38256399972155, 34.241995999709005], [-81.38289500015766, 34.242205000019915], [-81.3830600000141, 34.242303999868795], [-81.38316600031932, 34.24237599995582], [-81.38336499961264, 34.24245799989739], [-81.3835100002759, 34.242485999804785], [-81.38365599986575, 34.242485999804785], [-81.38370899956921, 34.24246900010079], [-81.38392700002741, 34.242221999777215], [-81.38401999991383, 34.242188999808356], [-81.38411299980025, 34.24220000004697], [-81.3841789999225, 34.24224999976312], [-81.38436399987043, 34.242485999804785], [-81.38444400023637, 34.24255200023924], [-81.38454899981834, 34.24259100030288], [-81.38467500021503, 34.24261799987939], [-81.38486099998788, 34.24263500029585], [-81.38507199987507, 34.24272800015471], [-81.38517200033252, 34.24282200019511], [-81.38548899962659, 34.243085999826015], [-81.38562199969599, 34.24316799981852], [-81.38576099961317, 34.24324499982028], [-81.38595899997988, 34.243332999842075], [-81.38612399983631, 34.243393999710385], [-81.38647500036393, 34.24344900010154], [-81.38685299975737, 34.24352599984624], [-81.38719699971395, 34.24358100015114], [-81.3874679998756, 34.243641999839724], [-81.3883819997446, 34.24382399985302], [-81.38876599988416, 34.24389499985356], [-81.38897699977134, 34.24393899990748], [-81.38927499969716, 34.24402200008155], [-81.38993099982328, 34.24418699991621], [-81.39036099999359, 34.24430800033194], [-81.39057299970571, 34.24438000018991], [-81.3908110002554, 34.24447899970841], [-81.39113500012049, 34.24443999977701], [-81.39133400031213, 34.24439599998499], [-81.39167200042093, 34.244291999777545], [-81.39195600010306, 34.24421000013746], [-81.39222100041694, 34.24412200029001], [-81.39249900025128, 34.24401200035123], [-81.39269800044289, 34.243924000296715], [-81.39289699973622, 34.24381400009918], [-81.39308900025516, 34.24369299971589], [-81.39324800026381, 34.24356700000946], [-81.39345999997592, 34.243446000013634], [-81.39364200044912, 34.24336600010499], [-81.3937110000461, 34.24333599993402], [-81.39389699981892, 34.243236999813746], [-81.39418800007205, 34.24310000004776], [-81.39434000040802, 34.24301699970705], [-81.39449299967059, 34.2429409997796], [-81.3949360002597, 34.2427429999786], [-81.3952409998582, 34.242567000094496], [-81.39539300019418, 34.2424289996917], [-81.39557200029432, 34.242259000154476], [-81.39569100012002, 34.24211100003312], [-81.39578400000643, 34.2419570001123], [-81.39585699980137, 34.24178100006999], [-81.3959229999236, 34.241637999857495], [-81.3959560004339, 34.24149500014464], [-81.39597599962705, 34.241308000267864], [-81.39602900022882, 34.24117100033273], [-81.39610899969644, 34.241088000317816], [-81.39618200038969, 34.24097800012717], [-81.39622800042044, 34.24088999987115], [-81.39624099994093, 34.24078000016441], [-81.39622800042044, 34.24068100000835], [-81.39616200029819, 34.240533000083076], [-81.39612899978793, 34.24039500005879], [-81.39611600026744, 34.2402029998747], [-81.39614200020672, 34.24009300001286], [-81.39619499991018, 34.23996700011598], [-81.39626199985732, 34.2397740001205], [-81.39636099959152, 34.23960399967712], [-81.39652700017119, 34.239301999763974], [-81.39659300029342, 34.23919200021005], [-81.39663900032419, 34.23907600002518], [-81.396640999974, 34.2390360002317], [-81.39665900041567, 34.23881199970005], [-81.39662599990538, 34.238691000295454], [-81.39657300020195, 34.23856499978544], [-81.39655999978316, 34.23849300015196], [-81.39654700026267, 34.23834500009319], [-81.3965070000797, 34.23825100025193], [-81.39641500001821, 34.238146999878595], [-81.3963020000403, 34.23806399985263], [-81.39617599964359, 34.23792699983661], [-81.39614300003161, 34.237854999657564], [-81.39613700018384, 34.23771800004405], [-81.39614300003161, 34.23763000009341], [-81.3962099999788, 34.23758100020765], [-81.39628899962149, 34.237536999800895], [-81.3963949999267, 34.237508999732626], [-81.39646799972165, 34.23745999977643], [-81.39653399984388, 34.237393999805455], [-81.39659400011834, 34.237321999913235], [-81.3966400001491, 34.237185000175025], [-81.39666000024057, 34.23706900019533], [-81.39667299976105, 34.23692699975931], [-81.39666000024057, 34.2366849998137], [-81.39662699973032, 34.236365999632746], [-81.39663400030129, 34.236150999725304], [-81.3966540003928, 34.236040999767596], [-81.39669399967745, 34.23597500016958], [-81.39675999979968, 34.23588699988239], [-81.3968590004322, 34.23581599981154], [-81.39696499983911, 34.23577799994775], [-81.39703099996134, 34.23572800010089], [-81.39713100041878, 34.23563499993534], [-81.39723699982567, 34.235507999679086], [-81.39746899962925, 34.23525000006575], [-81.39763400038402, 34.23497499992982], [-81.39771399985165, 34.23478300001001], [-81.39785899961662, 34.23437599966836], [-81.39789299995178, 34.23422199970852], [-81.39789299995178, 34.23403999973039], [-81.39786000033982, 34.23385400002371], [-81.39774700036192, 34.2334959997113], [-81.39762199979015, 34.23321600002427], [-81.39752300005594, 34.232956999670556], [-81.39750899981222, 34.23287500012947], [-81.39752300005594, 34.23278700031574], [-81.39758199960717, 34.23268200021513], [-81.39764199988161, 34.23259999966355], [-81.39772100042264, 34.23251799977482], [-81.39781400030907, 34.2324300003307], [-81.39792700028697, 34.23228699983102], [-81.39797999999043, 34.23221000020405], [-81.39808600029562, 34.23173099983409], [-81.39813899999908, 34.23159399991097], [-81.39820500012132, 34.23146199963324], [-81.39828399976403, 34.23138000012175], [-81.39841699983343, 34.23129700010915], [-81.39854300023013, 34.23124199994839], [-81.39872099960704, 34.231193000058504], [-81.39886700009522, 34.23122000031965], [-81.3990129996851, 34.23124199994839], [-81.39932400002971, 34.231329999891294], [-81.39961500028285, 34.23141799974225], [-81.40013800033958, 34.23159500032865], [-81.40024999959425, 34.231621999718236], [-81.40038299966366, 34.23164399998467], [-81.40060799979454, 34.23161699985942], [-81.40067999976456, 34.23157300004942], [-81.400772999651, 34.231495999769564], [-81.40085300001694, 34.23139699983685], [-81.40097199984262, 34.23123200018542], [-81.40106499972903, 34.23111100028501], [-81.40116400036155, 34.23100099968464], [-81.40146899996009, 34.2307810002808], [-81.40180600024397, 34.23059999997918], [-81.4022099995767, 34.230423999961076], [-81.40239500042294, 34.23035299973997], [-81.40256100010428, 34.230275999829956], [-81.4028649998779, 34.23011100021024], [-81.40300399979508, 34.2300449996776], [-81.4032029999867, 34.229973000185424], [-81.40331599996463, 34.22994600026719], [-81.40361999973823, 34.22979800003873], [-81.40372600004343, 34.22972600033539], [-81.40421599958991, 34.22928100023557], [-81.40493100016556, 34.2286930000942], [-81.40518899990842, 34.228434999653324], [-81.40527500012213, 34.2283799998515], [-81.405420999712, 34.228319000245406], [-81.40550699992573, 34.228291999796824], [-81.40556200017731, 34.2282839998548], [-81.40558700029167, 34.22828099996921], [-81.40610899962518, 34.22828099996921], [-81.40618899999112, 34.228291999796824], [-81.40654600036649, 34.228291999796824], [-81.40678499984278, 34.22826400036784], [-81.40694300002653, 34.228252999793824], [-81.40706900042323, 34.228236999901675], [-81.40715499973864, 34.228221000006435], [-81.40723500010458, 34.22819900033124], [-81.40730799989952, 34.22816600006487], [-81.40749899969522, 34.22800600009821], [-81.4077640000091, 34.22775299986946], [-81.40824100003506, 34.22731400032581], [-81.40834700034029, 34.227209000085715], [-81.40896300028344, 34.226191999707915], [-81.40904199992613, 34.22609300022467], [-81.40914200038358, 34.22601099994193], [-81.40930700024, 34.225912000245934], [-81.40959799959484, 34.225808000229875], [-81.40990999976437, 34.22570300034056], [-81.41015400016184, 34.22564300002667], [-81.41023399962947, 34.22563000036151], [-81.41039900038423, 34.225604000282544], [-81.41059799967755, 34.2255550000832], [-81.41072999992203, 34.22549399991651], [-81.41086899983921, 34.22540100033232], [-81.41094500000717, 34.22534300004445], [-81.4110880001223, 34.22523600007452], [-81.41128599959072, 34.225059999988034], [-81.41145200017039, 34.224906000074824], [-81.41165100036201, 34.224769000190356], [-81.41184200015772, 34.22467500004852], [-81.41202100025787, 34.224604000180044], [-81.41223999964267, 34.224487999952245], [-81.41239199997862, 34.22441699992614], [-81.41262999963, 34.22429599989018], [-81.41278199996597, 34.22422999999991], [-81.41295199984529, 34.22419399963275], [-81.41320600028851, 34.22414200006568], [-81.41331800044149, 34.22411499976359], [-81.41344399993986, 34.22404899973151], [-81.41364300013151, 34.22396100035097], [-81.41368400013938, 34.22394000007165], [-81.4138680002624, 34.22384499998049], [-81.41394899955495, 34.22380099982373], [-81.41436399965664, 34.22357599984481], [-81.41448300038064, 34.22352099984105], [-81.41454299975679, 34.22349400008268], [-81.41469500009275, 34.22344999974263], [-81.41518499963921, 34.223289999730326], [-81.4158469996131, 34.22308199977992], [-81.41605900022351, 34.22306499987197], [-81.41620499981339, 34.22306499987197], [-81.41663499998369, 34.223048999737], [-81.41697200026759, 34.22306499987197], [-81.41712000040559, 34.223084999850684], [-81.41713100027626, 34.2230870001454], [-81.41723699968315, 34.223120000173424], [-81.41737599960031, 34.223174999696234], [-81.41759400005851, 34.2232799997659], [-81.41772700012791, 34.2231860001907], [-81.41787899956557, 34.22301700020075], [-81.41792499959632, 34.22296599968448], [-81.41793200016733, 34.22295499990407], [-81.418015000008, 34.22283700007587], [-81.41807199990942, 34.222753999814444], [-81.41811999958999, 34.22268800020149], [-81.4181840000624, 34.22270800026971], [-81.4194510001088, 34.22311300025859], [-81.41988299992893, 34.22325099963946], [-81.4215009996046, 34.22376100020157], [-81.42328300021013, 34.22432300013426], [-81.42344800006657, 34.22437699985372], [-81.42384800009967, 34.22450800033592], [-81.4246890001737, 34.22479600028281], [-81.42477200001437, 34.224825999632586], [-81.42552900042283, 34.22509800023197], [-81.4260830004417, 34.22531000014461], [-81.42662999988957, 34.2255310002177], [-81.42711399958824, 34.225736000086414], [-81.42717100038796, 34.2257599998935], [-81.42772399968361, 34.225993999882355], [-81.42908699998948, 34.22659400008269], [-81.42990799997203, 34.22694699989197], [-81.43063400041834, 34.22726300018312], [-81.43402899977835, 34.22874400011368], [-81.43549900021434, 34.229384999676654], [-81.43625099970161, 34.22971400025507], [-81.4365090003428, 34.229128000317296], [-81.43945299961611, 34.22562299991256], [-81.43970500040949, 34.2254310002094], [-81.44141599997158, 34.223134999776754], [-81.44302399960152, 34.221066999902085], [-81.44561299994591, 34.216431999710075], [-81.44861300019402, 34.21422499975779], [-81.44961400010163, 34.21349899972916], [-81.45260699977874, 34.21132999998311], [-81.4526169998245, 34.211321999915995], [-81.45361899955702, 34.210597000059], [-81.453738000281, 34.2105099999245], [-81.45409499975808, 34.21024899972486], [-81.454215000307, 34.21016299990332], [-81.4555040000947, 34.20922400011501], [-81.45711699974751, 34.20805200007431], [-81.45937399983086, 34.20641000030556], [-81.4606640003418, 34.20547300027812], [-81.46088699992455, 34.20530299968964], [-81.46389700021841, 34.20302300000505], [-81.46993799982421, 34.198539999905314], [-81.47064300035414, 34.19803199989337], [-81.4721339998082, 34.19684000001141], [-81.47243599993199, 34.19650100017183], [-81.47423799973068, 34.194477999788845], [-81.47584399971079, 34.192596000129626], [-81.47698600008374, 34.19207199990114], [-81.4799479997987, 34.19076699962931], [-81.48317499982753, 34.189291999792076], [-81.48609200023498, 34.18800200025781], [-81.48680400043759, 34.18754100031012], [-81.4878129998428, 34.18684999985432], [-81.48971300044911, 34.18552600003225], [-81.49051900036307, 34.18496699991681], [-81.49265300042276, 34.18348899972233], [-81.49273700008834, 34.18343100031389], [-81.49778900038042, 34.17991000008275]]]}, "properties": {"GEOID": "45071950603", "STATE": "45", "COUNTY": "071", "TRACT": "950603", "NAME": "Census Tract 9506.03", "BASENAME": "9506.03"}}, {"type": "Feature", "geometry": {"type": "Polygon", "coordinates": [[[-81.56850399955894, 34.09982999990019], [-81.56851100012996, 34.09968699998891], [-81.56792500032402, 34.09965000028465], [-81.56659299998032, 34.10003699972853], [-81.56646300028397, 34.100074999753396], [-81.56576500032506, 34.09985300007136], [-81.56475099999865, 34.0995300003283], [-81.56341600018018, 34.09925999980437], [-81.56085199995016, 34.09759100000985], [-81.5585029998053, 34.09613299966328], [-81.55827600002458, 34.096015000259065], [-81.55627800040729, 34.09497300029634], [-81.55415100002028, 34.09407199974063], [-81.54918699959177, 34.09396300029047], [-81.54853899986158, 34.09390499965906], [-81.54813899982848, 34.09392799995266], [-81.5479010001771, 34.09374100019817], [-81.54766900037352, 34.09361100033631], [-81.547457999588, 34.093472000371825], [-81.54733999958722, 34.093424999705995], [-81.54721400008884, 34.093308000072014], [-81.54706000010307, 34.09313500025965], [-81.54683400014724, 34.09292700008593], [-81.54668400035942, 34.092749000332596], [-81.54664300035155, 34.092688999946844], [-81.54646099987833, 34.09242399984235], [-81.54628000012839, 34.09227399971028], [-81.54607599991388, 34.09204500002262], [-81.54587599989733, 34.09167500008883], [-81.54577700016313, 34.091378000170224], [-81.54567400023097, 34.091237999664344], [-81.54560300008586, 34.09105199977133], [-81.5455849996442, 34.09099999998412], [-81.54435500030604, 34.08749199981027], [-81.54428300033601, 34.08728700034175], [-81.5441190003045, 34.08696500015998], [-81.54395299972482, 34.086715999942214], [-81.54235900033858, 34.08421599982106], [-81.54050700031118, 34.08330399996849], [-81.54016500000442, 34.083136000275275], [-81.53940000009837, 34.082294999829614], [-81.53889899978292, 34.0817439999862], [-81.53686799965539, 34.08162599986957], [-81.53511000023762, 34.0818649998215], [-81.53360700018968, 34.08206999976899], [-81.53354699991522, 34.08209099964122], [-81.53196100002658, 34.08263099998777], [-81.53157199986417, 34.082687000256506], [-81.53017099992346, 34.082892999650944], [-81.52868999961682, 34.08294599990171], [-81.5266879998016, 34.08291599996039], [-81.5252020003704, 34.08274600034016], [-81.52480099961409, 34.08270100031792], [-81.52362700035242, 34.082385000281725], [-81.52337999958189, 34.08231800030149], [-81.52313199988477, 34.08225200022468], [-81.52287699961666, 34.082183000224695], [-81.52211599990855, 34.08197799980679], [-81.52186200036365, 34.08191000028804], [-81.52025800003337, 34.08163600025158], [-81.51883399962813, 34.081392999787006], [-81.51734399999897, 34.08168100009573], [-81.5155430000252, 34.08208000009852], [-81.51546799968212, 34.08208699980765], [-81.51385000000644, 34.082253000181154], [-81.51283499985513, 34.08170899980484], [-81.51186099971167, 34.08019700003355], [-81.51114699985925, 34.078709000015316], [-81.51036600005966, 34.077599999852175], [-81.50963200011573, 34.076951999664956], [-81.50852900010088, 34.07632800036578], [-81.50702100003005, 34.07555600027029], [-81.50693599964123, 34.07551300021997], [-81.50556200036303, 34.07482500016734], [-81.5039759995761, 34.0741590001382], [-81.5024769997261, 34.073880000047865], [-81.5016740001852, 34.07400700028029], [-81.50061899985091, 34.07444799979628], [-81.49982499963252, 34.074816999813685], [-81.49841100017134, 34.07579700030371], [-81.49745499957126, 34.07622299976], [-81.49692700038996, 34.076457999978835], [-81.49577199959826, 34.076843999771825], [-81.49493700027031, 34.07690000014696], [-81.49364699975938, 34.07680999981831], [-81.49268299966168, 34.07678199997764], [-81.4925010000868, 34.076776999872266], [-81.49192899962625, 34.07699499972877], [-81.49028900020929, 34.077687000054404], [-81.48856100003043, 34.078582000136414], [-81.4879889995699, 34.07910599989663], [-81.48764299996348, 34.07984800008853], [-81.48735799955814, 34.080460999742186], [-81.48699000021044, 34.0813320003141], [-81.48609700025783, 34.081928000319124], [-81.48507799990857, 34.08229899965336], [-81.48375800015872, 34.08229000004971], [-81.48214700015575, 34.081900999899034], [-81.4810399999429, 34.081238000357324], [-81.48074899968977, 34.081013999691415], [-81.4806099997726, 34.08090599976979], [-81.4798559997372, 34.08032499970198], [-81.4789340003706, 34.07948600033573], [-81.47826400000079, 34.078703000025314], [-81.47734199973588, 34.0780319999509], [-81.47586700017534, 34.077473999811374], [-81.47394499982772, 34.07685900007526], [-81.47270399972061, 34.076503000342136], [-81.47267399958336, 34.07649400012256], [-81.47197200032481, 34.07655200003262], [-81.4718579996237, 34.07656000022235], [-81.46899299999309, 34.0814089999952], [-81.46691300036005, 34.08492999975671], [-81.46550300019852, 34.08731499968508], [-81.46486499961576, 34.08727799978033], [-81.46399500012771, 34.08709399991311], [-81.4631990002595, 34.08668699975276], [-81.46251100034632, 34.086190999745654], [-81.46204900038896, 34.08588599987955], [-81.46112399975101, 34.08513299987919], [-81.46010799977478, 34.084100999977025], [-81.45871000020713, 34.08345500031175], [-81.4568270002176, 34.08329900024816], [-81.45610900016719, 34.083113000025584], [-81.45483299989995, 34.08187500017528], [-81.45436199972177, 34.08164200003373], [-81.45307200010916, 34.081262000340374], [-81.45123599997528, 34.08064299993578], [-81.44950000029881, 34.079886000248244], [-81.44759999969253, 34.078799999811366], [-81.44572500009889, 34.07795200015395], [-81.44487200032927, 34.07766799985538], [-81.44296900024825, 34.07777900021385], [-81.44117400012226, 34.078180000008416], [-81.43897999978809, 34.07950900008242], [-81.43718399983717, 34.08061999975306], [-81.43500799994466, 34.08179600025022], [-81.43254400017207, 34.08267899990151], [-81.43041799960996, 34.08328199970875], [-81.4286669998649, 34.083432000148775], [-81.42643800026894, 34.0832870001741], [-81.42492500017524, 34.08295400023148], [-81.42352900025743, 34.08228300035736], [-81.42295799962181, 34.08187500017528], [-81.421893999965, 34.08112400015886], [-81.42090200027822, 34.08048699990011], [-81.41999199970887, 34.07990299998133], [-81.41920599988642, 34.078933000081555], [-81.41850799992751, 34.07791599988587], [-81.41738300017133, 34.076905000245134], [-81.41576200012261, 34.07523200004624], [-81.41473399955248, 34.0741900002569], [-81.41412299963221, 34.07384200016982], [-81.413142999641, 34.07353400029429], [-81.41128999978866, 34.073127999761944], [-81.40884399955942, 34.073100000192305], [-81.40670899967479, 34.07301599993979], [-81.40585199970724, 34.072891999910766], [-81.40546699974276, 34.072836999929834], [-81.40443900007097, 34.07246399992845], [-81.40387699965616, 34.07174500015329], [-81.40380999970901, 34.071646999647214], [-81.40359299997405, 34.071327999781126], [-81.4035469999433, 34.07125999989699], [-81.40281999967206, 34.0708389997492], [-81.40134400028661, 34.07099799996428], [-81.40088800017703, 34.071046999862766], [-81.39857800039023, 34.07127799995918], [-81.39681800042432, 34.07134300031726], [-81.39679400013488, 34.07134300031726], [-81.39672499963959, 34.07134599982888], [-81.39670200007336, 34.071346999914105], [-81.39650100023192, 34.071354999851316], [-81.39634100039834, 34.07135599993644], [-81.3952600001248, 34.07136499995782], [-81.39490000027469, 34.0713690002977], [-81.39473000039537, 34.07139400018553], [-81.39422300023217, 34.07147200005599], [-81.39412399959966, 34.071487999906076], [-81.39408299959176, 34.071545000184535], [-81.39401200034496, 34.07164600030964], [-81.39380300010761, 34.071948999962366], [-81.39373399961231, 34.07205099968268], [-81.39372799976452, 34.07205900029752], [-81.3937110000461, 34.07208399998173], [-81.39370600002322, 34.072092999925765], [-81.39331699986077, 34.07310100025684], [-81.39279200015424, 34.0740040001188], [-81.3924029999918, 34.07431800007466], [-81.39033599987924, 34.07516200023922], [-81.39013900023575, 34.075255000204066], [-81.3897629995938, 34.07543599964281], [-81.38948999978231, 34.07616899973791], [-81.3893059996593, 34.076513999865156], [-81.38895599985494, 34.077168999798666], [-81.3883330002391, 34.07828999969261], [-81.38823500032981, 34.079347000245605], [-81.38856400021778, 34.08022700019408], [-81.3896699997074, 34.08137499964221], [-81.38981399964743, 34.08144300033452], [-81.39111500002902, 34.08205499964446], [-81.39186200039173, 34.08262900008373], [-81.39221899986879, 34.082986000054944], [-81.39334600017311, 34.08411699967355], [-81.39438300006573, 34.085119000219876], [-81.39507199980382, 34.08536199966409], [-81.39579999989996, 34.08538799980519], [-81.39626199985732, 34.085488999791096], [-81.39644900035339, 34.08553100006653], [-81.39649899968379, 34.085541999904954], [-81.397013000418, 34.085978999972205], [-81.39739099981146, 34.08676199996592], [-81.39769100028542, 34.08735200031771], [-81.39823400043363, 34.08840999998277], [-81.39905799989093, 34.089040000278715], [-81.39930099956517, 34.089357999774215], [-81.39986299997997, 34.09009099988909], [-81.40001600014085, 34.0906559999577], [-81.4001049998293, 34.09098699966034], [-81.40033400015815, 34.09148500027847], [-81.40050200038766, 34.09185100018263], [-81.40090999991833, 34.092181999676335], [-81.4013369997156, 34.09216699985539], [-81.40174500014459, 34.0922319998042], [-81.40200700008542, 34.0923620002961], [-81.40208400007832, 34.09277300002859], [-81.40211300039063, 34.0931039996367], [-81.40229699961533, 34.09335500005888], [-81.40264599959478, 34.093452000170814], [-81.4031259999938, 34.09359000034557], [-81.40326699956081, 34.09363099975582], [-81.40367499998982, 34.09422000003201], [-81.40381100043226, 34.094633000034385], [-81.40391699983914, 34.09495500006293], [-81.40381899992985, 34.09551999965462], [-81.40340100035343, 34.0960919999772], [-81.40324499981949, 34.09634500004556], [-81.40282800006798, 34.097026999891206], [-81.40289599984006, 34.09748800003131], [-81.40325400004033, 34.09789999993723], [-81.40368400021065, 34.09803600001477], [-81.40375000033288, 34.09805699964632], [-81.40381599955681, 34.09807800001643], [-81.40402099959623, 34.09814299988939], [-81.40480999979174, 34.09826899967251], [-81.40559399996437, 34.09839500001194], [-81.4064059997261, 34.0983959997777], [-81.40722400023392, 34.09839800005318], [-81.40784500019994, 34.0983609997853], [-81.40828299986785, 34.09833499990914], [-81.40882600001606, 34.098528999765584], [-81.40899099987253, 34.098819999832344], [-81.4091160004443, 34.10007900022482], [-81.40922799969898, 34.100350999852736], [-81.40944600015719, 34.100878999960194], [-81.40965700004438, 34.101168999651634], [-81.40991099958927, 34.10151699975474], [-81.41038699979033, 34.10190400033049], [-81.4112499996057, 34.10238899988308], [-81.41212400019003, 34.10287500008796], [-81.41275699985162, 34.10352100032766], [-81.41302600036346, 34.10379599989912], [-81.41320999958815, 34.104248000111944], [-81.41317100012841, 34.104514999773], [-81.41293699977668, 34.10610399989542], [-81.41297600013472, 34.10636199963018], [-81.4133829998405, 34.10671800026152], [-81.41387800030815, 34.106799000064356], [-81.41435699998394, 34.106837000027745], [-81.41460600040429, 34.10685700004079], [-81.41479999967473, 34.10702700033263], [-81.41513000028594, 34.10739000024549], [-81.41516399972281, 34.10739999981531], [-81.41548000009028, 34.10748800029305], [-81.4159169999333, 34.10733500035879], [-81.41620800018643, 34.107100999967926], [-81.416508999587, 34.107069999997904], [-81.41661599971714, 34.107375999804425], [-81.41663800035674, 34.1075569997499], [-81.41670500030389, 34.10810099988929], [-81.41672799987012, 34.10828300016406], [-81.41685699974155, 34.10932200021764], [-81.41694700015324, 34.10952099983271], [-81.41697599956724, 34.109585000207446], [-81.41700499987955, 34.10964899978998], [-81.41708000022261, 34.109814000035996], [-81.41755600042369, 34.11000000034673], [-81.41828399962151, 34.109880000193066], [-81.41868600020274, 34.1097519998416], [-81.41926500033595, 34.10956700010693], [-81.41938699963639, 34.109504000096926], [-81.41972100044555, 34.1093340003198], [-81.42008999961817, 34.109414999849356], [-81.42051700031374, 34.109632999712915], [-81.42089600043043, 34.109697999635195], [-81.42132300022769, 34.10944900009706], [-81.42177000011644, 34.109514000160665], [-81.42215799955565, 34.110006999978566], [-81.42208700030885, 34.11054799962846], [-81.42199199987428, 34.111265999777764], [-81.4215840003436, 34.1121039999267], [-81.42086499956997, 34.113135999789705], [-81.4202329997333, 34.11403900031121], [-81.42038800044232, 34.11482200028071], [-81.42091200032395, 34.115493000284715], [-81.42233900020392, 34.11588200000967], [-81.42337600009657, 34.11632600020298], [-81.42367099964933, 34.116452999978605], [-81.42375600003814, 34.116489000220014], [-81.42454299968551, 34.1167809997935], [-81.42553299972246, 34.1168390003631], [-81.42621200031314, 34.11709000029204], [-81.42694999955671, 34.11736499963459], [-81.42714899974833, 34.11751199980614], [-81.42718200025861, 34.117535999916136], [-81.42761400007875, 34.11785499970851], [-81.42789000026328, 34.118058999970756], [-81.42859800026793, 34.118581999765816], [-81.42883400026948, 34.118755999880634], [-81.42899199955492, 34.11890700019023], [-81.42941000002966, 34.11930699974168], [-81.42944900038772, 34.119343999773825], [-81.4295680002134, 34.11945799981111], [-81.42960800039637, 34.1194960000373], [-81.42980500003986, 34.119684999910504], [-81.43012300005718, 34.11984699989054], [-81.43103799975108, 34.1203159996621], [-81.43113900003341, 34.120396999830184], [-81.43167100031097, 34.12082499992592], [-81.43171099959564, 34.12085799980511], [-81.43220299969022, 34.12125400032571], [-81.43253300030142, 34.121710999898504], [-81.4326510003022, 34.12195800005995], [-81.43274500001353, 34.122154999978626], [-81.43366100043066, 34.1251250001272], [-81.43369900006547, 34.125180000344145], [-81.43400399966401, 34.1257840001833], [-81.43409099970263, 34.125978000304464], [-81.43413900028153, 34.12608400035124], [-81.4343560000165, 34.12656599979976], [-81.43457199992656, 34.1270470000475], [-81.43503200023412, 34.12806899964718], [-81.43519299989259, 34.128357999665795], [-81.4353119997183, 34.12857300006535], [-81.43549300036655, 34.12889900016072], [-81.43564800017727, 34.12912000006234], [-81.43577299985073, 34.12930000017776], [-81.43584200034603, 34.129364999856705], [-81.43587099976003, 34.129392000006085], [-81.43608599984519, 34.129589999846644], [-81.43643099962667, 34.12976099994415], [-81.43677399975836, 34.129951000059854], [-81.43687800041373, 34.12995399972557], [-81.43717200014162, 34.129963000209344], [-81.43701899998072, 34.13017300031933], [-81.43656299987114, 34.130805000002525], [-81.43641200025841, 34.13101599963172], [-81.43421100025155, 34.134066999753614], [-81.43359899960805, 34.13491500002649], [-81.43313199962783, 34.13556399964853], [-81.43308899997011, 34.13562300004302], [-81.43296400029665, 34.1358000002357], [-81.43292300028875, 34.13585999978838], [-81.43260799974617, 34.136295000104575], [-81.4316660002881, 34.13760200035064], [-81.43148100034018, 34.137859999910255], [-81.43135699959332, 34.138042000082606], [-81.43121600002631, 34.13824599996514], [-81.43117900021639, 34.13830199986133], [-81.43100099994115, 34.13856200032709], [-81.43090399985678, 34.138703999911954], [-81.43082900041202, 34.138813999740535], [-81.43079599990173, 34.138860999725026], [-81.43065699998456, 34.13906599988954], [-81.43019900022517, 34.139736000041204], [-81.42882599987355, 34.14174899983864], [-81.42836899993907, 34.1424200002662], [-81.42823099984682, 34.14262200001511], [-81.42816200024981, 34.14271600018258], [-81.42752799986502, 34.14359699983296], [-81.42731699997782, 34.14389100014369], [-81.42275400030562, 34.150567000344864], [-81.42314400029295, 34.15119700013645], [-81.42322100028584, 34.15131800026178], [-81.42329300025587, 34.151442999742244], [-81.4235479996257, 34.151840000326864], [-81.42373199974871, 34.15211199999658], [-81.42393000011543, 34.15238000004977], [-81.42415199987327, 34.152638999698084], [-81.42438000037721, 34.15289499970088], [-81.42451000007355, 34.153020999684465], [-81.42476899964133, 34.15325199978568], [-81.42503700032825, 34.15348100028249], [-81.42531099996462, 34.15371699988836], [-81.42533299970594, 34.15373500025335], [-81.42574600015782, 34.15408099991521], [-81.42589099992277, 34.15420599976676], [-81.42613399959701, 34.154380999991545], [-81.42682300023341, 34.15496500024547], [-81.4269770002192, 34.15510400024935], [-81.42707799960323, 34.155184999787785], [-81.42712199998415, 34.15522000005073], [-81.4274209997349, 34.155475999663686], [-81.4275689998729, 34.15559499993976], [-81.42773399972934, 34.15571700028603], [-81.42789600011105, 34.15582499986059], [-81.42811200002112, 34.15595199976174], [-81.42841800034286, 34.156105000179174], [-81.42867899956046, 34.15620400008295], [-81.42883400026948, 34.1562510000567], [-81.42903599993585, 34.15630500026317], [-81.4292860001811, 34.15636100008283], [-81.42939099976309, 34.15637999970791], [-81.42950600028912, 34.15639999989549], [-81.43032600044677, 34.156525999853365], [-81.43045699996803, 34.156542999797885], [-81.43101799965959, 34.156620000159656], [-81.4313850000807, 34.156673000309944], [-81.43165200004441, 34.156698000271106], [-81.43168800002942, 34.15670099973072], [-81.43176599984723, 34.156706000316596], [-81.43180400038037, 34.15670399993358], [-81.43201199989451, 34.156699000090974], [-81.4321519996366, 34.156691999864826], [-81.43226899981246, 34.1566870000215], [-81.43362600027054, 34.15657699967664], [-81.43497699998252, 34.156467999754526], [-81.4355600003137, 34.15642499993748], [-81.43600899985228, 34.156395999858375], [-81.43618499957938, 34.156383999745835], [-81.43647900020555, 34.15637199963154], [-81.43673100010064, 34.1563730001987], [-81.43691699987349, 34.15638600013636], [-81.4371229997378, 34.1564079999692], [-81.43728500011952, 34.15643700004424], [-81.43768699980242, 34.15653200027144], [-81.43873700011385, 34.15678100014858], [-81.43901099975022, 34.15685100008031], [-81.43962099984559, 34.15699899978751], [-81.43986400041814, 34.15705499989032], [-81.44091499965617, 34.1573010002738], [-81.44125399958986, 34.15736400034741], [-81.4414660002003, 34.15739499971739], [-81.44183400044633, 34.157414999664574], [-81.44224199997703, 34.15739300009408], [-81.44245600023727, 34.157357999988456], [-81.44254400010081, 34.157345000200365], [-81.44257000004008, 34.157341000207964], [-81.44289300008026, 34.15727700030417], [-81.4433170004028, 34.15718699998573], [-81.44406200021737, 34.157026000027535], [-81.44458699992393, 34.156913999746294], [-81.44560000042542, 34.15670099973072], [-81.44599799991036, 34.156649000161835], [-81.44631099990481, 34.15662199980128], [-81.4465839997163, 34.15662199980128], [-81.4468809998172, 34.15664199993154], [-81.44707199961292, 34.156659999673025], [-81.44713899956005, 34.15666600008164], [-81.44727099980456, 34.15668399981801], [-81.44787000002925, 34.15676500007105], [-81.44807000004582, 34.15679300020469], [-81.45013700015836, 34.15707599973344], [-81.45031700008342, 34.157099999760185], [-81.45250700021964, 34.15739300009408], [-81.45283699993252, 34.15743600016153], [-81.4536739998086, 34.1575439997677], [-81.45387600037328, 34.15757700017733], [-81.45414800035985, 34.15763100027916], [-81.45522000041257, 34.15785799969637], [-81.45589599973187, 34.15800999982959], [-81.45610900016719, 34.158068000355975], [-81.45652300044398, 34.15820100015669], [-81.45695799973885, 34.15836299990486], [-81.45698600022625, 34.158373000136116], [-81.45782300010232, 34.1586960003521], [-81.45884400010144, 34.15908200035439], [-81.4591079996921, 34.1591760000454], [-81.459404999793, 34.159272999743415], [-81.4602989995705, 34.1595659999706], [-81.46059700039464, 34.159663999748695], [-81.46071899969506, 34.15970300026584], [-81.46097099959015, 34.15978399985298], [-81.46108799976601, 34.15981400003821], [-81.46114700021555, 34.15983000028136], [-81.46121300033779, 34.159848999869254], [-81.46134200020923, 34.1598869997755], [-81.46138599969183, 34.15990099969755], [-81.46190399972569, 34.16006900006754], [-81.46207699997805, 34.1601250003644], [-81.46264500024063, 34.16032499984706], [-81.46283699986124, 34.16040199973339], [-81.4630150001365, 34.16048300013658], [-81.46318199964274, 34.160566000010284], [-81.46342600004022, 34.16070700000275], [-81.4637830004156, 34.16094499976687], [-81.46407399977042, 34.16114999985983], [-81.46787499990961, 34.16383399980542], [-81.4680499998118, 34.16393400004442], [-81.46820700017064, 34.16401500003225], [-81.46839100029364, 34.16408900032947], [-81.46858100026445, 34.16414500018984], [-81.4688249997636, 34.164178999980734], [-81.46904900006959, 34.16419099972877], [-81.46959100039288, 34.164182999649206], [-81.46992799977848, 34.164167999962416], [-81.47198900004324, 34.16407999976442], [-81.47218599968673, 34.16407500035856], [-81.47235700028928, 34.164070999941714], [-81.47241099981764, 34.164073999882724], [-81.4725349996662, 34.16408100024019], [-81.47264500016936, 34.1640939997345], [-81.47276599964488, 34.16411899972835], [-81.47291299995798, 34.16415499973623], [-81.47307399961645, 34.1642069998857], [-81.47308600021034, 34.16421100029614], [-81.47328600022688, 34.16428600015157], [-81.47386299981196, 34.164544999704894], [-81.47559600001367, 34.16532500018341], [-81.476174000322, 34.165585999694834], [-81.47764300003477, 34.16625800000319], [-81.4809129997213, 34.1677550002983], [-81.48205099989627, 34.16827600015666], [-81.48255499968641, 34.16850700014763], [-81.48316200030705, 34.16878799970919], [-81.48352800000495, 34.168931999859886], [-81.48355800014218, 34.16901300025483], [-81.4836500002037, 34.16925899998662], [-81.48368100016583, 34.16934099973791], [-81.4836870000136, 34.16935800007523], [-81.48377099967921, 34.1696009998003], [-81.4839129999694, 34.16997700014337], [-81.48397999991656, 34.17011399989552], [-81.48404000019103, 34.17023600007352], [-81.48418999997885, 34.17050199977713], [-81.48427600019257, 34.17063099995182], [-81.48448100023198, 34.170900000338676], [-81.48459800040786, 34.17103299999215], [-81.48482299964043, 34.171269000336714], [-81.48494400001427, 34.171375000049956], [-81.4850810002816, 34.171488000116526], [-81.48521900037387, 34.17159499994144], [-81.48550499970581, 34.171798000160244], [-81.48565899969162, 34.17190399995228], [-81.48617900027361, 34.17226000029892], [-81.48634599977987, 34.172370999912], [-81.48636300039662, 34.17238200034778], [-81.48835000014323, 34.17374000023009], [-81.49248600001818, 34.17656699987772], [-81.49471999963701, 34.1780889997197], [-81.495492999939, 34.178597000209564], [-81.49573099959036, 34.17874599999698], [-81.49600099992712, 34.17890000027882], [-81.49657000001461, 34.179229000277125], [-81.49778900038042, 34.17991000008275], [-81.49826399985827, 34.179647999985235], [-81.50318800010379, 34.1769080002242], [-81.50329100003596, 34.17685100033197], [-81.50669100031716, 34.17497500037092], [-81.5108980003372, 34.17264799997692], [-81.51525000012222, 34.170220999975825], [-81.51689999958496, 34.169297000116934], [-81.51965399978577, 34.167739999759696], [-81.52084300001437, 34.16706899979723], [-81.52322300012138, 34.16572700022296], [-81.52344400005433, 34.165600999872915], [-81.52565599993183, 34.164366000072555], [-81.52577499975753, 34.16429700015446], [-81.52803600003884, 34.16298800014943], [-81.52868200011922, 34.16270300012493], [-81.52882500023436, 34.162683999692675], [-81.53347800031824, 34.162219999662724], [-81.53371299959657, 34.16219700010273], [-81.53298000037589, 34.16073799963213], [-81.53276500029071, 34.16031099999533], [-81.53204800006523, 34.15890700020805], [-81.53096799961659, 34.15677899976735], [-81.5308780001032, 34.15659299978977], [-81.53077699982089, 34.15640499975581], [-81.53058299965211, 34.1560150000984], [-81.53051900007802, 34.155889999950894], [-81.53003899967898, 34.15493800008982], [-81.5299190000284, 34.15467199966435], [-81.52978900033206, 34.15435699993544], [-81.52975900019482, 34.15424800012143], [-81.52969899992036, 34.154030000071316], [-81.5296100002319, 34.15358899974295], [-81.52957000004893, 34.153261999878794], [-81.52956599985097, 34.153201000184566], [-81.52955900017828, 34.15308300011482], [-81.52955800035338, 34.152876000035164], [-81.52957000004893, 34.15264399978107], [-81.52960500020902, 34.15231400035969], [-81.52966399976026, 34.15199399989211], [-81.52975499999685, 34.15163599981389], [-81.52986399977681, 34.15129900024124], [-81.53020500025865, 34.15043899988602], [-81.53032699955907, 34.15012900021288], [-81.53065600034536, 34.1492999999509], [-81.5307140000717, 34.14913700000667], [-81.53082500039977, 34.148866000333726], [-81.53094599987527, 34.148571000321354], [-81.53112199960236, 34.14817399998401], [-81.53117500020413, 34.14806099993639], [-81.53124799999907, 34.14790899973913], [-81.5313070004486, 34.14779999978145], [-81.53131400012131, 34.147786000083656], [-81.53164399983419, 34.14715199965325], [-81.53165700025298, 34.14712899970651], [-81.53238199997608, 34.145935999635896], [-81.53281600034434, 34.145223999962695], [-81.53283600043582, 34.1451899999744], [-81.53323899994363, 34.14455000035266], [-81.53355100011318, 34.14403099975504], [-81.53374699993175, 34.14370999990399], [-81.5338549998868, 34.143534999874475], [-81.53420399986625, 34.14297799967039], [-81.53466199962565, 34.14222599996444], [-81.53489199977942, 34.14186100015529], [-81.53514799987245, 34.141508000253666], [-81.53528000011693, 34.14134600014627], [-81.53536499960744, 34.14125299994434], [-81.5354469996232, 34.14116599966269], [-81.53569600004354, 34.14092799992161], [-81.53608500020597, 34.14058699996767], [-81.53697200031077, 34.139832999760536], [-81.53824900040291, 34.13874799986058], [-81.53858900016154, 34.138453000206304], [-81.53888600026247, 34.13814799987165], [-81.53904000024825, 34.13796900005241], [-81.53917300031763, 34.13780399972123], [-81.53930899986176, 34.13761600024897], [-81.5394379997332, 34.13741899992608], [-81.53945000032707, 34.13739700035215], [-81.53953200034283, 34.13726399976437], [-81.5396360000999, 34.137072999677834], [-81.53981400037513, 34.13669499992344], [-81.53987999959907, 34.136516000000604], [-81.53993499985066, 34.13634300006384], [-81.5400510002016, 34.13594799965016], [-81.5403170003404, 34.13504899992596], [-81.5403959999831, 34.134765000131154], [-81.54050700031118, 34.134369999777604], [-81.54063100015975, 34.13393000025976], [-81.54100500025356, 34.13261400027947], [-81.54112999992704, 34.13217499990947], [-81.5411919998513, 34.13195399981564], [-81.54138000017228, 34.13129199990574], [-81.54144299992147, 34.13107199985716], [-81.54167100042541, 34.13028400023045], [-81.54172300030397, 34.130086999919556], [-81.54180500031971, 34.12984099984921], [-81.54185399982521, 34.129699999640316], [-81.5419299999932, 34.12950400034095], [-81.54209700039776, 34.12911700036703], [-81.54228499982042, 34.12873100025944], [-81.54238399955462, 34.12855299998209], [-81.5426060002108, 34.128204000146766], [-81.5427479996027, 34.12799800024534], [-81.54292599987794, 34.127752000044644], [-81.543253999941, 34.127343999693444], [-81.54338700001038, 34.12719099998365], [-81.54353799962311, 34.1270319997147], [-81.54381899983052, 34.12675199970679], [-81.54391099989203, 34.12666900007069], [-81.54413199982496, 34.126472999692744], [-81.54429199965854, 34.12633699996779], [-81.54445999988802, 34.12621400014295], [-81.5446199997216, 34.12608099980449], [-81.54491599999761, 34.12587399975056], [-81.54513100008276, 34.12572900035929], [-81.54651100010706, 34.12493900035878], [-81.5465270000006, 34.12493100027959], [-81.54799999991131, 34.1241199996654], [-81.55092900001432, 34.12248800036783], [-81.5513630003826, 34.12224499969053], [-81.55237799963558, 34.12167899984284], [-81.55275000007958, 34.1214549998579], [-81.5529629996166, 34.12131699976431], [-81.5532930002278, 34.12107100020297], [-81.55340799985552, 34.12098699995305], [-81.55364300003217, 34.12080100000567], [-81.55408099970006, 34.12041600010625], [-81.55423200021113, 34.120268999776904], [-81.55429400013541, 34.120209999820744], [-81.55449699962669, 34.11999799973935], [-81.55451900026632, 34.11997300007361], [-81.55502999972916, 34.11939100017313], [-81.55656499956416, 34.11764899987765], [-81.55707699975024, 34.11706799988953], [-81.557270999919, 34.116834999940416], [-81.55837200028404, 34.11556899982099], [-81.55934499970424, 34.114452999847465], [-81.55993999973101, 34.11375999999813], [-81.56053300010794, 34.11303899992789], [-81.56058300033663, 34.11297199966707], [-81.56103699989809, 34.112371000082476], [-81.56209899990507, 34.110942999719924], [-81.56238099993737, 34.11056499989823], [-81.56328599958553, 34.109357000139035], [-81.56333400016442, 34.10929300033553], [-81.56364600033395, 34.10886899994997], [-81.56401799987962, 34.10836500034791], [-81.56473000008225, 34.10740699966227], [-81.56509300030541, 34.10692100019952], [-81.56533500015473, 34.1065970002463], [-81.56535299969809, 34.10657399967676], [-81.56567400008845, 34.106133999801195], [-81.56605499985496, 34.10562300027558], [-81.5662969997043, 34.105300000242515], [-81.56643599962148, 34.10511300032534], [-81.56685499992113, 34.104552000325384], [-81.56699499966321, 34.104365999937905], [-81.56742400000861, 34.10379000019927], [-81.5674440001001, 34.10376500020582], [-81.56779800010244, 34.1032830002259], [-81.56788400031616, 34.10314800010815], [-81.56797899985239, 34.10298800029577], [-81.56806500006611, 34.10283199977833], [-81.5681839998918, 34.102572000260324], [-81.56823699959524, 34.102423999697265], [-81.56833100020488, 34.102119000298806], [-81.56837100038786, 34.10194200026083], [-81.56837999971039, 34.101886000083475], [-81.56839899997695, 34.10177599981312], [-81.56841900006846, 34.101603000200924], [-81.56843999998485, 34.101170999861516], [-81.56845300040362, 34.10087399979006], [-81.56846799957393, 34.100571999975976], [-81.56849600006134, 34.09998300001616], [-81.56849699988624, 34.09997199982258], [-81.56850399955894, 34.09982999990019]]]}, "properties": {"GEOID": "45071950604", "STATE": "45", "COUNTY": "071", "TRACT": "950604", "NAME": "Census Tract 9506.04", "BASENAME": "9506.04"}}, {"type": "Feature", "geometry": {"type": "Polygon", "coordinates": [[[-81.31400100014608, 34.06303200026928], [-81.31089899979072, 34.06214999990727], [-81.3048780002764, 34.06108700010018], [-81.2997940001973, 34.0602760000628], [-81.2949999996481, 34.059660000282754], [-81.29050499974794, 34.05961099975286], [-81.28565900021852, 34.06003899991622], [-81.2853980001026, 34.0598249997326], [-81.28384499982594, 34.05997399981675], [-81.28243800003746, 34.06048899963849], [-81.28081899963857, 34.06132899982197], [-81.27896800033437, 34.06112199987206], [-81.27706400042844, 34.059619000053914], [-81.27411199986089, 34.05663300005986], [-81.27358600032943, 34.05658700004677], [-81.26900500021557, 34.062396999780624], [-81.26521099974907, 34.06597300031604], [-81.26290299961208, 34.06776999983467], [-81.26265900011292, 34.06801299994386], [-81.26073000009262, 34.068185000359364], [-81.26033099988445, 34.06822000017613], [-81.25982799991921, 34.06826499970678], [-81.25891499987515, 34.06846299973887], [-81.25813099970249, 34.068594999751255], [-81.25797500006689, 34.06861100014463], [-81.2577869997459, 34.06861700010535], [-81.25763100011031, 34.06861100014463], [-81.2573509997278, 34.06856600005367], [-81.2569549998927, 34.06848600024625], [-81.2568219998233, 34.06844100008889], [-81.25673599960959, 34.06843299987647], [-81.25664400044639, 34.0684490003005], [-81.25622199977367, 34.068613999752976], [-81.25612999971217, 34.06862900002556], [-81.25578400010576, 34.068606000301095], [-81.25593899991645, 34.06894199969919], [-81.25598800032027, 34.06906600030094], [-81.25602699978002, 34.06921900020517], [-81.25604600004658, 34.069375000158686], [-81.25604600004658, 34.069479000216134], [-81.25603799965067, 34.06958300014596], [-81.25605699991725, 34.070110000067196], [-81.2559690000537, 34.07203299978474], [-81.2559559996349, 34.07213700029981], [-81.25593700026664, 34.07223899979377], [-81.25591499962704, 34.072315000226915], [-81.25587600016728, 34.072414000032865], [-81.25584000018226, 34.07248700009374], [-81.25543099992834, 34.07319100006191], [-81.25524400033059, 34.07318499968103], [-81.25508799979669, 34.0731859997445], [-81.25469199996155, 34.07321199990346], [-81.25447100002862, 34.07325499963359], [-81.25435100037801, 34.07328700014539], [-81.25423400020216, 34.07332500027241], [-81.25403599983544, 34.07340299985314], [-81.25378899996323, 34.07351499990771], [-81.25365599989384, 34.073583000214086], [-81.25347500014388, 34.07368600025685], [-81.2533859995571, 34.07374499991428], [-81.25325500003584, 34.073832999667495], [-81.25279499972831, 34.07409200034705], [-81.25255500042711, 34.07421600010765], [-81.25241599961163, 34.07427700024128], [-81.25227400021971, 34.07433099998142], [-81.25189099990506, 34.07445199999057], [-81.25169599991139, 34.07450999981075], [-81.25137700006917, 34.07457299982694], [-81.25119100029633, 34.07460099965373], [-81.25100499962518, 34.07462299993639], [-81.25048300029168, 34.074662000254214], [-81.25013099993917, 34.07467700019998], [-81.2496680001569, 34.07468199968528], [-81.24924999968215, 34.074657000023684], [-81.24887599958832, 34.07462600007594], [-81.24850200039283, 34.074586999741484], [-81.24770499980141, 34.07448099990559], [-81.24738500013427, 34.07444400034584], [-81.24709300005621, 34.07439800032763], [-81.24700099999471, 34.07438399963774], [-81.24677099984095, 34.074332000031355], [-81.2466479998173, 34.07429599971284], [-81.24628899979211, 34.07416799986178], [-81.2459449998355, 34.074013999912594], [-81.24580799956817, 34.073959999970384], [-81.24538300031904, 34.07382299985238], [-81.24520800041687, 34.07378099972291], [-81.24496200036955, 34.07373500008878], [-81.24472399981987, 34.07372300014776], [-81.24431700011408, 34.07366900002003], [-81.24402199966299, 34.07361100036817], [-81.24383500006525, 34.073564999897556], [-81.24376200027031, 34.07354099996564], [-81.24347799968987, 34.07343400024849], [-81.24321199955108, 34.07335499989068], [-81.24290199992969, 34.0732819998337], [-81.24272200000463, 34.07325100012682], [-81.24250500026965, 34.07321199990346], [-81.24231899959851, 34.07318499968103], [-81.24141200030053, 34.0730819997732], [-81.24102599961283, 34.073044000281236], [-81.24087699964993, 34.073033999628876], [-81.24079200015943, 34.073033999628876], [-81.2406850000293, 34.07304200015087], [-81.24061100040946, 34.07305799970443], [-81.24044200035505, 34.07311100015724], [-81.24029500004195, 34.07317699991659], [-81.23892800043646, 34.073920000018596], [-81.2382970004247, 34.074259000072225], [-81.2378830001479, 34.07449099964309], [-81.23778900043656, 34.07453799965837], [-81.23773800038295, 34.07458799978846], [-81.23761299981116, 34.074604999840844], [-81.23722700002179, 34.07472300006673], [-81.23677099991221, 34.074841000128174], [-81.23647800000926, 34.074905999984644], [-81.2363120003279, 34.07494700025767], [-81.23586700008897, 34.07502399979116], [-81.23556400014026, 34.075042999839255], [-81.23521799963554, 34.07502699991652], [-81.23476499989901, 34.0749869997245], [-81.23425100006311, 34.0749189998011], [-81.23407500033602, 34.074901999811736], [-81.23361000000561, 34.074813999680885], [-81.23348399960891, 34.0747859999245], [-81.23327799974459, 34.07472999963983], [-81.2330180003519, 34.074652999839074], [-81.23258099961059, 34.074504000267325], [-81.23213100024711, 34.07427999964901], [-81.23162499990882, 34.07400899964383], [-81.23132899963281, 34.07386900018284], [-81.2310609998442, 34.07370399980356], [-81.23030500015896, 34.07321299996661], [-81.23003499982222, 34.07307399999904], [-81.2297929999729, 34.07299199985233], [-81.22957100021505, 34.072941000201965], [-81.22937799987119, 34.07291499995989], [-81.22922100041067, 34.07290500003636], [-81.22894400040124, 34.0729280000819], [-81.22916699998399, 34.07325699975898], [-81.22926700044144, 34.073419000082616], [-81.22940499963538, 34.073665999846575], [-81.22949599987196, 34.07384999987146], [-81.22959999962904, 34.074090000241426], [-81.22968400019295, 34.07431499992419], [-81.22976600020871, 34.07457900010951], [-81.22981899991215, 34.07479200019198], [-81.22986199956986, 34.07500699982287], [-81.22988900023235, 34.07518699975172], [-81.22990900032384, 34.07536800007993], [-81.22992400039247, 34.07560399972955], [-81.22992600004228, 34.07578499991072], [-81.2299200001945, 34.07600300008827], [-81.22990400030096, 34.076201999920826], [-81.22986999996579, 34.07645499990416], [-81.22982999978281, 34.07666999977834], [-81.22978899977494, 34.07684799985302], [-81.22973400042166, 34.077042999860716], [-81.22965800025368, 34.07726999991472], [-81.22959200013145, 34.0774430001505], [-81.22949500004705, 34.07766499982356], [-81.22929500003052, 34.078052000074344], [-81.22926400006838, 34.078111999672274], [-81.22790499996049, 34.08077700026163], [-81.22684899980128, 34.080465999630135], [-81.22674400021928, 34.08044000020982], [-81.22663799991409, 34.08041999990624], [-81.22644299992041, 34.080400000342], [-81.22624700010182, 34.080400000342], [-81.22605200010815, 34.08042099988435], [-81.22586200013735, 34.080462999697424], [-81.22571999984714, 34.080508000164876], [-81.22554599976986, 34.080583999875024], [-81.22421900034733, 34.08129899989789], [-81.22404600009496, 34.081409999961615], [-81.22388200006343, 34.0815290003442], [-81.22375599966674, 34.08162999972492], [-81.22360900025194, 34.08176399997703], [-81.22333200024252, 34.08198300034913], [-81.22317900008163, 34.08208499989082], [-81.22303400031667, 34.08216600020526], [-81.22291999961557, 34.08221900016699], [-81.22278300024652, 34.082274999964206], [-81.2226619998727, 34.08231700034578], [-81.22251799993265, 34.0823570000521], [-81.22239099971105, 34.082386000236625], [-81.22226299966452, 34.08240700003048], [-81.2221120000518, 34.08242400000154], [-81.22196399991378, 34.08243300033491], [-81.22174700017881, 34.082442999877586], [-81.22152799989568, 34.08243400028925], [-81.22133499955184, 34.08240899993971], [-81.22114399975614, 34.08236800030284], [-81.22089400040919, 34.082291999961754], [-81.22069799969229, 34.08221299968169], [-81.22051000026963, 34.08212099987481], [-81.22033299981932, 34.0820149997955], [-81.22021499981854, 34.08193400008065], [-81.2201200002823, 34.081859000055104], [-81.22002900004571, 34.08178000011517], [-81.21991600006781, 34.08166999975574], [-81.21981300013564, 34.081552000280034], [-81.21926599978946, 34.080851999757364], [-81.21918499959861, 34.08075700003771], [-81.21907699964356, 34.08064199996029], [-81.21894799977214, 34.0805199998887], [-81.21885599971064, 34.08044100018768], [-81.21872900038734, 34.080342000090994], [-81.21859499959473, 34.080248999759405], [-81.21849099983766, 34.08018300030222], [-81.21836600016418, 34.08011000017759], [-81.21821800002618, 34.08003300005945], [-81.21734500016508, 34.079623000222746], [-81.21513300028757, 34.07858300013623], [-81.21497599992873, 34.07851400012298], [-81.21483600018665, 34.07846000007347], [-81.21468700022373, 34.078412000000505], [-81.21451499979628, 34.07836899991204], [-81.21430700028213, 34.07832799980738], [-81.21411999978606, 34.07829999972449], [-81.21390800007396, 34.07827899965623], [-81.21273700028704, 34.07819600007962], [-81.21236800021609, 34.078171999971715], [-81.21222599992588, 34.07817099996711], [-81.2120590004196, 34.078177999999326], [-81.2119179999543, 34.07819000005329], [-81.21172999963332, 34.07821700016842], [-81.21156899997484, 34.07824900029378], [-81.21143199970747, 34.0782819996663], [-81.21129799981318, 34.07832199979039], [-81.2111659995687, 34.0783669999074], [-81.2109329999402, 34.07846500007948], [-81.20914700003503, 34.079064000154645], [-81.20889500013995, 34.07913199972649], [-81.20749699967399, 34.07950700010472], [-81.20731799957385, 34.079560000242445], [-81.20712000010543, 34.079628000160106], [-81.2069279995865, 34.07970599988897], [-81.20674099998875, 34.07979300015996], [-81.20660000042176, 34.07986599981385], [-81.20596400038711, 34.0801980000143], [-81.20580299983033, 34.080259000304025], [-81.20560199998889, 34.080318999826474], [-81.20548700036116, 34.08034600000693], [-81.20534800044398, 34.080371000221454], [-81.20520699997867, 34.080390999792556], [-81.20508899997789, 34.080401000320336], [-81.20494699968768, 34.08040700019006], [-81.20482799986198, 34.08040700019006], [-81.20470999986121, 34.08040200029868], [-81.20451700041566, 34.08038299996469], [-81.20433400011757, 34.080352999859436], [-81.20417400028401, 34.08031599988856], [-81.20399500018385, 34.08026300022389], [-81.20382199993149, 34.0801980000143], [-81.20248899976286, 34.07960399971399], [-81.20197499992697, 34.08026000028398], [-81.2019139998276, 34.08038999981409], [-81.20187000034498, 34.080695000131826], [-81.2017039997653, 34.08100899983588], [-81.20144699984735, 34.081214000367424], [-81.20112999965495, 34.08174799983591], [-81.20108699999724, 34.08210699971752], [-81.2010419997914, 34.08228199965721], [-81.20093499966127, 34.08235899996256], [-81.20092399979063, 34.08244199992336], [-81.20087699993498, 34.08280900018234], [-81.20077099962975, 34.083068000198374], [-81.20062000001701, 34.08323600002651], [-81.20048299974967, 34.08390699978914], [-81.20041199960457, 34.084257999983926], [-81.20045500016057, 34.08453299964991], [-81.20047500025207, 34.084654999892116], [-81.2004919999705, 34.084845000150914], [-81.20036999977177, 34.08505200017089], [-81.19993200010383, 34.08537999970538], [-81.1997959996614, 34.08535600014545], [-81.1991119999462, 34.08532700023413], [-81.19893799986892, 34.08560300006513], [-81.19886099987603, 34.08562599963842], [-81.19886199970092, 34.08571600027009], [-81.198865000074, 34.08596299988353], [-81.19883499993675, 34.08596399979618], [-81.19855299990446, 34.08627000003429], [-81.19850500022389, 34.086359999981426], [-81.19848299958426, 34.08640299973223], [-81.19839300007088, 34.08657699981591], [-81.19835899973569, 34.08672200010847], [-81.19840300011661, 34.08684799978135], [-81.19844699959924, 34.08697699971273], [-81.19846699969074, 34.087195999993995], [-81.19847699973649, 34.087307999664134], [-81.19850400039897, 34.087601000152944], [-81.19859300008743, 34.08772199980252], [-81.19863400009531, 34.08798400008049], [-81.19893399967096, 34.08799299982289], [-81.19921300022854, 34.088018999900044], [-81.19957800010152, 34.088076000212915], [-81.19986699980652, 34.088132999743394], [-81.2000130002947, 34.08817299967821], [-81.20016999975522, 34.08822100017015], [-81.20035300005333, 34.08827800034705], [-81.2005709996132, 34.088370000160005], [-81.20161699972667, 34.0887800000516], [-81.20172999970457, 34.08882399994016], [-81.20288100029833, 34.08928599999308], [-81.2032660002628, 34.089431999981485], [-81.2035969998006, 34.089568000274134], [-81.2043090000032, 34.08984100007086], [-81.20458299963961, 34.08995200009618], [-81.20528200032174, 34.090226000004726], [-81.20550900010245, 34.09031500034901], [-81.20587999982321, 34.09045400028986], [-81.20636699989494, 34.090649000212935], [-81.20682700020248, 34.0908050001256], [-81.20712000010543, 34.09090300003817], [-81.2075469999027, 34.09101699971776], [-81.20784499982854, 34.0910879996625], [-81.20892399955396, 34.09133400012117], [-81.20931699991434, 34.09141499977104], [-81.20959800012174, 34.09147799985837], [-81.20976399980309, 34.09152000013854], [-81.21009299969106, 34.091614999685774], [-81.2103839999442, 34.09171200030377], [-81.21059099963344, 34.09179500002335], [-81.21088000023676, 34.091922000171806], [-81.21164799961754, 34.09228100006455], [-81.2126929999061, 34.092746000091125], [-81.21306799982482, 34.09292300002038], [-81.21378500005032, 34.0932430002055], [-81.21461299970557, 34.09362800028954], [-81.21498900034753, 34.093797999634056], [-81.2158549996376, 34.0941919999967], [-81.21595000007216, 34.09423500023304], [-81.21659600015253, 34.09449100008077], [-81.21713799957753, 34.09470499973124], [-81.21734699981491, 34.09478800023566], [-81.21790900022968, 34.095009999813634], [-81.21808099975883, 34.095077999969995], [-81.22079899997465, 34.096155000303085], [-81.22149699993355, 34.09643099979664], [-81.2220280003862, 34.09664099985954], [-81.22272999964476, 34.09893199974468], [-81.22278099969839, 34.099102000338], [-81.2230900003932, 34.100129999896204], [-81.22328399966364, 34.10077700000173], [-81.22462299968004, 34.10092699994185], [-81.22562699996072, 34.1010360000935], [-81.22599699985656, 34.101077000359886], [-81.22621500031477, 34.10109599976904], [-81.22663100024137, 34.101139000216996], [-81.22675000006707, 34.101150999992136], [-81.22715599994794, 34.10117999968961], [-81.22762600030123, 34.10121500000387], [-81.22774199975385, 34.10122600003586], [-81.22795500018918, 34.1012860003205], [-81.22803300000699, 34.10129299992942], [-81.23122099967776, 34.10153800001016], [-81.23132699998298, 34.1015450003421], [-81.23190699994112, 34.10162899981698], [-81.23228400040799, 34.10166399994545], [-81.23343299955529, 34.101767999774395], [-81.23349200000483, 34.101770999696], [-81.2351580002594, 34.10185100004676], [-81.23519699971915, 34.101853999965485], [-81.23779399956112, 34.1020109997775], [-81.23782299987346, 34.10201299996753], [-81.23790499988922, 34.1020180000703], [-81.23827300013524, 34.10203100018752], [-81.2383059997472, 34.102029999720806], [-81.23833500005954, 34.102032999633174], [-81.24048300036294, 34.10210300028537], [-81.24051299960185, 34.10210400000732], [-81.24163300023346, 34.10213600003078], [-81.24169000013488, 34.10213699975239], [-81.243732999958, 34.10219799985583], [-81.2451690000588, 34.10218699995019], [-81.24518999997518, 34.10218699995019], [-81.24821399961444, 34.10215599966735], [-81.24981899976963, 34.102141000126345], [-81.24981899976963, 34.102160000040456], [-81.25375399980314, 34.10215299975939], [-81.25806299993044, 34.10192900013], [-81.26211500013979, 34.101256999915485], [-81.26617200037202, 34.100359999768045], [-81.26899500016982, 34.099651999786616], [-81.2699299999552, 34.09941699996589], [-81.26993699962789, 34.099353000082104], [-81.27095000012939, 34.099044000252725], [-81.2726130000109, 34.09275800031237], [-81.2746680004279, 34.08873799989997], [-81.28057000011651, 34.08395199991449], [-81.28737599962838, 34.07961800028509], [-81.2923180003156, 34.076776999872266], [-81.29367300022554, 34.07599999999748], [-81.29849799983856, 34.07331799983911], [-81.3041329995635, 34.06983100003574], [-81.30466700038922, 34.06950100034072], [-81.30975300011815, 34.066039999830885], [-81.31400100014608, 34.06303200026928]]]}, "properties": {"GEOID": "45063021114", "STATE": "45", "COUNTY": "063", "TRACT": "021114", "NAME": "Census Tract 211.14", "BASENAME": "211.14"}}, {"type": "Feature", "geometry": {"type": "Polygon", "coordinates": [[[-81.43701899998072, 34.13017300031933], [-81.43717200014162, 34.129963000209344], [-81.43687800041373, 34.12995399972557], [-81.43677399975836, 34.129951000059854], [-81.43643099962667, 34.12976099994415], [-81.43608599984519, 34.129589999846644], [-81.43587099976003, 34.129392000006085], [-81.43584200034603, 34.129364999856705], [-81.43577299985073, 34.12930000017776], [-81.43564800017727, 34.12912000006234], [-81.43549300036655, 34.12889900016072], [-81.4353119997183, 34.12857300006535], [-81.43519299989259, 34.128357999665795], [-81.43503200023412, 34.12806899964718], [-81.43457199992656, 34.1270470000475], [-81.4343560000165, 34.12656599979976], [-81.43413900028153, 34.12608400035124], [-81.43409099970263, 34.125978000304464], [-81.43400399966401, 34.1257840001833], [-81.43369900006547, 34.125180000344145], [-81.43366100043066, 34.1251250001272], [-81.43274500001353, 34.122154999978626], [-81.4326510003022, 34.12195800005995], [-81.43253300030142, 34.121710999898504], [-81.43220299969022, 34.12125400032571], [-81.43171099959564, 34.12085799980511], [-81.43167100031097, 34.12082499992592], [-81.43113900003341, 34.120396999830184], [-81.43103799975108, 34.1203159996621], [-81.43012300005718, 34.11984699989054], [-81.42980500003986, 34.119684999910504], [-81.42960800039637, 34.1194960000373], [-81.4295680002134, 34.11945799981111], [-81.42944900038772, 34.119343999773825], [-81.42941000002966, 34.11930699974168], [-81.42899199955492, 34.11890700019023], [-81.42883400026948, 34.118755999880634], [-81.42859800026793, 34.118581999765816], [-81.42789000026328, 34.118058999970756], [-81.42761400007875, 34.11785499970851], [-81.42718200025861, 34.117535999916136], [-81.42714899974833, 34.11751199980614], [-81.42694999955671, 34.11736499963459], [-81.42621200031314, 34.11709000029204], [-81.42553299972246, 34.1168390003631], [-81.42454299968551, 34.1167809997935], [-81.42375600003814, 34.116489000220014], [-81.42367099964933, 34.116452999978605], [-81.42337600009657, 34.11632600020298], [-81.42233900020392, 34.11588200000967], [-81.42091200032395, 34.115493000284715], [-81.42038800044232, 34.11482200028071], [-81.4202329997333, 34.11403900031121], [-81.42086499956997, 34.113135999789705], [-81.4215840003436, 34.1121039999267], [-81.42199199987428, 34.111265999777764], [-81.42208700030885, 34.11054799962846], [-81.42215799955565, 34.110006999978566], [-81.42177000011644, 34.109514000160665], [-81.42132300022769, 34.10944900009706], [-81.42089600043043, 34.109697999635195], [-81.42051700031374, 34.109632999712915], [-81.42008999961817, 34.109414999849356], [-81.41972100044555, 34.1093340003198], [-81.41938699963639, 34.109504000096926], [-81.41926500033595, 34.10956700010693], [-81.41868600020274, 34.1097519998416], [-81.41828399962151, 34.109880000193066], [-81.41755600042369, 34.11000000034673], [-81.41708000022261, 34.109814000035996], [-81.41700499987955, 34.10964899978998], [-81.41697599956724, 34.109585000207446], [-81.41694700015324, 34.10952099983271], [-81.41685699974155, 34.10932200021764], [-81.41672799987012, 34.10828300016406], [-81.41670500030389, 34.10810099988929], [-81.41663800035674, 34.1075569997499], [-81.41661599971714, 34.107375999804425], [-81.416508999587, 34.107069999997904], [-81.41620800018643, 34.107100999967926], [-81.4159169999333, 34.10733500035879], [-81.41548000009028, 34.10748800029305], [-81.41516399972281, 34.10739999981531], [-81.41513000028594, 34.10739000024549], [-81.41479999967473, 34.10702700033263], [-81.41460600040429, 34.10685700004079], [-81.41435699998394, 34.106837000027745], [-81.41387800030815, 34.106799000064356], [-81.4133829998405, 34.10671800026152], [-81.41297600013472, 34.10636199963018], [-81.41293699977668, 34.10610399989542], [-81.41317100012841, 34.104514999773], [-81.41320999958815, 34.104248000111944], [-81.41302600036346, 34.10379599989912], [-81.41275699985162, 34.10352100032766], [-81.41212400019003, 34.10287500008796], [-81.4112499996057, 34.10238899988308], [-81.41038699979033, 34.10190400033049], [-81.40991099958927, 34.10151699975474], [-81.40965700004438, 34.101168999651634], [-81.40944600015719, 34.100878999960194], [-81.40922799969898, 34.100350999852736], [-81.4091160004443, 34.10007900022482], [-81.40899099987253, 34.098819999832344], [-81.40882600001606, 34.098528999765584], [-81.40828299986785, 34.09833499990914], [-81.40784500019994, 34.0983609997853], [-81.40722400023392, 34.09839800005318], [-81.4064059997261, 34.0983959997777], [-81.40559399996437, 34.09839500001194], [-81.40480999979174, 34.09826899967251], [-81.40402099959623, 34.09814299988939], [-81.40381599955681, 34.09807800001643], [-81.40375000033288, 34.09805699964632], [-81.40368400021065, 34.09803600001477], [-81.40325400004033, 34.09789999993723], [-81.40289599984006, 34.09748800003131], [-81.40282800006798, 34.097026999891206], [-81.40324499981949, 34.09634500004556], [-81.40340100035343, 34.0960919999772], [-81.40381899992985, 34.09551999965462], [-81.40391699983914, 34.09495500006293], [-81.40381100043226, 34.094633000034385], [-81.40367499998982, 34.09422000003201], [-81.40326699956081, 34.09363099975582], [-81.4031259999938, 34.09359000034557], [-81.40264599959478, 34.093452000170814], [-81.40229699961533, 34.09335500005888], [-81.40211300039063, 34.0931039996367], [-81.40208400007832, 34.09277300002859], [-81.40200700008542, 34.0923620002961], [-81.40174500014459, 34.0922319998042], [-81.4013369997156, 34.09216699985539], [-81.40090999991833, 34.092181999676335], [-81.40050200038766, 34.09185100018263], [-81.40033400015815, 34.09148500027847], [-81.4001049998293, 34.09098699966034], [-81.40001600014085, 34.0906559999577], [-81.39986299997997, 34.09009099988909], [-81.39930099956517, 34.089357999774215], [-81.39700599984698, 34.093045000075556], [-81.39519200035274, 34.095296000321696], [-81.39371199987099, 34.09646800016437], [-81.39080399968438, 34.09822699976565], [-81.3883540001555, 34.099578000331306], [-81.38704899957595, 34.10055299970531], [-81.38634800014229, 34.101959999752076], [-81.38564000013764, 34.10346400000169], [-81.38515499971577, 34.10434300024947], [-81.38441300027422, 34.105451000029205], [-81.38407799964016, 34.10566700033428], [-81.3835660003524, 34.10600099986515], [-81.38209400026659, 34.10659999999676], [-81.38112900034398, 34.10630100029727], [-81.38116000030611, 34.10618500028608], [-81.38121700020753, 34.106046999821956], [-81.38119799994097, 34.1059450001427], [-81.3811669999788, 34.10587600011491], [-81.3811240003211, 34.10581300033151], [-81.38106800024461, 34.10575699974084], [-81.38100100029746, 34.10570900026759], [-81.38092599995437, 34.10567099979756], [-81.38084399993862, 34.10564400025574], [-81.38072099991498, 34.10559399986932], [-81.38042899983692, 34.10581699978784], [-81.3797850003047, 34.10630800023512], [-81.37968200037253, 34.10638100008406], [-81.3795409999072, 34.1064690001341], [-81.3793939995941, 34.106548999762026], [-81.37924100033156, 34.10662099973441], [-81.37908300014782, 34.106683999660035], [-81.3788789999333, 34.10675099969469], [-81.37871099970381, 34.10679400024405], [-81.3784970003419, 34.1068349999518], [-81.3782799997086, 34.10686199985738], [-81.3780610003238, 34.106872999899075], [-81.37784100021578, 34.1068700001583], [-81.37766600031358, 34.106855999631186], [-81.37745200005334, 34.10682599998136], [-81.37753099969605, 34.1093340003198], [-81.37754599976466, 34.10947999993909], [-81.3775690002292, 34.10962499967327], [-81.37760100001627, 34.1097679998961], [-81.37764100019923, 34.1099109998772], [-81.3777240000399, 34.11013400031713], [-81.37817699977643, 34.11123899979025], [-81.37826499964, 34.11149300029624], [-81.37832400008953, 34.11163100005812], [-81.37840799975511, 34.11179899972308], [-81.37850300018967, 34.11196400023799], [-81.3786310002362, 34.112156000134554], [-81.37875000006187, 34.11230999987601], [-81.3789059996975, 34.11248800013586], [-81.37910200041439, 34.112730999844025], [-81.37923999960833, 34.11291800002874], [-81.37941200003579, 34.113173000290416], [-81.37950999994507, 34.11333599969031], [-81.37961500042537, 34.113535000274894], [-81.37972500003023, 34.11377000030248], [-81.37993400026761, 34.11424100020875], [-81.38005999976599, 34.114426000133484], [-81.38010499997183, 34.11453100021228], [-81.38021799994974, 34.11482600005487], [-81.38027800022418, 34.11494599988548], [-81.38042299998914, 34.11514999972745], [-81.3805889996705, 34.115331000145005], [-81.38064300009717, 34.115382999856365], [-81.38079200006008, 34.11550299964049], [-81.3809540004418, 34.115609000175816], [-81.38185300024216, 34.116449999833875], [-81.38212100003076, 34.11677500027087], [-81.38239100036749, 34.11707999963651], [-81.38251799969078, 34.1172149998336], [-81.38308699977827, 34.11779699983577], [-81.38323300026646, 34.11799600033605], [-81.38339999977272, 34.118294000071224], [-81.38358399989573, 34.118656999974604], [-81.38480599973629, 34.12113900023793], [-81.3849260002852, 34.12136600028678], [-81.38498599966134, 34.121494999659674], [-81.38505299960849, 34.121656999890504], [-81.38515300006593, 34.12195500011047], [-81.38521300034039, 34.12219100002361], [-81.38525199980012, 34.1223940000112], [-81.38528399958717, 34.122667999730695], [-81.38529399963292, 34.12287399997736], [-81.3852429995793, 34.12512200029007], [-81.38519400007381, 34.12673099976176], [-81.38519800027177, 34.127005999726485], [-81.3852080003175, 34.12721199981435], [-81.38524500012744, 34.12762399997151], [-81.38530000037902, 34.12799899966126], [-81.38535800010534, 34.12830500034102], [-81.38543000007537, 34.12860900035207], [-81.38551399974095, 34.1289100003108], [-81.38588199998698, 34.13063800029967], [-81.38622299957052, 34.13216699977146], [-81.38624100001218, 34.13230399989229], [-81.38624799968488, 34.132475999810964], [-81.38624000018726, 34.132648000123204], [-81.38622500011866, 34.132737999818524], [-81.38613200023224, 34.13295200013031], [-81.38609500042232, 34.133013000318], [-81.3859459995611, 34.13319399967718], [-81.3857499997425, 34.13336100027855], [-81.38557599966522, 34.133477000194866], [-81.38142999974454, 34.135312000209574], [-81.37760699986404, 34.13700499981918], [-81.37739099995397, 34.1371059999066], [-81.37707499958648, 34.13727000006378], [-81.37677599983573, 34.1374459997333], [-81.37648100028296, 34.137641999947775], [-81.37620400027352, 34.13784800013842], [-81.37592999973882, 34.13798199984853], [-81.3756610001253, 34.138139000259486], [-81.37552999970573, 34.13822599994009], [-81.37537400007011, 34.13833899975909], [-81.37522500010722, 34.13845799964197], [-81.37512100035013, 34.138549999911405], [-81.37494499972473, 34.13869799971444], [-81.3747589999519, 34.13888199963055], [-81.37463799957806, 34.13902200010654], [-81.37448799979025, 34.13921899966646], [-81.37437300016252, 34.139360999634384], [-81.37425199978868, 34.13950100006025], [-81.3740989996278, 34.13966299998736], [-81.37385400030374, 34.13989600022381], [-81.37359200036292, 34.14011600035189], [-81.37351399964679, 34.1401749997988], [-81.37337700027776, 34.14027699982921], [-81.37318599958373, 34.140408000110426], [-81.37143300018886, 34.1415230002479], [-81.37094799976695, 34.14185200019511], [-81.37029800038692, 34.14227900022525], [-81.36987700043747, 34.14262200001511], [-81.36942800000057, 34.143008999859696], [-81.36908400004397, 34.143323000296434], [-81.36875000013315, 34.14364300015641], [-81.36851099975856, 34.14388300037127], [-81.36823499957401, 34.14417099987788], [-81.36735199966718, 34.14506200028921], [-81.36779199988322, 34.146401999810934], [-81.36812199959611, 34.14796599984512], [-81.3685850002767, 34.15045299988755], [-81.36936799972611, 34.152250000363175], [-81.36942100032788, 34.15240800015047], [-81.36949499994772, 34.15259700003006], [-81.36958100016146, 34.15278200002184], [-81.36966400000212, 34.1529379998285], [-81.36977299978206, 34.1531179997621], [-81.37031199973232, 34.15370900030311], [-81.37041800003755, 34.15384300013239], [-81.37059700013768, 34.154041999775], [-81.37048800035772, 34.15428999971181], [-81.37040100031909, 34.15453400028171], [-81.37034000021974, 34.15475500004636], [-81.3702749999224, 34.15505099985773], [-81.36980999959198, 34.15699300014593], [-81.36974000017011, 34.15721000016708], [-81.36962499964406, 34.15750700010403], [-81.36950400016855, 34.157771000162136], [-81.36936600007628, 34.158029999631104], [-81.36921299991542, 34.158283000242456], [-81.36906200030268, 34.15850399985941], [-81.36889900009606, 34.15871999991842], [-81.36872500001878, 34.15892900012742], [-81.36856000016235, 34.15910899992843], [-81.36838699990999, 34.15928399965615], [-81.36634200043703, 34.161075000191765], [-81.36613599967438, 34.161222999928654], [-81.3659459997036, 34.161384999825415], [-81.36583600009877, 34.16149300032722], [-81.36573200034168, 34.161604999738145], [-81.36561799964053, 34.161744999721996], [-81.36554800021867, 34.16184200018524], [-81.3654670000278, 34.16196699969831], [-81.36537999998917, 34.16212100012242], [-81.36530600036933, 34.162279000024306], [-81.36525299976756, 34.16241299963412], [-81.36520099988901, 34.16257800021496], [-81.36517300029993, 34.16268800017524], [-81.36462900032681, 34.1644029997038], [-81.36461000006024, 34.164521000307744], [-81.36456800022745, 34.16468700021043], [-81.36451999964856, 34.16482299990535], [-81.36446199992223, 34.16495499974952], [-81.36440699967066, 34.16505800005328], [-81.36432899985284, 34.16518200028835], [-81.36425900043095, 34.16527800005752], [-81.3641630001715, 34.16539300028767], [-81.36405699986626, 34.16550100012198], [-81.36396599962968, 34.16558400026556], [-81.36384400032927, 34.16568199974788], [-81.36368699997043, 34.16579099966801], [-81.36356399994676, 34.16586299972895], [-81.36341900018182, 34.16593499972854], [-81.36330500037901, 34.1659829999419], [-81.36318999985296, 34.16602499964161], [-81.3630309998443, 34.16607400025594], [-81.36290899964557, 34.16610299998422], [-81.36278599962192, 34.16612699967491], [-81.36260200039722, 34.166153000261204], [-81.3603340004432, 34.16651400034169], [-81.36013899955122, 34.166537999915526], [-81.35996500037227, 34.16657200022921], [-81.35983899997558, 34.16661000008262], [-81.35971900032496, 34.16665799991218], [-81.35960600034706, 34.16671700014528], [-81.35952000013334, 34.16677100034766], [-81.35950000004183, 34.16678499987147], [-81.35943399991962, 34.16683499974448], [-81.35937299982025, 34.16688899987144], [-81.35930099985022, 34.16696400032073], [-81.35924700032186, 34.167043999933725], [-81.35874699983135, 34.16779300036243], [-81.35871900024227, 34.16784800030765], [-81.35886200035739, 34.1678870000173], [-81.3590590000009, 34.16797499996306], [-81.35928800032973, 34.16809200034857], [-81.35938000039127, 34.168145999671346], [-81.35958100023271, 34.16826299981979], [-81.35976100015776, 34.168379999806106], [-81.35983999980047, 34.168435999793], [-81.35993600005995, 34.16850400036415], [-81.36018499958197, 34.16869499999224], [-81.36031400035172, 34.168793999999046], [-81.36050000012456, 34.168936999721375], [-81.36063200036904, 34.169038000278434], [-81.36410899974481, 34.171860000181], [-81.36575499990789, 34.17317900006811], [-81.36636300035343, 34.173639999716556], [-81.36705299991642, 34.17413599967291], [-81.3678599996553, 34.17468999994166], [-81.3686349996071, 34.17524200034577], [-81.36939600021353, 34.175781999783695], [-81.36979200004865, 34.17608200004274], [-81.37015100007385, 34.176376999814764], [-81.37044300015188, 34.17663200034867], [-81.3713029995942, 34.17737899977696], [-81.37169799960441, 34.17775400008292], [-81.37194200000188, 34.178031000314796], [-81.37327400034559, 34.179598999819994], [-81.37384699973273, 34.17937200015424], [-81.37476599962459, 34.17900900022159], [-81.37561500009456, 34.17885300028052], [-81.3762030004486, 34.17874499969505], [-81.37622199981686, 34.17874299983433], [-81.37636400010709, 34.17872599990118], [-81.37679299955417, 34.17867599964086], [-81.3768789997679, 34.1786669998881], [-81.37693599966931, 34.178656000271594], [-81.37757799955172, 34.17853600024065], [-81.37950400009728, 34.17817599986706], [-81.38014699980462, 34.17805700020674], [-81.38156000033919, 34.177792999674224], [-81.38579999997121, 34.1770009998093], [-81.38713899998763, 34.1767520001147], [-81.38721500015562, 34.17675799983836], [-81.38706799984253, 34.17651100008357], [-81.38694700036703, 34.17624800024793], [-81.38704000025342, 34.17625599992721], [-81.38744000028652, 34.17629199996106], [-81.38804700000883, 34.17634599998294], [-81.39263899999337, 34.17675400002261], [-81.39288300039082, 34.17677599975015], [-81.39314600015656, 34.17679800021509], [-81.39726299976493, 34.1771360001514], [-81.39951599965033, 34.17732099988403], [-81.39982899964478, 34.17734699999475], [-81.40284899998439, 34.177582000203], [-81.402976000206, 34.17759100007143], [-81.40305900004667, 34.17759800005105], [-81.40382700032578, 34.17765799964007], [-81.40626000013623, 34.17424499982401], [-81.40917599982045, 34.17014800025524], [-81.4092439995925, 34.1700520000786], [-81.40931300008779, 34.16995599979277], [-81.40942000021792, 34.16980500002033], [-81.40952700034804, 34.16965399997777], [-81.41022600013187, 34.16867199996654], [-81.41049999976825, 34.16829000017409], [-81.41132199957572, 34.1671440000866], [-81.41159699993536, 34.166762999769304], [-81.41283800004247, 34.16495199983982], [-81.41656399983857, 34.15951900035529], [-81.41780599977062, 34.15770900020013], [-81.4182269997201, 34.1570930003106], [-81.41949200011669, 34.15524799995327], [-81.41991499971599, 34.15463299979706], [-81.42275400030562, 34.150567000344864], [-81.42731699997782, 34.14389100014369], [-81.42752799986502, 34.14359699983296], [-81.42816200024981, 34.14271600018258], [-81.42823099984682, 34.14262200001511], [-81.42836899993907, 34.1424200002662], [-81.42882599987355, 34.14174899983864], [-81.43019900022517, 34.139736000041204], [-81.43065699998456, 34.13906599988954], [-81.43079599990173, 34.138860999725026], [-81.43082900041202, 34.138813999740535], [-81.43090399985678, 34.138703999911954], [-81.43100099994115, 34.13856200032709], [-81.43117900021639, 34.13830199986133], [-81.43121600002631, 34.13824599996514], [-81.43135699959332, 34.138042000082606], [-81.43148100034018, 34.137859999910255], [-81.4316660002881, 34.13760200035064], [-81.43260799974617, 34.136295000104575], [-81.43292300028875, 34.13585999978838], [-81.43296400029665, 34.1358000002357], [-81.43308899997011, 34.13562300004302], [-81.43313199962783, 34.13556399964853], [-81.43359899960805, 34.13491500002649], [-81.43421100025155, 34.134066999753614], [-81.43641200025841, 34.13101599963172], [-81.43656299987114, 34.130805000002525], [-81.43701899998072, 34.13017300031933]]]}, "properties": {"GEOID": "45063021206", "STATE": "45", "COUNTY": "063", "TRACT": "021206", "NAME": "Census Tract 212.06", "BASENAME": "212.06"}}, {"type": "Feature", "geometry": {"type": "Polygon", "coordinates": [[[-81.37251600011224, 34.18010899996486], [-81.37327400034559, 34.179598999819994], [-81.37194200000188, 34.178031000314796], [-81.37169799960441, 34.17775400008292], [-81.3713029995942, 34.17737899977696], [-81.37044300015188, 34.17663200034867], [-81.37015100007385, 34.176376999814764], [-81.36979200004865, 34.17608200004274], [-81.36939600021353, 34.175781999783695], [-81.3686349996071, 34.17524200034577], [-81.3678599996553, 34.17468999994166], [-81.36705299991642, 34.17413599967291], [-81.36636300035343, 34.173639999716556], [-81.36575499990789, 34.17317900006811], [-81.36410899974481, 34.171860000181], [-81.36063200036904, 34.169038000278434], [-81.36050000012456, 34.168936999721375], [-81.36031400035172, 34.168793999999046], [-81.36018499958197, 34.16869499999224], [-81.35993600005995, 34.16850400036415], [-81.35983999980047, 34.168435999793], [-81.35976100015776, 34.168379999806106], [-81.35958100023271, 34.16826299981979], [-81.35938000039127, 34.168145999671346], [-81.35928800032973, 34.16809200034857], [-81.3590590000009, 34.16797499996306], [-81.35886200035739, 34.1678870000173], [-81.35871900024227, 34.16784800030765], [-81.35874699983135, 34.16779300036243], [-81.35924700032186, 34.167043999933725], [-81.35930099985022, 34.16696400032073], [-81.35937299982025, 34.16688899987144], [-81.35943399991962, 34.16683499974448], [-81.35950000004183, 34.16678499987147], [-81.35952000013334, 34.16677100034766], [-81.35960600034706, 34.16671700014528], [-81.35971900032496, 34.16665799991218], [-81.35983899997558, 34.16661000008262], [-81.35996500037227, 34.16657200022921], [-81.36013899955122, 34.166537999915526], [-81.3603340004432, 34.16651400034169], [-81.36260200039722, 34.166153000261204], [-81.36278599962192, 34.16612699967491], [-81.36290899964557, 34.16610299998422], [-81.3630309998443, 34.16607400025594], [-81.36318999985296, 34.16602499964161], [-81.36330500037901, 34.1659829999419], [-81.36341900018182, 34.16593499972854], [-81.36356399994676, 34.16586299972895], [-81.36368699997043, 34.16579099966801], [-81.36384400032927, 34.16568199974788], [-81.36396599962968, 34.16558400026556], [-81.36405699986626, 34.16550100012198], [-81.3641630001715, 34.16539300028767], [-81.36425900043095, 34.16527800005752], [-81.36432899985284, 34.16518200028835], [-81.36440699967066, 34.16505800005328], [-81.36446199992223, 34.16495499974952], [-81.36451999964856, 34.16482299990535], [-81.36456800022745, 34.16468700021043], [-81.36461000006024, 34.164521000307744], [-81.36462900032681, 34.1644029997038], [-81.36517300029993, 34.16268800017524], [-81.36520099988901, 34.16257800021496], [-81.36525299976756, 34.16241299963412], [-81.36530600036933, 34.162279000024306], [-81.36537999998917, 34.16212100012242], [-81.3654670000278, 34.16196699969831], [-81.36554800021867, 34.16184200018524], [-81.36561799964053, 34.161744999721996], [-81.36573200034168, 34.161604999738145], [-81.36583600009877, 34.16149300032722], [-81.3659459997036, 34.161384999825415], [-81.36613599967438, 34.161222999928654], [-81.36634200043703, 34.161075000191765], [-81.36838699990999, 34.15928399965615], [-81.36856000016235, 34.15910899992843], [-81.36872500001878, 34.15892900012742], [-81.36889900009606, 34.15871999991842], [-81.36906200030268, 34.15850399985941], [-81.36921299991542, 34.158283000242456], [-81.36936600007628, 34.158029999631104], [-81.36950400016855, 34.157771000162136], [-81.36962499964406, 34.15750700010403], [-81.36974000017011, 34.15721000016708], [-81.36980999959198, 34.15699300014593], [-81.3702749999224, 34.15505099985773], [-81.37034000021974, 34.15475500004636], [-81.37040100031909, 34.15453400028171], [-81.37048800035772, 34.15428999971181], [-81.37059700013768, 34.154041999775], [-81.37041800003755, 34.15384300013239], [-81.37031199973232, 34.15370900030311], [-81.36977299978206, 34.1531179997621], [-81.36966400000212, 34.1529379998285], [-81.36958100016146, 34.15278200002184], [-81.36949499994772, 34.15259700003006], [-81.36942100032788, 34.15240800015047], [-81.36936799972611, 34.152250000363175], [-81.3685850002767, 34.15045299988755], [-81.36812199959611, 34.14796599984512], [-81.36779199988322, 34.146401999810934], [-81.36735199966718, 34.14506200028921], [-81.36823499957401, 34.14417099987788], [-81.36851099975856, 34.14388300037127], [-81.36875000013315, 34.14364300015641], [-81.36908400004397, 34.143323000296434], [-81.36942800000057, 34.143008999859696], [-81.36987700043747, 34.14262200001511], [-81.37029800038692, 34.14227900022525], [-81.37094799976695, 34.14185200019511], [-81.37089900026146, 34.14152500024692], [-81.37058700009193, 34.13991499983502], [-81.37047599976385, 34.13995599984239], [-81.370330000174, 34.14002000023126], [-81.37018700005885, 34.14008999992724], [-81.37014299967792, 34.14011500033573], [-81.37005099961642, 34.140166999674605], [-81.36991900027024, 34.14025100019762], [-81.3698239998357, 34.14031699964717], [-81.36970300036018, 34.14041100014853], [-81.36958199998635, 34.14051499991699], [-81.36939000036574, 34.14064599982922], [-81.369156000014, 34.140786000356535], [-81.36908300021908, 34.14082399991795], [-81.36887499980662, 34.1409319999478], [-81.36858199990365, 34.14105899993704], [-81.36830999991709, 34.14116599966269], [-81.36801100016635, 34.141276000003785], [-81.36764999959301, 34.14138600020169], [-81.36742100016245, 34.141438000245394], [-81.36729599959068, 34.14146700025586], [-81.3671779995899, 34.14145800025366], [-81.36701500028161, 34.141484000257364], [-81.3668110000671, 34.141510000253064], [-81.36647399978321, 34.141538000239436], [-81.36586899971071, 34.14154000023813], [-81.36569600035666, 34.1415290002448], [-81.36536800029361, 34.14149500025649], [-81.36504299970527, 34.141442000247395], [-81.3649099996359, 34.14143400024316], [-81.3648479997116, 34.14141600023077], [-81.36480300040408, 34.141403000219476], [-81.36449000040963, 34.14135200015582], [-81.3643120001344, 34.1413110000823], [-81.36414100043018, 34.141280000013516], [-81.36389000036002, 34.14125199994159], [-81.36371299990968, 34.14124999993608], [-81.3634679996873, 34.141205999803304], [-81.3633260002954, 34.14120799980985], [-81.36313600032459, 34.141196999773314], [-81.36268600006281, 34.14112900025931], [-81.36051600001808, 34.14062699963887], [-81.36026099974995, 34.14056799976404], [-81.35942999972167, 34.14007299964527], [-81.35893500015234, 34.140060000170884], [-81.35825999975962, 34.14004199986579], [-81.35751400012015, 34.139994999794666], [-81.35600699987423, 34.13978000019599], [-81.35557199968106, 34.13971799966716], [-81.3552710002805, 34.139658999901144], [-81.35520799963298, 34.139630000013625], [-81.35509600037831, 34.13955999993658], [-81.35504899962433, 34.13951499964396], [-81.3548920001638, 34.13939299968841], [-81.35483199988934, 34.139334999720944], [-81.354766999592, 34.13929600020752], [-81.35465299978921, 34.1392029999798], [-81.35451499969693, 34.13909900008354], [-81.35441400031293, 34.13903100036816], [-81.35419699967963, 34.13892400016947], [-81.35365199988158, 34.138785000306605], [-81.35348100017737, 34.13872199975852], [-81.35298599970972, 34.13852799988838], [-81.35281300035568, 34.13847300017764], [-81.3526889996088, 34.1384500000987], [-81.3525620002855, 34.13843500030249], [-81.35189500028874, 34.138388000081065], [-81.34971199982523, 34.13712500014512], [-81.3495620000374, 34.13704899990889], [-81.3494359996407, 34.1369939999791], [-81.34930599994435, 34.13694500033586], [-81.34922300010368, 34.13691899967906], [-81.34917299987495, 34.13690300030042], [-81.34903700033084, 34.13686799988317], [-81.34889900023857, 34.13683899978142], [-81.34875899959819, 34.1368170000565], [-81.34870199969677, 34.13681099972494], [-81.34861800003118, 34.13680300002581], [-81.34829400016608, 34.13677900018019], [-81.34796199990507, 34.13676300003155], [-81.34762999964404, 34.13675500032781], [-81.34734500013701, 34.13675500032781], [-81.34701299987599, 34.13676199997565], [-81.34668099961496, 34.13677800012454], [-81.34635000007717, 34.13680199997038], [-81.34606300002199, 34.136830000029846], [-81.34548899991164, 34.13691700031455], [-81.34499900036519, 34.136976999817755], [-81.34492599967194, 34.13698700035041], [-81.34443899960021, 34.1370059998722], [-81.34365799980063, 34.13703900012712], [-81.34330999964608, 34.13705300011871], [-81.34195800010917, 34.13711100016545], [-81.34168299974957, 34.13712400009356], [-81.34011299975448, 34.13702800029141], [-81.33997899986018, 34.137016999710774], [-81.33982900007234, 34.13700499981918], [-81.3395939998957, 34.136976999817755], [-81.33922399999985, 34.13691800036861], [-81.33898200015051, 34.13686799988317], [-81.33861999975227, 34.136773999901685], [-81.33844200037534, 34.136718999792905], [-81.33826599974994, 34.136659000106484], [-81.33480799974242, 34.135336999800955], [-81.3337780004208, 34.13494700027704], [-81.33336699961875, 34.13461999963227], [-81.33268000042882, 34.13407499971179], [-81.33201900027983, 34.13357499975653], [-81.33192300002034, 34.13348600030352], [-81.33167500032324, 34.13328300018126], [-81.33154800010162, 34.13317899969159], [-81.33049399959224, 34.132038000323135], [-81.32978200028795, 34.13132899989823], [-81.32948799966175, 34.13107799985258], [-81.32917499966732, 34.13078699995692], [-81.32893700001593, 34.13054600034023], [-81.3287450003953, 34.13033799993355], [-81.32857200014294, 34.13013900022365], [-81.32838800001994, 34.12991300007085], [-81.3281889998283, 34.1296489999498], [-81.32805699958382, 34.12946100018345], [-81.32730799957129, 34.12820199983252], [-81.32665800019127, 34.12708499983758], [-81.32574099994925, 34.12550300031474], [-81.32552699968899, 34.125154999979536], [-81.32527899999187, 34.12477200022213], [-81.3251469997474, 34.12452100004188], [-81.32502500044697, 34.12426800019641], [-81.32484999964647, 34.12386400022561], [-81.32476500015598, 34.12364199975846], [-81.32465999967567, 34.12334199984926], [-81.32458600005583, 34.12310300026536], [-81.32419600006848, 34.121735999794105], [-81.32409200031142, 34.1213280001573], [-81.32396400026491, 34.12091200032338], [-81.32379900040844, 34.120464999663454], [-81.32375000000467, 34.12034800023358], [-81.32370700034696, 34.12024400019123], [-81.32360799971443, 34.12002499990558], [-81.32348600041402, 34.11977199999346], [-81.32339199980436, 34.119592999930546], [-81.32317199969634, 34.119204999690005], [-81.32293200039514, 34.118824999814265], [-81.32268100032498, 34.118466999762624], [-81.32139900020995, 34.11643499985218], [-81.32096099964375, 34.11574000001532], [-81.32083900034331, 34.11557300030355], [-81.32067899961143, 34.115380999982484], [-81.32054100041749, 34.11523300025875], [-81.32034999972346, 34.115051000062465], [-81.32021900020221, 34.11493800034831], [-81.32008299975975, 34.11483100014414], [-81.31994300001767, 34.114728000327155], [-81.31970399964308, 34.11456800010275], [-81.31945400029613, 34.11439100007825], [-81.31897800009507, 34.1140369996618], [-81.31874799994131, 34.113854999866845], [-81.31859499978043, 34.113720000256386], [-81.31758999967487, 34.11272800031103], [-81.31680100037767, 34.1134180001823], [-81.31599700011354, 34.11420200027347], [-81.31561299997398, 34.11403099994452], [-81.3154230000032, 34.11395400018801], [-81.31509800031318, 34.11383600034793], [-81.31480899970985, 34.113743999954956], [-81.31464899987628, 34.11369700013598], [-81.31443200014131, 34.113641999887406], [-81.31400500034404, 34.11354800010993], [-81.31376900034249, 34.11348300017106], [-81.31359799973995, 34.1134470001377], [-81.31338699985275, 34.113414000341535], [-81.31311800023924, 34.113389999805534], [-81.31294199961384, 34.11338400004236], [-81.31280900044277, 34.11338599996347], [-81.3125449999538, 34.11340299966287], [-81.3122839998379, 34.113438000126926], [-81.31202799974487, 34.11349299976447], [-81.31177800039791, 34.11356499977677], [-81.31153599965026, 34.113654000120476], [-81.31126200001387, 34.11377999986196], [-81.31106500037039, 34.11388300008967], [-81.31090899983646, 34.11397299968048], [-81.31083400039171, 34.11402099967101], [-81.31056900007783, 34.114206999655956], [-81.30842900017034, 34.11595900024209], [-81.30836899989589, 34.11600100027169], [-81.30829299972791, 34.116046999996904], [-81.30817100042748, 34.116105000326094], [-81.30804199965775, 34.11615099999469], [-81.30788000017435, 34.11618900021948], [-81.30772199999059, 34.11620699965452], [-81.3075810004236, 34.116207999953545], [-81.3074419996081, 34.11619499978368], [-81.30735000044491, 34.11617900020108], [-81.30726000003322, 34.116157000305314], [-81.30583999982596, 34.115670999795846], [-81.30550000006734, 34.11553699967229], [-81.30515299973769, 34.1154189998095], [-81.30484399994123, 34.11532699965098], [-81.30461999963524, 34.11526900027566], [-81.30434799964866, 34.11520700036089], [-81.30412000004304, 34.115161999746576], [-81.30242700002428, 34.115187999658204], [-81.3021890003729, 34.11520499973916], [-81.30191200036347, 34.115245000266086], [-81.30169700027832, 34.11531200021385], [-81.30157000005671, 34.11536200006262], [-81.30144700003306, 34.11541800024484], [-81.30132800020739, 34.11548000000494], [-81.30121299968133, 34.115548000073424], [-81.30106899974129, 34.115646999900335], [-81.30097599985486, 34.11572100017611], [-81.30084199996057, 34.11584300008735], [-81.30069999967036, 34.11599899966869], [-81.3006250002256, 34.116097000154824], [-81.30053700036206, 34.116234000287356], [-81.30047899973741, 34.1163399999065], [-81.30042900040701, 34.116449999833875], [-81.29838800023373, 34.11940899967039], [-81.29829199997425, 34.1195869998637], [-81.29824799959333, 34.119698000287585], [-81.29821300033153, 34.11981100033495], [-81.29818900004209, 34.11992599999777], [-81.29817800017143, 34.12000399977703], [-81.29816999977552, 34.12012000017382], [-81.29816999977552, 34.120199000026005], [-81.29820199956255, 34.12041700035555], [-81.29824699976841, 34.1206089996549], [-81.29832100028658, 34.12083399989429], [-81.29840400012723, 34.12102299975162], [-81.29846100002865, 34.121083000125644], [-81.29853999967136, 34.12117999968575], [-81.29862900025813, 34.12131699976431], [-81.29868199996159, 34.12142500018005], [-81.29871100027391, 34.1215000000984], [-81.29938900014133, 34.122781000271104], [-81.29946600013423, 34.12290800002033], [-81.29960199967836, 34.12311300020855], [-81.29974800016653, 34.12331300031226], [-81.29990299997725, 34.123508000366854], [-81.30004100006948, 34.12366600035967], [-81.30015599969722, 34.123818999755926], [-81.2990920000404, 34.124430000319876], [-81.29898599973521, 34.12450700020541], [-81.29883699977229, 34.12460099970024], [-81.29871899977151, 34.12466499981867], [-81.29855700028811, 34.12474299968829], [-81.29843099989141, 34.12479400010757], [-81.29830100019507, 34.124840000255226], [-81.2981689999506, 34.12487899974651], [-81.2980340002314, 34.124912999726874], [-81.29801099976687, 34.12491699976741], [-81.29985799977139, 34.12708600000792], [-81.30154499994235, 34.12906600032478], [-81.30244000044308, 34.13010500011421], [-81.30282000038468, 34.13055000011424], [-81.3060890002463, 34.13437400011424], [-81.30621700029282, 34.1345280002893], [-81.30852100023185, 34.13722299993788], [-81.30861300029335, 34.13732900001071], [-81.30862499998894, 34.13734400000328], [-81.30882400018055, 34.137556999758814], [-81.30884599992186, 34.1375840002655], [-81.31099300040037, 34.1401140003195], [-81.3119039998963, 34.14117999971406], [-81.31148600031986, 34.14319000011419], [-81.31171899994837, 34.14338399968946], [-81.31173400001698, 34.14339600016211], [-81.31360299976282, 34.144946999878144], [-81.3150370002138, 34.146140999734435], [-81.31459600017284, 34.147296000276484], [-81.31410699955299, 34.14855700000789], [-81.31376199977147, 34.14940900020328], [-81.31259099998455, 34.15219099968457], [-81.31163799975752, 34.15446499976247], [-81.31040900024426, 34.15550099997922], [-81.30412800043895, 34.16081899971299], [-81.30235599987918, 34.16231899983027], [-81.3022660003658, 34.16239499963234], [-81.30237699979558, 34.16261799987925], [-81.30339000029707, 34.16464600031411], [-81.30699499971936, 34.171860000181], [-81.30717100034478, 34.17221199993891], [-81.30811199997794, 34.17409400029303], [-81.3096939996686, 34.17726100005537], [-81.30997700042413, 34.177826999912966], [-81.31071999969058, 34.179309999707144], [-81.31401700003961, 34.185894999979666], [-81.31419199994178, 34.18626099990384], [-81.31422399972884, 34.18624599968231], [-81.31427800015551, 34.186376999990955], [-81.314298000247, 34.186586000084844], [-81.31433099985897, 34.18681099999109], [-81.31445600043077, 34.18690500001193], [-81.31468800023434, 34.18704199977572], [-81.31488599970275, 34.18718000026199], [-81.31497199991648, 34.18723500020443], [-81.3150720003739, 34.18725700017138], [-81.31523700023034, 34.18725700017138], [-81.31535000020824, 34.18721799975318], [-81.31555500024766, 34.187059000262444], [-81.3156139997989, 34.18703099976492], [-81.31575299971605, 34.18702600023244], [-81.31587900011274, 34.18704199977572], [-81.31615699994711, 34.18712999981035], [-81.31630199971207, 34.18712999981035], [-81.31638200007801, 34.18709200027952], [-81.31642100043607, 34.18704199977572], [-81.31645400004801, 34.186877000206394], [-81.31650699975148, 34.18674499972409], [-81.31663999982086, 34.1865470000995], [-81.31675199997386, 34.18643700002467], [-81.31685800027907, 34.18635499979448], [-81.3170230001355, 34.18624999979119], [-81.31713600011341, 34.186228000304695], [-81.31726499998486, 34.18624200031637], [-81.31733399958182, 34.18625100000414], [-81.31741999979555, 34.1862389996771], [-81.31747900024509, 34.18621199986391], [-81.3175510002151, 34.186141000286405], [-81.31780300011017, 34.18592600001857], [-81.3180080001496, 34.18576099975244], [-81.31823999995319, 34.18561299994173], [-81.31841800022842, 34.18553600001788], [-81.31851699996263, 34.18550799975788], [-81.31858999975755, 34.185491999923634], [-81.31868299964398, 34.185514000345194], [-81.31880800021577, 34.18555799968479], [-81.31893399971415, 34.185595999906695], [-81.31903300034666, 34.18564599978146], [-81.31917899993651, 34.18575499992588], [-81.319311000181, 34.18583299986776], [-81.31951600022042, 34.18589300028844], [-81.31959599968806, 34.18592000020373], [-81.31964300044203, 34.185952999923295], [-81.31968299972668, 34.186013999731315], [-81.31971600023695, 34.18619000036751], [-81.31979499987968, 34.186288999913835], [-81.31987500024562, 34.186360000109886], [-81.31999999991909, 34.18641499984388], [-81.32013299998849, 34.18644800011292], [-81.3202119996312, 34.186491999708466], [-81.32029799984493, 34.1865800003169], [-81.32034399987567, 34.18666800009047], [-81.32037099963985, 34.18678899990781], [-81.32037099963985, 34.18700300000122], [-81.32039699957913, 34.18705800005907], [-81.32047699994507, 34.187113000081], [-81.3207680001982, 34.18722300001738], [-81.32089299987167, 34.18729999988746], [-81.32093999972734, 34.18735499975166], [-81.32095999981883, 34.187416000031945], [-81.32093300005464, 34.187497999973786], [-81.32088700002389, 34.18758100003305], [-81.32084699984091, 34.187669000248455], [-81.3208600002597, 34.18773499979245], [-81.32095999981883, 34.187833999754645], [-81.32102599994106, 34.187943000044015], [-81.32112499967526, 34.18824000033588], [-81.32115800018555, 34.188410999849346], [-81.32119800036851, 34.188565000322555], [-81.32125100007197, 34.18869700018587], [-81.3213170001942, 34.188767999841176], [-81.32138999998914, 34.18880700028572], [-81.32151600038584, 34.18882300023425], [-81.32158199960976, 34.18884499978702], [-81.32162099996782, 34.18890000012988], [-81.32168799991497, 34.18894399993254], [-81.3217740001287, 34.18893300016978], [-81.32184600009872, 34.18890000012988], [-81.32192599956633, 34.1888180000649], [-81.32200500010737, 34.188779000368484], [-81.32210399984157, 34.188767999841176], [-81.3221769996365, 34.18879000015132], [-81.32221699981947, 34.18886199991034], [-81.32224299975876, 34.188976999955216], [-81.32225600017755, 34.1890919998433], [-81.3223230001247, 34.18925200013753], [-81.3224019997674, 34.18935599994306], [-81.32254099968458, 34.18942799996194], [-81.32279900032576, 34.1894770003628], [-81.3231959999858, 34.18958200006441], [-81.32366600033907, 34.18964200004746], [-81.32387100037847, 34.18965299971776], [-81.32414900021284, 34.18965299971776], [-81.324280999559, 34.18958700018846], [-81.32442700004718, 34.18956500008621], [-81.32459899957631, 34.189570000211276], [-81.32502899974662, 34.189570000211276], [-81.32539199996977, 34.189503999873956], [-81.32556400039724, 34.18945500023185], [-81.32573599992637, 34.189410999952706], [-81.32593500011798, 34.189410999952706], [-81.32612699973862, 34.1894160000869], [-81.3262659996558, 34.18940000025091], [-81.32646400002251, 34.18936100008052], [-81.32660299993968, 34.189328000208086], [-81.32676899962104, 34.18931699975238], [-81.32689400019282, 34.189349999629115], [-81.32697399966044, 34.18938899980454], [-81.32703300010999, 34.18946599992654], [-81.32705999987417, 34.189625000081364], [-81.32709300038444, 34.189691000324], [-81.32721800005793, 34.18976300005689], [-81.3274630002803, 34.18983400030096], [-81.3275689996872, 34.189878000359435], [-81.32768199966512, 34.189955000034985], [-81.3277939998181, 34.18999299976208], [-81.32797899976603, 34.19002100001932], [-81.32815799986618, 34.190009999654], [-81.32833000029362, 34.189955000034985], [-81.32852799976202, 34.189878000359435], [-81.32873600017447, 34.18977799965296], [-81.3288919998101, 34.1897019999879], [-81.32900700033613, 34.18964499982259], [-81.3290330002754, 34.18970099981581], [-81.32924699963733, 34.19015500016655], [-81.32940499982107, 34.19041600016362], [-81.3293360002241, 34.190903999807645], [-81.32917899986528, 34.191299000274704], [-81.32906699971227, 34.191642000074985], [-81.3290330002754, 34.19174900034895], [-81.32904300032115, 34.19202499981087], [-81.32907799958292, 34.19214600011666], [-81.32916100032193, 34.19237200019212], [-81.32922800026908, 34.192501000368125], [-81.32940300017125, 34.19283600014543], [-81.32943099976035, 34.19287799985507], [-81.32943499995831, 34.19290900029961], [-81.32967900035578, 34.193252000239085], [-81.33008799971138, 34.193355000184624], [-81.33052000042983, 34.19330099990424], [-81.33088600012772, 34.193201000284375], [-81.331208000343, 34.19302699968232], [-81.33143000010085, 34.19296400022136], [-81.33173999972223, 34.19296500035469], [-81.33199400016545, 34.19318699994176], [-81.33225899958101, 34.193326000162216], [-81.33308799995949, 34.19367000001662], [-81.33302000018742, 34.19390000021217], [-81.33306500039328, 34.19430599982755], [-81.333468999726, 34.19497999975196], [-81.33372300016921, 34.19519999976494], [-81.33398900030801, 34.19521100019631], [-81.33457699976373, 34.195019999661916], [-81.33506399983546, 34.19502199987986], [-81.33552900016588, 34.19511599966564], [-81.33588999984089, 34.19496099989956], [-81.33616100000253, 34.194916000153796], [-81.33666999981557, 34.19498199997085], [-81.33723300005526, 34.195278999994315], [-81.33731800044409, 34.195621999953076], [-81.33745900001108, 34.195994999957996], [-81.33753400035414, 34.196269000195244], [-81.33769699966244, 34.19662400017915], [-81.33788300033362, 34.196824000097884], [-81.33811400031229, 34.1969790001544], [-81.33832400037457, 34.197086999685055], [-81.33869799957007, 34.19721399991238], [-81.33896100023412, 34.19758700030484], [-81.33897899977747, 34.19758600022634], [-81.33903200037923, 34.19758400006927], [-81.3390509997475, 34.19758400006927], [-81.33981700037678, 34.19755999966655], [-81.3421149995697, 34.19749000006277], [-81.34267600015959, 34.19747300019267], [-81.342881000199, 34.1974620000564], [-81.34331300001914, 34.197426000140645], [-81.34461000020275, 34.19731899963993], [-81.34504299984779, 34.197283999745295], [-81.34604799995338, 34.197201000319126], [-81.34906400009501, 34.19695300015046], [-81.35007000002551, 34.196870999742444], [-81.35090600007669, 34.196803999830166], [-81.35234899985018, 34.19668900005617], [-81.35310799990845, 34.19593700023289], [-81.35370499958502, 34.195346999737424], [-81.35372100037688, 34.19533100028356], [-81.35376800023252, 34.195282999674774], [-81.35378499995097, 34.19526800031478], [-81.35384400040051, 34.19521000008962], [-81.35393200026407, 34.19512700010797], [-81.35402400032557, 34.195038000135334], [-81.35408500042493, 34.19498099986144], [-81.35448000043516, 34.19459499983419], [-81.35566499956747, 34.19343600016891], [-81.35606100030091, 34.193050999889216], [-81.35610800015657, 34.19300400034455], [-81.35625100027171, 34.19286500033639], [-81.35629899995227, 34.19281900008008], [-81.35681399961311, 34.192319000166336], [-81.35835900039216, 34.190822000204946], [-81.35887499987787, 34.19032399992658], [-81.35896799976429, 34.19023100016649], [-81.35924800014678, 34.189955000034985], [-81.3593419998581, 34.189864000208246], [-81.35964200033207, 34.18956600025986], [-81.36015199997001, 34.18906500020026], [-81.36069099992027, 34.188660000059244], [-81.3610449999226, 34.18839600001017], [-81.36142499986418, 34.18811699998908], [-81.36269799975838, 34.18718899984974], [-81.36291299984353, 34.18703199996862], [-81.3630380004153, 34.18693999975578], [-81.36324799957929, 34.186787999701245], [-81.36341499998385, 34.186665000209466], [-81.36354100038055, 34.18657399980547], [-81.364439000356, 34.18591700029613], [-81.36580799961135, 34.18491699963957], [-81.36713400010728, 34.1839479997841], [-81.36803299990764, 34.183292999639306], [-81.36876100000379, 34.182757999752624], [-81.37094799976695, 34.18115500034753], [-81.37167699968802, 34.18062200009553], [-81.3716919997566, 34.18061299980724], [-81.37184400009258, 34.18051900020658], [-81.37234799988275, 34.18021100006978], [-81.37251600011224, 34.18010899996486]]]}, "properties": {"GEOID": "45063021204", "STATE": "45", "COUNTY": "063", "TRACT": "021204", "NAME": "Census Tract 212.04", "BASENAME": "212.04"}}, {"type": "Feature", "geometry": {"type": "Polygon", "coordinates": [[[-81.49264500002684, 34.035200000054736], [-81.49305400028075, 34.03440099983192], [-81.4906840002195, 34.03391600028233], [-81.48968699961152, 34.033737000326724], [-81.48877500029069, 34.03356400020206], [-81.48759600010784, 34.0333379997444], [-81.48729200033422, 34.03327399980844], [-81.48711900008186, 34.03323099989415], [-81.48701299977665, 34.03320500012585], [-81.4866570001245, 34.03310900005335], [-81.48634400013003, 34.033015000202795], [-81.48603399961033, 34.03291499999398], [-81.48571700031624, 34.03280600001926], [-81.4854889998123, 34.032722000031974], [-81.4852639996814, 34.03263199968746], [-81.48504199992355, 34.032537000254166], [-81.48475099967042, 34.03240199977942], [-81.48401599990157, 34.03204200019284], [-81.48350200006568, 34.0317899999456], [-81.48272600028896, 34.031399999682634], [-81.48229600011865, 34.03117599979007], [-81.48212799988916, 34.03108900023069], [-81.48145000002174, 34.030754000247086], [-81.48045599978681, 34.03027100034468], [-81.47983700036893, 34.02995700024514], [-81.4791800004179, 34.02961499993842], [-81.47851599989585, 34.029280000090885], [-81.47844399992584, 34.02924800008737], [-81.47805999978627, 34.029093999668916], [-81.4776399996617, 34.02894799993267], [-81.47725499969722, 34.02883099984543], [-81.47646499967682, 34.02866599963914], [-81.47571300018954, 34.02859199996128], [-81.47494800028348, 34.02853700026952], [-81.47378699964398, 34.0284350003002], [-81.47269299984995, 34.02834700031575], [-81.47231200008343, 34.02830599983495], [-81.47196899995177, 34.02825799964643], [-81.47159999988082, 34.02819299975105], [-81.47127000016793, 34.02812399965877], [-81.46982900004427, 34.027678000309166], [-81.46751900025747, 34.026866000235046], [-81.46665100041925, 34.02657000006902], [-81.46650499993105, 34.02652599986561], [-81.46637000021184, 34.02648400012397], [-81.46598100004941, 34.02633900023577], [-81.4655850002143, 34.02620699994236], [-81.46406700009773, 34.02566599977012], [-81.46343600008596, 34.0254579999791], [-81.46269899976899, 34.025212000334285], [-81.46222599994097, 34.02506499998821], [-81.4615589999442, 34.02482799969939], [-81.46114200019267, 34.02469600003374], [-81.46071899969506, 34.02455000017575], [-81.46029100007289, 34.02439299973712], [-81.45977600041208, 34.024225000145826], [-81.45867500004704, 34.02384000035545], [-81.45760299999431, 34.02344700031715], [-81.45739799995489, 34.02337700018189], [-81.45715399955742, 34.02330600008143], [-81.4569469998682, 34.02323900029925], [-81.4565800003454, 34.023106999651205], [-81.4554339997745, 34.02272700031696], [-81.45500299977927, 34.022572999976916], [-81.45392599970369, 34.022255999925086], [-81.45358599994505, 34.022168000233876], [-81.45292499979605, 34.0220099999333], [-81.45277599983314, 34.021989000064394], [-81.45264699996171, 34.02196099998292], [-81.45207200002645, 34.021862000072886], [-81.45180300041294, 34.021805999816955], [-81.45158599977965, 34.02176599982423], [-81.45123599997528, 34.02171599980686], [-81.45076999981995, 34.02163299993627], [-81.45037599963464, 34.02157900012941], [-81.44997999979951, 34.021517000115786], [-81.44937100042739, 34.02141100017969], [-81.44899300013562, 34.02135099990431], [-81.4485970003005, 34.02127400000992], [-81.44836499959858, 34.021230999970854], [-81.44776399972405, 34.0211319999539], [-81.44724599969018, 34.02102800015011], [-81.44694000026675, 34.020973000023446], [-81.44654799973128, 34.02091100031166], [-81.446197000102, 34.02086299966307], [-81.44554000015097, 34.02074800021691], [-81.44471300032063, 34.02060300020759], [-81.44424600034039, 34.0205280002596], [-81.4441769998451, 34.0205180001126], [-81.44349700032785, 34.0204219998329], [-81.4427049997593, 34.02028900007262], [-81.44252300018442, 34.020273000238554], [-81.44230300007638, 34.020243999647505], [-81.44169499963084, 34.02013800035526], [-81.44073700027926, 34.01997900005186], [-81.44023299959078, 34.01988000006376], [-81.43942099982905, 34.019732000212066], [-81.43916300008618, 34.019678999890544], [-81.43890000032044, 34.01961799992907], [-81.43818200027006, 34.019465999809896], [-81.43791699995619, 34.01939800002117], [-81.43773500038132, 34.01935099996011], [-81.43726199965498, 34.01925000007364], [-81.43689199975911, 34.019150000023394], [-81.43678700017715, 34.01912800023479], [-81.43654799980254, 34.01907700019524], [-81.4360730003247, 34.01894499977545], [-81.43589599987438, 34.01890100008633], [-81.43520299993834, 34.0187290002026], [-81.4344539999258, 34.018526000354605], [-81.43407099961115, 34.01841799973152], [-81.4333700001775, 34.01822800020456], [-81.43295300042598, 34.018121999883945], [-81.43265399977692, 34.0180469999775], [-81.43230800017052, 34.01794899994037], [-81.43171899999155, 34.01778200022422], [-81.43146999957122, 34.01772800020116], [-81.4312570000342, 34.01767700006506], [-81.43083600008471, 34.01756000007507], [-81.4301740001108, 34.01738899968505], [-81.42973800009271, 34.017258000342004], [-81.42957800025914, 34.017210999840636], [-81.42944600001466, 34.01718600035552], [-81.42926199989165, 34.01713599987396], [-81.42907000027103, 34.01709599991423], [-81.42875499972845, 34.01705299999239], [-81.42848199991697, 34.01702299980889], [-81.42816300007475, 34.016996000304786], [-81.4279079998066, 34.01698199981395], [-81.42743099978065, 34.016969000047546], [-81.4269279998154, 34.01697699990405], [-81.42647099988089, 34.01700400015874], [-81.42624300027528, 34.01702399979037], [-81.42597100028871, 34.01705499995462], [-81.42556500040784, 34.017112000347154], [-81.42511799962078, 34.01719400019158], [-81.42485099965708, 34.01725099974619], [-81.4238869995594, 34.01747399993506], [-81.42338000029451, 34.01759100004353], [-81.42270300025199, 34.0177469996892], [-81.42059599995646, 34.01823300004084], [-81.41926000031307, 34.01854199977339], [-81.41899400017431, 34.01859600002328], [-81.41872499966247, 34.018641999795335], [-81.41836300016256, 34.01869000021076], [-81.41799900011448, 34.018725000356966], [-81.41758800021073, 34.018746000288836], [-81.41719099965239, 34.01875000013349], [-81.41685599991662, 34.01874099973824], [-81.41649000021874, 34.018715999959134], [-81.41617300002633, 34.018682999733045], [-81.41585599983394, 34.01863899990811], [-81.41549799963363, 34.01857600001743], [-81.41518800001224, 34.01851000018827], [-81.41488099986557, 34.01843199998551], [-81.41457799991689, 34.01834500001844], [-81.41427999999104, 34.018247000325346], [-81.4139450002553, 34.01812299985248], [-81.41374000021587, 34.0180390002219], [-81.41353699982629, 34.01794999991094], [-81.41013700044341, 34.01659599994449], [-81.40275500027305, 34.013654999864976], [-81.39793099958662, 34.01173400005966], [-81.39782799965445, 34.01170100009804], [-81.39759400020104, 34.011629999911456], [-81.39733300008513, 34.0115580003643], [-81.3970700003194, 34.01149200029144], [-81.3967609996246, 34.011423000025], [-81.39635899994171, 34.01134199986728], [-81.3961339998108, 34.01130200015623], [-81.39589000031164, 34.011266999928175], [-81.39552299989052, 34.01122500008227], [-81.3950559999103, 34.01118899977228], [-81.39461499986933, 34.011172999712365], [-81.39439399993638, 34.011172999712365], [-81.39413000034574, 34.011177999964104], [-81.39368900030478, 34.01120299972914], [-81.39303099963053, 34.01126099963234], [-81.3924170002355, 34.011325999836195], [-81.39163200023798, 34.01142400007244], [-81.38962100020188, 34.01166199985605], [-81.38892499989281, 34.01174399975216], [-81.38767899976281, 34.01189100008504], [-81.38718599984331, 34.01194900026286], [-81.38701599996399, 34.011969000340635], [-81.3832509998098, 34.01241400029489], [-81.38271000020973, 34.01247700029073], [-81.38258600036117, 34.012492000070075], [-81.38206400012935, 34.01255399997387], [-81.38170699975397, 34.01259599990701], [-81.37918500025506, 34.01289399972251], [-81.37882500040496, 34.01293100008383], [-81.37843000039474, 34.01296100022415], [-81.37803299983639, 34.01298100006354], [-81.37791499983561, 34.01298300012171], [-81.37759199979543, 34.012990000324834], [-81.37713499986094, 34.012992999667105], [-81.37653200033658, 34.01298700023783], [-81.37582599998174, 34.01296699965522], [-81.37416899994801, 34.01287499989291], [-81.36626399972091, 34.012435000298666], [-81.36450499957994, 34.01233699974009], [-81.36411399976768, 34.0123009999016], [-81.36376499978823, 34.01225200030376], [-81.36342099983165, 34.012187000064166], [-81.3630369996921, 34.012098000319774], [-81.3627289997205, 34.0120119998591], [-81.3624540002592, 34.01192500001435], [-81.36221999990748, 34.011845999675835], [-81.36188199979868, 34.01172100023424], [-81.36167500010944, 34.01163600018122], [-81.36154899971275, 34.01157799978959], [-81.36143599973485, 34.01152599963587], [-81.36122099964969, 34.01141599969266], [-81.36102200035637, 34.01130500030272], [-81.36068300042267, 34.01110700008483], [-81.36033299971997, 34.010882000190655], [-81.36009400024369, 34.01070400010677], [-81.35989599987697, 34.01054800017822], [-81.35966300024847, 34.01035299986452], [-81.35946999990463, 34.0104889997296], [-81.35903700025958, 34.01085400016872], [-81.35776699984012, 34.01192900018033], [-81.35591800018578, 34.01378200022164], [-81.35472700030736, 34.01740400008575], [-81.35416900009054, 34.02198999998737], [-81.3530180003951, 34.02843799984124], [-81.35158599959394, 34.03357899997725], [-81.34977200009968, 34.03812200007292], [-81.34701700007395, 34.042313000021565], [-81.3429869996059, 34.04582299989395], [-81.3398960000195, 34.04722300011137], [-81.33647300017208, 34.04877399992538], [-81.32629699961794, 34.053949000276106], [-81.31917899993651, 34.05852700034632], [-81.31400100014608, 34.06303200026928], [-81.31858899993266, 34.06344899979844], [-81.32220599994884, 34.063952000247745], [-81.32598299979857, 34.06438299982729], [-81.33089899964818, 34.06496100011289], [-81.3318629997459, 34.065149000329384], [-81.33529499981414, 34.06581800020256], [-81.33541299981492, 34.06583599993261], [-81.33560399961063, 34.06586599997034], [-81.33592500000098, 34.06591700015894], [-81.3450570000915, 34.067378000317895], [-81.34768400007071, 34.06787900026073], [-81.34985999996323, 34.068294000251555], [-81.35289500037145, 34.06823499977432], [-81.35713300035364, 34.06774900013245], [-81.36116100027355, 34.06703200005392], [-81.36836299962054, 34.06541000033426], [-81.37002200020241, 34.06537799982377], [-81.37177200012256, 34.06568000016051], [-81.37205099978182, 34.06575099976805], [-81.3748230004243, 34.06646200015544], [-81.37745799990113, 34.06738900028164], [-81.37772999988769, 34.06743300012221], [-81.38887600038731, 34.069265000059175], [-81.39188800033101, 34.07023300034934], [-81.39408299959176, 34.071545000184535], [-81.39412399959966, 34.071487999906076], [-81.39422300023217, 34.07147200005599], [-81.39473000039537, 34.07139400018553], [-81.39490000027469, 34.0713690002977], [-81.3952600001248, 34.07136499995782], [-81.39634100039834, 34.07135599993644], [-81.39650100023192, 34.071354999851316], [-81.39670200007336, 34.071346999914105], [-81.39672499963959, 34.07134599982888], [-81.39679400013488, 34.07134300031726], [-81.39681800042432, 34.07134300031726], [-81.39857800039023, 34.07127799995918], [-81.40088800017703, 34.071046999862766], [-81.40134400028661, 34.07099799996428], [-81.40281999967206, 34.0708389997492], [-81.4035469999433, 34.07125999989699], [-81.40359299997405, 34.071327999781126], [-81.40380999970901, 34.071646999647214], [-81.40387699965616, 34.07174500015329], [-81.40443900007097, 34.07246399992845], [-81.40546699974276, 34.072836999929834], [-81.40585199970724, 34.072891999910766], [-81.40670899967479, 34.07301599993979], [-81.40884399955942, 34.073100000192305], [-81.41128999978866, 34.073127999761944], [-81.413142999641, 34.07353400029429], [-81.41412299963221, 34.07384200016982], [-81.41473399955248, 34.0741900002569], [-81.41576200012261, 34.07523200004624], [-81.41738300017133, 34.076905000245134], [-81.41850799992751, 34.07791599988587], [-81.41920599988642, 34.078933000081555], [-81.41999199970887, 34.07990299998133], [-81.42090200027822, 34.08048699990011], [-81.421893999965, 34.08112400015886], [-81.42295799962181, 34.08187500017528], [-81.42352900025743, 34.08228300035736], [-81.42492500017524, 34.08295400023148], [-81.42643800026894, 34.0832870001741], [-81.4286669998649, 34.083432000148775], [-81.43041799960996, 34.08328199970875], [-81.43254400017207, 34.08267899990151], [-81.43500799994466, 34.08179600025022], [-81.43718399983717, 34.08061999975306], [-81.43897999978809, 34.07950900008242], [-81.44117400012226, 34.078180000008416], [-81.44296900024825, 34.07777900021385], [-81.44487200032927, 34.07766799985538], [-81.44572500009889, 34.07795200015395], [-81.44759999969253, 34.078799999811366], [-81.44950000029881, 34.079886000248244], [-81.45123599997528, 34.08064299993578], [-81.45307200010916, 34.081262000340374], [-81.45436199972177, 34.08164200003373], [-81.45483299989995, 34.08187500017528], [-81.45610900016719, 34.083113000025584], [-81.4568270002176, 34.08329900024816], [-81.45871000020713, 34.08345500031175], [-81.46010799977478, 34.084100999977025], [-81.46112399975101, 34.08513299987919], [-81.46204900038896, 34.08588599987955], [-81.46251100034632, 34.086190999745654], [-81.4631990002595, 34.08668699975276], [-81.46399500012771, 34.08709399991311], [-81.46486499961576, 34.08727799978033], [-81.46550300019852, 34.08731499968508], [-81.46691300036005, 34.08492999975671], [-81.46899299999309, 34.0814089999952], [-81.4718579996237, 34.07656000022235], [-81.47197200032481, 34.07655200003262], [-81.47209699999829, 34.07626700022106], [-81.47227400044862, 34.075868999649636], [-81.47257400002427, 34.07534700002878], [-81.47309200005812, 34.074311999773606], [-81.47453200035687, 34.071424999827855], [-81.47469100036554, 34.071128999659855], [-81.47497400022276, 34.07056099998066], [-81.47527799999638, 34.06993300007378], [-81.47583500038829, 34.06882699995109], [-81.47681899967914, 34.066860000274396], [-81.47699399958132, 34.06652500020344], [-81.4772520002225, 34.06599700015946], [-81.47808900009859, 34.06431999967503], [-81.4784129999637, 34.06364500031379], [-81.47863300007172, 34.063236999657114], [-81.4789639996095, 34.06256999987785], [-81.47905700039425, 34.06238700010404], [-81.48189699991048, 34.056685000109326], [-81.4820380003758, 34.056437999962306], [-81.48221599975271, 34.05606499996101], [-81.48612300019711, 34.0482509997527], [-81.48671599967572, 34.04705399995131], [-81.4867840003461, 34.04692900026369], [-81.4868689998366, 34.046758999886606], [-81.48763799994063, 34.04521999994488], [-81.49193399964913, 34.03659999995271], [-81.49264500002684, 34.035200000054736]]]}, "properties": {"GEOID": "45063021303", "STATE": "45", "COUNTY": "063", "TRACT": "021303", "NAME": "Census Tract 213.03", "BASENAME": "213.03"}}, {"type": "Feature", "geometry": {"type": "Polygon", "coordinates": [[[-81.37337700027776, 34.14027699982921], [-81.37351399964679, 34.1401749997988], [-81.37309500024546, 34.13986000028345], [-81.37291199994736, 34.13969099984233], [-81.37237999966979, 34.13919799984469], [-81.37145900012811, 34.1377330003177], [-81.37044899999968, 34.13636700003328], [-81.36927099964173, 34.13469399966158], [-81.36810700042581, 34.132737999818524], [-81.3671779995899, 34.131533000369785], [-81.36585600019023, 34.12918899971812], [-81.3647759997416, 34.127636999871584], [-81.3628190001322, 34.125130000351184], [-81.36179599958496, 34.124240999897765], [-81.36037100025312, 34.12359100013161], [-81.35993900043299, 34.12338999972777], [-81.35856199988342, 34.1227500000984], [-81.35747700031023, 34.12216099986326], [-81.35622000030958, 34.12121000019422], [-81.3551740001961, 34.11984300035384], [-81.35442500018357, 34.11910600030956], [-81.35374200029328, 34.11739600029405], [-81.35354999977433, 34.11612700023539], [-81.35375800018679, 34.11493500014978], [-81.3542379996875, 34.11324699975575], [-81.35489999966141, 34.111815999741424], [-81.35589399989632, 34.10996099994356], [-81.35670999985602, 34.10852899973335], [-81.35709099962253, 34.1073110003294], [-81.35742500043168, 34.10682199982892], [-81.35773699970291, 34.10607499965403], [-81.35776000016745, 34.10576399972374], [-81.3577850002818, 34.105451000029205], [-81.35767899997657, 34.10475599994429], [-81.35763600031889, 34.10457599964974], [-81.35748499980782, 34.10394799983863], [-81.35642899964863, 34.10144100023909], [-81.35467999955338, 34.0976530001893], [-81.35365799972938, 34.095323000189694], [-81.35261400016404, 34.09217599989704], [-81.35148400038499, 34.089701999867415], [-81.35000599955308, 34.08740900033566], [-81.34882300007058, 34.08605200024539], [-81.34768999991849, 34.08489699999869], [-81.34564399972233, 34.083725999853506], [-81.34478000008207, 34.08304599987732], [-81.34443199992752, 34.08244199992336], [-81.34440799963808, 34.08140600009588], [-81.34473400005132, 34.08023500003667], [-81.34768400007071, 34.06787900026073], [-81.3450570000915, 34.067378000317895], [-81.33592500000098, 34.06591700015894], [-81.33560399961063, 34.06586599997034], [-81.33541299981492, 34.06583599993261], [-81.33529499981414, 34.06581800020256], [-81.3318629997459, 34.065149000329384], [-81.33089899964818, 34.06496100011289], [-81.32598299979857, 34.06438299982729], [-81.32220599994884, 34.063952000247745], [-81.31858899993266, 34.06344899979844], [-81.31400100014608, 34.06303200026928], [-81.30975300011815, 34.066039999830885], [-81.30466700038922, 34.06950100034072], [-81.3041329995635, 34.06983100003574], [-81.30845900030758, 34.07533699964826], [-81.31985699980395, 34.08482400021766], [-81.32076999984803, 34.08558500007123], [-81.3253939996196, 34.08724299965441], [-81.32769599990881, 34.088068000367095], [-81.3283579998827, 34.092142999987516], [-81.32831699987483, 34.094625999874616], [-81.32838999966975, 34.095936000137314], [-81.32771299962724, 34.095705000347046], [-81.32669699965102, 34.09535600034727], [-81.3241049998319, 34.09400900009602], [-81.32390900001332, 34.094236000047985], [-81.32090399974233, 34.097553000357344], [-81.32029399964696, 34.09821699985559], [-81.31971200003899, 34.09896700024482], [-81.31895999965342, 34.10005199964249], [-81.31885300042161, 34.1002269996823], [-81.31862400009275, 34.10059400020572], [-81.31845599986326, 34.10085099989632], [-81.31806400022609, 34.101425000097464], [-81.31776700012516, 34.10183299978848], [-81.31755600023797, 34.102112000014344], [-81.31567700044641, 34.104695999888655], [-81.31559000040775, 34.10482200032824], [-81.31546900003394, 34.10497500034412], [-81.31533500013964, 34.10512000036152], [-81.31521899978868, 34.10523000000371], [-81.31509499994013, 34.105335000340204], [-81.31496500024377, 34.10543400021934], [-81.31486300013653, 34.10550400028943], [-81.31472199967122, 34.105591999764], [-81.31457500025644, 34.105672999901024], [-81.31446099955531, 34.10572899980347], [-81.31430499991968, 34.10579799995113], [-81.31410400007825, 34.10587300033885], [-81.31337900035516, 34.10616900029769], [-81.3130579999648, 34.10632699995735], [-81.31280299969666, 34.10647100021869], [-81.31255599982445, 34.10662600030877], [-81.31232099964781, 34.106790999756655], [-81.31209999971487, 34.10696399991867], [-81.31248200020461, 34.10738800018261], [-81.31269100044199, 34.107619000065455], [-81.31377900038822, 34.10876600031078], [-81.31488300022802, 34.1099720003261], [-81.31583899992978, 34.11099299992008], [-81.31683399998963, 34.11195399972011], [-81.31758999967487, 34.11272800031103], [-81.31859499978043, 34.113720000256386], [-81.31874799994131, 34.113854999866845], [-81.31897800009507, 34.1140369996618], [-81.31945400029613, 34.11439100007825], [-81.31970399964308, 34.11456800010275], [-81.31994300001767, 34.114728000327155], [-81.32008299975975, 34.11483100014414], [-81.32021900020221, 34.11493800034831], [-81.32034999972346, 34.115051000062465], [-81.32054100041749, 34.11523300025875], [-81.32067899961143, 34.115380999982484], [-81.32083900034331, 34.11557300030355], [-81.32096099964375, 34.11574000001532], [-81.32139900020995, 34.11643499985218], [-81.32268100032498, 34.118466999762624], [-81.32293200039514, 34.118824999814265], [-81.32317199969634, 34.119204999690005], [-81.32339199980436, 34.119592999930546], [-81.32348600041402, 34.11977199999346], [-81.32360799971443, 34.12002499990558], [-81.32370700034696, 34.12024400019123], [-81.32375000000467, 34.12034800023358], [-81.32379900040844, 34.120464999663454], [-81.32396400026491, 34.12091200032338], [-81.32409200031142, 34.1213280001573], [-81.32419600006848, 34.121735999794105], [-81.32458600005583, 34.12310300026536], [-81.32465999967567, 34.12334199984926], [-81.32476500015598, 34.12364199975846], [-81.32484999964647, 34.12386400022561], [-81.32502500044697, 34.12426800019641], [-81.3251469997474, 34.12452100004188], [-81.32527899999187, 34.12477200022213], [-81.32552699968899, 34.125154999979536], [-81.32574099994925, 34.12550300031474], [-81.32665800019127, 34.12708499983758], [-81.32730799957129, 34.12820199983252], [-81.32805699958382, 34.12946100018345], [-81.3281889998283, 34.1296489999498], [-81.32838800001994, 34.12991300007085], [-81.32857200014294, 34.13013900022365], [-81.3287450003953, 34.13033799993355], [-81.32893700001593, 34.13054600034023], [-81.32917499966732, 34.13078699995692], [-81.32948799966175, 34.13107799985258], [-81.32978200028795, 34.13132899989823], [-81.33049399959224, 34.132038000323135], [-81.33154800010162, 34.13317899969159], [-81.33167500032324, 34.13328300018126], [-81.33192300002034, 34.13348600030352], [-81.33201900027983, 34.13357499975653], [-81.33268000042882, 34.13407499971179], [-81.33336699961875, 34.13461999963227], [-81.3337780004208, 34.13494700027704], [-81.33480799974242, 34.135336999800955], [-81.33826599974994, 34.136659000106484], [-81.33844200037534, 34.136718999792905], [-81.33861999975227, 34.136773999901685], [-81.33898200015051, 34.13686799988317], [-81.33922399999985, 34.13691800036861], [-81.3395939998957, 34.136976999817755], [-81.33982900007234, 34.13700499981918], [-81.33997899986018, 34.137016999710774], [-81.34011299975448, 34.13702800029141], [-81.34168299974957, 34.13712400009356], [-81.34195800010917, 34.13711100016545], [-81.34330999964608, 34.13705300011871], [-81.34365799980063, 34.13703900012712], [-81.34443899960021, 34.1370059998722], [-81.34492599967194, 34.13698700035041], [-81.34499900036519, 34.136976999817755], [-81.34548899991164, 34.13691700031455], [-81.34606300002199, 34.136830000029846], [-81.34635000007717, 34.13680199997038], [-81.34668099961496, 34.13677800012454], [-81.34701299987599, 34.13676199997565], [-81.34734500013701, 34.13675500032781], [-81.34762999964404, 34.13675500032781], [-81.34796199990507, 34.13676300003155], [-81.34829400016608, 34.13677900018019], [-81.34861800003118, 34.13680300002581], [-81.34870199969677, 34.13681099972494], [-81.34875899959819, 34.1368170000565], [-81.34889900023857, 34.13683899978142], [-81.34903700033084, 34.13686799988317], [-81.34917299987495, 34.13690300030042], [-81.34922300010368, 34.13691899967906], [-81.34930599994435, 34.13694500033586], [-81.3494359996407, 34.1369939999791], [-81.3495620000374, 34.13704899990889], [-81.34971199982523, 34.13712500014512], [-81.35189500028874, 34.138388000081065], [-81.3525620002855, 34.13843500030249], [-81.3526889996088, 34.1384500000987], [-81.35281300035568, 34.13847300017764], [-81.35298599970972, 34.13852799988838], [-81.35348100017737, 34.13872199975852], [-81.35365199988158, 34.138785000306605], [-81.35419699967963, 34.13892400016947], [-81.35441400031293, 34.13903100036816], [-81.35451499969693, 34.13909900008354], [-81.35465299978921, 34.1392029999798], [-81.354766999592, 34.13929600020752], [-81.35483199988934, 34.139334999720944], [-81.3548920001638, 34.13939299968841], [-81.35504899962433, 34.13951499964396], [-81.35509600037831, 34.13955999993658], [-81.35520799963298, 34.139630000013625], [-81.3552710002805, 34.139658999901144], [-81.35557199968106, 34.13971799966716], [-81.35600699987423, 34.13978000019599], [-81.35751400012015, 34.139994999794666], [-81.35825999975962, 34.14004199986579], [-81.35893500015234, 34.140060000170884], [-81.35942999972167, 34.14007299964527], [-81.36026099974995, 34.14056799976404], [-81.36051600001808, 34.14062699963887], [-81.36268600006281, 34.14112900025931], [-81.36313600032459, 34.141196999773314], [-81.3633260002954, 34.14120799980985], [-81.3634679996873, 34.141205999803304], [-81.36371299990968, 34.14124999993608], [-81.36389000036002, 34.14125199994159], [-81.36414100043018, 34.141280000013516], [-81.3643120001344, 34.1413110000823], [-81.36449000040963, 34.14135200015582], [-81.36480300040408, 34.141403000219476], [-81.3648479997116, 34.14141600023077], [-81.3649099996359, 34.14143400024316], [-81.36504299970527, 34.141442000247395], [-81.36536800029361, 34.14149500025649], [-81.36569600035666, 34.1415290002448], [-81.36586899971071, 34.14154000023813], [-81.36647399978321, 34.141538000239436], [-81.3668110000671, 34.141510000253064], [-81.36701500028161, 34.141484000257364], [-81.3671779995899, 34.14145800025366], [-81.36729599959068, 34.14146700025586], [-81.36742100016245, 34.141438000245394], [-81.36764999959301, 34.14138600020169], [-81.36801100016635, 34.141276000003785], [-81.36830999991709, 34.14116599966269], [-81.36858199990365, 34.14105899993704], [-81.36887499980662, 34.1409319999478], [-81.36908300021908, 34.14082399991795], [-81.369156000014, 34.140786000356535], [-81.36939000036574, 34.14064599982922], [-81.36958199998635, 34.14051499991699], [-81.36970300036018, 34.14041100014853], [-81.3698239998357, 34.14031699964717], [-81.36991900027024, 34.14025100019762], [-81.37005099961642, 34.140166999674605], [-81.37014299967792, 34.14011500033573], [-81.37018700005885, 34.14008999992724], [-81.370330000174, 34.14002000023126], [-81.37047599976385, 34.13995599984239], [-81.37058700009193, 34.13991499983502], [-81.37089900026146, 34.14152500024692], [-81.37094799976695, 34.14185200019511], [-81.37143300018886, 34.1415230002479], [-81.37318599958373, 34.140408000110426], [-81.37337700027776, 34.14027699982921]]]}, "properties": {"GEOID": "45063021208", "STATE": "45", "COUNTY": "063", "TRACT": "021208", "NAME": "Census Tract 212.08", "BASENAME": "212.08"}}, {"type": "Feature", "geometry": {"type": "Polygon", "coordinates": [[[-81.32838999966975, 34.095936000137314], [-81.32831699987483, 34.094625999874616], [-81.3283579998827, 34.092142999987516], [-81.32769599990881, 34.088068000367095], [-81.3253939996196, 34.08724299965441], [-81.32076999984803, 34.08558500007123], [-81.31985699980395, 34.08482400021766], [-81.30845900030758, 34.07533699964826], [-81.3041329995635, 34.06983100003574], [-81.29849799983856, 34.07331799983911], [-81.29367300022554, 34.07599999999748], [-81.2923180003156, 34.076776999872266], [-81.28737599962838, 34.07961800028509], [-81.28057000011651, 34.08395199991449], [-81.2746680004279, 34.08873799989997], [-81.2726130000109, 34.09275800031237], [-81.27095000012939, 34.099044000252725], [-81.27283599959368, 34.09847000026661], [-81.2758450000626, 34.09738100007248], [-81.27759499998277, 34.10022800017033], [-81.27904399960406, 34.10270499963578], [-81.2798350003477, 34.10385500014782], [-81.28201500043816, 34.10702700033263], [-81.28381700023687, 34.10996400031851], [-81.28581999987699, 34.11322800010021], [-81.28737999982636, 34.115920000355274], [-81.288312000137, 34.117529000163614], [-81.28982199985765, 34.11755300026878], [-81.28992899998777, 34.11755399980822], [-81.28995599975195, 34.11752499977357], [-81.29037000002872, 34.11732000016845], [-81.29101600010911, 34.11715599997785], [-81.29434299969707, 34.1208320001493], [-81.29662200042004, 34.12336999990563], [-81.29801099976687, 34.12491699976741], [-81.2980340002314, 34.124912999726874], [-81.2981689999506, 34.12487899974651], [-81.29830100019507, 34.124840000255226], [-81.29843099989141, 34.12479400010757], [-81.29855700028811, 34.12474299968829], [-81.29871899977151, 34.12466499981867], [-81.29883699977229, 34.12460099970024], [-81.29898599973521, 34.12450700020541], [-81.2990920000404, 34.124430000319876], [-81.30015599969722, 34.123818999755926], [-81.30004100006948, 34.12366600035967], [-81.29990299997725, 34.123508000366854], [-81.29974800016653, 34.12331300031226], [-81.29960199967836, 34.12311300020855], [-81.29946600013423, 34.12290800002033], [-81.29938900014133, 34.122781000271104], [-81.29871100027391, 34.1215000000984], [-81.29868199996159, 34.12142500018005], [-81.29862900025813, 34.12131699976431], [-81.29853999967136, 34.12117999968575], [-81.29846100002865, 34.121083000125644], [-81.29840400012723, 34.12102299975162], [-81.29832100028658, 34.12083399989429], [-81.29824699976841, 34.1206089996549], [-81.29820199956255, 34.12041700035555], [-81.29816999977552, 34.120199000026005], [-81.29816999977552, 34.12012000017382], [-81.29817800017143, 34.12000399977703], [-81.29818900004209, 34.11992599999777], [-81.29821300033153, 34.11981100033495], [-81.29824799959333, 34.119698000287585], [-81.29829199997425, 34.1195869998637], [-81.29838800023373, 34.11940899967039], [-81.30042900040701, 34.116449999833875], [-81.30047899973741, 34.1163399999065], [-81.30053700036206, 34.116234000287356], [-81.3006250002256, 34.116097000154824], [-81.30069999967036, 34.11599899966869], [-81.30084199996057, 34.11584300008735], [-81.30097599985486, 34.11572100017611], [-81.30106899974129, 34.115646999900335], [-81.30121299968133, 34.115548000073424], [-81.30132800020739, 34.11548000000494], [-81.30144700003306, 34.11541800024484], [-81.30157000005671, 34.11536200006262], [-81.30169700027832, 34.11531200021385], [-81.30191200036347, 34.115245000266086], [-81.3021890003729, 34.11520499973916], [-81.30242700002428, 34.115187999658204], [-81.30412000004304, 34.115161999746576], [-81.30434799964866, 34.11520700036089], [-81.30461999963524, 34.11526900027566], [-81.30484399994123, 34.11532699965098], [-81.30515299973769, 34.1154189998095], [-81.30550000006734, 34.11553699967229], [-81.30583999982596, 34.115670999795846], [-81.30726000003322, 34.116157000305314], [-81.30735000044491, 34.11617900020108], [-81.3074419996081, 34.11619499978368], [-81.3075810004236, 34.116207999953545], [-81.30772199999059, 34.11620699965452], [-81.30788000017435, 34.11618900021948], [-81.30804199965775, 34.11615099999469], [-81.30817100042748, 34.116105000326094], [-81.30829299972791, 34.116046999996904], [-81.30836899989589, 34.11600100027169], [-81.30842900017034, 34.11595900024209], [-81.31056900007783, 34.114206999655956], [-81.31083400039171, 34.11402099967101], [-81.31090899983646, 34.11397299968048], [-81.31106500037039, 34.11388300008967], [-81.31126200001387, 34.11377999986196], [-81.31153599965026, 34.113654000120476], [-81.31177800039791, 34.11356499977677], [-81.31202799974487, 34.11349299976447], [-81.3122839998379, 34.113438000126926], [-81.3125449999538, 34.11340299966287], [-81.31280900044277, 34.11338599996347], [-81.31294199961384, 34.11338400004236], [-81.31311800023924, 34.113389999805534], [-81.31338699985275, 34.113414000341535], [-81.31359799973995, 34.1134470001377], [-81.31376900034249, 34.11348300017106], [-81.31400500034404, 34.11354800010993], [-81.31443200014131, 34.113641999887406], [-81.31464899987628, 34.11369700013598], [-81.31480899970985, 34.113743999954956], [-81.31509800031318, 34.11383600034793], [-81.3154230000032, 34.11395400018801], [-81.31561299997398, 34.11403099994452], [-81.31599700011354, 34.11420200027347], [-81.31680100037767, 34.1134180001823], [-81.31758999967487, 34.11272800031103], [-81.31683399998963, 34.11195399972011], [-81.31583899992978, 34.11099299992008], [-81.31488300022802, 34.1099720003261], [-81.31377900038822, 34.10876600031078], [-81.31269100044199, 34.107619000065455], [-81.31248200020461, 34.10738800018261], [-81.31209999971487, 34.10696399991867], [-81.31232099964781, 34.106790999756655], [-81.31255599982445, 34.10662600030877], [-81.31280299969666, 34.10647100021869], [-81.3130579999648, 34.10632699995735], [-81.31337900035516, 34.10616900029769], [-81.31410400007825, 34.10587300033885], [-81.31430499991968, 34.10579799995113], [-81.31446099955531, 34.10572899980347], [-81.31457500025644, 34.105672999901024], [-81.31472199967122, 34.105591999764], [-81.31486300013653, 34.10550400028943], [-81.31496500024377, 34.10543400021934], [-81.31509499994013, 34.105335000340204], [-81.31521899978868, 34.10523000000371], [-81.31533500013964, 34.10512000036152], [-81.31546900003394, 34.10497500034412], [-81.31559000040775, 34.10482200032824], [-81.31567700044641, 34.104695999888655], [-81.31755600023797, 34.102112000014344], [-81.31776700012516, 34.10183299978848], [-81.31806400022609, 34.101425000097464], [-81.31845599986326, 34.10085099989632], [-81.31862400009275, 34.10059400020572], [-81.31885300042161, 34.1002269996823], [-81.31895999965342, 34.10005199964249], [-81.31971200003899, 34.09896700024482], [-81.32029399964696, 34.09821699985559], [-81.32090399974233, 34.097553000357344], [-81.32390900001332, 34.094236000047985], [-81.3241049998319, 34.09400900009602], [-81.32669699965102, 34.09535600034727], [-81.32771299962724, 34.095705000347046], [-81.32838999966975, 34.095936000137314]]]}, "properties": {"GEOID": "45063021207", "STATE": "45", "COUNTY": "063", "TRACT": "021207", "NAME": "Census Tract 212.07", "BASENAME": "212.07"}}, {"type": "Feature", "geometry": {"type": "Polygon", "coordinates": [[[-81.55275000007958, 34.386911999751476], [-81.55282000039978, 34.38667900004342], [-81.55223899971841, 34.386244999847904], [-81.55049899984401, 34.384946000072866], [-81.55010800003176, 34.38465399992518], [-81.54991600041114, 34.384518000270454], [-81.54736499970157, 34.38261000003191], [-81.5432749998574, 34.37955100028518], [-81.53981799967478, 34.37697400036263], [-81.53970700024502, 34.376891000286726], [-81.53715600043378, 34.37498500014563], [-81.53541499983615, 34.373684999721696], [-81.53465499995295, 34.37311699970237], [-81.5329259999492, 34.371812000268704], [-81.53196299967641, 34.371093000325935], [-81.53020000023578, 34.369778000166754], [-81.52846000036136, 34.36848000029668], [-81.5282300002076, 34.36829899988585], [-81.52754200029443, 34.367756000014666], [-81.52731299996557, 34.36757599980503], [-81.52665299964148, 34.36694500018497], [-81.52648100011235, 34.366779999646226], [-81.52636700030955, 34.36666099968065], [-81.5262309998671, 34.366537000296915], [-81.5257520001913, 34.366007000336104], [-81.52525800044688, 34.36541000012719], [-81.52486300043667, 34.36488200034009], [-81.524696999857, 34.36465999992476], [-81.52433899965672, 34.36413599967138], [-81.52383700041469, 34.3633070003296], [-81.52234799971215, 34.36084800033226], [-81.52233299964352, 34.36082300016015], [-81.52183700024929, 34.3599930002984], [-81.52158600017911, 34.359580000265204], [-81.52083399979355, 34.35834099981904], [-81.5205840004466, 34.357929000199675], [-81.5205350000428, 34.35784799984906], [-81.52040799982119, 34.35763499998177], [-81.51988200028971, 34.35675299981452], [-81.51970700038754, 34.35645899992099], [-81.51924700008, 34.355701999696635], [-81.51841199985374, 34.35432600033848], [-81.51783600009357, 34.353454999976194], [-81.51782199984986, 34.353434000145256], [-81.51733099958018, 34.3527290002241], [-81.5172329996709, 34.352594000367525], [-81.51696099968433, 34.35221900011968], [-81.5169380001181, 34.35218999995942], [-81.51683500018595, 34.35206000008962], [-81.5166839996749, 34.35186799983324], [-81.51623099993837, 34.3512920001338], [-81.51608000032563, 34.35110100008073], [-81.51485500011201, 34.34961600016963], [-81.51430100009314, 34.348943999636234], [-81.51375200009716, 34.348273999933674], [-81.51256100021874, 34.34681899997416], [-81.51118200001935, 34.34516000004393], [-81.51080100025284, 34.34470199984975], [-81.50998399956991, 34.34365400017089], [-81.51004899986725, 34.34362199979343], [-81.51242300012647, 34.342300999700306], [-81.51473299991329, 34.341018000097804], [-81.51853499987739, 34.33891099995595], [-81.5197399999995, 34.338240000304395], [-81.52217799983283, 34.33688400029496], [-81.52432899961097, 34.335707000004604], [-81.52658599969433, 34.334450000232884], [-81.52686100005396, 34.33429800019422], [-81.52860099992837, 34.33333699965047], [-81.53001799976259, 34.33254199994281], [-81.53038299963556, 34.3323419998147], [-81.53087200025543, 34.332070000329196], [-81.53294699986559, 34.33091800019306], [-81.5330749999121, 34.33084700024088], [-81.53346200042472, 34.33063599998663], [-81.53359100029614, 34.330565999778024], [-81.53408599986547, 34.330288999799784], [-81.53557200019497, 34.32946100029854], [-81.53606799958922, 34.329184999638024], [-81.53701300031865, 34.328668000220375], [-81.53704599993063, 34.32865100013667], [-81.53984000031441, 34.32710100028318], [-81.54078299959738, 34.32657899974561], [-81.54105999960682, 34.32642400018862], [-81.54178199985519, 34.326021999888354], [-81.54189300018326, 34.325960999873836], [-81.54210400007047, 34.325848000058066], [-81.54217400039067, 34.32581200015045], [-81.54237699988194, 34.32570799975363], [-81.54278799978567, 34.32549900001441], [-81.54299299982509, 34.32540599971102], [-81.54320200006246, 34.32531300004652], [-81.54341499959948, 34.32521700014109], [-81.54364200027851, 34.32512799971333], [-81.54367999991335, 34.32511299974866], [-81.54409300036522, 34.32495999980732], [-81.54451000011674, 34.32481700009484], [-81.54498499959459, 34.324681999815816], [-81.54515899967186, 34.32463400025778], [-81.54543599968129, 34.32455899996603], [-81.54565999998727, 34.32449899968435], [-81.54575200004878, 34.32447299974679], [-81.54603200043127, 34.32439800005303], [-81.54612500031767, 34.32437300014019], [-81.54532000022864, 34.32317700029855], [-81.54455399959936, 34.32203900016406], [-81.54289900011375, 34.3195960001953], [-81.54209099965166, 34.3184040002999], [-81.54150700039389, 34.31754299993077], [-81.5413530004081, 34.31731600033728], [-81.54124600027798, 34.3171189999572], [-81.54115000001852, 34.316956000321355], [-81.54105399975904, 34.31677899980296], [-81.54088499970464, 34.31642700017383], [-81.54073300026698, 34.316058000143414], [-81.54060199984742, 34.31568399991926], [-81.54049100041767, 34.315295000019056], [-81.54044200001385, 34.31509199983218], [-81.54040699985376, 34.31490599980011], [-81.5403740002418, 34.31466699991986], [-81.54032499983799, 34.31430299971074], [-81.54030999976938, 34.31410299988608], [-81.5402970002489, 34.31363199987095], [-81.54029899989872, 34.31338699969415], [-81.54030800011955, 34.31265499991264], [-81.54031099959428, 34.3124110000511], [-81.54031200031751, 34.31231800008446], [-81.54032099964003, 34.31211500011853], [-81.5403399999066, 34.31195400007802], [-81.54038000008958, 34.31175399985111], [-81.54042299974728, 34.311573000144065], [-81.54053999992314, 34.31119199996512], [-81.54073599974173, 34.310621000274715], [-81.54080299968888, 34.31044099983109], [-81.54099299965966, 34.30988399971953], [-81.54111499985841, 34.30954200021924], [-81.541126999554, 34.30951099967712], [-81.54131400005004, 34.308949000359334], [-81.54133499996642, 34.30884499984337], [-81.5413530004081, 34.308758000347304], [-81.54141199995934, 34.308371000012734], [-81.54141799980712, 34.30817899992106], [-81.54141299978424, 34.307987999641554], [-81.54140199991357, 34.30780399995988], [-81.54135500005793, 34.30741499990639], [-81.54125399977558, 34.307051999682734], [-81.5411919998513, 34.30686300033713], [-81.54103299984264, 34.30652800005914], [-81.54075800038135, 34.306018999803364], [-81.54059599999965, 34.30569999987371], [-81.54047600034905, 34.305395999997096], [-81.54042299974728, 34.30522400027261], [-81.54038199973941, 34.30505200019589], [-81.54035800034826, 34.30487799993239], [-81.54032499983799, 34.30469700024378], [-81.54017199967711, 34.30355300005003], [-81.53995099974418, 34.30182899985272], [-81.53988299997211, 34.301503000259935], [-81.5398329997434, 34.30133800007022], [-81.53976800034438, 34.30117099963357], [-81.53968999962825, 34.301010000129196], [-81.53962400040434, 34.300899999640414], [-81.5395010003807, 34.30069299965897], [-81.5393819996567, 34.300524000227966], [-81.5377709996537, 34.29855400015742], [-81.53759900012457, 34.29833999999466], [-81.53708299974053, 34.29769900031971], [-81.5369110002114, 34.297485999839296], [-81.53680200043146, 34.29735100013316], [-81.53647699984315, 34.296947000095834], [-81.5363689998881, 34.296812999907814], [-81.53776999982881, 34.2964430001174], [-81.53880000004874, 34.296171999712335], [-81.53966799988696, 34.295971999745454], [-81.54169999983941, 34.29547899980478], [-81.54171099971008, 34.29547600008831], [-81.54231099975969, 34.29531200033546], [-81.54261000040876, 34.2952050002744], [-81.54268999987639, 34.29516899984172], [-81.54308900008455, 34.29499299981325], [-81.54327900005536, 34.2949019999238], [-81.54447699960646, 34.29420400007917], [-81.54490599995187, 34.29395500017403], [-81.54588099992021, 34.293327999719104], [-81.54604999997461, 34.29323700025257], [-81.54598700022541, 34.29319500012303], [-81.54451299959148, 34.292168000175344], [-81.54299799984796, 34.29107899971169], [-81.54240500036933, 34.29071600013139], [-81.54229900006413, 34.29064699974552], [-81.54120400044519, 34.28993500032805], [-81.540220000256, 34.28932899985699], [-81.5395430002135, 34.288933999686996], [-81.53889499958497, 34.288555999929585], [-81.53799999998256, 34.288048000353754], [-81.53626000010814, 34.287059000310805], [-81.5340390000098, 34.28579100036825], [-81.5315450001, 34.2843719997421], [-81.5297230002098, 34.28334100036966], [-81.52817699960583, 34.28245800014467], [-81.52692200015332, 34.2817499996576], [-81.52674600042623, 34.281651000205585], [-81.52575100036638, 34.281084999982326], [-81.52449799966537, 34.28035299998486], [-81.5240490001268, 34.28009099969806], [-81.52332000020576, 34.27964799986261], [-81.52255500029969, 34.27916999990638], [-81.52243399992587, 34.27909399997655], [-81.52209800036519, 34.2788840001453], [-81.521078000191, 34.27823799969402], [-81.51982000036546, 34.27744200014946], [-81.51906700015495, 34.27696600002466], [-81.51798800042953, 34.27628300017757], [-81.51718800036335, 34.275746999941525], [-81.5165230000164, 34.27526999997083], [-81.51569399963793, 34.274655999916696], [-81.51553399980436, 34.27452400036884], [-81.51509100011357, 34.274176999871536], [-81.51437499971298, 34.27359199986812], [-81.51383199956477, 34.273121999758914], [-81.51275200001444, 34.27215400014834], [-81.5124320003473, 34.27186800027328], [-81.51213100004843, 34.27159899992871], [-81.51171099992386, 34.27122499994025], [-81.51072699973469, 34.27034899982754], [-81.51012699968506, 34.26980999973052], [-81.50999899963854, 34.26969500014409], [-81.50969700041307, 34.26942400033527], [-81.5096150003973, 34.26935300034778], [-81.50948599962754, 34.26924100004706], [-81.50941600020566, 34.26916999990506], [-81.50939100009131, 34.269147999796616], [-81.50909599964021, 34.26888500024797], [-81.50899799973092, 34.268798000199276], [-81.50887399988237, 34.26868799985533], [-81.5085459998193, 34.268387000365074], [-81.50813200044084, 34.268019000104054], [-81.50742199988804, 34.267387999941164], [-81.50639599986606, 34.266458999787396], [-81.5055310004009, 34.2656859996297], [-81.50466299966435, 34.26490999972601], [-81.50414299998066, 34.26444500022382], [-81.50398800016997, 34.26429899983222], [-81.50394700016207, 34.26426000017796], [-81.50373899974963, 34.26408299997798], [-81.50313399967713, 34.26353200009543], [-81.5021050001804, 34.26261799965875], [-81.50195100019464, 34.26248000021304], [-81.50127499997703, 34.26187199991578], [-81.50117500041792, 34.26178199985981], [-81.50087499994395, 34.26151199985648], [-81.50077600020974, 34.26142300022093], [-81.50067099972945, 34.261328000105614], [-81.50043800010094, 34.261116000313265], [-81.50035799973499, 34.26104600006135], [-81.5002520003281, 34.26095399972654], [-81.50022600038884, 34.260931000369546], [-81.49979399967039, 34.260576999692226], [-81.49955699984392, 34.26039200004799], [-81.49934900032977, 34.26022900021686], [-81.49889400004511, 34.25989699986191], [-81.49866200024151, 34.25973399981406], [-81.49842600023997, 34.259574999791035], [-81.49734300031658, 34.2588849998374], [-81.49659000010608, 34.25840599979417], [-81.4951830003176, 34.25750899972438], [-81.49485400042961, 34.25729599984713], [-81.49467500032948, 34.25718100022601], [-81.49341999997866, 34.256391000322935], [-81.49270699995112, 34.25593600030155], [-81.49091900039613, 34.2548080001113], [-81.48963499973298, 34.25398699996249], [-81.48879200000913, 34.253447999699574], [-81.48789599968349, 34.252884000038], [-81.48770599971269, 34.252764999661984], [-81.48713900017334, 34.25240799975163], [-81.48695000002746, 34.25228900018743], [-81.48682500035397, 34.25220399965316], [-81.48675400020886, 34.25215699968781], [-81.48644399968916, 34.25196199981955], [-81.48631700036586, 34.25188300001462], [-81.48617000005277, 34.25179100005438], [-81.48404600003882, 34.25043099988434], [-81.48224900026297, 34.24928999967834], [-81.4800740001954, 34.24790899968587], [-81.4799560001946, 34.24783399994507], [-81.47859100023894, 34.246960999738675], [-81.47747200033054, 34.24625600035757], [-81.4765760000049, 34.24568600000045], [-81.47439199971647, 34.24429400031114], [-81.47353899994687, 34.243752000262035], [-81.47309899973081, 34.2434790002323], [-81.47295700033891, 34.24339600026533], [-81.47241099981764, 34.24307499970324], [-81.47207500025696, 34.24289399983899], [-81.47169000029251, 34.24270000032782], [-81.47129100008434, 34.242506000369474], [-81.47083499997474, 34.24229700006336], [-81.47060399999609, 34.24219800020624], [-81.47044599981234, 34.2421349996289], [-81.47024400014597, 34.24204800013334], [-81.46983999991492, 34.241889999658575], [-81.46947300039213, 34.241746999631204], [-81.46940700026988, 34.24172100007272], [-81.4688259995885, 34.2415239999295], [-81.46711699967622, 34.24096900034147], [-81.46636299964082, 34.24072900000854], [-81.46526399982393, 34.2403679997693], [-81.46048199986859, 34.238816999874224], [-81.46029400044596, 34.238753999737085], [-81.45973100020623, 34.23856800004732], [-81.45954399971018, 34.23850600005941], [-81.45944900017393, 34.238475000048325], [-81.45897299997287, 34.23831999982171], [-81.45725999986264, 34.237766000248385], [-81.45668900012534, 34.23758199981153], [-81.45652099989583, 34.2375270000428], [-81.45601899975551, 34.23736300012757], [-81.45585200024925, 34.23730899982296], [-81.45360000018876, 34.23657400019516], [-81.44837600036756, 34.23486899995082], [-81.44827099988726, 34.234832999675426], [-81.4478159996026, 34.23468000018978], [-81.44699700016815, 34.23437999972141], [-81.4468599999008, 34.23432500008902], [-81.44649800040088, 34.23417999980559], [-81.44592099991748, 34.23393600009674], [-81.44539000036315, 34.233703000287036], [-81.44486099956032, 34.23347899967724], [-81.44467999981035, 34.23339899995167], [-81.44378799968268, 34.23300699967758], [-81.44215099974042, 34.23228800024047], [-81.4411130000229, 34.23183599963517], [-81.44022099989522, 34.23144799970419], [-81.43972100030302, 34.23123000008409], [-81.43944299957036, 34.23110799975741], [-81.43711000021734, 34.230089000285986], [-81.4363329997174, 34.22974999974817], [-81.43628800040985, 34.229729999866606], [-81.43625099970161, 34.22971400025507], [-81.43549900021434, 34.229384999676654], [-81.43402899977835, 34.22874400011368], [-81.43063400041834, 34.22726300018312], [-81.42990799997203, 34.22694699989197], [-81.42908699998948, 34.22659400008269], [-81.42772399968361, 34.225993999882355], [-81.42717100038796, 34.2257599998935], [-81.42711399958824, 34.225736000086414], [-81.42662999988957, 34.2255310002177], [-81.4260830004417, 34.22531000014461], [-81.42552900042283, 34.22509800023197], [-81.42477200001437, 34.224825999632586], [-81.4246890001737, 34.22479600028281], [-81.42384800009967, 34.22450800033592], [-81.42344800006657, 34.22437699985372], [-81.42328300021013, 34.22432300013426], [-81.4215009996046, 34.22376100020157], [-81.41988299992893, 34.22325099963946], [-81.4194510001088, 34.22311300025859], [-81.4181840000624, 34.22270800026971], [-81.41811999958999, 34.22268800020149], [-81.41807199990942, 34.222753999814444], [-81.418015000008, 34.22283700007587], [-81.41793200016733, 34.22295499990407], [-81.41792499959632, 34.22296599968448], [-81.41787899956557, 34.22301700020075], [-81.41772700012791, 34.2231860001907], [-81.41759400005851, 34.2232799997659], [-81.41737599960031, 34.223174999696234], [-81.41723699968315, 34.223120000173424], [-81.41713100027626, 34.2230870001454], [-81.41712000040559, 34.223084999850684], [-81.41697200026759, 34.22306499987197], [-81.41663499998369, 34.223048999737], [-81.41620499981339, 34.22306499987197], [-81.41605900022351, 34.22306499987197], [-81.4158469996131, 34.22308199977992], [-81.41518499963921, 34.223289999730326], [-81.41469500009275, 34.22344999974263], [-81.41454299975679, 34.22349400008268], [-81.41448300038064, 34.22352099984105], [-81.41436399965664, 34.22357599984481], [-81.41394899955495, 34.22380099982373], [-81.4138680002624, 34.22384499998049], [-81.41368400013938, 34.22394000007165], [-81.41364300013151, 34.22396100035097], [-81.41344399993986, 34.22404899973151], [-81.41331800044149, 34.22411499976359], [-81.41320600028851, 34.22414200006568], [-81.41295199984529, 34.22419399963275], [-81.41278199996597, 34.22422999999991], [-81.41262999963, 34.22429599989018], [-81.41239199997862, 34.22441699992614], [-81.41223999964267, 34.224487999952245], [-81.41202100025787, 34.224604000180044], [-81.41184200015772, 34.22467500004852], [-81.41165100036201, 34.224769000190356], [-81.41145200017039, 34.224906000074824], [-81.41128599959072, 34.225059999988034], [-81.4110880001223, 34.22523600007452], [-81.41094500000717, 34.22534300004445], [-81.41086899983921, 34.22540100033232], [-81.41072999992203, 34.22549399991651], [-81.41059799967755, 34.2255550000832], [-81.41039900038423, 34.225604000282544], [-81.41023399962947, 34.22563000036151], [-81.41015400016184, 34.22564300002667], [-81.40990999976437, 34.22570300034056], [-81.40959799959484, 34.225808000229875], [-81.40930700024, 34.225912000245934], [-81.40914200038358, 34.22601099994193], [-81.40904199992613, 34.22609300022467], [-81.40896300028344, 34.226191999707915], [-81.40834700034029, 34.227209000085715], [-81.40824100003506, 34.22731400032581], [-81.4077640000091, 34.22775299986946], [-81.40749899969522, 34.22800600009821], [-81.40730799989952, 34.22816600006487], [-81.40723500010458, 34.22819900033124], [-81.40715499973864, 34.228221000006435], [-81.40706900042323, 34.228236999901675], [-81.40694300002653, 34.228252999793824], [-81.40678499984278, 34.22826400036784], [-81.40654600036649, 34.228291999796824], [-81.40618899999112, 34.228291999796824], [-81.40610899962518, 34.22828099996921], [-81.40558700029167, 34.22828099996921], [-81.40556200017731, 34.2282839998548], [-81.40550699992573, 34.228291999796824], [-81.405420999712, 34.228319000245406], [-81.40527500012213, 34.2283799998515], [-81.40518899990842, 34.228434999653324], [-81.40493100016556, 34.2286930000942], [-81.40421599958991, 34.22928100023557], [-81.40372600004343, 34.22972600033539], [-81.40361999973823, 34.22979800003873], [-81.40331599996463, 34.22994600026719], [-81.4032029999867, 34.229973000185424], [-81.40300399979508, 34.2300449996776], [-81.4028649998779, 34.23011100021024], [-81.40256100010428, 34.230275999829956], [-81.40239500042294, 34.23035299973997], [-81.4022099995767, 34.230423999961076], [-81.40180600024397, 34.23059999997918], [-81.40146899996009, 34.2307810002808], [-81.40116400036155, 34.23100099968464], [-81.40106499972903, 34.23111100028501], [-81.40097199984262, 34.23123200018542], [-81.40085300001694, 34.23139699983685], [-81.400772999651, 34.231495999769564], [-81.40067999976456, 34.23157300004942], [-81.40060799979454, 34.23161699985942], [-81.40038299966366, 34.23164399998467], [-81.40024999959425, 34.231621999718236], [-81.40013800033958, 34.23159500032865], [-81.39961500028285, 34.23141799974225], [-81.39932400002971, 34.231329999891294], [-81.3990129996851, 34.23124199994839], [-81.39886700009522, 34.23122000031965], [-81.39872099960704, 34.231193000058504], [-81.39854300023013, 34.23124199994839], [-81.39841699983343, 34.23129700010915], [-81.39828399976403, 34.23138000012175], [-81.39820500012132, 34.23146199963324], [-81.39813899999908, 34.23159399991097], [-81.39808600029562, 34.23173099983409], [-81.39797999999043, 34.23221000020405], [-81.39792700028697, 34.23228699983102], [-81.39781400030907, 34.2324300003307], [-81.39772100042264, 34.23251799977482], [-81.39764199988161, 34.23259999966355], [-81.39758199960717, 34.23268200021513], [-81.39752300005594, 34.23278700031574], [-81.39750899981222, 34.23287500012947], [-81.39752300005594, 34.232956999670556], [-81.39762199979015, 34.23321600002427], [-81.39774700036192, 34.2334959997113], [-81.39786000033982, 34.23385400002371], [-81.39789299995178, 34.23403999973039], [-81.39789299995178, 34.23422199970852], [-81.39785899961662, 34.23437599966836], [-81.39771399985165, 34.23478300001001], [-81.39763400038402, 34.23497499992982], [-81.39746899962925, 34.23525000006575], [-81.39723699982567, 34.235507999679086], [-81.39713100041878, 34.23563499993534], [-81.39703099996134, 34.23572800010089], [-81.39696499983911, 34.23577799994775], [-81.3968590004322, 34.23581599981154], [-81.39675999979968, 34.23588699988239], [-81.39669399967745, 34.23597500016958], [-81.3966540003928, 34.236040999767596], [-81.39663400030129, 34.236150999725304], [-81.39662699973032, 34.236365999632746], [-81.39666000024057, 34.2366849998137], [-81.39667299976105, 34.23692699975931], [-81.39666000024057, 34.23706900019533], [-81.3966400001491, 34.237185000175025], [-81.39659400011834, 34.237321999913235], [-81.39653399984388, 34.237393999805455], [-81.39646799972165, 34.23745999977643], [-81.3963949999267, 34.237508999732626], [-81.39628899962149, 34.237536999800895], [-81.3962099999788, 34.23758100020765], [-81.39614300003161, 34.23763000009341], [-81.39613700018384, 34.23771800004405], [-81.39614300003161, 34.237854999657564], [-81.39617599964359, 34.23792699983661], [-81.3963020000403, 34.23806399985263], [-81.39641500001821, 34.238146999878595], [-81.3965070000797, 34.23825100025193], [-81.39654700026267, 34.23834500009319], [-81.39655999978316, 34.23849300015196], [-81.39657300020195, 34.23856499978544], [-81.39662599990538, 34.238691000295454], [-81.39665900041567, 34.23881199970005], [-81.396640999974, 34.2390360002317], [-81.39663900032419, 34.23907600002518], [-81.39659300029342, 34.23919200021005], [-81.39652700017119, 34.239301999763974], [-81.39636099959152, 34.23960399967712], [-81.39626199985732, 34.2397740001205], [-81.39619499991018, 34.23996700011598], [-81.39614200020672, 34.24009300001286], [-81.39611600026744, 34.2402029998747], [-81.39612899978793, 34.24039500005879], [-81.39616200029819, 34.240533000083076], [-81.39622800042044, 34.24068100000835], [-81.39624099994093, 34.24078000016441], [-81.39622800042044, 34.24088999987115], [-81.39618200038969, 34.24097800012717], [-81.39610899969644, 34.241088000317816], [-81.39602900022882, 34.24117100033273], [-81.39597599962705, 34.241308000267864], [-81.3959560004339, 34.24149500014464], [-81.3959229999236, 34.241637999857495], [-81.39585699980137, 34.24178100006999], [-81.39578400000643, 34.2419570001123], [-81.39569100012002, 34.24211100003312], [-81.39557200029432, 34.242259000154476], [-81.39539300019418, 34.2424289996917], [-81.3952409998582, 34.242567000094496], [-81.3949360002597, 34.2427429999786], [-81.39449299967059, 34.2429409997796], [-81.39434000040802, 34.24301699970705], [-81.39418800007205, 34.24310000004776], [-81.39389699981892, 34.243236999813746], [-81.3937110000461, 34.24333599993402], [-81.39364200044912, 34.24336600010499], [-81.39345999997592, 34.243446000013634], [-81.39324800026381, 34.24356700000946], [-81.39308900025516, 34.24369299971589], [-81.39289699973622, 34.24381400009918], [-81.39269800044289, 34.243924000296715], [-81.39249900025128, 34.24401200035123], [-81.39222100041694, 34.24412200029001], [-81.39195600010306, 34.24421000013746], [-81.39167200042093, 34.244291999777545], [-81.39133400031213, 34.24439599998499], [-81.39113500012049, 34.24443999977701], [-81.3908110002554, 34.24447899970841], [-81.39057299970571, 34.24438000018991], [-81.39036099999359, 34.24430800033194], [-81.38993099982328, 34.24418699991621], [-81.38927499969716, 34.24402200008155], [-81.38897699977134, 34.24393899990748], [-81.38876599988416, 34.24389499985356], [-81.3883819997446, 34.24382399985302], [-81.3874679998756, 34.243641999839724], [-81.38719699971395, 34.24358100015114], [-81.38685299975737, 34.24352599984624], [-81.38647500036393, 34.24344900010154], [-81.38612399983631, 34.243393999710385], [-81.38595899997988, 34.243332999842075], [-81.38576099961317, 34.24324499982028], [-81.38562199969599, 34.24316799981852], [-81.38548899962659, 34.243085999826015], [-81.38517200033252, 34.24282200019511], [-81.38507199987507, 34.24272800015471], [-81.38486099998788, 34.24263500029585], [-81.38467500021503, 34.24261799987939], [-81.38454899981834, 34.24259100030288], [-81.38444400023637, 34.24255200023924], [-81.38436399987043, 34.242485999804785], [-81.3841789999225, 34.24224999976312], [-81.38411299980025, 34.24220000004697], [-81.38401999991383, 34.242188999808356], [-81.38392700002741, 34.242221999777215], [-81.38370899956921, 34.24246900010079], [-81.38365599986575, 34.242485999804785], [-81.3835100002759, 34.242485999804785], [-81.38336499961264, 34.24245799989739], [-81.38316600031932, 34.24237599995582], [-81.3830600000141, 34.242303999868795], [-81.38289500015766, 34.242205000019915], [-81.38256399972155, 34.241995999709005], [-81.38237899977362, 34.24189200024925], [-81.38221999976496, 34.24180900020258], [-81.38203399999213, 34.24173199962987], [-81.38192199983915, 34.24167100004231], [-81.38169000003553, 34.241483999813894], [-81.38149800041494, 34.241401999666124], [-81.38138600026193, 34.24138499974322], [-81.38134600007896, 34.24134700016525], [-81.38132000013968, 34.24128600029874], [-81.38129300037549, 34.2411490003278], [-81.38124700034474, 34.241093999918995], [-81.38105499982582, 34.241049999863144], [-81.38082999969492, 34.2410660002912], [-81.38056500027936, 34.2410660002912], [-81.38045899997415, 34.241039000216865], [-81.3801090001698, 34.240911999943776], [-81.38002200013115, 34.240901000279514], [-81.37949300022663, 34.240901000279514], [-81.37922100024008, 34.24084599970867], [-81.3790689999041, 34.24079099984452], [-81.37904100031503, 34.240778000289936], [-81.37894400023063, 34.240735999944384], [-81.37883799992542, 34.24066399993983], [-81.378745000039, 34.24058199973592], [-81.3786660003963, 34.24050500026863], [-81.37859299970303, 34.24046599998114], [-81.37849399996882, 34.240443999791964], [-81.37839400040973, 34.24043300006651], [-81.37810999982928, 34.240422000339606], [-81.37799100000359, 34.2404109998687], [-81.37781199990346, 34.24037799993251], [-81.37767899983406, 34.24033900032883], [-81.37756699968106, 34.240301000278684], [-81.37744799985539, 34.24029499987828], [-81.37730200026552, 34.24032799984702], [-81.377202999633, 34.24033900032883], [-81.37713700040908, 34.24033900032883], [-81.37703100010387, 34.24032799984702], [-81.37693099964643, 34.24030600036442], [-81.37679900030027, 34.24025100014744], [-81.37669299999507, 34.2402230002392], [-81.37659400026087, 34.2402230002392], [-81.37650100037443, 34.240244999743496], [-81.37640799958972, 34.24027299964442], [-81.37631600042653, 34.240277999731816], [-81.3760839997246, 34.240272000072494], [-81.37593800013475, 34.24025600023615], [-81.37578599979878, 34.24022800032956], [-81.37563400036113, 34.2402339999921], [-81.37541500007801, 34.240289000220166], [-81.37521699971128, 34.24038199970042], [-81.37521699971128, 34.24063999992465], [-81.37518999994711, 34.24074999981434], [-81.37515700033515, 34.24082699980018], [-81.37508399964192, 34.24093200013982], [-81.37496999983908, 34.241056999772276], [-81.3748850003486, 34.241151999754955], [-81.37481900022635, 34.24111900010929], [-81.37470500042353, 34.2411070001674], [-81.3746259998825, 34.2412059998224], [-81.3744209998431, 34.241443000121315], [-81.37426900040543, 34.24166799989103], [-81.37405699979502, 34.24193200017092], [-81.37390500035738, 34.242041999857534], [-81.37358099959394, 34.242311999963995], [-81.37346799961604, 34.242410999687046], [-81.37337800010268, 34.24250399979339], [-81.37317700026124, 34.242713000328145], [-81.37307099995601, 34.242801000163595], [-81.3728659999166, 34.24290000005406], [-81.37278700027389, 34.242955000025454], [-81.37265000000653, 34.24306799996186], [-81.37260800017374, 34.24310399968632], [-81.37253500037882, 34.243153000070365], [-81.37240300013433, 34.24318099974661], [-81.37221800018641, 34.24323600027695], [-81.372161000285, 34.243260999831094], [-81.3721050002085, 34.243286000120364], [-81.37200700029919, 34.24334899983618], [-81.37190000016909, 34.24340100016722], [-81.37181399995535, 34.24341799968298], [-81.37154899964149, 34.24342899976092], [-81.37135700002086, 34.243407000346146], [-81.37100600039159, 34.24335199992755], [-81.37090699975907, 34.24331399975233], [-81.37074100007773, 34.24317599983166], [-81.37067499995548, 34.243159999804675], [-81.37041700021263, 34.243159999804675], [-81.37029099981592, 34.243193000135406], [-81.37008599977652, 34.243265000204616], [-81.36994699985934, 34.24336900019581], [-81.3698809997371, 34.24345200018935], [-81.36986800021663, 34.243533999825296], [-81.36991400024738, 34.24360600034536], [-81.37008599977652, 34.24372599983766], [-81.37011900028679, 34.24377600013254], [-81.37013900037829, 34.24382500012538], [-81.37013900037829, 34.24390799966932], [-81.3701000000202, 34.24397900034155], [-81.36993400033884, 34.24411699968833], [-81.36977500033021, 34.24419900016158], [-81.36951699968903, 34.24452399972108], [-81.36937199992407, 34.24465600031254], [-81.36929199955811, 34.24471000035985], [-81.36912000002899, 34.24482699972464], [-81.36897500026403, 34.244931000013544], [-81.36886200028613, 34.24498100033521], [-81.36863700015525, 34.2450410002364], [-81.36822000040371, 34.24504700029846], [-81.36797500018133, 34.24501899975782], [-81.3677900002334, 34.2450249998214], [-81.36772400011118, 34.24503599968933], [-81.36767100040773, 34.245058000163525], [-81.36761100013327, 34.24511900026686], [-81.36757799962298, 34.24520699981451], [-81.36757199977521, 34.245536999712265], [-81.36755199968373, 34.24563499984678], [-81.36740000024606, 34.24577799995193], [-81.36728100042038, 34.245827999770405], [-81.36716800044248, 34.245833999776316], [-81.36706899980996, 34.24578399996147], [-81.36693599974056, 34.2457949997302], [-81.36687700018932, 34.245823000012685], [-81.36677099988414, 34.245916000061925], [-81.36661199987547, 34.24608099989648], [-81.36651999981396, 34.24613100027749], [-81.36644000034633, 34.24613100027749], [-81.36631399994964, 34.24612500029275], [-81.36623500030692, 34.24613600001696], [-81.36614200042051, 34.246207999796276], [-81.36608299997097, 34.2462899997175], [-81.366042999788, 34.2463729998009], [-81.366042999788, 34.24654299993987], [-81.36609600038976, 34.24671399997347], [-81.36619599994887, 34.24687899972865], [-81.36628200016258, 34.247033000297364], [-81.3663609998053, 34.24719200026098], [-81.36640099998826, 34.24744999966087], [-81.36640799966098, 34.247621000079256], [-81.36638799956947, 34.2476919998469], [-81.36632200034556, 34.24777999967453], [-81.36597099981796, 34.2480829998369], [-81.36595099972648, 34.24813800013412], [-81.36590499969573, 34.24837999982688], [-81.36586600023597, 34.248457000258284], [-81.36579900028883, 34.24848999999727], [-81.36572700031881, 34.24851699990905], [-81.36560699976991, 34.24861599975916], [-81.36555499989134, 34.24867099970808], [-81.36546200000494, 34.24870400010566], [-81.36518400017059, 34.24870999990658], [-81.36501799959092, 34.24867099970808], [-81.36466699996166, 34.248671999922834], [-81.36456800022745, 34.24869400018906], [-81.3644889996864, 34.248721000035445], [-81.3643959998, 34.24876499979402], [-81.36426399955552, 34.248847999664136], [-81.3641909997606, 34.248875000203675], [-81.36412499963834, 34.248875000203675], [-81.36389899968253, 34.24883099976006], [-81.36379999994833, 34.24882099985855], [-81.3635089996952, 34.24884300008583], [-81.36334300001384, 34.24889200009886], [-81.3631649997386, 34.248963999748064], [-81.36295999969919, 34.24907399989759], [-81.36278700034515, 34.249133999851075], [-81.36254200012277, 34.24916700006714], [-81.3621449995644, 34.24919499997024], [-81.36164900017017, 34.24918999966999], [-81.36153000034449, 34.24916800027599], [-81.36143699955976, 34.24912900028975], [-81.36139700027509, 34.24904700016447], [-81.36136399976483, 34.24893199966411], [-81.36134399967332, 34.24873900017571], [-81.36131100006136, 34.2486460002758], [-81.36129799964257, 34.24862900033085], [-81.36121800017496, 34.24855799986859], [-81.36114500038, 34.248529999753536], [-81.36095299986108, 34.24850800018694], [-81.36086300034772, 34.24853999968961], [-81.36080100042344, 34.248563000206396], [-81.36058299996523, 34.24863500013712], [-81.36040999971289, 34.24867400035231], [-81.36026499994792, 34.24866799980631], [-81.36006599975629, 34.24862999980354], [-81.35984099962539, 34.24855799986859], [-81.35970900027922, 34.24855300027305], [-81.3595030004149, 34.24855300027305], [-81.3593770000182, 34.2485199998162], [-81.35927200043622, 34.248471000329126], [-81.35920499959076, 34.24838800008718], [-81.35911900027534, 34.24829499979931], [-81.35900700012235, 34.24822300032032], [-81.35874199980849, 34.2482009999309], [-81.35851699967759, 34.248196000314145], [-81.35841100027068, 34.248240000347224], [-81.35831099981326, 34.24830099962934], [-81.35814599995682, 34.24845499982366], [-81.3579610000089, 34.24864699974828], [-81.35778899958144, 34.24876799969234], [-81.35764299999158, 34.248851000302054], [-81.35748399998292, 34.24890000031049], [-81.35729200036229, 34.24893899966031], [-81.35721700001922, 34.248987000149015], [-81.35706100038361, 34.249037000288624], [-81.35678900039706, 34.24914399971537], [-81.35674800038916, 34.2491570002055], [-81.35655800041837, 34.249232000252306], [-81.35639799968648, 34.24929600017999], [-81.35631599967073, 34.24931899974765], [-81.35619600002012, 34.24936199972957], [-81.35603299981351, 34.24941100018297], [-81.35590899996494, 34.24944199987924], [-81.35578299956825, 34.24946299973882], [-81.35561000021421, 34.24946699981756], [-81.3554829999926, 34.24948000025779], [-81.35527700012827, 34.24953899971735], [-81.35516199960223, 34.249589000271534], [-81.35505500037043, 34.24964799965468], [-81.35490700023243, 34.249721000344394], [-81.35456599975056, 34.24986700004884], [-81.35420300042571, 34.24998200001399], [-81.3541249997096, 34.25000999964599], [-81.35402799962522, 34.25008199982373], [-81.35391899984528, 34.25012800000811], [-81.35371800000382, 34.25021399986575], [-81.35359300033035, 34.2502420001631], [-81.35354999977433, 34.250246000204804], [-81.35350799994153, 34.250254999741045], [-81.35326400044238, 34.2502469996583], [-81.3532230004345, 34.25025899978214], [-81.35318200042661, 34.250254999741045], [-81.3531389998706, 34.250255999936975], [-81.3530960002129, 34.250265000214696], [-81.35301300037221, 34.250265000214696], [-81.3529709996411, 34.25026999970858], [-81.3527580001041, 34.250280999633524], [-81.35228399955285, 34.25028199982915], [-81.3521549996814, 34.25028899971305], [-81.35202599981, 34.25030300022165], [-81.3519839999772, 34.250311999751844], [-81.35190399961125, 34.25033899982161], [-81.3517940000064, 34.25039500032374], [-81.35169299972405, 34.25046300014087], [-81.35144300037712, 34.25065499993932], [-81.35141499988971, 34.250680999708145], [-81.35135200014052, 34.25072899994575], [-81.35129600006402, 34.25078100017226], [-81.35120099962947, 34.25085299969032], [-81.35103499994811, 34.25096499997319], [-81.35099800013819, 34.25098399982073], [-81.35088199978723, 34.25103099969879], [-81.35076100031173, 34.251066000286045], [-81.35067699974783, 34.251085000110834], [-81.35054899970132, 34.251102999745434], [-81.35041999982987, 34.251102999745434], [-81.3503379998141, 34.25107999992288], [-81.35030400037724, 34.251057000093994], [-81.35027699971474, 34.25103000025462], [-81.35025499997344, 34.25099999984535], [-81.35021300014066, 34.25089900019576], [-81.35019300004915, 34.250829999799386], [-81.3501760003307, 34.25069100013117], [-81.35018700020137, 34.250584999893356], [-81.35023400005704, 34.25048700032524], [-81.35032100009568, 34.25036400023599], [-81.35035999955542, 34.25031699998544], [-81.35036999960116, 34.25030600006514], [-81.3503999997384, 34.2502789999848], [-81.35043400007358, 34.25021399986575], [-81.35041599963192, 34.25018299971138], [-81.35036299992846, 34.25012600035574], [-81.35029099995846, 34.25003800001115], [-81.35019100039933, 34.24988099988511], [-81.3501460001935, 34.24982099972174], [-81.35007199967534, 34.249655000333874], [-81.35003099966745, 34.249519000081364], [-81.35002900001764, 34.249448999833014], [-81.3499999997053, 34.24928600033375], [-81.34998600035992, 34.24920700024416], [-81.34998600035992, 34.24917200036876], [-81.34997299994113, 34.24906800012266], [-81.34993000028344, 34.248894999992714], [-81.34989099992536, 34.24879299983095], [-81.34979100036625, 34.24859700011945], [-81.34967199964225, 34.24840999968509], [-81.34951900037969, 34.24819900023276], [-81.34946800032607, 34.24810299981411], [-81.34942599959496, 34.247965000319965], [-81.34942099957208, 34.247929999928], [-81.34941999974717, 34.24785999984297], [-81.34942599959496, 34.247823999925096], [-81.3494430002117, 34.24779200015016], [-81.3494859998694, 34.24773099975653], [-81.34960100039545, 34.247625999730154], [-81.34966499996956, 34.24753400031364], [-81.34966300031972, 34.24746399989924], [-81.3496540000989, 34.247429000041485], [-81.3496270003347, 34.2474010002933], [-81.3495910003497, 34.24738199963672], [-81.34952500022747, 34.24733600017899], [-81.3494499998844, 34.247301000268], [-81.34927199960916, 34.247199999891585], [-81.34917100022514, 34.24713400013157], [-81.34907400014076, 34.24706400012704], [-81.34904599965336, 34.247037999983206], [-81.34893900042154, 34.246976999785616], [-81.3489009998884, 34.246960000246105], [-81.34883399994125, 34.24695000012228], [-81.34870599989472, 34.24695199985011], [-81.34866400006193, 34.24696399970129], [-81.34862999972674, 34.24698500017924], [-81.34859000044209, 34.246998000260376], [-81.34847699956586, 34.24704900033062], [-81.34843700028122, 34.247061999659294], [-81.3484010002962, 34.24708099964554], [-81.34828599977016, 34.24712800021834], [-81.34824599958719, 34.247140000044375], [-81.34817199996735, 34.24717300029978], [-81.34812900030964, 34.247179999699775], [-81.3480559996164, 34.247211000217874], [-81.34797600014876, 34.24723700030825], [-81.34789499995792, 34.24725699974394], [-81.34785599959984, 34.24727299973466], [-81.3477600002387, 34.247343000307936], [-81.34767499984987, 34.24742099969007], [-81.34765700030654, 34.2474520001194], [-81.34761200010071, 34.24751100025814], [-81.34759500038226, 34.24754300013992], [-81.34755000017641, 34.2476029996998], [-81.34753900030576, 34.247637000000715], [-81.34749400009993, 34.24769600000982], [-81.34748099968114, 34.24773000027316], [-81.34742799997767, 34.24778600028386], [-81.34736799970322, 34.24783699987663], [-81.34733199971822, 34.2478569999123], [-81.34729400008337, 34.24787200030722], [-81.34726300012123, 34.24789500026405], [-81.34722399976317, 34.247912000357275], [-81.34718199993037, 34.24791999991944], [-81.34714500012046, 34.24793599978412], [-81.34697799971589, 34.247972999877156], [-81.3469359998831, 34.24797599980369], [-81.3468940000503, 34.24797199965408], [-81.34684999966936, 34.247977000026715], [-81.34672300034606, 34.24796400009681], [-81.34663999960709, 34.24794800023751], [-81.34659799977429, 34.24794599979077], [-81.34655699976639, 34.2479340000796], [-81.34646999972777, 34.24793299985609], [-81.34642899971989, 34.247922000366785], [-81.34638699988709, 34.247922000366785], [-81.34630099967336, 34.247912000357275], [-81.3461769998248, 34.24788200032153], [-81.3460639998469, 34.24782999978871], [-81.34599400042502, 34.24778999969973], [-81.34595599989187, 34.24777300032444], [-81.34592300027991, 34.247750000334314], [-81.345810000302, 34.247697000236165], [-81.34569200030123, 34.247652999919204], [-81.34564999957011, 34.247641999650725], [-81.3456069999124, 34.24763999993924], [-81.34547700021606, 34.24764700004297], [-81.34539299965216, 34.247658999795], [-81.34535400019243, 34.24767400022522], [-81.34531200035963, 34.24767799964647], [-81.34523100016877, 34.24769499978346], [-81.34518900033598, 34.24769600000982], [-81.34515099980283, 34.247710999690916], [-81.34506600031234, 34.24771900001476], [-81.34502699995429, 34.24773300020837], [-81.34494099974056, 34.24773799985268], [-81.34489999973268, 34.24774399972243], [-81.34485600025005, 34.24774200001341], [-81.34477099986124, 34.247747999882876], [-81.34472700037863, 34.247744999948196], [-81.34459699978397, 34.24774699965713], [-81.34446899973746, 34.24773499991759], [-81.34438500007187, 34.24772300017639], [-81.34434099969093, 34.247720999724315], [-81.34425600020043, 34.24770700027122], [-81.34421299964443, 34.24770600004501], [-81.34404100011528, 34.24769000013665], [-81.34399699973433, 34.24769300007329], [-81.34395400007664, 34.24769000013665], [-81.34382299965706, 34.24769000013665], [-81.343606999747, 34.24769799971992], [-81.34351999970838, 34.24769499978346], [-81.34343400039296, 34.24768300003655], [-81.343318000042, 34.24763800022777], [-81.34328299988191, 34.24761599968548], [-81.34322299960745, 34.24756699967199], [-81.34315499983538, 34.24747599967736], [-81.34314200031491, 34.24744200005397], [-81.34313100044425, 34.247420000202965], [-81.34310899980463, 34.24737800020146], [-81.34310200013194, 34.247343000307936], [-81.34306799979674, 34.24727800014883], [-81.34306000029915, 34.24724399970287], [-81.34303900038275, 34.24721299993951], [-81.34301799956803, 34.24714599995681], [-81.34299900019977, 34.24711399992408], [-81.34298800032911, 34.2470800001544], [-81.34295099962088, 34.24701700026102], [-81.34293899992531, 34.246982999709616], [-81.34288500039698, 34.246888000367534], [-81.34282099992454, 34.24679499990721], [-81.34279499998527, 34.24676599971071], [-81.34273200023608, 34.24667400009664], [-81.34258400009809, 34.24649700002355], [-81.34248500036388, 34.246341000216844], [-81.34246100007444, 34.246311000363676], [-81.34242500008942, 34.246246999651085], [-81.34240099979998, 34.246216999764414], [-81.34236599963988, 34.24615299972286], [-81.34234200024873, 34.24612299980267], [-81.34232499963198, 34.24609100012356], [-81.3422829997992, 34.24602899973602], [-81.34225100001214, 34.24596299980022], [-81.3422269997227, 34.245932999812325], [-81.34219999995852, 34.2458669998013], [-81.3421770003923, 34.24583699977918], [-81.34216499979843, 34.245803999742435], [-81.34212899981341, 34.24574000012946], [-81.34211600029293, 34.24570700005475], [-81.34209500037653, 34.24567599972524], [-81.34206799971405, 34.245610000255226], [-81.34204699979765, 34.245578999889986], [-81.3420019995918, 34.24548000018017], [-81.34198999989623, 34.24544599975044], [-81.34198499987335, 34.24541900033847], [-81.3419799998505, 34.24539800021236], [-81.34196200030713, 34.24534300035214], [-81.34192899979686, 34.245203000275886], [-81.34190299985761, 34.24499099995039], [-81.34190000038288, 34.244920999648635], [-81.34187299972037, 34.244744999863165], [-81.34184699978111, 34.24467699988124], [-81.3418049999483, 34.2446160002002], [-81.34177999983396, 34.24458699999547], [-81.3417480000469, 34.2445639998772], [-81.34171000041208, 34.24454699985029], [-81.3416789995516, 34.244523000199635], [-81.34160999995464, 34.24447999997298], [-81.3415160002433, 34.24440899972337], [-81.34149600015184, 34.24437700013519], [-81.34146900038765, 34.24434900011424], [-81.34141699961079, 34.24425299975945], [-81.34140499991523, 34.244219000319234], [-81.34136999975513, 34.24415500024358], [-81.34135800005956, 34.244121000021174], [-81.34131799987658, 34.24405800014059], [-81.34130500035612, 34.24402500014893], [-81.34128400043973, 34.243993999942504], [-81.34124500008166, 34.24391800015465], [-81.34120499989868, 34.24385599965151], [-81.3411920003782, 34.243822000050876], [-81.34115200019525, 34.24376000021967], [-81.34113799995153, 34.24372599983766], [-81.34108000022522, 34.243630999789616], [-81.34103300036955, 34.24357199990119], [-81.34101499992789, 34.2435399999948], [-81.34098700033879, 34.24351299997143], [-81.34094100030804, 34.243447000290494], [-81.34082400013219, 34.24334899983618], [-81.34075100033725, 34.24331000012374], [-81.34071799982695, 34.24328799993524], [-81.34064400020713, 34.243249999731134], [-81.34057700025998, 34.24320600005965], [-81.3403460002813, 34.24310900034817], [-81.34026300044061, 34.24309000020786], [-81.34022300025764, 34.243075999984505], [-81.34014000041697, 34.243056000297855], [-81.340100000234, 34.243042000068804], [-81.34003300028685, 34.24303700014558], [-81.3399029996922, 34.24304099978713], [-81.33973299981288, 34.24306999978197], [-81.3395660003066, 34.24310699978642], [-81.33944400010789, 34.243140000138], [-81.33927800042652, 34.24317899992919], [-81.33919800006058, 34.243202999963074], [-81.3390299998311, 34.243239999909115], [-81.33877399973805, 34.24327999993275], [-81.33864499986662, 34.243291000028805], [-81.33860200020892, 34.24328999975008], [-81.33847499998731, 34.2432639999256], [-81.33830599993291, 34.243153000070365], [-81.33822100044242, 34.243072000344604], [-81.33819799997787, 34.243042000068804], [-81.33814199990137, 34.242987999694], [-81.33804099961904, 34.24292100006088], [-81.33789400020424, 34.242843999762776], [-81.33754900042277, 34.24269799975635], [-81.3374749999046, 34.24266100031468], [-81.33730000000241, 34.242555000359026], [-81.33665800012, 34.2421279998094], [-81.33642799996623, 34.24196399994607], [-81.33628800022416, 34.24188099997039], [-81.33613800043632, 34.241811000052614], [-81.33609900007826, 34.2417970003591], [-81.33565600038749, 34.24157700020181], [-81.33542399968557, 34.241483000256345], [-81.3352649996769, 34.241424999905824], [-81.33518400038437, 34.24140100010761], [-81.33509899999557, 34.24138600004457], [-81.3349269995681, 34.24137099997886], [-81.33464299988599, 34.241372999839236], [-81.33453499993094, 34.24137499969964], [-81.33414900014155, 34.241416000167966], [-81.33368100033641, 34.241478999798126], [-81.33320699978518, 34.241522999629794], [-81.33303799973078, 34.24155400000367], [-81.33285299978286, 34.24160499965969], [-81.33277199959201, 34.24163099999662], [-81.33263000020008, 34.241712999921354], [-81.33259900023796, 34.24173799992778], [-81.3325740001236, 34.241766999628865], [-81.33255800023007, 34.24179999976316], [-81.33254300016146, 34.24186999969014], [-81.33254099961331, 34.24194200014834], [-81.33252899991774, 34.24203399973661], [-81.33252800009285, 34.24204399970198], [-81.33252700026793, 34.242112999875914], [-81.33251200019932, 34.24218199999336], [-81.33248200006209, 34.242249000214656], [-81.33245399957468, 34.24227599990087], [-81.33243900040438, 34.242285999837414], [-81.33242099996272, 34.24229899990174], [-81.33238099977974, 34.24231300025433], [-81.33235300019065, 34.24231699993034], [-81.33229600028926, 34.24232600031448], [-81.33212899988467, 34.24235799993985], [-81.33208500040205, 34.242359000229634], [-81.33200300038628, 34.24237499966625], [-81.33191799999749, 34.24238400004419], [-81.33166799975221, 34.24242999998062], [-81.33158400008664, 34.24244199973393], [-81.33134800008507, 34.24251100032424], [-81.33123099990921, 34.24255099995175], [-81.33107799974835, 34.24261799987939], [-81.3309699997933, 34.242676999693906], [-81.33089399962533, 34.24271200004258], [-81.3307730001498, 34.242752999859675], [-81.33073499961667, 34.242770000248925], [-81.33059499987458, 34.24285499991574], [-81.33053200012539, 34.24290300016144], [-81.33050399963798, 34.24292999963787], [-81.33043900023898, 34.24297700030099], [-81.33032700008597, 34.24303099994028], [-81.3302430004204, 34.243048999812345], [-81.33011399965065, 34.243058999657066], [-81.3299839999543, 34.243050000093916], [-81.3298579995576, 34.243021999631466], [-81.3297789999149, 34.2429959997242], [-81.32961499988336, 34.242953000202654], [-81.32957200022565, 34.24294599970857], [-81.32944300035423, 34.242935000310055], [-81.32931299975957, 34.2429489998143], [-81.32927099992676, 34.242958999670904], [-81.32919399993388, 34.24299300036275], [-81.32912100013895, 34.24303099994028], [-81.32902400005456, 34.24310100032872], [-81.32893299981797, 34.243177000111714], [-81.328900000206, 34.243243000004355], [-81.32887300044183, 34.24331000012374], [-81.32886000002304, 34.24338000028016], [-81.32885900019814, 34.24348700021582], [-81.3288709998937, 34.24362899998287], [-81.32887500009166, 34.24373500007113], [-81.32888400031248, 34.24380600014674], [-81.32888799961214, 34.24423099981743], [-81.32887300044183, 34.244442000307025], [-81.3288630003961, 34.24472600009214], [-81.328864000221, 34.2448329998019], [-81.32887599991658, 34.245046000040624], [-81.32891199990156, 34.245399999977074], [-81.32893399964289, 34.245539999725644], [-81.3289560002825, 34.24564399987612], [-81.32896799997808, 34.24567800022588], [-81.32898899989446, 34.2457829997124], [-81.32903099972728, 34.24610000010414], [-81.32907400028328, 34.24652500007249], [-81.32913200000961, 34.24741499979725], [-81.32916399979665, 34.247697000236165], [-81.32916899981952, 34.247733999691704], [-81.32918200023832, 34.24780399988158], [-81.3292020003298, 34.2480170000268], [-81.32920499980453, 34.24808800020293], [-81.32919499975878, 34.24833700008574], [-81.32917499966732, 34.24854900015087], [-81.32914000040553, 34.24868799964449], [-81.32908799962865, 34.248861000200044], [-81.3290330002754, 34.24899500035155], [-81.32896200013029, 34.24912500019489], [-81.32890299968075, 34.24921899977377], [-81.32881399999229, 34.249340999844726], [-81.32874000037243, 34.249429000175645], [-81.3286320004174, 34.24954100012621], [-81.32859200023444, 34.249568999904945], [-81.32856399974703, 34.2495850001986], [-81.32850199982275, 34.2496360001862], [-81.32839999971549, 34.24970299967162], [-81.3281749995846, 34.24981399979885], [-81.32811400038355, 34.24973500020494], [-81.32804499988826, 34.249604000357735], [-81.32802099959882, 34.249534999642044], [-81.32796200004758, 34.24932599971165], [-81.3275550003418, 34.2482690000358], [-81.32749400024244, 34.24809800019153], [-81.327433999968, 34.24792500029515], [-81.32716700000428, 34.24702199994786], [-81.32710099988205, 34.24677700009367], [-81.32703599958474, 34.246569000236626], [-81.32682399987263, 34.24598600027878], [-81.3267529997275, 34.245817000005985], [-81.32662700022914, 34.24555000001706], [-81.32645700034982, 34.245474999659194], [-81.3263860002047, 34.245433000172156], [-81.32628900012033, 34.24536099972979], [-81.326231000394, 34.24530700010018], [-81.32596000023234, 34.245026000079484], [-81.32569999994135, 34.244784999914245], [-81.32545899991692, 34.24457799985304], [-81.324873000111, 34.24414900011797], [-81.32481399966147, 34.24409599997992], [-81.3247380003918, 34.24400900028339], [-81.3241969998934, 34.24388000023495], [-81.32381399957875, 34.243804000344106], [-81.32372800026334, 34.24379099976968], [-81.32342399959141, 34.24376200002329], [-81.32316599984856, 34.243724000033176], [-81.32295400013645, 34.243678000061294], [-81.3229070002808, 34.243665999741594], [-81.32262000022561, 34.24359500029055], [-81.32220799959866, 34.24347300005845], [-81.32195900007662, 34.243406000068816], [-81.32174700036451, 34.243361999736265], [-81.32166100015078, 34.243350999649564], [-81.32157300028723, 34.243345999744704], [-81.32139800038506, 34.24334899983618], [-81.32113700026915, 34.24337299982158], [-81.3209649998417, 34.24339800007759], [-81.32099800035196, 34.24353899971905], [-81.32104600003257, 34.243676000255675], [-81.3210719999718, 34.24373099971995], [-81.32116099966028, 34.2438369996798], [-81.32125100007197, 34.243943999777116], [-81.32162799964051, 34.244392999930774], [-81.32200500010737, 34.24484199991701], [-81.32296699965693, 34.24598699978286], [-81.3244439997656, 34.24928600033375], [-81.32506599955654, 34.25015100009091], [-81.32550400012278, 34.250680999708145], [-81.32581100026944, 34.25120500007734], [-81.32599299984432, 34.251518000112895], [-81.32684300013919, 34.252814000361305], [-81.32690699971329, 34.253215999854135], [-81.3268930003679, 34.25352899983415], [-81.32690199969042, 34.253935999641946], [-81.32693900039867, 34.254325000024444], [-81.32702200023932, 34.25471400009337], [-81.32713699986707, 34.25508199991174], [-81.32752000018172, 34.25590000012627], [-81.32820300007201, 34.25680300024119], [-81.32838100034725, 34.257021999832425], [-81.32902400005456, 34.257815000068156], [-81.33014399978786, 34.259084000358534], [-81.33035399985016, 34.25924999970555], [-81.33065500014904, 34.25948899984946], [-81.33095499972471, 34.25972800005679], [-81.3315609996221, 34.26020900015211], [-81.33216700041783, 34.260691999868], [-81.33217599974034, 34.26069900037076], [-81.33218900015913, 34.26070700020216], [-81.33274400000292, 34.26103700019443], [-81.33329800002178, 34.2613660003131], [-81.33496299955311, 34.2623549997342], [-81.33765599965457, 34.26378899984172], [-81.33804900001495, 34.26398899992997], [-81.34055200014562, 34.265256999861876], [-81.3418040001234, 34.266310999912406], [-81.3422970000429, 34.266928000023334], [-81.34286799978022, 34.26854600006233], [-81.34377900017444, 34.27109300020222], [-81.34443199992752, 34.272897000214016], [-81.3445430002556, 34.273203000249424], [-81.34473300022641, 34.27385700011386], [-81.34478400028001, 34.27402900021853], [-81.34483399961044, 34.27420099997127], [-81.34533499992585, 34.27591700010942], [-81.34527800002445, 34.277759999885006], [-81.34533999994872, 34.279165999755485], [-81.34503100015225, 34.28074900023959], [-81.34440599998827, 34.282411999826586], [-81.34428499961443, 34.282735999659266], [-81.3431559996603, 34.28468799966528], [-81.34202400023143, 34.286310999661964], [-81.34097999976778, 34.28792600001872], [-81.33967400026164, 34.289981000239194], [-81.33946800039733, 34.291026999908965], [-81.33960999978922, 34.292197000303524], [-81.34033899971028, 34.29373699997002], [-81.34115399984506, 34.295406999900976], [-81.34215599957759, 34.29692600021893], [-81.34287299980308, 34.297598999987216], [-81.3434939997691, 34.298183000246425], [-81.34500299966483, 34.29915200025312], [-81.34541299974367, 34.299367999797006], [-81.34580399955591, 34.2995750000755], [-81.3467469997372, 34.3000740003132], [-81.34927099978427, 34.30095900012961], [-81.35153899973827, 34.30151799999122], [-81.35276399995188, 34.30214199994643], [-81.35296499979333, 34.302243999961995], [-81.3539909998153, 34.30288400025928], [-81.35491800010307, 34.303942999741835], [-81.35570700029858, 34.30545200019377], [-81.3562150002867, 34.3063679999643], [-81.35690800022275, 34.30726299987087], [-81.35718400040726, 34.307645000325536], [-81.35777100003808, 34.308457999909784], [-81.35844999973044, 34.309642999919404], [-81.35897799981002, 34.31051900004601], [-81.35944599961518, 34.311499999729556], [-81.36002300009858, 34.312836000254904], [-81.36052699988875, 34.31398699988815], [-81.36081700031696, 34.31469199975604], [-81.36097299995257, 34.31507200020752], [-81.3612779995511, 34.315937999995185], [-81.361502999682, 34.316883000136], [-81.36156499960627, 34.31722899997412], [-81.36167000008658, 34.3178120001054], [-81.36173600020882, 34.31795499988315], [-81.36221200040988, 34.31897900021117], [-81.36278899999498, 34.31993999976101], [-81.36280599971342, 34.319968999944706], [-81.36319599970075, 34.320571000035564], [-81.36329000031039, 34.320716999863016], [-81.36341099978588, 34.320902999630974], [-81.36360999997753, 34.321128999815485], [-81.36372600032847, 34.32126000024451], [-81.36388500033713, 34.32143999974735], [-81.36428799984495, 34.321897000010956], [-81.36436999986073, 34.321974999968035], [-81.3645449997629, 34.322141999832155], [-81.36517699959958, 34.322744999991464], [-81.36586899971071, 34.32373599987856], [-81.36620400034478, 34.324529999884696], [-81.36642199990466, 34.32558700000711], [-81.3664520000419, 34.325733000010615], [-81.36647100030848, 34.32582199979665], [-81.36638099989679, 34.326949000282745], [-81.36621199984238, 34.328107000089474], [-81.36593700038108, 34.32925600025485], [-81.36583600009877, 34.3304239999597], [-81.36596900016814, 34.33108600003905], [-81.36661100005055, 34.33214899969522], [-81.36744700010173, 34.33324699972583], [-81.36820600016001, 34.334254999894156], [-81.36885300006531, 34.33509300032139], [-81.36937000027424, 34.33603400021257], [-81.36989900017876, 34.336975999837875], [-81.36993500016378, 34.337039999718385], [-81.37041999968736, 34.337666000240034], [-81.37081800007061, 34.338701999728116], [-81.37133500027957, 34.339691999672404], [-81.37133799975429, 34.3397100003589], [-81.37153000027324, 34.34069299975877], [-81.37152000022748, 34.34075400018772], [-81.37136299986865, 34.34173899965815], [-81.37135899967069, 34.34216600011174], [-81.37135500037104, 34.34265199998703], [-81.37135399964781, 34.34271400031183], [-81.37096700003353, 34.34411100033485], [-81.37065700041214, 34.34501799971364], [-81.3703879999003, 34.34581299984082], [-81.37039799994604, 34.346292000041984], [-81.3704089998167, 34.346763999725084], [-81.37058799991685, 34.34749500034465], [-81.37063700032064, 34.34769000030871], [-81.37085700042867, 34.34878400030461], [-81.37107900018653, 34.34938100028765], [-81.37145900012811, 34.35040300026689], [-81.37209699981257, 34.351659999739056], [-81.37288199981012, 34.352774000127965], [-81.37294100025967, 34.352853999732616], [-81.37319099960662, 34.353141999902064], [-81.37327799964524, 34.353242000069415], [-81.37337599955455, 34.35335000002715], [-81.37356999972329, 34.353579000177554], [-81.37379400002929, 34.35382999988614], [-81.37408600010733, 34.354156000179124], [-81.37446600004893, 34.3545799998644], [-81.37468199995898, 34.355294999632136], [-81.37469500037778, 34.35533999964172], [-81.37473700021059, 34.35547699963741], [-81.37475099955597, 34.3555229999755], [-81.37476399997476, 34.35556799986266], [-81.37480599980755, 34.35570399980326], [-81.37482000005127, 34.35575000001677], [-81.37496399999131, 34.35603599977829], [-81.37510899975626, 34.35632099963042], [-81.37557800028463, 34.357235000279225], [-81.37671899993431, 34.359747999795246], [-81.37816099988291, 34.3620890000041], [-81.3798279999624, 34.36376400014035], [-81.37988900006177, 34.36381999994412], [-81.38072500011293, 34.364584000255334], [-81.38156100016411, 34.365348999841515], [-81.38170000008127, 34.365476999988715], [-81.38269299959298, 34.36718299988186], [-81.38304300029566, 34.3677849999793], [-81.3830950001742, 34.36800299990353], [-81.38314100020496, 34.36819200018831], [-81.38318600041079, 34.3683810000467], [-81.38365000001798, 34.37031299976479], [-81.38377200021671, 34.3722569999083], [-81.38467400039013, 34.37514099984898], [-81.38612700020936, 34.37800499964755], [-81.38727100023212, 34.38025599992999], [-81.38802600009244, 34.38111499976328], [-81.38971400008832, 34.38303400030024], [-81.39056799968284, 34.38371200008296], [-81.39149300032079, 34.38444500032651], [-81.39241800006042, 34.38517700001152], [-81.39484500002308, 34.387098000217456], [-81.39498800013823, 34.3873300001956], [-81.39652999964592, 34.389809000061675], [-81.39732200021449, 34.392592999898035], [-81.39734800015374, 34.39359299974039], [-81.39736499987218, 34.39414899991073], [-81.39738400013876, 34.394431999901514], [-81.39762099996523, 34.3979210000326], [-81.39794800020337, 34.40093299963376], [-81.39803299969387, 34.40109499994474], [-81.39832999979478, 34.40165500017764], [-81.39862699989571, 34.402213999758835], [-81.39903100012675, 34.402974000226465], [-81.3994350003578, 34.403733999720146], [-81.3995419995896, 34.40393599965704], [-81.39965100026787, 34.404137000001704], [-81.39977900031437, 34.404378000254084], [-81.40206399998682, 34.40759699991191], [-81.40228099972181, 34.407903000239045], [-81.40249900018001, 34.40820900018795], [-81.40290599988579, 34.408780999943815], [-81.40331199976667, 34.40935300023521], [-81.40506000003698, 34.41181300017403], [-81.40538300007717, 34.412544999879195], [-81.40624000004475, 34.414488000166564], [-81.40612100021907, 34.41904400016499], [-81.40659099967404, 34.421692999906455], [-81.40661400013856, 34.42173100013726], [-81.40749200002253, 34.42321799968288], [-81.40836999990651, 34.42470500019817], [-81.40900699976604, 34.42578400006373], [-81.4096439996256, 34.42686300008133], [-81.40995599979513, 34.42739100021062], [-81.40994800029753, 34.42804099971362], [-81.40993900007669, 34.42871600000345], [-81.40992999985586, 34.4293910000292], [-81.4099259996579, 34.42968899986923], [-81.40999099995521, 34.43002299974005], [-81.41034499995754, 34.43180799967622], [-81.41121100014597, 34.43325200014894], [-81.41133499999452, 34.43322700011029], [-81.41155000007967, 34.43319099965618], [-81.41163700011832, 34.433181999725484], [-81.4117690003628, 34.433177000010524], [-81.41189999988403, 34.4331810002271], [-81.41207200031148, 34.43320900025567], [-81.41215400032725, 34.43323300006096], [-81.41231099978776, 34.43329200004704], [-81.41247200034458, 34.43335299972514], [-81.41268099968363, 34.43341200036737], [-81.41285200028618, 34.43344099981389], [-81.41316100008265, 34.4334550001562], [-81.41351300043517, 34.433465999788474], [-81.41377600020088, 34.43346500029348], [-81.41399600030891, 34.4334580001234], [-81.41447900018268, 34.433423000005305], [-81.41500100041449, 34.43336599984509], [-81.41539200022675, 34.4333150003317], [-81.41664800040247, 34.43314100027588], [-81.41708400042059, 34.433092999864584], [-81.41761099977695, 34.433057000093704], [-81.41773999964839, 34.43303999970256], [-81.41799800028957, 34.43299000023186], [-81.41828799981948, 34.43290799964223], [-81.41852700019408, 34.43281600024027], [-81.41878300028712, 34.43267700033165], [-81.41902000011359, 34.43251700018792], [-81.41917800029732, 34.43239200030245], [-81.41929499957489, 34.432285000287536], [-81.41937499994083, 34.43219999973483], [-81.41948999956854, 34.432067999829684], [-81.41952700027679, 34.432023000302735], [-81.41978099982168, 34.43169100004717], [-81.41990700021837, 34.43150299964793], [-81.42000599995258, 34.43134500000216], [-81.42007299989973, 34.43121300022852], [-81.42014900006772, 34.43104599987382], [-81.4201759998319, 34.430978000356966], [-81.42030399987841, 34.430599999833206], [-81.42034099968834, 34.430459999671974], [-81.4203669996276, 34.43031899974351], [-81.42037199965046, 34.43021300031337], [-81.42036800035082, 34.4300709996917], [-81.42029600038082, 34.42932400019235], [-81.42029899985553, 34.429215999667775], [-81.42031200027432, 34.429074999863694], [-81.42031899994704, 34.42904000013298], [-81.42035499993203, 34.42893699995125], [-81.42040299961262, 34.428836999775676], [-81.4204579998642, 34.428740000358], [-81.42053099965915, 34.42865100021272], [-81.42055900014653, 34.428624999985914], [-81.42069499969065, 34.428533000315234], [-81.42087999963859, 34.428438999951226], [-81.42107299998243, 34.4283529996359], [-81.42142500033493, 34.428210000001336], [-81.42229800019604, 34.42788899978559], [-81.4226539998482, 34.42775300000567], [-81.42312099982843, 34.42755599984496], [-81.42319199997353, 34.427514999858474], [-81.42325700027085, 34.427470000103156], [-81.42338299976923, 34.42743700031655], [-81.42377600012964, 34.42728100027348], [-81.42420399975181, 34.42710200017411], [-81.42443899992844, 34.42700700011053], [-81.42471599993789, 34.42690300007316], [-81.42532299966021, 34.42670200034671], [-81.42581499975478, 34.42655299968093], [-81.42635600025318, 34.42640999993102], [-81.42668799961588, 34.42631900036695], [-81.42693399966319, 34.426243999935245], [-81.42732799984849, 34.426089999796226], [-81.42752100019233, 34.426005999937615], [-81.42801599976166, 34.425778999906235], [-81.42812799991465, 34.425721999719975], [-81.42831700006055, 34.42561699997705], [-81.42840099972611, 34.425577999700195], [-81.42848500029002, 34.425539000146145], [-81.42878099966771, 34.42538700011461], [-81.42901400019453, 34.425287999730934], [-81.42917499985302, 34.425230999950834], [-81.42970700013058, 34.42506800010526], [-81.43078900022904, 34.42477500031104], [-81.43124399961539, 34.42464499973715], [-81.43148999966269, 34.424568999684155], [-81.43172599966425, 34.424473999706066], [-81.4318350003425, 34.424415000164515], [-81.43197199971154, 34.42432599986048], [-81.43245100028565, 34.42390799971269], [-81.4327009996326, 34.4237090001596], [-81.43287399988496, 34.42360000017748], [-81.43310499986363, 34.4234739999396], [-81.43319199990228, 34.423483999788935], [-81.4332360002832, 34.423483000174585], [-81.43332300032183, 34.42347300032507], [-81.43340600016252, 34.42345000029615], [-81.43348399998033, 34.423418999635025], [-81.43355699977525, 34.42337900019916], [-81.4336589998825, 34.42331300034723], [-81.43375599996689, 34.42324099977563], [-81.43381399969321, 34.42318699967675], [-81.43385999972396, 34.423125999989644], [-81.43389400005914, 34.42306100029836], [-81.43393800044007, 34.422960000142055], [-81.43405600044086, 34.422579999678646], [-81.43414099993136, 34.4223769999363], [-81.43421799992424, 34.42224900007894], [-81.43434900034383, 34.422064000309376], [-81.43447599966711, 34.421919000283964], [-81.43459200001807, 34.42181200020105], [-81.43471699969152, 34.421711999653475], [-81.43481600032405, 34.421641999940086], [-81.43485200030906, 34.42162199979948], [-81.4351290003185, 34.42151599971541], [-81.43520399976326, 34.42147800012793], [-81.43527300025853, 34.42143500010588], [-81.43531300044151, 34.42140299979937], [-81.43540100030506, 34.42139699974056], [-81.43561999968986, 34.42140000014054], [-81.43666699962823, 34.421459999966295], [-81.43708799957771, 34.421494000268346], [-81.43752000029615, 34.421552999648185], [-81.43842300029449, 34.42169200027064], [-81.4391999998961, 34.421792000101114], [-81.43937399997338, 34.421808000181436], [-81.4395930002565, 34.42182200024924], [-81.43994300006086, 34.42183699994875], [-81.44020500000168, 34.42183200029623], [-81.44037900007898, 34.42181800023008], [-81.4404660001176, 34.421806999806], [-81.44072100038574, 34.4217550002741], [-81.44088600024217, 34.42170800037015], [-81.44112700026658, 34.42162300017712], [-81.44148100026891, 34.42148200016329], [-81.44194200040138, 34.42127699995556], [-81.44205500037928, 34.42122300007024], [-81.44234499990917, 34.421063000232685], [-81.44249700024514, 34.420992999975894], [-81.44262000026879, 34.42095500015073], [-81.44270599958419, 34.420944000354076], [-81.44279299962285, 34.42094099993775], [-81.4429230002175, 34.42095300012044], [-81.4429650000503, 34.42096500030141], [-81.44308100040125, 34.42101399991086], [-81.44315400019617, 34.42105399973713], [-81.44325200010546, 34.42112599996906], [-81.44330599963382, 34.421181000299995], [-81.44335000001476, 34.421281999641266], [-81.44339699987042, 34.4213480003555], [-81.44342899965747, 34.4214140002766], [-81.44345299994691, 34.42148299980163], [-81.44367499970478, 34.42234299999328], [-81.44376699976628, 34.422801000287016], [-81.44382299984278, 34.42322699994542], [-81.44386399985065, 34.42361799987846], [-81.44389900001076, 34.423901999833646], [-81.44396000011012, 34.42429300031478], [-81.44398400039957, 34.42439800023861], [-81.44403799992794, 34.42453400028981], [-81.44412400014167, 34.42469800003544], [-81.44420799980723, 34.42482300031229], [-81.44432599980802, 34.42497299995321], [-81.44437699986165, 34.42503100024608], [-81.44458199990106, 34.42521699971292], [-81.44506099957685, 34.42558400019996], [-81.4455130003868, 34.42592099966839], [-81.44588900013042, 34.42622099992768], [-81.44619200007914, 34.42647899977871], [-81.4464299997305, 34.42668800035514], [-81.44701600043473, 34.42721799998828], [-81.44738499960737, 34.42756999969115], [-81.44802999986284, 34.42819800011929], [-81.44831799974293, 34.428465000235875], [-81.4486540002019, 34.42874599988981], [-81.44918999977911, 34.42916999979986], [-81.44942300030593, 34.42933200025311], [-81.44953000043606, 34.42939400014228], [-81.44972200005665, 34.429478999843845], [-81.44984599990522, 34.429514999674005], [-81.44992999957081, 34.429533000324184], [-81.45006000016546, 34.429549999946744], [-81.45014700020411, 34.429554999878675], [-81.45032100028138, 34.42955100022957], [-81.45045099997772, 34.429533000324184], [-81.45057499982629, 34.429499000327716], [-81.450737000208, 34.42944400028229], [-81.45085500020875, 34.429397999798944], [-81.45108000033966, 34.429288000279996], [-81.45122000008173, 34.429202000097256], [-81.45134700030336, 34.42910400007401], [-81.45166199994763, 34.428806999921974], [-81.45178199959823, 34.42870299990115], [-81.45200300042947, 34.42853000017124], [-81.45220199972279, 34.42839000024763], [-81.4523780003482, 34.42828500015103], [-81.452456000166, 34.4282430002237], [-81.45328499964616, 34.42784499979386], [-81.45362899960276, 34.42769000007626], [-81.45397799958222, 34.427543999869044], [-81.45461799981481, 34.42731299981206], [-81.45469599963262, 34.42728100027348], [-81.4548079997856, 34.42722499994], [-81.45513300037392, 34.427043000264284], [-81.45538100007104, 34.42689699966808], [-81.45586800014276, 34.426594999716464], [-81.45620899972631, 34.426372000344934], [-81.45652000007092, 34.42617499989361], [-81.45662899985086, 34.426116000070515], [-81.4568210003698, 34.42602900000428], [-81.45693799964735, 34.42598200028003], [-81.4572570003879, 34.42586499990577], [-81.45741300002352, 34.42580000012108], [-81.45755600013865, 34.425717999887425], [-81.45797100024035, 34.42540100032405], [-81.4580380001875, 34.42535600017174], [-81.45814500031761, 34.42529299991779], [-81.45847900022846, 34.4251239996607], [-81.45878600037511, 34.42498500029815], [-81.4589040003759, 34.42493799998694], [-81.4595460002583, 34.42471400030063], [-81.4597499995745, 34.42465100030388], [-81.46012399966833, 34.42455100018798], [-81.46054600034101, 34.42445400024291], [-81.46080200043404, 34.42440900032185], [-81.46093100030548, 34.42439199965373], [-81.4612350000791, 34.42436399963552], [-81.4620660001074, 34.42432799981003], [-81.46254599960811, 34.42429300031478], [-81.46276400006631, 34.42427300006732], [-81.46319300041172, 34.42420700018012], [-81.463832999746, 34.4240889999375], [-81.46438000009218, 34.423979999709864], [-81.4648820002325, 34.423856000005514], [-81.46508899992173, 34.42380000034168], [-81.46551200041935, 34.42370999977125], [-81.46584399978205, 34.42361999984494], [-81.46626800010459, 34.42353300014518], [-81.46647800016687, 34.42348500014435], [-81.46664800004618, 34.42345099991095], [-81.46677799974253, 34.42343300017403], [-81.4668959997433, 34.42342399993366], [-81.46706899999566, 34.423410000134155], [-81.46716899955479, 34.42340200024762], [-81.46751900025747, 34.42338599973132], [-81.46786900006182, 34.42337700022691], [-81.46833299966902, 34.42337999981481], [-81.46876899968711, 34.423418000019886], [-81.4692470004363, 34.42346999999948], [-81.4696349998755, 34.42352300030165], [-81.46989000014364, 34.42357300024837], [-81.47038399988804, 34.42371800036928], [-81.47083900017272, 34.42384600020062], [-81.47149500029883, 34.424047000124965], [-81.4719010001797, 34.42417999970597], [-81.47226100002982, 34.424310000261976], [-81.473133000066, 34.424644000136624], [-81.47404699993498, 34.42501399970445], [-81.47438900024174, 34.42515200016539], [-81.4748229997117, 34.42532300029161], [-81.47506399973612, 34.42540700009557], [-81.47559199981572, 34.42557700011083], [-81.47583000036542, 34.42566599982406], [-81.47645899982903, 34.4259189997569], [-81.47665800002068, 34.425991999829435], [-81.47686300006006, 34.42605599988126], [-81.47715599996305, 34.426126999927696], [-81.47745300006396, 34.42618899997108], [-81.47754000010261, 34.42620100014151], [-81.47771400017987, 34.42621700011905], [-81.4778010002185, 34.42621900002336], [-81.47788800025714, 34.42620699985556], [-81.47805099956544, 34.42615599967885], [-81.47817000028944, 34.42611099993293], [-81.47842399983433, 34.42599899988381], [-81.47859600026179, 34.425888000011305], [-81.47880600032408, 34.425705999647704], [-81.47897500037848, 34.42559399979697], [-81.47916500034927, 34.425445999711194], [-81.4792869996497, 34.425343000287896], [-81.4794270002901, 34.42520700007081], [-81.47961399988785, 34.42500999983806], [-81.47995799984444, 34.42459799997576], [-81.4800609997766, 34.424484000176804], [-81.48008300041623, 34.424452999899145], [-81.48016200005894, 34.42436800027385], [-81.48049199977183, 34.42403799995064], [-81.48104300031595, 34.423531999790384], [-81.48121400002019, 34.42336999995299], [-81.48126800044686, 34.42331399996361], [-81.48138300007459, 34.423207000183965], [-81.48162599974883, 34.422954999815666], [-81.48175399979534, 34.42281100021691], [-81.48194499959105, 34.42257100008747], [-81.48200999988838, 34.42247800005587], [-81.48225500011077, 34.42210000036871], [-81.48236800008868, 34.42190700023991], [-81.48243300038601, 34.421774000007076], [-81.48249199993722, 34.42163999992623], [-81.48255899988438, 34.42147000005657], [-81.48262199963357, 34.42133699986959], [-81.48271600024322, 34.42117599986719], [-81.48283199969585, 34.42102499969829], [-81.48296300011542, 34.4208820001261], [-81.48305199980388, 34.42080299993626], [-81.48314700023843, 34.420729999778935], [-81.48324699979756, 34.420659999984395], [-81.4833919995625, 34.42057999993573], [-81.48358699955617, 34.4204990001605], [-81.48402500012241, 34.420352999992325], [-81.48418900015395, 34.42030300034302], [-81.48431399982742, 34.420269999950506], [-81.48444199987392, 34.42024600012845], [-81.4846150001263, 34.4202259996539], [-81.48474599964754, 34.42022099990505], [-81.48509600035023, 34.420233999844285], [-81.4853559997429, 34.42026199976357], [-81.48552800017036, 34.42028900002094], [-81.48569899987459, 34.42032100001275], [-81.48582600009618, 34.4203489999029], [-81.48602899958748, 34.42041600026366], [-81.48657500010873, 34.42064199964667], [-81.48669499975932, 34.420685000076546], [-81.48685999961576, 34.42073300020285], [-81.48703200004323, 34.420756000238214], [-81.48725100032632, 34.420758999920146], [-81.48746899988622, 34.42073900030936], [-81.48772199960621, 34.42068300003985], [-81.48796900037674, 34.420609999777696], [-81.48829200041693, 34.42050100020165], [-81.48858100012193, 34.42041699991468], [-81.48870800034354, 34.4203879996549], [-81.48879399965895, 34.42037400008803], [-81.48896799973622, 34.42036399986666], [-81.48909900015578, 34.420372999695445], [-81.48940200010448, 34.420412999828365], [-81.48978500041912, 34.420484999871164], [-81.49020299999556, 34.42059000013126], [-81.49069599991506, 34.42073900030936], [-81.49085599974863, 34.420796000187906], [-81.49096899972653, 34.420850000348985], [-81.49103800022182, 34.42089400031727], [-81.49106900018396, 34.42091999998445], [-81.49111600003964, 34.420980000154664], [-81.49124699956089, 34.421206000236346], [-81.49140599956955, 34.42153799989772], [-81.4914580003464, 34.42163599989838], [-81.49155299988264, 34.42179699975603], [-81.49168699977695, 34.42198099974304], [-81.49183400009002, 34.42215799969066], [-81.49193899967202, 34.42227199969724], [-81.49205199964993, 34.422382000297205], [-81.49219999978791, 34.42251199994399], [-81.49232700000954, 34.42261099990985], [-81.49240099962938, 34.42265899967149], [-81.49242999994169, 34.42267700031601], [-81.49250299973663, 34.42271700008773], [-81.49261900008759, 34.422766000152464], [-81.4927399995631, 34.42280900023101], [-81.4927820002942, 34.422819000159954], [-81.49290799979258, 34.42283300005842], [-81.49308299969475, 34.42282399975346], [-81.4932119995662, 34.42280700024507], [-81.49333200011512, 34.4227640001655], [-81.49343800042031, 34.422699999816565], [-81.49353399978148, 34.42262699983349], [-81.49367799972151, 34.4224929996377], [-81.49380800031618, 34.4223500003532], [-81.49383699973018, 34.422309000036485], [-81.49385699982166, 34.4222779996933], [-81.49398999989104, 34.42193700034678], [-81.4940219996781, 34.42183400030548], [-81.49406799970885, 34.42162300017712], [-81.49410899971673, 34.421338999890686], [-81.4941410004021, 34.42116199969121], [-81.4941699998161, 34.421057999792836], [-81.49421500002195, 34.42092600007749], [-81.49428600016705, 34.420537999842544], [-81.49431799995412, 34.42028900002094], [-81.49432899982476, 34.4200030003376], [-81.49432399980189, 34.4197530000049], [-81.49430000041075, 34.41950400006873], [-81.49427299974826, 34.419326999690036], [-81.49423799958817, 34.418899000089624], [-81.49422800044074, 34.41857799969274], [-81.49419900012842, 34.418221000054864], [-81.49417999986186, 34.418115999784185], [-81.49413200018128, 34.417904999907144], [-81.49406600005904, 34.41769799971418], [-81.49392299994389, 34.4173240001426], [-81.49381900018683, 34.417013999943215], [-81.49381300033906, 34.416977999917286], [-81.49381400016395, 34.41690700025307], [-81.49383300043053, 34.416837000222394], [-81.4938800002862, 34.41669900011735], [-81.49394600040843, 34.41660600022417], [-81.49404599996755, 34.41648999976625], [-81.4941339998311, 34.41641000017444], [-81.49420300032638, 34.4163660000699], [-81.49431200010633, 34.4163069999944], [-81.49446799974193, 34.41624299989061], [-81.49463099994855, 34.416190000161265], [-81.49487799982076, 34.41611699968202], [-81.49489799991224, 34.41611099998497], [-81.49500300039253, 34.416083999860724], [-81.49529799994534, 34.41602100003088], [-81.49542699981676, 34.41600100002796], [-81.49560099989402, 34.415981000020246], [-81.49586100018502, 34.41596300015738], [-81.49612300012585, 34.41595699970822], [-81.49629700020313, 34.41594800014524], [-81.49642699989947, 34.41593699968999], [-81.49660000015183, 34.4159159999621], [-81.49685399969673, 34.41586200031999], [-81.4971829995847, 34.41576299977401], [-81.4979919998717, 34.41549200026996], [-81.49842899971469, 34.415351000292794], [-81.49852199960111, 34.41532199975819], [-81.49906800012238, 34.41519799981213], [-81.49940299985813, 34.4151160002966], [-81.49960500042282, 34.41506099968179], [-81.49981899978474, 34.4150020001678], [-81.50027099969635, 34.41486800035081], [-81.50035199988722, 34.414840999825245], [-81.50071199973732, 34.414740000114946], [-81.50072400033122, 34.41473700021708], [-81.50098200007407, 34.41470000023264], [-81.50111400031855, 34.414697000333355], [-81.50120100035717, 34.414700999952046], [-81.5012859998477, 34.41471600018787], [-81.50140999969624, 34.41475300016523], [-81.50148699968913, 34.41478599977069], [-81.5015960003674, 34.41484500017811], [-81.50178499961497, 34.4149359996322], [-81.5019629998902, 34.41503800030327], [-81.50234899967957, 34.41532800025292], [-81.50257800000843, 34.41549399968978], [-81.50279300009358, 34.415615999780115], [-81.50291299974418, 34.41566000027926], [-81.50307799960063, 34.41570699987739], [-81.50320499982224, 34.415734000123365], [-81.5033789998995, 34.415752000035454], [-81.50388900043576, 34.41577599966522], [-81.50411899969122, 34.415787999848064], [-81.5042929997685, 34.41578499998779], [-81.50451000040178, 34.41575999991285], [-81.50467699990806, 34.4157180003629], [-81.50475399990094, 34.41568399993543], [-81.50478200038836, 34.415656999673324], [-81.504905000412, 34.415457000040256], [-81.50490700006182, 34.41538599982572], [-81.50491499955942, 34.41531500029207], [-81.50491600028265, 34.415243000244075], [-81.5049060002369, 34.415135999770136], [-81.50489500036626, 34.415101999847096], [-81.50486199985596, 34.4150360001315], [-81.50477599964225, 34.41491100004448], [-81.50466799968721, 34.41479800009554], [-81.50463800044831, 34.414772000007034], [-81.50456800012809, 34.4147299999609], [-81.5044700002188, 34.41465800015041], [-81.50432700010367, 34.41457699982625], [-81.5042230003466, 34.414510999696354], [-81.50419200038446, 34.4144859999816], [-81.5041530000264, 34.41442199996637], [-81.50406599998777, 34.41418299993975], [-81.50402099978193, 34.414082999902696], [-81.50398099959895, 34.41402000004768], [-81.50391100017708, 34.413929000337994], [-81.5038219995903, 34.41385099997871], [-81.50378899997834, 34.41382699979652], [-81.50354200010612, 34.413680000105145], [-81.5034779996337, 34.41363099990356], [-81.50333200004386, 34.413552000274315], [-81.50325000002809, 34.41352800000632], [-81.50320599964716, 34.41352500006499], [-81.50307599995081, 34.413538000304094], [-81.50305199966137, 34.413544000185766], [-81.50299300011014, 34.41356100009513], [-81.50292199996503, 34.41360299998722], [-81.50278800007072, 34.413694000051606], [-81.50256399976475, 34.41386499989654], [-81.50239800008337, 34.413952000021524], [-81.50235399970245, 34.413952000021524], [-81.50231299969455, 34.41393899984676], [-81.50219999971665, 34.41388499966923], [-81.5020959999596, 34.41381899973428], [-81.50197600030899, 34.41371500033743], [-81.50189299956999, 34.41363199963569], [-81.50179800003376, 34.41351199982381], [-81.50170000012446, 34.41335200005386], [-81.50162999980427, 34.4131830001173], [-81.50158899979638, 34.413007999919536], [-81.50157799992574, 34.412828999647644], [-81.50158799997148, 34.41268699988396], [-81.501603999865, 34.412617000026565], [-81.50162899997935, 34.41254799985568], [-81.5016819996828, 34.41245000032071], [-81.50175500037604, 34.412360999879766], [-81.5018709998287, 34.41225400016521], [-81.50199800005029, 34.41215600028579], [-81.50213899961729, 34.41207100001753], [-81.5023229997403, 34.411975000168745], [-81.5024430002892, 34.41193099995417], [-81.50257200016065, 34.411912999960784], [-81.50265900019927, 34.411915999959994], [-81.50278899989563, 34.41193300020026], [-81.5028719997363, 34.41195400018714], [-81.50299099956199, 34.411999999892956], [-81.50313500040036, 34.412079999997715], [-81.5034340001511, 34.41228900025313], [-81.50354100028122, 34.41235100018239], [-81.50361599972597, 34.41238699997674], [-81.50369899956665, 34.41241000008429], [-81.50382800033638, 34.41242899971726], [-81.50391500037504, 34.41243399993205], [-81.50395899985764, 34.41243199969795], [-81.50404500007139, 34.412421000262405], [-81.50408600007925, 34.412407999849634], [-81.50420200043021, 34.412357999896585], [-81.5043070000122, 34.412293999735134], [-81.50436899993647, 34.412242999965144], [-81.50442500001297, 34.41218900017482], [-81.50447199986863, 34.41212900036685], [-81.50457999982366, 34.411975000168745], [-81.50461300033395, 34.411909000208745], [-81.50471799991593, 34.41175399985099], [-81.50481300035048, 34.41163400030908], [-81.50484099993957, 34.411607000221665], [-81.50490700006182, 34.411559999801696], [-81.50494600041986, 34.41154399998382], [-81.50502900026055, 34.4115220001366], [-81.50507299974318, 34.411518000365874], [-81.50520400016272, 34.41151699986734], [-81.50533300003417, 34.41153700020151], [-81.50537400004204, 34.41154900025146], [-81.50541000002706, 34.41156899983685], [-81.5054760001493, 34.41161600025177], [-81.5056529997013, 34.41177400012844], [-81.50568799986141, 34.41179599990938], [-81.50576200037956, 34.41183400019104], [-81.50592200021313, 34.41189199996361], [-81.50600500005382, 34.41191399971351], [-81.50613599957506, 34.41192199995796], [-81.50622199978879, 34.41191099971422], [-81.50626399962158, 34.41190199971591], [-81.50630299997965, 34.41188500021041], [-81.5063349997667, 34.41186100020519], [-81.5063849999954, 34.41180199991595], [-81.5064190003306, 34.41173700031541], [-81.50642299963023, 34.4117019999965], [-81.50642099998042, 34.41152399965134], [-81.5064050000869, 34.411280999713576], [-81.50639599986606, 34.41113300023208], [-81.5064059999118, 34.41077800021299], [-81.50641500013263, 34.41067099995563], [-81.506432999676, 34.41060099989322], [-81.50647899970674, 34.41050000025054], [-81.50655999989759, 34.41037400028319], [-81.50663600006558, 34.41024500006704], [-81.5066860002943, 34.41014600028326], [-81.50673200032503, 34.40997200017728], [-81.50674499984552, 34.409866000148234], [-81.50674900004348, 34.409759000206435], [-81.50674099964756, 34.40961599989743], [-81.5067430001957, 34.40950899963584], [-81.50675200041654, 34.40943900008329], [-81.50678199965543, 34.40933399990353], [-81.5068200001886, 34.4092699996516], [-81.50687100024221, 34.40921200028435], [-81.50693099961835, 34.40916000033184], [-81.50704100012153, 34.40910100036083], [-81.50719599993222, 34.40903600014358], [-81.50738699972794, 34.4089480003049], [-81.50751200029971, 34.4088599996325], [-81.50755599978233, 34.408855999734484], [-81.50772700038489, 34.40882699991238], [-81.50798199975468, 34.40877499972053], [-81.50815300035723, 34.40874599987029], [-81.50828399987847, 34.40873899985383], [-81.50837199974202, 34.40873999964443], [-81.50841500029806, 34.40874400028915], [-81.50871400004878, 34.40879800008017], [-81.50879799971437, 34.408818000323265], [-81.50896299957083, 34.408865999849745], [-81.50912499995252, 34.40892000030315], [-81.50923999958026, 34.408970000087976], [-81.50925100034922, 34.40897600029727], [-81.50931099972537, 34.409012000061985], [-81.50937500019778, 34.40905899969031], [-81.50946200023643, 34.40906799999457], [-81.50967300012361, 34.40911500033258], [-81.50988200036099, 34.40916800009855], [-81.51000899968427, 34.40919600001735], [-81.51018100011173, 34.409223000141836], [-81.51044200022764, 34.40924400006802], [-81.51070400016846, 34.40925400013685], [-81.5109669999342, 34.4092470001629], [-81.51122700022519, 34.409219000261224], [-81.51139799992941, 34.40918699972685], [-81.51164999982448, 34.40912799977489], [-81.51194100007763, 34.409053000228035], [-81.51218799994984, 34.40897799987287], [-81.51247199963196, 34.408883999757705], [-81.51250699979208, 34.4088629997412], [-81.51257200008939, 34.408815000213], [-81.5126929995649, 34.408712000314154], [-81.51277899977863, 34.408631000160774], [-81.51300899993238, 34.40837200028755], [-81.5131789998117, 34.408165000215796], [-81.5132569996295, 34.40807899979902], [-81.51356899979905, 34.40778000021302], [-81.51361800020285, 34.40772100000984], [-81.51379200028012, 34.40755999973356], [-81.5138750001208, 34.40747800014123], [-81.51390899955767, 34.40744000010405], [-81.51395399976353, 34.40739199975939], [-81.51400300016734, 34.40729400011275], [-81.51402200043388, 34.40722400018895], [-81.51406900028955, 34.40708700033807], [-81.51415899980292, 34.40688499985648], [-81.51432700003242, 34.40663500033156], [-81.51440099965227, 34.406547000190606], [-81.51453500044488, 34.406405999956995], [-81.5145920003463, 34.40635200010424], [-81.51468299968457, 34.406274999910735], [-81.51475300000476, 34.406204999875456], [-81.51492299988408, 34.40617000020644], [-81.51501199957255, 34.40615999976893], [-81.5150369996869, 34.40612500008108], [-81.51511700005284, 34.406041000177595], [-81.5152140001372, 34.40596799973415], [-81.51525099994714, 34.40594900011592], [-81.51531600024448, 34.40590300004713], [-81.5154030002831, 34.40582299996397], [-81.51549000032173, 34.40570099967134], [-81.5155150004361, 34.40559699981601], [-81.5156140001703, 34.405505999836514], [-81.51569299981301, 34.4054529999739], [-81.51586900043843, 34.405395000183674], [-81.51596499979958, 34.4053510002137], [-81.51602699972386, 34.405295000016395], [-81.51610899973963, 34.40515999963807], [-81.5162119996718, 34.40507799991677], [-81.51634999976405, 34.40502200027786], [-81.51662500012367, 34.40496000010453], [-81.51673800010157, 34.40492400007846], [-81.51685000025456, 34.40487999986081], [-81.5169099996307, 34.40483600036117], [-81.51696200040755, 34.404752999742946], [-81.51702699980656, 34.404524999987174], [-81.5170700003626, 34.404431000056526], [-81.51721400030263, 34.40419400007793], [-81.5173029999911, 34.40408400001303], [-81.5173749999611, 34.40400399967281], [-81.51745399960383, 34.40393200026478], [-81.51757300032783, 34.40384599994353], [-81.51799599992712, 34.403593999786025], [-81.5181480002631, 34.40348899968165], [-81.51822400043109, 34.40341199981789], [-81.51835499995234, 34.403246000120724], [-81.51843100012032, 34.40316900003327], [-81.51862600011398, 34.40300399971319], [-81.5191199998584, 34.402616999949814], [-81.51931200037734, 34.40245100015771], [-81.51938400034736, 34.40237400007984], [-81.51955900024953, 34.40214999998946], [-81.5196339996943, 34.402072999634576], [-81.51971999990802, 34.40200399966067], [-81.5197530004183, 34.40198700036734], [-81.51982899968796, 34.40196799984504], [-81.52022700007122, 34.40199900030484], [-81.52034699972184, 34.401989999981254], [-81.52046200024786, 34.40196500023028], [-81.52106099957425, 34.40178699991966], [-81.52183899989912, 34.40152800035287], [-81.52209599981707, 34.40143499989781], [-81.5226060003533, 34.40125299968059], [-81.52265200038407, 34.401211000258414], [-81.52280800001968, 34.401196999705114], [-81.5280610001532, 34.3998549999629], [-81.52834599966023, 34.39981199994174], [-81.528984000243, 34.399626000302334], [-81.52927899979579, 34.39953100015567], [-81.53067100041396, 34.39903299995509], [-81.534173999729, 34.397759000247845], [-81.53530500023129, 34.397355999638016], [-81.53574799992207, 34.39720799998263], [-81.53582800028802, 34.39720799998263], [-81.53590699993075, 34.397224000318566], [-81.53598399992363, 34.39724500029159], [-81.5360869998558, 34.39729700023751], [-81.53641999994173, 34.39753199988927], [-81.5370590003494, 34.3979989996798], [-81.53729600017589, 34.398151999745984], [-81.5373820003896, 34.39821800018234], [-81.53760599979728, 34.3984499997307], [-81.53782300043055, 34.39871600004449], [-81.53830399975618, 34.39921100019446], [-81.53862400032165, 34.39950399986802], [-81.5389239998973, 34.399722000239585], [-81.53899699969223, 34.3997989997931], [-81.53913399995957, 34.39996299986697], [-81.53921099995247, 34.40003999993989], [-81.53947700009125, 34.40023900022377], [-81.5397900000857, 34.400440999703896], [-81.53989300001786, 34.40049000021982], [-81.5400789997907, 34.40055199999955], [-81.54027200013455, 34.40059299986449], [-81.54039099996022, 34.400599999821324], [-81.54050999978593, 34.400599999821324], [-81.54129899998144, 34.4004949996658], [-81.54185499965013, 34.400462000352086], [-81.54208700035203, 34.40042499998305], [-81.54235900033858, 34.400363999999975], [-81.5425080003015, 34.40032200013159], [-81.54261700008144, 34.40028000024212], [-81.5427190001887, 34.40022999971088], [-81.54281500044817, 34.40016900032686], [-81.54296299968784, 34.40005900015878], [-81.54304899990157, 34.39998900011129], [-81.54311800039687, 34.39990900030297], [-81.54321999960581, 34.39976600020489], [-81.54324600044339, 34.39917200020353], [-81.54332900028407, 34.3986830000292], [-81.54334400035268, 34.398484999664255], [-81.54333000010898, 34.39832300023013], [-81.54325800013896, 34.397928000212964], [-81.54324399989527, 34.397764999778765], [-81.54324499972016, 34.39740299988453], [-81.54329099975091, 34.396380000287465], [-81.54328300025333, 34.39616699980925], [-81.54325899996385, 34.39545700023001], [-81.5432749998574, 34.39535799999601], [-81.54333599995677, 34.39518500021948], [-81.5434220001705, 34.39504200020281], [-81.54352400027773, 34.394949999907354], [-81.54361999963888, 34.394900999853775], [-81.54372199974614, 34.394859000208584], [-81.54387800028006, 34.394839000334876], [-81.5441200001294, 34.39484100024835], [-81.54441200020746, 34.3949080002868], [-81.54457100021611, 34.394929000099715], [-81.54473000022476, 34.394933999877935], [-81.54488900023344, 34.39492800014406], [-81.54500499968606, 34.39491100015447], [-81.54512100003701, 34.394877000164996], [-81.54518700015925, 34.394844000118425], [-81.54527599984772, 34.394775000113746], [-81.54536799990922, 34.39463400005617], [-81.54547599986425, 34.39438900005887], [-81.54560700028382, 34.39420999997654], [-81.54565999998727, 34.39416000026611], [-81.54582200036897, 34.394063999878554], [-81.54599700027116, 34.39398600027015], [-81.54614899970882, 34.393941000263446], [-81.54639099955816, 34.393899000136514], [-81.5465069999091, 34.39387100028727], [-81.54660900001635, 34.3938290001252], [-81.54666500009284, 34.39378799991134], [-81.54675399978132, 34.393686000015485], [-81.54689199987357, 34.39343800028781], [-81.54695399979785, 34.39334899963549], [-81.5471119999816, 34.3932030002594], [-81.54757399993896, 34.392835000021655], [-81.54776200025994, 34.392667000132626], [-81.54787400041293, 34.39252900018332], [-81.5480839995769, 34.392209000134415], [-81.54815600044523, 34.392132000268965], [-81.54822199966915, 34.39209099996513], [-81.5482590003774, 34.392079000089375], [-81.54829799983715, 34.392077000109914], [-81.54846799971646, 34.392081000068785], [-81.54853700021174, 34.39206500023215], [-81.54858599971722, 34.39201799995307], [-81.5486689995579, 34.391894000304475], [-81.54871799996171, 34.391848999914274], [-81.54875399994671, 34.391840999974164], [-81.54888399964305, 34.391845999936855], [-81.54891700015335, 34.39183500001859], [-81.54898300027558, 34.39178199965098], [-81.5490350001541, 34.39162499981956], [-81.54907100013912, 34.39156700008124], [-81.54912100036782, 34.39155900011417], [-81.54918400011702, 34.39156100010601], [-81.54925299971399, 34.39158899998671], [-81.54940599987488, 34.39166199963166], [-81.54948299986778, 34.391689000225476], [-81.54952200022582, 34.39169500019158], [-81.5496119997392, 34.391689000225476], [-81.54985299976364, 34.391596999950906], [-81.54995599969578, 34.391542000181595], [-81.55001199977228, 34.39149700034348], [-81.5500550003283, 34.391441999767224], [-81.55010999968158, 34.39128000004319], [-81.55013899999389, 34.39122200006582], [-81.55021199978883, 34.39113600002533], [-81.55030399985034, 34.39107599994479], [-81.55041699982824, 34.39104999989654], [-81.55057900020995, 34.39103899987366], [-81.55067399974618, 34.39104499988631], [-81.55093700041023, 34.39106199991981], [-81.55105600023592, 34.39106099991791], [-81.55113200040391, 34.39104099987793], [-81.55119799962782, 34.390999999780995], [-81.55126799994802, 34.39092000027538], [-81.55131300015388, 34.390828999901544], [-81.55132300019962, 34.390763000309775], [-81.5513220003747, 34.39058999993114], [-81.55134099974296, 34.3905270001758], [-81.55135800035971, 34.39050199996555], [-81.55140699986521, 34.390452000263984], [-81.55146299994169, 34.390410999878604], [-81.55170099959308, 34.39027499993892], [-81.55181600011912, 34.3901840003465], [-81.55190200033284, 34.39007100035646], [-81.55196699973185, 34.38991400028107], [-81.55198900037146, 34.38978499965417], [-81.55199500021926, 34.38965000019877], [-81.55198099997554, 34.389520999906296], [-81.55191999987619, 34.389293000161665], [-81.55190599963248, 34.38919400004991], [-81.55189800013488, 34.388996000216515], [-81.55191999987619, 34.38883100012116], [-81.55199199984621, 34.388643999768156], [-81.55219100003784, 34.388247999996594], [-81.55221399960405, 34.38818399992501], [-81.55222700002285, 34.38808499998442], [-81.55224999958907, 34.38802199982644], [-81.55231700043453, 34.38792299969427], [-81.55242700003939, 34.38776299991454], [-81.55247300007015, 34.38767199981538], [-81.5526160001853, 34.38729199990454], [-81.55275000007958, 34.386911999751476]]]}, "properties": {"GEOID": "45071950100", "STATE": "45", "COUNTY": "071", "TRACT": "950100", "NAME": "Census Tract 9501", "BASENAME": "9501"}}, {"type": "Feature", "geometry": {"type": "Polygon", "coordinates": [[[-81.39930099956517, 34.089357999774215], [-81.39905799989093, 34.089040000278715], [-81.39823400043363, 34.08840999998277], [-81.39769100028542, 34.08735200031771], [-81.39739099981146, 34.08676199996592], [-81.397013000418, 34.085978999972205], [-81.39649899968379, 34.085541999904954], [-81.39644900035339, 34.08553100006653], [-81.39626199985732, 34.085488999791096], [-81.39579999989996, 34.08538799980519], [-81.39507199980382, 34.08536199966409], [-81.39438300006573, 34.085119000219876], [-81.39334600017311, 34.08411699967355], [-81.39221899986879, 34.082986000054944], [-81.39186200039173, 34.08262900008373], [-81.39111500002902, 34.08205499964446], [-81.38981399964743, 34.08144300033452], [-81.3896699997074, 34.08137499964221], [-81.38856400021778, 34.08022700019408], [-81.38823500032981, 34.079347000245605], [-81.3883330002391, 34.07828999969261], [-81.38895599985494, 34.077168999798666], [-81.3893059996593, 34.076513999865156], [-81.38948999978231, 34.07616899973791], [-81.3897629995938, 34.07543599964281], [-81.39013900023575, 34.075255000204066], [-81.39033599987924, 34.07516200023922], [-81.3924029999918, 34.07431800007466], [-81.39279200015424, 34.0740040001188], [-81.39331699986077, 34.07310100025684], [-81.39370600002322, 34.072092999925765], [-81.3937110000461, 34.07208399998173], [-81.39372799976452, 34.07205900029752], [-81.39373399961231, 34.07205099968268], [-81.39380300010761, 34.071948999962366], [-81.39401200034496, 34.07164600030964], [-81.39408299959176, 34.071545000184535], [-81.39188800033101, 34.07023300034934], [-81.38887600038731, 34.069265000059175], [-81.37772999988769, 34.06743300012221], [-81.37745799990113, 34.06738900028164], [-81.3748230004243, 34.06646200015544], [-81.37205099978182, 34.06575099976805], [-81.37177200012256, 34.06568000016051], [-81.37002200020241, 34.06537799982377], [-81.36836299962054, 34.06541000033426], [-81.36116100027355, 34.06703200005392], [-81.35713300035364, 34.06774900013245], [-81.35289500037145, 34.06823499977432], [-81.34985999996323, 34.068294000251555], [-81.34768400007071, 34.06787900026073], [-81.34473400005132, 34.08023500003667], [-81.34440799963808, 34.08140600009588], [-81.34443199992752, 34.08244199992336], [-81.34478000008207, 34.08304599987732], [-81.34564399972233, 34.083725999853506], [-81.34768999991849, 34.08489699999869], [-81.34882300007058, 34.08605200024539], [-81.35000599955308, 34.08740900033566], [-81.35148400038499, 34.089701999867415], [-81.35261400016404, 34.09217599989704], [-81.35365799972938, 34.095323000189694], [-81.35467999955338, 34.0976530001893], [-81.35642899964863, 34.10144100023909], [-81.35748499980782, 34.10394799983863], [-81.35763600031889, 34.10457599964974], [-81.35767899997657, 34.10475599994429], [-81.3577850002818, 34.105451000029205], [-81.35776000016745, 34.10576399972374], [-81.35773699970291, 34.10607499965403], [-81.35742500043168, 34.10682199982892], [-81.35709099962253, 34.1073110003294], [-81.35670999985602, 34.10852899973335], [-81.35589399989632, 34.10996099994356], [-81.35489999966141, 34.111815999741424], [-81.3542379996875, 34.11324699975575], [-81.35375800018679, 34.11493500014978], [-81.35354999977433, 34.11612700023539], [-81.35374200029328, 34.11739600029405], [-81.35442500018357, 34.11910600030956], [-81.3551740001961, 34.11984300035384], [-81.35622000030958, 34.12121000019422], [-81.35747700031023, 34.12216099986326], [-81.35856199988342, 34.1227500000984], [-81.35993900043299, 34.12338999972777], [-81.36037100025312, 34.12359100013161], [-81.36179599958496, 34.124240999897765], [-81.3628190001322, 34.125130000351184], [-81.3647759997416, 34.127636999871584], [-81.36585600019023, 34.12918899971812], [-81.3671779995899, 34.131533000369785], [-81.36810700042581, 34.132737999818524], [-81.36927099964173, 34.13469399966158], [-81.37044899999968, 34.13636700003328], [-81.37145900012811, 34.1377330003177], [-81.37237999966979, 34.13919799984469], [-81.37291199994736, 34.13969099984233], [-81.37309500024546, 34.13986000028345], [-81.37351399964679, 34.1401749997988], [-81.37359200036292, 34.14011600035189], [-81.37385400030374, 34.13989600022381], [-81.3740989996278, 34.13966299998736], [-81.37425199978868, 34.13950100006025], [-81.37437300016252, 34.139360999634384], [-81.37448799979025, 34.13921899966646], [-81.37463799957806, 34.13902200010654], [-81.3747589999519, 34.13888199963055], [-81.37494499972473, 34.13869799971444], [-81.37512100035013, 34.138549999911405], [-81.37522500010722, 34.13845799964197], [-81.37537400007011, 34.13833899975909], [-81.37552999970573, 34.13822599994009], [-81.3756610001253, 34.138139000259486], [-81.37592999973882, 34.13798199984853], [-81.37620400027352, 34.13784800013842], [-81.37648100028296, 34.137641999947775], [-81.37677599983573, 34.1374459997333], [-81.37707499958648, 34.13727000006378], [-81.37739099995397, 34.1371059999066], [-81.37760699986404, 34.13700499981918], [-81.38142999974454, 34.135312000209574], [-81.38557599966522, 34.133477000194866], [-81.3857499997425, 34.13336100027855], [-81.3859459995611, 34.13319399967718], [-81.38609500042232, 34.133013000318], [-81.38613200023224, 34.13295200013031], [-81.38622500011866, 34.132737999818524], [-81.38624000018726, 34.132648000123204], [-81.38624799968488, 34.132475999810964], [-81.38624100001218, 34.13230399989229], [-81.38622299957052, 34.13216699977146], [-81.38588199998698, 34.13063800029967], [-81.38551399974095, 34.1289100003108], [-81.38543000007537, 34.12860900035207], [-81.38535800010534, 34.12830500034102], [-81.38530000037902, 34.12799899966126], [-81.38524500012744, 34.12762399997151], [-81.3852080003175, 34.12721199981435], [-81.38519800027177, 34.127005999726485], [-81.38519400007381, 34.12673099976176], [-81.3852429995793, 34.12512200029007], [-81.38529399963292, 34.12287399997736], [-81.38528399958717, 34.122667999730695], [-81.38525199980012, 34.1223940000112], [-81.38521300034039, 34.12219100002361], [-81.38515300006593, 34.12195500011047], [-81.38505299960849, 34.121656999890504], [-81.38498599966134, 34.121494999659674], [-81.3849260002852, 34.12136600028678], [-81.38480599973629, 34.12113900023793], [-81.38358399989573, 34.118656999974604], [-81.38339999977272, 34.118294000071224], [-81.38323300026646, 34.11799600033605], [-81.38308699977827, 34.11779699983577], [-81.38251799969078, 34.1172149998336], [-81.38239100036749, 34.11707999963651], [-81.38212100003076, 34.11677500027087], [-81.38185300024216, 34.116449999833875], [-81.3809540004418, 34.115609000175816], [-81.38079200006008, 34.11550299964049], [-81.38064300009717, 34.115382999856365], [-81.3805889996705, 34.115331000145005], [-81.38042299998914, 34.11514999972745], [-81.38027800022418, 34.11494599988548], [-81.38021799994974, 34.11482600005487], [-81.38010499997183, 34.11453100021228], [-81.38005999976599, 34.114426000133484], [-81.37993400026761, 34.11424100020875], [-81.37972500003023, 34.11377000030248], [-81.37961500042537, 34.113535000274894], [-81.37950999994507, 34.11333599969031], [-81.37941200003579, 34.113173000290416], [-81.37923999960833, 34.11291800002874], [-81.37910200041439, 34.112730999844025], [-81.3789059996975, 34.11248800013586], [-81.37875000006187, 34.11230999987601], [-81.3786310002362, 34.112156000134554], [-81.37850300018967, 34.11196400023799], [-81.37840799975511, 34.11179899972308], [-81.37832400008953, 34.11163100005812], [-81.37826499964, 34.11149300029624], [-81.37817699977643, 34.11123899979025], [-81.3777240000399, 34.11013400031713], [-81.37764100019923, 34.1099109998772], [-81.37760100001627, 34.1097679998961], [-81.3775690002292, 34.10962499967327], [-81.37754599976466, 34.10947999993909], [-81.37753099969605, 34.1093340003198], [-81.37745200005334, 34.10682599998136], [-81.37766600031358, 34.106855999631186], [-81.37784100021578, 34.1068700001583], [-81.3780610003238, 34.106872999899075], [-81.3782799997086, 34.10686199985738], [-81.3784970003419, 34.1068349999518], [-81.37871099970381, 34.10679400024405], [-81.3788789999333, 34.10675099969469], [-81.37908300014782, 34.106683999660035], [-81.37924100033156, 34.10662099973441], [-81.3793939995941, 34.106548999762026], [-81.3795409999072, 34.1064690001341], [-81.37968200037253, 34.10638100008406], [-81.3797850003047, 34.10630800023512], [-81.38042899983692, 34.10581699978784], [-81.38072099991498, 34.10559399986932], [-81.38084399993862, 34.10564400025574], [-81.38092599995437, 34.10567099979756], [-81.38100100029746, 34.10570900026759], [-81.38106800024461, 34.10575699974084], [-81.3811240003211, 34.10581300033151], [-81.3811669999788, 34.10587600011491], [-81.38119799994097, 34.1059450001427], [-81.38121700020753, 34.106046999821956], [-81.38116000030611, 34.10618500028608], [-81.38112900034398, 34.10630100029727], [-81.38209400026659, 34.10659999999676], [-81.3835660003524, 34.10600099986515], [-81.38407799964016, 34.10566700033428], [-81.38441300027422, 34.105451000029205], [-81.38515499971577, 34.10434300024947], [-81.38564000013764, 34.10346400000169], [-81.38634800014229, 34.101959999752076], [-81.38704899957595, 34.10055299970531], [-81.3883540001555, 34.099578000331306], [-81.39080399968438, 34.09822699976565], [-81.39371199987099, 34.09646800016437], [-81.39519200035274, 34.095296000321696], [-81.39700599984698, 34.093045000075556], [-81.39930099956517, 34.089357999774215]]]}, "properties": {"GEOID": "45063021205", "STATE": "45", "COUNTY": "063", "TRACT": "021205", "NAME": "Census Tract 212.05", "BASENAME": "212.05"}}]}